x_pos,y_pos,radius_i,inhibited
1.4306699114639092,12.239913159896295,1.4546019852467584,1
-1.3026017719290213,3.637427434478595,1.337908816025947,1
2.4314294263920817,-3.626898295831469,1.1543047062360408,1
-2.3056250639294604,1.8232173582457651,1.061002265054882,1
3.0554934313174544,6.28817955101398,1.1125022653111976,1
-2.854771090551979,-1.5059663522981481,1.1222816620760692,1
1.9794990933482997,0.10690032347689858,1.157235303811226,1
-1.5089902213278577,0.03175062481199229,1.208404706827903,1
-0.7651812627821024,6.833860243467684,0.9574306173800524,1
0.15318283900522148,4.7876600045452165,0.9532626487067092,1
3.45133065125268,-1.6859096621308558,1.372659298000434,1
-0.6020017085794189,8.269818692942435,1.160853412434685,1
-0.7952062112622582,-2.1047033961125754,1.095334681508851,1
1.2705164882198434,3.251244320918451,1.055095164642311,1
6.6104286678409965,-1.7514261662485735,0.9453835200594385,1
-7.363860002716997,-0.5959636612132958,0.9950684852423748,1
-3.090489250795061,7.4465200939038105,1.2912547036419162,1
0.22893871574962263,1.6794409440027818,1.2551185524264703,1
6.9594405775839885,5.611536694055994,1.0419429741066892,1
-1.7009263292139054,-7.044421206720925,1.1446271755325863,1
-11.009882652417698,4.386599480604251,0.999248709716925,1
0.10305027351261856,-6.046544426915457,1.3627089955128209,1
-9.487296551074317,-3.80366267255052,0.9548488839230042,1
-5.266586002549174,8.503869752976886,1.0135672392037283,1
-1.1772934437406126,11.94346734461475,1.1136614995068461,1
-3.7011933117598366,3.4348640575802927,1.1595109856342085,1
-7.164399359490797,-3.8579287899547996,1.5201602207577098,1
-9.36947265684042,0.9811297539591137,1.4110665721246776,1
1.0763756708709489,-1.9500093489408745,1.1833522639709289,1
-2.021474415025014,9.553488085408155,1.0907787984264916,1
8.315466841493272,-10.48424521823923,0.9675649619767837,1
3.913125250951722,0.770556099238405,1.0873539946481945,1
-5.010977796285066,6.569644832510168,1.0542349312760175,1
-4.0347074343579665,-6.141239272845951,1.0440125466586188,1
0.04699928014933126,-0.4543263747768688,0.8778295263998205,1
-0.26523624766443976,10.239285033463618,0.9640618873187649,1
3.8017195498570078,3.2432251798953695,1.0903073700981245,1
20.835267089648376,6.23631827636643,1.1076224941132655,1
0.38169112363698804,-7.861697770433595,0.9508273137879119,1
-11.33648390232089,2.3641281740869027,1.2066578576729319,1
-2.826351268844151,-3.573224183326042,1.0057496000816946,1
4.333179533767857,13.2912936955639,1.0896449462420934,1
-3.2344299929668536,5.257322986528714,1.089151045539583,1
-5.3415054899875,4.720816583888394,1.1403820720097515,1
2.5729801995477,1.963525481794293,1.0700090442789152,1
7.060336306877308,-3.0277431001463895,1.1063781363734222,1
-4.835366800739791,-4.212752680912088,1.117907751979318,1
-5.095617192571304,-0.38315603626503414,1.1961421522490778,1
3.0552100363740258,9.597098910492958,1.1357594801603725,1
-2.9563468768441994,10.923492824249811,1.0200213470251824,1
4.492941286194646,9.149193202403152,0.8810362071941622,1
2.368763719526307,-8.585201840611177,1.123403885662919,1
-4.274056986641224,-2.53476389812175,1.0343885524401983,1
-4.5337276619412865,12.217088242875445,0.9919636764941766,1
4.596057459717254,-4.688768368504966,1.2241191698259781,1
16.208769924954815,-2.723109807440044,1.0522118121274888,1
-1.5457541026891075,16.23041807823573,0.9853277199621348,1
6.949981602962736,1.733357099343897,1.0694153512776763,1
-7.244155713683585,-10.384277315903141,1.071807548662975,1
10.91002220026123,1.3476995229651898,1.3150608657568335,1
-9.350946209873438,8.18933798504444,1.2841072586092086,1
-13.839480339356925,-4.801157233716309,1.0122186984779324,1
-11.935248891255315,-4.8386144153737884,1.1255195932717812,1
8.632201120760508,8.624367907402286,0.8365244679528814,1
-5.675722593271614,2.8826225158256507,0.7995651539955052,1
4.001523252907308,-7.187484117909323,1.2051176157296408,1
8.635931222359664,-13.726773884884063,0.9363011487923178,1
-7.903251501189501,10.697404783792875,0.8394409081683069,1
-12.892424759185433,7.7510516536645255,0.9898960315234013,1
9.027249124177867,-6.297056706133836,0.9062430478042439,1
5.025543942765083,-2.8482178140169925,1.0050176535120858,1
-6.985137458638389,9.216036623059974,1.1053663091569783,1
0.6803705316855451,-9.364047054514389,0.9574437783544536,1
-3.459147018990769,0.570257932478547,0.9777102529428903,1
2.5484054125415074,-6.104911326836808,1.1619817610028085,1
0.9414429450067734,9.598054544604528,0.9542508884274057,1
2.211204227978057,4.677547405338219,1.1072479324301912,1
4.959543086234206,-11.418587015328008,1.0931351958708395,1
-19.247324251630907,-3.0079539295572006,0.9535094742792527,1
3.2433324382725646,11.716958752025153,0.9601064709103073,1
-5.974130721203894,-1.895637632689694,1.0129305138095221,1
5.131991572797164,5.8575944944008596,0.9077788827682525,1
-13.083325036824023,3.311723288262488,1.080310285288429,1
-3.7485486470618246,-10.203116454236651,0.9854492026727505,1
-10.043603745851044,-5.2639193767251005,0.9526755616716673,1
13.10966587632012,-5.245119664665357,0.9392269041181318,1
14.007785453868763,-0.25332945328717377,0.9885390995864871,1
14.424010962931009,-1.8145809031567932,0.992334531587316,1
4.038117013155554,7.535169142640737,0.9581042269384857,1
-1.7525155309920173,14.34088769663889,1.0708601362697092,1
-1.6742991424137843,5.858440185451696,0.8834813605934811,1
4.805811450671859,15.446016299191724,1.152656250341608,1
-1.2992689890170552,-4.252912639290605,1.1306043202784173,1
-14.807011307998835,-6.775058136574085,1.227598154048196,1
-9.437188791403312,3.3626151641592323,0.9980979895652362,1
9.387110462368126,-0.11258584623342388,1.135257893111046,1
-6.082751279771224,-6.036796428069668,1.1438309728079592,1
-11.443722161488461,-0.3759942411946501,1.4288409433985996,1
8.006886888678462,6.95410301333343,1.1529519222762965,1
6.6105654178832385,9.207858970532802,1.3864079544380066,1
7.4142132397664104,-0.3563344115896904,1.046436926878755,1
7.465495719820815,-8.827588065280688,1.0937736172565224,1
6.120350703890683,-10.292842352703545,1.0283604434306481,1
-14.878629258702588,4.629304757989159,1.1302063667541329,1
-9.399856029866251,6.578441878886228,0.9772964580594042,1
5.73739360637763,7.324924846977244,1.0766058429755057,1
-3.964752283166364,9.48544821485366,0.9584802949494713,1
-6.196942123393294,12.523857564730436,1.0468992233596015,1
6.916437276296653,16.037779053426135,1.0669823620318493,1
0.3481428159209786,-3.8295709751307077,0.8778295263998205,1
5.832731177506738,-8.506468003779824,0.918462622380276,1
13.159798441812752,18.370946696966673,1.0737769527720376,1
-7.484075848541138,4.121613063000411,1.1504228710600408,1
9.998897702278066,-15.454000591475031,1.1414536594418492,1
-2.4354942289995893,-10.124745828205482,0.9279601990647891,1
8.24462734677545,4.183162982953051,1.2084505875626872,1
5.010199685512454,-12.945817979344246,0.9138302279328737,1
-5.353441815104787,10.590504460315977,1.0876019603667124,1
7.937656202998158,-3.8852738256780506,0.7736932922572446,1
1.8603881725776956,8.052543332252089,1.1801342016359535,1
1.5484494019091384,-5.0011277027718615,0.824440792881892,1
4.089761921766357,-9.432837980848243,1.2304949993999752,1
-4.645759353066111,1.6590480360057684,1.0667762618009002,1
9.68679900340955,-11.817433036845902,1.2971005196454393,1
3.671165993886662,-13.624569101067241,1.0463706958169676,1
9.936157893275666,17.182062417383424,0.913051507000268,1
-8.40054689104669,12.548181142802774,1.2088523606039994,1
-4.941638598558246,16.388574386039835,0.9640618873187649,1
-5.6257917684852226,-9.145662740044505,1.2031900642230722,1
-1.1279827235839501,-9.251315095073299,1.0855638353988093,1
4.307442798247494,4.775786502191703,0.8675314905504888,1
9.044076532821862,-2.4015116050497105,1.156281058867928,1
-12.859003048857021,-7.447324531732631,1.369808748718033,1
-11.848294719550452,11.382778039976145,1.0788226763168511,1
5.979352863442689,3.4701135176922913,1.3799598959810662,1
-16.413685711522426,0.7307057894914968,1.0714653771519875,1
7.080230182072788,-11.882611654262677,1.167860192589612,1
-17.411425630706102,-0.7905519943067089,0.7552788018661527,1
0.8905126765136524,6.369914132987733,1.0986199187191252,1
-6.9364454841082095,1.4477939172437546,1.3617867695219794,1
15.526633985743189,1.0363943827801185,1.0696945693861222,1
-16.044978741592107,-1.4093389584915046,0.9906383559697861,1
-7.09375801720572,11.42521167576811,0.7920773906266468,1
-8.151875144198899,-5.613247359678986,1.002217802772192,1
5.541828163695051,-0.3759942411946501,1.1786533800581667,1
-4.369700863022469,14.255392148364962,1.3471571583427613,1
16.12787419427356,-0.9798637800830197,0.9570278040589572,1
6.4503900933837786,13.080421879782758,1.1217913191003197,1
-9.796253059342778,19.33309923910165,0.9760766129948288,1
5.084874499965756,1.5218814524545319,0.7759254035374932,1
-9.454879577358158,5.224180147980959,0.9610784957535852,1
-17.430707386664807,6.864305121297194,0.8145766730332897,1
4.355266627171363,16.888408000326365,0.6387179028928155,1
5.836862982355056,-6.205695428479322,1.199618765046452,1
9.737111470452975,7.626986213809041,1.0809679382237516,1
9.551298154791866,3.310838179408456,1.021510089476945,1
2.974532219228789,-11.62239976670574,1.1056367331476686,1
8.337263609098759,12.244334202382294,0.983176914272318,1
19.433430053107518,-5.0467959416690285,1.212412180890198,1
-7.601998508751593,7.152534128472943,0.7928914902573762,1
-2.711116370719307,-5.290304937510677,0.9089503705976769,1
-7.165133195195238,5.82684860789222,1.067928494872788,1
9.674776550309659,-9.355383592735713,1.1435885881167802,1
6.149325170506044,14.582916429990341,0.7954214684681223,1
-11.46018219706296,6.660906110269463,1.283749038068535,1
-7.13329919562244,16.831479294793375,1.1824590586583479,1
-0.030383373025831172,15.396774280839498,1.1182807855465218,1
10.853700429152221,-5.740178748904985,0.8027501243206119,1
-16.88783831208213,-6.601547374187289,1.0684047116014355,1
10.994498272663416,-2.743957972973732,0.9667532752265511,1
-16.608918947705007,-8.056303274664032,0.7193013751175186,1
12.028758854479255,14.627093041596757,0.9412662085471876,1
5.121689345411769,11.205191674853294,1.357986754056716,1
-5.3180749258683635,-11.454672294502046,1.279546467818346,1
11.68446865731566,-4.615776922856227,0.8548563387371073,1
-6.472472294850758,7.627311749948619,0.7543247287282524,1
4.652928734783795,-18.936793293501385,1.1497910404694907,1
3.0745362431020866,14.855689133867788,1.1682350728701103,1
-21.574290253375786,-8.353986991140893,1.0889324345551363,1
-18.148600081078346,-9.607722764835662,0.9104081717755733,1
8.657894060575467,15.556135072359975,1.0397599148089518,1
-10.60496577728499,9.867438611864733,1.0204104072350104,1
14.100811351469297,-3.552426464620494,1.1016357431037886,1
-7.565217462902283,18.72237991083431,1.0076901573028145,1
-13.062318453354873,1.434348401594393,1.0287665600517035,1
15.955068760189134,-4.249874301988025,0.8616653862742804,1
1.2051097474187393,-16.405560694860572,0.9216991699459256,1
-13.078701644692325,-9.834829759875753,0.8778991429782318,1
-14.631221792635102,-2.732875891626913,1.2408529679537352,1
-8.832317552591315,-9.01203807039505,1.044484964336862,1
10.601446091673505,-7.625322362429071,1.1059703264116951,1
-3.431827587233578,-8.115561093650806,1.3350355083171732,1
10.384813493074185,5.321424378319581,1.3003159510598172,1
-3.2826163894369924,16.082420344999537,0.9522002719296384,1
-12.953697894787544,15.543880445239559,0.9671254507429592,1
-18.472233204498465,3.8286725420573453,1.115682372784929,1
-6.365516539523475,-14.006774943030189,1.3882828454866558,1
-7.016280415989866,14.74808926673804,1.4812789230876844,1
-11.046366759280746,-6.588500396358533,1.0477137648539725,1
10.527838753450201,-1.1593155770168377,0.9858186738245847,1
-5.407155278132582,-7.305030971781765,0.7823025168197808,1
7.110219456621231,-13.75839623873957,1.1772140473619963,1
14.718607900098906,15.90142311719041,0.8378711713613077,1
18.356231672682416,2.9211860277430595,0.789710239964521,1
1.5919756169730899,-10.48250611444092,0.996539501385948,1
-14.535886208906097,-8.693907658643633,1.061413996694504,1
-13.805445118611658,-17.618558433353343,0.8837576789729339,1
12.898691329872033,-7.822769073744257,0.716170203642028,1
-12.719745922488634,-1.8966820611374702,0.953174575654094,1
-8.050133112757258,2.7572911020941007,0.7543247287282524,1
-7.379808537957753,-7.7889787416107525,1.1750903469898264,1
7.711180139588534,19.34061605583708,0.9060854793656701,1
9.131602828546091,9.936362432506572,1.1003169791642147,1
0.3258616757020187,13.59428067608213,0.9755358716598455,1
-8.756108313881459,-1.7375491449146578,1.341751138979044,1
-16.87614731854828,8.54978209325225,1.1758206425589333,1
0.9045658556277002,-12.026366526327438,0.9819698279191277,1
-4.65705147865654,27.02541063464001,0.9179965571457377,1
15.679281220416232,-7.118181574753422,0.9353352022265433,1
-11.125006077700526,-16.1087728825551,1.1436261197895414,1
24.056035593201152,4.644858151323802,1.1939749790636316,1
-3.5741061777928094,20.5586736248615,0.7784858358201281,1
14.930785809758573,8.413552295717972,0.9926198813395878,1
-14.55140931152169,12.289681500504072,1.3530791939836646,1
-14.026674053455983,6.026352143592021,1.0016888146279652,1
4.736483010604838,18.225276413462907,0.9891789062874954,1
1.6876819136727954,-13.589015612126275,1.2082433283590488,1
-4.445578969419101,19.52221079771438,0.8494174763584303,1
-13.85608407365471,-0.5765245031651187,0.9233293100887285,1
-4.633084594276303,-15.282077047667007,1.1420441072671017,1
19.75376547446452,18.38279327527858,1.0038174324492395,1
7.358744434809588,-7.20527739758726,0.98296638206304,1
-2.848048332727284,-12.057746355552577,1.0857495413456204,1
-10.756704813307817,24.172615274485032,1.0077812026272976,1
-9.226985114374447,-7.08338576227621,1.1041258995314323,1
-15.92043171493969,-4.911320332760347,1.2212956767467413,1
-17.433758297417768,-11.205262977037181,1.2775888141038758,1
-21.69768127928038,-5.077201148104642,1.0649268861914585,1
-5.492973339751722,-18.700311283324726,0.7996813970304263,1
11.72121177985061,6.737017587395923,1.1894300688181847,1
5.413620787571106,-23.530972928098517,1.198634307779692,1
-3.7129431317971693,28.027237395717872,0.8844908346777525,1
11.37591465303369,9.065638926582109,1.1001227794152215,1
12.39261827291055,-1.0786097424169638,1.1378505530377663,1
-2.4680647627135914,17.556038800396355,0.786668107393136,1
-25.743072380460386,-5.71824575150197,1.2736350931453584,1
-0.304376290490895,-17.596132610405704,1.1423223947857255,1
11.97075682435959,-8.98851190274732,0.9302605647730916,1
-1.703032739528699,21.05322002819979,1.0406572394017752,1
7.942612812580761,17.603752976158557,1.1345281432661187,1
14.012052055187286,-6.8041031943594685,0.9990248521643028,1
-14.888052673268877,0.36719905426613425,1.0503823798508707,1
-11.199615131051297,19.702098238599667,1.0443955351159493,1
-9.070036520046395,15.90389676351405,1.0800406660037116,1
14.171908726286405,-13.850303589163941,1.0748374226509867,1
-13.90314337842746,22.140442501611396,1.098512528697607,1
8.583180366196153,1.5241917089288604,1.1326209167806305,1
10.419218194882871,15.282077047667007,0.9417146525859816,1
-20.01960448671959,-9.491765733269391,0.8628156928677467,1
13.140516685854047,2.8633407598669463,0.7759254035374932,1
-9.68835475581436,-17.165674193911727,1.0363529962141598,1
14.257295145840367,1.649632391547688,0.9306312555304258,1
-15.791758130175303,6.780429482876845,0.9277929920997962,1
-19.80098610130213,16.203561346721816,1.3546894693287388,1
-9.80433468327262,14.122571574568758,0.9181370706182843,1
-18.300843883506918,-7.925368809495077,1.0003595308828708,1
13.813967284216456,-8.62952636497964,0.9454614901916728,1
9.007150933507381,-7.7037042306992785,0.8518321839167803,1
6.893227755235251,-4.734293079988548,0.7582688495418148,1
17.89874472705852,-2.0833391603301172,1.056043445875492,1
1.4820937020635727,16.434330298989437,1.161922658404106,1
-20.92543113576762,-3.2070097043072994,1.0158666547184338,1
-0.2995208362059217,-14.179443841662644,1.105779612267844,1
7.168956865444667,11.073030403182432,0.9286066755429226,1
11.532947542003217,3.108710556282558,1.009103597538175,1
12.77151680711502,1.211536999404993,1.0508559059550524,1
12.099703567333401,-6.710452776876751,0.9890869050523013,1
0.4476121918984051,-25.544588345652862,1.0318065238695155,1
12.519808244034634,4.59992954653029,0.9775442242852447,1
0.2836447784450914,24.096613387439596,1.0560535508166764,1
-21.06112669880177,-6.582623816857058,0.9740681855060737,1
11.189472030591167,13.113163497168465,0.9613770549237405,1
-4.233132443381951,-13.262109799960962,1.0129492513131435,1
21.08616352645674,-0.9247425932084575,0.889869692458637,1
12.539977632085808,-14.476917662482496,1.0930804402194236,1
-0.26673095742867753,22.344341530140184,0.956931353821889,1
16.082420344999537,14.76510718790621,1.0036354971748893,1
17.648941806379174,-9.574560424764789,0.867423000934597,1
15.89999889657981,10.302811896977651,1.3448122676724088,1
8.07297780188222,-16.132332624011028,1.377282431381188,1
-0.9688317220200848,-16.048389120197047,1.1233809263874537,1
-4.073270946275375,17.836938926976497,1.0155007678361339,1
-16.681932530268632,-3.126858091302525,0.8375491793155546,1
-12.359386458663522,17.700213748360273,1.3326210662637559,1
-11.366595137653643,25.75078508284387,0.8988281934528662,1
6.320284149605296,19.00561366800576,0.8124804927481355,1
-8.929381184473979,-15.122681198408403,1.161995045118091,1
-10.129463902660644,12.134766522365444,1.094863704302024,1
-15.729092423309528,-14.822088771304895,1.234630849607843,1
0.8343491256986028,18.40939422839711,0.8580819634498578,1
-13.507308270795683,-11.450733709109784,0.9438936048881595,1
10.187653487607415,11.27018635786015,1.3668201983571373,1
2.740737896506923,18.551413975924703,1.0313159802939385,1
-10.507624009299942,-14.25948052358635,0.8423929218621244,1
5.429250177817785,-15.167767687341627,1.3909291983340384,1
1.2282478545691844,19.61018853519653,1.0042722342642378,1
17.351652187234144,-6.106532112120283,1.175768933798408,1
-10.97346155782906,-2.8199568089598754,1.2066655591643218,1
-14.574498235166127,8.180879266175847,1.2258610525098026,1
19.027774140457137,-0.26093589416239993,1.1026597429372862,1
21.339762044691916,-8.413915575178072,1.3489927848280339,1
17.99759101185057,6.652591440870666,1.035940806993685,1
-12.775060148497298,5.138587962993551,0.905022632436201,1
12.079476960070387,-12.407809959423451,1.180486137483745,1
24.233197466800277,-2.425531477510574,1.041755809357747,1
-6.893227755235251,21.36900604122928,0.8999506454881262,1
17.31060492370171,4.556540380579228,1.1003407417631308,1
-14.967463062940876,-10.576043143346963,1.0377236022648566,1
15.46784967131064,12.889603445975913,1.2462657806091344,1
-1.0026513098524001,18.86975020270013,1.1681837025067507,1
-4.90932318177731,-20.759161723194065,1.2705602761965065,1
-23.429378524543402,-8.959297120991714,1.188259345437632,1
-8.349000330117091,20.361534292387216,1.0407082074042842,1
9.175578763188728,20.283899853921913,0.8978957868973444,1
-28.57801980949402,-3.9196785274867088,1.058521769514452,1
-16.915419080871956,5.397894336231243,1.124181349764006,1
-1.1279827235839501,-12.706218087355703,0.9031504628623768,1
12.47320026223991,-3.2422691813161792,1.000006615401491,1
12.851290346473538,13.17265294578523,0.9173209686781335,1
-10.38460285204272,-11.172400309783884,0.9653447239136271,1
-3.012967186106458,-15.962208852850198,1.0298261951356016,1
-16.28786164286268,-9.243191762701814,0.9947691718836654,1
-9.597098910492958,-12.826951080755196,1.139378910874398,1
-15.011285235574285,2.3129342715913372,0.9831220424508826,1
-11.6482256337777,8.822571942375488,0.8567666611412513,1
13.243352717633796,15.95886668181736,1.14737734284979,1
-8.365871866580964,-13.57756982091791,0.7406933708403501,1
17.676951478387377,1.6136419517937066,0.9675927986982517,1
2.8236430270108,-15.695916460851178,1.181957166929329,1
2.7603479658436476,20.343428253255247,0.943118079134045,1
17.973088016356996,12.019141755042458,1.3546129686123676,1
-19.941620495953288,10.834204431460645,1.0769011505609993,1
-20.023185384254784,-4.79243453459212,0.9640819422151925,1
-18.16183128238238,10.088243496332083,1.1799775999851414,1
14.736885397934747,17.457621504357164,1.0091152651315625,1
-1.1382138593987683,25.386005740523157,1.0020360093327323,1
-5.633945455361107,18.035787252225916,0.9805959847883516,1
-6.084968025864452,22.75660383611431,0.9944898436601135,1
9.342010761990139,-19.61918668797724,1.056621919274965,1
-12.302770298391286,13.42239759439314,1.4644290205915564,1
4.861882244365456,-21.38284132716068,1.2371072284445745,1
-0.7711068336364751,-11.010046057129227,1.102273385065317,1
-11.081873881441073,-9.174962278123665,1.487127329468582,1
-6.3441567998399,-16.7486535270781,1.1395641747249232,1
-9.78918340018127,21.277007450298665,1.011335934160238,1
-10.131382240625916,17.354564125889105,1.0090085347935671,1
-0.24329039136125086,17.443183816991027,0.8524016932604994,1
-8.893081183038687,-10.767603197110544,0.950704140705833,1
-12.799755471456677,24.202635368050764,1.0958578748858405,1
-2.7443257834322132,12.878883204138582,1.0896654723968442,1
-22.252808596681056,2.2041041725203505,1.1120206900243257,1
4.386599480604251,-16.83888187715824,1.1433567596946628,1
-12.856054074416281,26.79585625580539,1.278053937486384,1
17.060738694207245,0.10444284477628218,0.9828022830767846,1
-19.847482678528248,-7.755507881708329,1.0215906908799195,1
12.182724971497397,-21.21170232807641,1.02038457580385,1
-6.249368335673158,19.760586231674395,1.0089163903099503,1
13.011100154334633,-10.585193807191756,1.1129725714537768,1
-11.747613498358675,-12.107720658939472,1.2059763094675346,1
-18.96318781677366,-6.09764573763498,0.9895106925446815,1
17.53872457055589,-4.176861196400423,1.0371654933445515,1
-16.984913188899657,-24.063631436457605,1.023040613669448,1
16.94062942271452,-8.092231613267073,1.1064357929000892,1
13.959081797308285,7.049300836485857,1.0299819611147294,1
14.917022386914898,3.6320268453545053,1.4144031123814946,1
-8.859364308148942,18.063390004059645,0.8410211060110372,1
-30.425603646920308,6.9456050624663455,1.1612663410472315,1
9.643651382604322,-4.527382712467091,1.245016654207481,1
9.848804377561358,18.711793008308874,1.1563414033183228,1
1.9389506947881008,10.608935550570628,0.6387179028928155,1
21.531936879080288,1.2449587097334045,1.1781714582907752,1
22.75247203126599,-3.1429262212681026,0.7658319338518367,1
17.89907469128951,19.14073009244394,0.965487217274907,1
-17.97162950472047,-4.655166795743282,1.095277950596316,1
12.115369994049844,22.496988764813228,1.0037885481356899,1
0.5402216109118624,26.2504485174288,1.0859540259678786,1
-0.041777137910507176,20.84679181734781,0.9867549953594904,1
1.899043377628054,21.960243362528104,1.353760856662357,1
17.21487611835289,8.44976305480451,1.124782229986817,1
1.0055659938926682,28.112127568390687,0.9518464413288725,1
-7.843414752362828,-17.082963160014287,0.9633179684385141,1
5.4705468426068595,21.485869116195193,0.9014812571713441,1
4.547023690180631,19.82742965233122,1.0155007678361339,1
7.838033797211538,14.111031735775294,0.9060854793656701,1
-0.8727623901669798,-21.56839692671128,1.060858626040969,1
10.562767180227834,-13.70221636353618,1.107281290413035,1
22.13032771400285,10.125178254014786,1.0009204393933793,1
-15.614049409212658,10.1742919296403,1.183291233763341,1
-27.13425107288058,-9.820611490250744,0.7966450237159733,1
-20.83570808688176,0.28391401886125883,1.4090609646513803,1
-18.940083243111825,-0.5815377597144047,1.0404116347425334,1
22.695012398509068,-0.5865510162636621,1.0504446843019362,1
-19.673975092103806,-12.948874843093794,1.2966815252349115,1
-14.15618318097858,18.975176038956686,0.9392311805053336,1
-18.78717891835936,5.809111026457332,0.9326618058223429,1
-4.494577313972967,-17.4943371813285,1.1998309929078754,1
19.136386641717262,-7.92291133079446,1.4456599135638453,1
-22.508047418966,12.422554831627151,1.0507704174664838,1
10.156664951245213,21.937817842010915,1.454419786052995,1
12.844863094487314,8.275086932275428,0.9271585198157385,1
-11.165238514713499,15.634198638627081,1.178781229008104,1
16.636941766365,2.728368468156044,0.942599537772455,1
-9.973954763733342,25.935516744770762,0.8527225273889434,1
-27.485179031328915,-7.866635068550288,1.1314174443193792,1
-8.947440194932865,10.029569962273548,0.9304962682308338,1
15.055720918624578,-5.352790742825659,1.0828234460997574,1
-13.445500159136282,-16.027596811928234,1.378426600587827,1
-1.089838380274343,-19.625264632790337,1.364090761309772,1
-1.281961317597008,36.922634485314624,1.2193071973113523,1
6.650650825432244,-17.12188829526174,0.8532088627840477,1
-13.28988927631891,10.14867156507248,1.2728054474888189,1
-5.019852939458388,21.36570784613107,1.0684524763902243,1
21.482286357486647,16.975175902140506,1.452218909210866,1
-11.655821477034152,22.247783279370278,1.323267653438275,1
26.875644705110552,-2.282443914857663,1.2052693908802932,1
-21.666987871835925,-10.243924734588942,1.0354832011816537,1
8.216494309517211,-18.324618561168716,0.9543415441486759,1
20.247505976976257,2.8999096073748336,1.06264775271288,1
9.545696220390246,13.8297518170323,1.0614738729776072,1
-29.79333472391637,-31.244934381463874,1.1876339129829259,1
21.90978788195985,-4.39124138481652,1.0869675942304928,1
18.873625457574192,14.27814028741735,0.9543493837928226,1
23.460759891573712,-6.369946232210098,1.658814323638237,1
15.578986195235686,5.6282548817586795,1.0010216397943978,1
12.434476217664217,27.020919475357374,1.0253548644877784,1
19.66462290498885,10.141917271563955,1.4195452932068313,1
4.293963218280943,22.90295356146541,0.965808387527684,1
2.896357465275683,-20.13371902506694,1.2303540093071599,1
-6.079852457957043,-26.762093507616502,1.0088311669782075,1
-21.682334575558155,5.0816191385701135,0.96715682194427,1
-2.4545675335424986,-14.204869614774301,1.1452933493645867,1
-24.705954931831798,-1.0277175925987159,1.266905511984946,1
16.754355070690817,-13.144293524650081,1.3934175505113424,1
11.587784423865589,16.83379931291476,1.196842066368657,1
-25.11938927755219,-7.445535680153956,1.1035359132269869,1
20.7837319865395,-6.197993120573436,1.0784562224961627,1
22.27850562465957,-1.974816600148465,0.8927255753438237,1
-3.538202218421457,-19.08893839911301,1.0412213808002864,1
-7.405451793964208,-15.568341262219052,0.6983760014104192,1
-2.7253438789860587,19.18553621572962,1.0091406680204666,1
10.08100501753773,-21.28999275865938,0.9955402775269313,1
-12.470475666289227,-21.745000282423927,0.9634627642243621,1
11.240088007095359,-10.524781889700655,0.9890869050523013,1
14.071692521031968,11.694717433019814,1.093062788141894,1
-1.255678880970799,-25.65983340379337,1.0380814572694346,1
-0.6806459853421224,-27.41672879767553,1.165503926312222,1
-12.960553630239511,20.24584375663499,1.2499713643393207,1
-27.412913471496466,-1.162648859296937,1.3857119936318822,1
-15.026272418614909,17.417210157493713,1.1786766825398585,1
-8.501647564790133,24.884253788271323,1.3266792638185272,1
-22.298547359738283,3.791275265379388,1.0405581530343413,1
23.219982666413873,-13.9342343415868,1.161565623585524,1
-20.501940533504637,6.428362147940042,1.0673700023717987,1
-23.320724940570596,-6.6825256683822225,1.2102129075613033,1
11.723072479524248,-15.892634633910447,0.9323050370354279,1
-14.70665194286794,14.805597795813885,1.22392336336166,1
-17.952471702907225,-2.4715354787861696,1.0169225194970621,1
-7.200859407121788,23.710424725032336,0.7201271814388504,1
-18.085323001462662,16.806942581400847,0.7165346238141477,1
19.50612548258307,-1.8400930288768558,0.951962786258657,1
-25.756744898321998,-8.912202892801663,1.0869203079760923,1
13.988378343704664,23.875634315860278,0.903704429420098,1
-4.038220635655536,23.487956637792358,1.1160797717141915,1
-16.66907802629615,11.650705909126742,0.9804995637588131,1
-18.904154904508786,7.578372816967728,1.0900665763218218,1
22.317347071798,23.223910964456213,1.12879925906907,1
-8.32618358556598,22.54712133030586,1.1266873476746988,1
16.27862246813249,6.869125560286885,1.035940806993685,1
17.971132157840593,-10.92472156360012,0.9118138611520936,1
-11.463646642645779,-20.83008096218362,0.8132808989688012,1
-24.79650156759973,7.513512040143953,1.1087727930903144,1
-13.43244923659717,-13.498413138561153,1.0753205767899685,1
28.084857982115647,1.0260181835989695,1.118399832847751,1
3.9840197880119947,21.727909635096886,0.8843871777273267,1
-11.82293002867621,-18.173054991074753,1.0950580096418696,1
23.691493546454694,0.815618277052996,1.1909993603845686,1
3.3839481707518506,-22.36121306660406,1.0030667956378196,1
-18.110389284208978,-22.935648712873654,0.8815580431402076,1
-15.366721161868316,-20.341833367820712,0.9755516567758421,1
-16.609396400709713,13.525845745409663,1.1433028077324108,1
16.22289819341184,18.248253839313673,1.0273449382122262,1
5.878640120265564,17.25992611960204,0.9633229145392447,1
-24.034007647757416,5.065667867731568,1.065850589681151,1
14.746230284046316,-12.186830887844136,1.2479657401279982,1
1.795069280542192,-23.930214125065962,1.155448890140442,1
-23.48042259122678,1.000980224335981,1.2412088401727936,1
13.550174976386433,9.89707245811272,1.1404380353148769,1
-6.795747766777373,-19.282470097809597,1.0631602346341198,1
8.310769262267964,25.913350232219784,1.1273996706951723,1
19.350697331420264,16.30963699068868,1.0535591522481094,1
23.295755873454453,-9.159784589479063,1.2086146099785438,1
-2.41044370130213,-17.636753127665337,0.9712649862489011,1
19.09215202510611,-3.584478432722319,0.8622009072634209,1
-18.294999069300037,-16.24904842352016,1.483803489830749,1
-28.51091770686871,0.8008017698426427,1.361181403571639,1
-1.6019633427868993,23.39139930826112,1.0940320551857856,1
-10.095357114517379,-21.858857693489906,1.1803792566976503,1
24.568537988918997,2.9828876468108847,0.8502677712862486,1
20.66040150974705,-3.0224152465262146,1.0531937226308754,1
-6.311500816028435,26.251019317621438,1.0828749658324965,1
-20.67651031852268,19.794431001627196,1.2399619215914934,1
-17.220536246714985,-21.493373367162906,1.1702836999052346,1
3.848411645168776,-26.496535350070054,0.8705460388660232,1
19.62234188440685,-10.434409881395773,1.0461534962551067,1
-7.389823922850825,-12.20917149237721,1.0173613027274377,1
29.60885020844686,-6.5534403668963686,0.9957636628914018,1
23.885528901154874,16.87356612238446,0.886086749758849,1
-18.543264705481793,12.434804417765639,1.137325955354709,1
6.18997926707489,20.37331758769531,0.8843871777273267,1
17.899604633842273,9.961948430844114,0.8473714006860182,1
-22.35398240811954,-13.583997072904163,1.257434462042651,1
23.913233739979738,12.603326964844664,1.047132278734189,1
19.260199388836057,4.848495027839628,1.3384108929988328,1
0.05160705271300124,29.275943760469705,1.010335145145399,1
22.04042432907687,11.97412348016191,1.1302090407977283,1
-21.23005164774429,-11.73755935555473,0.9892803201701312,1
15.117678364429946,-15.293819810755368,0.9267524488429849,1
-25.82093785452338,-10.658503418829898,0.9882031356094088,1
14.874477493444381,-9.483410305687295,1.203489190009079,1
17.292521468960775,22.2864962622641,0.9340954963299182,1
-10.623926170644388,27.627221300224683,1.128667548485128,1
-16.42830978412765,3.3080896834932734,1.2382912749543142,1
2.5066282746310002,24.451230438182954,1.4984546995421908,1
-5.127689579190794,-27.670996475165705,0.9503785342602524,1
-22.668917755444976,-1.5586086066615865,1.2627193955981924,1
-19.49867571323538,-10.831526409799725,1.0299869574519271,1
16.16389602017821,-10.59532489930564,1.1904709360782975,1
-24.416126037577587,-3.3330322839234086,1.1734844290957176,1
7.656966057661884,21.310256941042613,1.1501433594790664,1
6.196674321227205,27.522296411549412,1.4861937804228047,1
21.81105332479597,4.454346190729424,1.2470340789812366,1
-2.797169279190495,24.883982508155018,0.9787196336774588,1
24.144201630999312,-4.05984258051842,1.0891194100463384,1
8.195691466563137,23.353420091978812,1.0337770573827196,1
-22.551821258320782,-3.556278864632732,0.8042381374302704,1
7.632023457231749,-25.75450612346745,1.1188880591864452,1
-27.059456519524666,-12.238006108561365,1.1134191517590064,1
-18.608990343184495,25.066282746310005,0.9909353505885695,1
2.765646529676196,-17.67172933614855,0.824361562692359,1
-14.082693397472335,25.185917277599216,0.9631607734421644,1
-1.0071274317713759,27.398342266100634,1.0505305132215736,1
-4.366810310015062,-22.863088420713286,0.9251331715724093,1
-7.988717149333232,-21.858726935624777,0.796200917653744,1
19.069174599255348,-12.65220621619998,1.273722802865985,1
21.428038953494124,-10.751255621406452,1.1797361998599691,1
19.406045115352715,1.4802656162347965,0.8995666992200985,1
-17.79529551870078,-13.851769064105262,1.2214252440729139,1
-15.522177353469697,-12.618272144746244,1.4653430096772206,1
-18.170300454509235,1.4943360867992481,1.3577396047704977,1
-29.520770076018852,-5.389250790456651,0.9869228559683806,1
-22.781670118860596,6.6103368499554795,1.2211931012613269,1
-29.604692108335566,-7.239213066381492,1.2369529969465585,1
-29.060177130555385,11.580622628795233,0.8262547552165341,1
27.237346268046846,2.5430148141014457,0.802956642689015,1
11.601329558020423,31.959510501545257,0.9606026776825466,1
-0.4595485170156929,-23.546459280944642,1.312234771228464,1
-24.715045327580835,3.1951773994524713,1.2896336024125128,1
-5.94976072408941,28.352750928603975,1.2176446584317475,1
11.682010130649699,19.63587835731463,1.1689901824052849,1
17.660335571263875,15.449945183634709,0.9577959625835004,1
-13.47794741513129,28.75873901240107,0.7737224421155168,1
-18.13963328074634,14.760698366543748,1.2010431001486908,1
1.0678236449928038,-15.165101061517552,0.8013442650982657,1
-8.433013695365714,-18.519208419476183,0.9423381647611158,1
-22.43977224984882,-16.045145553589084,1.3648285272465035,1
-20.150506185505883,4.408880620823182,0.9658454583623809,1
-26.43909892927652,-4.0951310765774,0.9861483437638454,1
-5.784741029342877,-23.03591384385889,0.9547825297895418,1
-30.79514123849086,-3.7518565142864078,1.1022450467058662,1
-7.275385836449498,-28.94333811862862,1.1341687536925875,1
27.544220697315698,-6.959668504683304,1.2900700371233909,1
24.819496148137556,14.366597827640268,1.3857694530148126,1
-23.370392054254967,16.159919158011732,1.1462518203822183,1
6.895661374919369,-20.326808411510118,1.4675731628161457,1
-14.815492381108479,29.914629540662077,0.9461347810715555,1
-20.610054702521545,12.551708990004107,1.0549633935742617,1
-6.04915905051256,30.93639692006322,1.0057993689038123,1
17.485522664318825,13.632476916457444,0.8563061384314948,1
23.190420767016484,18.748346726235976,1.1195784426746882,1
8.725537719366917,-23.42991344308259,1.2053639946094983,1
-9.878394155023072,23.13314063754154,0.8332295106590957,1
-5.488350047825789,36.28490161730385,0.926179198425816,1
-20.082867009841223,23.337504991822428,1.1618521100605075,1
-2.367820364799296,29.11057922597002,1.367975253684595,1
9.467832389856248,24.520347605140376,1.105760008436517,1
16.877175467963646,-20.566175570250756,1.066203272308844,1
3.7160764171404694,27.529045026134973,0.9273796342687259,1
-30.77930635557315,-15.854423837041077,1.2246426144513483,1
20.771698734014997,14.394074896029796,1.2763252064564277,1
-17.459303211179833,27.643011642180685,1.0651407520228495,1
25.641332762254752,1.8136192810565508,1.2129201218914507,1
1.3731364779159878,-18.856180059325844,1.343583695694049,1
17.37093394319282,25.06270184877481,0.87299143462451,1
21.291056015615766,8.443057676257089,1.272973067860754,1
-16.984727512731162,24.5417475703224,1.045944849440646,1
14.65058262619855,19.41317634799745,0.918999100032536,1
26.106313600608654,-6.031299436239332,1.1232988124667354,1
4.895520978786902,-28.57936025242163,1.1494361351110756,1
-25.1807157762388,5.934169980593823,0.7428090745951211,1
3.309426789614174,31.170261328587088,1.232935015394327,1
16.418415198833053,16.463990258371787,1.0006218434969263,1
-21.728509306932946,10.976393286805221,0.8690129793680935,1
15.611280894401864,-24.955991102226225,1.0120777199028377,1
-12.006749435482487,-14.302820935044474,1.0476691232280075,1
25.692939814967755,-0.49826879117665285,1.5964841792203692,1
17.257171583036495,-18.925043473464054,0.7807150007883035,1
-3.048239026828068,22.035948207157897,1.1236795531165467,1
23.7565694728153,10.747168727480414,0.958963045780627,1
-20.238039236365992,9.196938502872303,1.1421736579905544,1
10.360226862797175,-17.563008109779023,1.306064923848509,1
23.9940028732734,-27.18299106710952,0.8395852598504332,1
-31.60053657579563,-9.016125281651144,1.2725801632981177,1
6.463520051012806,23.186311540336753,1.1276451379440566,1
6.642564927772151,25.28933017752717,1.0774225901053358,1
-29.378916146679234,-2.336095367422491,1.1238417637463152,1
-26.130266450116128,-18.978375989945555,0.9860141677342631,1
-20.38050505228204,-14.716333741382012,1.1496951690327708,1
-15.882908249252797,-16.862772029335815,1.1112746577612231,1
20.14959302402149,12.506431399736805,1.1113722048028427,1
-20.33835516022409,-1.6453081334545925,0.9856145689220988,1
-21.107284559613404,17.41615155128422,1.007222467901514,1
-16.471586101628265,16.031027192753726,1.155204354149346,1
25.95168854009095,-4.253182169212608,1.1783778747233677,1
-18.277727380564826,19.81751332069532,1.349344794131016,1
-6.61977739800277,-21.31203721680584,0.9521277389964709,1
-29.27674078058883,-9.010312446646568,1.2268035344595694,1
18.502497564311962,-15.988707494610608,0.8668629628302538,1
-23.4062809603554,-4.89304070343786,1.0205480360136907,1
-25.650063278691167,1.0785097971109774,1.2385542877212807,1
19.3657248959395,20.319860819831316,1.1466540826372473,1
-25.431832703027034,-12.590584937781953,1.0104924080440316,1
25.085082458369747,18.33598582892576,0.9450628106175026,1
2.7506947118977134,28.79983959747093,0.8808362070928519,1
-17.05509878058932,18.03769706424469,1.016644368632363,1
11.755599884082569,-27.053333218383994,1.43745532978946,1
-5.9773443471969925,24.536034457445748,1.0746704512191192,1
-2.5586890157195024,-22.74668750447841,1.1344345008013712,1
1.8878044193314722,29.72704469445202,0.8828481244373212,1
-28.53870015028413,-15.872854927295728,0.6861285055071563,1
-13.289451628431598,-19.671269592003636,1.3330541905075872,1
25.4139763456943,-8.174842534361105,1.1485271250961449,1
22.700652312126998,2.7024586085865474,1.128142077279472,1
15.676067594423104,-19.29139683667935,1.0430007234663383,1
10.108362185042575,-25.07139831421741,1.411322019890818,1
26.35580373648127,5.127447392884071,0.9668408139045833,1
-2.4948045563544494,35.383659314437445,1.0594585130599017,1
30.909859911543524,16.2930837851015,1.0175316862046409,1
-24.272517126010197,-13.552995033911746,1.0098767765187302,1
-2.5794953756377277,-26.514880714323514,0.9645604529934177,1
-4.470153756425294,25.392144422012024,0.9912716982161459,1
8.293670073887787,-21.742275686473246,0.9526994780315734,1
-23.651828219911092,10.550858809033542,1.0110306554955353,1
-19.666133572050597,13.911786924202053,0.7527942052008627,1
27.670391009398884,-4.503575466753705,0.998802619991602,1
-4.753849669678097,-24.690288505115355,0.9641961394448482,1
-18.08190487199726,23.288855424298923,0.9979442187673007,1
17.052444703592652,-24.778757738337628,0.8873590873109998,1
25.39804237089353,10.063375279033275,0.8458489413003043,1
7.747048011281436,29.39021652004848,1.1577499109018572,1
32.82608770506053,-8.841236014377065,0.8961292364420939,1
-20.266089600391645,2.594360264243091,1.127576482869165,1
-14.80000520412566,23.61134850864374,0.9913644897102757,1
26.85298406299465,-19.298123030618434,0.9607681354864285,1
-21.718143550910018,-21.032657451317064,1.0281378643399006,1
1.2950912752260073,-21.68852378117453,1.2682330327192721,1
-9.99104194369432,29.3062681202849,1.0714482050677303,1
6.173238782734864,-18.269053520741462,1.0104171153808374,1
27.861372211275516,6.411795975504531,1.155572808465282,1
-13.997012285539514,-22.805304042592848,0.9886935689595708,1
17.819178058185678,-14.644115576986392,1.0218063001747617,1
25.692939814967755,16.530652285756815,1.19703452898488,1
5.84671045057682,29.910341887034424,0.9572267161213137,1
23.72425086669016,-11.461487374843655,1.3378337766795423,1
23.10006196529568,6.825845274734422,1.4035429112848627,1
-20.03390784580083,28.263295927089384,1.104719601959389,1
-2.7843233678009094,26.57271718978922,1.042516266377267,1
-11.781152890765702,-32.04473586288272,1.0167262887705097,1
-21.632202010065523,-28.751026310017586,0.8878255130176853,1
1.3348790256169951,-28.112035038738615,1.1107011122548696,1
3.764955668495758,-32.99725460724249,1.001884153859042,1
-0.8415109207689868,30.700228201671113,0.9560675939079363,1
-15.200281809231672,20.780827915383856,1.0929102749293216,1
-14.266892596441435,-21.295896049885883,0.7619021508332053,1
13.783897726516798,5.476215444882633,1.0142200852070373,1
-24.40276349714298,-10.778501580913302,0.8794965955325481,1
-2.9271847962635418,-24.428485107542773,0.9634113320243761,1
-28.60769859072456,18.468708582441486,1.2832837954355387,1
10.320258599457322,26.358762950416615,1.1410511642424568,1
-32.353409230415835,-2.5398794660291593,0.9911260981638712,1
-31.442116716653477,-6.163734654797754,1.249157899783112,1
22.837563258648952,15.628282373134146,0.9764861814936412,1
7.331887703295676,-27.96336657910467,1.0016894059071255,1
22.59029103948006,13.922927494311532,0.9483184906833252,1
-10.186145741276832,-19.513441478982685,1.384627167383634,1
-32.60575060359856,-11.087913508563066,1.1363198742357266,1
26.875644705110552,12.623168163300202,1.200910495591059,1
11.141962680734808,-23.070379982635075,1.3069709202696356,1
-21.733316845550657,33.22981872885828,1.1463185376273286,1
19.446028957995214,7.655046152427017,1.0599535405662788,1
18.037279292865584,17.49939864226767,1.030491319430796,1
-35.54626768724451,-10.707860238628253,1.074581002771471,1
-16.167752371369954,22.750376188227012,0.9828679249574324,1
-31.193400169721425,0.308915456380567,1.2305077578782193,1
12.931923144119033,20.850589738976037,1.1885294500244572,1
18.0389795252224,28.0654926237464,0.9452507375963173,1
-32.11297753876755,7.588944990643052,0.9637353819679255,1
-3.9155262358891214,40.40425472331933,1.1191896675615967,1
-27.707194678510536,-5.456392619241401,1.0911263670689781,1
9.611955345411943,31.606011642302438,0.8568084311380827,1
4.436732046096882,29.209932101834635,1.152472876203616,1
-15.09825764086073,-18.451569243811523,0.979890399452095,1
-24.500269910103007,-15.375334400680162,1.1607692403295589,1
-13.870009786291545,16.65515231365932,0.6403797405900592,1
-15.99684589809967,19.30673459710104,0.9458966779907418,1
31.289635704014547,-3.427165899624809,1.0688134189536136,1
-15.861858751414982,25.73117651746213,1.1141495667564878,1
-26.8020045893092,4.686921924828911,1.4472381920531174,1
-40.91045219495487,-5.653586135781362,1.0388355264992917,1
-27.350548835288258,2.4621558375004624,1.1457395198299831,1
-23.081868695560473,-10.834204431460645,0.9097290824684153,1
-26.213547225852658,-2.5259100305897046,1.0588129325189908,1
31.27913996985968,-5.991492648647213,1.2543846125514504,1
12.847243558185932,-17.7738512288187,1.2917650163238672,1
-26.25086675351466,6.666822620752457,0.8132913012295783,1
14.287781165396702,22.304669871328606,1.1072238335073603,1
-8.202941028729954,-20.322488736570847,0.9117503553952645,1
-8.27583114040014,27.302459022888716,1.3855377893873042,1
-7.391071982002235,32.551353288610905,1.2242529107157494,1
4.3753757719118775,25.79021195696837,1.2119827166737824,1
-8.86845083564448,-28.094289702064263,1.0165166248559667,1
30.27004304444396,1.8298386404806188,1.0319702568604276,1
-27.151341720207622,-20.738279770826995,1.3210326130641594,1
29.230983986209218,-8.11777730579269,1.143535878139797,1
-26.346629149332312,-14.393452749523293,1.0022721534026233,1
-21.51188385288326,8.001157452622143,1.0370191863236353,1
5.018953431704339,-25.516336459255104,0.9555375548289796,1
-26.755608984916943,8.722007257008299,1.2232800471768495,1
-2.6363190418836475,31.90065922901043,1.5141911773419585,1
15.440338675986846,21.274393111255463,1.0555481922502201,1
3.4445924032026025,-24.613472477344416,1.1380576675088268,1
-11.75492073440329,-26.45075766543759,0.9149290476186086,1
-25.75560552183353,-23.465458780011573,0.9402208226224231,1
12.1476881573391,11.315298390669184,1.0737769527720376,1
30.377624820122712,0.17275411081915737,1.245727154810369,1
16.206648327355616,23.44129614068715,1.0803545053039063,1
15.415763888980653,25.272910212191764,1.240646747706271,1
7.549725636686221,36.80565849916517,1.1810058015386895,1
-16.659794217871585,-19.35209866099378,1.0767538737407913,1
-28.320423381411327,-10.814310556265164,1.082216528541131,1
20.136580472869046,-16.631942792597915,1.0472989501013001,1
29.345932753863345,15.185154087714611,1.242687711482776,1
-29.782184372797165,2.317402414683367,1.0371665065744196,1
25.25700446285801,6.54811226814838,1.1633962510043687,1
7.256688855056757,-23.274043529948845,0.7144727941127403,1
-24.687593205895322,12.556051416525293,1.3881274958694265,1
-20.629550700213123,-16.924298359713124,1.0779719920680897,1
7.933014298785889,-5.482088874702232,0.7736932922572446,1
14.345626433272816,-23.88045475484994,1.00124609925819,1
11.134912788712397,-19.524284295368027,1.1491001048414355,1
21.960848828294925,-17.606742677176644,1.0685620260453494,1
18.96462181464243,22.214443384734217,1.1210770684881457,1
28.243434084404786,-0.6266570686577501,0.9212004872883774,1
-12.131763554495723,-29.80825231141891,1.2255758603903153,1
-15.917089543906853,28.84489153902502,0.9938278047050859,1
-17.161119872797787,21.408462227033652,1.0431074770686752,1
24.450766247761734,20.05581133957536,0.9625175586340449,1
-4.399792260997053,-32.18378776822278,0.9295615581892002,1
5.116470654687975,24.233197466800277,0.8802679681402803,1
-16.463176418022897,-26.21515403884922,1.2967172079983402,1
5.949873028223587,31.714238272522216,1.3669458842882174,1
34.41296787338104,-9.931565057818283,0.8387577550469002,1
-34.44263913610159,-3.6398331404537747,1.3884670684360743,1
22.63583631139817,-25.668365027961563,1.0547289106290225,1
24.637824192390532,-15.048513699906806,0.9634673749535243,1
-33.360943582361685,-8.841561550516614,0.9743965635380287,1
34.1710546881501,1.588060065130136,1.2486661596957345,1
-31.74465664943402,10.627592327644706,1.000502796824788,1
-18.75111416461212,-24.874448949782106,0.9976016737928111,1
15.606267637852607,-29.472935253111313,1.0462824093906304,1
35.99903837489288,5.119306207034846,1.0336337834833116,1
-3.892048496690554,-27.867609209985446,0.892510010492613,1
3.031826579791776,-27.59678367117558,0.9317397236192453,1
1.1697598614944573,-30.204870709303556,1.013066579395969,1
11.8946605862207,24.430166703031002,1.4605673364229463,1
8.699023226551041,27.831247200265217,0.9772243661835518,1
-8.47196380890635,-24.40884252340239,1.0312840419009268,1
-18.77022231532508,-19.85765664034883,1.168076473498762,1
-4.968326419811067,32.27638615135712,1.0722346538820553,1
-14.837846814551842,27.44061675089102,1.1884020673451308,1
30.01687358870623,20.197157322839296,0.9408082934917658,1
-3.78995134199491,-30.11660915033768,1.2271351752951232,1
26.108323929049458,3.742037924270569,0.9027878682277439,1
-35.24837966877663,0.9723988996413295,1.0877923305221746,1
-21.89818312142915,24.35142949761894,1.4810433129976222,1
16.850112290575044,-17.499978880294197,1.0655660706622576,1
-38.13834919851067,-8.80453181464139,0.9605031743264872,1
4.404503968280182,33.43364665353061,1.2920727444301,1
-33.516512295210276,4.805977672705971,1.031899513801176,1
28.44380366507563,13.532579057014276,0.9131589390722044,1
-21.155372949641404,-19.175706300927153,1.3118901911927483,1
25.31097741121446,11.631948826799576,0.9392475810034215,1
-24.574356947413676,-17.86599302743245,1.280385949299559,1
24.658152245184198,-20.18157123677268,1.22774753701902,1
-20.03798642740023,25.392144422012024,0.7034873390841647,1
-19.211515276279016,21.83004659888461,1.0899566156536975,1
-29.695281444680777,-19.00217049729884,1.3534242242462746,1
-22.827724439938155,9.058676070263704,1.220492663308723,1
-11.940785533518532,39.624515909759,1.3782882993258814,1
26.993253232432586,14.804773247039346,1.162419148364858,1
13.296523620428978,-22.578644079820158,1.1625428370834017,1
18.348046021567864,24.113291053219164,1.048576768041395,1
25.266279683115677,-9.991846962811016,0.9873833409440776,1
-17.488892920822522,-28.65960810235457,1.3126708030604912,1
34.31279210525768,-13.156849467372012,1.3164526609059148,1
20.29772086195246,0.2924399653736072,0.688361963373242,1
28.78936297774723,7.65996110982825,0.6836596958398516,1
32.711498983934554,-7.042745933020248,1.0747685680541228,1
9.958766388398828,36.67806886176282,1.1935004266084048,1
-32.83303247603788,-4.800572938081182,1.1957325302936475,1
-6.5976700930026295,-24.85490289927024,1.1677522278466062,1
22.727781977904243,-21.168781465633764,0.9023351775924543,1
2.311111269209789,26.79084299925613,0.9959273727224588,1
31.466270744279146,18.3630735860871,1.1011697707661052,1
-32.193462473844136,-12.925846469513871,1.1266981241817662,1
-27.578133163179828,-19.03470846047916,0.9741921199169846,1
-4.086956560418474,34.40275277382927,1.307645153650971,1
3.157157993523326,17.057008592608092,0.9518464413288725,1
-10.769549337075322,-24.466482409166165,1.2872197473090228,1
19.422887700231037,25.651162677057247,1.1792252967828116,1
-13.461616948349942,32.86496602115688,1.4042005057553975,1
-19.751633987836417,-21.67636641299951,1.3025578563472389,1
-21.505731219845504,14.709350466130084,1.3287616875151405,1
-25.2653385210601,-21.95511471132683,0.8716043193914703,1
0.20888568955259287,-31.25175663576708,1.0370375795091393,1
-7.859419017456659,29.949650375886584,1.5014541525935376,1
-19.129071356282868,26.637297444014795,0.9921792523906177,1
26.666444284417476,8.196091521235306,1.349722472984524,1
-24.912815709087706,20.288342320788875,1.4101323728403445,1
30.313648917447928,13.419920243897105,1.0825296749369087,1
-34.83453717411445,20.459403811268484,1.1529701061515882,1
14.808689853718457,-17.57381416917078,1.1599037959226879,1
-24.499566788567346,-24.526812748074196,1.0156464770296583,1
-20.892746669049394,-26.1483106181924,1.5573070847551767,1
1.0463715704564194,31.525222579545247,1.308631534477204,1
-3.978543714966653,-25.943602642430854,0.9704305277309121,1
-17.701570148941773,-18.334195380158167,0.9088408257507435,1
3.947939532543826,39.87888920670757,0.8174335606914096,1
-22.502210907052053,20.930346093168854,0.9688925551878442,1
-33.35873285186167,-0.5780209976574561,1.1645507565502893,1
-11.590649141893747,31.057124322678117,1.0147723544379212,1
22.67359212052588,20.68538014814809,0.9606755147781413,1
29.519322976362307,-4.434920025657372,1.3081987547816656,1
27.39187675666211,10.47058860149875,1.2545354710040897,1
27.149917499597024,-9.43902209665736,1.15776065442803,1
-30.757614380119616,-11.97075682435959,0.8934705283967164,1
-7.778221003217215,-26.762093507616502,0.9782555510412037,1
11.41709497468834,35.074891357158045,0.974933292419701,1
16.257029542795177,-22.82233537991088,1.1910424455806523,1
-9.193954421592995,-22.765556079952262,0.801888852480663,1
28.47448861004216,-17.695987029128858,1.1307744338868617,1
-12.938976427142872,-24.755938293260467,0.9748860563174122,1
-31.326480649138457,-19.94044035081458,1.1066677352496204,1
18.606894500145515,-17.845265139776863,1.0430007234663383,1
-25.073655182411855,23.20842884864233,0.8940976262601126,1
5.873289353833668,-27.02404586425455,1.0953318290800576,1
-27.814621604566124,-14.654823162753372,1.0666040631606668,1
32.060387005280425,-1.43061223478941,1.3097211193078335,1
29.252351964943788,17.259099758632363,1.1947441457176053,1
-25.720284850691005,16.58248541317253,1.0063615098578607,1
15.384913079446726,36.12051343743269,1.1699837008062013,1
-15.701607464157872,-22.526672520697012,1.0571681747844528,1
-28.99062090873556,4.601453332715487,1.211566900158179,1
30.176570067493202,6.69512326256281,1.1111720633520354,1
-19.03784174582246,18.110389284208978,0.9487287347594029,1
1.3098361474297342,46.522529281411224,1.0685166460734608,1
-34.02692426433827,-6.7712237241691415,1.5071491382957747,1
-23.96468558351163,24.747457220150793,1.0889854314549179,1
27.677353865717286,4.289119492146372,0.8528094743466011,1
-26.33352259626234,-16.57933454485876,1.2774024936474158,1
-15.330924162762381,-27.659678922755145,1.1783838543425593,1
8.882579104101477,-29.899517810393952,1.4802714037294182,1
-21.141221170240993,26.890551101735912,1.1322990419881578,1
38.791405862826785,-6.485234004151688,1.3880435631619636,1
-4.921798490593023,-39.899424928214245,0.9081136306455009,1
2.0294048146531667,-26.112318007069476,1.0328607539088814,1
30.874610451431526,-14.311280805471368,1.1626833463819704,1
-36.546266120496895,-13.717242640200848,1.1723854035649754,1
15.232587207372989,-26.75343639269627,1.0538461148120106,1
-24.131117582313042,-20.015839953413366,1.3705487101891676,1
21.277417700425445,19.29621727566904,1.057382965162964,1
6.155427734777829,-29.812323262521726,1.0260895569421127,1
-12.023460290646707,29.252351964943788,1.2464828161872412,1
29.985540735273343,10.552905036196517,0.9102605792386971,1
-27.375961656505698,20.053026197048002,1.0854066621354874,1
26.067005880566533,47.095688929124776,1.1332291460144346,1
28.441278673223874,-2.9363359788534455,0.7579306688140264,1
-33.6385535680441,6.594819627303,1.130780554507991,1
24.101068092507273,8.865976760983802,1.2541314426967738,1
-16.466619588729813,30.985781825630884,1.0415605807192174,1
41.945594111768735,-14.756763229682504,1.1517878099736478,1
32.37599643025315,13.344903299016286,1.1950427397237524,1
-10.724788117885506,-27.7499665101808,1.1243993020915852,1
21.060100968561514,21.747212013254483,1.3632246020601162,1
-35.70626013309895,7.5159269897751635,1.3980669685032694,1
-0.6445615563336817,-34.57953386479052,0.957722848832713,1
-23.41968727625067,-12.122572948861986,0.7856009724847397,1
-38.47218650963199,-13.510726400261087,1.0591731161970848,1
28.751026310017586,2.7767870997856763,0.9731347769566581,1
13.690964909532171,-15.845471593203097,0.9044776063909716,1
29.270581988759268,-9.707487681752788,0.9893705372706368,1
-23.619660835272956,22.451317147944945,1.1279310787699854,1
-34.72417403974121,-14.309898473702278,0.8535878195936644,1
-28.305110332741116,14.584618724234597,1.0785718465325551,1
-5.969215763802661,34.0385374822686,1.0583051231241078,1
-6.415401740383716,-37.09026525118058,1.1585759300082936,1
-28.60194789157898,9.195367933777945,0.9086398581116751,1
-32.02699664740069,2.836828345423749,1.445828982035134,1
-0.31855067656769914,-29.207441541689978,0.9631169279322719,1
-21.42470889177662,-22.684985885410555,0.8882418847680407,1
12.32425568360241,33.69027764355238,0.9824917518778494,1
-30.14220500243778,-10.590504460315977,0.9421398820365264,1
23.779546898666094,21.498515168751876,0.8190760962792962,1
32.940828804805065,-25.35161170948609,1.0099558871738077,1
-27.52505720842531,10.64405515527401,1.0731677931541315,1
6.767896341503701,-22.258859078723273,0.7144727941127403,1
-0.32116174768709693,35.15937815837889,1.1718747431272654,1
23.820341045096352,23.215801284744177,0.8755626834611531,1
32.25195046691889,-10.302884933932031,1.2627062326644163,1
10.503581060469894,33.27346887131151,1.1130022702187294,1
1.291877649232909,38.992530987481096,0.9980151787138647,1
-34.77807473924144,15.32663932810487,0.9842897329400364,1
25.07821907142729,22.016551678842298,0.9661181119397773,1
-28.269978996189522,7.025600259625883,1.3439971826977024,1
19.922681526767196,-14.79412007687216,1.0490636210094686,1
37.09345656032654,9.738715037362663,1.0535072696907355,1
-31.128043561667642,-1.5070338285281475,0.9130428531807259,1
29.62725636775814,-1.850908849165936,1.1838731658933765,1
16.4921395598516,-15.902344671703155,1.0578750863029616,1
30.966143000117395,-8.884604662303216,1.077848452160894,1
-5.038322832008316,38.26952941154971,1.2229037593361403,1
-0.39717701534647176,33.06454521979806,1.2325426858005826,1
-13.61725810193292,30.605931233244522,0.9354876670929978,1
-13.524798699346729,35.363247842886295,1.0701997231640976,1
-17.25784420243042,32.111074071639244,0.952967646060028,1
-7.469074791299128,-23.023719436036366,0.9041568431393244,1
-22.54085475961926,-18.11665585489555,0.8812611635260628,1
-9.403898978696297,-25.95168854009095,1.1237761936859996,1
-27.90391449823202,-23.938300022726054,1.2538666543582522,1
-35.178548917387175,-8.522536133745401,0.9058631089796495,1
27.572911020941003,16.434081625549496,0.8458489413003043,1
-30.57250952291611,-13.82266236332627,0.9697603390206179,1
28.622909753758652,9.12134177712948,0.9734345305638404,1
20.299511310720057,-31.921911077425797,1.1372005661241675,1
16.99578463287728,32.49463339163502,1.3378718696718364,1
-33.972408964506506,9.258066955745706,1.4139536091321325,1
-21.481804313587684,21.966419113349666,1.0271816773097222,1
-5.517139988141905,-31.02847714239661,1.0162113510281932,1
18.442999574496557,-25.500122255380766,0.8185024712991741,1
-2.0470797576153075,33.79770456960797,0.7616334498803586,1
-9.554110077535858,35.93155222903745,0.7616334498803586,1
-25.988363861620698,18.459526793889715,1.0722163369833235,1
26.89527168229075,18.21129169356913,1.1352109479330876,1
28.606488264051848,21.412139579721316,1.2546359862317509,1
20.393770978130654,-18.721379926150284,1.1162767094567694,1
19.968031330264537,-22.316194599028073,1.322870664500001,1
34.889132297520234,-3.3630596017965826,0.974983292808024,1
-23.36386437645646,14.037118337933602,1.0382121441523053,1
-9.343786713196863,40.218191027434784,1.2529647128081902,1
17.880615025701147,-21.90688669182719,1.0192667402696474,1
2.6785946330068375,33.18950716653861,0.9653388644704128,1
38.89582093025073,2.3225477607127862,1.1590400820356799,1
20.240319208579418,-25.045159474332785,1.3182358444403093,1
18.757934921821995,33.60274459269227,0.7746222304721234,1
26.25611733641081,20.536447364298272,1.2519006246343976,1
9.219378794092812,-27.287155397633075,1.2191923102746358,1
-31.74553003907675,9.094169654911244,0.9072186873008706,1
28.102088101140875,-11.12664439683428,1.0513351858101252,1
34.66519455092635,6.506174859887827,1.206406313526259,1
12.583273938647633,-24.835672945043964,1.010008833318695,1
-4.413184932001856,30.056751765802623,1.1274478994121162,1
13.456501380442534,25.692939814967755,1.0083960646259809,1
28.92975980438257,11.857441577384916,1.029011714158146,1
-28.999301872457206,-12.726111962551212,1.124320255410527,1
-19.49385527424569,30.27557048115212,1.244845604757893,1
29.076887985719605,4.801157233716309,1.0203700148854096,1
-25.31940305247372,-26.29747957531993,1.0063815362050206,1
-28.583395544151628,-17.229152781409017,1.1234468528066792,1
-6.250017480990324,-32.98580924795078,1.097100099924215,1
-19.927694783316454,-23.74460601968639,0.9479237329940039,1
-15.610308172981858,41.40613198429639,1.1742727463128415,1
8.701581010504746,34.857479721093135,1.397626171931243,1
-38.10287403564089,-4.144433698139911,1.0953130115635654,1
26.391214834329258,25.518371060127386,1.064209940555417,1
26.810478254074084,-13.593236247634353,1.3842006061563756,1
-31.13849892173857,-21.940262992223083,1.1777813413231453,1
-22.850316686503238,26.514260568783026,1.0122247513968492,1
-22.963500138147324,-33.45950869128476,1.148156061906805,1
17.695376772701685,43.86363006238718,1.0526762930052,1
-24.56267833840687,26.490503356895786,1.0355189393102333,1
-12.251841977890846,-23.325568666705138,0.9733753006508712,1
-34.111753399418085,-1.9404760263953917,0.798820348046317,1
26.939291095964823,22.608394465907942,0.8536068712630007,1
8.970148325643807,-34.17199362150018,1.42307970945233,1
8.421779507020045,-36.682784564134266,1.0320559901730961,1
-9.806102681271973,38.48538756136045,0.767382767750528,1
21.36570784613107,-12.988292296706408,1.3711468105743438,1
-3.0182753400997893,-39.26412019126406,1.3283402863233351,1
11.225335316825774,27.992498797346627,0.9866670951936423,1
-35.519705972857096,18.306219618164526,1.1595659019374023,1
24.413240116866678,-21.97257574419963,0.8924339795737983,1
-24.36496015457813,17.874392898778297,1.015387043454148,1
-0.7975635419280326,-32.734286513703935,0.9603042253416514,1
25.761302404275867,-16.35916762143268,1.0294169259483414,1
14.809430833360441,27.454354278221956,1.2264259813251188,1
-9.295734547689277,33.864547990264796,1.1376273475065337,1
4.111566656026695,-30.866342059553407,1.225525911762189,1
5.138587962993551,-37.093085207989546,0.7154617146928562,1
21.53488585352103,26.06647657746179,1.0192300635883143,1
21.557003161826604,27.843363018993294,0.8576497366938138,1
-22.629840063368665,-25.231720212435643,1.0281378643399006,1
-32.983559857644515,-14.779936229074261,1.3146414240003579,1
17.353815506195357,20.698024448203064,0.9512957319577796,1
39.26633192209464,-4.670684018395762,1.1025385168648403,1
17.689016427697737,-31.268026839578095,0.804959852541281,1
-16.280954938611362,-33.87586824698895,0.8001394573779609,1
-27.5812664485231,17.22889167429708,0.8202641996118857,1
-27.20781516354911,16.03697176573704,0.6913715697709191,1
-2.3264643673918974,-28.700893744524954,1.172075982954159,1
-29.44645497492803,-14.863020218164593,0.9198371800041744,1
-26.32251156766577,14.351904214282625,1.311926288057971,1
-16.965915585134045,33.95162034085728,0.8797205669657989,1
-8.283267071166977,35.98720638828187,0.9629030512830432,1
1.438327176633489,34.23934859894773,1.1411935294436752,1
29.564563684694836,31.701402243563464,1.4288634156140214,1
34.551891848729426,-7.905773650382246,1.213720126774951,1
-36.820578905561796,-9.865372709440589,1.0761207746294037,1
-8.419322028319428,-30.595609822701903,0.8374139417384793,1
-5.901242948679146,-35.004797192639515,0.9641349750479562,1
25.392144422012024,-23.467053907095426,1.2352615716898097,1
16.48743829625044,28.82804155555697,1.199805567484353,1
32.51189710280653,6.071610709661744,1.0595301073254044,1
-36.21673561958791,-5.211361041934442,1.1604241934248685,1
-34.94912324860515,3.1455127982869393,1.2805282264528617,1
-39.68828101499085,-7.600828028594618,1.3848049488660104,1
-33.53649605684709,-21.524149296091146,1.4369413595812102,1
-3.5131961911625114,36.9179345572997,1.1442725660982278,1
24.96943574479017,-13.233857913563202,0.9634673749535243,1
26.375071443801765,-21.156353560553622,1.1227004056632865,1
-25.14635559397183,9.828071693449058,1.2042422492344749,1
26.159084722179834,-11.616243135855774,1.1028882599250667,1
-2.864718028149719,-36.94591031929335,0.7659792261338838,1
32.13855537830463,10.002097888056815,1.2833275591226514,1
7.986544343106215,31.228855025748544,0.9997534803352814,1
0.9993531147541925,-33.21612283395896,1.2651076802692054,1
18.37000435551006,-23.74135065829075,1.077452531118269,1
13.782133737583207,-20.00548669528775,1.3190934812085218,1
-20.64960372641018,-32.86941656523631,1.4363266424521794,1
31.593960544828253,15.248655337338596,0.735647459074914,1
27.136411959324214,-17.593937424177255,0.7893512590514304,1
6.45954127597371,-41.01122371549053,1.1320793571178596,1
36.20911983225688,-9.23371903957095,1.3041155441870191,1
21.70125252480066,-15.453599787465661,1.0312579924123484,1
-37.11831320868907,2.296394935468392,1.0910247195760892,1
27.609773201450277,19.905577475010876,0.8228194136270754,1
-35.04459145493725,11.09665055423184,1.0453322093960755,1
32.68285180365308,11.734601222808262,0.864085771231372,1
-14.948426414049436,-24.503353515142884,1.1037508448604103,1
-18.936184043573533,41.167191697023135,0.9821761221465992,1
20.77083338478325,28.989535788270338,0.8182218320954561,1
3.74409591135974,35.840462554336035,1.3271603892044554,1
13.80734407942577,-25.80434551606247,0.8903455349980072,1
6.97081386849765,-33.32621972747502,0.9666175085534381,1
-9.456457313486958,31.551172669710176,1.1319503966935907,1
33.85988449580041,-15.264200318886692,0.9693430555775059,1
-37.429858089122334,14.265663857091127,1.0663069455656218,1
27.367580832487185,-15.858423775777203,0.9932465782471616,1
-4.514914975615137,-37.101082545818144,1.3144005423205682,1
-25.932208877546177,26.678500477493113,0.9684612317744078,1
-11.269800722740987,38.025550926152285,1.0283095698973754,1
-26.468800947591628,11.810993703558921,0.9563232892442803,1
-30.621762569715873,12.938159731213805,1.389567513039188,1
19.79061354954757,27.361414260269015,1.1285335560090202,1
-4.527597321052244,-33.64626244468236,1.025609525720629,1
-23.36693622483223,-21.87770413225733,1.211738676105382,1
36.56743992554777,-4.530597275104316,1.373413249012413,1
32.03243059680724,2.4177569085304422,1.056750421581575,1
-27.973523932690078,-27.107394341366668,1.5030900511235488,1
-13.346733431785221,-31.53890677410718,1.1113985010058285,1
-2.7669319800734526,38.809354305873434,1.0554584519704042,1
-33.83052946368053,18.683332889838933,0.8173800994455066,1
28.89139749339691,-19.556713798671062,1.0148998906661164,1
-26.267038548834844,21.848095477590196,1.155060172599761,1
14.977103940920227,-21.57092887446344,0.8618209402081222,1
-2.5633572303200185,-32.90411357766935,1.4339110221681672,1
-22.54398804496256,-27.745241714821887,0.8357695966205304,1
-18.537655467384727,32.76087196510154,1.1620427209109694,1
-29.5400692973362,-25.327843957575862,0.9683962372326832,1
-31.16574488124545,24.930507048100836,1.2348406063788795,1
-34.04001196948897,-10.164377653628696,0.8907812290437696,1
-14.783138657764258,-29.691608729260068,1.4411926275038478,1
-9.783523622922015,-29.52961574552542,1.0116358817842566,1
11.748457739357459,-34.395299281458435,0.978147655434221,1
-34.5271108152889,-12.431521307967255,1.2255750313530713,1
-1.0375797366300312,-36.34816459548937,1.1128842965210723,1
16.965315913297985,-37.41142699886768,1.315416748763758,1
-1.3886720641455652,40.65249735796558,1.2369056175071207,1
0.9011925463554257,40.464142147614695,0.9682752508107255,1
-13.68117712293601,-26.38142704773307,1.2250904344950833,1
25.36155506001653,-18.09233306358663,1.104480593596995,1
30.455533536766655,-18.113687479307185,1.2233964996703182,1
17.179047226996943,-26.58754680263779,1.138429454689124,1
33.52676157811068,4.221113342084919,1.4187562817413544,1
-28.895438028526158,-21.585062433557535,1.153970952889841,1
-12.75757204425569,-28.20539745767929,0.9436224278521955,1
-27.768603930100795,32.64113748850632,1.098431589903351,1
31.80284623438082,23.147145473545645,0.8502341413716417,1
42.387084124010194,25.24801329622076,0.9052803364141697,1
30.82861309392104,11.854019991772429,0.9494685200242505,1
13.089299521588755,28.79880891150273,1.1544286487804027,1
-37.60658591453539,-15.77027274496418,1.1807908557036446,1
32.35078906148764,-15.86817972391404,0.9426594069452534,1
10.569615891360709,-29.04796535178155,0.8934882103506504,1
-35.83119417392711,-1.0736221103991852,1.2796687269060039,1
-15.527169590075367,32.83404525513872,0.9895025703015985,1
8.43576823193126,38.40925786973042,1.0020307059009685,1
18.96387855940905,-20.065382815303238,1.1922330813821778,1
-36.59132361771124,-7.667013005230037,1.185098704729777,1
-37.73565391699931,-22.626861171795927,1.2209299036765255,1
-41.70862340434342,14.359637842602783,1.22035351688988,1
-35.2306603999387,5.151121104366695,0.8777217626572418,1
33.16430925290014,-2.7936776415645457,0.8384737003098266,1
22.684985885410555,28.957126857042795,1.0118846612551893,1
-20.017933401203173,36.27091113391059,1.2416987286909995,1
-7.689082232430582,34.50373820029574,0.9307484923373832,1
-26.875755032059256,-22.442156271305677,0.8008504280084711,1
34.138884529210515,12.331218539920842,0.9013250587122962,1
6.593824933543212,-24.80169420621007,0.8705460388660232,1
29.785658739235945,27.28335223749224,1.1314696871870873,1
-25.35076516160542,33.216803413899854,1.1434788172465211,1
-31.885786140526708,5.408910620061611,1.019682567636874,1
-14.29347804783904,-46.156141547864465,0.988087158400171,1
24.863159420607158,-28.878086432904055,1.1049452279697678,1
-28.58865665760119,22.048975726175815,1.1924184687144972,1
-45.0927234919604,-16.627300888385644,1.1552197695698603,1
2.891737527733391,-29.521244816222367,1.0611574684988834,1
34.119067168919635,-16.813691195986408,0.7489679750587985,1
33.297350476028555,-4.651835728268691,1.2957326104376228,1
34.712072116328756,-5.895305932693477,1.024274825537844,1
-37.43101003226324,0.3838274545528719,1.1459895960884028,1
16.380815774713593,-30.505666102259287,0.7059634419291001,1
-8.562736775885709,37.92812348755339,1.0238301811625181,1
37.429994615716815,-12.936987039623324,1.4849092398152193,1
16.982406560625027,26.63774585694404,1.0224407125241928,1
-7.122405197487227,-31.257654584648588,0.8670084074890498,1
1.6185656859046027,-43.361088253581116,1.20308358912641,1
10.78314348512557,-33.09213512934147,0.8209746041719047,1
21.70125252480066,39.35169916805138,1.034435516867346,1
-28.102821033384938,12.733231875779051,1.128047257533751,1
-24.603520603301213,14.991565257889242,0.7796526219031882,1
31.11544179682259,5.128356827178733,1.038632025192163,1
14.144859377808093,34.079150551320936,1.108360585793535,1
-19.819716949947736,-29.00554548867243,1.1571331475424327,1
-10.087950066039468,-31.089563041526254,1.0614296791427211,1
3.8991995383148863,-36.60373566593104,0.9079774111733268,1
20.027959914301686,-33.40082175945808,0.7387166572422438,1
-37.59524640567396,22.03326253400649,1.1192697578797088,1
23.559007586433196,-16.626201490019568,1.2197392030913627,1
31.58852951689986,7.97107791332657,1.051595577181799,1
4.162322213926727,41.594637781749675,1.0820688548427413,1
32.564370802597495,0.45773211971522865,0.9614200271951339,1
12.609235445777733,30.719624729986712,1.113399840208072,1
-35.804423363479245,-23.390240620306745,1.1267806826747682,1
23.06659198095139,-29.479070880529804,1.1618048088885025,1
-35.876117180656195,14.093517474112806,0.9260953281074076,1
-34.60937467758374,25.295062311058075,1.140209170241866,1
-29.907208601691124,8.60086826732762,0.865813146347928,1
-7.035846260515984,39.22008895220056,1.0980932952261209,1
-26.352578834607495,-28.140200577831187,0.897556456624757,1
40.36588581280775,17.170403681222353,0.9413954194857199,1
-17.78470413162487,29.452882226914255,1.20082342291655,1
38.654486747786976,10.530117506427137,1.0433025693352236,1
-40.3765043921483,-13.786455510470502,0.8855429971221452,1
35.014016099059894,13.847330768568682,1.2111442924437208,1
-23.65755765596738,-26.515113889046717,1.0208617120472556,1
1.9336846690010452,35.594121499760206,0.7880000368697807,1
5.389250790456651,36.972767050807256,0.9293088518380535,1
-41.9763827220899,-19.397446494452197,1.046862386091185,1
-29.306152766935845,20.31897334325884,0.9329932928228903,1
-32.694211892385376,20.044382651273413,1.0463238956993526,1
-37.54861408687113,-11.815026245828275,1.2409558434770938,1
-1.731272918495131,-30.75717863422226,1.1316396209203483,1
29.57575616194519,-15.941664330913046,1.0113496070418297,1
-22.356845456731598,28.57328357781647,1.0659032492844172,1
0.6711295057882881,37.235558724760494,1.1350145858162293,1
5.9484217132589645,35.430226574111245,1.070303894216741,1
25.51679836864233,23.857003970575846,1.2362629378714236,1
-14.9443681239008,-34.746731493485704,1.1586597545967523,1
2.493839354862478,-31.88277698293409,1.0227229884322826,1
39.38151745947648,0.4523867219453089,1.4745340742098103,1
10.512348354000244,29.49512877086872,1.3462177681632645,1
14.467309947228392,29.696770383364854,0.8510086108778677,1
37.761890766894766,-10.472135902902858,1.0542281454916247,1
2.872178231348031,-34.88391015528141,1.381967177182501,1
20.45987124777658,32.31043845999362,1.1210770684881457,1
6.6124853884765775,33.984866147447086,1.056003349967748,1
-26.96671622391289,27.703358002579964,1.018757275378523,1
-29.79013766750098,-23.537239498785087,1.0879142435498628,1
21.601237778437728,24.65342632460608,0.8306272780078898,1
21.235948718432084,-29.40137616647664,1.2273233771182566,1
36.48133598117568,0.4584491186496142,1.2596688984974909,1
4.419424374676806,-38.67369338002116,1.3093918040902903,1
42.777178149249664,5.835743951875298,1.1474624572701788,1
-22.814959203354373,19.305679618870972,1.062905847681662,1
32.806577987455064,16.435702290382235,1.085565058044643,1
-18.702580214090542,-26.676791412760412,1.2838716883521117,1
27.480274758617696,-22.62504477449546,1.006383995103029,1
-29.099268595314513,24.350103239272567,1.096559259802653,1
9.92982886507396,-31.91653973112301,0.8521312542919344,1
-41.91229923905071,-15.7401510774623,1.4421900728418737,1
18.912914626973915,29.62672902660642,1.1033144179155359,1
34.9529332526988,9.120130845595837,1.1868391823286653,1
24.56156975587754,-25.30339623174807,1.23110246069494,1
23.25792949104051,-18.951900204977964,1.0970652638654517,1
-6.582405849181005,35.45876357293014,0.7605180504932832,1
-15.04636603798239,31.41860650544068,0.7077911770341535,1
-11.304893518585818,35.022874108752184,1.3676051910691462,1
-26.480021093201884,-25.32697208687162,1.0156464770296583,1
17.596530487909636,34.72682811673787,1.0490928133963764,1
-35.68996316908433,-15.187218369823128,0.878039546185396,1
-3.8034247391594773,-35.105584764602526,1.0449281789907343,1
37.79637348390028,-2.797576199364968,1.1192113184043047,1
21.431671748095052,-20.260664807856998,1.1694001448386444,1
5.635271713707482,-32.149828574248716,1.0569868186796656,1
-31.77659438420733,23.193086211349257,0.9009383192702289,1
-5.911465014338119,-38.800516834392354,1.008748527617562,1
-30.952301685738984,21.37698167664855,1.0733038687675862,1
36.501282208674304,-6.72015104103455,0.9595584773702491,1
31.78480610664672,25.695471762719915,1.4233010675900626,1
-19.73689173554602,43.306679989539,1.168578153548198,1
37.11518911186582,-16.589321672103335,1.0060574980464967,1
-27.311975126778606,23.552032714832105,1.066948785208992,1
14.244563436523745,-27.940261716361064,1.1132039387428148,1
29.370697693319798,-22.693204338769988,1.1279090305115194,1
-40.18580874828882,-11.818589546815373,1.2458936214143974,1
28.754958275938574,-25.74208938898014,1.0380192935198256,1
-25.914680008492798,24.58905928633217,1.061112791092556,1
-15.957195596300942,35.33176107368217,1.217673962094986,1
31.920946989627847,-12.423235364190415,1.1443184299283806,1
30.567436584741248,3.656991607809858,1.0777692393123928,1
21.624040894752795,30.461362904847192,0.9120730008292952,1
-38.60207542931741,5.4608687411604055,0.7848380925106181,1
0.9051713213945216,-35.696243392430354,1.068526641786951,1
-27.857447203466677,26.085870733693707,1.2164168828323532,1
9.369776490570679,30.385347945076994,0.7742914068571612,1
23.461549154806047,25.004845778794536,1.0253341516556576,1
-11.210983219846124,32.65854204855503,1.2117790536101538,1
38.732470738553275,8.311118496440677,1.4379993078760582,1
39.08646440671234,-11.743892200196864,0.8517587069588504,1
6.801072303962051,-39.33563282145205,1.1858705514784091,1
33.67237315587642,-11.412121505889484,0.9048357448975556,1
-23.737769760755587,-30.336468693721677,0.9179014526079344,1
35.749192570987375,-11.447643874564797,1.1408374044134497,1
-37.346094666177834,-17.837060137241238,0.970571471040247,1
29.360972523511116,-12.533141373155003,1.1103485026165585,1
37.74891580572313,-18.496198636117548,1.30945410848143,1
13.753033800142092,32.11408591181414,1.099007746492383,1
-36.834242856682906,9.630729686740162,1.2423837790471808,1
-36.199169703981475,11.979954443581253,1.117862046068498,1
18.885877406672943,-26.883588245417478,0.801852807370002,1
28.704526539125883,-14.36951904391728,1.1786770722156594,1
33.98190376857707,10.618988872527694,0.9927639067463971,1
2.358158753749005,-37.25042433661254,1.14043789237936,1
-32.73108201733011,26.288264030192618,1.1369340882888042,1
14.619909411785322,-37.267295873076385,0.9616510775425932,1
-5.154587717937993,42.30335207313423,1.391309440143911,1
-34.41913949602692,-16.073753811071292,0.8234913555437611,1
37.934988872359135,-8.207186125001503,1.1059994712313697,1
-36.58748900118804,-3.1704205769869884,1.0886816055274524,1
36.606630336535304,7.301611013461641,1.3402061167692596,1
-7.056703512276409,37.212531494467626,0.9997989752432065,1
-12.519215660518165,43.322892013205774,1.1602628933113728,1
37.20808317454813,3.7369223563631597,1.0154784549218394,1
-37.9879515020328,-6.111995276308588,1.1448216309758799,1
33.30818549713477,22.20545699808984,1.4060710967099117,1
7.030382887243352,-35.227586233186805,1.0622090127588368,1
32.761631549427186,14.546799420441898,0.8161300062291342,1
36.38788712006004,17.248567358603307,1.3916600246754613,1
37.020687885469336,13.100818952997901,1.2054746937132061,1
-42.93170608549822,-11.23425217630077,1.3390796044543936,1
-38.17756580216214,-1.920400694273742,1.122511992784757,1
31.345947759695264,-23.964488676341603,1.1880932888970972,1
27.90038987617504,24.059588487627558,1.123098591011522,1
22.450322812891898,-27.4529128588576,0.9612996187168745,1
-30.870423733946968,-27.423809856329342,1.5111350924704177,1
30.15845166718075,8.74534753593483,1.0361330948601482,1
-17.397193858450876,26.301692395949573,0.7034873390841647,1
-31.245121443275416,-17.753194755074073,0.8957639750902985,1
-0.7891237160875382,38.908441107327846,1.0470850583997031,1
34.443089320777325,-21.446077657719364,1.3124676168932312,1
-23.768285235403265,31.748081855772057,1.5113672143419496,1
0.43239337737385325,45.0065106709996,0.9075785677584743,1
-39.59080102653297,-3.68335099244389,0.8607576219511469,1
-38.98298462791329,-10.259973575082759,1.0254783052755303,1
-30.009040375348008,10.457339833226206,1.153316427889408,1
34.582011215286556,-0.9482622057802138,1.4301286482301574,1
14.603430651831712,-31.13789345597175,1.0779304829876721,1
20.789623102312373,-27.021013041175753,1.1009313151439686,1
-8.600273339730794,-32.57506225506223,1.2847088455276678,1
-5.477321513619363,39.97394630935192,0.9152472027297116,1
-30.52516209995086,17.504620784506496,0.8742674561987173,1
39.55231542070024,-1.529043247524916,1.075185997655382,1
-31.422375871267192,-25.211508035237035,1.1314336794180262,1
-19.811533960833543,-34.704574148641164,0.9341984742699674,1
-22.3064338602622,-31.43260700708201,1.0284835786368243,1
12.386476952830835,38.770072856234194,1.0020307059009685,1
-45.89566742286176,15.722129566991095,1.2189756650126906,1
39.77016420529547,-21.9931564816124,1.2301895577504864,1
-43.564060036598306,-7.724972591817369,0.9449531203991384,1
-1.1593155770168377,44.05399192663983,1.0195982791514986,1
-11.913080694693639,-38.91870215874449,0.9078894020025143,1
-32.15645986598056,-23.347451929420167,1.090875343117579,1
-33.02386343046551,-18.898049015121867,1.165402586977626,1
22.277658790783015,33.66353568439536,1.435252789521614,1
36.01388226638491,-14.65581785651316,1.1414253220635762,1
8.23992608317426,32.91301223738527,1.0220901681187855,1
15.605551458345573,30.813623290285374,1.1738373474279522,1
24.805457912328134,26.0452227076186,0.9017375338938729,1
-5.836511913969233,-29.50694675832787,1.0486766694602605,1
45.91705333869694,15.785789967616658,1.1098751411688228,1
-27.961438403508797,-29.35261709592902,0.9221090023330359,1
-7.57437674290673,-34.182780797304915,1.0012282028197472,1
-6.347140881119207,44.20916415316463,1.2845705804251517,1
-16.748999507516267,-31.200256429954127,1.1858552838011454,1
0.3663533632152979,-48.26866241661234,1.2480669382908833,1
-33.732054781462885,33.541073579586254,0.9434861418253769,1
13.57756982091791,-34.111033103936876,1.228951545744042,1
-9.486820684292233,-34.553103430602235,1.0109537395257475,1
-24.60673422929431,28.26837749321607,1.0421245706957032,1
-19.457701981823142,-31.274663847940705,1.0838024287935428,1
-39.530606010618904,14.022294192223432,1.3619460379006556,1
29.493311715214748,23.218655130977154,0.8402127591452935,1
7.158214172839091,39.96639739022369,0.8822490651428778,1
-30.987427829188356,15.162044197768004,1.293585941981122,1
-43.88472248855411,-3.960184555724502,1.336594473596542,1
-16.709883602859904,43.186873424659936,0.9591059507002342,1
-22.780827554734678,-29.48237197132168,0.8144764886837824,1
22.46173930470123,-33.032660731621654,1.1227908467811327,1
-39.503555597964834,-17.27308483946024,1.3031262458623387,1
-26.48349180927446,38.799713427894055,1.0374034582549763,1
43.919708269070334,6.918805594772296,0.9819735630971664,1
-30.780955453122253,19.35600763296201,1.0382127713749443,1
19.57381785042738,-28.46497578926555,1.0590131025157534,1
-34.639215490376955,-17.737379124293664,0.9251114095146422,1
-30.28508281409176,37.28860221341076,1.0108553239000455,1
-18.33564709537514,-32.542132208621666,0.9113213153577868,1
-14.653331122113732,34.17369881080262,0.7883351968201434,1
13.229984033502413,-32.26030589450099,1.0086707289323327,1
10.96585266329551,40.83349142431109,1.4253241374566055,1
12.918250626257393,41.680670701159656,1.050994183329456,1
27.893202411588312,-29.374898236147953,0.9671374928548133,1
-27.81953089957406,29.54182710117536,1.1083096395432137,1
-32.210173329008356,18.263293608961472,1.0070030354893444,1
41.84630989295868,-9.49025901682017,1.136148440637741,1
24.888312138811195,28.74851968174296,1.4241118556506378,1
13.5225999026146,40.01370293134642,0.9037766534003734,1
-42.17402072066658,-7.018559168966801,0.8663936822572625,1
33.291737010469504,24.31893616813297,1.0656262879061036,1
-42.930009141792006,-5.725245644290167,0.9960488748883467,1
2.7003222776706632,37.9298433011209,1.2293262198957677,1
5.403306649940552,43.62118858669771,1.460272464648279,1
-44.69489120140343,-9.747365858849182,1.3770852621050298,1
-46.69221818568896,-20.974212087974884,0.8720303804597617,1
-18.143908150672072,-34.06974174669973,0.9704427069089906,1
34.69980751364184,-25.255341997532184,1.0920940333518159,1
17.93713703581535,-29.51554793378003,1.193443683288303,1
17.888210868957596,-27.96029902702033,0.7534174032753179,1
-20.541386533312316,31.91197099978503,1.0538892112034377,1
-39.007559414919484,18.807084495834353,1.0423858277312914,1
17.558526768907143,30.665766875929265,0.8145772090809836,1
34.63732314615107,15.834554222668991,1.3148836904940355,1
-15.596798153259545,39.29139820484093,0.878576403857363,1
-42.65779997767035,4.587129742574719,1.0303490099312245,1
23.24348025537219,26.968241919604573,1.0465813301557294,1
9.754961702105634,-36.842213494836884,1.0288571472171661,1
1.9464735887695963,-38.993416374234286,1.0158377092122315,1
24.01542704656084,32.46726340845771,0.9161111353384295,1
-33.3342394459132,1.3433960909350517,1.1230865935119392,1
-39.22448397547579,-0.4057338986902682,1.1275178498015397,1
0.052060741088501845,-41.619670236853956,1.1797328415118635,1
36.722104223344154,20.606910186764864,0.8453477827568103,1
-32.0500276336847,16.787446583709272,0.8975711155940904,1
-21.89818312142915,30.368497832786424,1.2163791984240075,1
44.68785832440602,-9.087082059314936,1.507886962339897,1
-28.49823018189521,-33.2288243938052,1.0156134004782276,1
44.22342143038802,4.442302331151594,1.0921891778123693,1
-32.75745383563611,-17.036716839908706,1.1009638697953723,1
18.735517920991956,-32.58922443395255,0.9653180265741852,1
31.105557479170947,-27.2394020047401,1.5404440673672974,1
12.48756631361627,-29.069292142463155,1.1830517759659702,1
-22.219469205836216,-23.801032283877216,0.9479237329940039,1
-13.29822418235209,-36.10480024526339,1.1388564766784532,1
5.539648486934516,-35.56905521701389,1.0989505814593334,1
-6.775896218975922,46.06596111090483,0.9988451753630374,1
26.20262089747605,30.321846695453008,0.7880988959156414,1
31.237011763563352,-16.536374176462754,0.9022332852032228,1
20.098601256586736,34.614257719677155,1.168498457230097,1
-22.553957589236667,17.836938926976497,0.9688925551878442,1
7.09689130254902,-31.1553005967678,0.9976897117739838,1
-14.87084469884348,-32.54075763769157,1.1971161952737588,1
35.182777372641276,21.518439649909194,1.247771180363089,1
15.093483110813798,-32.78311693463831,0.8757297108706913,1
29.994313934234544,18.7345397245921,0.758815735841337,1
-11.351738702734659,-35.07841355145497,1.0693034020482164,1
-40.798673364717736,15.97645705567442,0.9286570349219863,1
28.7244855400509,-27.748375000165186,1.3126923996163204,1
-46.25340539444105,-18.735517920991956,0.935839450647568,1
-2.2757546177570895,-35.31707311151153,0.941833424379234,1
19.27716506442413,-30.551024137704985,0.9432264105918126,1
19.21011100273581,44.74822965956459,1.0193909855971965,1
-10.169748999931484,36.94591031929335,0.7699008247705651,1
15.124295484953802,39.9224272995591,0.9490633554493223,1
40.24867089937674,-3.0151568843693695,1.3270346913394846,1
-34.14951204674917,17.060463844615732,1.0811539312984848,1
-18.30177374031257,-30.238744064366127,0.8986380544191555,1
-14.2361741126837,40.12816970240156,0.844825690341848,1
-17.1155711877148,38.30441332170498,0.8379245454310154,1
-40.365999029983676,9.994019769038033,1.0571273471059282,1
11.249986423046282,-30.73006901446433,0.9245741462751912,1
32.96216181139766,-18.08586792065281,1.3787372055533111,1
34.61026990196755,-19.31357085603185,0.9255781491271848,1
23.19063331322405,-23.424009049137968,1.0798461571326892,1
27.050696797059537,-24.021854298547098,0.7693335912899901,1
36.71640734090182,2.2046935051868015,0.9639225245329551,1
-8.522536133745401,42.55965583984056,1.450834125258505,1
-32.67631823622043,13.230159937240993,1.090976939143242,1
19.202952260434003,-39.85538956663291,1.013457663034966,1
13.309002505778878,45.58482562293234,0.9118352987804514,1
38.593989531657314,16.103065190089154,1.1444927820521347,1
24.485665788818935,-33.793441596351826,1.3881294063056073,1
40.212102051868854,-8.455049987889964,1.1678507951352959,1
22.836329479350532,-40.77054536123877,1.0947362870648227,1
20.05641353255427,23.633439827162814,0.8923880246196814,1
-34.507915914086766,-19.868013157730015,0.9566535207293411,1
-24.568090376727103,-28.484697055838044,1.2755380608987945,1
33.31214387238388,8.051952146338257,1.0254874961742044,1
-3.025858417233132,41.74729709772345,0.9691532748763423,1
14.309390029833182,-35.58979972687291,0.855154351484997,1
-47.48687085480743,-5.457925537706814,1.2271804629632295,1
35.44407684951819,19.292211558762116,1.2104925270524725,1
30.930002460178944,-21.762904770099862,1.0577277403182033,1
-41.47098982176617,-9.292149346190701,1.6153023995133038,1
31.17334072450187,-19.76248519248851,0.9387606313884984,1
13.935286564276717,-29.711378267735576,0.8551547484064952,1
-4.3962403585836025,46.2810347398697,1.023068141825438,1
-11.508693295697116,-42.00782036767474,0.9650576730826484,1
-39.77098269616063,-27.314574841616793,1.0220052704263984,1
40.581365868813776,3.1522032925312553,1.0543656651667985,1
30.324505240592767,-11.171586469434994,0.9911984009373395,1
-14.298775149057375,36.82764646648652,1.0738180878394836,1
-46.41262246803464,-15.122435048332344,1.0354184116004745,1
15.695916460851178,-41.406058626723244,1.036384374747536,1
21.08747801486214,41.46225052775831,1.1720576730008299,1
39.57147554777162,4.44287072758575,1.0278939576340993,1
-37.489439409455684,17.87635205244497,1.0240216299853462,1
38.5324468661332,-14.750811110571583,1.19690649472609,1
33.5752695380304,18.25435104322496,1.2214249525051872,1
-35.93762241146889,-19.073584408257005,1.0470710767934273,1
35.3053143289875,3.2586167570203006,0.9848814854049761,1
-30.234017549706234,22.848208191665588,0.9260953281074076,1
-45.147793355569725,3.492188937156358,0.9621472606684001,1
-44.07927808905936,-12.89594283395685,1.0617793828948325,1
-34.215475948713156,-23.861708603223445,0.9122349694593679,1
-37.062289489186945,28.97393718158296,1.0739675668985917,1
39.18374173407155,6.237648052639445,0.9013273934616516,1
-8.601912695775397,-43.86181709225146,1.1032627763972047,1
-17.40559349464451,39.943585746666244,1.2799400673835521,1
-0.041777137910507176,-39.00592109578573,0.8882057909206024,1
29.600096903360832,25.108059884220513,1.1188225651297148,1
6.6212319211795325,-37.36209442112227,1.0017722836245258,1
-41.65450179600514,1.5484494019091384,0.8407629494031044,1
-38.6557888923452,-18.996661424167808,0.8957639750902985,1
-26.096180015669255,-30.354723486591272,1.3623208239028752,1
-16.90183636608332,-32.93530507988375,0.8001394573779609,1
-15.659264921373369,37.896638614885546,0.8841402225937909,1
-21.11030914878339,-30.18558895334485,0.9492316966994903,1
32.19113564590987,31.18848433605747,1.2802117602205918,1
13.122199017693292,-38.209370332958535,1.1210591040127649,1
-29.16952424804291,16.138690014562638,1.1757585215924191,1
43.668356807465855,18.62135581711453,1.0652350875485728,1
-31.906902253806074,-32.28134919359664,1.2986491233426685,1
18.882377460278846,31.724847429026596,0.9975299814561797,1
45.14517098111216,-6.897206530274347,1.1290220693724966,1
26.90532940902398,-25.437161419597246,1.0040462551046612,1
-34.27396394178788,27.121717931507437,0.8665634592162292,1
11.79328173725584,-38.84060941029037,0.8377916339168576,1
11.849103657246665,37.01504752772876,1.2725686347211538,1
35.39300830098169,28.52601270210885,0.9437730256746047,1
28.046385250593534,-21.083528932174076,0.9121948792351282,1
-23.974108998077917,29.567470948040256,0.8742267136844772,1
-31.368203318811787,30.442679032794175,0.8830380614035289,1
1.5039769647786003,43.787662672460286,1.0350938924626851,1
15.2672229541877,32.990013236671324,0.8145772090809837,1
29.56681987576113,-20.81640844432198,0.8322072068514004,1
-7.76137706010746,-35.67665682099807,0.9273367376979985,1
-33.032660731621654,-24.619789584891357,0.8377649186134345,1
37.81248752280862,-0.9023861788671659,0.9172499714905251,1
43.319907931926494,-15.729092423309528,0.7577401737068935,1
8.271873306282302,-32.24831767231796,0.9983830741157242,1
12.71544161130999,-30.808740248191924,0.7059634419291001,1
-25.737502095405645,29.480733652187926,0.9973103262559391,1
38.01325425914467,5.21425975996354,1.0498807574242124,1
-18.148952796126387,35.14582067372046,1.0561505258286767,1
9.157738526066659,-40.41653248720371,1.3392250033507098,1
-46.85866441685197,-12.640131604389241,0.9365457661906587,1
-34.171241332102035,22.08781856116023,0.8362858821513,1
-39.62263122684574,-23.483014478966535,1.0294168846585976,1
-18.396861087023943,44.30017863218396,1.085897810642907,1
-41.36340948024155,3.2424449617000866,1.1215994898928163,1
0.925835282081463,-40.02115046866495,0.8739837986393737,1
21.905145977747583,37.63006068726606,0.9688211656444861,1
-39.3122867737962,8.948662940432683,0.8107164449031182,1
-33.30017683631002,30.041560079289724,1.1997331570826977,1
47.77405616148991,-0.19939088548200104,0.993587257575015,1
-35.429624019237544,22.95914835294832,1.1670528847377102,1
-33.18872244391239,11.463003917447166,1.0201916414499212,1
34.36078773274973,26.081648837265597,1.1597060283431995,1
-0.8988822898811257,-43.490000564847854,1.386483466029804,1
-7.12110305292897,41.01983233784788,1.0938613085032505,1
32.524563993962055,28.021130144625015,1.11761800957165,1
-40.47870446425782,-2.2676630457828346,1.2193072358351178,1
-45.26489593910678,-1.8343961464345178,1.391164680265398,1
46.21944024166829,-10.928202991759306,1.2056658576268489,1
-44.902067826223316,-6.345947248607496,1.0913739062135377,1
11.23425217630077,-37.280398702693795,0.9508060203584527,1
28.178235083006136,26.231598231431015,0.9707192291134024,1
6.348135574878996,38.55631951636777,1.1749349041769748,1
19.339182057968312,-34.76584433075169,0.9955020036324791,1
37.14970551725181,-24.110323531769343,1.0166947328808682,1
13.359043253385993,35.36595405424894,0.9119489837205794,1
15.992288392145772,34.37840678656419,0.9254672649999115,1
16.45544493470828,38.186203011026336,1.2982571060560784,1
21.63413018566139,35.90745003408908,1.0331539078453358,1
8.982084650761095,-43.97107063775684,1.4157230963168554,1
15.609609808885445,49.666332633538666,1.2459176288495741,1
-25.703531202043663,-36.446728159370615,1.2195025844028535,1
-31.03601587404961,27.216705950335545,0.8742267136844772,1
21.601237778437728,-23.975162203235328,0.8493925992280513,1
-24.151363426069693,36.44637511313477,0.9162613072331445,1
-6.464675179249942,-44.11800528311562,1.3779942150857005,1
-43.770915802522026,-14.69834958968972,1.0652020798448216,1
-21.65448315028448,38.30963546394377,1.2947728156025744,1
-22.33317840826935,36.71330903641564,1.0926371762218885,1
-39.5848142715676,1.7628390436073234,1.4738861063316517,1
16.46019233674356,-28.199568089598756,0.8185024712991741,1
-5.621572435422439,-41.68033722511425,0.9956048197255859,1
-29.018698400772806,28.08766504162416,1.0615488454955126,1
45.62467754711425,-4.378513582944158,1.101782475284168,1
21.990291763584242,-22.419999467806715,0.8193158808144575,1
-27.495783997106216,47.55845107213357,0.7534501582631653,1
16.888408000326365,40.898773585948035,1.3005655061336914,1
16.77650495235177,-45.04769099265425,0.9104843600970749,1
2.052842121465054,-41.1864956159197,1.07617045731006,1
3.8066345072582406,-40.27070346703745,0.996362042270354,1
-13.683911626508333,-38.49573362372701,1.1609038833444867,1
-21.930048428580513,-35.35672905728043,1.2997799470653348,1
40.27380367093671,-15.712702930744642,1.1100290781620024,1
-4.301553164143568,48.31973611543151,1.107553019621499,1
38.55864375129162,24.270862585894918,1.4404527564418883,1
0.10604965777284564,42.30995710017543,1.1644879835154653,1
26.178918766171726,-27.299228137894563,1.404922238880419,1
-34.39186830877978,13.364042227153048,1.0684413665589652,1
10.205557975283346,38.98702191435001,1.0680277182608628,1
-7.645216237624552,48.25684280914612,1.0959492872078993,1
-21.459523173368726,35.156854122963445,1.0033739206639758,1
40.57468289761396,9.50883986789368,1.0495951264912582,1
-20.701964405924684,-40.855255733957954,0.9426478256159702,1
-23.287324918568142,34.469880012407025,1.1759242383742616,1
-10.314038106496376,43.68168390349611,1.042085704904611,1
-39.62979302191612,6.2331489762490895,0.8650022520039071,1
28.86596438700065,-37.914281085668655,0.9010495025676356,1
-26.373310346653298,41.83085137354446,0.7235294659444247,1
30.913475240785786,35.42058569613192,1.0291502562701138,1
-20.7221684906995,-36.61589116085978,1.1063929365953202,1
40.570695684027584,15.174271652766194,1.2926372935463413,1
11.767227178128866,-32.37031902433201,0.8767605138011662,1
-37.064676754210396,5.949064438457578,1.1545774334363226,1
-36.917064200259915,-20.93962990159342,0.7999733042384574,1
-10.94096822834309,41.86997599476224,1.0653827831669673,1
-9.485188056236668,-45.50596968784895,0.9632070626290861,1
46.27703132443757,-0.8008464911321218,1.1082958919592005,1
-41.85508033199152,-3.9937696763710404,1.2330612207305653,1
42.323279040655954,27.274394380962207,1.0501997830281335,1
36.31859820840358,-1.9961320284561588,0.9325091509743919,1
-39.649336225413236,-15.224580376508788,1.117302621640657,1
-19.922874344326793,33.969633560239714,1.0495095364042917,1
8.81134330451811,40.50384340289617,0.9862708013367816,1
-2.074032749815645,42.88760118917038,1.1406492221559492,1
-42.01047851006566,20.649114628210253,0.9536788009080415,1
23.8993080273429,35.22369754362027,0.9864738111237412,1
35.890359386762064,27.06019160113013,0.7553163241946664,1
28.24134522750926,-24.168074281233885,0.7354970645146093,1
-45.720474877019505,-22.25163659047435,1.0960588239853797,1
19.927694783316454,39.34087113131393,0.8873772465419064,1
-39.604726739169806,-5.451916497322426,0.8622553733716501,1
25.7764940907888,27.263760200403176,0.8182218320954561,1
-12.913178563179699,-33.89608299113921,1.1305558348525517,1
-40.890384467125706,19.183792198587245,1.1360913087275193,1
35.95058357258112,-35.71619755209614,1.2468492560737163,1
-8.813077138304896,-40.37380586888615,0.9735953391560965,1
40.44935148388242,-11.018266024573645,0.982098969050652,1
-29.83890298120742,-29.152086833958524,1.0032584304226926,1
10.701169432015107,-35.23946026515817,0.9888079978567098,1
39.63770869015177,12.570520917601252,1.041755463018969,1
-37.49199719340939,-24.955871738975077,1.321141763781255,1
13.574688638993065,-42.57666589466622,1.3290185242212724,1
6.943360320727883,-44.69318213667073,1.3882555414293805,1
44.09278498327103,-5.6160409676851755,0.9314544930977408,1
4.811636448911236,-45.59883783067872,0.9602688990371439,1
45.90547872040139,5.854116397751859,1.0633057582907808,1
21.844052528760148,-35.856913173713444,0.8203412235815394,1
24.855725971240993,31.167415966761837,1.010729961780833,1
28.61733946870391,18.873625457574192,0.8502341413716417,1
-38.341771723874956,7.677352497555706,1.2617069989556777,1
-40.26062780436492,-19.685387383435447,1.1260420698549185,1
40.55557439801316,-13.17985146800981,1.223033508767894,1
-55.9705027442356,-7.838226614771134,1.4096658385615224,1
35.73102196706698,11.258617304284927,1.1517572519027195,1
31.003858471842186,28.121235956016537,0.8525326684666004,1
-9.707962421956303,-36.330443555433064,1.014139574400052,1
37.83480262818037,11.943166669491847,0.912708185289634,1
-8.386760435536232,-37.197319167076294,1.0123886058562417,1
42.6588554001018,3.9116593864636267,0.9050244661847094,1
16.647469161859675,-32.179920918797286,1.078379593161874,1
36.84173875463337,15.051163412670679,0.9469140165019461,1
5.026449329654803,-33.93842756046448,0.8980038701995293,1
28.170078345191328,-33.34552848869416,1.0050898748784818,1
32.71541559061367,-20.519102391862205,1.1170215913758845,1
-43.172494316727935,6.124528417681731,0.93856556764747,1
21.181008920631953,-34.39093992793734,0.9993828969519897,1
-32.38370913263667,31.940228745586552,1.1528449575031323,1
35.506122847565685,-17.89039265372274,1.0097861256657104,1
-33.078540981291226,15.411287767061676,1.0571923493157755,1
9.028337910590578,42.617156790645986,1.0682969247245562,1
35.61979178931969,24.02588101063486,1.3186510323609681,1
41.33957736082232,1.761236182438087,1.0986321820744562,1
-2.995420788184057,-42.919742632369314,0.9336440650931842,1
30.760688283243482,23.96009679033154,0.6644324582155984,1
-14.045473765515698,38.48231430064057,0.9741428463795594,1
-15.40079894405748,51.12960494812619,1.1796964871411018,1
-43.46282025825546,-0.0649307324151414,1.3142218093285887,1
-19.39179494529189,-18.095263079103457,0.7619021508332053,1
-43.055138538415655,18.300285365620415,1.642243780353225,1
35.698906780093154,-22.894556446076425,1.1249003848627905,1
3.3839481707518506,-42.310410788550904,1.0439909227265018,1
23.217644393769643,-36.93248195353639,1.0729885586089996,1
30.14220500243778,38.83184968782527,1.1403730324795656,1
6.1844570017189096,46.774547959191935,0.8255952354776421,1
44.9175041246377,1.1832135160758206,1.0933699489613522,1
-30.495639589160742,4.341480171660905,0.9965184643549839,1
-43.30641652219884,-21.84120538169673,1.2274649099365702,1
-41.9038390664748,-13.217327615328877,1.1179086793236073,1
-23.263438564171544,39.624008495128514,1.0578795588373162,1
41.17833226713261,4.985405123988329,1.0827811990358192,1
-30.217836027965443,32.19720801034649,1.1293817374756978,1
13.776293503951733,36.918569682707115,0.8834607483127517,1
22.434323057947452,-43.99644178768147,1.0185972223436943,1
-11.4350885394174,-37.17479380727006,1.173597518998581,1
2.6152488331983306,40.231383807827555,0.817342348423645,1
38.32007974842142,-20.435287008929226,0.8921676087213317,1
-12.667756595311118,-40.37992474262051,1.054156636113007,1
28.30590989518915,28.138801343547094,0.8241205158197014,1
42.63506127832194,16.72279148932395,1.096666729701225,1
-25.60938553914671,36.69425279807049,0.9973103262559391,1
-35.74894265789918,-21.42184183329259,1.0458502076211764,1
-36.52304844859406,4.2465231946690025,0.8777217626572418,1
32.54439043229247,-14.220295019541265,0.9022749238653175,1
-40.632444331768525,7.766369937565053,1.1015314931701086,1
34.15008564589667,27.736386777982162,0.9847853292754786,1
18.243997300734115,-35.96065676633361,1.0960335960736618,1
-57.13973089670213,-20.20684202299127,0.9255076275681963,1
-6.782357658472715,-40.467585318321646,1.0528616738854362,1
31.440280358943095,33.717731191322144,1.166382144087659,1
-7.7868952270602225,-38.80914472156954,0.9958496589770001,1
12.909135614349653,-36.25535275151632,1.0979451404958644,1
15.788624844832002,-35.283926250774634,1.2935320357815328,1
19.411084809642517,-42.1174687412999,1.2930021921849237,1
-36.401584542325764,16.188298504768582,1.1179157928174779,1
-27.618243659950288,36.882101772788694,1.3658669245519874,1
-36.92444650575413,-31.726967878477087,1.3035291363540078,1
43.46945443144926,-4.111281293062819,1.14322445255184,1
48.77670747134231,-4.718284636136234,1.4130666528469924,1
31.082190605424405,-25.511905550688862,0.881032215517357,1
-37.92239353177323,12.52350049517565,1.0344748984856316,1
-16.804050318007054,-35.516994475925415,1.0363339948804935,1
33.6051664557595,-23.68218800336159,0.9887167563612939,1
7.666104806579819,44.074880495595075,1.1251129258758832,1
-29.80276575691484,26.147266189744624,1.0224294498455013,1
40.53727742778253,25.913862984935236,1.0946424826935488,1
40.702969805258135,7.03342899771461,1.124883036480888,1
-43.600047659831674,-18.986180748455055,0.9254407807518884,1
52.552758309505094,-12.706012288646805,1.084462359300928,1
-43.2085545831349,-17.201186835472214,1.0946668339674555,1
16.328892760453368,-33.68729356227304,0.8203412235815394,1
-28.18028633364005,-31.01952489855863,1.043739131560858,1
-31.489035656152982,-29.961920584223936,1.1578950844533764,1
12.889853858390948,-48.459873163202786,1.062383729796447,1
-24.670628675510393,-32.65006201641909,1.4532625433529467,1
10.100862242263046,-42.47035516499796,1.1071430754888902,1
-22.705200629560814,-38.07244913258085,1.1261276256762243,1
41.57869650544172,-1.1217161528973785,0.9527195929775543,1
10.155325940414768,43.94258622554515,1.1819134834109453,1
42.58543470922013,-7.361858258753208,1.3589705740372153,1
-45.92721451802755,-4.243914486509866,1.191051377504528,1
4.5847979953425275,46.247291666941955,0.9192794592527853,1
18.57411551501572,37.90986039040006,1.1241989835134196,1
-39.190896599490145,22.85524742859304,1.0414102779443593,1
-40.04228728886415,24.72986684629373,1.108279796318375,1
-36.304332844239,21.05947542852863,0.8238500563787418,1
17.69618424614496,-39.179822677982344,0.9591661277227996,1
-48.244097241648,4.114694040644264,1.0981069014080347,1
21.776333135856817,-31.301520579454618,0.8667142319179119,1
-10.093178744125902,45.74596601201576,1.0014859581410571,1
-10.678748006718797,-33.07470430536068,0.9730468556772779,1
-57.39501281803741,4.332402112504112,1.2402721369657577,1
31.925767428617508,20.221741561686624,1.0643970044399953,1
22.66570412945185,31.54173912244007,0.8855335915607198,1
45.48834032823422,13.946601205794156,0.9078986814060371,1
0.35212159096007456,-37.53974249387857,0.9951436765192406,1
43.47525569264416,-20.421648002140802,1.1767318567296405,1
-25.446674580968914,35.15656095006583,1.0538214981105487,1
-37.32369500925559,26.840975564748764,1.0326742467092564,1
-8.967678741136757,51.52849813521624,1.0535415268807125,1
-40.80204173417973,-21.70366758215077,1.0119079898901475,1
44.91194242245673,-12.148032120052612,1.0777819961452477,1
-35.55046673767394,-27.841880684117708,1.3554094240667651,1
39.085496596567644,20.01721722169614,0.9654766421738699,1
36.0606328730943,-25.066282746310005,0.9249211701998152,1
5.416762564202604,-42.24280015503145,1.2896515145397034,1
-41.35936653141151,-28.819958587569932,0.9165697677038485,1
-47.97747654918725,-11.484637107059365,0.9011409877676262,1
-44.71097111152296,-18.44797551151816,0.8132236583701159,1
43.25326345002162,2.3441616272012125,1.040756338006003,1
-24.354033492664847,40.555411365279845,0.9496381653129979,1
-33.355306667102944,-26.57421754520644,1.4073809102731476,1
44.48242073888544,-22.337127267706652,1.0022496895800797,1
-12.333750487673,37.001251463018946,0.9591059507002342,1
37.01636058601823,22.41797548224333,0.9343104102696617,1
8.277322498183665,-38.56938027790916,0.9665158490046608,1
8.981249108002885,-46.8087764004593,1.4138990752958303,1
37.74266002087251,-22.214993083917243,1.0884267175473428,1
-15.597278350247048,-38.65393670396496,1.103201099108404,1
-48.989662362639436,-9.838515977926676,1.322816259508695,1
32.53999283882821,-22.434323057947452,0.8887971412513932,1
-4.03200328565646,50.19675963136056,0.9502692411963596,1
-12.577902592344845,-43.2259093716278,1.0992387053112527,1
-35.993433213277,-16.814812228309577,0.9615627599350156,1
-36.34610998214951,30.94902597833463,0.8111068656686162,1
-31.569843742488995,34.11293206475096,1.5008961422359117,1
33.006396428008806,-28.162705909089482,0.910359293729691,1
26.576044237876214,-32.02506847180482,1.141721755177273,1
-10.084593509765456,47.80323531546292,1.2718047952478784,1
44.24921970572168,9.778260490555732,1.4333745868529475,1
14.332711294847636,38.38215426937339,1.0579284338879793,1
20.245201031436377,30.413756398856147,0.8241205158197014,1
-26.44890707239615,-43.17567733675919,1.1440225372607997,1
-23.89705170934604,-35.728971755041,1.316312864916018,1
41.65854474483522,13.483234348216744,1.0981133952450115,1
-21.651001722125265,40.423857050343855,1.0630656539543484,1
-43.61726015417528,11.516992834131509,1.1591467979051369,1
2.670523200279959,-51.11914867250683,0.9203210217977593,1
42.47379991297045,-2.855523831775581,0.8698890049355936,1
-14.852630961529291,-40.70867330121621,1.2305867752538844,1
20.352429018740043,37.73868124583342,0.8826145542986741,1
14.110425391248294,-40.79892228510249,1.0372690489576863,1
-45.154780098187686,-20.18308709809018,1.067327532332412,1
36.70049535890771,25.632434994545612,1.1531934218262345,1
-19.15713868407805,38.100749774391204,1.0486984549131462,1
3.114367394046246,-44.85209291030773,1.0664413875338246,1
25.94905183433222,32.684253024427676,0.9773963662982318,1
4.466598255326519,38.2420809430672,0.9665144930769731,1
-37.35391189804568,19.82124892507871,1.2051757154359817,1
-10.700915467650903,-40.1597658571238,1.1251727563936682,1
45.14569450414361,2.9749719785752093,0.9325469226985578,1
41.774750645493214,-4.9631239837693695,1.171032514549152,1
-43.7192653460641,21.254373650621144,1.2859777710587652,1
-2.324479953341142,47.16638870097334,1.2581155914912392,1
45.72507744306052,4.323933773738475,0.7319822658595111,1
-38.07568349164489,3.991109241718025,0.9595453877809565,1
38.09783509035091,21.513282901222585,0.9673878066963176,1
-2.6869832358544574,-49.60984179144695,0.9701647159793152,1
-0.8180233132801137,-46.36858013184346,1.3580774731119396,1
-24.91484062138439,38.732628985287754,0.9775672236989206,1
-47.051141423978805,-8.911495693601939,1.0736601334812816,1
33.588818880055406,20.119869617704826,0.8453477827568103,1
-33.44420571036515,-28.771593516373517,0.9254672039346965,1
-41.36632938772994,6.148202129164383,0.9004681602429807,1
7.5711072277659,48.54685064932083,1.5488087304992206,1
30.08663352653793,-29.675168130513597,1.0572751146249584,1
44.70302960489252,22.31346776613488,1.0437682259879202,1
-8.450918183041646,44.87759835973286,1.0653827831669673,1
24.380258165884687,36.76827895471895,0.9093755567142027,1
22.907797287599983,36.50857662957927,0.7803292050011751,1
8.533929898630078,-49.33272319771501,1.0574780461181392,1
55.80745531902298,-4.258353382832433,0.988192057393244,1
34.89393666837996,31.902693593986946,1.2241117022048487,1
19.33817294835694,36.11401477153554,1.0834422740216736,1
-33.302906592480305,23.859967889143835,1.13466198966499,1
-4.206298148569391,44.211205892987294,1.1180123504447117,1
-22.478557674558576,-44.66664136670407,1.2947743377219436,1
-47.45047323876483,6.1362260162966935,1.0030147055485275,1
23.348903644637144,-31.580128924844338,0.8532102632747942,1
42.10565813135847,-16.885559559105197,0.9873806170002242,1
-35.93155222903745,25.956457146403334,0.9058554714285105,1
35.506934429338266,-16.194998330876803,1.0124615030801418,1
-14.559068149549795,43.13145753316016,1.265787927758862,1
-45.88746922106752,21.544874315336465,1.126380700513546,1
15.34506411713209,-39.116255588216085,1.2343209539589446,1
21.42345329473562,-37.77817548003295,1.0865039959108809,1
40.804327413457486,-6.296411499370721,0.9203384355333151,1
23.53400513972105,30.18061301632325,0.8463561554445899,1
40.34934278545726,11.287199671941352,0.8758671996354156,1
30.721862790946197,21.948663829737697,1.1507705726534878,1
48.10364970800926,2.878989721224722,1.1797976398658159,1
-48.50325711410986,0.9857146323210996,0.8881552065583646,1
-40.4945797766638,17.464932503491482,0.9222326285735495,1
19.384591990479745,41.053000853401066,1.0692761710165983,1
-48.2991459546042,-13.328100625966549,1.1934610808892634,1
4.563537947048802,-43.78981296632334,1.0180819129285072,1
-26.70791880485932,43.46945443144926,1.1179849779875535,1
42.32365108195831,19.75376547446452,1.0193016232195948,1
24.873312156913794,-30.93298654145828,1.153242283641823,1
-41.86570544288696,9.068981097614946,0.7770659029589014,1
-44.59637442399533,5.138587962993551,1.1233414145620861,1
-17.521331639670688,36.914921782931145,1.1436558664203236,1
-15.372546160107694,46.68379072855875,1.1179531369647742,1
-41.484697945143054,31.488437256830096,1.1136595064686525,1
43.38122235670348,-10.8943740200236,1.0395801722044546,1
-22.89521922457316,42.06283962784019,1.1160297139585404,1
33.313898359612026,35.06045225419358,1.152301110274417,1
33.05331193047512,32.87860753557664,1.1744039891525437,1
2.043281835987082,42.111355013800804,1.1125892510506115,1
32.091804771595235,-34.86998444264458,0.8158124175454062,1
-26.863588551736914,-34.62613632562079,1.3611616001825684,1
-37.34531180355057,24.359137613787958,1.4934328972608775,1
0.4939532188243509,48.252594286646755,1.0471055206489834,1
-36.8056584991652,-29.24863844157396,1.048883192380985,1
-11.674389093883256,46.943577298783914,0.7775501343380211,1
24.770500609903557,-39.97069446726594,1.0062741710507452,1
-38.734003233245346,10.455278461289833,0.9196094917348323,1
37.88426824158219,-25.94740056405908,1.173454464500607,1
47.03669251163921,-5.950436225075518,1.1499612779387864,1
36.60303938029921,-20.974212087974884,0.8813923580152566,1
-29.225006929220534,30.861911150987137,1.1461055824332667,1
-38.67389455403997,16.305757748287846,1.350550329237084,1
33.836815081694404,-26.95692045557955,1.0068919137815031,1
12.124040720785969,43.88254801162969,1.0317715111458978,1
-1.0746502071024475,45.70863325047873,0.9803595463560854,1
-9.778129024037836,-38.54510660489397,1.0451610902511284,1
-46.31724408390842,4.678067884631102,0.9122127783577123,1
7.398470016840562,41.70402791917327,1.1216154568611136,1
-1.905037488719566,-41.45963166239674,0.8262727117023176,1
-41.42809666152235,-0.3032211622537592,1.1190800929502336,1
39.37743078545325,31.092811911672847,1.1132830955811586,1
-10.719382989530489,-43.90146596087219,1.017004025776642,1
-40.313497492686146,26.47950248045542,1.0801613055866652,1
5.348602764381547,40.15686242668988,0.9118352987804514,1
39.37135100325589,-29.60414427796958,1.088220334573749,1
-45.32123177659217,-8.348464725784913,0.895420761592878,1
41.916166746513994,11.096966648591827,1.120216624979759,1
-39.56533686628275,3.863788440466927,0.8483147229385053,1
23.41190808505354,38.18848176400327,0.9080809346268018,1
10.246434258468046,-48.72081353039857,1.0445998942672572,1
-52.866489720967536,-15.09287617902819,1.1208249766229772,1
-41.728198977535776,-23.690024460286406,1.457425627592806,1
12.82558133852861,-40.07712976015795,0.9508060203584527,1
-1.9072711178751616,51.277920887414275,1.435007927109038,1
-35.664307091449864,27.858666644248935,1.0121487553017585,1
46.884393020077354,-13.415683411514676,1.3945894005952217,1
-46.34278226788029,-7.07824079455324,0.9258845561188015,1
17.27186244471933,-42.46944476731952,0.9654515468609577,1
-15.744947602155092,44.89733643952022,1.2928113633194462,1
14.732137995899466,41.570151181778186,0.9943030441866504,1
-2.3492973510105375,-44.56731739777438,0.9177893299724522,1
47.28503577263922,-9.384816260218479,1.0451532981171059,1
12.562982185948222,49.18959580835405,0.9562237809501847,1
-40.62528253669814,21.380516069020963,1.0006568481006286,1
-47.27532655425899,-17.33856988192545,1.2620696641188163,1
-42.743025339007815,-1.8950109756210227,1.007606710894658,1
-48.796890711995204,-4.003443444339217,1.2086057586422356,1
17.51058894706514,36.30433284423897,0.9515317846647213,1
17.85972645674588,-34.06604234003324,1.0711388985387351,1
43.76704895309656,12.421002739816254,1.53671235575342,1
-34.6320705070321,41.02220737616185,1.228289991275504,1
7.788452139032033,-42.21520104232123,0.8802205528129213,1
-19.88293356412661,39.846437322794955,1.0805074075544447,1
-8.410397500406654,46.60349673754742,0.876044174700743,1
-38.81738837085622,-20.994618613031193,1.267475845542623,1
-0.22341686795625001,47.01017853313399,0.7645223917601274,1
19.391064504803904,-37.92246142528013,1.1960620161239048,1
46.672328635248945,1.4494850457648718,0.9680775620503336,1
-55.02522011546109,-14.767824127425099,1.044398764255896,1
-41.173268371628296,-18.05152149897143,0.8762711803974006,1
14.060990988168179,43.77348828638348,1.2751697528241217,1
-26.529527001625844,31.173055880379767,1.2464544644274582,1
-19.47436839322361,-37.84742032110403,0.976469390319533,1
-23.80043546762136,37.7372886745697,0.6596270092375179,1
-1.5064344434792167,-38.14252691230171,1.0528616738854362,1
-37.304000072812066,-19.63227073666351,0.7915143833399456,1
-26.750821917312024,-32.49057581396708,1.0996416763691461,1
44.52198475876509,-14.586443257693158,1.3945894005952217,1
-17.771994467133787,42.2923892780797,0.9839552422676036,1
-27.09086712197351,34.268500777599606,1.0481680105843658,1
-11.72137944729372,45.109668065378685,1.150377157086384,1
27.692672149617813,-34.850488444953,0.9898598850681413,1
-18.947538855415857,-39.77826254279812,1.265221086234772,1
-13.042552925741294,41.36340948024155,1.1514958169123035,1
38.67271677160245,17.936064681473265,1.085268832284412,1
27.889045482442988,29.553895605145645,1.1768446945450286,1
24.913099907304783,33.99823483157849,0.99234500181138,1
38.69300214124027,14.250918984887427,1.0663692378333007,1
-33.70412378068844,-31.77402000922256,1.0244682012439332,1
36.30433284423897,-27.30522787803288,1.2816787576971846,1
47.02912096212451,-7.75264316368017,0.9941064552973343,1
-35.41197317847035,-25.606043368113873,1.256077727434644,1
0.992030003603957,-45.08319650211331,1.0880022269960175,1
20.1067396600758,43.115995711172786,1.1521265330830748,1
-39.58062454422144,-29.10581061965766,1.0943378391054717,1
-52.103053830732705,-20.888568955258346,0.8860631787232043,1
20.345466162421612,-36.162933300541845,0.9289334476331624,1
-25.995979949661947,46.42687100601999,1.156353715078801,1
50.30905258542565,2.9542404665294058,1.0118609359303483,1
33.75926960273033,29.708558310926612,1.0008372824422953,1
37.40446414254925,-33.833911422463764,1.3834252086823076,1
-40.3657972080614,33.39083157430557,1.1715676954873173,1
-20.794570394959685,41.954690746636366,0.9960114891545344,1
46.952645204686974,9.802082427423313,1.3165344187763244,1
-3.6346109982149506,-41.22084233728715,1.073506611021307,1
-24.294079519770445,-37.71666963553646,0.8469400929860362,1
44.90520111156659,-2.4387404255264014,1.0169447970401044,1
41.05614536915775,21.128450585841293,1.1260667113260172,1
28.592397893831965,-31.162627184386434,1.17471713969646,1
-14.377303603776388,-43.81228134301471,1.0552971274269496,1
17.438060598682945,-40.80493434524312,1.0939255995643067,1
-23.33514259414297,-46.93269783578637,1.1331490389284806,1
-16.098729273952568,-42.78523841227046,1.1489551991403344,1
11.035328248395999,-45.11314510333841,1.1320010463164922,1
-4.837792570037819,-42.7505452238317,0.9228682883798194,1
6.525877059815192,-46.640572999685794,1.0940544173556541,1
44.15539643411356,-16.824033228727888,1.054002365680456,1
40.14782953200654,-17.684583840121032,1.2740404433832202,1
-47.72341720644689,-0.6452246855068549,1.085189219408282,1
-20.990690847928494,-38.857380160992776,1.0647339233624504,1
-2.8986222707700926,45.20730759555253,0.9897331198987976,1
38.59349108591115,26.870711730308063,1.2169866746721967,1
-43.287973808385054,2.590806089823829,1.1994891862928516,1
46.44280867236317,17.872259598119022,1.0222248639887217,1
-34.15920470173165,28.649738065450865,0.9846813572827853,1
17.974856476336477,42.32995631682093,0.9479717202933652,1
43.35133602199591,-1.7093071532324187,1.0289002571414347,1
-43.376797997606445,28.470445661212114,1.1132611551535467,1
51.690739825498746,27.505164310815832,1.2256479744257283,1
-45.39981258361433,-11.864707166586745,0.933786207783702,1
-28.334070094578948,-39.901242522876146,0.9386430407176726,1
-39.106788419749876,-25.40840363244208,0.8482398186651096,1
11.1618682582098,-40.047072905281155,0.8541820246713843,1
43.44148517888724,14.989906612215375,1.388739364507567,1
10.151844512255552,-38.51360619609513,0.8450698552805939,1
26.15520113314645,36.18822495446171,1.2752720266119386,1
-0.8230096168371709,-59.436334105292076,1.0924261820654808,1
45.35539835061974,-17.525995134135126,0.9579045929296899,1
26.540180171793033,-29.92914159909414,0.9915184730451039,1
-7.266165132680354,52.35490543854283,0.943855874309224,1
22.93132693998636,-47.37527439052591,1.1248207695390182,1
20.151691352538787,-49.13258080859168,0.9889051837453002,1
-44.519318132941024,1.4693108290656134,0.983226649022378,1
-7.522163576869937,-41.93589103457663,1.051751326258944,1
-26.204393260902563,-38.88945149918672,1.4100621486454572,1
34.56443792420102,-43.42119116123054,1.030086816595965,1
-45.99151327157145,0.27879845095384975,1.0180432518820657,1
9.213192222180977,45.54330244938604,1.0106868630210144,1
-8.879730662880307,49.22391274306627,0.9502692411963596,1
-43.04994804552374,-20.518144999118437,0.9817914105718762,1
-32.810598241303694,21.699822679799762,0.9768101326769725,1
-41.42772912071962,29.760513878800793,0.9833927298423839,1
-26.01989132905007,40.5147417866989,0.9967882616521029,1
-51.40378411761144,-10.350421557388664,1.2374617248855522,1
-33.278788540824735,36.15745322253255,1.3948655744494691,1
24.397848539741748,-36.003537451283265,0.8289637811364986,1
25.206960863763783,40.86059866043904,1.0502891109427204,1
42.2144052873134,8.553172701546456,1.352968268691113,1
6.722637775433978,45.64152316723945,1.221925054293041,1
-18.80262674377277,-35.92348079631057,0.9112967773497045,1
-46.634028600742155,-10.77492068337811,0.8629948655048363,1
-29.59688002141432,35.794118436565874,0.929736054489854,1
-49.60386860940761,-14.888507596730678,1.3156307814953292,1
-15.021202030936898,-36.903138487623046,1.0320558297702644,1
-48.30919557026746,-7.511798926232909,1.1328320815480417,1
-44.54156169469307,7.168345492694757,0.914295648767093,1
-28.899220377243005,38.90920625637382,1.3646739418107998,1
-29.248259510617835,-41.157301599068795,1.0044614067516584,1
-9.60351957718002,-42.127021440517254,1.1409130208333933,1
20.839943106214935,-39.96017484696583,1.1362608084502768,1
-50.09268731552361,-11.598852652610715,0.9330389984201483,1
26.841811107506974,34.549693051997274,1.1080565702544531,1
44.17284068104043,20.50681235021395,1.0860423102020618,1
-25.098776075795975,42.35273403283937,1.10206831934454,1
39.88463356317024,-19.57676682486812,1.1627097601376293,1
-38.79106724367452,28.215483189755137,1.148616265609614,1
-14.440964004401923,48.67434444079104,1.1361877248271084,1
-13.795626101719144,-42.03493342006207,0.9272254511370058,1
47.56744922491428,7.157816295335187,1.3474539504013827,1
-42.57257461633292,7.625163211427493,1.0423773242275247,1
-3.6473565657130766,-51.1203469737246,1.1287465372262002,1
-34.64905489351418,34.47291344718879,0.9264707100426969,1
30.029879678810445,29.467070688846132,1.074386045562164,1
-5.875831573179153,47.31383742301044,1.0278910534977308,1
-40.58231176627589,5.006989978575429,0.9004681602429807,1
-33.14232571863676,-30.079539295572005,0.8438551031606699,1
46.61312390161781,3.3907228417643536,0.913690481288565,1
-2.891266061600242,49.32439396269589,0.822879587413582,1
41.77116974795802,18.059659902460492,0.9705837185648978,1
42.41282787385778,-36.48499073790609,0.862714359049629,1
29.39717937636691,-35.67071291926282,1.2098570343970412,1
-51.67189234332289,-16.688359782254857,1.2868419696385287,1
45.95186762028904,12.090005303175602,1.0714078915648015,1
11.290821219500176,-47.40385874804364,1.0935915589898697,1
-1.520148760098814,-55.97866950087232,1.126650606812427,1
-52.469886418876825,14.92323342098297,1.094470645112074,1
19.33742425412915,46.501997443235105,1.137634259978615,1
-17.87375609261136,46.16124323363374,1.1528519884781931,1
-17.125202187745394,51.950898298397405,1.143146121835158,1
36.88671861749904,30.818433451153517,1.119374585044203,1
-16.473247692340607,-49.34924415679782,1.1700725720335265,1
5.84044387989022,41.3844328141578,0.7645223917601274,1
-54.38500740359612,-5.29392830677351,1.219179233594082,1
3.651898089764134,53.9746215894251,0.8086162320897082,1
36.15303185829281,34.500012131238854,0.88365766211243,1
42.922234160473636,0.2491528104301891,1.2932778635402618,1
-38.69159786769709,26.072514953697596,0.8914395916852603,1
1.0464418038067886,52.01253669859326,1.2900945771317784,1
15.902344671703155,42.87071593229196,1.048099623235549,1
-21.78976150161377,43.56758667811025,0.9496381653129979,1
-38.030050002542644,-27.46686136316816,1.2470567798605203,1
-11.958820499242302,49.11200969509165,1.3877598315847512,1
44.537771183643635,17.009979471645973,1.0285603906570038,1
-3.904555581636755,-48.30561911553318,1.0382695547840675,1
47.43794009739168,19.739697662719127,0.8823219705150398,1
49.15629974355321,9.254735445545512,0.924552194574218,1
-17.51370277100876,-37.43322376647317,1.365749329410263,1
-43.47607485221102,26.37529973417285,0.8980166236545236,1
-43.36319466389594,16.032099547095815,1.3277615885190153,1
-16.870698126646918,-39.691913809591746,0.9726859744944187,1
-48.16429260879043,-19.725455456613282,1.3420420962274757,1
-46.74370236446693,12.427469789028411,1.0451557837051961,1
-35.03229102441186,-30.101148160008485,1.0357348488226987,1
-23.909377388788,-23.38876997790309,0.8008504280084711,1
-47.30007554228699,2.7322248193477847,1.1277208956333382,1
15.170671346572293,45.97991798431467,1.0061728419950708,1
34.594027973861536,39.121305571919564,1.0243484681608757,1
49.207500296030005,4.279172554548633,0.9506771635897884,1
-10.001446815777687,-48.239225602515404,1.2286998532471236,1
33.76114957393629,37.45320413677822,0.9909830020654141,1
3.484213301737085,43.01732209020314,0.9023207454238574,1
38.85510300043583,-23.990324383142912,1.0224394735291713,1
23.162916343106858,41.0134518295124,1.2204524676241564,1
-24.370693400099906,47.46927295082457,0.9441295359269187,1
-43.31156261987412,-29.367911776926768,1.102242645131323,1
42.48734925499546,-18.131277853164246,0.7239634831050429,1
14.943202820812514,-44.65291171520944,1.135114420541196,1
-40.94256671365311,23.244605221142113,0.9890464765220858,1
-35.77222403506293,36.05586881350803,1.2595388990227543,1
25.821852126234496,-35.72661470856214,0.85591028192324,1
-13.683405236957883,45.43960033400531,0.9694061676625025,1
1.2903438731907257,55.52466472429786,1.3130158963921739,1
3.839698766139318,-46.79419238140689,0.88566931639387,1
18.16483653771532,-46.070594919713876,1.1121578755176629,1
-32.0891636881641,28.5064139645967,1.0792780524148429,1
46.627328856966656,-15.775586334855088,1.1001650077258434,1
17.59577090358399,48.80709084436817,0.8704001152302377,1
38.61171630729673,-16.58231012448201,0.7577401737068935,1
-52.342775026838304,-12.539109535713646,1.167322426485125,1
2.112981721643175,-46.84747026790995,1.2119779502971082,1
36.16417728479725,-32.01611178516596,0.8407164455041342,1
-50.90962025775563,37.25852267411521,1.048191076381828,1
-28.28561652290697,54.48175261091631,1.1710220859563338,1
-9.499478435652872,63.83868035326257,1.2636169132841897,1
28.181915777805578,39.158123250802454,1.2044893309243294,1
10.449854762683898,49.0686410471655,1.330963547090825,1
-23.46084701803443,46.33084594276297,0.9462523337844001,1
-44.960995578644464,12.915732004546038,0.8781429174830038,1
31.965080786599966,-29.503014792406887,0.938722412107806,1
-27.852760615985428,-36.80451392004435,1.2274124783767335,1
27.59678367117558,37.69491472040331,0.9674873530006557,1
-56.21482527665111,-0.7986805777010401,1.0093726913858003,1
-45.41174890873162,-24.470408831902116,1.0755470724594787,1
-35.04856122822288,-31.67935792967473,0.8793797941753327,1
50.46523529450007,12.79154070763856,1.2721924241583484,1
31.044211389142095,-31.47717445476021,1.1817071515614694,1
50.11774134690984,-0.960874171941893,1.4053983286465062,1
6.45002681392368,-50.3414511821726,1.2005154422435713,1
-40.59721604250344,-34.34758203345721,1.2037899458352999,1
50.45669845916711,-15.93005486256874,1.0951499338508566,1
-1.4204226889575573,48.89444304181741,1.1698790263077468,1
-13.129105034368298,46.85092868001634,1.0098258849435866,1
-49.69139891628495,-17.599037116184263,1.4009895911372012,1
-53.602949121117746,1.3930514606713602,1.3064418667517823,1
39.64362269515544,22.105868318513057,1.0692589166548154,1
-42.16332169754317,12.456719779416265,0.9414644780613872,1
26.958190277400544,27.56694285838236,0.9439701099330948,1
21.635699630913866,-41.62460277907595,0.9522786540664849,1
-7.7783808647143236,-49.200413102991604,1.1392989575109485,1
-49.03692635967646,6.169539914656304,1.0898584183572226,1
-52.394903723536956,-8.477926647501974,1.1246169854711088,1
-1.084116728777919,-40.08098611134969,0.9256603956201638,1
-40.26425762126535,11.959904251333645,1.1498046390284928,1
-46.99032790549328,1.1727439427737936,0.7467606060662404,1
2.0470797576153075,50.40411688903835,1.1070837098094615,1
-48.0275092987207,-22.275740452817743,0.9919629850482204,1
-28.55847168346636,-38.328625072084925,0.9739990228027032,1
20.10206892416034,-44.594370123525856,1.1842378435016185,1
-42.55896720569921,22.97941523830371,1.152017527789246,1
-42.355751270577336,-26.994297660880363,1.555952905778584,1
-55.650833914859135,-16.768605913671202,1.2138097411254063,1
11.552098927739081,42.323121885278276,0.8193341709404393,1
-48.256028024009275,-32.81451110480981,1.2301310796413027,1
29.486303937242667,-24.439625677652256,0.8322072068514004,1
-28.35193176903711,42.50209412719916,1.058592350266031,1
-22.982067754996457,45.13323465599487,0.7413653787827944,1
-46.089732175393735,8.733809088321447,1.1792666702575876,1
24.786697284908847,48.08677118540196,1.1630679738295568,1
2.8794892304823505,45.10050923129826,1.2553712284303122,1
46.86002302296284,-24.557994235065372,0.872374351785461,1
41.52647508305359,-20.87928514683378,1.028335865131473,1
51.0695670143273,-11.210198672655295,1.1830201064731767,1
-36.499292821154725,34.23218680387735,0.9625032429535234,1
-28.810940839508767,47.54951562425027,0.8920760070200004,1
-45.76685458097103,2.0261911886600683,0.7450307091732047,1
48.06459716604943,-11.384270080615783,1.0165672308246074,1
-49.78195482888999,2.0513103538594217,1.234147281683871,1
11.889773449333031,-43.4955708499026,1.0116134897937097,1
-13.57756982091791,50.05423335903779,1.0382293804360525,1
42.020999808552475,-19.25148808597415,0.9867316017549204,1
31.65155331351914,29.567470948040256,0.9443117757062134,1
2.2933449916141497,48.17783519775426,1.1004373364953797,1
40.551903488845916,27.854393048502033,1.0959272632477481,1
-15.964088824056184,-47.01102996936859,1.1459015778607264,1
34.86162901506248,-32.951021241288174,0.9417489749862901,1
24.248210427589527,-46.589104613482554,1.10721605756983,1
54.422756193430736,-4.473367382418392,0.7796678861900784,1
-39.27050963588567,20.727428566174904,0.9550308374407027,1
-17.40316202100952,-45.60273011060828,0.9659706647045295,1
40.44830356236291,19.11786103305104,1.0744316982227426,1
27.823573848404106,-39.30393134621408,0.9083404706947268,1
-32.15901764993426,38.11865426206717,1.0087853664535482,1
36.963483242382715,28.078878580079472,1.0748256206086626,1
41.111488846475794,23.72384404811872,1.3307483557722792,1
-21.596742390570746,-42.60351007747837,0.891262769933602,1
-29.82001465097636,-50.40474987597639,1.4037760189681134,1
-41.99994931270609,27.43829579878489,1.0396874460106367,1
46.859487418630664,22.67052456844154,1.0550096574168402,1
-29.134243039461158,34.041286526238814,1.1259167093870215,1
51.69590996916617,-8.986482244225352,1.0700895122219358,1
45.47765087275948,7.984140624053528,1.1693829245417522,1
49.01460928213457,1.0912188422227005,1.2381012929992208,1
-21.3600537973913,44.77912367751522,0.8597317918339469,1
18.232034479889602,-44.09454032520003,1.0071918593010398,1
26.25826448967178,-33.9061473531204,0.9618567213910592,1
-43.4045473282127,13.706699156277685,0.9497515630770328,1
-5.978308434994942,49.384754724021754,1.1333413365400122,1
34.94657586214721,42.96778634096642,1.2106172037882492,1
-63.83449516592271,-3.80366267255052,0.9773602955490668,1
-25.487478480981615,51.55230331046432,1.0987700225041463,1
-44.92970500976412,23.510887765641545,1.284677698467981,1
45.57885746037367,19.03470846047916,1.0017163931025221,1
23.10275726451571,-38.91350500283217,1.1499680069468348,1
37.631917448950944,-31.393198187647144,1.2581734293733462,1
15.947658181402353,44.72497351966607,0.9413776574702674,1
33.56157292054853,-29.36569515649231,0.7419263035856427,1
35.901753151646744,37.755138906222356,1.1696150912342396,1
48.99115440327913,22.693938129248533,1.0694681663607422,1
42.53868983411443,29.50724284009902,1.3272660280909516,1
28.074236675867205,33.37803422968873,0.9601994122426691,1
-25.286693163562035,-47.319091342991065,1.0854585633784641,1
-5.055033687172508,-49.89184960275465,1.1236813760387916,1
-47.88256820801075,-15.576904278064067,0.9911194996053884,1
41.34146204373555,-30.204870709303556,1.0126765619685545,1
-37.89963657561266,32.39671310758556,1.3169954475339156,1
14.663775406591352,-47.57938555003157,0.8981352430430729,1
-49.120961938929625,19.873981320288657,0.7942341842490567,1
-13.798988651843645,51.81827300730934,0.9252819877717618,1
-24.161111424915482,-45.36532986660884,0.7817438957984306,1
-50.27518399790074,4.170510836239517,1.0811014915494594,1
-50.679744103789446,5.847780352889162,0.9287183046558097,1
46.16568051381446,35.59120681571991,0.956622368040169,1
46.06451668858343,20.799792537198478,1.0201725575467253,1
-22.805304042592848,-40.57729850972663,1.3809362550320707,1
37.46875945408531,-29.13288712802518,1.0204656873046214,1
53.796420487372295,-24.1931405639802,1.1262982094226575,1
27.362739880991185,31.496748358536465,1.1388090358176788,1
2.4491847100040496,-52.842857314564775,0.9641703292673375,1
42.896765206518545,-22.30063621663381,0.7976463035782695,1
11.341035600685128,45.600231810002306,0.9430657452159331,1
45.74596601201576,-25.744211756948854,0.9905518523385425,1
-32.075201037297454,49.06242803691217,1.0285661645324042,1
-24.171555709393104,49.31791130336493,1.2185832780335084,1
48.26081274000622,-2.1758355269133096,1.1429974622995114,1
-35.41964051201627,-33.37501823310158,1.0210084929389762,1
24.850548345624535,-44.533744141497486,1.1202498186587635,1
26.891762033269526,44.6343308641359,1.3779795605652703,1
26.27342215225071,-43.13907260639952,1.3735122093180547,1
-3.194672158177659,-46.32914075346053,1.0007078426737115,1
-2.887635772374908,54.9202254971652,1.4121224160530883,1
21.472645479507293,45.19161552820311,1.4298877546011675,1
55.29900488088723,7.696277183959625,1.0616541607049679,1
-30.240051457017675,-33.41511393821693,1.123793890787048,1
-45.53986546499055,-13.973060059804135,0.9867461593847806,1
-24.40793267647876,-49.25524559649916,1.3219283211884107,1
49.6664892978058,5.92974251217396,1.1547573289336386,1
-44.768380984909676,9.767494843478806,0.8224521569916736,1
53.44795630885201,-0.5345331235217402,1.5430769929453734,1
4.23824801128936,-52.30923963722304,1.0057633457779482,1
13.206116572974405,-46.309957373807734,1.3785712266423276,1
-30.324505240592767,28.928769042218676,0.9462155055898369,1
-49.317003104714715,-2.065243730619893,1.1578391736394802,1
34.744146639362576,-30.883939096430872,1.0909775547911171,1
-50.2469985225488,-5.408322962111455,1.3751396660710056,1
-18.64168549459271,-42.01508595687657,1.1922103229304613,1
-8.725851538243255,-47.38920010316274,0.9442662830158072,1
53.148255929197695,13.094811782840843,1.2880113468953274,1
7.065906591932048,-48.32500799235832,1.014625762186977,1
34.81706673462462,33.835900809983315,0.9094128433816017,1
16.009169766240245,-43.37234250297742,1.0454345806593173,1
22.97251089338293,-35.07805097263031,0.9027307937142657,1
12.260545548288887,51.332613779099574,1.2853148603055369,1
58.548637307174076,-22.13514484452374,1.3580983331118082,1
49.99720756578994,17.12528437227901,1.0303173661025145,1
-24.391880377183103,-39.4853634879969,0.8942903933824493,1
-30.85102377565288,39.24544335313935,0.9661892348775573,1
26.676601516679,-38.14252691230171,1.1526997612483139,1
58.61138136576136,3.2673608091411044,0.9662548215900332,1
32.25355727991543,-38.41889874770974,1.0389729151694853,1
40.50132839124936,29.65855429047372,0.9454746920842663,1
17.282769776292014,45.86697565286004,1.0954534043445192,1
-46.93363036118615,-23.55633761897276,0.9363271318735539,1
-44.50882367002047,-27.89230397851495,0.7821643186890599,1
23.059352445907397,53.33746878661248,1.2293096703237112,1
-8.75574775170158,56.711671476730615,1.2671681220377216,1
45.269215144095725,-20.70917301011318,1.0451059160425962,1
11.380092366824735,-41.559896793381974,0.9963175539464184,1
-39.5379918305595,30.872219795406618,1.2591529352800495,1
46.322963463911975,-19.137870402442143,1.0355380203906828,1
52.82237044885867,-10.783322019902963,1.0503120407450761,1
-40.52461202108626,28.488066815546865,1.0496500918290292,1
-50.20306441284401,-23.408252585486363,1.3824845951271378,1
-7.965507628271858,-45.857371713110474,0.8522856124361792,1
49.221372241436555,7.963625775212825,0.9195221260735754,1
-28.80553939094158,-43.68712375926057,1.4587765199406881,1
-25.12795375941599,-41.43297386963481,1.087736130495734,1
51.80365100904069,-21.04175179426357,1.0598221002882346,1
0.6294735049213945,-51.83791765024819,1.3527022152576094,1
-40.38604810562395,-25.628940795189926,0.9831845661118871,1
-30.270261012120013,-43.12490470745596,0.9885017543556414,1
-7.269221996429901,-47.21861012336147,0.7568635135009083,1
-6.391902100309051,-46.095728096848,0.9578268684089193,1
54.81080153209957,-11.349723601189798,1.4643310683649826,1
12.470475666289227,47.322503268954755,1.245463140917338,1
-31.468486058706574,-35.13228382450284,1.1977975318604257,1
35.3896334036719,30.152099587732376,0.9103702867290281,1
5.125159597236595,49.53276515547617,1.0873144228481897,1
-34.32688164980787,31.61415282815166,0.9544258073461278,1
18.200153675124824,39.71650881087635,0.9093755567142027,1
-40.45071378185777,-30.497310674677163,1.0393268389382575,1
9.23416365239064,52.462880083526954,1.087248419164144,1
-28.871557797265787,44.08732474944077,1.0485104026403285,1
46.56957244510878,-2.7453547769768125,0.9978585067090182,1
-41.22264135279528,-37.73614929808123,1.178439402079303,1
40.106052394096004,35.65231108470701,1.0473583640903688,1
-25.004679170069085,44.82403662965148,1.0768172336880397,1
44.67542685305879,-24.26207284153255,1.0116831901945127,1
0.05222142238815534,50.0229005056049,0.9543375089561346,1
-52.50829206846472,-4.280764064564276,0.9557577683931028,1
50.49944472190692,-7.38088089229984,1.5017703441488752,1
-35.74332556372633,32.612029607957155,1.148895504296545,1
-53.8837638524457,-13.480413686242311,0.966482038188304,1
23.705125299504562,-42.644742193169954,0.9322415707239124,1
-23.790851300688928,43.632534329483725,1.005558679537586,1
-50.482327577452246,-7.796779807718512,1.3134771762525606,1
40.44970304465023,39.83113187365263,1.1103245235931858,1
6.169090698119622,57.34329949597518,0.9887974623743325,1
44.774647555596246,-0.6658231354488595,0.8479076635242617,1
26.385246671770616,39.616663064287096,0.919039782027192,1
-20.103158762540634,-43.995503933565104,1.0984764307833133,1
15.970422060388355,-46.57795326912733,0.9558994136359668,1
44.16957534152562,-18.735653781603038,0.9873852219283393,1
35.137143883539,-28.774164417168002,1.1421343402764228,1
56.72385847841106,-10.277175925987102,0.9372368629326361,1
32.38135769898317,41.36242339516105,0.9339625373343486,1
-14.6691086582395,-49.93790180746249,1.007393641249154,1
-26.292656486281345,49.02566655826194,1.4659484509408658,1
-45.641967604876825,19.43970225751062,1.3872778864028183,1
28.51289662392763,35.680286846700646,1.1384339147338352,1
-51.37950684618646,0.5119469611746433,1.0882139982745151,1
41.00127677789282,33.57091439237944,0.7874660953081329,1
-0.9906332290836253,53.23838093700869,1.2036712994541396,1
42.922527774896665,-28.721782313480222,1.238045600767678,1
-19.472409239556935,47.224365137257315,1.03237570791875,1
40.70561077870369,-31.91208780445765,0.9093681641487773,1
43.098339896936764,-13.018800601364758,1.0213153085196514,1
49.38057701023071,-10.120511658822664,1.2812408205127486,1
-48.50985350430624,-24.235137581563947,0.9061057001903225,1
25.646663600666862,-47.65871620311881,1.1064601310715476,1
-45.24733565630959,29.946121984180362,1.3843289091130215,1
52.896452984910525,4.980274598280009,1.0645671413318074,1
29.618813957770097,-41.39643638617718,1.2253709738708212,1
24.15585643901477,39.32332224418762,1.0769426595303586,1
-50.35751931213818,12.32425568360241,1.2630061073671088,1
-60.32618714278607,-8.317828157983856,1.097217489058285,1
-12.888673342720017,-44.90189730729307,1.0247915776186924,1
-33.204738741200664,-35.86499907137357,0.8375518616057966,1
42.03025821668041,-11.650906519632919,1.025132829645972,1
-29.925560701558947,41.251939605355915,1.196326169013945,1
-49.517048994071736,-25.56482325870885,0.9804935667253586,1
3.297512713005963,46.81776568806489,0.8302706958138736,1
-17.003295129580295,-41.32872996361045,0.9675764382101231,1
25.567608401236203,43.54371402787568,0.8283111642289759,1
-2.1127295457604185,-47.91240902080397,1.0698500179633845,1
-33.63962891264928,39.49971933847579,0.9314148566588115,1
45.61205025487795,24.161492951289087,1.240301906392853,1
48.01332522406833,-14.99419458824727,0.7239634831050429,1
32.97750851511988,-30.77781431493351,0.9887167563612939,1
14.15762931267549,-49.48662666800355,1.0500257841613205,1
14.157116500017004,48.449924597628325,1.0502325510286845,1
30.476422105721923,-37.77906581248023,1.094172615510405,1
-52.08600683767726,6.620956063335672,1.09243877429343,1
-48.00889431550209,24.878285625712678,0.8899650432120564,1
-16.68996659525142,-53.94681818385019,1.0699003742381694,1
-47.40918759659444,39.694670459612425,1.2874334058668682,1
-12.311401179629959,-49.29059548242344,1.2922574254190065,1
-30.540986773401812,47.64872474775836,0.9165203832254059,1
27.93497954949882,46.43296783543312,1.070022828176,1
-14.027834529509036,56.21346001070635,1.0409405599817672,1
53.49372613360251,-9.189071379499547,0.9709723831738915,1
-45.73383716552562,11.049379152526662,1.1429359919635373,1
52.14750899030413,3.1959510501545254,1.0590043951179295,1
18.330614482622973,-48.89715584298044,0.8919537666909299,1
27.70807234947502,-48.12480539421459,1.0258257833472035,1
25.610992352143274,38.11039065237053,1.0648891771720934,1
-55.375596300389844,-12.74724920494639,0.9901748321049593,1
29.643863428790915,34.01852658427788,0.9538376079995671,1
13.04520972068675,-44.69318213667073,0.8876582886317715,1
38.510369516830934,29.214446854449342,1.2936941767408525,1
-37.52631412812161,-37.12159810461347,1.392231597976363,1
-52.032860711630796,2.821650476713008,1.2598393186266175,1
-53.167551687884014,-27.55079371263543,1.0580521890122028,1
29.999782941379188,42.00881112983861,0.8765214445364979,1
-12.23647081153728,-46.945340047218956,1.2738248191871069,1
40.906780870714215,-27.97327525925011,1.1892112918147875,1
26.717076510031276,-46.0395996099011,1.158385343592662,1
-18.101437040371,53.224926292649485,1.0399232250177335,1
53.77663546545621,7.536438029480179,1.0472135106470166,1
-4.100755905427031,-44.316748136129654,1.0748763035255666,1
-1.2169275978450549,-50.489692639274416,1.3796201180975929,1
-47.16187225363165,23.13550150774288,1.2414227805525806,1
-35.51158617852234,29.935866699343144,0.9264707100426969,1
-12.169838920692666,52.142627533099414,1.296991106234694,1
-53.860560681458466,-16.70348272810481,1.0377694266367188,1
17.350705013257212,-47.87000365525572,1.0871824688169123,1
32.85571595315991,-33.593969486099176,1.2161818481288198,1
-35.7751557640391,-40.255256458062135,1.1216074817212287,1
22.62232017854478,47.55543829776501,1.1224708036544189,1
-51.541106610245215,-26.04248797803555,1.46935550199661,1
-38.58911011065552,-33.25172059484642,1.0917936890734499,1
58.49519602953549,8.159507211212638,1.1086512795183152,1
-15.253297241550865,53.196222272724555,1.0743422513444618,1
24.994664795606248,-37.791897361981306,1.0755360173558373,1
1.296796464528477,-49.84353590585134,1.0154277944509456,1
5.598136480009244,-53.72539935292445,0.9527271067669482,1
-52.187602800313506,-6.272538849136145,1.117475295783207,1
-40.39409476600535,35.34565746902926,1.073916510517034,1
-11.952999055985238,55.002401558127374,1.4111053070966753,1
-61.748508792557764,-9.149193202403152,0.977573001841122,1
35.19127052705164,-39.183971278785314,0.8285044019371626,1
37.765561109760306,-35.80106406661929,1.0033653993807081,1
5.181558733415798,-48.0986156926337,1.1945671949132268,1
47.999115022920016,24.673389887533574,1.3422946973977563,1
48.09814547376544,32.43551667894992,1.4319266742372443,1
49.03671902896721,-14.560939374811605,0.9556192759526221,1
54.43561069740324,-7.390755488533226,1.154440782978394,1
-52.92566557006597,-22.331372253810812,1.0802402788058234,1
24.53546734697638,-41.669008847689454,0.8824691300780039,1
-35.61140859130939,-35.45582476736677,1.0734800713871921,1
-49.70882595095621,-0.28050364025631946,0.915389864818264,1
50.962886108591526,4.621595881350907,0.8528765328264069,1
26.477271887997453,-39.95646328738415,0.8403873409150721,1
47.83390472868641,12.50697327578249,1.3799386282578632,1
-43.8128239032473,31.636687163145815,1.1956874763428493,1
49.964151405418235,19.03079185380005,1.1285754184805705,1
-47.543271817442665,10.301175558403793,1.0285502345298887,1
-46.04909315220368,6.706687976658074,0.9802434438566882,1
-17.780349894715883,47.91002175578055,0.8171656258805033,1
-19.78669694286846,45.49530318455266,0.8281450212672334,1
3.5977488177056762,-54.29799189016858,1.1815678289884006,1
-53.93886335896038,6.704372200297311,1.200793073760702,1
43.57594210569235,26.745723690312786,0.8727858011346001,1
43.4568941536735,23.88154617499857,1.0519904842459202,1
-42.316898532320565,34.65664252504821,1.0137365986829612,1
4.282156635827969,-49.227394171225484,0.8867613105410896,1
3.3433001446767463,49.39751368776198,0.8882164306052128,1
39.4338202658995,33.32676228770763,1.1657165293076244,1
53.18528064136702,-22.411942448352548,1.0874645668090288,1
13.297662996917445,52.83345745853494,0.9287998428285437,1
4.825259428664676,47.94344346610893,1.0969140331261948,1
7.762874299494988,-51.383321845981804,0.9870057241517085,1
-32.476643722167324,52.93163373262465,1.4759261690366177,1
-28.260705364589757,46.039424931972576,0.9690833380537758,1
-45.903525503563976,32.26388679203618,1.2301712462639551,1
-33.18932499878609,-37.795254453420554,0.823330602018302,1
-30.081528683091552,49.22341539618639,1.1549303521986811,1
43.436287101820035,-25.576560645074185,1.0651626287610922,1
-2.8767931477451145,-54.23935530535848,0.972270194835933,1
-56.153486608283664,-10.850358258119382,1.2219453591647669,1
27.747152254665366,-36.45310021338374,0.9399305865201482,1
32.98006629907361,49.763733046495744,1.1846010516838639,1
47.13463807616132,14.608629584549464,1.0411939010118005,1
-24.695737697016718,-43.84419803843702,1.0034201920878802,1
27.80458424026295,-41.23403511767996,1.1396715526136199,1
-22.093421612597634,-48.21750149080193,1.0344268674829697,1
-4.1336579001642155,52.616406237481655,1.5028826080227857,1
-47.74247344479204,15.01118529026827,1.1080729020596456,1
-7.081224875832576,-50.96512416955102,1.026172082500935,1
-53.913905950813366,-33.48488551257071,1.2903424259023264,1
-1.1788418479967502,56.22657843565406,1.1960575902464021,1
40.04499350022677,-26.004661536300066,1.2428970994828081,1
-37.153244286580694,-35.33844541574785,0.719889627369207,1
42.788144647951185,21.978572462559985,1.0860423102020618,1
42.69967541472889,-34.657822114824505,1.3227451683744713,1
57.25928738850584,6.807384321172541,1.240412749293495,1
21.40701638801672,-45.99251961279913,1.131811812346624,1
-27.163740817288005,-41.322504350902236,1.1960809254776932,1
39.149952752201045,38.927937105019424,0.8855105863911084,1
10.822736197524426,46.92555578831271,0.8193341709404393,1
-5.102778987641687,-56.05895091335472,0.9463042520541266,1
8.95367619698194,47.01431991897903,0.9975900921146834,1
46.77368360461445,-21.181008920631953,1.034895263065172,1
-47.725777496724305,20.615955428215123,1.1069482748440238,1
44.61350716651283,-27.08501373177176,1.0653140411889832,1
36.206852855781094,39.943585746666244,1.0384575513381087,1
3.977751373674143,51.81784712386466,1.4196622285585532,1
48.62858852784141,-33.567210015618926,1.1139334405944266,1
-44.605854441941666,14.396940783808038,0.8341357139278556,1
-10.778501580913302,-54.7563994349304,1.067000203960275,1
15.70964444531671,-48.3130991070689,0.829659027106225,1
-32.40325145286508,44.70944134710076,1.2009859615203236,1
22.405838645735734,42.90891855572887,0.9168992077913886,1
-11.029164408376403,-45.786072064409844,1.01533508773803,1
-38.390308557839965,-30.485785946977725,1.1353727343385163,1
51.795616944057905,-4.825259428664676,1.0507556512685858,1
45.96320712915042,-23.10832754957045,0.9832460182742931,1
21.246181255772356,-43.05384724506206,1.0185972223436943,1
-55.556630564668765,2.924399653736158,1.2064855671178951,1
31.05085775199152,-35.899616820730856,0.85591028192324,1
35.09279584483401,-37.64537897116656,1.1314679666222227,1
-5.670607025364205,51.13265901851867,0.968333517244786,1
-54.34370099400008,-9.005062076611857,0.9255672379520883,1
-25.78369704560094,-45.29650163173711,1.1070333396688499,1
49.35073619743746,14.67571173170864,1.3189235621096782,1
14.11231718617252,-54.98706891782205,1.3200165785228855,1
-20.68627965590214,-54.166258097717005,1.223445701349399,1
-52.12712541971926,4.680233078489598,0.8983155696505081,1
31.119052785933707,-46.97716284102568,1.1290788235425475,1
-48.92102849321502,10.486061615539695,0.6521102051914849,1
30.663400271736066,-49.279700506495566,0.9439429088664542,1
-49.30770990922398,23.606026042135422,0.931529863585362,1
-53.540549824909405,-3.1916588784513955,1.2370404081391146,1
-38.02099342019839,48.33614856246777,0.9106033053581335,1
-34.81399739388016,-37.98564949647447,0.9829916236068669,1
-34.37984501590207,37.89734305374493,1.1223505388152752,1
-31.399696853544327,36.30433284423897,0.8372341694887995,1
21.405868221738555,49.39163566438348,1.1893958952421841,1
-43.82873411547367,41.484697945143054,1.260263977550033,1
-47.2642665669351,-30.949697396622472,1.1784410605470332,1
12.744521220194766,-58.44372177932564,1.1368666503172082,1
32.086831302796384,36.98868215096364,1.14465074437721,1
-5.993790550808825,53.42067199404771,0.8279081807386663,1
-54.7841513908281,-18.9680142438863,1.2154041790062118,1
53.42324377408328,1.9324355186980733,0.920793570625776,1
-46.95630937890901,17.299315992489095,0.8744617605260597,1
28.555347586643144,53.35883865899988,1.1144956085336988,1
-21.110510000407956,-46.200292386792626,1.1698232878583767,1
-43.7854246115008,-31.640213804657737,1.332262274771614,1
-44.888435286484096,27.412398859495333,1.0838260502366994,1
8.93709388685746,50.46999622189725,1.1712941874219835,1
-45.8687396417936,37.75544894064101,1.4124572321152575,1
-58.89816861057206,-17.113434856798914,1.1542817445127709,1
-22.20545699808984,50.04537842219806,0.9752373318907435,1
32.40271144285683,39.043459973328545,1.182179393289442,1
4.716174679676096,55.42897819883105,1.0639043453709025,1
51.58035940986379,-15.173744607292145,0.7973636847345831,1
53.4709386038331,20.08264998574819,1.0445882299342302,1
-49.94688932412882,18.40979210590102,1.0362025037061247,1
-30.519806056628994,-38.058972636480696,0.9386430407176726,1
-48.00988900926185,18.4754418940461,1.154274929214187,1
8.086600781635658,57.12387870207993,0.9943200905815166,1
-14.135351067615083,-48.184847576521584,1.2244841020663813,1
50.64698547435397,-13.58255813589231,1.186105443432515,1
-43.97461536460984,-23.475966363183005,0.9912386081789378,1
-17.932418676710167,-44.02140575906963,1.0158514983752673,1
39.624222736861384,-31.196381449046473,0.9534258957129811,1
-8.616534694044065,-54.55833104001537,1.1392642464460163,1
-36.780769991473804,37.73542203649285,0.9920603652678003,1
-50.91404371941673,10.243999963528752,1.210909856977666,1
-3.7599424119465006,56.768534030195745,0.9208759964812275,1
48.38452209057473,21.052379311802195,1.234560303891878,1
-10.325691311947715,50.55707511977527,1.16352861283155,1
47.97644032418741,16.43116076633118,1.095685677839946,1
-48.210817148736254,-28.96548228462489,1.061033985414463,1
-41.63951910328203,10.771129144811452,0.8931505321729917,1
-4.789625987505709,-46.19814209292957,1.0382695547840675,1
28.291477793001892,-43.08894004090689,0.846375358713116,1
32.17719137802639,-36.69571866255858,0.9010495025676356,1
-38.6657684428531,34.51134026965319,1.0994102919490323,1
-42.6761602159417,-33.831343304029446,1.2516304723587195,1
48.9347259154808,10.883286861246223,1.1344508440328318,1
53.033351981450245,-14.551158773962996,1.1663137303348268,1
-29.212450535265972,-35.06466022134325,1.0375618674833105,1
1.4224120764771053,-54.33216254638672,1.1696315737749774,1
9.620678044536133,54.47738783531372,0.9540460591813447,1
-37.713857149393796,11.241682892529894,0.7702275798371094,1
26.621866763801606,-36.70735935114046,0.6528600040075453,1
33.39512487701574,-35.696665383722376,0.7051197960405152,1
-42.89164413800046,30.164441221003063,0.8336410845510306,1
50.52821956341959,-3.231584491313492,1.0351792477951092,1
47.406607243958796,-3.791275265379388,0.7319822658595111,1
-58.281665169124466,-7.202719613633555,1.4162703492505635,1
43.50089894865059,31.550821108942362,0.9670639668359493,1
-9.171573811998059,-50.54436870916652,1.089568599374292,1
-43.14185774892688,9.696937899452156,1.0542599167417215,1
-51.33460768795441,15.956967721003247,0.9782971411152488,1
30.835570726791353,-39.697714562260956,0.8306019714240571,1
-47.22715544702498,-2.5681546050083077,1.0817897075536436,1
42.703197800866455,-27.01588251546746,0.916605167913999,1
26.449570201569323,-49.45484747762718,1.0883397289493546,1
30.62264208840871,-33.78680618580524,1.1907982106054287,1
51.84877031798401,11.33831522891423,1.2058750018363023,1
50.34904702542902,-5.100608746711269,0.8941898909869176,1
-0.5243457105095408,59.072020410819334,1.0257851695116458,1
-56.75102822544379,-18.389974745610136,1.0638238502802655,1
-53.78404802729883,-10.81224465384102,1.4768518407153688,1
-53.4791809018348,31.175522509267072,0.9955747472654637,1
-28.242538860021003,49.32686354720288,0.8663938549979268,1
-51.45874673094224,-14.29069584943697,0.9906974875784056,1
-16.418415198833053,55.79427587814527,1.0252217773825167,1
-34.96746443110246,-41.71090586260975,0.9538045353859449,1
-42.18777660753955,32.858228443912935,0.9207612663284964,1
-42.17402072066658,25.09577249071743,1.1553682589656504,1
-48.79349828275134,22.216642181466344,0.9012741917219438,1
54.32748163457601,3.936880878391052,1.1821672250523227,1
-55.60248937697283,5.691774892567301,1.301439609134776,1
-15.811972874325562,-44.876732013555,1.1387764307839467,1
31.01952489855863,40.44026949738012,1.0889230194263844,1
-52.419224347232365,-18.812500979501024,1.4006441705655648,1
62.507680300635215,2.5084446719314646,1.198323929945112,1
53.06532057393829,9.81762740897141,0.9512190783855724,1
21.69256571137297,-48.13493622477632,1.0269896085096046,1
-29.436882471969813,52.7911914392233,1.39086970354851,1
-49.175033491710956,-21.411618721897995,0.7525861527010732,1
-30.089983580049626,-36.628105663045496,0.986297847234786,1
-50.64085400386464,22.69891159804739,0.880434134933624,1
-32.992002624190874,-52.80630231889307,0.950167431995657,1
-21.45517138816972,46.34129022724062,1.1340001953101841,1
-39.833272258327334,-32.33304726403929,1.0625017437899775,1
-38.01122733601152,30.176223529022046,0.8475714227853519,1
2.4930789326059655,57.364526798481045,1.2425087283275094,1
-19.73400078027679,52.491074823750104,0.9785164027823023,1
29.886568706175797,36.84146747451703,1.1476037991524373,1
14.060485211680172,50.83994448876588,1.1268463808696032,1
-20.90441545584508,-49.76089302431265,1.1161974882684622,1
5.405422585776865,59.05535356054034,1.1560139612072844,1
51.502364120344836,1.0925950302950456,1.3028179084727605,1
41.92649117854678,34.81706673462462,1.2903049358952343,1
-50.48767116485939,-12.950912752260159,0.863539479911851,1
-0.7861697770433567,-54.22862396866476,0.9980784028371972,1
17.753978076409883,-52.02428651863059,1.1626598699221267,1
-51.215428907260616,-1.4688841689337697,0.9830443213051047,1
-51.31388073268546,17.53839804494478,0.9613618909188941,1
8.851978706982612,-53.0617396764031,1.172804596720558,1
1.6894674571012966,14.52340422321203,0.786668107393136,1
-36.88682550996276,-33.979136711390794,0.864091668286366,1
-38.45116617604881,38.799024793752686,0.9919221836810516,1
-13.402105841693757,53.44131481513294,0.8035232370314563,1
-20.17158293976705,-42.41960254487028,0.8736848599427709,1
-30.638557188565095,43.22740141226747,1.1122742082672548,1
46.71443602721407,26.65001606528142,1.487088589834836,1
34.04610917340026,41.00708363876066,1.2434602582301464,1
-33.51851101381576,-34.041234714988796,1.3076238823352455,1
-53.87018861171022,4.1599728146787,1.1854779455775182,1
-7.508890840232328,60.39434984148218,1.0715822030515554,1
-46.333457013882395,25.59110804131087,1.116663320651221,1
24.542461709432,42.519485514926615,0.9168992077913886,1
-40.780132159841365,36.86437231460698,0.8633187342790657,1
34.537756726879984,-40.49398296040795,0.9384855039031926,1
49.23644588443941,26.620392276581235,0.9364793512839152,1
49.793706485123565,24.365355210255778,0.7625763493719173,1
44.3934311721628,28.00112668452381,1.0182634188825068,1
27.928852235938596,-44.89371239864122,1.0097712510982326,1
50.554734465189455,7.9552465768552185,0.9170314974649256,1
37.200380422871426,33.2157058207856,1.308181348475367,1
-37.21760051018982,-44.92693979670027,1.3147313191333487,1
-43.383335531884825,-25.132948391911903,1.0065845583174877,1
40.84839999850598,-24.09737450938532,1.0706623981998806,1
-50.36161945564663,-20.113531017470144,1.0925838990257397,1
16.241476732388502,47.55958529307231,1.0412674007312421,1
-47.86695916747276,8.127260136592048,1.0209954524794649,1
49.20724633166577,-12.653139535238404,1.0151498925627953,1
-58.072679174318786,-9.640688942526886,1.4368251070478784,1
44.352280691320935,25.642807249475123,1.0196014931091555,1
48.32481916913615,18.245279873564115,1.1219699475923819,1
20.94569279689108,-51.62375353763009,1.0014543349371445,1
-2.2559654471679003,58.211856382680665,1.2627053207015344,1
18.15950564904972,53.04906136350826,0.9033213420889934,1
-31.823906021114407,-43.85161251266348,1.1523552828410792,1
-7.51188494642078,50.54589249535169,1.010403793887246,1
38.69300214124027,-27.835861241907185,1.0499111206159844,1
2.3357218013607177,53.57917937023763,0.9585663533923908,1
15.731304154140082,-50.74152871463329,1.3005998261227132,1
47.28304938796871,-17.719024209254787,1.0472684810286903,1
32.5913897124418,-40.236605950066384,0.9691701094037872,1
-66.13524722151426,-23.840480382740456,1.2708000705348206,1
-54.29399328075741,-7.03342899771461,1.1244445376908836,1
-53.750465635670736,-26.144132904401324,0.6671794679766957,1
20.767415255317843,47.494339233570855,0.9157147827576602,1
42.926009203055884,-23.861172998891266,1.0116831901945127,1
-16.827391391009694,49.647730813184786,1.2502275582021833,1
-10.092865023440702,-61.74906731044427,1.0767604709284553,1
35.06146299140112,35.927033067484636,1.15561729985521,1
33.5971743076375,-38.77196912348685,1.0029544154158905,1
-53.372192641499154,-24.507988266960368,1.1650270226510018,1
-20.42433515174802,49.135770790885914,1.4480218728445349,1
-18.190959478750685,-50.61598665987027,1.1590136236105435,1
-26.45475821215952,-48.84730413219647,1.0429920022166017,1
55.33951604492167,-6.1013610957495565,0.9613872673272545,1
-50.956171925713065,-21.837506802082924,0.9545644312998873,1
57.46813941396661,-3.380261952700926,1.1963955248881948,1
50.20708687375768,-19.639771265284516,1.2330133211352845,1
52.973410870535126,-16.759595158435598,1.231395856734602,1
-5.434825849995383,56.6839803013147,1.0894447130620306,1
51.085667173787826,16.062823745920277,0.9662117511754241,1
-20.121188895744115,-47.78644937943468,1.0876221810384135,1
-46.414400218584014,13.934574453971432,0.8341357139278556,1
-51.38389024241596,19.740692356478917,1.159342725978337,1
-39.39841195041173,-40.90238891519033,1.1772157788176383,1
40.22186496627834,42.32552894865853,1.2725323969414468,1
-16.24750872556277,47.83672186835568,0.9490196583728728,1
47.511999569142134,5.007559666819663,0.9886957813139091,1
-18.020477617836352,-47.805760550734284,1.3973544389458146,1
19.256689675953684,49.043146280953465,1.1655614798717802,1
50.058958154396706,-22.17570268040616,1.1166263804136167,1
4.328305799798892,57.492142694298245,0.9793815241853392,1
21.151168107838735,-54.85139268898885,1.5934894623758815,1
-46.41648907547954,27.93010555007591,0.8808324617655111,1
-29.314761893414182,50.692720178481444,0.989594239097823,1
22.878157238684878,56.32209760378452,1.4952809376558063,1
17.67516307351107,50.666511652490016,1.2246964123382889,1
-2.948835338174388,-20.901969169305097,1.0380814572694346,1
-23.436974367799856,-42.742409675922815,1.0853304427579087,1
48.498342156708624,-20.98441062458247,1.0294056334889081,1
51.71763925451901,-1.9831853113992244,0.9025666126380952,1
-38.71444152438707,46.70107782010793,1.0800363883438446,1
-48.49728895155121,11.685662289827372,0.9309670928446429,1
-50.47757893491471,8.059232368378202,1.3552648138533971,1
5.827117501721308,53.15797063168416,1.2622992702032128,1
-57.93295395676933,0.6564978814509695,0.9300137099790198,1
-13.494954357184758,-51.72244376343934,1.3680702255284969,1
-10.424304107324138,53.05878154365663,1.1887699067598652,1
10.090087004039994,62.50404750603429,1.2120192205018694,1
-6.008746064044017,-48.27407967185788,1.2366422652732845,1
-1.6622903294921416,-52.820594497651946,1.264413359377116,1
26.83447188057674,49.59397914712494,1.2430570334066036,1
-33.73420331998401,48.207474977703384,1.0546557198910254,1
-24.768417178610335,53.597897698262486,1.2600332752867185,1
-19.69177682805705,56.13618595823133,1.0245972354474442,1
7.333166595272543,51.64933137716716,1.006714416965488,1
52.2776054356807,17.899342708212753,1.351082840774146,1
-30.15757583619732,-39.635468406688865,1.0472271258601873,1
48.675007569964215,-7.80304098084207,1.0700895122219358,1
-36.832395867427934,41.810559620845076,0.9777343188451169,1
-47.29260898997956,-25.33561195454162,0.9905942606194753,1
48.45583441702225,-16.41164052782055,0.8706681658547664,1
-52.99695798463015,-0.7542672353662353,1.0610984894480624,1
-55.49112287563221,10.878255155107807,0.9991710761719517,1
-62.19463362105988,-7.13524703692376,1.1138459438212365,1
-41.26617137761111,-32.21660058099458,0.9171816585622065,1
-52.10368681767075,-23.59648707618546,0.6671794679766957,1
1.7249560363579166,59.35761718228171,1.2556281879134443,1
62.411830412318785,-12.60062751901044,0.9391833914560378,1
2.844385813331272,-48.81764777906359,1.1204719421788498,1
11.664176904616248,-49.606173554947496,0.811998515904326,1
-44.309475193092595,-26.155701957976547,0.8044755019861057,1
-56.87658918388913,-2.3693605357821625,0.9811851808642821,1
3.4197571461037137,-56.744830518171355,1.337903864678295,1
-19.419207333319868,-49.4700994486104,0.8843692839518352,1
30.92105021634099,50.283474745888604,0.999679211525895,1
24.371737828547655,-49.10380347157354,1.019106777393148,1
-56.4304690326304,-22.26512564940987,0.9175346250715213,1
-23.361115880541277,51.531000214256245,1.2474137753828813,1
15.788370794669037,56.985145221780186,0.8980283430874186,1
54.06207393490921,-18.386855638028578,0.8860452830930448,1
-44.0748804955951,33.68490629724962,1.083485963384577,1
10.83457089758269,-51.4056688005247,1.2421338902739076,1
48.288403261998624,28.445115349154445,1.0011058671358912,1
-10.620826576541353,56.104000914603844,0.8231228983102115,1
69.41569871960274,-6.0235812109755145,1.0550427446048003,1
-36.624388205858544,39.96797541286636,1.1391125060648406,1
9.519738251696436,58.10473324432687,0.7042459538144259,1
-36.4970192354181,43.94528610860738,0.9863977530792438,1
56.57693190565388,8.939335951503804,0.932993297095991,1
-53.57917937023763,21.98996622744469,1.0234365297723345,1
-20.429020438242652,54.246384837455615,1.457363532403478,1
-57.18872408570627,-16.81947572277402,0.681357240356893,1
37.75046454114151,-41.150480841858915,0.9363279638035281,1
14.484730529832007,47.19622951376653,0.766881950762316,1
41.35325280391241,31.678279036586684,1.2472249466931102,1
16.38554138539526,51.88104144484214,1.098846488949756,1
-44.13624066690116,-35.78603522703664,1.1480783989068055,1
-51.19916140131505,-3.1537476149183865,1.0241859122305392,1
-47.66174619334087,35.72968404930658,1.4034625418579176,1
-59.374746518114314,12.799975995938317,1.114372831663401,1
-61.13039704756352,13.328995850350333,0.9179717283209737,1
-50.63389114754621,31.176189165723066,1.0256379791637111,1
48.02609173171023,-23.125910859020344,1.2949566513917063,1
-4.655829924916455,-54.31027928367167,1.0595339122053966,1
13.103197158192046,-53.621630332953146,0.8212684759783154,1
28.72515143750526,40.8661267741454,1.1143262746458733,1
37.16494188519563,46.94496987004758,1.1015759116941028,1
28.815780873778884,-46.769505890823424,0.98667556328896,1
51.038808022678886,23.269865816157797,1.267614006417778,1
-21.691286819396133,-57.79568621792049,1.0649121592364936,1
22.235000809603296,-50.112935271192164,1.2883590129731985,1
-61.1710829915734,-17.33501807537724,1.1967250790357764,1
62.89943301570684,-3.9394711937781897,0.9035373387809871,1
33.419252849712706,-32.09221435137866,0.8739326368242994,1
-22.785251016395787,-49.95710151339583,0.883227253431377,1
23.382776999699715,-45.03462555570156,0.9418661754779574,1
48.32140369026408,-19.313325108161784,1.0567739925623358,1
51.086558724200145,-28.55639399692857,1.3351240794618768,1
54.74090516674933,18.42693144453098,1.258913926833237,1
43.80716577510727,37.295047828974084,0.9898842863927442,1
-27.793950059703917,40.664346873445645,1.043130699534836,1
43.322892013205774,-30.84322537657624,1.2649762977410404,1
41.533847519155444,-37.68543587398666,1.016399655476671,1
55.46506243534915,-9.035685506948152,1.043446983229727,1
44.20758434542847,35.1738926419544,1.0198493391873227,1
-64.92329999364071,-9.520304401504353,1.2692431055044173,1
57.17713684179524,-27.684053972740678,1.0502543637301698,1
55.28547704575433,-19.182868095997538,0.8361726768122658,1
-6.018822543154669,-65.3384721307013,1.324235357471636,1
58.560022622844905,17.26548268474283,1.0696642571884352,1
52.67835983404212,15.407930675622431,0.8242608626547009,1
-54.55049782665715,-28.68522731780851,1.0259375211621597,1
37.57532192451664,38.53940972245163,0.9996692328406033,1
25.97594623307125,-41.225949220019864,0.8258611212911673,1
-48.637232073616,13.49689672702174,1.10603446413025,1
-37.60322204109323,35.58272773487553,0.8377667735507845,1
26.657611908537874,41.87588387285061,1.1569344146988343,1
-22.355410686338708,48.094769543429265,1.062785351976664,1
31.641505421927913,-41.611899976989996,1.183399209241952,1
-43.495829932928395,35.597036183800505,0.933167488496564,1
28.11488470194231,-52.947441298320484,1.242522747029697,1
9.456824854289689,-50.73643503150838,1.0067382427121174,1
-49.14310696316041,9.380066859277063,0.8993637911336472,1
48.82844132271064,38.835801579249235,0.897736217068991,1
19.561647479719543,-52.98733658317199,1.128451246217624,1
40.962039283624264,-33.362155685009,0.9642799799929986,1
45.753127807086145,-39.79451430853473,0.8602747398028037,1
16.96350737918931,58.40244941138273,1.1483537179761187,1
-49.589462699783304,15.199915343109655,0.8844771760275291,1
-31.98544113886903,40.326462811348065,1.09000993404282,1
-27.334071911754457,51.118663596885234,1.0515716936836998,1
-53.218105535439605,16.77650495235177,0.9322759660062598,1
41.423725906030384,-22.55626713617274,0.8679257307910812,1
-62.02114530944133,-21.718143550910018,0.681357240356893,1
-10.783322019902963,-51.699208164264384,1.0258269947047802,1
37.079212909045,-37.8655387650594,1.2489482473281877,1
-59.24985615334604,-32.734286513703935,1.052144437363046,1
57.269155216266036,-7.798534277723352,1.441014761303666,1
52.23980432882649,-18.864884394872906,1.2460256476546512,1
-41.92335789320348,38.5533354350885,1.4583706862995531,1
5.389250790456651,-55.404158221206224,1.0323726084772114,1
23.59648707618546,46.02853138115601,1.0612131188863825,1
-57.023097948635225,-4.804370859709408,1.3824669425804026,1
52.38654155226833,25.505937388130217,1.132131880189829,1
10.642029597072272,51.60033560454284,0.9247727832276201,1
-31.906739379974074,-36.94638149002168,0.905611033908017,1
58.03739680154561,-20.285784536835173,0.7824148630266333,1
36.128868865014844,-30.188159854139336,0.7792658305443753,1
0.25611201936446437,54.26305295385979,0.999147483943143,1
51.16351744428273,-36.96872410197721,1.1255482375066037,1
-53.20637152091752,18.50019122352658,1.0857678724942386,1
11.827571932888507,-54.70948304592772,1.0638602381351412,1
-48.5359522655181,16.598238531578332,1.0150906412914344,1
-40.06093308515266,39.99576075001223,1.0329448051709247,1
-3.413631926635634,60.13928942055482,1.2623241911109673,1
55.27660264751492,1.6320329744608324,1.372578216675145,1
-45.8069380511284,-29.110761340782176,1.2178748456829973,1
-18.942947961139986,51.02778987641682,1.0825943282440884,1
50.474686378752054,21.357150366957377,0.8474066545375225,1
-62.40488203179314,9.880857671754914,0.9249790925309429,1
56.70243820042787,3.900313595325823,1.407830060925512,1
-0.1329272569880007,61.887132931988134,0.8077177288977041,1
0.36280146080184783,-61.040796080729116,1.0678769812651268,1
14.849451575082544,-53.019829912657926,1.0351212613214937,1
-58.299995954126025,-18.702232071274626,0.9256502223561771,1
-9.964909522283083,-56.62643213291404,1.1298799240906112,1
-30.632925691586706,-45.819236684658804,1.156686084420377,1
-23.787902326248187,55.159747754518875,0.9708509694253996,1
-38.528768376002716,-35.132996486974314,1.0577196008338092,1
46.11950277450979,28.460060831864322,1.0548098139021205,1
11.533623348645902,55.51554971239006,1.2574640562696087,1
-44.11164437695635,8.437310772407939,0.7702275798371094,1
-32.90899090860244,41.659402340041595,0.8665223939629523,1
-14.593413911163111,54.78741817454439,1.0895910815886054,1
45.792965292165086,32.21278440012778,1.4109175240364806,1
-15.925884730835369,-51.27813859006102,1.0962206331250295,1
19.74864990655711,-47.2929137472166,1.2034958309400592,1
-32.39210602636061,46.88607758208985,1.116880368730506,1
-27.36700941266775,-44.85074162821898,0.7464497005140319,1
-28.257861770404112,-52.49928893331812,1.3453959941979567,1
33.92900414589819,-36.66480986278117,0.9122642137243765,1
53.92276031477755,27.114803094887762,1.0597732595169571,1
-3.290678281463248,-55.98816572951964,0.972270194835933,1
-33.14855211899842,-42.25596818349106,0.9147369058972001,1
35.07841355145497,-47.841671618674475,1.073919197613874,1
38.10992036563985,-44.60269896968407,0.9100400750723223,1
-42.12468814292117,-30.63686409280378,0.9833415066181829,1
40.38655603435235,37.61732860714097,0.9493121404339259,1
0.28902958676866786,-55.51670071516925,0.9835827813736316,1
41.76770436324659,-25.595909043046557,0.8573765038362803,1
53.869720374797154,-20.38344537870392,1.1806228174966982,1
-47.25690583311279,29.257922249998497,0.9274648119287658,1
-44.241989047237155,37.053168335087875,1.0650131090620782,1
-48.05206402467629,-38.01615107012242,1.2595163170754697,1
39.473128754751656,-36.80356964226967,0.9083508542364594,1
-9.306471839242743,54.81897737469974,1.0244895023754381,1
42.35366241368181,-32.46083615647146,0.9700774499279913,1
-37.70647803536072,-42.207964645218865,1.4063311435331132,1
-7.702185062047988,63.611389351203975,0.9829123548915081,1
-51.84020600471238,13.245963788753192,0.798733999212451,1
6.074736890049605,50.656911203129575,0.997702060335214,1
-47.65100350073532,26.962964807447474,1.0893549891084644,1
36.88481518152199,43.278916078563135,1.0899869289518918,1
-31.105400126485808,51.232696790930284,1.0517786114533996,1
50.278359177981194,-26.301692395949573,0.999159784910366,1
29.938861178118227,-45.510649888274884,1.0040594112589722,1
-55.87214023471182,8.34888417496073,1.274179205668144,1
-21.651001722125265,-52.785413749937824,0.7524304802166359,1
-38.438908117100844,36.84980038073103,1.012738994639981,1
-60.385741786190415,-25.724939324856667,1.018828768691599,1
3.4762976335014093,55.81205745171814,0.8577430368215481,1
30.463016009228227,45.7833783743237,1.129849456277063,1
36.517016455419814,41.211247587910606,1.0053904446489252,1
54.98915777471757,-13.620838999468084,1.0792479079729873,1
-31.90609055470886,-39.10545569758347,1.124336985611447,1
-39.030291092900214,-44.090546922311546,1.0070355196301997,1
23.84189124293256,44.06845324360887,1.1552759824470338,1
40.09867995799416,-35.2353296094699,1.4633644721894097,1
-37.474092705733455,-47.63699587214178,1.18295717373607,1
0.6155164985482702,-58.41279422648441,0.9667118815904967,1
-45.77681682154969,-26.58761329145144,1.1388278259538378,1
-52.20053381919058,25.12894845317578,1.0464514655960144,1
-35.32953295966027,48.247024001592045,0.9604372266473553,1
51.79863775249144,6.498851573359962,1.2219059001546075,1
55.117762770151046,-22.288414844946544,1.1783578087486632,1
30.748761750025363,-43.404869793256616,1.0264154457097692,1
-18.64652922072728,49.08813704485707,0.8994603011853424,1
-19.887358236368367,-52.05287324554134,1.3183910259604086,1
-34.716801603639354,-47.91366990021778,1.2031345877265565,1
-55.23086835834269,-31.073238361586426,1.116705457373477,1
-26.92768633543415,52.95020134947372,1.0664714127367065,1
45.194507791596926,34.07343367981741,0.8431061622265412,1
-45.57084540652785,34.88162099703975,1.2213403609611753,1
-56.20863243032556,1.0878766711898622,1.0408049643106148,1
32.006694092597144,42.985725935480914,1.313904636627326,1
-65.31694831009627,-17.208967193139763,0.7897699704880038,1
28.264255270879552,48.341539160907836,1.1263766805153874,1
-52.156667824384556,23.455774079859598,0.9476045445968863,1
-44.35339474833187,25.11734369264508,1.097431695608671,1
-54.79029007231699,-0.22252720397235032,1.0423988329279756,1
23.722729991107784,-54.50913846012575,1.0422485940143777,1
-4.713220740631915,58.529770212633856,1.142134154983597,1
19.20748046215486,-50.66036961523597,1.2048974948630833,1
55.38932307427473,-2.3275833978716554,1.2316023027684175,1
56.677044966167486,17.09411499460314,0.990178951907703,1
56.82654843628202,10.672451923140455,0.9110302681244029,1
-32.722892748819234,-45.324396711282375,0.969891927944693,1
39.11732679688047,-33.003938949308164,0.872635589100558,1
37.24332375346584,36.08550021708864,1.1622558420514588,1
-55.61651112900715,-3.2669721846023965,0.9749082691931701,1
38.852738256780505,-38.27512391523509,0.9896073816598677,1
18.58741599157497,55.1790732332802,1.0326745962559392,1
-27.043733940741134,-53.634882220784974,0.8768124421010963,1
-26.27447757468216,54.9503050364608,1.0306190892016198,1
31.799563744973554,-54.712533440124375,1.4820413904229779,1
-16.630514514378746,54.28778390171986,0.9106461492412772,1
19.06604131391205,52.302365592847465,0.8318618363496041,1
25.56602192764467,-52.75817928661642,1.279424594501471,1
46.315268026931925,-33.17458793636638,1.0870581493871931,1
-1.8863984579594757,-61.20350703890692,0.8780521672562885,1
60.03374717741246,0.23459469749752254,0.9502253543732327,1
9.68301218681532,56.32022380758876,1.0835636640225772,1
-39.710268982312165,37.83029777633892,0.8932763919779203,1
-54.3281837713476,-2.0530479201739515,0.9557577683931028,1
50.90595202125614,-17.641160698653053,0.9230031166376903,1
-35.38105809641657,39.08460137218386,0.9411934457642364,1
51.632066335479635,-23.25792949104051,1.1030199649912975,1
7.4631872795858705,-55.16372652955794,1.327133639895086,1
50.755481325046986,37.799580257812394,1.1427441167109313,1
-58.14761213141961,-1.0909996834664535,1.12542221659219,1
-63.32326757069534,-16.9369095405718,1.205634751768418,1
-55.051127195951516,-20.97212323107936,1.3268198909930424,1
-63.31515146420214,-9.867000390138395,0.7707616582347205,1
33.42851125784064,-42.044317280874616,0.9387364831691152,1
-31.408052281126423,-41.617191153944994,1.1547804122683916,1
50.4839849468085,25.712599644572713,1.0189061609456498,1
-8.197602838885825,53.55364889707007,1.0520225011958122,1
-60.363322376484305,-10.462852094478292,1.0344098861855182,1
38.29769913882648,-46.047784518552945,1.0532936279368865,1
-45.3567789904283,17.394680947899875,0.8914395916852603,1
29.999466447910176,52.19705239103137,1.210711031007154,1
16.89745971354032,-57.644094888930915,1.00778373254982,1
-36.18013054234285,-38.67998414596135,0.8897547992567736,1
52.43030807769844,8.19795990844061,0.890493474046579,1
51.11184992872587,29.945710836841695,1.115351829878529,1
-18.17827713331358,55.1719327530761,1.0160194694757416,1
29.550362215372132,-32.57224185756617,0.8739326368242994,1
-24.021854298547098,-55.215450605066216,1.2040348893017123,1
-18.69883555599736,-53.98727068080256,0.956989103871457,1
-55.84128851415708,-27.61468815885151,1.0208943219957665,1
55.30818319148879,-15.410067006538315,1.338791031632136,1
-53.020465120602786,8.866867701997348,1.387257961286563,1
51.52440382405983,14.624197065412973,0.8998393975484069,1
-57.397870882370796,-12.407809959423451,1.1449532746563915,1
29.460715440272477,47.022779789405924,0.7997313420802227,1
-12.26457405801597,57.57884297828971,1.1545627642923213,1
-49.64627960734158,-27.517765198899117,1.043872958099127,1
45.45789082224471,-31.43947866546508,1.1828418216261267,1
-56.92078584716125,-14.633289387035017,1.251536840520597,1
55.479250897281055,20.263488382370795,1.0367523671012866,1
-61.5748593758893,15.220803912064895,1.0321284981948442,1
51.51858347976891,9.311386796643976,0.8528765328264069,1
64.48002828360315,-20.64387429035389,0.9487867502704465,1
-6.642564927772151,-52.922200185354505,1.136333995511844,1
21.495476831449295,54.25482962789955,1.0631008494220193,1
-47.28792219307664,30.561875342357048,0.8716495328042457,1
49.26690433266023,-17.5376538702962,0.9640301386168366,1
-55.361910686246745,13.717307144273798,1.1441672462786152,1
-39.6478736193069,43.81052024586622,1.1483243337957088,1
-19.161780588290316,58.20483691777428,1.0576433353747428,1
60.573636344256066,3.666747258146106,0.9053485224776419,1
40.33881073388314,-38.252937919636665,0.8389510706042187,1
1.7739215482004047,-56.563031104846466,1.0397703630218635,1
-27.275248913328575,55.98397587121175,0.8515124104083941,1
55.234825509604384,5.843350115570951,1.1986428489678107,1
43.642364244286185,41.34707913790842,1.0340599526688043,1
43.28947030287739,-37.84173151934601,0.8491467828701937,1
60.78573565980176,1.9594496634615635,0.9571528255204043,1
-30.971604063896553,54.504420101020564,1.0503842403697332,1
-49.91876484566618,-28.966301444191753,0.8725000049809603,1
59.97905710596596,-2.937312587272152,1.0972264976111195,1
-60.8429043748372,6.303950231023751,1.0681535484169986,1
43.191592436915606,33.216803413899854,1.1467045758687067,1
-8.330852795097151,-56.20008040444741,0.8553483323849935,1
25.646304870323466,52.81698949370738,0.957906223180876,1
-31.900531012730404,42.420997330078755,0.8897480283554791,1
45.12527710591668,-34.82422852969498,1.1320304198054323,1
-49.49922408189658,33.52698871594784,1.2711631021754015,1
51.21150548909162,19.944042359020575,0.9508366576729592,1
-48.9329648183323,28.27118604030251,0.9733288471022686,1
29.392006968816077,-54.540650358435386,1.2051284637952688,1
25.078411592800144,45.26081215240974,0.8284397674543974,1
53.45784789524218,-5.346584777271443,0.9768641599645246,1
-4.3296306561808136,62.449225332965995,1.131895236712858,1
-53.112814583352346,-30.014894671647312,1.3924795905978506,1
48.10553876120176,-31.872614054691375,1.2554907056942246,1
8.515163697643553,55.55130602748405,0.7071913624501162,1
-27.618486080479737,-50.17814055215874,0.9623677195121557,1
-0.22695147891929637,-57.26968140430586,0.8815331573103352,1
52.60786091381812,-7.018559168966801,1.0845946262032635,1
-57.455500952077706,-26.436970747278863,1.1304365536773673,1
11.305839416047931,53.51651366337186,1.0428148278168459,1
18.723423373113288,66.91062735694362,1.0378619676140977,1
-12.430305341375254,-53.42653213556459,1.2641706667526853,1
34.74528601585104,-34.46613877617626,0.9405643970073704,1
-9.205592338582354,59.48855552768023,1.2665286690437427,1
-33.66500071977457,43.023079611730346,1.0292684243900256,1
-34.50513077155941,-36.5549956717021,0.9551563939398032,1
9.769882108502257,-54.87327595170388,1.1380486219327925,1
-50.27293667599933,-32.515981978513345,1.0264956178683244,1
38.12286708269676,31.915275884934104,0.6344272748292726,1
-34.487222565402135,-43.958529214311596,1.455166566425509,1
-6.861894901802364,55.170888324628294,1.285868183365805,1
-45.34104913688305,39.8168260547155,0.8025787478840447,1
-50.0232338338329,21.031677874483712,1.0168447580680142,1
7.805640447200932,53.96436458177259,1.2187304719266165,1
23.458583232236332,49.50158665107499,1.091482741054178,1
-54.18494786994012,10.055435732462058,0.8652227550526247,1
54.882871820915824,22.471185238456727,1.4284330557418297,1
16.65841152299986,-53.19651856448279,1.0262715847228543,1
-33.141206688157,55.28308978073085,1.120038878211465,1
64.42617602609725,18.280898300564694,1.311304436322616,1
-19.47519954932463,-58.031699919103275,1.2388416317646693,1
-56.357359041287005,25.86004836660981,1.0731946038586249,1
-68.01109166142562,-4.875391994157307,0.9184106167017666,1
-30.318808358150427,45.657664334159435,1.3536890198509632,1
-52.181734107130836,35.93878288752197,0.9101832600881714,1
36.33417365703222,-40.1597658571238,0.957129543679479,1
56.758782844688064,-21.627842656544424,1.0111852444187106,1
-10.51919520767561,57.9117566897507,1.11549548138498,1
-63.41239965462637,-2.0635552486222672,1.199878455314879,1
6.622671052576671,-52.700864780356994,1.1267937568499264,1
57.4137238141672,1.7128626543311931,0.9651564714678732,1
-34.16116566942948,51.594765319488076,1.0978685351914275,1
37.295047828974084,-51.081503339444616,0.769010477226017,1
-35.40612437916288,42.70667922902567,0.8665223939629523,1
-44.033992232959264,39.45272906719752,1.032359091164622,1
13.633272671465281,-61.33719388022059,0.9385835209484624,1
13.191797951701664,54.82849356881704,0.9837421001736717,1
36.165547775926086,-43.9828291747753,1.0884543964950866,1
-59.91578819978276,-12.240701407781394,1.0607869747426566,1
48.00976467254188,-30.283202842885775,0.8386618426267861,1
-41.05614536915775,41.53321333110367,0.8450636937859283,1
5.6930845207149625,-57.11694336693275,1.1962629622608176,1
-11.051951938145782,-50.218018729255164,0.9439275508268256,1
-58.901442680941216,-20.58892603507257,1.1002491046179252,1
48.4040364115724,-25.390055565116498,0.9882203664819706,1
44.88876103414809,30.204870709303556,1.2932288676062509,1
-2.4608723616813974,68.13055438197448,1.1455641056829515,1
33.654468668200515,44.51652452493483,1.1771357848051225,1
-59.64880069237983,17.886583188259788,0.824212292646195,1
5.838715170735301,54.847619712658684,0.7522805824537522,1
53.85240185217239,16.719210591788784,1.0492822820541474,1
12.724824711803251,-50.49381486161096,0.8626626941902958,1
65.04449709839983,-18.426224446812483,1.4313710466760698,1
-49.34969825612293,25.976297793839098,1.1791873308273557,1
-23.211802675333008,58.82079400384102,1.5507862856491461,1
31.980843508137845,45.15930833071914,1.0250623647799095,1
-60.073325518590835,-4.28105723746189,1.1042765485614772,1
-27.137669202345982,-46.74405981591429,1.0883222040892115,1
-50.95975282324823,26.949387237626553,1.2794596019181894,1
38.0626054310816,41.97512521626653,0.9915448838430033,1
-57.88222457502084,-33.693261724831686,0.7124977742872888,1
56.59540990258842,-12.42199842135533,1.0319731917997248,1
-52.4422444028157,11.471661032367399,1.0207735785016643,1
47.369306227967236,-35.06295503204078,1.1313443260429197,1
-56.44091331710802,-36.23363307239043,0.8776859102908328,1
4.440312943632046,-50.73684195168285,1.0865719197783794,1
10.704777219894753,-53.39118224964031,0.8816750626198404,1
12.41282321597271,-52.403570709435684,1.0122755712213025,1
-5.507985813991814,-51.900398065254514,0.9307556404437505,1
-58.6493170995778,-3.125572640905269,1.1568716195420372,1
-59.92408219039736,7.953322629714602,1.0042109893719144,1
-61.97477727725492,-0.9737286759143435,0.9536171804679672,1
60.63255282079654,5.556359342098708,0.862560598370995,1
14.06560275014532,-51.39727339482018,1.0169194213870043,1
52.043869552026145,-25.410944134071766,1.2353169155642094,1
-51.6911740992816,21.701616331516856,0.8944865671033806,1
35.28546951071979,46.78228844794528,1.141413302855004,1
17.170403681222353,-49.88190266515691,0.9422881753399085,1
-50.60637937380025,24.366260947663065,0.9597239374965854,1
14.394312867068509,56.46806845674988,0.9853061233702323,1
-39.460477376195755,-38.992258132443936,1.0287942627457245,1
-15.82990247348491,58.66600001016814,0.9425577353643364,1
50.344332364097475,10.117270329157185,0.8343148872792184,1
-61.02595420278724,-13.572347678679114,1.0406281941427435,1
50.570126042314385,-32.27173963750805,1.1041438006240882,1
0.9037054569064261,60.73296453823061,0.8985086956051894,1
-43.29678130201171,-38.2417476148392,1.0257607196251461,1
-11.49075083455846,60.223272729884556,1.2803632957056745,1
-49.0881370448571,30.058650726616737,0.9644279857491325,1
24.22353703328752,52.26319952605636,0.8318618363496041,1
-51.51632661157447,-28.501386596135944,0.9804935667253586,1
-55.03224044818779,-23.17064511362031,1.1406491562786352,1
-42.45810525845809,-36.32104369940319,1.12967232883805,1
60.075524315322994,-14.739496469054174,1.3755397829311644,1
24.200531903764375,59.77151529637414,1.1740609741088357,1
50.00723407888846,28.35564117084936,1.059127773168685,1
56.25452300950725,-0.3181489733185369,1.140327838357213,1
-21.990440967648205,-51.26577035844278,1.0064533851144823,1
-1.2590110197578381,62.88788528102642,0.9569665332208251,1
-46.060751888364784,-32.36756626718285,0.9199910244809459,1
56.931098401924764,-25.731931810350904,0.998789407176125,1
-22.04561403564961,56.23021123025499,1.17006935091855,1
-42.30830437823611,36.52873575644407,0.8358521254309136,1
-62.06315199206563,39.807185176736176,1.058531941344427,1
43.05488773227042,-43.229878762763505,1.0766173349929333,1
34.31574107969842,48.29715656708462,0.984708517616616,1
26.978156493960377,-54.33686473506927,1.0930717937330172,1
-15.390697606234337,-52.75825861029599,0.9596092112128306,1
-40.325973554040054,-36.14037728413734,1.0674652524290311,1
46.97046833008264,-28.441587371287262,1.3353018780908548,1
-42.253397282696575,-41.82448533348194,1.330597138297143,1
-73.28879749366119,5.790311314397616,1.04282380242766,1
5.201253669859326,-62.13430167155324,1.4343560841534964,1
55.705847219695144,12.490306586183452,1.3227633895947135,1
-62.28971262458036,-25.316945573773104,0.9399583335337298,1
-36.08885076449002,-42.757801253047745,0.9289394897374995,1
59.957653104789756,-11.346969064624252,1.0179680698204425,1
48.860451643244765,-43.37720229248945,1.2495775729869174,1
-17.53411052891392,59.247353993214475,1.0739728188632593,1
46.904585303400765,34.182054238384715,0.9728812621402589,1
-71.39511533302912,-11.196776299029429,1.2893555137746673,1
37.62580968025061,-42.94909656874328,0.8645249102262543,1
10.160341557254313,59.85530923243875,1.110342991425578,1
-39.78019071839399,-47.99942483090903,1.4289264971372635,1
-39.45815271294137,49.09380174152291,1.0912084870441896,1
38.53611152735343,35.11258501542319,0.8657832504440357,1
-50.74251170611354,14.20422688957566,0.846650700256323,1
-5.2051702765384364,-58.012778130991215,1.1057405996134655,1
-16.340083065250834,-60.143412164427566,1.005574562872684,1
-46.38475192716365,-36.0388458710657,1.1404508447740571,1
44.09454032520006,-33.00639642800878,1.0141257499380687,1
-2.7438627363371446,-59.68460966773172,1.0793908367247051,1
-57.84773414721102,8.158200628711823,0.9444790694733536,1
-39.65669342291216,41.86374905008726,0.9449033410748778,1
-55.45670905516416,-25.36414831400967,1.2657649842835526,1
28.50506341056941,42.92209259637677,1.1434717030976576,1
-58.09111026457344,-15.812646699130571,0.7645717669145297,1
-57.1325570447377,9.706221707876695,1.0477106843820438,1
39.54115283365381,-40.024314515575426,1.1861858025887229,1
-29.202219399451156,58.504703929887576,0.8308036322754596,1
-15.812646699130571,57.213790368452585,0.8672512680385686,1
46.588471626544504,-30.177019284029882,0.8709835400339284,1
-26.025279294076142,-51.50276173487615,1.3542811556934702,1
19.96780083571054,50.73415627853147,1.029182041286347,1
-60.28441000487556,-1.9438656521893336,1.0423988329279756,1
-23.273663737786023,-53.06076306798439,1.1713699760756282,1
-1.4860724771026685,64.66333613361867,1.0196401296986,1
-61.26280362174765,0.594313478017351,0.7802182807351797,1
51.53627732641335,31.946977360172113,0.9284234852904217,1
0.32296941230822723,57.6138868045956,1.0089405435612404,1
-62.47164532193261,-19.1150620684764,1.1416835101611278,1
63.03587173888913,-0.7665619025906398,0.9333236775589444,1
-49.24020582685139,-30.71622287732827,0.9830653838958783,1
59.17433176896757,1.9208957492325227,1.0137548969445769,1
25.163762734767882,50.76231716408592,1.2967730247504885,1
67.67538251750182,5.618428232708627,0.8673848892536417,1
53.13019801163462,-3.089050726677627,1.3285377296650671,1
-23.985299302875386,-51.349324634263795,1.0409471563906267,1
-29.601423161707206,-54.20351548678925,0.7524304802166359,1
15.349181575435766,53.07393710863232,1.164535186500838,1
-14.570505517302749,-54.1985497287947,0.9391309616583906,1
-63.17598476453919,-8.612058572125088,0.8178705542334654,1
-27.23869391765686,45.03575466753699,0.944309722601792,1
23.13617897484412,-56.53814011079067,1.0532390366935154,1
-54.24001773354944,15.239160533268004,0.9438495645457563,1
22.59047367177693,51.23589285612563,1.1618981773351458,1
28.693060531166733,44.98614431626824,0.834794516001549,1
55.0243469793422,9.878043577642007,1.1653500184784993,1
35.77913453907819,-41.88257544905274,1.157677348926384,1
-33.54165114370481,-40.09392354760587,1.363605702201927,1
-3.064136977092046,66.14041226716004,1.0900180955648273,1
11.80204145972097,-60.68129281502548,1.4907047434811407,1
-53.53006300539689,13.613701399651346,0.9167146749896026,1
14.285223381442998,-57.02579324785526,1.0215254121656743,1
3.4544470909758473,62.6265407989839,1.1541603100260442,1
60.77288115582931,14.586648382756563,0.9163811299046214,1
46.259619346981154,-36.545407476116075,1.0828957300149418,1
-58.83526553360451,-13.939203170955828,1.1500530078659372,1
-59.80753925994576,9.745281633565401,1.269916374224347,1
-55.64169850490684,24.33609103152619,0.9646852468516415,1
-59.054968517794634,1.7606079548003442,0.9427600269903655,1
1.4502635017508052,66.20482726305165,1.1804340570481022,1
35.164861407729624,50.03543364697805,1.274240932065556,1
-8.677947086772525,61.91873163993497,1.0243348371937229,1
2.8617339468703826,-66.84864279906549,0.9924055343452813,1
-34.792895676262084,44.389701070563646,1.0835459126050657,1
-56.3842663504497,15.466746158973157,1.1282684322441738,1
6.8665614969944855,55.92714340833615,0.9765710726704341,1
-52.20749667550901,-32.106725177991834,1.1652077444176765,1
29.021918067416294,50.367836742958175,1.0948593754058522,1
55.44603449802969,15.998700697034383,0.9668792430754345,1
33.18775835611447,-46.431111073748234,1.10861282606323,1
31.796579663694217,-45.0065106709996,0.9112113909153055,1
-57.46076697786476,2.3739244247976012,0.858080773820935,1
29.80537682803424,-48.15076251298987,0.8068155676634736,1
-51.98196806109776,30.06425497682427,0.9474284618354677,1
-16.892229080013298,-57.51183458403372,1.2984649123357435,1
49.999015625529,-24.353331917378068,1.1262982094226575,1
29.36932795109321,-43.90180378139437,0.9517903094045166,1
-57.90311314397611,-30.01687358870623,0.813484953537505,1
-53.97188446659651,12.040171145810898,1.1010766204308562,1
7.84574649959502,59.17194450394409,1.463947564653366,1
58.54543663935031,-26.660341664708156,1.1486667494247047,1
-55.6085841848908,-32.62473108212041,0.7966561337480362,1
33.43399772191646,46.63557330163969,1.0522122501627054,1
57.22886186757217,23.183138593153682,1.2607170432145478,1
-61.204754117650516,-20.548739997628015,1.186494418774766,1
-30.127743685468765,57.40178748904991,0.7770347884740243,1
-64.42262541099365,-18.5923455388312,1.052806075174382,1
58.624465058564354,19.025308604449286,0.9751778977133556,1
58.200195013562016,0.14854093479295238,1.0478976640952642,1
-39.89353390994251,-42.569087133516035,0.9677955219817653,1
-31.16937767584635,-47.60958964228489,0.9591780832050756,1
-50.31726441811912,-36.01629047232965,0.8905407623758518,1
-31.458184846619055,-54.14468074906252,1.3253770032999106,1
-39.79144496779026,45.67434806131203,1.0327007980395555,1
59.370227928245406,-19.86380033710037,1.0258304337698787,1
-29.733928427403185,55.605370558897675,0.8860436699618771,1
25.08807951391549,-50.835511247896974,0.9740088786597343,1
-20.74368228548358,57.62311743244817,0.9971537614223823,1
58.08573891827068,-10.982612740418963,0.910703398025556,1
-4.03993812347444,-52.75385867768627,0.9881715904526243,1
-17.699074371871802,57.185305956240896,1.0625856358460903,1
-61.61344520465388,-27.685187079075508,1.3920091520059963,1
-63.72933021474005,-5.477321513619363,1.2088725632013813,1
44.04744476323592,39.19880260812881,1.1824173770075508,1
-59.35486868636656,5.133365820754727,1.0063229471514457,1
55.775535974289305,-17.35992923369445,1.2532368642737537,1
-28.563626005676117,-45.91904272621646,0.9173018855662369,1
-45.98230524933812,40.96904870007609,0.9117782094895417,1
49.07033039591165,36.594718196272765,1.1062554393838488,1
38.59025171104083,40.519882533775665,1.0441387829401572,1
-39.62263122684574,-37.54571065643721,0.719889627369207,1
26.086838543838336,58.92963710406308,0.8985660804199384,1
-12.86309550318297,62.12601445154321,1.0242000625141592,1
10.456447441830951,-58.6503422055908,1.2909916068629397,1
45.401304624253996,36.914577465860454,1.082372498316449,1
16.8253736716555,55.88748911372872,1.3113650301788868,1
-3.3799693957127546,-64.43825114569265,1.146330906530538,1
-20.86230904000029,59.5145170348103,1.208684249776213,1
19.460040254467373,-56.647928388545225,1.173765544635085,1
-2.0220134748690204,-63.30071936201485,0.8307132949491495,1
-16.898407847166634,61.25506180483907,0.9926144094532828,1
-64.13773660744558,-30.593152344001286,1.0208205326665614,1
-22.615837519213848,53.80607244682059,1.0812457231607635,1
-47.309422291785594,46.58717346689191,1.0988257680976854,1
-6.836258930811814,-59.20959818408682,1.1614014297948616,1
46.59603994862973,-38.127995733898054,0.7495835296619688,1
47.12706904176343,29.96403779664292,1.002278324072583,1
-56.54317377408304,-48.30123035764705,1.177368697805004,1
60.432528948376465,-9.506197835456646,1.1622212767715774,1
52.54967132887132,21.34015992219582,1.1502229856522608,1
54.506837293185065,-25.943602642430854,1.122155821769282,1
55.68181383252119,28.066236798394982,0.9915237574497141,1
37.7468728415021,-39.56786455866053,0.8539189153251617,1
-42.27600608674225,-39.46465045323456,1.0489824219666357,1
-62.58791495380371,-22.8881092111134,1.110605003890228,1
16.087182176828247,-54.77878004452534,0.7765215777795356,1
-38.54589238178256,55.2581881369517,1.0785586814165329,1
49.008268987086986,-27.41808986280203,1.1729270123960036,1
-7.143890582698351,58.08555760700306,1.2848902957903072,1
-27.130769644721365,57.85785457790636,1.1951331072950115,1
44.860002570120315,-29.16764521635279,1.0773917769859076,1
49.608639090955315,34.725020056998815,1.1358577704328348,1
-5.612919159577565,60.20728298104074,1.1201848240170236,1
18.039205908448835,-55.01318976909813,1.420728556665531,1
-67.55363200130546,9.746927637122845,1.1269882211680888,1
-34.263680338609916,53.651485955082734,0.7809170567964615,1
-62.76646349250037,-12.953370230960775,1.0087254682517983,1
39.04073537737783,-52.28669916613102,1.144247044599857,1
-55.07209768086346,20.5027447992612,1.4426861862320555,1
-37.65253065070719,-39.398673397950134,1.1006665626089351,1
38.66056342239214,43.937015940490376,1.1173052220991677,1
-60.89066428525143,4.380770112523715,0.9727051657406858,1
-53.1471158123736,26.717579092141474,1.0493279190184581,1
32.51723529265063,-43.46493428210154,0.9228874933243009,1
-70.64817854398629,-0.9547974973367039,1.078830597825246,1
60.37794091064538,-5.9466949888447465,1.1695124818243128,1
23.017762397732245,-52.6478373130256,1.5311759361095172,1
-45.51547145802672,45.17549199089282,1.3234303789126955,1
-37.215343980610264,47.419746827656475,0.8068320132971641,1
-46.89323049155841,-28.074236675867205,0.8180414914361198,1
-55.05838152067394,17.441469296967327,1.3404776806335679,1
-35.616616881712005,59.42315823872029,0.9338355196126511,1
-15.666426716443752,-55.666266048055384,1.083994182010033,1
-73.01660715278067,2.7867808465015256,0.8575819708850868,1
-6.670808626641238,-54.97106415512958,1.207917106981661,1
24.66020896581978,54.49409869047797,1.034427979316331,1
41.222376381518885,-42.86042881214984,0.9470583136396443,1
-41.39793004332891,44.70475119024595,1.0435379035916836,1
-19.62132910530601,-55.92287680701762,0.996690897720759,1
-60.413427636658035,-6.122808182591299,1.1769898063742745,1
2.0924896901267434,-59.368945765445105,1.3397447677147134,1
56.844278786588895,18.96826120233701,1.0960397371123296,1
-29.549912998835453,-0.73177373823904,0.798820348046317,1
-19.202563032441066,-45.620634598284205,1.0699003742381694,1
-32.90939068982647,-58.24392663745664,1.110825307516524,1
62.12857223549695,-2.4305342020082694,1.1164538156870716,1
-2.6047137288557005,61.706649091133585,0.956971800185275,1
-45.099255917160946,-40.36172847810836,0.9899816226662176,1
-3.0353701763109773,63.969936889918955,1.1224202797590357,1
-21.431671748095052,51.86127464753793,1.1029737109212148,1
-21.215985129115168,-56.402050863237776,0.9455783027093713,1
-59.29543121288477,-36.37573377084969,1.069847914384861,1
-28.604484964731462,56.8618983222063,1.0499965428125049,1
-58.36164270640862,16.06687586763481,1.2567966169513232,1
-28.09463946414908,-48.520745218351465,0.938911525845476,1
41.96674184411055,36.88921277498624,0.8972156564029603,1
-56.30090344951603,12.245217855123064,0.9292962938659042,1
-29.682059669166232,-55.88706783166576,1.1999351476236644,1
38.852738256780505,37.09809846453881,0.9493121404339259,1
-47.25505854470177,33.52998984912017,1.0265231232436904,1
44.5019356831248,-44.22342143038805,1.073403734081686,1
-45.48111472262078,-34.423573390380646,1.0519102747478317,1
33.574893167418544,-44.65976042634232,0.8614138525322278,1
28.397459795490676,-60.901172488238714,1.2618942049728665,1
60.915291727928775,-26.140753180884968,1.3564306878868855,1
59.90841576368091,-18.216920985880783,0.9152419081526845,1
-34.96213117945431,-49.804570516258714,1.0228705612970443,1
59.27728257310418,-7.770547651356101,1.1187841090593538,1
-65.18671743378505,28.21189576963792,1.0941256941812478,1
26.545193428342287,54.51916497322426,1.2300122429254932,1
-63.26494768767898,-14.620692733121132,1.1328431144305489,1
-3.5059813893851928,-62.01926062652807,1.2413092849147247,1
-34.28566154040281,49.831770099664276,1.0174487276051365,1
-0.0485978951203859,67.8247571003982,1.0199013464975122,1
41.42772912071962,-41.47330418025838,1.187902772882128,1
56.296592295235314,-29.3207145542519,1.0553950913950385,1
58.92325255807012,5.223113800161349,1.318658496973611,1
63.85173782308727,6.502721455608539,1.3673660513916674,1
38.74095618507396,45.88823410327858,0.905126769618683,1
9.435665005218114,-63.37421302095133,0.9697817754179822,1
54.18689099263366,11.29440065604084,0.9382423621239777,1
58.492908032124554,-9.606284240718228,0.9148246566770519,1
-42.2420196791805,40.450047125401774,0.9428796150298477,1
-57.63105227026615,6.184035365339641,0.9134590593512161,1
7.493872643684572,-57.5933317251302,1.0213036785938328,1
63.597091293309475,10.191164171465443,1.0341299472357206,1
-59.898774885701556,3.2971802689377094,0.806679584693857,1
-48.44791597038423,31.89114791223714,1.2683550453012207,1
56.194326307977676,-20.38011061824984,0.9732609120160527,1
34.596483446457064,-52.283252552253416,0.7812393188569569,1
31.524397668967822,53.42665340446999,1.0768840527087855,1
32.871496533379094,-47.98059845259104,0.9870373443385089,1
-29.327550813182704,-47.22487669404804,0.8829834041901128,1
52.72628847848821,-27.243650527239463,1.1185567362461595,1
26.8746360015795,-51.16744488028908,0.8670444064133614,1
1.182672795030452,-65.97217743531101,1.1111284537852548,1
-2.0186357488251687,-57.83644749837421,0.9877071931701242,1
6.031574285830844,-59.341291116545634,1.3025706261724699,1
-64.62127479749111,6.240708648823378,1.14550600005192,1
8.661295913233907,61.42582109421644,1.0696223958138293,1
14.62796643123949,54.47440375403444,1.0777830001029438,1
-58.47963764714123,18.565760087433624,1.1039452929104048,1
-37.54245529504157,-50.2721391124574,1.3145649220259072,1
56.20881810649402,35.15778250380595,1.0617376779828374,1
12.031815718228803,62.970083156265936,1.0840833579960645,1
-47.97458642346041,-26.804971267713128,1.0267226911382723,1
-56.71385728479007,19.15342516070822,1.0021977786794305,1
18.18840169479698,-60.182098646727354,1.0136525268309884,1
-12.548181142802774,-65.49819681610803,1.0343647864909677,1
47.562307423325315,37.56664513433524,1.1711234884126378,1
12.471933008309374,-56.55361443333174,0.9807245379377209,1
-58.18709191686152,-22.56124094527054,1.2560402155397348,1
42.99358986732289,-39.50888506984568,1.031824299441447,1
49.077355847976946,-29.10518862752996,0.781628686994758,1
-58.82817834056611,-11.405158649571051,0.7645717669145297,1
55.79994900943982,26.304145065494215,1.2125828898730966,1
-49.39197077511538,38.74639645119008,1.1887342455270054,1
-58.65510162636541,3.364666414793146,0.791337995631194,1
6.521555286927897,67.13874180412517,1.5286230208874967,1
-32.81081821745767,-47.04184553512687,1.0342575680193513,1
3.138734535190115,60.84567677071682,0.9654905710972863,1
-43.70531350638667,47.40098339847086,1.2645224523931875,1
-25.20805106676045,-53.65622737048244,1.128383091752338,1
34.22253687343045,55.35941501457943,1.2001218976264862,1
36.45215963992235,-46.19715910144932,1.163315280998071,1
-58.736839504885985,-5.378352406653894,0.7538177833791186,1
-64.61292907423835,-0.29651578370633686,0.9155949834159136,1
32.04510268653264,51.68850914114097,0.9305450120083616,1
-52.922635579843906,-35.90070141950355,1.1781269191516166,1
-14.215782268146656,57.857780504966826,1.0018670895584425,1
-11.025366486748176,-58.62092033171135,1.196439447920546,1
59.81522060988051,28.116013813777712,1.2712654037021422,1
34.850132894843156,-45.69263349553425,0.9844494299724683,1
-36.78570523926762,49.38618886457692,1.1686470648563083,1
-0.4886108738230072,-62.47135235462608,1.1842735888484393,1
52.99513498224863,28.9465433154388,0.9957441731496063,1
-40.59964154200175,55.42897819883105,1.2533433186562448,1
-54.46375529557453,32.75635443727003,1.407425485326844,1
60.84840136666754,-4.084664711160052,0.9788166456431133,1
54.15912200286815,24.758651094423467,1.0610898643832534,1
-65.36928450484132,-2.9661767916466935,0.9411410331728767,1
-62.005628086788846,-4.782089719490476,0.978117675056121,1
-59.96660534862771,-19.010089789924734,1.0948080950507237,1
-25.723508452463253,-64.54567807174826,0.8879805610048108,1
59.05270473199651,-1.5731253309753048,1.1033021228000635,1
59.9251266188451,6.901583182817347,0.8489988651766347,1
-60.91802992985174,35.865672896178545,0.8650569163432984,1
42.07642658702318,42.96812877652306,1.1532383365735686,1
57.132633141528046,15.350016262105093,1.1322315428478331,1
28.6072116776953,-50.21232184681283,1.4329024477403267,1
59.15642728129161,15.156745633935456,1.115648446740511,1
-54.36450067542787,25.378277967726827,0.9866576485805901,1
-30.11420543128499,-52.673859902964,0.9927064740838843,1
-13.334310536881995,59.65933940980935,1.2477187909418217,1
-59.82912446111604,-15.390186049443606,1.008362450420719,1
-57.50308274124391,13.564979450588725,1.233297843875157,1
20.9169177274119,52.218438306866545,1.0877298488824887,1
-71.7209015078795,2.080501467943719,0.9436709887472533,1
10.849768463231234,-56.58344708174391,1.0042882120494803,1
-63.128665761395645,0.27879845095384975,0.9736255036420305,1
-64.46469469672174,-22.16052212333391,1.1535374051489469,1
-34.32552304369697,-46.082221024466264,0.9078222698095171,1
-58.529770212633856,-24.955696204782154,1.046919373752591,1
58.68340226817573,9.699034243289965,1.1225657716948596,1
47.858695557776144,35.33271597969153,0.8927608421057056,1
13.003134174648315,57.151124661586806,1.055096724730349,1
-51.53028321532186,-34.43889281666941,1.3674198488398943,1
-58.78043304009696,7.070525852709161,0.8902847591427392,1
-48.532746858517285,37.45443287612853,1.0304975469380218,1
-8.801334584699251,-58.08471580468916,1.0138284693499253,1
41.534830510635686,-39.805257001140276,1.0156539210259177,1
-56.86425498126794,-24.183392565134415,0.9638087702619041,1
17.25992611960204,54.06558461876721,0.9574849793252581,1
-34.63900969166806,56.42074504363396,0.8036687543592212,1
51.41312558944239,-34.425269836915966,1.377194082336188,1
-1.1179562104854353,60.73560309430913,1.0145606599910404,1
53.08029523635816,30.849432265637237,1.2564064064380986,1
45.96678802668561,38.55433012884826,0.9586434805373245,1
-10.513913040813366,65.68360773292999,1.1186056946386382,1
44.14739930102469,-36.49035934512356,1.0661679875225567,1
-57.24860465004469,-32.0500276336847,1.2146583938903086,1
-65.65154348702663,-1.5211793156829434,1.007440975485404,1
27.788223962479822,59.12750464735358,0.9201674880765294,1
44.138266497942055,-41.30030230195182,1.340090581111685,1
-31.282720867394875,-60.01425117972089,1.3892174069107766,1
60.890178504578074,-13.124984160220649,0.8987807935986446,1
52.88749185105878,23.47953975359546,1.0584777772759977,1
54.75959666487254,29.417073251562392,1.0401832500787798,1
-43.21785235217364,-43.90180378139437,1.1579858533852412,1
60.4348077013534,23.59095296181291,1.1946900755790566,1
-64.07635192671097,19.165039797630858,0.9729520879440117,1
-61.976384090251486,-11.335120506603428,1.1710386835287905,1
35.60916126940798,44.88869914209194,1.0359470823915473,1
-53.05174300411737,20.261911886600597,0.9889982939789185,1
58.65730042309757,-12.557328137208449,1.1093954642869956,1
-8.676244471340707,-52.565886713936315,1.080220594149853,1
-26.17302285739707,-55.41560322059228,1.0935396869404688,1
-38.367363872692884,40.64611684963016,1.040192724245963,1
4.941989666944068,60.94792925404261,1.0403694610369938,1
-45.160041652820766,-37.9378189365402,1.2763604002323696,1
-25.64817859577791,-57.365978513698046,1.1000051352836768,1
-37.84113470309013,44.7075057268115,1.0625846942958148,1
-17.533064793296635,-52.42853032714904,0.956989103871457,1
-34.27332121658927,46.23572261336673,1.1623201165887243,1
-40.90190687129134,-40.16871810096178,0.9174938495833597,1
-36.129190227614124,-46.247291666941955,1.0471700407519673,1
-26.936794977662004,61.580289527986665,1.0386750717152726,1
34.01852658427788,-50.12808937070103,1.4786292752528936,1
67.07656403935954,-8.914702170260265,0.8334974598184968,1
-49.927021974100256,35.84478432722331,0.9975091931203632,1
58.91571139142628,22.004615353725008,1.1438511604577417,1
-35.055535154265165,55.10856135131314,0.9301818668642028,1
57.95963515409034,11.96054883591087,1.0616541607049679,1
-2.3721818489917097,71.93795272893277,1.0849709403240229,1
57.57503973744354,-14.092411608697528,1.202891684277411,1
54.52593964423679,14.616352709503746,1.2164150172018673,1
-58.05929536724159,11.208484738792324,1.1429536022874083,1
64.05018178490259,3.1682615517719657,0.9583905477052979,1
-14.614402425424366,61.13514444959883,1.1488835226858993,1
55.19108060795176,-27.545059595667333,1.1906642517075736,1
36.69500553929409,48.61842652132261,0.9058392747397286,1
14.82328811497696,58.503184761236284,1.1984539910331014,1
-53.799871642243204,-31.599863836054727,0.7124977742872888,1
-25.187056654087684,58.47963764714123,1.0930409219789867,1
-57.843994552593294,-35.17556187276995,1.0126961089038828,1
31.043024538633297,-50.98246914198708,1.143986340584112,1
-68.10113238760646,-19.406579957801064,0.8697036461775673,1
-41.174017257583166,-44.10783147760902,1.232867995652761,1
67.17405686257563,-22.89983973752179,0.8206059858509307,1
-61.42006608032062,23.89737547946678,1.025389719621819,1
-56.30165619073963,-37.930856080221766,0.9682144947244385,1
66.39072085094388,0.8197907226047251,1.1274832292539143,1
-62.29773383505919,2.4113764001950235,1.5938661712065523,1
-46.62328590813661,-39.37832160468701,1.118692264824478,1
48.15894004341878,-37.95338206813543,1.3668676164295082,1
-72.31980662063955,-35.526084446591646,1.2151862440757581,1
-61.509872716917386,-15.406480080556086,1.0572586217262094,1
-53.722941874223835,23.545103430627062,1.0097635108086658,1
61.7428119101154,0.3342171032841429,1.1527720793311889,1
9.149193202403152,-56.769301052311626,0.9673283570441489,1
-67.75917551982522,4.807713030742247,1.0531888254189532,1
-40.66356109655705,47.7383033130587,1.0711811319860178,1
-52.62903176073224,34.12063055453794,0.8587853603664968,1
-57.450385384170296,27.109952125320373,1.0225433247804423,1
19.7757779181873,53.66083468524454,0.8897067562264296,1
46.828957971696106,42.413435857153765,1.287629474318116,1
29.118665123630112,58.48799307472333,1.0425044066769444,1
28.32262075035337,-56.26924725951209,1.0480376908042615,1
53.24113759939829,33.092788918667175,1.2043077948817698,1
17.48373221555123,-59.03109586756006,0.740909925345434,1
-32.42922102507972,-49.3455745433327,1.5044528018965238,1
-35.8062208153059,53.74307429588659,1.0158801597586955,1
57.830340065035216,25.55952250357611,1.1761005487812364,1
-36.17900143050745,-48.82911878981188,0.8233832439873146,1
-44.54392381668136,-33.30397475793825,0.951051574357462,1
-41.258292810660265,43.12613517014334,0.8073354621681088,1
-5.373251035512209,63.8203558475997,0.9829123548915081,1
-53.814670500249015,29.125701273172947,1.4046976529539392,1
58.73794781510319,-24.592572487629738,1.107224674705936,1
16.0199255756866,-63.95115726302166,1.2486738442652632,1
-21.56147928374558,63.94587773460442,1.1033096216891907,1
11.385876893612348,60.984980471375,0.8923451718819314,1
18.266158326989633,-57.91385583658166,0.8533092091622932,1
-67.36965928390136,-9.280273763553582,1.4608949949456171,1
41.4972310865162,55.24608717286727,0.9383428138439869,1
53.91430467217202,-29.384767328147117,1.3486462212676678,1
49.05062288020274,30.08209707952571,1.0184643581619366,1
-67.11497205324504,-13.716826947286295,1.4849129299846553,1
37.257303233332955,45.13624562088928,0.9041080057806403,1
61.83225296446019,4.7876600045452165,0.93863891835261,1
65.7767110688448,-21.60992086984659,0.9925814768794466,1
23.186311540336753,-58.65510162636541,0.7995436811835487,1
65.44886000562326,2.735407839379073,1.1507633210028054,1
57.25052543799458,20.89145013718319,1.1193373077652105,1
32.51386098535791,-56.707644274536726,1.024543660386294,1
25.47587097469044,-55.57608349314598,1.387936191730026,1
39.56407871309473,-47.77497998026436,1.2509101572462291,1
15.287375611499556,-58.25465247517435,0.9413994318575554,1
31.297208718890463,58.48607669225039,1.526658575347728,1
28.263691138484678,55.00883189198939,0.9543205174758008,1
61.57704380140098,6.90797262743895,1.0231539975040242,1
43.59254444881005,43.80902598161907,0.9701590945968981,1
62.457710051497145,-14.845105962628478,1.4034069745438782,1
26.645458559327523,57.465417283713606,1.1579731233928325,1
64.6178385826846,15.579074518994485,1.1557443685453064,1
-6.707551586744061,66.6531025841232,1.28343869569983,1
-56.43460733402719,-29.755569414794213,1.052144437363046,1
65.24697070139219,-10.12931302214651,1.3197843615505804,1
49.79721927750043,31.424311491556455,0.9094803125181465,1
46.965858439002815,-26.55633399845177,0.9701886337090811,1
47.669321168896076,-39.89877351753998,1.0276667866058564,1
16.247964476158156,-59.753004810653785,1.0249228074686723,1
-12.397365674945833,64.9791158775699,1.0241576809568358,1
-62.42499097590965,18.101437040371,1.1169977908495223,1
-39.328260385350205,-45.97819774922421,1.1969114684274882,1
19.480082591418046,60.81259239131567,0.7703688424684043,1
43.60140626594254,-49.55232746608506,1.050138722530188,1
-5.558816820799325,-60.992163870653734,0.8618359871340054,1
-6.661132544621256,-63.454830581862545,1.0952707057138145,1
-31.23965827908711,63.43376347812989,0.9174765421486167,1
-25.182499148133815,56.4469899917132,1.0779107250832098,1
-42.111355013800804,46.06411498533429,1.0598091127819205,1
-59.93260252773436,-0.1912953156955327,1.0788451678709532,1
-47.36563351254656,-34.36008911840341,1.074363607725024,1
-27.811700346050593,-57.47434778121028,1.382264974214699,1
-49.446928935147405,-34.47105373357749,1.0240254874367198,1
-14.30866973435197,-60.03792489120351,1.1319644152847264,1
64.0019325537129,0.8001928722860611,1.156436318717642,1
-33.88617380283024,-51.33427257722251,1.076285241553922,1
40.556186344822,44.69741869150113,1.2070341542433274,1
26.0838818394515,-59.66810140157178,1.4875145596562227,1
4.0215992230702735,-60.42513299573204,1.1215714685394824,1
57.80654631700262,-16.019820210899937,1.1155123302512,1
-46.70251841107036,-41.72383604490669,1.3303870640066084,1
-50.9809627548028,34.54326580001107,1.0418878735921029,1
-41.362580157404636,-46.176591895093395,0.9285280559296912,1
-6.317486573405943,69.06152557276317,1.1469969408825311,1
0.3502852332497204,63.57516302182702,0.9157433337795253,1
39.34924347271704,50.64835246451525,1.0321227286265344,1
62.78699533067651,-6.691080313732764,1.1173163614678134,1
61.1978423422411,-21.142772218137576,1.1265490315954991,1
53.728184495451806,-31.37463057079801,0.9969387908594132,1
31.79334076199109,47.80196448446593,1.3426222441030038,1
40.60950231027192,-51.290287873699576,1.0875450465000385,1
61.374793304340024,21.4918308266862,1.4059300179584866,1
-61.553723897135505,20.962345603057766,1.0086649033045614,1
10.984234278925468,57.744675319070204,1.0581382640069061,1
-27.931000774459722,59.84873413809447,0.9427149909504646,1
-10.871604916828181,-64.71756115343725,1.193807295413982,1
41.65374961947865,-44.632556708633146,0.9694725514182524,1
-46.75577911693854,-43.55445672048123,0.8864176169780564,1
62.34193404696849,13.530570540768577,1.0262620918513,1
5.212115725716051,63.28567959236708,1.227026659005421,1
66.57974527821112,-20.022206996950075,1.1092211930076532,1
-28.005176509117153,-55.11768641839126,1.0382266243248222,1
20.93750788823924,57.60589864855557,0.8815313932100259,1
-18.937576614837198,60.472407125472884,1.0946788163906052,1
52.71119266450103,-38.18341517493755,1.0164340831897982,1
41.06498344334436,47.92614967413669,0.961155961812264,1
-23.562305781531403,61.37061559054897,0.8075439883229051,1
-15.063871842734368,65.31694831009627,1.0451059477457196,1
-57.53657787740271,29.079252729374904,1.0395572110717526,1
-64.90913917156976,-12.633406504140236,1.1233636111277556,1
50.50096389055821,33.15965373606554,1.184738811621074,1
-54.581830680090036,-26.883588245417478,0.7210361480057814,1
-42.9270365097258,49.9579233587318,1.1221030785524178,1
-53.305429177087134,-20.25751429313631,0.7093087713983436,1
69.42546480378965,-4.0447865340636575,1.214575080681187,1
9.075886149088461,-61.35563888073202,1.4754793600435738,1
3.7901948221575714,75.799574670264,0.7951504735957081,1
-55.48513391808206,22.819487890390747,0.9700207245921983,1
61.133670629265445,26.085769619200963,1.1938016325528442,1
-64.64376352597296,1.563918075693693,0.9969933783659732,1
-63.08924060872992,7.014237396079506,1.120849444029348,1
1.7922392163611596,68.23459934924689,1.123977395122034,1
-4.524464035708944,-59.849927770606186,1.1109793773330594,1
-64.51086379015615,-7.143890582698351,1.237787304856381,1
-31.384460485600506,-56.782502856494006,0.7928630756131085,1
56.27956712931571,-24.17167575863997,1.3200949433634082,1
-57.63599265612402,23.32303671895298,1.4358783575746397,1
47.35020810777962,39.542061032304034,0.8992412492891407,1
21.95424001551814,-68.03796356623417,1.075730349988515,1
-67.04562200431359,17.01666381371165,1.2726744601678879,1
-6.922967412730869,-57.10651517534338,1.1131977757902218,1
1.3436693425638349,-73.94261941757425,0.9596302817774423,1
-65.79899220906375,5.110211039129794,1.0598820984400052,1
20.403311430297723,55.714633842663645,1.265548784617584,1
2.3554553322949983,-62.093317007186585,1.3901218249038645,1
-39.50724675071193,-50.42036355378135,1.0468722961865826,1
-12.867358476439145,-58.396083371320216,1.1162045876063398,1
-3.5621972925033876,-57.63295431882143,0.9877071931701242,1
43.23553981575653,-45.71558263898993,1.2004334091811364,1
-68.85631911978795,-12.11157207242162,1.1522790872663466,1
-71.09284147563521,-7.622768820239805,1.1900132822753657,1
60.48765013525105,8.349782022926243,0.862560598370995,1
19.922124498261713,-59.228840987003174,1.3113169617557354,1
30.177019284029882,54.64171124442842,0.9863858320590405,1
42.5747014524447,49.232458066729805,1.1711480738226239,1
-64.39009424780564,3.703759364411655,1.0802205962105753,1
1.619667500530798,62.20294472276622,1.029792754884989,1
14.395208091452321,-59.75175149651647,1.099460565669824,1
-31.1966236353532,56.21386365455089,0.9725906113199206,1
-29.261198888266005,-59.082702920273064,0.8670266911543371,1
-20.33974326681743,-66.89435442770387,1.245990817555332,1
-51.87862094145545,32.453968681746424,1.2141003582181131,1
-32.53510662386793,50.52712735066379,0.8068320132971641,1
4.395096525603011,-66.03690946902873,1.0852520308230664,1
-4.667748327623686,67.75009746066843,1.2025822070809953,1
30.095205722288448,48.68080995022954,0.9648945989766969,1
12.265541868160602,59.136103268254075,1.206635565520098,1
-58.43693212838828,25.5490407843871,1.0773945033346821,1
-58.09528797836448,20.701964405924684,0.9951349884737106,1
33.47243971016181,51.314261679231784,0.8316650089466135,1
-60.005446535602104,-34.50656826447675,1.1069228302304404,1
-48.68893328260105,-40.44491140159242,1.272004031520797,1
56.937722524692575,-19.040212880676833,0.9038930186413905,1
35.04008637176936,52.717672316036165,1.4819523870411442,1
-61.54736502017041,-2.9886721735984962,1.0230585671027732,1
44.53965115484959,-47.746046489481735,1.0215905193587769,1
-48.52832339685617,-36.24584485116427,1.1323323655255904,1
57.39541470530083,13.754591591725202,1.1116629553656499,1
-4.7834822907541685,65.66843865309342,1.0169473564961204,1
13.633049860063094,61.15270603920772,1.5686924602398025,1
39.128467366989895,-42.18655386203972,1.0745197837100402,1
42.02315883376747,38.40711545240165,1.0852191467288286,1
8.558922673215847,-58.85320611903785,1.131067133294546,1
64.00037648217942,-2.3725016739709344,1.123719855167912,1
55.56785639424334,-31.130788500544792,0.9714809204422131,1
12.041977724747571,72.23154233544788,1.235625959028281,1
-13.358239846887697,-64.07568527025495,1.0047540481597153,1
-18.251183664569734,-63.36072652374087,1.2449141253140188,1
-36.24907921022831,46.21494807630153,1.1604452657136175,1
32.08762705780419,-49.43906500330544,0.9822347835641226,1
-45.821747797062756,-48.89382477550585,0.9226927123469308,1
-49.47891396562007,42.91540423727858,1.1849856437867266,1
-36.600950523403654,55.651325410599256,1.0988837065192367,1
33.29926009660667,53.12755410351535,0.7787845637810203,1
42.67179926010979,45.235181382468305,1.040856888536143,1
4.248734925499557,-58.523503641947286,0.9015327330270618,1
32.45080964337294,-52.18298742126815,0.9751820520386931,1
-59.89132511635387,-23.841453021206224,0.9673573401309338,1
-22.275248571288184,-55.31453740652063,1.0434925091092662,1
-65.92933687934458,-7.835719986496505,0.7611604020472432,1
58.94181869613483,-28.99276142033815,1.232805103040476,1
63.0741944364556,-19.704883381127026,1.0670053854678583,1
67.84549967711868,14.82172732526674,1.2175378631559302,1
-61.8480685952406,8.277841468840945,1.1437532375870518,1
10.99369325354672,-83.92711707068759,1.085186496515787,1
3.723080231437226,59.34811061993986,0.8664616045922681,1
-37.666565948249755,53.256898592070804,1.0737004872825655,1
66.63292815427754,-3.7551219729568386,1.032877953161313,1
-6.5289833340779335,62.086049077266594,1.0945400979948243,1
25.191614160041553,56.12096157798848,0.9173586625690571,1
-23.75512334111839,56.87153920018568,0.7440998684855159,1
33.83238747655258,58.03790353232891,1.0641188940976052,1
27.362677681778397,51.854861694221285,1.101173232867994,1
-54.49671755583951,-37.02888559426915,1.1584366144863356,1
61.19535540224149,10.188526877250148,1.3109013593267969,1
-22.24632593735013,60.750921378209654,0.8760441836086476,1
-62.52221147903887,-31.3419354193898,1.1995748421207875,1
-60.55728346262019,26.03879105792317,1.2560398621078515,1
-31.823857677271118,58.4147602094449,1.2956333296105746,1
1.0496505900017314,-63.913798860851685,1.0094009614505537,1
-17.8675596701041,-55.66673073020377,1.160302188758823,1
-43.67381997165413,-40.064275256185496,0.8015674552010251,1
-10.34917482323715,-53.16985230624205,1.0042905736564987,1
-71.75223436131239,-32.02458642790586,1.4401979407648293,1
19.000640199206906,57.4873311523905,1.155659127628113,1
-14.017836581974898,73.00715531162442,1.252480248065276,1
61.14382541332045,-7.727065324143124,1.0348799431648914,1
-43.40838941172033,53.30082704439197,0.9628595229296164,1
-7.648471599020165,-68.95994812421532,1.2641558304139724,1
30.103857331072167,-52.43903762890362,1.1756226364517834,1
-54.92022549716523,-35.19932754650581,0.8865231600898554,1
58.99349644344057,24.28922798117439,0.9312810406569589,1
-23.692457634252616,-57.165585978555825,1.0549054009994228,1
18.36274577942521,59.779697014443094,1.2086052413724069,1
63.44693934470165,-16.72756601937088,1.0964608947550294,1
49.825903522851334,40.820708114948275,1.3807535787516403,1
55.27989750773439,31.650553993276798,1.3358478647720746,1
-68.54041857524247,-7.353305096781437,1.2767027830918078,1
21.462055121120883,-57.55750227580729,1.178809856917423,1
-55.48325277115925,34.47095921516592,0.9852444229131024,1
-1.211536999404993,68.76516900071043,0.7536594748957717,1
-63.8939547203442,10.506950184494935,1.1178300603929283,1
65.54024348394057,5.077943730542799,1.1210374144854551,1
16.007328161793573,-56.30388430476153,1.0326504114723778,1
-66.17498645025842,0.40210495238871347,1.0236014359760066,1
38.517292414146084,59.889984673426284,1.1903058335691423,1
-56.33020390164516,38.357679172540905,0.9497255976529471,1
65.41283596135031,11.012227730845101,0.9013975134561909,1
-59.24926536553719,-30.966143000117423,1.0001960401173786,1
-59.769655984192404,14.798059064160883,1.1060367332448355,1
52.72927572087056,42.99259151660077,1.1166765197795858,1
-43.50772419911292,44.036901279312815,1.43853659965997,1
-11.79770609635288,63.580862660380866,1.0243348371937229,1
60.90189648228467,16.507064247570007,1.2802494481306352,1
-42.20820201532064,48.110172225588194,0.934112102321384,1
66.16359268537373,21.534215632057222,1.3334788044965282,1
-63.92669435495162,-11.190304797459815,1.0086771900730875,1
55.46267112154041,-34.93085075967525,1.3548741501596266,1
-70.26645066626902,-9.153236151233198,1.105221550870197,1
0.26156121126585713,65.15598756470192,0.9593021779482694,1
-18.047723577343202,-59.27771574619312,1.1220493069149469,1
30.486102174262157,-62.36307735456955,1.2616711157034974,1
28.532130652767616,-69.94113338763717,1.4222334907523173,1
58.06078814834809,31.6306839967012,1.3439862326759757,1
-65.60204284462846,7.883942739970363,0.9403058179639143,1
-28.01290428191348,62.780371776210266,0.9949893233029096,1
3.0865515957956404,64.78359533171326,1.0547486067888026,1
-4.912499922536643,-63.10068059578451,0.9900823602535126,1
-31.76353774552866,-51.49298101985155,1.0608528996197668,1
35.426304861034886,-53.5759929783631,1.1038450472221706,1
-56.917552481450755,21.232280862613052,0.9691882703319772,1
-32.85932577961791,-61.807668725612864,1.2507863254407459,1
52.401723720180684,39.16936498620759,0.9353589548093154,1
60.55235992388784,-24.32725958258259,0.8481813111777954,1
-34.856515310749934,-53.2001032090332,1.1223156162032135,1
23.687637195262955,-50.50855973381466,0.6931388754594322,1
56.4154837549016,29.60001040825129,0.9852425213899751,1
-8.391634434959112,-62.718624573795,0.9765278593778938,1
24.149384509010776,-59.61157820484301,0.6996240124078666,1
-5.895589701932108,71.23837556501304,0.9838654648537322,1
-60.41406319149441,-22.26145214245565,1.1171695931757533,1
-13.981643777757343,63.719723509123966,1.1387395240079583,1
59.52730595457885,11.236344908626524,0.9962200105241488,1
30.502759866578554,-59.376211354646934,1.1829814252927264,1
-61.32985740722165,-24.292896217673846,0.9530654018165187,1
-79.24363477299367,4.601453332715487,1.2400047214413132,1
44.89096540875123,-38.61409351008618,1.210053660941719,1
-55.95589093551276,28.358525004575352,0.9450075983876433,1
-12.88128418907598,-3.411799596025522,0.7552788018661527,1
-61.00104860134058,11.34409975570184,1.2858122057334036,1
-60.25206641423516,1.7586827410717467,0.87350189967487,1
5.09185421550044,70.9439529558064,1.093688199091251,1
64.49196460872044,-4.569225254898788,1.2052648999410538,1
-47.26817300060987,43.30770032669287,1.0640749466600943,1
-65.12757392121617,-20.20073822037446,1.0826466196588789,1
37.22798738422423,-62.098297374517635,1.0651627427849693,1
-13.57599332514771,66.28612940205811,1.0716173999002268,1
57.361788101688774,-41.35669990558743,0.9890449559720588,1
36.99555458057661,51.14335520596147,1.2655127007780147,1
-59.413686498951094,-29.167038651737034,1.0475354398392267,1
41.6562040902494,46.326448349298715,0.9049126661622604,1
59.33547215805098,26.368834224734325,1.055852927291173,1
-71.00871421768872,-22.109138849346678,1.5072026930783755,1
-66.96404478741339,2.038842012111828,1.1974799329021466,1
39.77948462592224,-43.984265295056794,1.2146443507962084,1
-59.54286580696388,20.157469041824285,0.9873318803710893,1
2.0279033664432657,-70.54514902414377,1.1152230275328994,1
-60.669047791844804,16.846270714675253,1.084834384772018,1
51.906622827834205,-30.56850833224297,1.2027555427911885,1
-28.266411510255576,35.23483811372975,0.6596270092375179,1
49.77935878119471,-40.85966855718311,1.252217837337567,1
45.695833446523125,43.95372679565457,0.952650627808089,1
61.80860171380439,-11.0615079990168,1.1341261689725262,1
15.855387924838999,60.353824326326894,1.1637157223645063,1
56.99329991836932,-5.523866012612768,1.0573898386869982,1
46.5136209211215,-44.97308896067119,1.3897555068483733,1
44.89185563695631,-46.08946692372444,0.7826353921116056,1
54.760875556849406,34.175190851442316,1.0840751611337323,1
-51.27813859006102,39.20674453065381,1.0602908956849275,1
71.8106515456788,-13.435952404272104,1.101447119683626,1
8.418447332510738,63.844671859351465,1.0747268110458141,1
-43.83052365121283,-52.20171619101825,1.0714755960669904,1
63.82502244279185,-11.509601494347335,0.9919680878311524,1
-29.661767916466847,-48.57845596234878,0.8566130344331156,1
-39.78308298178778,-57.768140852265205,0.9957370579301651,1
62.69658561988276,8.386306336211094,1.1756788960942355,1
-24.334083434509893,-58.8507945355252,1.0891236028257572,1
62.33309657548743,-34.58664975091814,1.045640445888969,1
58.08519840543517,-17.983875498649763,1.0599160834426284,1
-66.54314747809484,-21.4120887146995,1.1612556982561641,1
16.474118049380397,-61.44024415373318,0.8788944191396206,1
-48.697889427198845,-43.23049081406254,1.2951955605583736,1
49.70541557235127,-30.52715148747041,0.9746876345672466,1
-35.14535417962467,-60.95553951066385,1.3843125624725185,1
42.16506847682863,40.542921893388865,1.1726407963764114,1
-63.32021535970643,31.697707103972675,0.9599795721850837,1
24.690288505115355,65.67146199860005,1.0675544036495943,1
-18.382564219999132,62.36827858542703,1.1994349885256352,1
65.01202751819125,-0.7723912706711757,0.9333236775589444,1
17.311126672078835,61.638868791869164,1.0590242980308833,1
6.642564927772151,61.03639848726486,1.0391284666955838,1
7.986396197227098,65.68062365165065,0.8471711306841618,1
-20.580584008336615,-59.53825089056679,1.0006073659274555,1
47.548351104726606,40.90578617695446,0.9304469886117324,1
7.227444858519394,-62.99156854147703,1.0938177429688498,1
-32.80549754423322,56.96312754098948,0.9497691980085071,1
66.66795667760252,-0.9887255972155644,0.9608790137316631,1
-23.57950813243575,64.08367207603197,1.0187129096461354,1
49.94266941120857,-38.51092531023991,1.1592306246725188,1
-21.101252566439136,-61.36681766892078,0.7304925082877072,1
64.03241609170477,-28.971450447183535,1.1318644170739691,1
-13.635193459415177,-55.21064863519142,0.7938938972577699,1
-62.941435975984426,12.282478545691902,1.0819327490985364,1
-61.369245848322414,-33.08954783846907,1.095803010277391,1
-50.82670870713319,-30.580864950498206,1.0264956178683244,1
-31.59744197298744,61.12830819066797,1.3684956861620081,1
-45.54230246470199,42.804594396003445,1.1468190790940802,1
-36.74920290739423,58.07586725479527,0.9084185781510347,1
53.90018125642765,39.72494258499395,1.0054041066004207,1
-66.92391806889816,6.40412955530724,0.9126150292570558,1
68.1476685650194,-21.538117606332797,1.2237109255093142,1
76.88024239977015,1.1605363375401998,1.3079101333945302,1
37.250528562320426,-47.53447915932003,0.9260631392319854,1
41.29815816656585,-68.02581081582898,1.3524606303272506,1
-6.503900384920232,64.72167537613724,0.9860614180816478,1
42.895405020633085,47.39567717880781,0.9631675610552889,1
-71.88950210016122,4.094159515230643,1.293057466604607,1
-47.52288694447639,41.64066592667566,0.9801237620238993,1
59.25996192741765,13.148900058009994,1.0205643032347842,1
-42.14160742401188,42.31447833950368,0.8073354621681088,1
44.49822215975497,52.90935259240568,0.9642609752696525,1
-26.140932953412452,-59.17509366206013,1.0020557507635999,1
-53.95830689677558,35.68498677471557,1.2941735508995436,1
-64.72859418908618,-32.16952530293325,0.9326695423520162,1
-36.08277319150006,51.56190689641243,1.3582947969024057,1
-67.43374977947528,-1.1170843397811931,0.9905011714779268,1
-12.085529181256597,-56.21520826034472,1.2651443003658773,1
1.4234067702368935,70.8346293679207,1.1121566764857205,1
-28.713949100122,-63.88768814965762,1.3942188204082437,1
21.348117472274012,62.31920236898776,1.044146707601228,1
-57.791210096001514,-28.230900943031642,1.0831433784794597,1
25.66962234264561,62.44127619467435,0.9427381161006678,1
-26.48991906126069,59.58383953837612,0.8908175425250513,1
-54.85143895381489,48.106860084633304,0.9383248630642442,1
-35.94312128261267,-51.47264753174965,1.143524473553715,1
59.60762037072518,-16.699157565591726,1.008929250727038,1
60.64008023303267,18.599859264863277,1.2370629231254606,1
-30.566541360357466,-57.978311992215026,1.213833903629075,1
-10.57231119058074,61.909675434555666,1.128486480112162,1
-16.127241207335512,63.33540704621933,1.4195407372114055,1
-20.68998447779327,61.81585686855423,1.2248004846436664,1
58.73865590218642,-5.134790041365325,1.1884543458852037,1
71.70962168064364,15.972235365948741,1.0266949156957959,1
31.387101358233984,55.94831721338702,1.1684126763531508,1
-70.83650645130606,-4.928354623830942,0.8241106632449079,1
-62.67100255931295,4.891455597889097,1.2010439529010197,1
-50.479069989407236,29.069515549617755,1.0635336746616944,1
-63.32369678786565,-20.66088355364601,0.9357232392976294,1
26.817005931872593,-57.519285689423235,1.1601914892244738,1
-65.91871176844913,-4.689639615298446,1.165956023235538,1
42.783587141997316,-47.97002891750654,1.0935745305007154,1
63.313252503388,4.501486609858181,1.0025281405418593,1
-68.3199440738355,3.4555661214556057,0.8492663235994075,1
-30.070587051734027,59.63984844854185,1.0923386975388254,1
35.75426719508386,55.17367346715568,0.8930774704057405,1
-45.18719679246261,-44.84775754693964,1.0279863524876227,1
-11.898888461240801,67.18523360336727,1.1540900577373978,1
32.101552770440996,-58.22479710588708,1.0828604672360727,1
-4.057024281532406,-66.03572932389002,1.0479343041868676,1
-60.87232827292539,-36.84971439005264,1.099122151704692,1
-54.3242049963085,-45.13323465599484,1.1306422806583187,1
52.246030839243836,34.84384988605213,1.2143024932850799,1
-42.719212370398814,55.37141858659882,0.9171872097047996,1
61.20926940275663,-16.841948941787958,0.8350537482328522,1
64.43247550450685,-25.349289164413502,1.1303850160209343,1
-19.720002726275602,63.62180650766997,0.8983811000786623,1
56.078165485494765,24.665833595118947,0.9778117030645467,1
61.60038984905683,-22.817689735243952,1.1402002885114502,1
-64.02095721959216,-24.493100414177725,1.2274964257508458,1
-56.24038305513755,-34.13192167289211,1.1092517488865858,1
48.95086930600824,42.60820454680803,1.076116671012433,1
39.24347737017885,-9.945416301403576,0.8517587069588504,1
-50.69058869185334,-37.665073907610115,1.2960702027389237,1
-66.80164351891617,-6.36911457053967,1.0791952638572933,1
-63.130920079456516,16.28246247885306,1.0284880455802612,1
11.035760798572788,-62.73826715793538,0.9596631616696218,1
29.20890374151683,56.5278097639619,1.2196810605866355,1
-56.51709515682721,36.143367989348484,1.1574644225743458,1
59.694615116727114,-23.28215320966088,0.8443695421603378,1
-71.37505774829008,6.037190552012205,1.0538097242876496,1
24.602217781952643,-61.5919215102912,1.221769516044883,1
21.82855455824497,-59.40709010875471,0.910101789068453,1
63.59109908497096,22.235166290921967,1.1900972414399764,1
-65.52269341061012,-29.06549422083493,1.3860385291002297,1
61.04112797457546,-19.44528707763276,1.0344628537764036,1
7.122557576105733,-60.721736640023934,0.9964754365512116,1
57.31443529160067,-33.86606715891611,0.8321407070437019,1
14.829536308623394,-62.16033826201876,1.1237115187689908,1
19.348783015127854,62.668690947054344,1.3212821020509553,1
62.93427418091407,15.861748400181222,1.274879060148384,1
-66.58367584286131,-18.757934921821995,1.2111572538306505,1
60.166451027245856,35.026443919917305,1.1734895384209578,1
8.282867289942974,68.73658464319271,1.0741788659468052,1
-69.56366410832089,-14.048942056210153,1.0481959916384211,1
52.799232341708226,-32.75777519823544,1.1478626388424764,1
42.973930037717956,35.866901635528855,0.6344272748292726,1
62.75060879120604,-9.399856029866251,1.1059480474118721,1
2.8717241320228934,69.5534854291089,1.0045307099394003,1
-68.60035589620634,0.2465310226148103,1.3467266401310736,1
-25.046786748618427,69.96556543000597,0.9597421705887428,1
67.69342473200605,-6.994456974018435,1.0161007685131505,1
-61.000589511913,-41.423822687044876,1.1634217692057254,1
-34.387806642594036,64.75978590353968,0.9866118043465796,1
49.51435773275313,-35.53356812009216,1.352956711597548,1
-16.60780489069407,66.81835437408036,1.002414985947305,1
36.789590369199594,-49.21346845858865,1.2601251995295308,1
22.87298300600788,-65.65458862367741,1.3404472613583767,1
62.07573216211188,-5.218066420481864,0.9057623388692021,1
47.03992817540633,-42.7989841215712,0.8715768326814467,1
-56.82759473311698,17.386090300202238,0.9259616013412245,1
-15.882908249252797,-58.837401864520395,0.7358211789865324,1
7.082617447096268,62.668492008302394,1.007269361091513,1
38.18131996893294,49.44324271709648,1.07940312465172,1
-35.64263688572082,-55.09730665592139,1.1560512260777251,1
-62.57797487616292,14.099784044799378,0.9299793394942868,1
-47.670546704232436,-58.338586700162,1.1239754249032643,1
33.40834164428197,-53.35107619724622,1.0068376086054094,1
0.26932920823161605,69.6122671374918,0.9824562819971391,1
-17.85144985395229,-61.192471568515465,1.0620778952539154,1
27.159781546048116,56.32022380758876,0.8128173553944912,1
-65.04394686292491,-15.128418696522957,1.2946580054953032,1
-45.50246497962304,-46.81665437503672,1.177644136564974,1
-46.63274488275786,49.66907573617882,1.463777023114493,1
62.36971139930263,11.607822212200796,1.0362478282501868,1
-46.26248335345486,53.30383005219107,0.8797082469779907,1
62.25332608510988,24.249607082639905,1.1575545390711282,1
76.19476130073234,8.200447876951426,1.3798894044804932,1
-25.206960863763783,60.62203748676461,0.9981308829213926,1
5.196433230869664,-72.74042435419577,1.2732875908341867,1
63.89600094750714,13.62019955347968,0.9841329605304399,1
-59.665426288078926,24.270811936707727,1.005903112039677,1
21.001185587886674,60.58956475135236,0.9964774829914073,1
49.56857413082803,54.48783211979137,0.9635885850074352,1
60.89602730388554,12.668499299985067,1.0242706578296596,1
-10.555974376940952,-66.70956329658277,0.9940180080157287,1
17.487507258133505,63.86315037287281,1.297827126477279,1
-8.66947641191343,65.91568007702072,1.092485762878172,1
37.709715763548786,-55.622081414061896,1.0438479161588665,1
-68.69554043752625,-21.00461656056533,1.2801393409376474,1
-42.315843109889116,-47.856810874862916,1.0694314096784503,1
-41.15961959077685,50.20698101952311,1.1330862550413852,1
65.60814664724523,28.10556952930009,1.3367926038960576,1
50.98562769576058,35.97820163861495,0.8641968094482858,1
-44.83669889278686,48.97509302462866,1.0676517410155586,1
24.36289215904109,57.92101763165207,0.9980947753397486,1
-39.26901759524603,53.07337759339246,1.0823652967970578,1
-1.1279827235839501,66.44693197061935,1.053535992726932,1
-49.4908309606562,46.65061381037883,1.6357888511081191,1
-69.85780183837012,4.704748453922788,1.0408410361787193,1
-76.88018097785702,-13.519239477420225,1.0292007547079407,1
41.623457724631535,-46.806806906814955,1.1090981931943429,1
-59.600999088490326,30.088998270193258,1.467790527902714,1
26.596063237445104,60.55719014064421,1.1791579779251529,1
-63.65213881620331,-33.59619131615725,1.307202821080439,1
52.17425465179528,45.29719869188022,1.144741976063834,1
66.59108674384717,-24.168909823992095,0.7257560866764364,1
-62.234880131072806,-37.920585867152106,0.8356577266550111,1
-52.115750804019235,-39.14763570085473,0.8911865693236691,1
13.877382222393395,63.80351950416143,1.0384834068970246,1
-52.8480794568036,-37.793118122504666,0.8534676617950967,1
-54.664126608383654,38.09017965516083,1.30299783080207,1
-66.30031786398996,18.966820611374562,1.0375662336298834,1
-24.80290513774371,-62.51131309523615,1.1865087970419608,1
-59.49458562400125,-27.050302673117002,1.0576654673311583,1
-65.60707848178733,10.01867988516578,1.1612448266519013,1
-44.95888473378163,-43.27443053322959,1.017886979136742,1
52.748177605278464,-43.36194455516563,1.3714977903803742,1
57.55560331499315,27.80648320107706,0.9768249052839745,1
6.439196973415284,64.59770243216512,1.0447617190846297,1
56.36905663990196,-32.59619408330152,1.0690985465178346,1
-37.24014073343458,-55.145822041882006,0.8110630596620088,1
12.637926653487924,-63.2266163075572,1.1067178283590002,1
40.20413784832068,-45.89854338525416,0.987427107528908,1
66.66036083434606,-28.88775148863381,1.072346232370348,1
-0.7764036928564874,-64.695424695947,1.2472107944726123,1
63.86302186078493,-8.285206435402669,0.9871769434805542,1
38.789045243244814,52.54262694027752,1.1490781518058684,1
30.208212880336394,-56.81189430175341,1.2251555071917073,1
71.4079798937251,-4.4321745401429835,1.2436352244007682,1
62.599742963811025,-24.828812699239705,1.2357381922212227,1
-0.03928298042333526,71.96829075364067,1.1777718214239876,1
3.8169112363699376,74.32152834280916,1.048507158295243,1
65.87210220040718,-2.480517563436937,0.9984171804044167,1
-31.162263453086233,67.01401063662794,1.2455683942473013,1
-59.99629181238925,22.134680137761677,1.3434401645913479,1
-1.7379289370774804,70.31510081719061,1.0903095177853859,1
-2.09330127189929,-66.16698657278619,1.0280199844505278,1
56.65331297153157,37.94027871194987,1.465588877028653,1
45.52840959572701,40.49623509722251,1.0539890364416582,1
31.560728730581253,-64.06713994659144,0.9758886283810645,1
-22.583654104095697,62.66837349159911,0.9946802981388055,1
-65.37022684629792,15.659830326247366,1.2298794686350702,1
63.94525315945295,-22.8015732470213,1.3208227840834044,1
-66.20768160166665,3.465686049272429,1.0301916392801342,1
-69.79513613150435,14.774645503353888,1.0217975660613239,1
21.10789892928856,-65.49610795921251,0.7527857393390378,1
-15.846250049189031,-62.07446954447619,1.3928190619954666,1
-17.310774864601676,65.29766655413756,1.005626427322446,1
-56.56378725213895,32.37728188065044,1.0629206191136575,1
-44.20717476564506,-41.72143505996932,0.8627079849083297,1
68.47508267690928,0.19594066090425105,1.2184862558289158,1
64.63520051012794,-15.045737810344646,0.9572818139529284,1
66.18055673531312,7.383412840051971,1.3465372770760184,1
-24.06041781046448,-64.28216074031268,0.8960754416531246,1
-33.59884539315392,-54.48407217737943,1.048557862276386,1
-9.143916090246025,-60.03638573349101,1.382415990834885,1
-38.51172022406907,50.945762339854966,1.3183127953031075,1
12.809607726974603,65.20551110286439,1.1664139871196852,1
-57.87804686122979,-37.20114873805142,0.9524215194289926,1
-61.01318896620346,28.24598713172156,1.0522904097312822,1
62.48003069728385,43.907771943953044,1.0552174328494213,1
66.29397196962381,16.507257719959224,1.283862714737332,1
46.247291666941955,46.87716236159284,0.9114847417441334,1
-27.681343817090774,-65.99332631125425,1.3369497568466033,1
62.124275158454694,-18.012630781498373,0.9857540524746368,1
-71.68956865444662,-4.115048084185883,0.7396177493102204,1
-7.069017270598983,-61.45959546869608,1.24282658436116,1
44.817585169559834,42.580187339241064,1.0971361174616443,1
10.55767956624342,-66.65840761750869,1.1540585986821505,1
-69.35148952242012,6.3530061443233885,1.1056041403539256,1
11.611400216471067,66.69376331469157,1.2600478054794388,1
-58.04849758390472,-39.083348058046546,1.0149698441047539,1
-10.72964357217048,74.25355198281919,1.1033646466999771,1
-25.888912570984353,63.556699279757474,1.0471176468716419,1
5.733297808543259,-64.40805926451362,1.0297944901449272,1
57.96828547911651,29.608293179941377,1.0295444843132406,1
67.40044916230023,-11.351776751129844,1.4717782512883462,1
38.819047016530064,-49.961413992147904,1.3703389095353669,1
-42.2422567125871,-51.55020303905021,0.963587842473628,1
1.7991122293722384,63.96349344022108,0.8471711306841618,1
-53.12040450392399,39.84455845680426,1.2699083034195247,1
-15.979755250772628,60.17996716009925,0.8893452923783596,1
-3.9934028885052575,70.12906967955378,1.434043632794941,1
33.353195822240075,62.52282905412106,1.4297785460265162,1
15.515233264958079,62.73533542895922,1.1592720568672323,1
59.55520905225561,20.28659837718406,0.9754718930599636,1
-18.576561006015357,66.36145513898096,0.9037491748520406,1
-54.11235153193168,-39.00272503059039,1.1076028936519895,1
-66.649726653787,-11.37477527654522,1.187028819166581,1
3.69971822612745,67.24762803011676,1.2654040444854153,1
-64.21693993737044,14.104920578149027,1.1514922483787113,1
54.811604938597895,-32.92734752980555,0.885226519066025,1
42.02645308836978,57.00962145253507,1.1406365541175951,1
-69.83933710596898,-5.962801327872214,1.130009062816816,1
-32.558031946712255,-55.956639555206515,0.9720599805334402,1
-64.43427237065355,-35.64146892272545,0.95694471677152,1
64.98752441168322,9.161938769901278,1.115064346966933,1
60.61136151895787,-31.32195504908475,1.664704907213659,1
-72.38022474288219,-0.2213299433982607,0.9972854441448715,1
-51.6661662460988,47.47326076853424,1.0393273263762448,1
-53.38043955703476,-47.260685669399905,1.1989205863393082,1
-74.03154585613618,-5.6104238735123255,1.0498008250952768,1
53.51651366337186,-39.33686156080236,1.0194445927699798,1
67.17331598722355,9.673568312728253,1.343419346958017,1
-40.54993448439526,-51.85587243142882,1.007345519576008,1
-47.28412427144841,-47.99623457674132,0.955180741937127,1
47.53641477960932,45.411748908731646,1.2969806113067888,1
43.958410898996064,55.57498718587187,1.4206973019163176,1
-74.11129500364656,4.144022550801243,0.8921146673404068,1
-51.940918747889505,28.315947259492326,0.7737853133914643,1
22.80765067331803,-60.43907430267195,0.9973649679875566,1
20.03186634797643,65.00468402853132,1.2473440348352764,1
15.537052353882157,-66.11029926897761,1.146908730583643,1
4.500537129451125,65.7078420899863,1.0749893722596147,1
22.547718146561717,-63.22671414628765,0.9577248453333671,1
-4.239384804157673,-69.33612321882083,1.117313867140402,1
28.58725992940834,-58.606640146389196,1.1996298926622357,1
36.986439568668864,53.55753121695675,1.0839059788455463,1
-21.86734761487614,-60.457486719076265,0.9660166642120717,1
-23.279149624582335,-61.44488605794548,0.7751049259002354,1
-63.444080908949886,21.035888336311213,0.9063376831971253,1
46.59436327419858,-41.15208765485548,1.0447729011848392,1
-51.225974033105594,41.55096512941489,1.3296946082519334,1
-18.25297647229487,-66.97965045436098,1.15148772380383,1
-55.70499296468432,30.701375925240093,1.047148356492609,1
-13.315615875100638,-61.94420440294205,1.2197520446279697,1
-18.14712435375098,64.02706532527287,0.8054389904017586,1
-78.7325430338806,-29.635182465069242,1.267656964708319,1
-63.366885315570435,-26.444928297357055,0.9226394768615629,1
-52.114156763781004,-41.118865710467176,1.2178361103471402,1
-14.211085822665446,-56.96593346816259,1.1634784687085145,1
62.87079463369935,-27.432387920696552,1.1548059300408662,1
-73.10936780403239,-20.81436777001429,1.1692564407231794,1
35.79809223191154,-51.39816702343859,1.0397377233890335,1
-67.87362710019454,7.410553165105894,0.9968203638311143,1
-77.09119785613602,7.52452672810527,1.2925529969327354,1
40.41311435773828,49.34924415679782,0.9466824495250868,1
1.6624843409685002,75.14355496816609,1.192459780640153,1
45.24464035708956,47.785449926374646,0.71737559210615,1
-54.89515921441891,27.22198306249267,1.0250627061174917,1
-24.349387059765533,-60.5300595757894,1.054770939487302,1
-11.306412687237108,69.30067595029071,1.1343581366997995,1
-66.6512458224383,8.507496364097628,0.7156359284845145,1
69.67316071960106,-17.41472061431931,1.2628789517857488,1
-33.666727596699346,-59.837281718049496,0.9069950501944628,1
44.46281106190701,45.95783578284766,1.3117636179095125,1
63.997717472177776,-13.328850116148322,0.9457719377540957,1
-11.848359590882623,-60.57866636754963,1.184182081032432,1
8.175566009414904,-67.2422823840355,1.3767126054867018,1
-9.650518857329352,-63.548994924454504,0.954031371907476,1
58.268364692565186,42.70936490217708,1.2415908106306723,1
-68.33410489590648,-23.286006983077755,1.3237466220213916,1
-0.1355625495463681,78.28609347105208,0.9673725017719681,1
-62.8745925553276,-29.29862817924465,0.9184141901736506,1
2.059550545051281,72.91108228380038,1.1444330948123047,1
-63.804587973161716,-37.13079361594705,0.9605258250572806,1
-35.480183850913335,57.55560331499315,1.0046822134950653,1
-68.55058642871552,27.90902708503926,0.9807764540493717,1
37.893807207532156,55.148736725922305,1.3244648012260587,1
50.92988661401859,-42.711345824217794,0.9862145264819826,1
61.31839416816085,31.82025337517684,1.2337173985047596,1
-26.63178604146591,65.83545225669478,1.0404407856278486,1
47.81890780738519,-54.49927109802878,1.15569074344696,1
-41.33820668233993,53.63696203500996,1.2823144200354424,1
64.2367215634798,24.01408180777305,0.9792197044753196,1
17.377200513879423,-63.20463194482067,0.919191044236085,1
-13.939032883708903,-75.433163490689,1.0137612742541695,1
-20.662972410541535,-63.12859755382354,1.2251980357476655,1
-74.92729684251165,-7.269221996429901,1.121722950900321,1
-62.808128926833604,25.07197962875234,0.9531532828285451,1
-45.573635318134876,52.05953597874259,0.8239978022490653,1
44.60043689050941,-54.271008774035785,1.4282102089470514,1
-41.32485498270283,-49.589462699783304,1.1675687046712921,1
-66.03236794497768,13.406139496388557,1.1069480619024283,1
62.43544682659381,17.939880267853262,0.9742867493143413,1
-64.79634089921136,17.622491995039734,1.098259876657476,1
68.35304318078236,-9.359208003791148,0.9381911890744287,1
52.08248911555969,41.01834849870007,0.9516017039076523,1
-32.417242621260485,71.56423724071506,1.0143695644784918,1
12.435661384697124,-67.79872454371382,0.9664497291787235,1
-52.358278529576836,43.26526837470853,0.7958091859134367,1
-68.56913781513035,-15.512172668774147,0.930634360039599,1
6.898449897474075,71.41279511578942,0.9840918584771611,1
-45.71285960084138,47.01346861126311,1.0467133931698331,1
-30.280829141868118,-65.7382254630121,1.155481043445204,1
68.00178675343645,31.215117862412406,0.8389880820233834,1
-52.74781432581834,37.524225271226086,1.0103554172446023,1
28.873224438405835,61.184110510591346,1.5102106202611842,1
-50.53259589535221,49.28271549539922,1.218638717426312,1
66.72044288466758,12.178329906112173,1.1922335802219495,1
-72.23789358952214,-6.062907139263732,1.0402691179681585,1
-43.13191081132914,-45.97514345426774,1.1829167651435695,1
65.96246796610492,-8.108397549241145,0.992278727111518,1
-34.06375897419603,58.00865538711847,0.9117522686146861,1
6.13274222784719,-66.47450728646433,1.065219431298398,1
7.76476312456849,-76.39238893277353,1.1502713169598748,1
-30.37975175171966,65.02951562243285,0.9518243633564246,1
-57.41142836702926,34.04965284746835,1.161643770826804,1
-37.07898011329163,-53.15114072842565,1.1085084702805685,1
-64.8882506026145,22.451033913111672,1.1232564175162665,1
48.95445020354342,44.45505245058077,1.0949579442399304,1
-57.63346070837186,30.835325699589532,0.8454060877210473,1
46.045671566591196,49.576747918680105,1.3896940295276574,1
-50.11728117387227,-41.759815682602564,0.9453362218534769,1
34.12147738841449,-55.3159146748034,1.0400852208925433,1
19.280713701621167,-61.97130308699209,1.2295364311311079,1
65.73062961975565,13.916344430155922,1.0679246061156897,1
-66.7907451351134,-16.403884020429395,1.213286109633331,1
22.634853319917923,65.478143789911,1.0192145706957019,1
41.11467186650708,52.16472484383872,1.3360401810293294,1
32.09029110717817,-60.532348236387975,1.3789457652697361,1
-31.21297121105732,-64.39854989041123,1.004232650313052,1
-56.154441514293055,29.77516300508111,0.7737853133914643,1
22.59779881498861,61.074542830574465,1.0006249076228775,1
70.85081227024317,-2.4584238847342395,1.0452036601198123,1
47.0681435634695,-47.47030590203666,1.3620907960034516,1
70.31703683089866,-21.5631168893257,1.2786129118190626,1
-71.08182953503136,-13.126692030638369,1.0668016713503417,1
62.52079241864791,27.80399081500855,1.1366319357949253,1
-11.595662398443006,-62.88629015394254,1.0466779666397004,1
-26.35092973705839,-61.05430297494079,1.1041990058247388,1
42.799713701526414,-56.00386018204416,1.1153553340720976,1
-61.0933673116883,-29.834573350551242,0.9612835292556586,1
66.32589570352701,18.991545856260398,0.9867566928067774,1
62.23400977403302,33.66541029955805,1.2142144307697393,1
64.26368239085227,12.047482144945246,1.037413685414045,1
74.54128753400968,-1.3649106015970178,1.200389625674552,1
-46.396122720748174,55.34556898251667,1.1127563299316436,1
23.33822840546591,-62.20615834875932,0.8481769700830853,1
-32.041457964369734,65.21089865232342,1.0079370249399817,1
51.42974562474154,-39.41046304788591,0.9139522684496838,1
24.531137503551488,-57.66239725411075,1.170658575620211,1
-41.22400860458144,59.08624168960195,1.0100641821411365,1
-56.34399035715562,-44.241989047237155,1.2356943279427475,1
53.092315032280474,-36.07423722313183,1.1369543907154431,1
4.641991795377977,-69.88526924544335,1.0533984933283962,1
22.308991644215904,58.83056560558959,1.1870181968494897,1
66.5809105812994,-26.14562939889366,1.2016848307875414,1
3.898466606070853,72.69881635449542,0.8879396296601689,1
-77.29899625281003,2.963918567975859,1.246232554607883,1
-29.595150318177105,-60.887355724989504,0.8799919242517485,1
-20.87422754970696,-68.75082759515907,1.175499119188123,1
27.20267914359607,63.49116548724831,1.3170801640065963,1
-45.42193845456347,-52.11647006607795,0.9278305512286242,1
-65.04700372667446,-25.931375187432664,0.90854852988926,1
50.9307287063841,43.36796734621451,1.2476925771399878,1
60.81991695445584,-33.66287835180586,0.9696899676729,1
-19.78507627803572,65.12479563864578,1.1009681335031294,1
-44.842260555109334,50.83837924363451,0.942951385034184,1
-33.141206688157,63.34607739746058,1.1935103666389424,1
-41.28346159070084,-53.555348749316856,1.1992611136270048,1
26.33488120237324,-63.68364249437515,0.9116013798832944,1
-44.91042325380541,53.410171857781435,0.8341142437698066,1
55.50735496610762,-38.83827693981149,1.0636063931478523,1
-60.902711645951214,19.08101145499666,0.9756681044447443,1
-68.97981705411277,-26.024275736327024,1.3173687529176905,1
-8.214518252540747,-64.93229361919136,1.1452630577674614,1
12.723459445858461,-74.97139493252831,0.7975637739945104,1
38.732628985287754,57.86133600606557,0.9547428662875451,1
38.901478251009415,-62.57518973363556,0.9225044503718755,1
-69.64700534417297,2.4422689000120923,1.232622947121994,1
17.447923240199366,-65.45880694322098,1.0720387187566935,1
-63.9961480269253,-27.866957799311177,1.0581354833089966,1
38.923379599065555,47.919896352013936,1.038171447207207,1
32.90519298697422,56.6782834188723,0.9673553846081359,1
67.10005164684841,-17.118679605714107,1.129830284896777,1
10.83937683901148,64.14461754780733,0.8841230643140539,1
-33.014023086045206,-63.99681291506181,1.0961142535713095,1
-74.7041189742002,17.38808455770346,1.2560685705872883,1
-74.26025520720708,-9.032217216253697,0.9595406742500239,1
33.08267278613955,60.14461727417497,1.040351482339867,1
-19.4089619875942,-65.04004087035602,1.1573662660735593,1
53.65258776970899,-34.2297995388539,0.8976318429855449,1
3.9706058520484664,-63.87368836408123,0.9950025301082024,1
-48.445727940593734,44.51730723477859,1.1116677405635467,1
-70.77715596248093,0.8322005871775047,1.0469022466593525,1
-45.25160321340799,-30.483384962040326,0.9165697677038485,1
-75.15824792180572,-3.7581771807671775,1.2104793354478642,1
-66.54822615488754,-26.929726732890096,1.3533238261616836,1
58.12154789362254,36.36640173484889,1.4672031405549748,1
-9.711163089780104,68.05900060506171,1.1186056946386382,1
-35.83434004274569,62.07038265055015,1.0263287548924007,1
1.1929693825558598,-68.17255256294276,1.2754623587037341,1
-51.42765676784602,44.7145929198499,1.3952971710743267,1
15.671997001498493,70.03240885066279,0.9459563117976564,1
59.24095311845941,38.57584327295497,0.981309115631719,1
-49.42235414814122,40.88015818479085,1.0425229952418522,1
-43.049274714363285,-54.323592877071725,1.381485262376314,1
67.30296917384236,2.2669594308285737,1.054324701412115,1
-18.57889004506262,71.65972784165336,1.1260472539617856,1
21.486504241602606,64.00518635003095,0.8184121760912503,1
36.29333886057835,-54.690671118330606,0.8995123523012153,1
51.9995713799314,-41.1130254768357,1.0912344477572427,1
-57.807271474651984,37.39545338731367,1.013010584272994,1
52.61830519829577,37.11202417717567,1.2014835842669174,1
56.57853212434268,33.34552848869416,1.0265267692968594,1
-45.15774391023567,-54.3687672767464,1.2436100861170256,1
-38.58994658282727,-56.395093230367465,1.1377547957972458,1
-71.3921403740986,-25.880001626507386,1.1952551669445508,1
35.83159154683053,57.263263294925586,1.253192161622768,1
58.048768570745196,-35.60089617077271,1.2344066187322889,1
-24.239878737017595,68.36045297720231,1.141412948505854,1
45.51239383187967,-42.794980906881996,0.9558734515485989,1
57.71810010465812,-30.638557188565095,1.1281215573342502,1
9.251157742388132,67.07354895887615,1.110741822297179,1
60.06159860268613,-27.642539584125213,0.773475667317399,1
66.79404767565971,-15.294230396877328,0.8489939141232611,1
-24.826064203324524,65.15666871368957,1.0160887674000767,1
68.38414136940607,-19.239127016309382,1.294922108823745,1
18.502630190146597,-69.41967749464187,1.05790472589559,1
62.62392972786447,-32.716140888146825,1.090110447332562,1
6.709706756556902,69.6887421566608,1.046890712644911,1
41.22939321346769,-49.241319883862325,1.057035045603262,1
-66.10605417270607,-31.09472374679755,0.9231091700049615,1
71.27876013165987,9.984735960613495,0.9028007758053257,1
24.397848539741748,61.50523081270512,1.050429975700322,1
-13.371295202484744,68.58369955791164,1.1563239821481222,1
43.935295705399945,51.05706897979275,1.3413698911777023,1
17.70065197008661,-61.69197818986067,0.7354453873261547,1
48.20407890068614,-41.872821032827844,0.8453767191678045,1
2.9858366212516243,-69.14607819930633,1.0672664641527612,1
71.08862059373382,35.13778660873761,1.2431825448902871,1
-30.73223925539475,-62.55014153623033,1.2320774403446961,1
-34.897835867918246,66.3212064329452,0.8513182229171485,1
7.707881944490326,-64.84725678603981,1.1429371548958778,1
65.34893849611866,-16.418415198833053,0.9392691274214269,1
64.83001202528848,-6.6912009987724455,1.1895551340456207,1
-71.82273328153639,9.509521016881358,0.8402493482659118,1
-24.787768493573232,62.247935486669824,1.050899089116313,1
48.03085409312168,47.64521897394771,1.2855707900690063,1
-57.64445043904079,39.4953950803827,1.0236864420328913,1
-52.85736326522814,41.80963124000263,0.7819058616695737,1
41.64365486011968,50.63694801129576,0.9103314804605518,1
12.440505110831696,68.32196805939886,0.9833998732983671,1
11.295714316453354,-64.6692442543005,1.175211407885051,1
73.06194763480705,23.064113411948505,1.255963636542393,1
72.58081426320433,-15.253297241550865,1.0609548231636348,1
-44.203425535319745,-47.809113899596674,0.9157424018333474,1
-33.53073846881395,61.72724969466316,0.9155472378983466,1
-28.996118852425948,61.214647609016424,0.9710330079610218,1
50.17782405868976,45.99314741131964,1.2159353222484994,1
-67.51066123088322,-3.0043730320220083,1.1886579478001595,1
21.084423243994806,72.92333569053793,1.4978529703960133,1
-15.076324643457713,67.3238577427976,0.997089633451155,1
66.36628176595394,-5.7058775198837335,1.0777960101591335,1
-58.582795041520285,32.21981420698768,1.0395572110717526,1
-18.82111010597936,69.25936197355435,0.9323898069488767,1
-48.410620851786554,48.710326406361986,0.9764151031567275,1
18.064814224670247,76.06762281138732,1.317310218762624,1
-28.220114222997385,-61.48019496867494,1.1204615896339578,1
-69.75061795965851,-41.33724922310593,1.0077352276488567,1
-47.40213112203982,52.236342794542445,1.1062885433499496,1
3.580119079201222,77.83080792729257,0.9964515282205856,1
-67.51024805039839,-32.4319135225334,1.0321137622668846,1
15.56974248299371,65.10071718970228,1.188600976062604,1
62.743292979037406,19.9794188588247,1.1806233487118336,1
-76.94847477462245,-2.464851136720493,1.220896621513775,1
10.47855111883668,69.03507747597502,1.332706857815228,1
-73.39407588119568,1.223234598019927,1.0023035000493965,1
-65.94593248723179,-39.14661881311657,1.0983639573204105,1
-69.17277837329684,25.797947215661768,1.2130978475370913,1
-3.2662901088814142,-67.56386313712028,1.0201264063882571,1
9.537976363366324,-75.06840125729106,1.0358865222252713,1
55.46611343252932,-48.13004801544256,1.0058142622143715,1
57.36955941123324,-1.657955558791658,0.8708743400125155,1
60.75440280636887,-1.3003134174648314,0.8708743400125155,1
-62.37744461419245,26.816744824760658,1.1395179597385998,1
-8.181518101033967,67.78097735644641,0.9759994026176213,1
-72.37638480169551,-14.613642841098722,1.2291491941500603,1
67.75525210165623,17.573643881923854,1.0033605435274207,1
-69.46084916678556,-10.549635521055688,0.9896248877445507,1
-67.79399361668105,14.84576348680429,1.2246978189783104,1
63.86249899297628,32.686924196928395,1.0132892559078486,1
9.85187096463579,65.26068351402003,1.0962718239237432,1
-27.84744649863868,-59.67565742389374,0.9648409427531602,1
-0.26745982105597965,-70.20238868326089,1.384019262296714,1
-74.90914775800955,10.94903448812181,1.123513288221752,1
69.47746920208475,-10.408773910405223,0.9160313588533022,1
-67.61831918258626,-25.264387238982444,0.798370787939357,1
68.36989300355707,-2.159556667374407,1.2643752213653217,1
20.196262098455485,59.078841168029214,0.940819447030031,1
-75.7380647863797,3.6754165747787018,0.9599388922940365,1
-1.633784500429126,81.3624681213709,1.1006603316596049,1
63.49187108282177,29.053867930136263,0.9924699862454077,1
27.5311338830305,-64.88369309666064,1.1750190756856318,1
-60.28441000487556,32.89949610453188,0.9905849324768772,1
-22.91708109602455,-65.3997884468077,0.7681458008265097,1
-53.22246688500169,-43.06580193375645,1.0406020941807494,1
-22.543101266091828,-62.493080578937224,1.0932413218572006,1
-69.80959744847335,8.526117031280593,1.4623575306421415,1
-17.121360954110017,-65.00885938336485,1.0015216975537373,1
-15.09576879009158,-65.11100274645229,0.9986299147238568,1
-4.686305035179687,72.41431117732904,1.0170483873870937,1
-9.047071309733004,-67.91105862565101,1.048887473653788,1
-2.9876299165196625,75.26659494905516,1.2312006010751315,1
-50.124892140758895,-54.80222639743428,1.7292256905898218,1
23.243009084643884,63.462456567354124,1.323233797755624,1
-13.185841332977747,70.9066542387989,1.2784808263742389,1
19.302585016062782,-64.34452888921615,1.2609811521693668,1
-51.046271928211304,-43.27168132802515,1.134779436940447,1
-49.96680459058797,-45.22038266410925,1.145985121664895,1
33.39142190342824,70.37045552492204,1.2657075105279327,1
-37.8275915649763,56.76870316840591,0.9401310551530105,1
-75.00915745057955,-14.667162742097618,1.2635717423871122,1
-38.81692928142864,-51.95285507300682,0.9470420407443251,1
37.90767165053451,63.421082683670576,0.8701422858394475,1
57.656628030304056,48.82076336222978,1.0893055274048709,1
26.550044966938344,-62.043092745947305,1.0978899723092899,1
9.380574273907547,-65.34908457002741,0.9337297516906173,1
-14.793428593210198,-63.30965102598194,0.8421800941488794,1
65.20217595319926,-30.30434008528098,1.143498024660059,1
-33.506871417230926,59.730059521062906,1.0455894595180637,1
-71.20913156847568,-19.8817399316149,1.1218788869908671,1
-0.8887136610055262,74.3272252252515,0.9784812547933875,1
-11.241682892529894,71.36806633226566,0.9932654587909525,1
-17.18472727136309,-68.36291484425774,0.8581165918301329,1
-19.915565936826315,78.15424383369655,1.1169872711522415,1
72.31242780147613,-21.188604763888403,1.1404610013441099,1
67.84928559267216,-4.952197655392789,0.9265465182076001,1
-33.17365857206965,66.60581318496061,1.147184832209457,1
-60.866305854343466,-31.601420748026538,0.7928120087487553,1
-60.77847007059993,45.18651564347493,1.2035610469927605,1
-59.665752813690034,-38.375412234270996,0.9728784913922778,1
54.411035910397025,-37.26766449488148,1.0238767360883367,1
55.14037284998064,38.69471169164071,0.7072887801046434,1
-29.943067311730974,62.3231343349088,0.9381266351260729,1
32.772471023047224,54.48529161816166,0.8919810286934576,1
56.13684466386239,40.62159088975464,1.4081328288280088,1
-7.360372115507395,-66.91558116776304,0.9945138035769747,1
-47.46479682890559,-45.31625830779331,1.3031410903583853,1
33.241471819142234,-64.87750791000893,1.4660263841552108,1
56.405732569393926,-40.08626322350682,0.9099523330513817,1
54.405227324377385,-42.40759290080264,0.7086515583314053,1
42.32173274399307,-50.79950765854863,1.082012249001058,1
-58.95589701932114,27.783467796010015,1.0296676577487816,1
55.785671890932534,42.39499979224587,1.090545586633778,1
64.53314493037512,20.347555019317134,0.9578465210016361,1
40.07471954066312,56.54237208060502,1.093309629505778,1
-53.91162625581369,42.8357280999442,1.0965954648288123,1
-62.75834312809832,22.65592352860324,1.1949475339471356,1
73.94553410161451,11.870675329145389,0.9097190510315094,1
-62.5045664766916,19.74864990655711,0.7956512421965696,1
69.25256894299982,16.36271234828571,1.1340578552337226,1
-67.31664169170398,11.833564209235268,1.079610988669728,1
-19.67703195585335,-70.47680291569131,1.1658644292470848,1
52.109732488834034,56.197071246854826,0.995690681807118,1
-53.88256096696877,-41.21414124248448,1.1157967978621564,1
5.890576445382851,72.95362548436769,1.2016221587151803,1
73.9949070827815,-16.441202728602434,0.8717815478365212,1
-10.037906863408677,-70.01468521639772,1.0029006095037316,1
-75.4077339284826,-18.128492710636863,0.9793657214902509,1
65.60079369432549,-23.641002250618666,0.9258889421032922,1
50.250184203968075,-44.72017659501291,1.16942935789955,1
-34.94686200692739,-63.11380959158234,1.2314624121318067,1
30.956859191692857,61.974063138145326,1.0296860225409818,1
-60.39647103362378,42.93559336998828,1.316774455727575,1
-64.39026711872114,30.07201941074812,1.4115695239513035,1
-79.14894865791747,6.698747975306997,1.107427203944648,1
-75.82059035018654,-49.81063578283898,1.0483900696094195,1
-68.0920928899299,-28.385244258089944,1.0605540756099896,1
-43.76851481758463,51.580839606851264,0.8560986581633903,1
73.30941805833551,-7.096595709592118,1.0492277992157253,1
-48.64094514609664,-51.2852614527144,1.2391577451158358,1
63.77090205958961,26.037284709260508,1.4132426324287206,1
-22.67245274403741,-59.27549212433659,0.9561848623785533,1
68.05864387428258,-24.786130174439478,1.1688273530418594,1
-69.06983642108224,-29.526246956903446,0.9372105723744188,1
-64.9530051663758,12.000482864795915,1.0101478092506322,1
-62.972552740772954,-35.48607717757784,0.8052294086993813,1
40.02689571173925,46.68265341990418,0.8652764900986863,1
59.619386176912215,30.2304485488406,1.0132002508910192,1
-82.90673018342034,24.730836903675552,1.1838838036204475,1
44.311941464203585,48.66647942036492,0.9630049470085347,1
66.09707773361447,-13.745807484395398,1.2193600999356538,1
61.30349822144683,29.621360520782897,1.1125370147019038,1
68.43832433352816,3.9049336552830103,1.011534058752114,1
40.19115397132113,54.21279929521381,1.3067455798609673,1
-17.55714061502255,68.119413811865,0.8884548008109361,1
-72.4164908540896,-18.34016354271681,0.9461098819200233,1
-27.23272575509822,64.3546968698716,0.9741010442892019,1
-71.98361543281678,7.72234326145934,1.0590007917554622,1
-31.491606556947467,-67.8878491045896,1.2512121844667288,1
69.63497840012826,-12.810560345122582,1.3482217497472724,1
-39.90412956086185,63.173995377019644,0.8622503231581805,1
-43.71691638760393,-49.801426704760864,1.3932432489257092,1
-14.699584381943216,-58.476056749606066,0.7304925082877072,1
71.72853724527069,13.389397166127686,1.5833526694081792,1
-48.01983594685959,-56.51849943037042,0.9587285214768706,1
68.89978422286657,7.327245799083407,1.4708578346089183,1
-65.4829390787842,-34.602368573710564,0.9508401351592569,1
3.176878878499722,71.18824299952041,0.9395406162781239,1
11.205651501182043,74.04528767580902,1.0150474073575282,1
61.77874609167483,-36.824940255123906,1.2585467951393545,1
-77.3265675883261,-5.100697070470067,1.3283695248853347,1
67.84751255764152,-27.663668251574187,0.8015150916101922,1
45.898543385254186,45.3318274275115,0.71737559210615,1
-57.66672857883686,-46.339307135251204,1.2732203095839745,1
-77.8575452955553,-31.625293398261114,1.2269475521924065,1
53.42092190713593,47.62381295673929,1.5381541089013946,1
-66.34391139920093,23.698535579065712,0.9575655940722136,1
-22.342617145460952,73.19660248297475,0.9230250785464351,1
-64.37130393090438,24.44689126685408,1.1634454989354113,1
50.64306173879485,39.430485505445446,0.987796178080095,1
-64.76109143909936,-44.60623346839447,1.173875771731818,1
-62.66037361412686,33.14882561908293,1.3536495966924147,1
51.77778897128654,49.58150514970508,1.1814202085756467,1
17.262109593708853,-68.05190079248212,1.3192573512660888,1
-53.88151392090584,44.69933876752072,1.1014377702826474,1
59.76029682018001,32.966719317351526,1.0439351296212016,1
-26.248462837994094,68.80694613862096,0.874391622050648,1
1.6819166262493328,78.85202685399409,1.2453950541531007,1
-53.23838093700869,46.72801489769312,1.2152673941254895,1
-35.01862011017655,-58.43768999030047,1.0436514707343938,1
-71.24376957522428,-29.86219241353121,1.254273641055964,1
-46.371275431063495,-50.66488708857659,1.3909622368078343,1
-65.27521913675281,20.593634832397537,1.183668621770114,1
9.972799635496207,72.14741198215981,1.0108346134927686,1
-9.204896052950495,-66.00091504229792,0.864816089045357,1
17.87879862840068,70.19104088156938,1.1891436426595485,1
-70.53342156822636,-27.813716321481404,1.3480615075786868,1
-4.827766056939304,-71.51911793177172,1.027711200367848,1
21.098701723554512,-62.487998144812366,1.1854158022365853,1
-61.00554767773093,37.80573890822311,1.1422382085845053,1
23.68218800336159,-68.00591492911933,1.0254061535006043,1
60.34307577300524,-35.4847898409731,0.999953689537095,1
-69.26097692044092,16.498816483113668,1.127553405960936,1
-27.4632460339259,67.39174559190222,1.0290150174383308,1
15.625334449646525,-76.7788458972835,1.1459331089757805,1
34.19757146103719,-57.46743727719502,0.9455447168346846,1
-22.374641432361013,-67.05230634637927,1.1518776692321815,1
-34.18076878798749,-56.713428801324305,1.1600369980834697,1
-75.7315067472891,1.38908983552467,1.2431225380792592,1
-14.388046296381937,-70.74707642318536,1.0368808409157841,1
72.89619069645035,-2.2780827554734766,1.0318396617204608,1
-50.54143354725245,-39.63965516594744,1.1306422806583187,1
-37.63702354358446,63.39262906541802,1.2597218344601873,1
42.716829308306735,53.622427534130914,1.2028166611942632,1
-43.68739754147506,58.4420382230218,1.2832307917703856,1
-30.346912978199324,68.86125641790464,1.1257758917010883,1
24.47095853108514,-64.07176866357584,1.1777716705979877,1
-54.443383188177265,-48.49159837794878,0.9686694352405824,1
4.637262308067351,69.01583182817353,1.093688199091251,1
-11.855212362516154,72.90870149710803,0.9868475374221962,1
68.51547773459411,10.868856786161636,0.9253074545497105,1
58.210297981553445,-32.288812647428166,0.9947134685984651,1
-3.309677703355374,77.97470695787325,1.0294078515955123,1
31.548423464505746,60.64035121987318,1.0264963086529166,1
61.41569092355772,-28.938363791595254,1.2489302366655806,1
2.6644530178485195,-64.80562470763593,1.0697511684639431,1
54.23483101968404,-40.80005171490802,1.1905174479431084,1
-55.605370558897704,-39.43440456153462,0.9181868057473302,1
-78.54013039649665,-7.079891562920525,0.9733731085951574,1
71.51332135388662,21.45908799484883,1.1049855399115305,1
-60.931955642488575,31.41640770870852,0.7595283797580095,1
53.561274882561676,44.95816855427459,0.7864168432769343,1
42.38213275951709,-53.29679686399062,1.2979715298125032,1
70.86352070030686,0.9912575449677241,1.347587608407259,1
-67.5178230259536,13.052371515757134,0.7156359284845145,1
76.4016556871298,-4.659709725452098,1.1905169413117527,1
-55.932476659984296,39.906055457290336,0.9777581341526963,1
-22.51265519152967,-63.981686709956286,0.8664254916712182,1
-15.929622685279996,68.89050041444197,1.1166613534305185,1
35.756435953609284,-56.39297233917791,1.1266213783404422,1
-73.69343068318899,9.022421197709178,1.3113150624726733,1
70.09111108547039,14.582792031564823,1.1809557623952054,1
65.42959435806553,23.31823934426469,0.925664609702167,1
-68.4251673706387,23.776333272672964,1.1709964545145908,1
36.99555458057661,-57.610673178602504,1.1620778475137123,1
28.57151938196336,-63.13468893006081,1.110384393374701,1
36.87807220487676,58.641175913728546,0.9437844923202076,1
-20.068065966695777,70.5916654701582,0.9983817007204113,1
-68.66072615593414,-17.407140796048616,1.2246795497370973,1
8.222500325115314,-72.05037120912836,0.854812697485193,1
-38.84216813755013,-54.01783931829806,1.3230739006570704,1
-50.137578749169265,54.15821050167738,1.0029872252399976,1
68.9982414543165,2.183405155007531,0.8838993129099002,1
74.17391578885865,-3.8490669728222833,1.372841246284279,1
53.960544957735046,38.039874516293,0.8004835229542634,1
-29.46784717183743,-69.27085943123924,1.1958613922753059,1
49.050923795962035,-46.605381420460674,1.5438171765886752,1
16.017354674892086,68.63831841832759,1.0680048827581043,1
20.967945517288314,66.63871268106513,1.1315111868832581,1
52.082393552148524,-45.61036153158491,1.1580795550390464,1
38.24574101772769,-54.17020299773642,1.0357819647593898,1
-74.46252618325715,2.647626115078994,0.7933491837136912,1
39.84146385399604,-55.781762918964326,1.0421610041712528,1
-16.089420237787735,-64.12268455040427,0.8406465760468694,1
40.743800738305225,59.13979036796444,1.5019622026757709,1
18.78180757205657,-66.33015867678319,0.9594376498923368,1
-34.64955060114926,60.74293956730804,0.9299279232107338,1
-16.0166174312819,-66.88274031603659,1.187668991580247,1
-47.72262145143905,-46.70564655144591,0.9137104333377506,1
62.92181888513947,30.777035858947578,1.0046255672375417,1
-7.766966753820909,70.04951758333088,1.1979515963198952,1
70.9542910272215,8.322005871774932,0.7845905636426986,1
45.975740270523616,-49.004582769036055,1.2159824876264154,1
-40.19180546664918,-55.238171504631566,0.889114473282233,1
-7.9601515849499895,71.93701785591658,0.9232457545204897,1
-37.226643504263485,60.82429917171917,1.2541445925122068,1
-9.5604369037098,70.41667148373556,1.1746379681862023,1
15.265366192502787,-72.96168250382186,0.9289635846645858,1
-52.38210368780168,-44.97790939966088,1.2505447553971882,1
6.058667988505155,74.94965989868729,1.3471618020196114,1
37.815272665336,56.71246471352639,0.8764868349134088,1
7.919751715322227,74.27378304234001,0.9382558997581515,1
-70.76064170561276,-17.981371652426503,0.9033181634563997,1
67.88440356744233,19.901853254712,1.4375646060631115,1
35.477335409692195,69.03482143631472,1.3381683850163437,1
-63.969153568583145,8.60400155267092,0.9249790925309429,1
66.80425459003558,-38.01197335633137,1.3900527100446436,1
64.87071338648063,30.56571499938779,1.3620360541896281,1
29.71651037303924,-64.69694012280358,1.1088581533613349,1
34.574183098358624,-66.59419842032602,1.0851574854722221,1
-65.15698843668379,32.94169953976802,1.39797309580802,1
-56.06047469953992,42.3593512154398,0.9915992302426875,1
6.334372926792926,-68.68777856490901,1.1047619148163026,1
-20.429020438242652,66.95771660016679,1.0543154626790276,1
73.80014966168594,9.971367276482113,0.783429837444722,1
10.646742915195526,77.92721670708609,0.9367170572793373,1
-10.9771036672879,-68.71439371001921,1.191266017419453,1
-69.34267649535582,-31.15837244514357,1.0519263951633437,1
13.956021540813175,69.27386709173848,1.0782278420230522,1
26.2372362403162,65.28334296399679,0.9115986363444221,1
46.95750301142072,-50.73236582976385,1.2803353355681641,1
-62.11182287605815,-36.261208056718445,0.8531259155042009,1
9.394633887627428,-68.78605756966569,0.9914748603921553,1
6.4372026112963505,-71.37699512863419,1.3173666298185258,1
-28.834058371614727,65.92432362279531,1.1606801272213216,1
54.43022009896318,36.148005489477065,1.125460098754944,1
-48.02182533437914,54.11730869427546,1.1601159337969473,1
69.10259972998767,-23.385556351909994,0.9496243795003423,1
-46.61493048055451,62.724194858849735,0.9918216064872798,1
43.97204446381535,63.59123115179259,1.0253935206926608,1
24.986991443745136,68.49489649626895,0.9746781482614608,1
12.51605072582796,-66.03826127164218,0.9973949029035744,1
81.67959286036523,2.885795463008722,1.2852407334031175,1
-39.48582257742448,57.62352768257498,1.2485749194436762,1
-23.542722748135848,66.46481534451262,1.1501849919236808,1
2.5706865527604674,76.67775892096232,0.9695391746305732,1
-73.96040393036232,19.30741049840775,1.1047663930673692,1
-70.90750063276174,-2.6820922538551817,1.0459774520463774,1
-72.26173380409064,-3.0351998890640504,0.7396177493102204,1
65.93971519992024,35.60071788995662,1.0616838747962067,1
-1.0387637510970957,-76.29284278251897,1.1204772885532177,1
-63.78099780062664,-38.96855082896281,1.2687690677554153,1
30.232215745026807,66.83810356654718,1.043983733556928,1
-40.47408908521246,61.08812256277311,1.144238642678735,1
40.265721181452655,-58.485131626921245,1.1900551984235874,1
14.304801480841727,66.95018445370911,1.2755257067907593,1
-70.30128222542021,20.236202878655668,1.050548452630558,1
46.04979974227407,59.28935453827961,0.880174909675974,1
-75.29847064471663,-23.951154526698534,0.9051409146635592,1
20.50681235021395,-66.66766855941002,1.0958299068176975,1
35.17802120617144,61.06146477001115,1.0034799724041676,1
-61.27409599606607,-39.31084618283375,1.0667106428073374,1
70.03846350833095,-0.9154642394304573,0.974340081519525,1
-73.21412241849457,-12.774451110041115,1.1837616366682473,1
-59.02803900381051,34.88798597361417,1.3053118989772097,1
-70.38751452290217,-15.878793834155532,1.2164867445000214,1
53.84496840280628,41.536559219790604,1.0684323755121528,1
-1.6251306647191024,76.6192709278876,1.0960367392218067,1
56.597995355651555,44.25535773136851,1.2428891935704256,1
-72.92497830408618,-1.7265041687509506,1.0037267772796552,1
67.97455637195104,28.270510399258118,1.1040886200726403,1
71.25018841090498,-7.3974345920863245,1.3099189455653313,1
68.49660168557142,-29.357391625975925,1.1385151578523325,1
-77.3750573319051,5.38013577854891,1.062885463229377,1
-74.8078142280876,-1.945143541113654,1.0236409852617299,1
7.666778631384827,-74.08164671222619,1.3821336936189768,1
58.36705925445603,34.02637942974978,1.029039927791182,1
44.25378494500011,-62.51383468207678,1.283114866495401,1
24.08429046069908,70.07403295876414,1.3629956233646783,1
-34.630636256698914,-68.31345369705298,0.8316196179145737,1
67.2037484713049,36.852657779314505,1.0199015777156817,1
-46.01554678872136,58.12776379123078,1.0521137295466318,1
1.682333207396573,-75.90263233142255,1.0220121675548488,1
65.29766655413756,-12.22183431324115,0.8489939141232611,1
54.65842209959267,-44.51037550896532,1.4353576374041828,1
67.1974269307,26.715380295409343,0.9115812595016003,1
-38.00611176810411,-58.749739632652506,0.9727667992609141,1
19.671461670798614,69.49209120035344,0.9509916842553334,1
70.75326926951091,-9.680008601736777,0.86614195516187,1
9.901181684792451,-70.7376467263427,1.333546016991833,1
-3.7778468996224324,73.51224549985685,0.8955626280840191,1
-57.13418798405551,41.254359130717496,0.9306721472898996,1
-7.159890337642794,-71.70290178356699,0.982262441972568,1
-16.243349097112805,79.63319302000342,1.1652477151890053,1
-70.6781732924734,10.472459756685112,0.9505970480757064,1
-24.156734772372484,-67.86875098440193,1.1879272987120724,1
-0.5810820091190176,-72.2804167477525,1.2635740045940818,1
-61.61485116602585,-49.13634143475383,1.2538074547594895,1
48.515790255483005,53.071587144624836,0.9226047207230123,1
62.973338517661546,-21.26076527482477,0.7257560866764364,1
-40.57514997120553,51.73322669084868,0.8560986581633903,1
-78.20680216848721,-8.710533254342726,1.074467485765483,1
49.706438685932724,48.89178449667765,1.281339142891937,1
57.494064463995144,-45.313503771227765,1.338955074078173,1
16.816526748333278,71.63796160173361,0.90427274597131,1
4.526970663983573,-67.99981183418977,1.0404574049681168,1
55.62693295265798,-41.646415898345055,0.8295841879723714,1
-44.429986167834485,54.868302482904994,1.0687655267732128,1
-10.524540558351994,78.61907655576204,1.2744065979189476,1
72.04699527879212,-0.7798399076629716,1.0729141160422015,1
65.97445618828795,25.56044660616582,1.203255048437584,1
65.15759026820231,-27.30013088517233,1.1883227460054424,1
59.173138136455805,-33.877081131637965,1.0979242057524492,1
81.94167829768743,-27.57569616346836,0.9587564348541081,1
-6.277014971055121,76.69760306146982,1.0009070408012244,1
19.589591434645286,-68.10742196895649,0.9828869485491981,1
-84.08171218715363,-7.715715157848548,0.8222921224663896,1
-73.11745154660248,-4.055366458599444,1.1196639309723708,1
26.35173314355666,-71.31678803924508,1.2586524070824592,1
72.86768394352319,-11.410728934625793,0.9837515800725812,1
-69.46252584121677,-3.991323483450896,1.0469022466593525,1
-40.44960791644249,-63.85561805261455,1.329095800338926,1
-80.90970416650913,7.503331618305824,1.0984280951486365,1
70.86551460916169,-19.24150529313623,1.3122277310617403,1
-69.22053980393507,-2.1306340334363503,0.9294998111703276,1
69.94771778197347,20.081161820538753,1.0229399120512706,1
-55.34346004045869,46.6040041521779,1.0484555462139369,1
-72.70541274469181,10.851061873073672,0.8967980136570205,1
-44.01293508421054,-56.234908809480295,1.0891217787522376,1
76.03117737114725,-2.6576686963074803,0.9370272848134243,1
69.45150769495467,23.824904934111792,0.9224928419308125,1
-45.84419874169724,68.50547327856398,1.248279254495703,1
-38.120538944980396,-72.91869602770866,1.0988866661707972,1
69.34882019210738,-8.14654189255075,1.1542001414536587,1
73.23293549211226,-8.698000112969583,0.9056945023863816,1
-29.322328670943882,63.97646456771749,0.9900721558833708,1
-67.34153268575977,24.96023308853716,0.7737464800002493,1
25.12325157073344,63.95889918018693,0.9863810408031845,1
-66.12678206036165,25.249459427917667,0.7712409789234753,1
41.18390255218733,-54.93136606727467,0.9969159914953253,1
-20.746526686362575,68.93645526614355,1.1275132974706419,1
-26.73880885369311,-63.20592847668687,1.1080239559334946,1
-42.24295299821893,52.119068400265064,0.9171872097047996,1
-19.56309430700648,-61.26427378495858,1.0687237888187269,1
16.560457467728824,67.03559549121508,1.0939692992496564,1
-74.37723119335651,-32.38192378486271,1.0555079168957795,1
-1.2480919950766762,-68.14895621653032,0.9743516821814461,1
74.44977444058101,-5.762330347611033,0.9463134294614934,1
-79.27462581348001,-1.9401302845643966,1.0459532053815088,1
49.8439234488746,50.9643103292021,1.1672159113239085,1
-72.26052287255702,-38.83881254414367,1.3013600348115164,1
-68.9669436880655,10.85050047816335,0.9858948284594273,1
26.086838543838336,67.31192141768031,1.0664962917120302,1
-23.334852475129708,71.02113444787832,1.0715932176310596,1
1.342836575695187,-72.22073512216603,0.9247074272932752,1
-59.046762294276505,38.54985400692928,1.0166830308192443,1
-73.70722789240665,-16.700852187523857,1.2315148662198705,1
21.486504241602606,-64.22451632406117,0.8581747761211715,1
17.922392163611654,68.29169477105789,0.8758032321468207,1
-73.89935937023972,-10.965399303144547,1.088272467343143,1
-68.8143185747228,13.314619599951728,0.9041675751607975,1
61.17506303011681,38.978069670512056,0.9913169797760083,1
-57.70815316706035,-42.48734925499546,0.8650478013801438,1
-71.89465642237099,-16.783015675143027,0.9447225227194576,1
-20.701964405924684,72.63373197122428,0.9529220479774396,1
-21.411347735057515,-65.15539846287471,0.8581165918301329,1
-4.899861460647738,54.88919105186024,0.943855874309224,1
75.0282582591287,-8.710533254342726,1.2379297361534278,1
-45.78394522829804,59.95019290159144,0.8363087059936514,1
-55.03940857739296,-43.03124029571726,1.0275575263341215,1
-71.24321291782373,16.071005315156135,1.0780540053361112,1
-36.633052955692804,76.20479774388062,1.2484334191416633,1
-80.7447632965511,-30.262314273930507,0.9880650273783189,1
-35.056986869482145,63.23865047140494,0.7905464036631901,1
62.04427193935606,37.13465346021049,1.0161970876606723,1
76.38839727101369,-25.965590609752173,1.107499508348582,1
-66.14860088947283,-32.86321595845168,0.903961026904701,1
41.3844328141578,61.988917231624626,1.1069979176666485,1
11.10172470053677,70.83863431911136,0.8879335999346597,1
-61.92399145008501,30.188433802584658,1.1411423838868522,1
13.64321960906302,-68.96211836514573,0.9273065290343034,1
-62.82613107535139,-40.707643180007445,1.033473835207787,1
68.03449538460202,-13.855515677220552,1.0126420008944375,1
-41.37727101908744,-56.397508498499704,1.2643055200538338,1
25.037360112371946,-67.00731558247563,1.2901660600479408,1
-24.366260947663065,-65.75619611657007,0.9474113646711396,1
57.26939515060106,46.32849230119054,1.244432698747591,1
69.29308010703426,21.84184728394376,1.1686988724941592,1
-4.913502975067496,75.01213001030955,1.0696090046112572,1
46.369898484722796,52.34493740457694,1.3561611758744454,1
32.92928799795986,-62.28560339790063,1.0775030621183574,1
60.70757198242081,-38.99963206427233,1.401465291210183,1
13.742973183257526,-73.77927814462369,1.0726224540260818,1
17.85972645674588,65.59390444113941,0.9475935682662532,1
-41.43223363241823,62.371323777707865,0.9538847533578213,1
-64.86736203365923,26.41568430081969,1.1620225981187116,1
67.97975880799274,22.76018473364947,0.8175649199007391,1
-3.351253019343608,80.01048468784126,1.0237903662743326,1
45.10140445568205,57.722078879697214,1.123772105258448,1
68.44614358393922,12.97370028202954,1.1489407526879647,1
70.53879840109332,3.069480259934508,1.0839451975385233,1
30.15582798219122,43.855096422239775,0.984708517616616,1
10.146335439124488,75.69604208900792,1.3415853055113882,1
39.65293112906654,-60.085165193302316,0.9000617085344327,1
64.21444504974343,-31.78941786862386,0.7868640274002155,1
-53.55422400024685,55.01605411792987,1.495830142773411,1
-48.29351882990603,-49.188743213702814,0.9698758603278711,1
5.107255109560663,-91.95297258168685,1.0527335136560394,1
-29.156179288284473,72.6436220691786,1.0075291401140687,1
3.822608118812276,-70.93758017205731,0.759193090505967,1
-47.292428201788105,-55.041733240647346,1.0804982977927748,1
-45.33579047616705,56.79791795016151,0.8596789459581239,1
70.07104147281659,5.211361041934442,1.3696188128116444,1
-37.54720269707685,59.104205858903484,1.0135711253967288,1
40.231383807827555,-53.547846516804746,1.0575242896176722,1
-58.40636697449818,52.1012327760033,1.179929706777217,1
-76.21653931843018,-27.547844738194687,0.7555134622638708,1
-44.777719403972014,-68.26138586708363,1.053002130859824,1
-66.772619402052,-41.19445677650158,1.3779380716670069,1
-36.67734300415431,-57.100395279838324,1.331570261048203,1
-60.91428069952644,34.24761220864431,0.9009089314356631,1
49.447159323775594,-59.61075365606848,1.150042363444179,1
33.70579486620486,-73.70740441552455,1.1391766084742423,1
21.06960321953724,70.49659927189073,1.0527374559997027,1
15.36846901587442,-68.01239227043605,1.0482503758179835,1
70.37672209560864,-25.13521502386235,1.286848868565569,1
84.10239187041932,12.818896996462932,1.0211173977100112,1
-56.23827775054994,44.63870738046618,1.5885206651207588,1
-74.4901560631025,-0.21648153280904353,1.086225942549204,1
19.55574349095185,68.08730124687209,0.8595745810808575,1
56.35621446216616,-36.972767050807256,1.2219631923327083,1
-56.04054907879891,-41.35240367509307,1.2122697807226102,1
-72.58031691632442,-9.323761957243521,1.074867836856049,1
-59.54381528737093,-40.208596278058174,0.9883207199479568,1
27.567214138498667,66.15789580293139,1.0046652832700382,1
7.795613934102417,-70.01784041282731,1.1304701731129512,1
66.95068628119151,4.332402112504112,0.8876668669051191,1
-7.03078662396499,80.61866766688213,1.2804677077483921,1
72.56143935866609,-5.400149174259408,0.9879025749947614,1
-56.875395551377395,-39.87042933628068,0.7428561778360657,1
59.691934230871894,-36.94238367778142,0.8348127509661476,1
-51.36932642434833,-46.6020032152388,1.0454268262115969,1
-0.25066282746310004,75.89115509573287,0.962022336819367,1
16.022924959946828,73.11834677098629,1.0015789203536913,1
-30.51337880464277,70.58086768682136,1.0162728873286488,1
8.879962758090947,70.6265725898346,1.040089715281847,1
-15.995786012994115,74.5138974894669,1.2921208340166843,1
67.19804054839271,29.73852126286057,0.9453086560311743,1
-53.092858180335625,49.064600629132876,1.2369520293196752,1
74.48634773620955,-12.53485824183626,1.210213647368943,1
50.63556223306263,-57.68085877029216,1.2129418312327052,1
31.043931542285286,64.35834059017057,1.4215635837901082,1
-13.080042087619935,74.9282463229187,1.323911055422906,1
-68.57717188011313,18.507272094358896,1.0874122461015092,1
-11.464637964562288,76.31408539501587,1.1004964337331824,1
-70.0859692838814,-24.137544834299295,0.8972661405686098,1
5.758083236580917,-75.44234927132273,1.1985175653702858,1
69.5155506701032,9.293806372093407,1.0514353511088177,1
55.12791755420605,45.857371713110446,1.1440447485348997,1
13.763960128518699,72.86896939392042,0.8667685040752457,1
83.84114550135226,10.803567863659618,0.9640690431777165,1
-74.03279014914915,12.690202258717324,1.2754714118554138,1
-34.903963181478474,-65.54832938160067,1.2401522724356744,1
-54.85003990547556,41.06859765155429,1.0318808385811902,1
-49.94400381610498,52.00576202758073,1.510594254098319,1
-8.88062588726412,-70.98532547252647,0.924576600724611,1
-32.8352027169683,-66.07244256629625,1.2356464919784498,1
68.81363048068664,-15.683137571607972,1.2307928250808198,1
-72.89221690110469,-33.56481924763872,0.9976909768111147,1
-16.0447857012937,-69.3319192301003,1.0288720856895959,1
65.81616089587628,33.12698120479804,1.230325216645694,1
-32.69689726582991,69.49809412890758,1.439181130392312,1
26.56747456856125,69.23028780278086,0.9647073624253862,1
63.067278946506704,-30.603885006081544,1.008260754234983,1
61.48987032967536,-47.71252983111263,1.4702106791676541,1
-57.961942174911314,43.06029286062538,1.0129909406017352,1
14.081590775064141,-64.5578069182384,1.146908730583643,1
13.938453182442817,-66.95630781671255,0.9973949029035744,1
-67.47990764028691,-30.327744644334487,1.0374753139934454,1
-64.99687116118183,36.83072478191151,0.8408976001576594,1
71.18164660932399,-11.528291266570474,1.0938059992114548,1
-43.42984148625671,-61.16674315754567,1.014541537525433,1
27.433907089347844,-67.28473915002685,1.0601336242235317,1
70.45153883587885,-29.465109681912445,0.9269335558604626,1
-51.65444694507454,-48.37195753781966,0.9786776557155421,1
-69.98278267472061,12.389579935607943,1.0289595550889479,1
59.299411006816335,-40.679752527374234,1.197908226235276,1
-21.891220265110746,65.6997715065263,1.0308000954499263,1
52.720659186176526,54.07423845447723,0.9680942027769963,1
-2.6460815377970794,-71.17235591890656,1.1889789507403865,1
-71.88376348231637,14.107359020354584,1.3400956220283644,1
-37.5330721945483,-60.62354206556093,1.0607569579776241,1
-74.56481873417042,-27.11581998262593,0.8679073677857354,1
-66.93661581062706,-35.06387321089595,1.018490497998583,1
-11.541883828187277,-70.985433984573,1.0646259107644929,1
72.17500722875896,19.076853354885365,1.2090864049501142,1
60.397454025104025,37.20868500606666,1.029039927791182,1
28.76355945139073,64.06713994659141,0.9674363566256055,1
-22.25961866304892,-72.86312643756929,0.8553101294634488,1
-64.86795884991511,-40.69690048740189,0.9359324590484636,1
27.87820549028709,68.07423941219037,0.912457197823374,1
-46.93567913340779,-53.16483745767737,1.149298027486206,1
-42.65640092933103,-63.92193568713078,0.9098797612385764,1
-14.140652984059667,-77.02432752588953,1.2100971583626965,1
-59.59178903425383,-48.899040525893696,0.9307202754424924,1
28.95656982853731,-66.51588789560823,1.0339133186708829,1
34.78197393877976,59.306824977769445,1.0485981748787923,1
-2.58887701489233,-75.1949316322509,1.123027297692054,1
20.524342921925793,-69.88726762036333,1.2093257876540633,1
-78.0768288505434,0.8123332371489406,1.0579689210194767,1
35.708554529689025,63.46401347932599,1.3796688108050044,1
71.55333885691233,6.588073008758423,0.9782559607105196,1
-58.73619842348584,-44.41597853924097,1.3176380301010329,1
15.227766768383328,-74.95210201814602,1.112771703614359,1
50.20275108430967,-52.21306696056373,1.018476549354854,1
21.075892251050664,68.47542433455688,0.812904679852816,1
43.129957594491756,58.26087736135528,1.060066096848501,1
-1.7571975761954048,73.23191237853081,1.0426858161226362,1
70.91006839831138,23.07626444535294,0.8960557329460623,1
28.291917552348313,-72.15791235839082,0.9239867648854083,1
70.72869448250475,26.129278810922045,1.0589495410200962,1
-5.457227150446648,-67.64285097379232,1.0942694899789718,1
-39.04968762121581,70.30694432836047,1.0943743832709332,1
-43.43324671712037,-57.843994552593294,1.0541146240353734,1
22.592830434137355,67.73794290385186,1.1806210031753333,1
55.85139148214851,-46.38654879331035,1.0340009824423637,1
-75.63144376374537,-37.25577346891075,0.8483713326585001,1
62.17312526296964,40.668586413867864,1.3314071502649827,1
74.41552690310783,-17.886583188259788,1.0960710444715556,1
-17.771994467133787,-70.40207322247706,1.0564050963523215,1
-67.30296917384236,21.826047929970343,1.2167702778670069,1
-7.5291197701679655,75.19489040481217,1.422248362262625,1
64.31841044151503,-33.74088766204969,1.2244625471279527,1
66.76786625847788,-31.835067963088406,1.692942844379838,1
-31.162531255252322,-69.9895605040879,0.8827615654343105,1
44.46074933302311,-51.66844499907573,1.4820268146361488,1
-72.08505889333284,22.339628212016958,1.3462805008439054,1
-70.29003453444429,17.995502154955048,0.9964785318530439,1
-18.27114044529945,76.33772934631669,1.1986212170576,1
-75.54977619737835,-10.966498701510627,1.1290519859522914,1
23.747578306178045,-75.05716924949434,0.9754408997751151,1
-69.45998876806429,-32.698306203541755,0.9287001988822166,1
13.835313519213324,76.3735647100071,1.0638481339394559,1
-56.36009852574015,48.76624762161215,1.1091126940033467,1
-75.00637499641371,-28.750131085633775,1.0803571443758122,1
-71.46397210972982,19.396289589094682,1.0513925265441288,1
-1.943472455597235,-78.44910956836821,1.250096044663493,1
45.59974602932897,54.513942830985464,1.0215988701438588,1
-44.288623991881444,-59.49161594592251,0.9061434002210671,1
-63.111329670153864,28.18564237696192,1.0677211812772722,1
-73.30634389158362,-23.198844681709897,1.1138089593725746,1
-84.22094479642229,11.910014766855898,1.1989458957070989,1
50.33045719851196,-48.87925135530451,0.8858407511649524,1
65.86464199720888,-34.2990302245342,0.939351267667261,1
-78.66170878129061,31.992003831031194,1.0508900312936098,1
-66.9869160435628,26.830004525053997,1.190272292982486,1
-78.25465598100291,-25.60634720184413,1.1039658756438113,1
-38.743474973014536,-65.38764808194483,1.2594352273333969,1
-75.5655586717001,-16.42769900725762,1.0640006668827597,1
52.21799803257943,61.65278248922331,1.1506413779831872,1
-75.37322237977389,5.817012354714318,1.391002084206521,1
-84.56737141536338,-19.529319932526896,1.0716224826783405,1
8.151875144198899,72.54022229232673,0.9794681946246822,1
16.194609102883863,-71.59557009414794,1.0821028986495556,1
16.475016482453757,-69.94705770869506,0.7951333258305997,1
-60.35334228242791,39.23499906866176,0.9186506228003339,1
79.6504343785062,-3.2539748528080317,1.0611058147580557,1
47.91659943281324,49.84723652944392,1.0059048821785812,1
-77.08383270145252,-10.036539611622517,1.0009315569712476,1
54.57745865402962,49.249416228418625,0.9720010119827318,1
8.633406230507937,77.75368090345775,1.0460417265418978,1
38.835801579249235,-57.201934694180686,0.9447117141519914,1
-29.647842203830013,-67.2305554681308,0.9875453204067277,1
10.96112735520784,-68.25548791820214,0.8380439433631862,1
23.930927586624204,67.00069929366626,0.8595745810808575,1
36.18828523893202,-60.985337540929784,1.0663343849017506,1
73.13736257169039,36.35907530081136,1.3482898188576153,1
-69.65293318130892,-19.03157517513586,0.930634360039599,1
64.32919653893924,-47.05909741497587,1.3417435856383086,1
-73.67465653000116,32.59021051903305,0.859872721275072,1
-46.114866022244485,-59.38580741585691,1.0871794797569803,1
2.990049441881269,-72.57136467248644,1.0782235984976036,1
-73.73664841206192,14.487383046524728,0.7404395442809428,1
53.623231500806625,-47.3144700412898,1.4209015534771834,1
-65.05646270129571,40.62866074192004,1.0365601748108775,1
75.02245587886338,0.3992037622560524,1.0625175249265801,1
-36.374245605640255,65.65064073974884,1.0310325564567877,1
58.96920381139634,45.16727528688492,1.2908111352453928,1
-61.08745943359993,49.45484747762718,1.0389129322470254,1
63.471408811192134,-35.9956935804919,1.0293615481675416,1
-18.95637632689694,67.76512876197745,0.874391622050648,1
-47.935967557219676,56.9928112968733,1.261214015680706,1
-14.04905466305089,-66.30031786398996,0.9498519108007192,1
66.8225320878714,23.59712006312351,0.8621127868154232,1
-47.800008625949495,61.976384090251486,0.8626490359126658,1
-5.368788518827015,78.80788139760791,1.3939098419053533,1
12.724122575031663,70.16768720199205,0.931201243186604,1
66.38387213981098,40.69852816809967,1.1741543836881596,1
-17.319101968700473,70.25144378840832,1.1091257086145456,1
-69.7058748991783,22.192303776258946,1.3312207203568298,1
72.76383791500274,-32.84130651958508,1.0836707750240941,1
-6.7876855120928905,72.83734054861975,0.8998746336599481,1
56.8454919158204,-43.265723298170336,1.0487599651937778,1
25.96817742943705,-65.73509776284767,1.0501978667250458,1
-75.87892525442416,9.26014232275567,1.1409637320454629,1
15.278496150131815,71.67763232932933,0.9325642486675767,1
38.52374329573519,-65.3864429721974,1.0069748417530864,1
-82.46699902669553,-8.964945312131132,1.532783920226411,1
-49.53559217984604,-47.49730760915925,1.257242691148654,1
-68.26916043606377,30.660621304691023,1.0573733749354757,1
-75.64399084632137,-5.657200709468934,0.8705121487352897,1
69.09251138509791,38.140411614179655,1.2509502978063358,1
-25.81458501064838,-66.74266403010131,1.1694066841060111,1
-77.39544617433035,-15.253052930802854,1.0709320630913104,1
-6.182524915016335,-70.10449489254759,1.3122266057358387,1
58.161539864325206,-38.514454352460845,1.4983490991590398,1
51.345678987795175,47.401286570734335,1.023409308369208,1
-58.64546074838606,-47.98747014221465,1.065710950308766,1
68.67840109889629,-26.354946769549787,0.9491197947115271,1
76.65665047233382,23.344624905050296,0.9180325916909896,1
-73.4363752333301,-30.075622688892896,1.116408544291214,1
-55.64469021810759,-46.54218911101618,1.0302842433327362,1
-12.590986641031115,-67.56005925329168,1.2556010827874868,1
14.254647573260787,84.65344672536865,1.3373398669110665,1
-36.08362343640985,-67.4637717424036,1.050543215272751,1
-9.907956355804954,-72.50252917594855,1.226062391308718,1
-25.57039354376356,67.1247200520908,0.9584151146641949,1
69.8498825457442,18.3520998678341,1.086533047274136,1
50.82086096147361,-50.57019813401052,1.1366021513618323,1
-27.819396134613058,-68.27219877336636,1.1434613348834084,1
-38.62866088071501,66.49780978865785,0.881615599561557,1
47.468703262580306,54.59664257444011,1.0394414100985174,1
-21.64735836707494,71.32523314941304,0.9669117504647521,1
74.00972824035506,-10.304687699733055,0.94505927812133,1
-51.943806568482415,53.18903480813782,1.1053060048767713,1
-76.02197076695073,-20.910022080131316,0.8650416788796499,1
-9.881521855187492,72.38012016932045,1.0068555735030875,1
70.31092310339956,11.391036800136524,1.218420516745277,1
46.56062020127083,-54.76982780068736,0.9311999852710582,1
-39.32805173149828,59.53715100979686,1.0269522652268042,1
36.279758057232804,70.86385581103876,0.7992432018824009,1
-4.501032510533044,76.67557924420173,1.0159224020462188,1
-14.474678887627949,76.24767428015721,1.0714587394506367,1
24.68432034255671,73.41436763389507,0.9199195028525089,1
-76.13883384191664,-25.92793621571441,1.1346615122774923,1
41.458312384357455,-57.210492173354375,1.0795994824406867,1
72.48648726628684,8.960013709978163,1.0493546805322018,1
34.89888686509842,-59.19899266708722,1.4587542952203092,1
17.20474105484745,-73.51116632525722,1.2370110542092025,1
66.42259241397197,31.262545566647862,0.880083043279209,1
-13.36346198912652,-74.14919764892828,0.8715428395537711,1
42.56568138857767,60.57815550580888,1.1687983363303585,1
-48.69573035662616,50.499607489976704,1.090804447064899,1
29.796383138622936,63.050984915394196,0.7936229936352713,1
14.610061943563558,-78.45746499595032,0.7949337738577853,1
77.16395021649447,-15.169830548828179,1.0593289398238583,1
24.825566856444645,-69.68227664722227,1.1392582641965445,1
-54.87881163871479,50.593022208285944,1.3405508317536767,1
79.19499216137056,-4.945770403406564,1.053937502791687,1
74.60004259554593,24.2406869256974,1.117640026392802,1
-67.52355246200989,-38.226081188122755,0.9848367449697311,1
70.09046061659468,-27.649921889619435,1.269049015815318,1
74.13513803520837,-20.866073573306515,0.8773143601372766,1
19.009604427307035,-71.70919887587445,1.2913363256125032,1
54.5525866835527,43.651538831435175,0.9593679874066141,1
62.38086274365782,55.33097072125814,1.3519050169651912,1
65.15072627596956,45.7330006933539,1.1123434144061966,1
8.966892964248164,-80.15513596376857,0.8146463894833388,1
-1.456977684629269,78.23030180856188,0.8357447545281416,1
-52.30743414266748,50.95459211797693,1.2217327727450689,1
69.5096239008536,-35.624940699858136,1.1005636566356936,1
-31.843819965793056,72.69221996429901,0.7603282504561552,1
-67.04408789301982,29.03374110558251,1.0997832783186263,1
23.146350799726683,71.92388390620562,1.1930610477623842,1
-5.721524771047282,73.82020268788297,0.9275618842535747,1
-58.92608846686605,41.11547837496094,1.2559726724209388,1
-3.3212824638860754,89.4182668150186,0.9907911479341446,1
19.116024675340714,74.37524180583699,0.946793998991249,1
54.67803577936284,52.90927413768661,1.2104857146066335,1
-58.844238123451206,44.62026204140874,1.0720094939545266,1
44.41636318808104,-68.82329371432509,0.9211973893797755,1
-14.786192136282635,69.90286733776193,0.9626488570505118,1
-60.40852460876506,-46.45901657945932,1.4311487452150624,1
-63.58062618601532,-50.4709603096952,1.1028807378912129,1
-21.61549115490133,-70.26914596548906,0.8635925429258471,1
11.438032463008845,-71.74093398794314,1.1177767910169238,1
-38.93950615859465,-67.33510543377352,0.8786513210197845,1
-76.77700093836607,-29.186872695728926,0.9989604206919359,1
-15.48325003483609,71.41480363203515,0.9711562360835058,1
73.44742207268143,-14.040331963926729,0.9532150964026865,1
-41.79802647947193,57.19812394173614,1.1765179096547662,1
-34.48963841625092,68.01579158944055,1.1513614385432847,1
-41.690028133596876,64.49234555526672,1.3962377109135176,1
-80.45005283455193,-7.7215049242437654,1.2154177014440655,1
-53.57165948541375,-54.71217535037084,1.4346904024734815,1
48.00819802987026,51.692941593577785,0.9119916488697947,1
50.12489214075887,59.14875392943047,0.9939072123396375,1
38.26785832603329,61.802312682291024,1.0829647779742309,1
17.553770358518854,-70.98918722477032,0.8415073570417922,1
-63.38968009097726,37.916438871844804,1.2959084991712937,1
75.98920348062491,2.7086932069737144,1.0180291144857243,1
3.842908277374436,-74.21914493440873,1.2367983509662066,1
-22.038832819061227,67.64275656218125,0.9250169221210659,1
-36.9406307908761,-66.16534557227907,0.9128627862447106,1
-75.05561233752253,-12.84348582620454,0.9311371818904849,1
67.65756536879019,32.79709116892194,0.962562979088626,1
-73.13596091561884,-7.4352014362365555,0.8678652288152607,1
-8.758159191560729,73.61465916936324,1.0007411141669948,1
34.85830481269109,-62.97297097685882,1.1264886819338384,1
13.990943606558808,71.2278213406988,0.9401434072948754,1
-79.39977155104307,2.3627292440503456,1.286268956555722,1
77.22343261459352,-13.376718196348135,1.0354996852197635,1
-44.64690592236986,-64.06363417278077,1.1533131130139609,1
-49.75129413926823,64.4031960435061,1.3654238084295796,1
36.594106183788504,60.29507650817185,0.9958486582059155,1
-7.9060410716064204,-73.45775778871335,1.2501372713400714,1
-45.65405630861262,-66.18751959163156,1.1266467027488183,1
-81.48070324425525,-3.4206305357464455,0.9231379109083864,1
14.94292264626617,-69.96341327441662,0.9273065290343034,1
48.469383759047254,-49.05200546612367,0.8923714135102565,1
74.39499848189317,18.829964469943572,1.0646715984184394,1
72.21476695960739,-24.147185712278645,0.9474932554155605,1
-20.354604911339546,76.44432916288729,1.1824552905027186,1
-77.04400516331116,21.525670308393718,1.213659533989654,1
-59.28935453827961,36.577783201471476,0.9016247696914683,1
-67.27123970201158,43.61374550498787,1.2678500471312608,1
-72.9517089476587,-27.90653971383204,1.1995138957452975,1
63.12394984723099,-38.64124149610851,1.1390937335912212,1
-77.94876690492227,12.794862854770876,1.1634830624835069,1
-26.10514090901817,-68.96291412015357,0.989563430586643,1
-76.56430100958426,-0.5343076059081915,1.0955665108876764,1
68.49471700265813,25.39390345939773,1.5080293081388982,1
32.15119384019351,66.55466690950398,1.16745564848237,1
-2.5006601120723566,-69.05760896608406,0.9501069431217946,1
79.27414065962041,-14.550572839349941,1.1605114439134487,1
77.2632694500176,19.038551168919053,1.02889561444823,1
38.45462670728031,-58.90576445382851,0.8692496477639008,1
37.11338278328654,-52.63613690350146,0.8995123523012153,1
46.3457663491596,-52.7287162056307,0.7676593899281257,1
77.78677256571122,-6.273345357590004,1.2348256257598427,1
52.08337619331111,-56.14302415983305,0.9602936761291326,1
-65.26836830157693,-48.67579126807797,1.2246049861842345,1
9.456255166045455,73.78260326376348,0.919676633470149,1
-18.920721700576756,-74.08383083400795,1.0945476242825591,1
38.68562970513842,-60.98865318679571,0.9601196452178934,1
-36.35864312352265,-59.40082353806814,0.903479521485865,1
-76.89590332756534,-6.967749136372928,0.8653086981136937,1
72.97662586468986,17.127019730315283,1.0389090740251425,1
29.069054772361383,65.39949832779445,0.8584487347653067,1
66.4256492777215,47.21861012336147,1.0198157595633441,1
77.41515184630946,15.466531043909882,1.2633496904740709,1
-71.69959516754513,32.60120733985078,1.0215405666606805,1
62.22396499770477,35.55919307298257,1.144585460246955,1
35.21812725856556,65.44227972382781,1.058257759020138,1
-77.3742434915562,-17.170403681222353,1.1108536924849877,1
6.938802814773983,76.93070050140236,0.9739348866786056,1
12.018850399566915,-69.73612730938936,1.09149458927063,1
52.656284414578025,-51.68211751693734,0.9785033375961195,1
-57.654907795213624,-50.031808865894654,1.0506543073394845,1
-75.05508573494382,25.987837259041978,1.2002002387953357,1
73.20704284839627,-19.15642454496845,1.1552139179305634,1
-36.64969051763259,-70.65071049173845,0.9655126285374478,1
22.778984445709217,-72.35539178989548,0.8554953931297756,1
35.662339864196355,-70.19352405762572,1.3076361942054948,1
1.4138950111590487,-80.00060802752002,1.1326879783802726,1
-41.952150245006685,-58.22491001707062,0.9184127863379634,1
-46.07182768771778,-62.99156854147703,1.1390238202289529,1
3.614286985177413,79.44317962827144,0.8813945719684776,1
-53.89432430186697,52.67007252135876,1.2024353131076535,1
76.67149235027573,-7.997710838744536,0.8544077585706416,1
20.59732262239645,75.52470991463203,1.1798747141570727,1
-50.24745262187394,-49.808792673813514,1.2198351913779713,1
77.67806026680724,-3.1528683766843053,1.1508569613066741,1
-39.23329000392903,-60.08843724885896,1.1027024372418675,1
79.64282836678488,1.961512125750412,1.2895032065030199,1
-55.527513165519,53.94947672898994,0.9362531978238491,1
-78.12003426667307,-34.79714225346727,1.2661772832693599,1
8.276693745271963,80.65076473625244,1.0689958887793887,1
67.3751296847787,-34.87631431202496,1.1583795843168159,1
36.40522857353229,72.88849368768993,1.0345385505412172,1
79.45395246578315,25.27790792031574,1.1223003309966768,1
-74.78107685982485,-22.162771661529085,1.0246596196230586,1
-18.68912551820465,-68.88804293574138,0.7987068344649046,1
-80.10766194341574,-9.553038868871473,0.8700101196758776,1
-68.41656960404728,-34.09219914832147,1.1356805252835684,1
-52.3585220097395,67.18646391600743,1.1674485003975774,1
13.663848692689635,-71.54244047310958,1.3830698345118793,1
-52.735687864548744,-50.21353180414569,1.5062015321378583,1
44.16365691365494,59.58986508711324,1.0000958667002102,1
-41.55936346821718,69.4469363363991,1.4078608116380935,1
50.49602659244152,56.03985279316705,1.112880479277367,1
51.4347376386783,-54.55315315321924,1.0645054751793155,1
-89.78088576700078,9.487043100288194,1.0277728212597452,1
30.96688570479137,-70.73203665353756,0.9843188185505902,1
-37.84628902529988,-67.728336396204,0.8662715456605665,1
-59.04726766288027,46.52625513621538,1.133059161994844,1
46.37006529671977,56.27892033337337,1.0165071131025931,1
-54.67531558705374,57.132633141528046,1.1667183862085295,1
57.69701259695087,-48.057634309731,1.349652412853916,1
29.933883868802916,71.0358129017388,0.9302379186149694,1
79.05005138903053,-0.2324106798322904,1.4369392214123642,1
30.299949712824034,-69.24776697312502,0.8127550679844908,1
-9.667925998125403,-80.9606118424221,1.215483131619019,1
-60.369863241510714,-50.2635937887939,0.9436247338011615,1
55.69632837814593,-53.14210589576874,1.2950779305520013,1
-4.940146557918606,81.03198111968588,0.9914558221931193,1
75.7545629979284,-6.75607262322715,1.0232836322834677,1
-61.70483269383312,-34.8003558794604,0.8356577266550111,1
-29.0743302017659,75.37533533173566,1.0504326019214603,1
59.90613701070397,-44.643049571178125,1.0630985642337971,1
-2.029013968248604,79.41608094422138,0.9212110554324456,1
-57.98763898114391,-40.99503102637793,0.9297940858140342,1
69.35664532165406,29.883846386412216,1.100173917485705,1
71.117108953889,31.031380572830532,1.1852652558372998,1
73.49056390108218,-28.2991464731115,1.2417838360932232,1
-50.06787831133921,57.30879966595879,1.0935118120256502,1
70.90177119670545,17.468811809154605,0.9294343404049817,1
76.16927147096574,-22.77092742625505,0.9039565698459762,1
8.286446726483641,76.20441423282271,0.9665469667566324,1
-37.461559564360314,67.36563488070814,0.869086061054552,1
75.22536065337324,32.152328061132245,1.449097231559161,1
55.88342823089228,47.9197469255892,1.1067533891038541,1
-14.552826286238833,-68.50286336432147,1.130456813602771,1
-66.88990507788203,-54.75217548889418,1.2241329416510915,1
72.366358288597,-26.25066460607316,1.312595251002633,1
-64.94116831063448,-42.5430521055428,0.9769730103451412,1
-82.47946400024459,-0.4052924937552862,1.2614287939915567,1
-85.57040955056681,5.800832963945459,1.3038493650829144,1
-3.795484156139035,-73.10188533157078,1.1667697295028248,1
-72.17298982169687,26.222912650175463,1.4221700369885282,1
-39.380232009079215,-62.19330384478687,1.3521949306034011,1
42.434016738513925,-58.961763596134084,0.9910208675667558,1
9.590359778738206,-73.0481611792966,1.0033184744332195,1
-37.0269644189074,-62.20841657243015,0.903479521485865,1
-28.250483976427198,69.52368516089827,1.1304741800863398,1
-39.07481672672587,68.6002592458005,1.0875194771229324,1
73.75906541289196,5.288374286721507,1.2838106486891423,1
15.680888033412767,81.06050205037484,1.022884528625073,1
-24.811442205055855,77.90182906174043,1.0964108171989497,1
-65.9878477640017,-37.003670687069835,1.2242081368533673,1
42.18861410445726,-64.05808736627209,1.219914702063524,1
-74.86296005012944,14.93449126025151,1.0353269060563937,1
-74.23607510617401,7.326190820853339,0.9460507503021995,1
22.87104489136255,74.68330974327138,1.417235320619142,1
39.67542651101837,63.636221915696254,1.2887611812693658,1
-44.26705532998347,60.040013748099064,0.9319037019914058,1
-47.5515216910859,64.18535025727006,1.1692414124974655,1
-47.50856335433565,-62.596078302590804,1.147372424964994,1
68.66312320483065,40.55601271552565,1.1366886969838816,1
-80.0385689845637,-2.8922633938050026,0.7478007186343507,1
3.7916195824500742,-76.66288442350846,1.3604131695374915,1
48.03650564228202,-52.53547121795594,1.1153511515496741,1
77.08846032288258,6.319595515463924,1.0285178156137087,1
58.18795726609329,50.82188826814353,0.9314054373117262,1
-46.18462596007618,-56.71728515251605,1.0132659337807963,1
36.862180509279405,62.27496775237666,0.8701422858394475,1
-1.9094609503806754,-80.52420458317059,1.0389856236866102,1
76.94513260358961,-0.9859404546881801,1.1020307370432254,1
3.7518565142864078,85.81967481547133,1.1225736345852488,1
-71.01958714647425,24.433436472035876,1.2974940312008618,1
75.23774419491565,-14.637844769267577,1.3330439290526594,1
44.27332190067005,67.35519059623049,1.0217959304225226,1
0.5160705271298984,73.98976871822566,0.8357447545281416,1
-19.947747809513512,74.7526684060457,1.0694318047475573,1
73.4249266907296,20.605769867864062,1.2552520910276714,1
-13.063799912146042,-72.19889418684504,0.9502866988950459,1
72.43139513031711,2.022239297236101,0.8748802981008956,1
63.41053355309393,38.501810298332146,1.1939521803121294,1
-75.49546591809467,-30.630997515990835,1.09825608346287,1
0.3728996383864612,-77.7070238149651,1.2930951084869913,1
35.12138020235171,-75.17905906834082,1.0862080477593798,1
22.25415915070835,69.60593390115959,0.8386862725047421,1
72.89730773222335,7.388856527719113,0.9681021615819576,1
60.847542932326924,48.82946216354812,1.2083279402688967,1
-3.3909110270702825,81.76482174719952,0.8768760907443074,1
-71.85746545397377,12.067286873058483,1.0401288963093334,1
73.31887703295676,15.180292748030453,0.8713966169843606,1
-73.76360140426226,-18.87652808750344,0.862364972307192,1
50.078852029592184,52.90776108239007,0.9378560983559605,1
29.01532167721991,69.36104291511832,1.497578272356078,1
69.43360320727871,-31.134748940215065,1.166545491917584,1
-17.57065561539731,-72.60731803886796,1.162841596630034,1
13.601756584971385,-76.59068657036987,1.2127420729108822,1
-35.23304766496218,70.20051209606464,1.294869703415806,1
61.262959119779595,-42.40540179217098,1.4467678530197428,1
77.96095978001378,3.162207977226807,1.025067850681337,1
-42.93963218280932,-68.71975906819902,0.9742095068066701,1
19.59347768003231,71.33928342119692,0.90427274597131,1
5.317632839752896,78.30080072878587,1.0975786860816148,1
64.06614918442757,36.515034931092025,0.9775904557608369,1
-11.880993169501,-73.33587112295426,1.1233322995704003,1
-17.850085578766524,74.0178406864596,1.0239666504886242,1
-79.36918959387982,8.520078655044784,1.0444611619976794,1
-64.33798601470741,35.44730470081756,1.1886970911442092,1
-3.330923341865428,-77.0306150550065,1.0418638307219794,1
-42.645173998212975,60.773357248569006,1.2531480334167366,1
-79.00056778878702,-16.534462804140038,1.066114591670845,1
71.9266821398847,-35.79058695912317,1.2271685955070697,1
67.29131043768129,34.36121015072661,0.9888275245907291,1
26.35426301933849,73.21754525164191,0.9779048468508288,1
41.21475336172125,-60.70475228477523,1.1516578955314172,1
-46.768406492457345,60.84510317156933,0.8687450447474814,1
68.64271876890378,-37.54324107193016,0.7768516118432613,1
74.2770559056786,13.43471896225616,1.1503056254029658,1
-40.87844366476718,-59.159341965331876,0.9259217954337438,1
14.958304228860484,74.75078843483975,1.247771670783173,1
72.00201457318586,-17.166873218863707,1.2168188971406315,1
11.959255426068433,76.4719515468347,1.1069422926165728,1
51.27422073406557,-47.01751017314677,1.0716513069194773,1
31.66372836513878,-68.74678706002982,1.0329317754246206,1
-72.77298909759267,20.39559872791424,1.0246683711794804,1
-57.38674771940214,46.93410781419085,1.0410682324326606,1
53.5759929783631,50.793210741272745,1.0839620052423413,1
18.270874631060348,72.75947096678911,1.2816944230283334,1
-58.75357630858305,48.7569040228523,1.2993738256770495,1
-48.783066781975634,-53.1958984189423,0.969483836044079,1
-32.125390313837,-73.39260139397531,1.6408068769216413,1
-70.77699929821377,-34.1606434552056,1.1144632430118508,1
-27.984714237487516,-70.6212675564491,0.6708042081521118,1
-65.73504761022112,38.415357200696945,1.3978691848464047,1
-63.15563875581653,-42.5459457601167,1.26229473965341,1
64.01165726541382,47.42794991223917,1.1520178562422942,1
-67.2033080496703,33.874212099275454,1.3090349065672353,1
37.04682652255771,-63.981686709956286,1.3069188048074227,1
67.81784417079356,-36.45111738284352,0.8965628011954586,1
64.14840113765578,34.683695192465,1.084289213814596,1
26.634946892369403,-68.95653524533282,1.1179646132195296,1
-73.86476496832086,-25.42835127486782,1.3555372769393068,1
-17.980237431487765,85.46156284794807,1.0347460236250894,1
-60.90948059994177,-43.67720444864941,1.2633165299789126,1
-74.38419404967493,-40.407444603307596,1.3147561471300286,1
-22.527161142193034,69.55893462101027,1.048846806501973,1
-54.34825849995398,-52.080899287901374,1.1646463270360543,1
-76.7740362342379,16.612109201872716,1.3673146120593433,1
-6.838081933193362,-75.63500155871581,1.038539217782658,1
-70.30432671320318,33.72074668398337,0.88887431546213,1
-57.4873311523905,50.48070830854099,1.1744185933417253,1
-76.00096928681194,-32.009643067037885,0.8891252006015911,1
-10.969223297461308,-76.90989449596074,0.9767459524772801,1
-71.99623062421529,-24.29029463150401,1.0069824066172008,1
-26.47626115078994,-74.34763905400322,0.9861390551596475,1
28.78110584931316,66.88185562370434,0.7878611423507316,1
0.13704462996813416,83.05490236881325,1.453944003629096,1
-68.20877348217493,-36.33471621726483,0.9870594635282256,1
72.09031971810677,-30.50814178450584,1.3195606701881135,1
-66.53941163787783,-43.79850866018707,1.126781844466706,1
-62.3022457659535,41.76460476914349,1.123005357073336,1
-16.694655865833198,72.48503946404892,1.0379393937913037,1
0.9942958822703044,76.978554313918,0.8047492503496831,1
17.141256840819672,-75.35332649306424,0.9767636950551112,1
-80.9706896607777,5.567353325759381,0.8959203717239261,1
22.67420468853043,-70.19502523693812,1.3655705098746467,1
60.31574285830845,43.63491501197496,1.1157522414464898,1
-91.55209110262267,-13.295156368642816,1.0227595276551966,1
-70.82074580332453,-37.28715771576098,1.137225705466385,1
74.75078843483975,15.713425996593084,1.2739986745587255,1
59.65534271672295,40.85563065699045,1.4168569827100175,1
-37.04682652255771,-64.03295865193738,1.3124879727969458,1
-44.96264467619357,61.764887329579494,1.1368233882987022,1
-37.87379829547191,65.33831458021264,0.9118806163646538,1
-67.98218457729077,20.186443508439645,1.1351652827718948,1
43.5544567204812,61.97459364148392,0.8663716890304528,1
17.650840767193284,-77.11641886902272,1.142691268632166,1
72.18544511747145,-9.74315511965266,0.9778314108625751,1
51.51121104366706,52.04292007161906,1.1734576871096523,1
70.94190194494458,28.942913026213464,0.7743607199734865,1
69.69321827857976,27.975761993649567,1.066115666651837,1
73.34219450527891,0.7315856941074246,0.974340081519525,1
32.55683468613817,-92.87591082672671,1.0041741079584927,1
71.31879655549076,24.57017923362263,1.0510393640222735,1
-45.208831381737696,-57.83149519327235,0.9431240419681753,1
31.11111323936243,-66.20390908419647,1.1767799097144964,1
53.01518800844566,52.269795916252775,0.9356228087273964,1
29.833352590027882,-67.89829338906722,1.0754233312660355,1
-76.12819249546772,-34.215475948713156,1.069197838981729,1
76.17301513657073,-18.957325807304,1.6331746991948486,1
-26.658455891121918,70.71012686565561,1.0105798110022275,1
76.31087969167541,-11.181840857831203,1.4973178419034352,1
-86.67562483920481,9.299590898881018,0.9204349983469677,1
12.17747114499789,-73.40017308510697,0.9173258258745509,1
-30.019448891728103,-71.28610451435189,1.2783956003256618,1
-2.9066586773632004,-82.47665457876617,1.2132896485953937,1
-80.29755802482717,25.057737422646497,1.3479222332350782,1
-34.26824707028434,71.63679753287546,0.9035265005252403,1
-77.08346134911554,11.103434875772878,1.0266243831006967,1
-38.133731725373195,42.72481930206578,0.8897480283554791,1
-35.771477273908616,-71.85273596666318,1.0674005722065838,1
72.17057029633527,4.2273947118101285,1.2346305056968327,1
-12.985229686972383,-69.84540642382522,1.0856006084488796,1
-16.933290195784288,-74.97189676001072,0.8759730912883805,1
-62.39605443017076,34.80035587946037,0.8408976001576594,1
11.584203526330397,-75.86728244549828,0.9616197155154617,1
-29.3038394646389,-79.582060384028,1.2471998025333362,1
27.63986889950991,74.0090582428209,1.20902264771845,1
9.171310510708727,-78.09621562695936,1.187382888944323,1
-63.35134342324761,-48.75391994157296,0.8256658537734852,1
-49.59657370198082,-76.26283194273614,0.9979771902740534,1
-59.30900465453001,-42.43830652788312,0.9876663322955969,1
-91.11593778283687,-33.60610597160459,1.094555280646798,1
-27.518188854382156,-72.31622572310437,1.222323399445421,1
-69.76916796017287,-35.81244073658291,1.0828837166950098,1
60.15907859114401,51.08007098043052,1.0433584015113524,1
-11.044616226507692,80.54346044367408,1.218843754740324,1
-82.37464136330549,8.971450470202035,1.080717150535122,1
-60.65076336809086,47.43311965840202,1.0504205859056068,1
-86.12027160743193,-26.990229886925892,1.0994902547796865,1
45.13497537007445,60.759624948607666,1.0141414931209554,1
-78.43534768764474,-12.452044576034575,0.8717284078613203,1
-49.45753489585534,-57.87452878645838,1.039856812858134,1
-16.617053665879293,-79.87394644548237,1.0831537539349063,1
48.454883586002964,56.080310653038325,1.1060944936873118,1
-58.84309874696274,-50.814055054785314,0.8521956800728113,1
-37.306984154091396,69.22471751772615,0.9588073405786746,1
-6.095664213307218,84.7040965939796,1.3530582091058265,1
6.818028906996332,79.3204613019304,1.1706425595369976,1
-69.01887016547613,38.3924301554392,1.4802627491773719,1
-58.00865538711847,57.59967919494186,0.8906941455942812,1
-60.48564635931778,-53.53769643752368,1.2139845560340075,1
-16.13194339601809,-71.35833563244181,1.0539700046061293,1
79.06578088211079,-8.027324206318296,1.2935347368371788,1
-72.32941850349717,17.69371730346987,1.0922314152431216,1
24.53432052358275,78.25971987650723,0.9651392786599653,1
-66.50800992103082,30.663225593807507,0.8858677269404431,1
-39.39243067101228,64.61218045454457,1.0116812584022223,1
-81.81269138438867,3.67377706500606,1.3838833006757691,1
45.52149183816823,62.39820847527332,1.1725072667792877,1
-76.09091300725456,-8.505333782841058,1.0178602307441278,1
69.39486440667076,32.014200572991754,1.0671211811803325,1
-49.188743213702814,55.608780937502615,0.9452362931829543,1
-19.221281360465884,73.2960895031874,0.935128624417424,1
-70.58370323916824,-39.79641007781806,0.8555252341867462,1
27.15626875367125,-77.75967388166116,1.2163744972987882,1
-43.75856787998689,68.55031514859918,0.937693016922623,1
-47.58719841738108,-60.562417868061914,1.0453743366894155,1
66.93434736874956,-40.187149191216434,1.0373316830085988,1
-77.61828944313908,-27.665547283264313,1.002184381744315,1
35.391663062193835,-64.96987670283967,0.9612587482980994,1
76.48241478645656,16.78576589425311,1.121198192508612,1
9.399856029866251,79.41833916789217,1.2298049159243054,1
-30.359691867442532,73.93078922941082,1.1762236458060085,1
-35.068998740960915,82.58388280754225,1.2738406193086755,1
50.30149044156253,-55.952302443285035,0.993107936076537,1
61.437459011205796,42.41573130429173,0.9001074755996079,1
-76.98352613859498,-23.21531385095233,1.5424865795637772,1
-16.25913986054922,77.10754122721673,1.3780390314793736,1
2.337062244288327,-81.79226359268978,0.9997979130270584,1
7.1587814437357595,-79.02952224080421,1.4333858376560633,1
64.32919653893924,-43.07412814655681,0.9731549344352859,1
71.93717461816017,-28.407434824568163,0.9312295022737417,1
49.49567728814744,-54.03318602202029,1.0063688948658505,1
37.34570442825236,-59.63635488997095,0.9627199661029854,1
-10.445478110140899,-74.65455181358156,1.1849060062967325,1
-50.671026381244445,-51.85007005116347,1.036747665179722,1
51.624009316025464,58.15377597143921,0.9321047627151341,1
-14.65886044919012,-72.79297659102437,1.0363694513439696,1
-35.94732821118548,63.87724386517998,0.8558005875152624,1
-27.82036022241098,76.60320279792202,0.9500662841145603,1
-67.8695358386562,-45.004278741713975,1.2555523672128523,1
-0.27958546140115664,-74.43721887856135,0.9045030653527368,1
11.460451920334977,-77.92664959661668,1.2089196295934688,1
72.29474033789327,29.409911456492008,0.8634227747664529,1
-43.860545614141145,56.57351032004139,0.9918216064872798,1
-53.75350397297335,-57.130615884794366,1.0888510210704596,1
37.25028660978427,65.25290533494774,1.0357667258281558,1
24.201817354161633,-71.58994624865998,0.9568788926354601,1
33.01856094757683,74.34659462555545,0.8933893521107716,1
33.98409487720876,-71.57066449270128,0.9513801080244637,1
-78.53033209695704,-0.8190262153154912,0.9757472131535343,1
76.97069038207603,10.048630406829577,1.0325894308416386,1
3.748006086829213,-80.14347091876759,1.304736331630592,1
36.162933300541845,-19.599904932018564,0.9255781491271848,1
-41.08690693634292,-60.72579454888667,0.9733320415197293,1
-68.63506305693197,36.69345704306268,0.8658954717765361,1
59.4706640142707,-49.465947683352184,1.1860357209887136,1
47.30806769040899,58.057506914514974,1.1923396360778882,1
44.12867571427438,-57.444709206081264,1.2226509510292265,1
-25.670444433015952,-71.23644738941718,1.246661463892885,1
19.472409239556935,-73.73323803345698,1.0102073692469968,1
-79.08412206460807,-14.24888520941104,1.1096171237112942,1
54.43639894528832,-55.66843038970601,1.4657821013996202,1
95.52275200759135,23.21056923331706,0.81888219990773,1
78.41416868938849,-19.745394545161467,1.0779405534898592,1
68.42131101944699,35.65678720662598,1.0406687174488096,1
23.62979192738684,82.6801695509056,1.0965788232034568,1
72.93743359986075,25.485870522715626,0.9880772479670551,1
32.82620909141766,-67.5961172262992,1.118021576817836,1
40.784316515466756,-70.6574276001868,1.4516247010554102,1
-33.95854655056348,-71.10051100990832,0.9645210554050802,1
-36.160837457502865,67.9296262425001,0.9761232407243579,1
74.50680086745578,26.23240981320356,1.0043871192251435,1
-83.71501158892636,7.921370200083904,1.0722733264720692,1
64.1732647280888,-40.70406228247225,0.8448981979036123,1
-28.345788072285572,71.39295097528193,1.1081598233041299,1
58.8408337214134,-42.92223416047361,1.3025311011158545,1
39.76586712825322,61.272737724587195,0.9314780834835586,1
16.18249724357365,77.2336406030422,1.185784389183046,1
-27.12621700789779,-70.02169676401905,0.9484505067738481,1
-41.54254321301917,-65.63316910781893,1.1085135711745646,1
-22.202227847333457,75.57484248012466,1.0306783573311356,1
84.66737901604645,-2.2817184773867076,1.2311064005471601,1
-6.009535075365352,-73.30188294295927,1.1023439053013657,1
-78.96843152885586,-18.62617625610419,1.0437752265034579,1
34.24680880214604,-61.06773134069775,0.9455447168346846,1
89.73423536804027,-0.3637667861964612,0.9434286988920682,1
71.17988757193831,-23.06376526913256,0.9785612800102986,1
-78.67543267200517,-3.7326964524396504,1.016353744127239,1
-18.003488960732078,78.8076557107885,1.173693040256926,1
60.31425081766881,54.80563677603922,0.9479732146594804,1
76.82007071978008,-29.707588003207402,1.1152117231050778,1
-61.68433824882042,-51.586882840637045,1.0561146623714606,1
33.16806341967094,68.38171455631746,1.0787310579496026,1
-76.02894180523896,19.226565425339952,1.184796521238184,1
72.66518769859223,11.080771461089403,1.0480992881594278,1
-42.62796498747474,-59.85644907993855,0.9794441009674493,1
-56.61763430756135,56.12074516285577,1.5101951502655862,1
-25.30927222191199,71.85070904353003,0.9938954437490641,1
-0.04525856606972323,80.45232333117747,1.2136407109574037,1
-76.0500574238568,12.721138493752328,1.0068948734973648,1
-24.560315187171536,-69.4103936862173,0.7856394349093033,1
83.32260260171141,-12.806591730387483,1.1439363124385895,1
81.6821378284183,-15.25387747957739,1.3812709852738028,1
-33.095089068385654,-69.34625100982944,1.1418213553129715,1
77.25864277764852,-9.279973808036067,0.9953179287021925,1
40.871966589122174,-62.711462778724616,1.14099414178569,1
2.2022519841401054,81.2574514148101,1.3562433180234257,1
39.61017593107117,-64.02255564921657,0.9601196452178934,1
33.20460618550129,64.75524863241411,1.0953204484176229,1
-80.6320749640293,-15.767571366121855,1.0896079496148208,1
51.39980534257237,54.2893907147164,0.907621692658972,1
-73.25051444364865,16.19623678358167,0.9696849484128863,1
-7.700156035424682,78.38363964265638,1.2105468108235102,1
-10.280563261493368,82.11240000720281,0.8633586470078647,1
-69.09992866422718,35.11395569390558,1.2502002937508454,1
21.00813800514015,-60.854884025998466,0.8481769700830853,1
63.30965102598194,-63.14542365626473,1.114280025811958,1
12.533141373155003,78.35899031373268,1.0728339175171968,1
-16.486777788141165,-73.51636895762465,0.8643143459011444,1
-77.06449585476253,-33.29876617970525,0.8179311488629761,1
24.978212023147293,75.40886304031804,1.243792552031518,1
2.6319596883625502,-75.07351682519847,0.7006327065402537,1
11.853925969706593,-82.46402728652987,1.1373889289893335,1
80.3896576243117,-6.141239272845951,1.0200752032168783,1
-78.15954606167038,18.119635044238358,1.1155213839404556,1
54.40183343696496,60.58840534882019,1.0079197998394074,1
-86.53108679323908,-4.7420849450064555,1.0586666578562896,1
57.070688082624756,57.586978682474154,1.172444344218149,1
4.7747225682890395,-78.54236692138137,0.8344637426880883,1
11.054230691122717,-73.93926753092794,0.9407108396288931,1
-4.911134656591853,-75.36827774267823,1.4792211314339427,1
5.144158248048291,76.57192350492235,0.9997588118231663,1
56.28773047810282,61.03639848726486,1.0915798435902464,1
-1.8024936047573965,-73.564982354466,1.0401132018448014,1
13.911786924202053,-81.01605995432368,1.5411353523029168,1
-62.75129905076242,-45.01843243962286,1.3005893719986064,1
-9.598297434941196,75.68972960937856,1.0007411141669948,1
21.41046181654048,-74.8402075780982,1.6209121625288512,1
78.09565921668751,-31.306841252679074,1.0569020844215022,1
-73.92262405824422,24.024549597767127,1.3676952994676512,1
61.76714435715727,-52.730537000987574,1.1240794302240151,1
-62.66152915198396,46.06764997392673,1.100679170861896,1
-69.190102174886,32.521711414569666,1.1986524425460894,1
29.654805060148416,72.74792281484636,1.2046743926418064,1
37.68167285972633,69.85268012194358,1.1548339268482595,1
74.19022876651894,2.1127295457604185,0.9567027895499826,1
7.29855488049474,83.68138498531428,0.9401924221123446,1
-37.25180680213411,71.12439492082697,1.0538994948620721,1
-47.010673914215936,-64.8134315465384,0.9419379181074914,1
64.45018747080996,-37.497965355968034,0.9136824689410227,1
66.9905488381637,38.59662623741604,1.1729174271566054,1
-71.78356721474528,-44.38970107056362,1.0897779519153104,1
64.23353190924705,40.330703041350674,1.0551805844149875,1
74.04946746909923,-22.6574741116646,1.27342625887795,1
-62.15811464016224,47.826467479959476,0.9299630802981523,1
70.66090516438578,-15.103617726479442,1.0354996852197635,1
-74.25670174949975,-34.738410468075834,1.116408544291214,1
-75.68382631815209,-35.67041018637942,1.0004785330247525,1
43.994310301053396,-60.05165166508839,1.3232766830774079,1
47.26169279683169,-57.202040548415255,1.1262431953843062,1
75.3659567905721,-24.2910847428593,1.0361610874015197,1
-40.423639762872064,66.91845726375334,1.446065117140575,1
-72.15580151352798,28.465270686709626,1.06702630208136,1
-40.76404231618665,-68.2084886380528,1.257319681561651,1
76.6246481832622,41.56659768084882,1.4455655049784084,1
48.19584043891924,59.68849460373689,1.0444313782538155,1
75.23183018991197,22.302395254019515,1.0872085606735058,1
-80.42433264877745,12.521443774540067,1.230380695652747,1
-0.5623845487954117,-81.54575957533542,1.2306236535068984,1
-12.62505107655814,77.65255880554099,0.9802381108089199,1
-15.339030370369489,-81.21219831409071,1.0100684054535827,1
-81.62178478454402,-13.868816153779806,1.4478989783668892,1
79.70461529324625,4.370162573885354,1.1103159028352776,1
27.84767604335247,71.68474821545695,1.075141530721996,1
21.158561503247206,-72.26010717964246,1.168512197096387,1
-68.72746768113265,-40.11522298534465,0.9483676801675771,1
-80.35262788843646,0.3608025546817487,1.162513424733906,1
-71.79741196393655,-40.668586413867835,0.9613435862616502,1
-4.430366006034306,-78.25255808143682,1.1222808536332183,1
-74.86805549121232,-19.911257876597556,1.131283508993406,1
36.50313439705458,77.24592799654535,1.3265966660071715,1
-62.22704691771459,36.35864312352265,0.9286685925115463,1
-52.25343344186949,-52.8882289140163,1.2547771049902043,1
49.36433034548774,67.45383106074148,1.5081084419235458,1
-91.68209003107248,9.585692264019944,1.1030135340161924,1
-51.392043469955105,55.79713447061809,1.1290616368532818,1
41.45310179042084,67.51150379500913,1.5608992136478046,1
-77.34876402832506,-11.675103232992857,1.0355671268271491,1
54.886803786836815,-61.05310934242908,1.1112366260963362,1
-59.66777944931633,50.63389114754621,1.0356489122144144,1
75.91814156991107,-16.565543380170087,1.0183802373218218,1
41.75973076972061,63.89116957781684,1.2256479130563005,1
35.62830279441429,-67.76441665167216,0.9280771390030307,1
72.6543290717755,33.3002651600688,1.3338806637859744,1
82.75079458726599,-0.8131968472349269,1.344334732384009,1
78.87202274906237,-2.101711399498294,0.7932032252613359,1
51.60590588959755,-52.93163373262462,0.9604104000506534,1
-79.55275256812602,-20.66333569000163,0.987615846282323,1
-81.78243367788731,-33.384848147904044,1.0450100500573078,1
-21.565955405664585,74.21410141675358,0.7907439123768656,1
40.36367807787754,-65.36033226100334,0.9011994542188793,1
43.07472334322987,-70.31466433963037,1.1624291455674864,1
50.22656405291867,65.28057590681054,1.3191302486809646,1
10.054183670386802,-81.7665398546028,1.2653133676430437,1
-1.0183177365688438,90.76344318171688,0.8363595232224265,1
84.86665418780855,-4.347703524618589,1.062050960191339,1
-3.9889963749731217,84.4171898075299,0.8199472889088997,1
65.18197601838533,37.55764698155447,0.9106996253770212,1
-45.36997177082111,-61.07978243817193,1.066509771250316,1
53.9204744183744,57.659700894166924,1.5745247312633364,1
-66.80807077090239,36.20792406444551,1.2891986008987184,1
20.16136352078206,77.35072488486325,1.094543779515824,1
-10.249040302496352,-78.43956050827438,1.0359272947936173,1
-40.13497502803406,-66.55098069145306,0.7432105184213424,1
-47.53641477960932,59.09873504322469,1.1446404779410124,1
-79.55310412889386,-27.00824583434402,1.3735730401177566,1
26.166129846403205,-74.9942255226336,1.4099450663307656,1
37.75932971629492,-67.16035066856163,1.0893112623767884,1
45.75141520391712,-58.38809122319819,1.010303088934392,1
75.52470991463203,18.042710320793944,1.033466559120356,1
-81.48973696100768,-24.798784355808344,1.6522758512376998,1
12.969294692940798,74.48195255238556,1.028154485879124,1
12.753551790407032,79.81882345544818,0.768117746598676,1
65.62480278658941,48.72418028407734,1.1094226171030421,1
65.40443035101998,-35.91905479461978,1.0243558358482436,1
74.8655200109206,6.557232901401735,0.9816594871174531,1
-80.2046063275414,-5.348544861210501,1.5301509827385051,1
-63.969831035684386,42.12829169133208,0.8727798273529414,1
-76.90229632697151,38.642675746441725,1.2165040405418028,1
-58.736839504885985,-54.88426083061615,0.9663426526321013,1
80.93360725102498,-7.6858642636996555,0.8979239318074432,1
80.89660712472588,-1.720896719313982,1.0653533724440325,1
-36.50366947369773,-73.84168807309409,1.1923118193846838,1
-53.64505870309654,-59.24319518310575,1.2606973490399462,1
-22.892982699688446,-69.40960357486202,0.9749808591081629,1
-49.2757078681288,62.33063716783963,1.047717398088729,1
48.99946720112865,-50.74387585755553,0.9811371321121863,1
40.542205713881806,65.56336915124844,1.061018941337076,1
-58.350725335874515,55.09210857885419,0.866897244008364,1
-87.28706309333802,6.548566367473488,0.8996992001208585,1
-77.04748659147037,-18.95637632689694,0.992665633447612,1
-76.63026491154824,14.734136902019593,1.087301422352359,1
61.80788296734573,-45.24742549961692,1.3394402137833241,1
-5.2334333571687655,-81.96674458043371,1.2467650069153116,1
18.16353614952551,85.83298072301328,1.286418858859563,1
-74.75227902689625,21.63852942124421,1.4244642841089532,1
77.03772717810601,21.682334575558155,1.1176920203303276,1
82.46528509283253,-21.197719775796173,1.3514665328437543,1
-78.82343272404646,21.789284048609066,1.2672990011102623,1
-72.71963621105279,-42.16227090062925,1.1598925941681384,1
-43.40769336777041,63.23998662720167,1.173418414131851,1
-80.41402762142617,-17.84580074410904,0.8604053808180054,1
-56.205227199461895,-53.833389313183694,1.4509642682481172,1
68.89692766642823,-33.386360442489064,1.2336472443926716,1
-23.900700598606594,76.28923153839447,0.896689558287509,1
-76.14989249606941,27.393515075795836,1.0202379467028777,1
78.5711376735208,17.397749036363308,0.978887180831948,1
34.29903022453417,-68.82365699378518,0.9754166986567008,1
52.24231095710112,-49.43627986077805,1.2417668503865718,1
55.99988456225888,50.58866847248843,1.4202122881586106,1
45.62291335126114,-56.182654646388464,1.025185046862638,1
-19.213685517209434,-72.2402672905398,0.8710229242607976,1
-82.61298468248702,6.5289833340779335,1.1517369259329682,1
59.39455696738157,49.63750640838041,0.9154894468881246,1
-79.07137649710994,10.750886184667367,1.0894314341817635,1
53.181469290030115,-58.0880080018573,1.423461717971136,1
61.398467015822646,45.462809855066716,1.0788733482467083,1
55.9833541876119,55.83613951116529,1.1078415365676388,1
72.11113795518003,27.327131235571354,1.2911934719628815,1
23.938300022726054,-73.42241167908283,0.9783473035151145,1
73.22403163878155,31.13977530903081,1.2456031124687472,1
61.44302929626057,53.64463021963079,0.9654369701538117,1
64.85363525977438,-52.07699285422663,0.8451559107396959,1
52.87036059702253,59.649397508635715,0.9984406866736076,1
68.38811711045479,-45.02570700145723,1.2550471255699485,1
-79.0890370220093,-10.623680422774326,1.0317104952963703,1
-45.22673586941362,63.9503538565234,1.079140785781811,1
10.245843072554214,-76.38949666937974,0.9946019121575503,1
-79.57331887304413,-33.390714387382964,1.1611393123799403,1
-20.73206057293685,-72.27881336079645,1.177190600022512,1
-54.463462122676916,-64.8334761329096,1.0833402240042629,1
-13.062767669891555,-89.29661080931437,0.8368738706213263,1
-62.64628932280251,43.96661298326359,1.2002065950181593,1
-42.93550400712645,70.90719679903151,1.1646587275773692,1
-82.45842935738057,-6.713264699620715,0.9078708069348803,1
-50.976778977566475,62.25660621340601,1.080352870474177,1
-25.844283408907735,73.79655525132986,1.0758168145590774,1
-32.46083615647146,-71.21808381231364,0.9225342836341739,1
-74.3685276229585,34.462222169497146,1.1372239544690652,1
-63.60087202977197,40.12854777604784,0.8920363257126561,1
-51.594765319488104,-57.85642104866437,1.0272652848417616,1
81.45402516062283,28.208683101506494,1.0812483433170335,1
-63.98802369154946,-52.685664965600914,1.3410898420217028,1
-84.63093234661294,9.682746935146023,1.2145148552629126,1
-77.72076083230876,9.430424667361752,0.9313350864923591,1
-75.0992258331434,28.874429548153266,0.9432694472287763,1
4.333681772584264,-84.98583908010039,1.3586267731274677,1
31.15998251739573,73.7856285047846,1.0516595202438033,1
63.60466516209172,42.331198641166004,1.1169238868213704,1
49.520096885894105,57.73994583175955,1.0053630053603526,1
-69.48466415361379,-43.76851481758463,0.7876280340139097,1
-12.147317217157886,-75.79601556318033,1.0257889926114907,1
-6.704048262810263,82.53664780136396,1.0558354054968493,1
-11.919338808469732,82.70587855885056,1.2900792009341993,1
-27.149171479277204,72.89513749129296,0.9403385864664519,1
-58.88182474558764,-57.12436851708233,1.3207607887683472,1
4.618224624968893,81.51459960684524,1.247715810204842,1
-85.49482387697685,-6.235237833144613,0.911999360960356,1
37.39842090876344,67.49687815357795,1.0472590723789148,1
-83.59354633066924,19.937721296414967,1.4056281265816266,1
25.421952974467118,-72.78367802296799,0.8970614714828009,1
-81.13365930092398,15.154042407364779,1.2003120316312503,1
39.781330094882456,-66.86430922578194,0.9525396428679298,1
75.76161086137168,20.31106146061295,1.0633126416916883,1
25.036030336098932,72.0309887125429,0.8361549602405424,1
-77.2639243021068,28.643048476648843,1.153604435605873,1
58.872138952583434,47.641221536736744,0.8743983876167385,1
65.71789541194336,-40.82117869597603,0.8496610830544912,1
78.52619512606115,5.833975161762146,0.817814194596283,1
80.5425239698479,-16.691865556065533,0.8400029942842012,1
-33.75838491039808,-67.5610044374073,0.8328578493793293,1
32.29660878675427,-72.11742417028881,1.0750757468308514,1
-24.55591255637226,-73.33696610297987,1.3978042052899,1
80.16851125298105,17.87879862840068,0.9750901281206827,1
62.25771311469148,-40.18871779464235,0.9691660471895766,1
53.9209923167782,-51.44854533680128,0.9761802800868578,1
-55.64469021810759,-50.4078031070893,1.4089587630983502,1
-14.86126733125924,-79.62342693581654,0.8616822199695654,1
45.954348362557354,66.38789885189874,1.3040173473153196,1
-67.26909581877979,40.13653841365234,1.231878397883505,1
-42.01450801228098,-62.19286562306053,0.94748081225373,1
2.4217263491999423,-78.32809063338871,1.1355323285888492,1
23.805596172892656,76.81341174523646,0.8781974633155533,1
74.32152834280916,8.570281434214552,0.9337219629426261,1
-72.80890783225597,-37.301221790241655,0.8052183864530679,1
-40.642354257505424,71.99561047867483,1.3255470995073877,1
69.14116324190508,34.053589539309925,1.039428080395782,1
-62.59314657361464,-47.11361757940213,1.0684134089078297,1
-37.179563883464326,-69.22053980393507,0.8894616397181179,1
81.21022604694568,-23.38261375461509,1.2945372936304094,1
53.64356194578464,-53.64356194578467,1.2039455596990212,1
-14.158127978777857,78.3278118093315,1.0738364951883335,1
-27.698242434672554,-75.67084100979137,0.9669254342889751,1
49.43184895221181,60.791432542244095,0.9659187839056975,1
-5.55218162830766,-78.8835918026376,0.7262113068536027,1
75.63750818699043,49.93760551570425,0.8670978994015213,1
81.37142036520885,0.5483249350755314,1.048875158682126,1
-28.42356465882109,-74.24686281973504,1.0119699300557141,1
-59.729370886921565,-51.89317344742035,0.9436247338011615,1
63.046616064370895,49.18643619288184,1.0703547375047764,1
76.06833492169264,13.86478764405272,0.8530554727362728,1
-34.57475933474358,-72.98048221588157,1.0877568429060223,1
77.44341992121323,-24.302900499036028,1.04126569825441,1
-50.0991437822916,-68.21371078029162,0.7803259156184076,1
42.79324287495043,65.43361927411756,1.105537338482637,1
74.1110661574864,28.64650464045277,1.4385103211283037,1
-4.708283442515222,83.0153507419877,1.1402727604795886,1
46.333884280065554,-61.2961763266357,1.1002488596033995,1
74.73726181274799,-26.310426292376864,0.9477719199825061,1
45.968777414205185,-63.67114331815477,0.9533216475178019,1
-84.36703104947432,-13.71809292116239,1.1765491503639816,1
-21.868724883158915,86.82896070801921,0.9394920856329155,1
-63.348763070611966,48.916850779423996,0.9292690719791457,1
16.318150067847817,-80.67293875560493,1.169491503766271,1
-52.257231363497716,61.63918290568803,0.9653213177830162,1
-81.30562137299978,18.602315083105307,1.2983737554579218,1
56.41704066687347,-49.67983773281419,1.0172945180848332,1
16.051064503412995,83.41886027056476,1.0824854745576655,1
34.181071246904466,66.62962000987284,1.0398005512607682,1
27.272115627985272,-73.419142163942,1.0829045306279697,1
-87.02525969576544,-1.2428698528378805,1.2200531839255127,1
-43.844834956970935,-65.94222811047125,1.2457208851013843,1
15.65323393605095,-92.5341616750623,0.8805903303188951,1
30.16309357139305,-72.17418345420859,1.0983689874196543,1
-69.72604317265233,51.7827624400854,0.9679644538805535,1
38.73213633035955,81.64750418696657,1.0593885974068635,1
-74.03699216028349,-36.58661080309384,0.8758346460956163,1
20.062667075027356,-85.77874773346872,1.1626565480766693,1
81.00980237441283,7.887032141765432,1.3129225520316188,1
47.41074554535559,-59.442561263584395,1.0305351299645336,1
34.97186202456671,71.69616504464302,1.0772668543827395,1
-72.5812121407082,33.74995926913882,0.8904053943032402,1
42.55460025748555,-61.56217905218747,0.9225044503718755,1
-10.03864194501414,77.23245150044514,0.8482713261587551,1
-77.87440146250353,19.85685528859863,0.9579550354698013,1
-49.14204302925775,66.6924839005048,1.130057431279746,1
-7.59701184772779,-77.44999324710825,1.0189733315553473,1
-69.39779423192685,29.23802837480302,0.9653663688505111,1
11.243620382983735,79.7915482665595,0.9967893949445144,1
-7.123428311068715,-80.87201304824792,1.4088252922445055,1
64.37856952010617,44.05167097453367,1.0260792704752406,1
84.22271002760161,0.7798399076629716,0.8763405588335353,1
5.831910677253201,-77.47881331851461,0.9958983928236587,1
8.495869875504635,-86.01734920720445,1.3751923939792503,1
-76.33466417587219,23.593638634964293,1.146487616587842,1
68.35382487359149,-39.614367617149156,0.726768658214366,1
19.440557590322133,-77.90647972426255,1.0974901233860306,1
16.114981249798774,19.927694783316454,0.87299143462451,1
70.13859240951868,36.664660658717175,0.9882828708741063,1
-83.20215423007328,5.162460613228126,0.9451611600357082,1
-50.538639273110235,-56.72499785489953,0.7942026419049355,1
58.32721439246165,55.57498718587187,1.4097788983775965,1
-82.25795580645702,13.388343960970277,1.192471127476534,1
82.68667153838004,-24.439625677652256,0.9603059907385548,1
7.085765869083723,93.08127966193162,1.6586657057781353,1
-64.34097009598672,-46.890659590763924,1.1015935242918438,1
-8.88793898786414,-75.50070277059332,1.1919632701163483,1
-66.67881873345924,47.37527439052591,1.408686573718817,1
-4.9634259871759685,-91.83470589050215,1.306122660517,1
-34.56868266013843,75.52546949895768,1.179080618487687,1
-52.62903176073224,59.66114027172407,0.9205374330317382,1
65.4480642506154,39.121305571919564,0.8232292239353851,1
48.194106293572034,-60.95284421144382,0.8132079163016402,1
-15.503150929747616,82.1794630349322,1.52215821615415,1
-65.45158232538684,-51.30892174431088,1.0838510131866188,1
73.14712657710241,42.413078787598984,1.0408351834502272,1
60.854098249109875,52.33915795862092,0.8815903826656728,1
-19.925110630456007,-80.83359355112887,1.386126694641446,1
88.53769155750214,-5.586200154891956,0.8179773885129367,1
-97.97396008477673,-10.250419781482622,1.374300413646381,1
83.23904832589034,23.285057502670696,1.1315358497221937,1
29.47831178912067,83.57425619133835,1.1978759836749564,1
-0.3599944862502078,-66.8176432738606,0.9743516821814461,1
39.07929888929524,-68.55628331115786,1.0306165537737,1
80.45441218807302,-9.729895419359346,1.1189727113160288,1
-81.02346078234888,-1.5171697451714026,0.9118872963617696,1
-19.486713883149893,82.3380969174161,1.0651067944622008,1
-66.30791370724641,-46.49795449440506,1.1661731885380278,1
-57.94575166617344,-52.658574913704335,1.3892834285618838,1
57.46624364468325,-53.616778794357096,1.1925442592198348,1
-57.3439422211738,-58.44300231081972,1.0411381344852753,1
62.89130341049182,-43.283203732190785,0.9097834520596426,1
5.157577571134706,83.96824927851029,1.1601629267817677,1
9.97830870862724,82.73801481878172,0.7605740459068833,1
46.76789907782686,-71.36499242914182,0.9081773979062626,1
-12.482080426819929,-78.22072788112405,1.0660378069046106,1
-0.3556702281571122,-79.54479969345915,0.891070847497392,1
77.15043739560699,13.037024812034907,1.0121743827389413,1
-86.0390802176514,-29.033863769065498,1.1750391033175551,1
-81.38783281224511,34.42316800575401,1.450649811992851,1
59.428973371469766,-46.72474467163358,1.1200101191262035,1
-31.697949290279396,-75.97808268082616,1.144352502720033,1
-85.28688766783132,-2.9418700932260227,1.0941021630604757,1
70.65940557084829,33.26173445885357,0.9185606970986707,1
-86.48368873131878,-38.63215496861298,1.03868212684698,1
-81.10683182510891,-11.293752948476337,1.1988486075574538,1
54.01420652369713,55.21666153659986,1.193308569769818,1
-84.4589115380957,-4.752952843819549,1.0415731195527782,1
78.811178096926,30.17980442655724,1.3482499065535438,1
78.99367671449251,-29.30300136100849,1.428462188493197,1
-82.2959484271686,-29.03176867677626,1.2652534145340046,1
23.41504137039684,80.61629859747624,1.2669101900826032,1
-50.34364997890473,67.89664429151814,0.913052890683466,1
-73.59791678428361,29.443423252293,1.0368601719998698,1
-18.888836620608284,-78.87802151758285,1.3576517605317497,1
36.64758284220648,-66.09707773361447,0.8428760758058456,1
-23.353420091978812,-71.33086150480115,1.3588367236307024,1
89.48662940432672,14.27274139574893,1.008964268274112,1
42.792951880258684,-74.68550450323504,1.227542034058127,1
-52.53285196166061,57.568896040691996,1.1804617135820898,1
36.98366543460998,-68.7960477548182,0.9695549769659292,1
-68.42908127931092,-42.49483172745703,1.172702847682006,1
-84.31090620763493,-11.841497645525342,1.0848221785765217,1
76.69850343082135,27.603163431152076,0.8168403870501396,1
-14.688841689337668,79.9927748141618,0.9364644333906254,1
66.15970213151067,43.78957321230377,0.9779652512030288,1
-48.47819083136354,-65.17734839695527,1.0006210379468465,1
83.50135811301337,4.052382377320108,0.9942346385841611,1
-58.374186388691236,61.24816535874233,1.0837873154522886,1
-81.71608175297061,1.9040734009216165,1.04516768736116,1
16.807742569148072,74.58285767356855,1.0023942812334754,1
-70.56158593086266,36.60594340086125,0.9016697056792987,1
47.84767741151408,61.66787599491227,1.036884072984525,1
-4.2772193377112755,86.10723873952874,1.0488617564511817,1
81.35067889885184,-4.167710814368855,1.1909897757849968,1
-51.18221608262174,-59.25042584159027,1.0073949791471177,1
-7.371053770086785,87.44999393118903,0.8220668312666016,1
73.66068997949732,-34.684899061962234,1.092041970358562,1
71.1186144363362,-34.05234617211019,1.146025569830723,1
-62.6880261586313,52.36621164693159,1.1878365906744426,1
82.69661575451747,1.4892320925749019,0.8584899726386966,1
-78.56760472316896,-21.712717948583986,0.8560832453806636,1
-80.83876185684976,27.03254771255744,1.1516883202084396,1
79.27097980871692,-24.886261261131953,1.091947290930719,1
-60.63255282079654,40.79537516961953,0.8920363257126561,1
-69.52506126594768,44.807674076782234,1.215695446809129,1
-69.66238277202679,42.70220310710669,1.1232740658602494,1
-70.00779596321163,-45.05810057851238,0.9494003376972036,1
-23.938300022726054,72.79116581724496,1.0964108171989497,1
76.12789221055911,4.6054321077545834,1.142956600744617,1
-21.451927330112273,-74.57978701352872,1.4183032681321184,1
13.11878088822789,-78.7377516121136,1.064175005296417,1
-15.276506762612266,-74.23240378193339,0.9714433456680476,1
65.45363453567016,42.28124870797022,1.0316998816353469,1
-26.963906264076428,78.41333421646735,1.2297530633540978,1
-64.0085434414702,47.24482740888695,1.0160785724336465,1
-30.706196364229754,72.0856159218383,0.7594792464979361,1
40.156184959588636,69.37344412868757,1.0608015609795822,1
-22.317635189990494,77.45049191321064,1.093028553530064,1
60.09641288427824,46.692218185688986,0.9487087893065791,1
61.77772046635786,47.42594028118334,1.0064549630828015,1
-54.62778553179159,59.170352993928475,1.351873315394092,1
35.888504587827356,67.11642939526516,0.9496790121583821,1
25.589217265672684,76.94052271250986,0.8103425926945139,1
80.75520758102874,-28.48156377049474,1.0337159861798817,1
-43.92866051290828,75.82202387942854,1.2323746558382016,1
4.804370859709408,-81.99566721437176,0.9375022042759672,1
-11.797152645710144,85.36135925448185,1.3729337398114483,1
32.96216181139766,-70.13963683796646,1.1196031469761165,1
79.48852475958184,-18.19645018830465,1.2521112735927284,1
-14.062184620679918,-78.73319410615973,0.8747119909695871,1
18.997203984400393,-75.52926742058592,1.1535085804126501,1
-45.88358481925039,-73.18617318312336,1.0903427048146002,1
74.29238150240649,3.5238530046847405,0.9582720256047698,1
10.998527840575345,91.89020740544512,0.966688760309404,1
-56.4730495770392,58.46549769277155,0.9564186521188847,1
-71.33968512444602,57.45400891143804,1.0154003802481733,1
-47.44331144369447,68.17670817242802,0.8172145699139011,1
-36.33261275297841,72.61702111606009,1.1660773573545795,1
-45.67912259135893,-69.85973001396599,0.9858810457732423,1
78.80727058352939,-11.869071942189331,1.1593990539468224,1
82.75662395534653,-2.8418169392618995,1.0021292818979552,1
64.05509510942764,-45.180184201456186,1.1999699947562754,1
58.63719713868945,52.86399455695996,1.1516677860772992,1
-63.21062605591218,-60.12638343973577,1.0076656263091228,1
-89.83193023807691,13.164914009720162,0.9785737571375893,1
67.25679444246757,44.96759196884085,1.2506869040014943,1
-27.95501898963475,74.15645770033345,0.9201982446520445,1
-71.66507860808528,41.712311317207224,1.3412898702919538,1
-78.87288934483578,14.472257740664501,1.3564187513434613,1
-79.1065694819928,-36.78570523926762,1.1666007436322634,1
-81.54201034501013,-37.00758133239936,0.8953952005155084,1
22.291087156539973,76.98929700652357,0.953590909815915,1
22.502210907052053,-85.35069275118556,1.0031794432505636,1
74.6689382264861,-29.743123395555735,1.1104550067358585,1
-4.106638400580515,-80.16815740935108,1.2621566912726068,1
-73.87242411027111,27.484134602881166,0.996565869578441,1
-38.901975597889326,-69.37093750041294,1.0963518545425721,1
-34.96746443110246,-70.04593668579572,0.8649838532471603,1
73.71053770086786,-24.815619918846902,1.0361610874015197,1
62.98530197079049,52.72692575686307,0.9167482802057599,1
38.90027775854073,66.08422921962523,1.123625999799058,1
44.182741469836785,-64.58213811937925,1.084999602937836,1
29.21374412715062,-75.70737684866837,1.333191945913904,1
14.424506344012928,82.60479541397613,0.9514009284431443,1
24.745991355662696,-78.07590046970093,0.9402816446422981,1
31.440696742377447,68.3114498517753,0.9562294930055364,1
-47.11698269440088,-67.60594424355862,1.5132176600641185,1
-71.36484635523306,34.97885819598713,0.9709200160129712,1
-62.8229855026146,-56.37701887089193,1.4262186690210883,1
-31.251388013961986,79.36298446016075,1.2753308900279687,1
-80.89516099302897,10.026513098524001,1.2598576204408052,1
68.89902636095432,-48.59022176853584,1.0166797197535147,1
22.183660230484353,-80.60775885899162,1.0172430677273898,1
-50.96214008827171,60.35005979302067,0.9739189893778248,1
26.310644639787526,71.01367424468002,1.067916401276568,1
-39.19943424541452,83.60581904313077,1.2537473394810654,1
-65.19238816660307,48.68874760643256,1.031166624204319,1
24.39405061811352,83.86950331617632,0.8315766804637278,1
-85.82227874861614,7.73018668761204,1.1252701205694953,1
50.59830321525205,70.06026027593646,1.3149366567674485,1
8.468822670717607,-83.456072418932,1.250955189476472,1
65.02695070047743,-39.22873249797516,1.0373316830085988,1
-60.588786295366454,52.692907230278834,0.9184211187241426,1
-49.372903658369594,59.16921620106016,0.9922939232549935,1
-74.68213100687888,42.465361287674114,1.084186337242413,1
14.581590872996896,79.38409561222782,1.1470881937552622,1
-61.04448438492495,-57.23602658701787,0.8282155365388952,1
3.3917813841100726,83.27489121125677,1.1504646611624014,1
0.19031807270345957,85.33212513433644,1.0805512111439468,1
57.85951960876514,59.39074253305062,0.9824745453964024,1
37.73669185831385,71.89845434399918,0.9588025190937094,1
-23.04531369988876,-80.54109974923733,0.8629581000440611,1
-29.613834147706346,77.92051883396357,1.377025089416825,1
28.83183701260269,-73.98481708203785,1.1944265433628969,1
23.194397437996848,78.52619512606115,0.8513396335603365,1
-52.07938011925008,-56.284945335575436,0.9934746204257947,1
48.808117309673094,-58.06231791277023,0.9115927418784665,1
-84.70662854173176,4.104603799708263,1.2055029613672277,1
75.62041753966342,-21.329127864132882,0.7194449236379145,1
45.530279393035876,-72.66015843985606,0.9415519406997834,1
59.69674493160096,-51.94847842046379,1.3362414267665852,1
-80.60129180977947,-38.226081188122755,1.1138911242415201,1
44.38189388117008,65.37344833918452,0.9702726338688463,1
50.42898423303274,62.95416805610955,1.1436288169898607,1
6.474150840570381,-84.13654468066117,1.132697478856512,1
-17.917750259399384,-75.99725576344211,1.0295557259550199,1
86.00583423205501,-10.487960576353807,0.9672304112790684,1
67.29103284872507,52.64516192980968,1.1451699931688166,1
10.550219363045109,81.52360851045431,1.09287473852139,1
8.354233949591604,-81.28995494628333,0.8845102697637779,1
5.460090285174473,-80.28839347481123,1.0020337685651488,1
-26.244931360551384,-77.86814068882963,1.375632272925292,1
-49.004582769036055,-61.92829180358705,0.960261791662541,1
-70.90972874678364,-42.67766732769892,1.0875556421642572,1
-79.70304262624535,16.721686274035335,1.2805998260573273,1
-44.06095478295826,65.6249208011033,1.2411733194378658,1
-25.00361703944423,75.06212306031378,0.936909418141957,1
-82.38269956223843,-20.64698811429751,1.1779351593323668,1
78.82381835916564,-16.225597639246065,1.0544454571494812,1
76.28562611416383,25.589927694092495,1.2320007075200419,1
56.79321949041525,-64.45781687449315,1.419792420166814,1
81.98017294619063,-17.797060749880103,1.081721387159683,1
-51.005636866241495,-62.96097917948154,1.0751972511536756,1
5.303085443516211,80.17293872140091,0.8279913366096981,1
-70.32366867089769,30.93561657919597,1.0847171402463007,1
38.62932138882429,75.6547639613448,1.188597992745903,1
-69.20351717908497,-38.431849180816336,1.162115364466314,1
83.73928886035138,-14.69242258687286,1.1546902641354944,1
78.05640447200938,-26.160843759565545,0.7976908395912057,1
-90.13774138298088,-25.176329841293818,1.3140846405143707,1
-81.82470231153795,23.158460115063082,0.973984389976262,1
-82.56206879565858,11.275351113920527,1.0513158908296816,1
86.51376827061438,-3.6446375113134657,1.0209669359496962,1
78.41161203970705,-10.176299422251958,0.9194589730078464,1
-84.04040978944663,-25.818271228699306,0.9558301146153229,1
-32.800623544810335,75.7865133122046,0.9924607492585898,1
-81.87809553169676,-18.870019925972148,0.9558361480567146,1
53.18512890842064,-68.32686309619164,1.1023741672324485,1
85.88102071672732,-14.060941664510674,1.546966843842435,1
-67.17763776011081,-48.18992857978098,0.8411032601043477,1
79.44221181812675,15.799431482036416,1.044685656508536,1
21.22278605854246,-77.38054321870143,1.0923415342283793,1
-59.12436575684866,53.545660503774535,0.969483330668189,1
-64.47563992878064,50.73341903492128,1.1635544645402451,1
31.396256383363465,-74.2065183396202,1.3568158134936645,1
-8.678250920502782,81.97434042369017,1.1746525293851862,1
32.53510662386793,78.48376911981988,1.2962900541050804,1
-8.743709216801076,77.29999252795896,0.7817893610021539,1
-79.0567058178543,-23.593638634964293,1.159400291948558,1
-62.5851366712333,50.40113280775907,1.1116656258595439,1
45.95485170156832,64.34276054475431,0.9630981343003697,1
8.522536133745401,82.41793766986729,1.0013098201547646,1
38.702340560302666,-72.37471371617909,1.3800846450681654,1
19.277538074584037,-83.71355115931719,0.8449996263543028,1
49.41327216163895,-61.81018373725965,0.9658865414304443,1
51.2194559494067,60.42823293866587,1.1124875643390237,1
-80.79133915976216,-22.308991644215904,1.2417370015772191,1
46.738590808769644,60.41475467515637,0.7633382331223975,1
-71.71708042819256,-52.88679973096456,0.9140584113228605,1
-88.3540891747889,2.0759439619898488,1.062495937536471,1
85.95944533216735,1.7859726456745877,1.0430040053951144,1
-88.25259702296992,8.22366891638554,1.275870584139427,1
48.720937990591,-56.13528057134161,0.8722749375905209,1
-50.562273196842455,-61.01401787766995,1.0630539084768813,1
68.85252119815972,-40.994766055101536,0.9569431560103773,1
27.1076978072595,-80.4139096069123,1.1200035082319844,1
-14.12902804133674,-84.57642312857733,0.9768231634195232,1
36.94327730639986,-71.45365069918721,1.2011726113272354,1
82.30618382595668,-6.198682837472902,1.0369665594304602,1
-77.6822669924996,-20.345466162421612,1.0360378931882182,1
77.85766465880647,4.637262308067351,0.817814194596283,1
-82.70082857514709,-11.92183100821948,0.9918569867898275,1
-68.6669655986091,-46.91789611444063,1.2653075046228535,1
-42.75980885006404,-67.25937563863138,0.9622153380095761,1
83.35931584411763,-22.859057293371045,0.9019272865271529,1
45.67224165099721,-59.90841576368091,0.8171650555664266,1
-92.21366809620974,13.589094548617375,1.3230216584170944,1
-17.81015507668789,81.19792053500582,1.1549627555451023,1
-7.352776272250944,-82.93226065658787,1.0455551555393918,1
-27.209449921119496,75.27404708716892,0.7215891299571278,1
-67.12472005209082,-52.66983033505206,0.9995834760859849,1
41.98184588627821,-66.02458875378055,1.1543322905167062,1
77.505969365172,-21.47003850740062,1.387981382756033,1
-64.69189805443507,45.892185994702544,0.8727798273529414,1
62.248507776230234,51.085427610716025,1.2169269822910254,1
-34.407765241013614,-75.11128793618605,1.2447945271174428,1
-77.30405271015995,-37.41960078671973,1.1931232809943346,1
-83.54185559084372,-15.259946455692766,0.9117920143408643,1
-49.4607069304853,-79.9511688940296,1.1415949943674146,1
15.97425825894229,-78.78508570903804,1.0617926237206157,1
73.30568425256399,-37.65219524103619,0.9469906189195346,1
82.48035762886299,-11.03653684447825,1.0476748278832133,1
-12.742027062707596,79.60111414625071,1.056369844282221,1
80.21456226689263,21.647929873749497,1.0356345393849118,1
-40.49933372683984,-70.63937784283395,1.075915248257621,1
11.67780944435547,-80.12195412217459,1.0695682102758426,1
43.88023701214838,-66.87570299066661,1.32892115041725,1
-66.37864999757218,51.785373511204824,0.8695327553942996,1
63.02695623476596,45.9523942228677,1.0400178299815663,1
-19.885448239361985,-76.47046921195911,1.3415149690560986,1
-1.374847629418825,85.50640753794292,1.171870854029794,1
-44.53079621800986,70.00576835692276,1.003318019620209,1
0.678381144165997,-82.83212815143727,1.1328221676403933,1
-70.2912632737946,27.678582605067596,1.0217781702418713,1
-70.88535874966915,29.317106528705086,0.7384044427297466,1
81.90326503321904,16.43469200581118,1.2743905042142687,1
75.47039963534836,-27.860128844075817,1.0195383204170443,1
67.34720379045352,-42.35833162321298,1.1798837099309991,1
-26.119066621655037,76.41038523833498,1.0978396460424054,1
-65.92110999680219,45.09681356140618,0.9191725136708939,1
-53.72113637966828,60.81642906724621,1.0412618900455375,1
-29.266491919313495,-72.81755137803056,0.9383551526032665,1
-80.5170778949388,21.69069000314025,1.1138137527380378,1
-76.742403544887,25.462066158093844,0.9165806856469766,1
3.067635555143639,88.17661772270411,1.308935288310524,1
-80.74080167140441,-35.20660253086609,1.3112012846287058,1
78.45746499595032,7.561661961803509,0.9763197995647794,1
79.81185285401709,6.262527737747455,0.8450696051381371,1
61.785691670434126,-50.04496826796892,1.4035872896401749,1
-75.08088926130031,30.890507266776154,1.4220322747649299,1
59.85326994163902,53.446328071682196,0.7503047712724437,1
-23.444136162870237,74.52205860477963,0.908201148198865,1
86.58472513254236,-6.152257419108076,1.3405949450402044,1
57.054940088257936,52.158270900606716,0.9479732146594804,1
-42.77123245718257,67.09458682330077,1.302799064488762,1
-86.67058920204595,15.161184454838441,1.143571122397899,1
-71.19788387749976,39.74612628286693,1.225868724240025,1
-54.38623771623626,65.7230337764992,1.151993688333649,1
10.093356519180825,-79.40162831272798,0.8268001956322317,1
18.363699958441064,78.37802959288099,1.1941878485523996,1
82.60005641442234,-8.64786754747695,1.5190647484202706,1
2.023207107380732,-84.17411213248123,1.024567067790446,1
4.950590842396226,-83.29316870909261,0.7816827994662348,1
54.381546165989626,-64.12299173524187,1.023515857186176,1
-86.42496201174171,-23.046331000324887,1.2640157276662314,1
68.97813050859578,43.49611429234695,1.3021316085395087,1
-84.47337285506471,-30.306099928086738,1.4592186916993006,1
79.0909895393331,13.918654398927083,1.222535859337579,1
-74.65017516103856,-45.02182895490013,0.9867513312220816,1
78.73677500369489,23.043075638929274,1.1871122323984724,1
-87.3807086074008,3.7475857936912664,1.2035861932213445,1
80.40706476510778,29.466807939551092,0.8757862052728946,1
75.759292485239,11.783517634421,1.025064418326047,1
47.2451225378047,63.33574788533983,1.0683767987160628,1
57.69034120903652,-51.17602237903616,1.3134633621637732,1
-25.61620629635659,81.41170546247969,1.0298118916226102,1
-6.559010651951108,-78.54937469935345,0.8386708832765309,1
-61.13039704756352,51.26054821620396,0.7900554160892139,1
34.83453717411445,79.11450543763387,1.172726421298024,1
68.10867111925948,46.73966507803021,1.0883692188440566,1
-86.11686969550674,-11.211249669835437,1.0373834077477182,1
5.702579324785526,85.98988296121645,0.943934930682853,1
-76.22361685708799,-39.01247437232072,1.062539707315603,1
-82.56167217726069,-31.57241094520983,1.2711020500790633,1
70.88792055529578,-32.24800922749336,1.0101838352000043,1
66.14541386949031,-44.81090917249048,1.350971977681342,1
51.427656767846045,-60.27093350877541,1.39553880546826,1
-57.44052628965784,-64.74165082776486,1.071546866616744,1
-79.11993103995992,27.298375543243328,0.9497660960320955,1
67.48614585545002,42.03904842895571,1.0160129172259031,1
31.11297375967427,75.88267402262323,1.5270824495087159,1
-9.07677949669159,-77.45202854357056,0.9651801282917091,1
23.18287780297424,-76.72514449656491,1.2418510729472512,1
32.58115431365375,-77.19913760208556,0.7748821758824176,1
5.236673417218251,89.07249081982246,0.9399095637563549,1
2.052842121465054,84.35236321422043,1.123253615956237,1
52.048996746224276,64.18563510139215,1.0424971687226041,1
-42.491948572930546,73.6523275832517,1.5044521481867092,1
-8.338716726939124,-84.51514999297522,1.3528173258207075,1
-87.55873736369139,-6.778954995656475,1.1649728493731808,1
-23.436974367799856,-75.09858310794478,0.916577210077818,1
-13.435527552022167,92.10354932304149,1.0296870407489624,1
-48.96643842572645,60.78573565980176,0.9673253119530577,1
-6.2404599753834376,88.53619951686244,0.991564749960001,1
-41.958172174795585,-69.87226315533914,0.9447785971883924,1
-35.14897889236885,-79.70645736037852,1.333976152422795,1
-28.55407694558228,-77.78067536179994,1.1736751086755874,1
47.31164459586221,67.86599644783641,1.1739933866147272,1
-88.84268524411978,-5.16739978224217,1.3327636562512983,1
-84.03816692234336,1.3589083205381491,1.5885034581766948,1
65.22199475716754,55.64951244046354,1.0548725222947408,1
-71.20752475547911,43.88527656200121,1.0612046411231784,1
56.402617607356724,53.91687790168096,1.2395140786597312,1
28.956114077941926,75.19201197999921,1.093631186310373,1
20.14493590045114,79.3904877426185,0.9908403432618726,1
75.70017389385622,-35.91919985412641,1.1623187087493203,1
76.27007711478645,-32.437188719918325,1.0391250971100485,1
13.289605977463278,-83.73928886035135,1.0489876905810256,1
-1.194826144240773,-85.81302641072861,0.9604344949553619,1
14.453918155692003,77.78417298264827,0.9504774864049756,1
-55.290435211572266,-55.786940427508775,1.033192800760737,1
-83.47072154521231,22.59383576633306,1.1754134939885168,1
-83.7046735175112,-10.502772470703887,0.8222921224663896,1
59.26170566882613,57.73767567785044,1.0266084899949268,1
-57.017149702080665,53.512191890484594,1.0754394685129312,1
-9.548898792141605,-82.84406447655456,0.912438574658367,1
21.853241048828437,79.76205107524692,0.9691046276763385,1
-51.95833933049312,63.719168208221284,0.9098392638439637,1
80.62228032404074,-11.445036826667446,0.9843007835381539,1
89.5231843999984,2.6267375461237266,0.9562333469068232,1
56.74243526898392,-56.132125776030286,1.1851467042581827,1
-66.00407997698812,42.07261621319285,1.0760647840127735,1
54.20433246193058,62.82312312142182,1.5805597518329102,1
-88.67387417588576,5.833607620959414,1.17535416135307,1
-27.081226243994156,80.04820986254306,0.8036921651051446,1
-87.11577682790488,-3.248172472542681,1.0350135707326316,1
82.78986710845443,-30.889112481567683,0.8770885759385506,1
-92.44236191149577,7.780991935833721,1.1935026017439119,1
-72.30548303049882,30.799299700144633,1.213598684163875,1
-2.7322248193477847,-87.59754318644572,1.4993391687163815,1
4.168375371989316,-87.23213844437919,1.303736014596334,1
33.096846315706195,-75.66089091343288,1.1278685557719186,1
-83.9451904686246,-21.306340334363504,0.7521928610538766,1
12.759546507637795,81.44116123252724,1.1067248654644684,1
85.81073276394135,4.14183460202263,1.328858217232395,1
0.05196668374235974,-87.27040318590295,1.3177276890258696,1
-82.2487402613297,-16.84852982322997,1.336414950287899,1
-60.6684901437303,-55.602675259677675,1.15393213374256,1
45.83509057289154,-65.3979316851228,0.9507804446604047,1
80.07391887048801,-13.416888521262077,0.8938418149434603,1
78.29035644430823,11.666265761511772,1.1837530040601094,1
41.98602360006926,69.61677988888637,1.0298931141889605,1
42.306638844498785,72.88167442691646,0.9958771836626279,1
15.427700214097941,-88.39843443113372,1.1342358437702171,1
-33.954651114731284,79.00282601245786,1.2210884571458807,1
72.17739708020174,40.48975933767414,1.1552669990146018,1
15.367023894751714,-82.99376588740057,1.2330349447564335,1
-77.91710168756676,30.233635296061617,1.155404198961769,1
-70.26784042992934,-47.75518523839967,1.1596098865629496,1
77.99973287623509,26.532115367778996,1.005920369945436,1
-32.958245204718544,73.83195250792029,1.1561103935371908,1
14.152005467187532,80.93276041714843,0.7478471847298299,1
-39.84464687402736,74.07802731041645,1.226122451545369,1
55.71566220298145,59.097939288216885,1.2586702252215027,1
75.8963448023056,38.99986643811757,0.9853951577784806,1
-80.12258234981233,-31.726752161758085,1.0735664845067858,1
88.33775811178752,-25.160281306608667,0.9635925532295737,1
78.76018856450189,-33.548327192542125,1.1611632988424598,1
-37.76299223569094,74.32577686530853,1.0676272191579146,1
75.63382196893951,-30.956859191692857,0.8269874048650805,1
-43.82261085513544,-70.20969388461637,1.0602099953954807,1
70.26218310917065,39.36798962434357,0.8980166049310584,1
-78.01648409578375,26.2731778415027,1.0975592386442425,1
25.27694618641197,-76.40149648558808,1.0427410288095322,1
-19.615465647353655,80.37261694963769,1.080860678315572,1
-15.415763888980653,-84.06156963851821,0.8138903359449237,1
-85.23319455081224,23.47222382791185,1.1207130677656647,1
-0.6712193490956415,87.46183078693034,0.9470960753502713,1
19.33177938217776,82.90554781159267,1.0307769972986083,1
9.745770731765328,84.56361147295141,1.416980154532653,1
38.47674401558586,-70.10203741384697,0.963934202282057,1
-54.02679156213604,67.7371529999838,1.0663748736902317,1
31.71720310166425,71.68956865444662,1.1207270727838385,1
12.095218668704762,83.38372679921044,1.3058877961117736,1
-90.98132256068075,16.933666566396088,1.0609412708188912,1
39.40048295382951,70.88187732150998,1.0882279421787426,1
70.4613207998774,-37.24348290446741,1.0151743266614446,1
70.40376118764517,-41.155122746071214,1.0745889923927436,1
-87.78359666479801,-28.543615107685362,1.0615795726643074,1
1.9819851473826569,90.21238573035357,1.31594642520898,1
88.36194487584098,-30.970051972085656,1.2773583746243415,1
-50.39325483318162,72.94288279176212,1.006458903117612,1
-1.2554383985651831,-83.82122465141072,1.1350979489982616,1
35.04832340770344,-72.29196803012405,0.8480582301510541,1
-80.65374881753178,-19.790427044467616,0.9189958141633774,1
36.48913524252549,-73.68454986360882,1.2948444372068875,1
48.916512045873375,63.00782775190706,0.9300060093678385,1
-51.315040135217686,-67.12132944379665,1.2240813418741636,1
-85.89931327921799,-7.895879065087652,1.0330666509765152,1
64.16467057400435,54.05293211414292,0.9842980935103744,1
-62.40721082495369,-53.74759345743941,1.1298969535599823,1
51.02717248029004,-65.22275582409111,1.3798871334887595,1
-79.73584541601213,23.462040650546168,1.010573243179171,1
65.06210389700357,52.31454010517533,1.3069965222831288,1
73.44691344122927,-44.844301165026195,1.6634543012205132,1
-72.75374629467632,35.5872852408294,1.087192715224682,1
-55.30929779892317,-58.00119859820081,0.9758496176924474,1
-5.077201148104642,89.64776979341013,1.021160947902099,1
-55.13063035536911,63.968393984257496,1.1533897642077595,1
71.27543006994236,43.56628925146707,0.9456513117302081,1
-34.352743687562,73.07418236805233,0.9528761936249593,1
83.23796320542517,-4.722308624528033,1.0671952690895068,1
76.48871737191719,29.948985739601632,1.3892233057562011,1
63.33414107234329,57.24860465004469,1.492638521391165,1
34.578137060787405,75.69750726803211,1.3851239625682221,1
77.27842132603129,-27.698242434672554,1.029494566602699,1
6.6749085184125505,81.82119842255193,1.1568215425012478,1
-11.026799664721104,94.36509556523592,1.0255010676602978,1
-13.519841412168827,81.37199005345312,1.0510627086443478,1
77.93107305827783,28.228215269880263,0.8988177675182776,1
-64.17289745654674,-54.89837284041204,0.9386722367937335,1
-73.51383700987252,46.87195934808013,1.1354160872924388,1
66.59199824503796,-51.66160874014493,1.0550268985808373,1
-38.59961795061679,72.38995008412292,1.062326483010857,1
84.39190743613919,21.497470740304127,1.2723585842924119,1
87.84642264201383,1.8581744383677645,0.9926486969677321,1
38.83145556388268,-74.78974758656098,1.037562944950529,1
-83.27261705253987,-33.03493489033855,0.8227286727239536,1
77.65534394806838,-16.91138542617716,0.8400029942842012,1
-52.194836936748246,-71.32117025650841,1.1495171817610177,1
-78.5785478871825,37.176696130777216,1.097599337853429,1
69.33719442748519,-38.39961699175107,0.7748875706054659,1
-38.69955541777529,-71.397128689073,1.2023774101399811,1
80.62319182523152,23.527212985686575,0.9805059508760884,1
77.63772980343587,32.46083615647146,1.2487700303840072,1
79.3685279649989,-26.931792635314242,1.0460804797155459,1
-63.297093421743384,55.96165860296475,1.062235980006195,1
26.912380597220682,81.98368125796499,0.8761556983488347,1
-15.917089543906853,-76.34688398871103,1.022763235215485,1
-78.62457354759238,-38.741332555685794,0.8849534166086239,1
-90.98578593011565,-5.914678640331217,1.0758679981899637,1
-66.3641229473442,50.06192415033496,1.0704418955849706,1
6.509059726188554,-86.71843991842985,1.37408685770941,1
21.582712169771533,94.65735362725142,1.256930014620577,1
-51.14396085459321,58.85621482514393,0.9457409220963373,1
-88.51432148937774,26.30772338127199,1.3984568204013463,1
-83.0862302590189,17.144912546226102,1.5484592064721399,1
16.83255378333731,79.50915903291505,1.1805454121317858,1
-57.37672120630359,-55.789189965703976,0.8153435936679039,1
59.32975795985654,-54.54583123146502,1.0126648257561437,1
23.514958358566158,-81.56846919902013,1.0257109541601035,1
-75.30551327189305,-42.490015880819534,1.3850130489533412,1
71.97849054504883,38.16803295439445,1.372881323834937,1
70.18735692084734,41.509411181653526,1.2103571454977087,1
-64.66242514207354,43.888314098898825,1.1945316728144098,1
74.66242978815896,40.53217920078329,1.2303546368463458,1
27.10291821944769,76.08064425696983,1.101735466184239,1
-67.8680226662592,45.75871157951386,1.0850569384737625,1
39.851808669097714,77.02868687941063,0.8429158462405862,1
-85.06071026451258,-9.394941072465018,1.0483257677437052,1
-27.34612084371248,-83.7750978357032,0.9648788620375891,1
78.65875484224642,20.504978870807218,1.1669674771455187,1
-71.87756577504393,37.60334072614412,1.1414858596411628,1
-25.241746725534185,79.78040769645003,0.9500662841145603,1
-82.36453558923385,-2.0216501954089217,0.7478007186343507,1
29.19963524659071,-79.22625047193249,1.3803526249809395,1
74.48028146686916,38.14252691230174,0.8265693627070534,1
56.34488825385103,-59.087214411021954,1.12509509358774,1
6.6808606375234705,-81.90756030172716,1.2012508391705266,1
-86.06750048586075,-34.78276550560334,1.1013839892955128,1
59.55470266270522,64.93559802557978,0.9807069191669976,1
-22.011329536603473,-76.4834952296784,0.8843354939755647,1
-2.469766094121726,83.28272442461498,1.1821718737072708,1
-30.204870709303556,-74.10846493946552,0.9210061497628403,1
63.180460886458135,-51.34559453266464,1.0742105228405698,1
79.03770302248526,9.344153179318909,1.3260840837601393,1
83.6000959077739,7.633087391134413,1.1296354997093947,1
3.3626151641592323,-83.15339307214731,0.9854075293914489,1
-27.6266244839688,81.7863224353916,1.3454992723249934,1
-30.696555486250404,81.87033580064019,1.0214066367679262,1
-46.801388443439336,-71.15526104853842,1.2371482433628163,1
87.02297190011797,-0.02864718028150773,1.188883849106951,1
83.95414271246256,15.755949154823439,0.9696449544523799,1
-65.19100152117453,-56.29513777205858,1.0044826179696238,1
-9.145015488612104,85.98152753363436,1.1196141346698716,1
61.05348913459187,58.6380109790384,0.940687372969975,1
-62.00670620647686,54.300845736401584,1.1544333751216276,1
-60.00390636461924,54.620623736721235,0.9392587655901123,1
-56.874351122929646,62.57170830547635,1.0362739268692225,1
-75.9090595834088,35.33749050973843,0.9144152723688411,1
48.035602585260776,64.9908851832126,1.174818081327485,1
-83.20943741150077,-3.3796996482524846,1.094479150242921,1
47.57064394722508,-62.69151039213151,1.1989312521548885,1
72.89333316307753,47.628851902029304,0.896160547460079,1
49.33879987232017,-66.61782411210989,1.074810463954418,1
30.389569634802672,-77.30309671158079,0.9022347868028886,1
1.696650630664419,86.33463787988399,1.1986236631064617,1
-83.53106629997195,-37.311626058303666,1.0772551450430214,1
-55.223408155144405,61.69289636871586,0.9318181288307712,1
17.63830762582014,83.8233205891771,1.2270741305845718,1
14.452502452015308,88.19392539412416,1.1816665071027397,1
-84.55312920925753,13.86621186466332,1.059829600902965,1
81.00966833012008,-19.60866936654524,1.1517256469707866,1
-87.3107938774134,-13.956988417679012,1.1001506288905105,1
18.221964811067565,-79.36535352956666,1.3079103112366324,1
-47.113217798178134,77.8262504213387,1.0549085194358718,1
-6.015907859114401,86.81479153886774,0.9294330608782783,1
80.86240929340286,19.96553068180146,1.0418455379630176,1
20.837996630419294,-79.216049868536,1.111737312682211,1
-76.62623378420601,-41.11566656026684,0.877432542756371,1
21.59878029973711,78.31124501326353,0.8950527495879717,1
-24.722424765046508,-77.09167394887574,0.9041439298340264,1
-59.052338480056946,59.34123801001439,1.0979955034115776,1
17.46363189448106,-82.64542600950833,1.0636176159950668,1
81.00458495809457,26.394795731864424,1.1025128885999973,1
85.66402128551444,-18.43764353117469,0.8898792775255138,1
6.439196973415284,90.18895826995448,1.0671990718738449,1
85.05874428155205,-24.10049361696688,1.2905441580801424,1
-24.015665092930718,82.69552354176162,1.3070020916628986,1
-66.74594066836882,-49.89118647358148,1.0544390107294883,1
50.86217336541437,-62.6433262561801,1.0714287045388426,1
54.396291038193326,-49.49116355175856,1.0340009824423637,1
-25.46351960000154,-75.65981293011215,1.0848632624266796,1
58.81756827379517,-56.20881810649405,1.0779573579009278,1
-92.48065762124708,-31.899828875958818,1.1234249064607322,1
-23.161790176780585,80.56085306987978,1.3666302682368547,1
-90.3398471054992,7.572909652779424,1.0451625053906703,1
10.458210190265994,-85.18822610375578,1.0570161553715574,1
-6.898241011784509,92.44946402494054,1.0400967701842925,1
-79.91668074153907,-51.77082611496814,0.81719521037159,1
66.16901828769974,54.22075684529201,0.9713263063151186,1
-87.05673464830687,-16.763716032583247,1.3969569751143895,1
-84.50818713665682,-22.469137339539557,0.9235813227196104,1
89.51688181453775,-18.832845651868418,1.2939259429822132,1
-9.878394155023072,84.07079316247248,1.1641604848807683,1
-86.42138111420653,11.05781158865791,1.2448812494969244,1
63.45686141495542,-48.8400852885134,0.8883136948538466,1
-72.1291112180967,-51.08049463591356,1.22240303572777,1
-4.045698035254431,-83.64618552443649,1.0394960388219934,1
80.38690912839657,11.048953578965591,1.2593675559988302,1
-85.18597146456696,-32.1385553783046,0.8667394692938551,1
-38.64719473826075,87.65344859281326,1.2398806261034558,1
61.45780266097092,-61.78838696965416,1.1660538084089827,1
-69.62050092950996,56.30898551318008,1.1051011279634866,1
-49.20824631634983,-59.856194341292756,1.0044264290256726,1
67.88784910458958,48.85139993003084,1.0321866457525348,1
81.40658989457228,-12.796593120386625,0.9676426108845558,1
16.162636803462544,88.67581189100218,1.0093227348738447,1
-85.9021509716044,-20.918777039593632,1.163281014460159,1
-57.366437603125625,59.58383953837612,0.8994054627963985,1
-16.546111356219903,-82.72109780647831,1.0420968602012497,1
-91.17860348970264,6.036796428069668,1.129991500723238,1
-52.96855306380137,64.54567807174826,0.9539563801737024,1
-44.694678631163065,72.12916391156473,1.1455809802505463,1
-8.31215840355317,-79.42430733045084,1.0806872718266285,1
82.2257628354789,6.497737516349026,0.9454340338239021,1
94.50778973643665,-10.255722801114132,1.5028086268872345,1
-4.930591148715659,-87.2653300928718,0.9627478994886651,1
-27.67896067871385,89.34477077120201,1.3451314369402352,1
80.74235307705624,13.020005711112189,1.0269450928735362,1
34.84449776102623,73.82493217519357,1.0997278501798344,1
75.6610078270651,27.83924027512055,0.8057069577626783,1
33.25549065204599,72.70021984177126,1.0189781420152548,1
81.12953073670698,14.904411720955938,1.0433538643546452,1
48.05206402467629,-64.80970958334271,1.254070624553487,1
-21.36777730187897,-85.2229038587534,1.0272986456959265,1
-49.77868855973093,-64.00380401826186,1.199053781210056,1
-39.82554875383969,-74.52444586980312,0.9844386173661511,1
-42.57378471274134,-71.71117751888309,1.0685791158569615,1
-39.30469093053972,-76.14453072435897,0.8479296848592629,1
-79.70841438961051,19.416910153769003,1.0264094428374069,1
80.89926667727191,-25.943602642430854,1.1009619099590153,1
-74.36794738493197,-38.34212879342974,1.0753819737456758,1
-17.399823896188565,-77.77982565730005,1.08946224362955,1
-85.95694703156144,-25.33734836205498,0.9566488360677354,1
38.17717136812994,73.82020268788297,0.9496301629708905,1
45.199065297550796,-70.67172565808131,1.179074863367847,1
42.40379497917444,-69.03904134923496,0.7832262379910035,1
-77.30083509208485,33.78934914202588,1.2041983948681045,1
80.55560569990072,-33.76521124012203,1.0697746803434818,1
79.02255575610833,-23.080769297194394,1.0827180692604998,1
16.90470108411148,-84.28286910619276,0.9857994170829333,1
-88.12272872548337,10.41725221192235,1.0300580798817525,1
82.62780635090014,-26.189350512492723,1.0371769294315833,1
55.37141858659882,-50.970893393357706,0.9761802800868578,1
-23.637504629770323,-78.84181466472705,1.136241521087308,1
-53.9515721340262,-69.50419216443787,1.3303506030563974,1
47.84621667242631,-68.3777809946311,1.179712536993118,1
-77.53515433592582,-39.92287571248834,0.9370287549946642,1
59.99015364220149,56.132125776030314,0.7503047712724437,1
-10.842266686145155,-84.04020989883463,1.0800892516998228,1
-51.21354893605463,65.90474058939975,1.1456406298196031,1
74.37524180583699,34.49299550769017,1.0747009862416006,1
51.1083600709585,68.51152209196805,0.798793499247827,1
-93.19771380753039,-16.681823593794277,1.1061542442495602,1
83.97831377082511,-28.00530439831486,0.9180592340032787,1
-71.33285616921067,46.26657342290066,1.0263785649936314,1
-53.96770675280543,-61.622949503528524,1.015657632691305,1
71.85477824527459,-38.19759677591104,0.9665545126549012,1
87.30586280539774,3.333815605259219,0.8062436697094659,1
78.93093922560284,18.86237776659828,0.8708190978592487,1
76.6688812791563,34.526193411922605,1.3993342224803256,1
-35.813451473790415,74.26512920663,0.9240920936832752,1
81.99598857697104,21.83273227203602,1.0985558666311674,1
73.93983721917218,-36.53980398518917,0.9768473516628041,1
-29.699964156842164,-76.01529287695269,1.1968483096399694,1
-81.61999433577643,-27.11754021771636,1.1073212915465978,1
18.016390723910316,-81.22258931140263,0.8434712344695703,1
-74.75536785187992,-48.02121321514236,1.2600980752903217,1
77.0994218690783,37.700719371659005,1.227357667014678,1
39.272326033186125,72.70311834810174,0.9873334772219498,1
88.48204991887847,-7.251868416067067,1.166833591023207,1
-84.27407536109814,-27.747553154829216,1.0929535852389247,1
-34.86325628934812,-77.45058903170248,1.3449417286452259,1
-86.06336157436498,2.6467045605662487,1.0315222003288527,1
-88.46392506827726,-8.392191463464593,0.9876006599009097,1
-65.59607468206981,-53.75524016571767,0.9120792485357656,1
32.96827553889675,76.96265862242035,0.9535282954639523,1
-73.50332703807112,40.06585175195567,1.077563066042866,1
-9.11531984734058,90.22168120918474,0.8995501121399689,1
-55.205981120473155,-67.83437436806413,1.0354412491095382,1
-63.96959332792956,53.89470670129867,1.1151221239480877,1
-27.179428675504745,-79.46886035792352,0.9658934613866147,1
-54.573656892237985,69.36276371256086,0.7199121152354543,1
-82.69894389223383,-22.56625086187539,0.8917147047269799,1
77.61312705081143,24.59134265216938,0.8988177675182776,1
34.49901258961405,-77.35002840576499,1.138439168137454,1
0.8442134849464672,88.19784411218153,1.066902665909372,1
-37.074888943477404,-80.04499623654996,1.0889261639718066,1
-19.7617153435098,84.37175278987696,1.254514775648023,1
-56.59043149489304,-56.94004017530209,0.885055621861793,1
-69.21107600330636,40.794096277642666,1.0066042243776474,1
-36.35575086012886,-75.9861866072436,0.8916915289064886,1
-89.44105434478799,-20.166963845894877,0.9691611948413592,1
84.19852326354817,-25.890831520859674,1.0513264698994587,1
-83.10188909908804,14.943085414335961,0.9250894174280694,1
-51.2316255822659,69.01904545416666,0.8096557713078223,1
57.37672120630362,67.92769806690427,1.1912244419046982,1
-5.859243591949964,-84.1734726864928,1.075749949071719,1
82.23396061348399,29.84542967369608,1.089221724204754,1
-86.0103317708253,-12.73762946924331,0.8980363378557241,1
-11.396363462642537,-82.03050968566556,1.0815488933570923,1
-66.90608636369244,32.0152133520926,0.8858677269404431,1
-13.163185777319018,-80.72359244963698,1.2489915485749556,1
52.92774748723762,-62.420873406392445,1.353450699106878,1
-56.55944380141227,60.873176181009796,0.9591130947096305,1
-33.207491387212606,-76.8441563723846,1.0254489352421101,1
2.0261911886600683,-86.17788008181378,1.1136320552965513,1
42.01387502534293,-72.6504428263885,0.9878723113055121,1
-39.73005815290136,77.07881944490326,0.6655380084859563,1
-41.196435693560495,78.87105866126446,0.6930802230464836,1
-41.14659459647189,77.56265699558786,0.9509531053008741,1
-42.863343496190105,78.3739107201293,1.2219343870176278,1
88.0728910574348,-13.52075291335963,1.0288041088125204,1
9.702983170054175,89.14269668757504,1.3130634443695588,1
51.00625259413993,-67.4628121362826,1.2311595867324638,1
67.67896341503702,58.897409026246414,0.8338458433656069,1
-15.682598511763967,-78.34021947987885,0.8616822199695654,1
-32.40513330592411,82.20905198031471,0.994097642583802,1
31.393728690985714,-76.5918173801178,0.8905856710708299,1
-67.95911598690753,41.95653385566186,0.8746540459549225,1
-65.15549957736745,-61.03639848726486,1.1928832664943265,1
81.4904852082538,5.045484627078672,1.2045400911039421,1
-45.12395084757028,66.98731968740732,0.7691955291885443,1
-72.9047384484525,-54.533696151627915,1.18319133061245,1
38.788890178087065,68.12117047858042,1.0619845884997219,1
78.37636819882991,-43.308147141002074,1.0649289392107155,1
47.32224956163946,70.3591274932963,1.0455206860940305,1
-46.0413900586687,65.53937713776271,0.8180036527181327,1
44.471318868107666,69.87892971989933,0.980554066977819,1
-40.72544387355193,-72.6504428263885,1.200072608884371,1
55.32448597209509,-57.84711400167053,1.023439047691295,1
-57.63741054686524,-71.20328276916818,0.9975901700940866,1
25.36631855494009,80.33743620192357,1.1497140323298727,1
88.79034377248476,0.7032484881603608,0.7965833189182688,1
-82.32045768140944,-5.055033687172508,0.9733731085951574,1
86.24681235936616,7.993010910729614,1.2756588889014877,1
-88.86340607303148,-0.1974398983442277,1.1974920799785451,1
9.199325767895782,-88.03278500504075,1.0211701768630825,1
-82.98730037796204,-26.993999252752406,0.6986674811124811,1
-7.483498284422556,85.77924532717087,0.8070178102349749,1
65.39105074476105,-57.90557062267673,1.0254933663820398,1
-11.329561923828201,-79.81621667180188,1.1181692488424262,1
-6.19638509488784,-85.92721725435068,0.9852687378130754,1
15.084641388504698,-85.22071943324174,1.2800682342240273,1
40.69813527965539,75.46247638505497,1.0815589170054376,1
36.890819587982776,74.89998102157018,1.0297644644501491,1
75.12493484108832,10.222544284104115,0.9097190510315094,1
38.55341735104515,-79.75059028821583,1.2934552550758391,1
28.5191631946142,78.77079353027919,0.9249734304620147,1
-90.0623387438253,-9.666822130660298,1.599556460362772,1
84.10185473578903,25.052854380553047,1.05006062566029,1
-52.40893372806978,-60.517584728097056,0.9297506255241897,1
-87.19438381107861,-9.68679900340955,1.271549904302422,1
8.24462734677545,90.93066525819025,0.9869364776526575,1
48.52984256550744,-72.00859407121783,1.1315374337606385,1
-57.062655428364536,-62.88687994883068,0.877870928558121,1
-62.85252161454467,57.59333172513023,1.0918570883891732,1
-83.3610565581972,-23.852134675785614,0.8437720006602174,1
-53.79082392738809,62.72482545715779,1.0523555150769237,1
-50.573314297575955,82.07118742521003,1.5774818881640602,1
-65.14100228697312,52.43239693459394,0.932520123239136,1
73.73664841206195,-31.442993160106155,0.8835623132263308,1
-9.828767979080888,-87.99657815218495,0.9894376724113403,1
65.60651896654745,-42.49630149883344,1.0840402609688449,1
59.57706010819884,59.944470005987235,1.2202979964311127,1
78.48025252571966,45.39275930059046,1.351835258281717,1
69.77911142891702,48.17807290550908,1.2388892470883455,1
15.745905173932066,-95.78682559214927,0.9360892013101987,1
69.9157605283401,45.67224165099721,1.3087912947836255,1
-80.45731842375375,-28.7335888959332,0.6986674811124811,1
25.646388147010313,-79.43505002305639,1.1840102335001035,1
-21.612382158591693,-77.86578413577578,0.9510904373661122,1
4.769556578117333,87.21673824452195,0.9027972592262726,1
-84.78988778126812,15.74290012143248,1.096478250019294,1
84.39361650087193,-6.5817981817204885,1.142522365326056,1
85.20594379448151,14.324851020162376,1.1870477266887285,1
79.4871485715095,27.722817221678746,1.0386727690384574,1
84.66136997566204,-21.82855455824497,0.9859931579892344,1
84.19567776189483,-17.93713703581535,1.051832164511033,1
55.54568893331123,-42.74994840757584,0.7086515583314053,1
-67.53274343235019,-57.934445997409,1.0107370771348445,1
-44.703208649769266,-71.74972773303776,1.044844503513832,1
-50.0944211493104,-65.84803493617609,0.9811662666778527,1
81.23266058572037,-30.28160422791472,1.0104023870698517,1
37.00909499681643,79.34931607047481,1.175473892570012,1
-21.264563196452997,79.3556734610264,1.0067197930278637,1
-46.01081730141074,-78.77670538941747,1.4549010670955198,1
86.69851910213471,-17.00603461403344,1.1328404130866347,1
-0.28792351803193844,89.42904470072031,0.8821603762945786,1
58.08471580468916,61.31263915426501,1.0106125833351143,1
-50.781339869583334,-69.59579680151954,1.1912629398046646,1
-84.91382325189274,-33.434840286042345,0.8667394692938551,1
7.46193589066228,85.52049660204769,1.3810096296004097,1
43.64666483201229,-71.89009891641707,0.9360542059038929,1
52.81550745097506,66.21109889150311,1.1138660008200547,1
-23.36068568118064,-76.86630096074977,0.9834397110197204,1
54.000248944441026,65.05579891360297,1.0875454069173305,1
-62.729280771291,63.76826002715257,1.204443676284536,1
-4.166630060585605,87.98521022350185,1.0122305306656953,1
-74.30435965599662,36.80451392004435,1.2311203657142211,1
-104.22262969340743,7.135393537699591,1.0732589698271404,1
-79.83611054699736,32.85932577961794,0.8930553354422903,1
-41.84986107650906,-74.17917661363259,1.2841804356716233,1
106.43230089540974,-2.701108054559255,1.0664916037197079,0
-44.926001169636464,-75.30718556266407,1.1123768589493535,1
-77.38194658509119,-52.81116012562685,0.9573653865614558,1
19.194988056885858,-82.31060256169721,0.9823421273859636,1
-68.0231274559189,52.64516192980968,1.1195823989273224,1
64.28268756424596,50.28666149310962,1.1094226171030421,1
87.26420334956585,-28.358438895737333,1.2077961058688567,1
-32.772265729986216,-79.30693346679749,1.4312667931930902,1
-49.12587123393756,-67.07656403935957,0.7877318311529076,1
-79.62637226279354,-39.98072098036446,1.0443296161027,1
-95.237413119009,5.403712107425665,1.0411363684325872,1
-21.679120949565025,82.98225039425857,1.283945701494182,1
-71.74328211747441,48.20087021113851,1.1835466169561188,1
17.444276029746856,81.6696627108478,1.0777069276863602,1
-87.82867384553505,16.733534181929524,0.8916634611755628,1
43.594929190297506,68.7136762493324,0.9392185259869323,1
-94.70778865166106,17.665831387267072,1.3387009298601609,1
-71.44372626597317,-46.01109015644787,1.0026665698550385,1
5.075922256127776,100.87674828425,1.408244134361981,1
84.37753118574057,-8.898530374940052,0.8738686512117274,1
-35.0510187069235,77.41303654818738,0.7608206745376765,1
-11.906484304497251,-85.29339839062257,0.8220959471354077,1
-73.06821420549366,43.2950405879321,0.9748204277896291,1
-88.60930950820587,-2.221151165575797,0.8813114034113392,1
-13.661124096738952,87.94505301542863,0.9548406330094524,1
75.28518765727841,-33.98152397641427,1.0123324489161292,1
-47.625937217989005,-72.77055209788124,0.8500986874819656,1
59.17675129432915,-60.57910819392,1.2231750990961716,1
23.79730218227806,-79.53061522602671,0.8196998587604928,1
56.732159649969915,63.1706134182364,1.188356729363209,1
-32.5165390070188,80.42099047774458,0.9610187408031767,1
10.96865958795426,-87.00593176701949,1.1214758968414629,1
-8.14654189255075,-88.94683569172054,1.4373877979794762,1
-87.85732102581656,-21.149676067199067,1.035892064233818,1
59.27618840996845,-58.31252909549917,1.0092331129500007,1
67.83277924098026,54.6729807991675,0.9339808944716966,1
66.20240269701219,-53.618345437028744,1.1652422143140098,1
89.76414896330373,-12.897199289232365,1.3103997755375496,1
18.51856321271307,-87.08500853038973,0.9160965477377481,1
65.74369893829983,-48.30788755741068,1.1829724430898791,1
85.37419239126022,-0.6775729554861923,1.1320376861202084,1
-28.375032068822936,79.52695972645954,0.8308702884542991,1
22.038832819061227,86.9048022814568,0.9626850744566063,1
17.898134470631348,-88.64973899650636,1.1373599797279157,1
-68.23165440345974,50.63183653420637,1.1702111941527107,1
27.261372935379725,80.12616324734752,1.236334672307576,1
30.50814178450584,86.23884375713506,1.3188589462120508,1
-19.9706655537387,-97.32521410885138,1.233965192471664,1
-1.9217483438837575,88.55186594357889,1.0485691451138706,1
-33.73921657653327,77.137307437978,0.8056807905764934,1
-71.18824299952041,-49.099834643472036,1.0415988621674597,1
-76.27522390980096,37.00962923131656,0.8369750545535263,1
26.027156918251897,-84.71264191764314,1.1713193678016052,1
-94.4581088156782,10.280389551980228,0.9021832938696656,1
22.430001285060158,84.76293163851345,1.0967476742509776,1
-58.899796291269865,-64.42034665801671,0.9457855269560644,1
79.8955898619886,-21.316961640611947,1.0725356670706447,1
84.21375778376367,2.435010323927245,1.0430040053951144,1
75.36144034323043,36.512089421956134,1.2234565556749393,1
-81.91607868977628,20.925012841520704,0.9852051258062053,1
2.2679835279366753,-88.35521294338025,1.2162572613057991,1
-2.6013910508670497,-85.11225737872066,0.9523395130584574,1
18.715186222564704,80.66971018251417,0.990227060641809,1
-10.301493961487264,-86.06152763503614,1.1986509657753592,1
-31.98189111114016,77.3115777846904,1.0878028703267173,1
-16.855176186079365,-86.40271704220496,1.1331866418550365,1
47.38327426799816,-66.45498216178635,0.994367095454536,1
-49.27214421408094,69.21532939684735,1.3440648086857703,1
53.842375339073875,-59.97943689812878,1.1227917973923107,1
-85.16839251303058,21.539912514499562,0.9478711575144183,1
22.700985640354997,-78.72679420418193,1.0096036786143807,1
-66.28332377399246,53.88613512081743,1.097816328232196,1
-89.35697621770787,-16.984567447068663,1.059276048047564,1
-56.07591305957404,52.07850060055724,0.9362531978238491,1
12.394844640761564,85.53652898533926,1.0843879722997836,1
-9.112331021893878,80.03516632174747,0.8482713261587551,1
-79.86459495920909,30.484017948978373,0.9855558639193893,1
-13.661124096738952,84.04529283154008,1.214341168398527,1
-2.6618005011557697,86.87854236619874,0.968926245189535,1
-50.0907883547095,16.501969474654096,0.7942341842490567,1
12.56017363886181,87.35108041348913,1.0298790403337497,1
-76.08902263902334,-44.25484355120964,0.893823318756244,1
73.6029615707483,39.22873249797516,0.8265693627070534,1
-52.24887593591562,-62.024726206976524,0.8901162217288785,1
-8.062987616729709,84.1697923195816,0.9648601791924489,1
67.48436990424327,-46.97619278364386,1.2618405218456252,1
95.31772653471833,44.22074643474027,1.1209424647735093,0
35.850752489781975,-79.15275593403248,1.307715491173473,1
-84.66629873912339,-16.82116558453218,1.3188836463387155,1
-52.33054177821063,-64.6803625760568,1.158367817108345,1
-80.55511707840468,-41.76834272358815,0.8994319979130383,1
-69.76355733730668,48.820422324369275,0.9987541489539056,1
-85.6912672450213,-36.667612304330426,1.3746955953905513,1
-13.131947016539081,-90.78729096460746,0.9771526861539924,1
82.41756354624421,11.947637903035973,1.149462477662251,1
-60.72440326584804,-60.53240620651459,1.359544162505612,1
-60.41670427492554,-58.55065878158913,0.8511694085557716,1
55.51584812051799,65.01716291388121,0.9561173433425615,1
-16.566534142333982,89.86262364552137,0.9848175681223509,1
-82.4770224791979,-36.22973081225594,0.7856312341512124,1
85.84171719402421,17.534379841648228,1.250139034000346,1
84.8717477058543,-29.296217959749818,1.1012010139641217,1
-56.845739667564864,64.7010184155282,1.2347768062440767,1
-68.68360411240896,-49.374608847672064,1.1404914706650373,1
85.22299659379868,19.686490930474605,1.0499838223703728,1
-23.31442809659566,78.8056078118713,0.9992882708489943,1
12.588434643918928,-85.82990109780619,1.1940143422466303,1
70.26694716875693,56.999407687069656,1.0563946734785683,1
-88.53411065996694,21.770066565170243,1.2627806352695992,1
45.939874991751346,69.10490383919033,1.0626515015519467,1
-52.57951214166457,-68.65774207465483,0.9457001935522711,1
30.425281126555586,-81.89759621423701,1.0898167052382628,1
86.5275334835123,-25.87562628244086,1.1013749305625848,1
18.10007720586397,-85.36655748710095,1.285725792422971,1
-80.61509348772886,37.998556467810104,1.1656243810005693,1
-84.76059067819952,-24.074075720935223,1.0135451493363763,1
4.220667749748409,90.52635056894479,1.2417675020985983,1
81.45179594575407,34.04655099977064,1.3461747242145954,1
-22.669885715081445,89.06231461807891,1.328010964149899,1
40.44139860921558,-73.46791979523212,1.235304397820755,1
-58.69064337055794,68.8742883907752,1.1667638877646986,1
-31.221643868590483,83.88202040999332,1.1935405249187,1
-42.56533324576176,76.33797153262344,0.9623755229592305,1
68.60413712367355,50.85948769226302,1.5038411830801481,1
-27.80637149749976,-86.98245860839633,1.0253359444845922,1
69.42260922361804,-42.88753026024355,1.1267133642339273,1
24.945348926042712,-86.48966945843019,1.1038909257054572,1
-59.46975581562049,56.34169261457053,1.0277866752652436,1
-79.4930982567847,-43.15138586809945,1.0707150875382838,1
-75.31242983262423,56.3599701124064,1.1776115514481178,1
21.055677506900402,-82.59340164909146,1.14718980222714,1
-90.98463820654668,-16.11204952082261,1.132846461948785,1
73.36413559902651,-39.69872529946847,1.1927216376231968,1
55.89609365559008,-62.574712825668556,1.2321009072432232,1
-67.27448476163065,-56.14847335173441,0.952530968287491,1
-93.05488847762497,5.485092459780776,0.8340694280633382,1
45.53518136164908,71.14836482242399,1.0116431001779762,1
-21.11326221050678,81.23169277557568,0.8897990620567231,1
-79.40253160219633,28.863485848825345,0.8877468977441071,1
72.11927635866908,48.75391994157296,0.940748561983341,1
-50.82917497824422,-73.00409115660774,0.9214834163714919,1
-38.12581605713752,77.6302776653221,1.0799765981852403,1
-86.1842923867024,32.542447309598955,0.9818493552676872,1
74.5313855937085,-32.50164173303521,0.978167364826656,1
5.84357716523352,-88.73464092193741,0.8582218839931085,1
-84.70899591288004,-1.2716960779961393,1.2147536975866053,1
-74.87446105044836,-52.587586714538006,0.863249156968755,1
-33.78867167492463,81.14362205241301,0.9281053823893526,1
-89.90045954400638,1.5016122211233014,1.0464673764294135,1
-38.72114027236238,75.80670559552802,0.9037213928272255,1
66.25930031040507,50.49944472190692,1.0768485594813055,1
88.04949586020494,-4.545352604664212,0.7842891686794333,1
86.82574708202614,-1.9281755958700113,0.7760195063923487,1
63.54590794382071,-53.654810395765296,1.338787895668035,1
-4.2068789628005145,-85.5493312182318,1.0675349390408577,1
6.45328891519796,87.48388456857565,1.031540183090789,1
-88.22786607510984,-11.848359590882623,1.1722637817445851,1
-90.21048226322526,-14.167565319572562,1.036869921383607,1
57.02579324785526,-61.020398732320416,0.9690409627900536,1
-90.36089243669802,-31.36647893413255,1.2860008457206384,1
60.44931975978549,-53.76058010063857,0.9009868382647818,1
59.960637186069036,62.04949408159491,0.9947204374788663,1
86.8425016175436,-22.122819738381644,1.4625301636572137,1
-89.85679427744083,-7.097255638054064,0.9541843480304741,1
-73.02021494066031,-49.2712453514436,0.9876363682065448,1
-24.80169420621007,-87.95015911006215,1.0722394071094197,1
91.57928422148075,18.799712059732503,1.1821049359399693,1
-26.27971870652911,83.76980787343531,1.3189180377081193,1
40.954225449814174,71.47679671950702,0.9544644609931794,1
0.4595485170156929,-84.95258120168533,1.0502759543998315,1
-64.92472917669245,55.142765178132464,0.9645214724763336,1
-89.19011362062038,-3.4634266282401636,0.9094132011511737,1
41.317589393500974,84.95798765482672,0.8039361711967086,1
42.069577875890275,-76.53571665206655,0.9450748511351373,1
4.243779962631093,-89.67316918290389,1.2942237303733186,1
-68.52428380126895,-53.4685143985385,1.0438319031952288,1
74.3812099683956,42.92302512177655,0.9434278119326978,1
84.99558707894616,-16.390563773559382,0.902204279979115,1
-40.765053053394155,75.7810328704572,1.1331134972313794,1
49.51876292793471,-63.652290045661836,0.9696473027277059,1
50.18180283372885,-73.529254763149,1.0907852436995016,1
43.99132621977406,-73.33001760306624,0.9572168305957727,1
99.34163635774438,-4.544912845317792,0.9287097021885606,1
16.015004710884625,86.1144310536122,1.1421846044035777,1
-84.48824268381253,25.620714932478393,1.1362641503007573,1
-9.235279425976326,88.01176983869787,1.4020677141524494,1
20.59727356900556,81.19587054255061,1.2323206351255884,1
-47.199810411301726,66.31574326875692,1.1708001381582585,1
57.866250963466804,-54.917276522724485,0.6698685115862631,1
-46.082221024466264,73.45949276543605,0.9423847120883989,1
-52.919003435116785,72.15008873280907,1.3044804333848947,1
-78.96157579340387,38.93907767512891,0.9824112226996374,1
84.01382433804905,18.077564390136423,1.3177026864786305,1
-11.015238695739566,87.02177826760625,0.8195856480233769,1
7.26005140518126,-91.82818703648202,1.2707977364511673,1
84.04724604837743,5.498630933349626,1.0675448299371,1
0.710211344478793,91.40178135801409,1.092561577427983,1
46.363452489424866,-69.39386397853457,0.9426582785931031,1
-78.05640447200935,24.389493112159624,0.9296362658117144,1
-67.74315755377756,56.87906378787688,0.9115272180960177,1
-11.709241423870546,88.52712497461141,1.1259348821933097,1
-41.36632938772994,-76.46260666072314,1.2468946176868128,1
71.62869339634841,42.064803345843366,0.87445581467104,1
37.111431593659205,-75.62284174495802,1.010650084676945,1
-77.53922055657019,35.826879839547345,1.0363227016450358,1
-90.85944558729322,-4.048496131933084,0.9489893347792672,1
-56.29659229523534,68.79175445210807,1.4092996041089114,1
82.78891865451267,-29.227285682197472,1.0084147210037475,1
-55.586503464357456,66.82590121189644,0.8637854908144557,1
65.07137372378891,-50.25441547819234,1.1953008653136306,1
82.91858585769224,-19.27055169510237,0.8898792775255138,1
70.25465185641806,-39.285003744956654,1.0137844811680061,1
57.67173207247171,-57.44035100096732,0.7280207039607067,1
84.53480982258019,31.87595622572424,1.014420370719074,1
-17.417768313587246,-84.31835768544939,1.264304869874495,1
-12.420343100796595,87.0426668365615,0.7501793262565134,1
-88.19295430326716,-37.53357202072469,1.1165844973897605,1
-23.147748028419343,84.74138926289062,1.1477744541276114,1
62.75761656917812,59.73295178445673,0.9805424420476978,1
-30.158915857602,90.27203959704445,1.1137691855303933,1
21.546172051997956,82.9895108085393,1.2778646237213758,1
-64.08367207603195,62.40767160221006,0.9944775291637125,1
-86.84464320286565,22.850423351536193,1.0668936796552677,1
2.7307056506964944,92.03503481686825,0.8944842596683936,1
85.91340522100067,23.846219800392664,1.4229205243566776,1
40.80289505444342,-75.52470991463203,1.0116470346369695,1
58.01800027323001,-59.10942800114228,1.0458867516335069,1
-32.13139358323424,-81.75547162585767,0.8844440165476598,1
-31.34424719777218,75.29569524044987,1.0040013835912258,1
-3.082518188359522,96.25611221942195,1.2433465507610508,1
77.53314581968013,-32.75849826408389,0.8104986766191842,1
-30.261687616861863,85.73838459099515,1.22112708258309,1
59.69953007412835,-62.38612140437385,0.9294905212484819,1
-88.8553304314567,-15.053695360422838,1.065211657573624,1
-87.28437742018662,-33.105397712805136,1.3117134391098704,1
-76.74982448385795,31.907289079157128,0.9992889599220148,1
-75.38956995547802,33.0493488818196,1.0037495350144088,1
-77.05793087594799,45.21330750365667,0.980612550742384,1
-72.37889142997014,-47.64521897394771,1.0022743864416253,1
94.53174987233405,7.17363024019397,1.072767465381741,1
-73.40911565084348,-46.08686745736558,0.9867513312220816,1
-21.502755236480123,-79.4657281601489,1.137217803503468,1
-101.83595137067545,0.7854101927177115,1.1021055158707498,1
42.3004915108866,74.71803136079623,1.0491603466055421,1
84.3437196684459,-10.722318533378456,1.0972568353911596,1
-73.53444706457503,-43.81084898400062,1.0093757873018003,1
10.476566811469104,-91.1045440179522,0.9657559669181046,1
51.761873871130156,-72.69918282061744,1.2260064061036682,1
-90.472933138475,18.776098894826553,1.2089314872641839,1
-38.770790793956024,85.74596874833892,1.015808051990917,1
26.680846252616455,78.19205729628351,1.180407612491255,1
-88.43742642651688,14.334332833354141,1.2251919024898326,1
71.92577016494067,-40.41938092842488,1.0484548781916712,1
83.42894440730178,-16.60831128024449,0.8768188367559482,1
-88.23331526701122,-35.54040803673241,1.298307949928721,1
80.97662641195446,31.213788589842554,0.9196255513879817,1
73.62403177943357,50.110768725014495,0.9765816103315511,1
-17.747823408771282,83.37224686299467,1.0786494989912434,1
-92.26817819940112,-2.878579566995604,1.1393192771070015,1
16.62003529918382,-87.0017978973012,0.981809370764917,1
-86.47376051736828,20.109548207162238,1.4358262018260686,1
81.64859560711518,-37.80188255703135,1.0377313490045599,1
0.6338188637281341,-91.26633547931473,1.210047764639918,1
91.50267471663709,-23.24718679843493,1.1881730952684115,1
-74.16818167189055,-61.49348952557994,1.3177672898755592,1
-28.947923777387125,-82.24828616200459,1.1870464232739455,1
-64.41117606676806,-58.46863293764286,1.3168700088185128,1
-56.36539310626979,-69.34201486647488,1.048596660282999,1
-73.21145010690114,38.52448931605501,0.949640755509954,1
-48.89618803283581,-70.48706454972499,0.903770348581257,1
75.02875560600864,-38.19027221277089,1.0804737916913982,1
-59.40286545435927,-68.56473261994877,1.3375563970204252,1
10.502129745505272,86.8032517000743,1.2481781272054844,1
-74.55845622082224,44.781085813150966,1.2331250735757102,1
-83.41472240290673,30.46620004006295,1.0044576678006565,1
-81.13742394914622,42.09002200720822,1.376934719503912,1
7.422404835435123,88.87668319083316,1.0328586056485412,1
-47.425009078514606,70.18758107718759,1.151759232955785,1
-45.85108268159705,70.81224875832577,0.7691955291885443,1
85.39711179330837,6.5311592266774365,1.0495143962089313,1
88.07280310556554,-2.9046104831469686,1.0638718013864643,1
90.18164906229258,4.509652141358866,1.0465449646131508,1
-30.993319239323846,-77.90372802255455,1.091653245821105,1
87.44750719678957,-9.383940929709867,1.1250202487324246,1
78.27643073167143,-36.33775455456741,0.9690255597844809,1
-63.7653126654952,-62.94238187344654,1.0381378537643717,1
74.14759903395719,46.646305963719975,1.0069310693572058,1
85.70528894613338,-11.973735306987347,0.9009238040817569,1
-88.03636590257591,12.330223846161052,0.9027360252793968,1
40.78508676998485,-82.1706419550119,1.1355592480602186,1
-55.07676187513196,-63.277017230710534,0.9882306330661689,1
-53.243063306139376,-63.27717224791986,0.8550119272760638,1
27.64718148833748,83.53106629997193,1.0775886018541108,1
-86.3186369003123,13.094240471553185,1.1430068194904812,1
60.58667988505166,-57.02579324785526,1.157933305847478,1
-93.81788774120534,12.479427910127207,1.2413700519721118,1
78.50401666390775,35.06772956208772,0.8997411108486404,1
48.55965625028903,69.59653404512974,0.90805567998541,1
75.8672824454983,-45.271225808487166,1.186211997932985,1
91.96732704163394,-0.5229345193626791,1.0776826168629172,1
80.5194965713441,-39.160130039932625,1.3674449405017763,1
3.4060654790574265,93.69629041848641,1.2024275339127495,1
-30.02847834923693,76.45680428045779,0.7608206745376765,1
81.95057278511352,24.795405174696644,1.13821556373523,1
-17.473287931073607,87.78682210559256,1.4244637558990676,1
-86.68113391233585,-31.336067058880634,0.9318921414475441,1
71.1910281420478,-44.180715911635076,0.9761591385947174,1
-48.344943749396315,-69.06640415301258,1.0860726015676911,1
-57.24455353364124,-60.52595782043092,1.0367560568965983,1
-87.96945965915532,-24.314294263920704,1.2673648266091768,1
-52.89681945103254,69.55893462101027,1.2151173646802704,1
-6.422685254558913,-87.89250177353068,1.0956422340648444,1
87.70612757433086,-11.540437000900342,1.120241181508743,1
-2.2445716822832242,90.2652033381136,0.855453851091809,1
-61.365136621642684,58.83796221361308,1.1085073267788417,1
88.33123043398899,-20.338938484623103,1.1562114819892206,1
40.5425514557128,73.56953986041987,1.108469223840796,1
66.8343386703244,69.11210088509776,0.768859235551666,1
-87.45347535934825,-19.64918053057968,0.8598101078647173,1
68.81150364457483,-59.38658133196226,1.0790909378015212,1
87.6393533497617,-15.279534091446346,1.0091768399589465,1
81.3042785364241,-32.052613837460136,0.8930583777624884,1
-43.98740961309495,-73.56170664706164,1.141572918362612,1
-40.55366458599441,-82.13504676458751,1.1707780197960214,1
-95.09279994931875,8.026030917808864,1.030280671682623,1
85.87081811817151,12.2260794095127,1.2446112974542185,1
-32.47306361146964,85.43017120867385,0.9609419422285791,1
85.5604866393884,28.74993647163729,1.3890036049261412,1
-92.91417111028953,-6.566276241152937,1.2026784740577214,1
4.949491444030147,92.28130005086709,1.0267889944782247,1
84.32483192027176,-33.3149465315309,1.032596285218353,1
-8.280516852056893,-86.51757143075518,1.0932843247499813,1
33.109289992734716,80.75157478642782,0.9828013164957736,1
-79.14868673228796,34.76617458480634,1.177177765649756,1
-95.14021554010807,-1.656653414233401,1.0363706699806756,1
-17.468811809154605,-81.13120182222337,0.9599217348352153,1
61.042825739251114,57.09649301970382,0.8950316485823052,1
-75.03537248188886,38.60752462121877,0.9934680945295096,1
20.091922153033664,-80.91223199593377,1.1158309337797814,1
-74.49089511812205,-53.84847254298517,0.8725028280750001,1
28.926065436991802,77.23176625488072,1.0785926625131987,1
-82.99780434406527,26.80588276890393,1.2602862654077833,1
-75.50695463102006,40.3828259327532,0.9952541173334553,1
-41.67485595218402,80.54488130051371,1.3110797450151699,1
31.142349684015553,-78.72818084961047,1.0056888825256756,1
28.81658428027715,-77.19450998065545,0.7748821758824176,1
-6.198208097269388,-90.07340829588807,0.9854121216411537,1
-57.27189856936449,66.89279363799362,1.0480772456633223,1
39.360128334951774,79.26403328754529,1.577082447366861,1
72.00442562065027,-49.68320652143617,0.9585050828162904,1
88.31164740059343,20.644433805593756,1.1589514646829246,1
-19.81326175338766,86.68029557512028,1.3486434462194015,1
39.031094499398506,-76.46662369321453,1.0955381856595214,1
-43.98129970667554,-77.20916411518407,1.027793311343367,1
-14.27913761962211,-82.5631492388804,1.0618751194312388,1
54.966777165122636,-69.12027467294983,0.838337312627047,1
74.44685975654072,48.773972967769986,1.026609470085898,1
-44.73654003115085,74.1386122254712,0.8947982838365341,1
70.79219573212873,58.91579096692703,1.0114436568645817,1
-70.22931195027203,-50.61348835926433,0.9498178537088701,1
-29.04068113286384,67.8767085344801,0.9597421705887428,1
28.520416508751516,-81.62417204956748,1.2376700744910392,1
-6.047855082222442,91.03729846441708,1.0477576681097214,1
76.80810359124314,-37.4039071140438,1.0211484051451565,1
-24.893528635490846,-79.77513850788472,0.8363823241252031,1
42.524332295112984,-80.345654655283,1.0991430731203946,1
78.06188772136011,39.94547152025246,1.1611814357156618,1
-38.05766710092099,-75.18318181221358,1.1522367002585892,1
21.11326221050678,-84.34804144133317,0.8404342085913521,1
-26.201228326212387,-80.85965042580503,0.8835545471343554,1
71.70868700569379,-42.55107709248609,1.1073109552626357,1
-82.21195821599545,-41.68086885359243,0.9756084841530287,1
40.51515304646501,-80.31378876537043,1.0306889443738827,1
-36.23726954390894,78.59928738517284,1.222874496124977,1
79.88385584746652,-31.589484422909248,0.9289936930868449,1
-59.972263842374346,57.872371476457026,1.0427431092020059,1
20.126333250362695,84.64599914190252,1.0308821722525305,1
66.80164351891617,-60.565855986588524,1.0805653500995156,1
90.02973219716345,-5.431027928367158,1.014915058829973,1
-37.92528579516703,-84.5047057084976,0.9178034479037817,1
52.69221859613746,73.5454376654715,1.0496935139780275,1
-65.04700372667446,-66.32773411074373,1.1355673454339401,1
-98.29325007586363,-28.859646868584917,1.132903342564048,1
70.85504485081948,54.04840795579353,0.9349010850912235,1
20.94626119332524,-89.3215102402042,1.1350887336081283,1
-11.725678330589442,-87.66418737186959,1.137869943676318,1
-92.88827142172303,-12.056882000975119,1.3220437154016402,1
-85.89805851727844,-14.986056184758208,1.0221285285270318,1
-42.763721090403486,84.54085900092015,0.8977877516584281,1
57.436763697533124,65.31806934241946,1.3107369461422647,1
71.29325040021442,47.00605482034379,0.884184398427225,1
-16.08419809554891,84.43159571715418,1.1041224706445039,1
71.86047512771692,44.817374173913805,0.9420710038147668,1
27.05905222464166,85.59717786485761,1.1363570579829103,1
-81.61144726994704,29.038943612755016,1.481912077776327,1
-51.39483187377349,-74.95713765530489,1.293221823979534,1
-88.56007216709705,-31.167236921885088,1.0583704628273323,1
-89.32431495047767,-33.67716725366946,1.136763632881382,1
62.692416839193235,-55.920411271009776,1.1015399157325907,1
86.52841016275825,-30.447575986688463,1.15565809256041,1
-86.42706842205651,0.7630471365420739,1.1669315391638087,1
88.91112801474306,-23.191427108244163,1.055306542651027,1
-81.4654189255075,31.54054548992836,1.1918468400471345,1
54.16975618342719,67.47007772548444,0.835896377574684,1
-57.690594659822615,74.75746369491888,0.9530573767699794,1
51.63654245739861,67.08528829736123,0.856482027668939,1
81.92770692697636,18.452482405295914,1.1292882638441952,1
78.34884443738295,36.48815225104525,1.002273417820731,1
75.91472428007462,47.92120953169554,1.0966784292223626,1
23.24360590089974,-86.63265406878257,0.9023033045628461,1
82.78139876968879,14.172090629644504,1.026056520302972,1
45.74596601201576,77.66369937565048,1.2260000204236892,1
81.58051920342425,9.788639190829425,1.0121708324216134,1
-6.650522477850343,-93.74988685871897,1.1370742630001556,1
21.47809079021786,92.39246144121377,1.033193137216899,1
17.228248949098464,87.52953117451865,0.7965723331180828,1
31.282281108048455,84.48436683872539,1.1219299078223584,1
54.9853978323056,-67.60376456679809,1.0048942471089117,1
-13.686190379485268,86.26143435763485,0.8348428414556651,1
-68.86143805763469,-51.49486346796294,1.0115649376764155,1
-24.45342363145756,-82.10357428900302,1.5100196735236153,1
-74.30424125125998,-50.53881214402573,1.062808011367907,1
-69.4594067336352,47.13567021721558,1.1998508331457236,1
55.651789601020475,66.96875207055825,1.092683921001295,1
-26.912265772288272,-88.38838633823838,1.111891209074142,1
-62.184889987641256,-58.68928292101947,1.0684943448149535,1
-14.14054717450818,-87.23918162605318,1.4564494402837564,1
-92.01662455270429,-8.099808145057642,1.0985180889114217,1
34.43928204466234,77.63385856285728,0.7971001922247474,1
-35.71945291349176,-68.93227755235252,0.6708042081521118,1
54.56768035918487,72.30544452622424,1.3500304736335147,1
-14.978561282940376,87.18694369655476,0.93542882468887,1
-15.110790782233874,91.47522116886732,1.1084414728169207,1
-55.60916848052593,-59.89322407716801,1.1684116150385255,1
31.614849113783492,-80.30610334849068,1.0168686675021623,1
81.38353573520291,-35.899930149265195,1.2261541715464215,1
-64.28055392731615,60.74235170889469,1.0558949414569487,1
-84.1398638388638,28.93031395949117,1.0823210244210666,1
-89.46574083537145,28.634746609499963,1.2021619731356308,1
-84.73019952254741,-38.924649723675664,1.0783702571868996,1
-89.59077804390644,-27.888887402038865,1.1911331475507698,1
54.85935023906705,-65.73334242091865,0.957822227550069,1
67.45423122489768,64.33823297315811,1.073453005042679,1
21.346832021876782,-87.06676903150985,1.1856156618737075,1
-88.09768264119215,-26.33848243911931,1.20637076939833,1
-73.6785236984473,49.527705191567776,1.5232830653736338,1
94.79028800979599,24.93483760507936,1.3016401307305445,1
-68.13851193205271,54.67698971644175,1.0677735623929485,1
-66.38826973327527,-59.55001189634332,1.0973521842698077,1
-54.880776921039875,70.91087019863909,1.1016982236263662,1
75.54109940719691,43.80332909917673,1.0082116958249077,1
-12.880488434068145,-86.01673969273037,0.8737866081710312,1
71.22218692407273,50.34145118217257,1.3708984993730842,1
-76.10187714299579,-51.536920051611986,0.943774370586635,1
85.40167502117806,34.814517621125,1.098273063207128,1
36.55930259313614,81.71478967654038,1.4042726301080202,1
-70.85461430662937,50.24024459455838,1.1791385958622937,1
-90.8036365551779,-37.667226359680434,1.133928215486174,1
-37.48561743343292,-77.56285800828027,1.3267017511569987,1
-29.532038909271012,80.80358110913565,1.0733597210313992,1
60.960801761522035,-59.48467622201711,1.136781513709449,1
-93.34551766921919,-22.467305008929443,0.8485161434640767,1
26.658455891121918,-82.78371972179492,1.0641265054252445,1
69.8145124058746,-46.97470536232507,0.9811574341677299,1
-48.23468979897083,72.98465992967265,0.9095849696645321,1
89.36129799059516,-2.2948614031535626,0.8179773885129367,1
42.863343496190105,71.14646586160988,1.107933812410171,1
-91.48533563383513,22.823510079534906,0.9026531811615277,1
-13.59516019477497,104.66492324623704,0.9081551478623717,1
2.1702123746147284,-90.39033486123314,0.9440623740332752,1
86.31478054912056,-20.339038910435384,0.9529043696361915,1
-88.93755844893137,17.612047710562113,0.8916634611755628,1
-62.60506263332426,69.66809423942162,1.1331601661240318,1
45.911726914047826,-67.3797852016133,1.0969660765787386,1
-83.62927333366788,-34.93122402231262,1.3388350106637013,1
-78.61171904361991,-41.33526433646314,1.0512566176255307,1
83.11751483378701,26.681918606958543,1.058925485344123,1
-45.8295202878368,75.84478706354646,1.2460357437129057,1
91.04652346138553,-15.091830388874504,1.1277409242889216,1
20.518144999118437,86.06925952324643,0.953503888807658,1
-39.23875901107367,80.85881488304679,1.0363818616499036,1
-75.60933736463794,47.04067401074721,1.5058180738215505,1
-85.30593153199572,18.199911722588666,1.0929421838695323,1
25.943602642430854,83.8733820446477,0.9939909216193309,1
24.16706027303218,85.90799165884627,1.4470690986026817,1
-3.083152777796119,-90.42661500731334,1.4148326820898194,1
-88.62153696320405,-18.49096882102795,0.9385554457847118,1
58.6179663926672,63.227377275460825,1.0923596211682798,1
-44.46208323720476,-80.02563609946947,0.9267939242836677,1
43.90388569856602,73.8901551048494,0.9640716101860202,1
-15.3551196565299,88.82762874502853,1.1490763448331807,1
-73.90375696370401,41.317589393500974,0.7672500486146038,1
-29.89085354083331,-86.38364396325876,1.3395977001137622,1
-78.97669513855244,48.722587088140074,1.0813284475173488,1
11.60011862648681,-92.27177193169449,1.0723389938665893,1
-70.21310346341396,-52.33656425604555,0.9700111098962424,1
-3.2793025243352276,91.68297116923398,1.460354354518146,1
67.67748892781664,-57.43275172067771,1.2912413881275935,1
38.39653191079768,77.40969437715454,0.793042939279774,1
43.58931979837098,-77.05517200835013,1.0408445756559526,1
-89.1455375821459,-22.43115011076438,1.2551179373752326,1
91.62919976288035,-30.909113891223704,0.7389180966086694,1
-26.708445628792635,-82.34916607361458,0.9456304906561372,1
-36.5403736734334,87.24319709853197,1.294983160640142,1
-7.535551250609445,89.71640366283458,1.0217462923453318,1
18.10859883544138,90.45705263636245,1.4661797624381707,1
56.57036360359129,-66.79811305655751,1.1999672442253642,1
19.20237255916792,87.5159929203349,0.9953172932021429,1
49.00949772643729,-75.70754632995806,1.0752658027282926,1
78.88236905713778,38.14048900313538,0.9686668262990799,1
29.101409349275773,81.08125089646079,1.3838102058339918,1
53.16109622144657,-66.33773022629788,1.1457380475828798,1
-50.37183455519843,-71.26799935371324,0.982439789375856,1
-90.72781469515208,-29.299250171372353,0.8223606683465708,1
16.855468333896916,-89.77906936970032,0.9053630964444923,1
92.22512079436108,4.80019314591836,0.9155101576737381,1
-53.37155202821247,-66.59930123650618,1.2928139759568904,1
88.45694582876753,4.273555460375783,1.0679033913607168,1
14.349218132912169,-86.8350098863592,1.0520173217494488,1
9.044438587940963,-90.01601433098385,1.1635103231385848,1
-95.60952749467535,13.398233814277663,0.9218275492279214,1
-93.22090152671373,-9.75622004963306,1.297130850484442,1
-97.49149230744179,-27.115178901225775,0.9818803506752056,1
50.590744267409114,72.89973591162502,1.1168822199096224,1
-89.64409707798941,4.309472456769462,1.270963898065054,1
-17.990754752919766,96.64476219313094,1.340138132048185,1
11.51258557562667,88.45712136296041,0.7983673246789301,1
89.72516338529968,-28.300641810349997,1.1562028678024803,1
11.307678661113174,90.1341750419397,0.8769118077760703,1
48.347184032859225,-70.01296540283023,1.00565635578815,1
71.00024587892308,-45.808631718881536,0.8530730651659495,1
68.36210788143293,-53.10344956741154,1.223068157166313,1
-83.15739301088344,36.1467190966675,0.9938843867097774,1
25.249057724668504,-81.23564466699968,1.0250817718130514,1
-66.81278408902564,55.716776259992415,0.9645214724763336,1
22.71005216815687,-83.28272442461498,1.1083071784537522,1
-14.842820283350697,85.37754948269948,0.8348428414556651,1
51.82738801921713,-69.85517250801209,1.3481670457908523,1
83.5049028398664,9.240343321480646,1.0659632239744135,1
36.84887622803813,-81.2507708721052,1.3475630810718946,1
90.34487712879276,-21.529757202319754,1.377754302197213,1
78.05139121546011,55.37893847142271,1.4463944630243348,1
95.66442367284435,-12.402587817184628,0.9941189459637866,1
-92.73385239646234,2.443148727416308,1.2239510029188867,1
-27.907128124225146,-80.90441164499488,0.9648788620375891,1
-0.715306117394705,92.78192852634164,1.26956736384793,1
-58.93938995507356,-59.45905679249707,0.9305003296330809,1
78.05833264760521,-39.01277683123772,1.1654893282331211,1
-90.53430267833511,11.390556931466405,1.4244857717982558,1
61.22839554659828,-55.041823634743075,1.008375761352851,1
-35.577949704439995,80.61639967119699,1.1283928595889419,1
89.08038275292103,26.168334832570178,1.0957501984899198,1
-72.5620681115778,45.138590699316715,1.067470033269148,1
36.772236788836786,-83.57782293512835,1.0450293790495335,1
-1.322246414867847,-89.1294348751918,0.9070894349653228,1
79.50885630003162,34.10407024761847,0.8954284622834336,1
58.861003234638694,66.76135842164533,1.0762762236994945,1
-89.27774371477412,16.137368998344122,0.8322818959465383,1
-102.86724986080935,13.792423673029147,0.9069064505494634,1
14.2361741126837,86.64824150511221,0.8242925388385122,1
15.736925636667749,90.63811176798534,0.8175503139754109,1
12.721138493752328,89.31952085268463,0.8640341218831502,1
-87.11876090918422,-47.65279394950292,1.0777484345918744,1
100.37956401516884,-15.443009848487502,0.9603457182443068,1
20.938564546528287,88.06689158648241,1.1387394915787339,1
-73.9768669550474,55.09882276173268,1.153811019054679,1
-47.24109605347214,-75.00274143862066,1.3240873336737424,1
86.01390481551499,15.791758130175303,0.9900843192223804,1
-77.47361339815765,40.362981792245705,0.929176289309008,1
87.26335910856706,-18.690728221705076,0.9615440325682398,1
65.90292557654848,59.593558797477264,0.9371737333810406,1
-45.26430018669452,77.95859681972473,0.9912615460249476,1
-10.918959199750374,-90.02469012879492,1.526735861718621,1
63.61880854694283,-58.82706798474125,0.9735276477220858,1
-88.93015792735862,-13.119692389418665,0.7702489574162047,1
-74.95198333309514,-55.14961996351023,0.8658349351691579,1
-91.45015488612101,-10.87598156937118,0.7403527308507537,1
-12.10701456646772,91.24628245311767,0.737529688104275,1
80.22174566617133,38.794892988904394,1.026075801003311,1
-78.59687859100003,43.88430164175608,1.3336805138949723,1
30.52133252897573,78.996390074996,1.2743480465849348,1
-46.285855178859364,82.20776652991749,0.9040134148114709,1
70.14585246092383,52.28154070855364,0.9673195731644872,1
52.7294323851377,68.48108446291894,1.0524963058345687,1
-82.68510756157796,-38.75797548054446,0.9370287549946642,1
69.66177065278998,-44.62762416641116,0.9249192343094048,1
-39.51625750594753,78.85189032739959,1.1999574324635565,1
2.0126750558066493,98.0067080593715,1.4356159878721257,1
8.552615673040975,87.38106165363665,1.006562400948985,1
9.566964581508309,93.62256605746786,1.3461735013672123,1
36.433204693386706,-76.99384899491578,1.1202508561720823,1
6.148202129164383,-90.49624357049754,0.8746038525749091,1
-76.43741750404182,41.67638128379131,0.8782102722357543,1
-73.81125044404499,-56.57370493403788,1.0988197240893522,1
-89.34936166547787,-29.643863428790915,0.6911952706097153,1
-55.892588382032486,-61.89282981443044,1.0037766315599521,1
-72.19826674547465,-60.80048053200546,0.7236072169758667,1
73.69663650533073,-42.23315596517371,1.1938029778886676,1
24.460171811050884,-90.14205105974253,1.0794699300410797,1
75.98401268377769,45.70173139540461,1.1748386544205576,1
73.05221445054922,51.724541109593126,0.9735623055328063,1
33.178117478135086,-78.71776870139277,1.1538674657150765,1
-95.93265188783803,11.38521956102284,1.3500534704806493,1
-90.29829951230245,-12.127306319167133,0.9731724268138566,1
-40.13111867684232,-77.95112608447485,1.2561919658628897,1
77.11400019261738,-34.716801603639354,1.0938143765531374,1
7.356316707667073,-89.02141619064521,1.121727418351854,1
67.61998392622216,56.13741469758163,1.1967958519472461,1
-16.035824567442017,-88.02882717092291,0.8995405230505086,1
-47.935429076387315,-76.88954343232908,0.9959131296503262,1
48.5288349536469,-74.42383970095737,1.0059668190354905,1
48.8618977749417,73.79320822954078,1.1571761977007837,1
-71.7948470419811,-56.13009141105377,1.2301999121523863,1
-26.24377911482495,90.87765336660652,1.2646543773095833,1
-16.2705884031497,86.051263217685,0.9487174151482592,1
58.29838914112946,-62.675347743754365,1.028702016536727,1
73.8918206385867,44.68192788727445,1.015722070556535,1
-96.49305972680338,-7.224749559299363,1.1469612758559051,1
-67.15432028778866,-61.82336317813738,1.3109296911090926,1
-91.26062933364891,-18.493006730194313,1.5852550229861155,1
-85.50735701835,-40.88937372991819,1.0642640541182655,1
41.82969624530735,77.57744980060943,1.3456192987207996,1
-81.83229815479443,-47.578083405473315,1.0928961062572555,1
-88.58591431097597,23.96503739098879,1.2329629384370457,1
62.064116079863545,62.098582218639734,1.2800625980202656,1
83.55790861563426,37.77924745221026,0.9899684461880088,1
87.45546474686776,5.95821562104751,1.1715233207904854,1
94.49556418070145,-2.848048332727284,1.3406812442170604,1
-11.234604560781724,-92.35374700298969,1.427831925896596,1
84.60976292294903,-31.17803227474853,1.1881396934788941,1
19.73205550334526,-88.21191722076435,0.9328454463160032,1
-90.7418141597576,15.011710376055069,1.1869104803013741,1
-12.709455056879056,-83.59605295894386,1.1072702692430896,1
72.64401557440227,45.84237479180928,0.883106969948905,1
-43.99848801484444,-62.63347878795834,0.9098797612385764,1
-58.75035350080139,-66.21007924610325,1.0379671249534732,1
-9.608301960072396,92.36133625191668,1.3697474604288529,1
89.04068274616563,-34.56523803354539,0.9494076611190565,1
-88.90639137779176,19.667748147428785,1.073080153014225,1
-67.98159292624247,48.96178667654234,0.9609958322190774,1
82.87017518774866,19.943361210032897,1.002690344479281,1
83.45437396950823,28.42843414945637,0.9554682916098064,1
-48.81658564843873,-71.99663061808891,0.9050076908076935,1
-92.03685121416869,-30.10133606317749,0.9918030455415442,1
84.77045472465062,-35.603405308184776,1.071503894397138,1
-87.6741443442089,-30.079539295572005,0.794616395897645,1
-93.64867676866193,9.10219392225382,0.9992251121593033,1
67.04447313302104,57.6837831699459,0.8291905420434011,1
-58.60404068003034,-61.44024415373318,1.0438878441620065,1
92.78071731617669,-13.982729233861416,1.0359886479706946,1
-22.23568459090121,-81.86979009056591,1.0392496589400821,1
-1.4663775406591408,-92.3817850615255,0.9243518511595704,1
-21.563269732513174,85.05616392891643,0.9221644725594005,1
11.039326414895172,-88.96497973636298,1.2290363971821328,1
55.20021114595419,-72.2642013626875,1.057126708850311,1
-90.53257702074092,-2.0075813726817358,1.0902648648546696,1
-68.50094216743223,-64.42197433871452,1.2662469074953255,1
54.8559931476278,68.86961184548673,1.161758992935442,1
-55.493964857802986,-70.86330970466084,1.0677311057993768,1
14.870955906841475,-90.52508968953097,1.4086653131833284,1
89.52712109183996,6.291636969323816,1.1271277271542486,1
-53.98869247789538,-71.83821754050031,0.9601876592712195,1
57.29436056299432,-69.39779423192685,1.5746693758662724,1
9.133193447458709,-92.19858786741153,1.0026809937741268,1
-95.74180632601954,-28.678106214755573,1.319369875612379,1
-82.82572329405725,37.85925753817675,0.9421966703001856,1
-81.41787942374727,-40.02393870923741,1.09698527322094,1
-34.45360563480311,85.84366297852966,1.151516418248265,1
-11.204628387600584,90.39975827579943,0.8644390784665306,1
90.70745021215627,1.0815636814611453,1.0287143342437473,1
68.88694491334323,57.793781485189,1.0086875027478548,1
-80.42099047774461,39.938943842453924,0.9228127780809203,1
32.45406148545892,85.87911709016183,0.8929881719049705,1
-76.15353320525553,-46.129696760230864,1.271819397047085,1
83.7860715539562,33.96077017242001,1.120982154683948,1
32.55676884352523,87.98729434376038,1.2862832694844843,1
-58.65510162636541,-62.838037559655895,0.8163381716842031,1
-31.191855592439513,-82.77617662744997,0.9781543496729479,1
-8.044921827363005,91.35982593928743,0.9074050653584247,1
43.82323467665172,76.13219864942498,1.305341757372939,1
-26.09026706275502,-85.92135067753773,1.370080381096303,1
-23.720332346671196,87.05447341901444,1.2069552751687236,1
86.0086826732762,-32.63092878939285,1.0505908772764498,1
92.18029071175712,-2.6281033371708094,1.155643217431175,1
88.4188057593339,-1.057797131894289,0.7935394094698727,1
35.577285936721616,-85.26090308164655,1.139917829136586,1
2.9634814924266624,-95.09824238043612,1.115583771481876,1
-92.90725994007316,-20.02551442330205,0.919304401034226,1
59.19298227696329,-64.48301236488248,0.9899907380116421,1
15.305081601529421,94.1531899649547,1.2451136878949116,1
44.480324194661065,72.39841025669882,1.1200017087626128,1
79.88732123217801,41.115441951998484,1.3550342577688377,1
-53.34418296949098,78.7786267436374,0.8694997140005213,1
-77.60242624004839,-42.64888752158277,0.9937973923766029,1
-60.84963010601784,63.429982741667395,1.017564331585373,1
-62.38779807880506,60.115485055933036,0.9621640970021441,1
-92.06389902124276,4.336466915111619,1.091431629644808,1
-9.05110774817845,94.06939979338037,0.7379669383688662,1
67.16510461873767,-49.54350784808172,1.1118936833981519,1
85.81345489419435,-8.188961755659902,1.1520425024595509,1
-57.58351803896066,70.80911547298246,1.3032400945279934,1
1.9831853113992244,95.32314131829595,1.044209569982194,1
-22.288776900065642,93.01612373296035,1.1110588046194214,1
-63.002311234082605,-67.42113879250353,1.1982489664423626,1
78.14671176464334,52.90187467548289,1.2131255634203895,1
-92.03617939598907,0.8429825224957547,1.2405502560045611,1
40.53521753808587,83.16055794557364,1.4419009653454158,1
-90.8452219291767,-0.43615331978579636,1.043551654774087,1
40.296491035740054,-77.97078846730443,1.2547736038141415,1
-86.06880787851229,-18.89117011840148,0.8598101078647173,1
-85.71244478627438,27.627031404143274,1.3430704206193207,1
-25.011560579751155,85.55192910562778,1.1946513089326993,1
77.11946747097834,-48.78779329663553,0.9304227795976788,1
-28.35193176903711,84.76581282043836,1.069541236050511,1
-43.07611543112972,-75.46991385467499,0.9295283688173968,1
28.121002128752114,-85.77345244526512,1.1347493576839391,1
-86.46950488352087,17.023674221243944,0.9365871972076079,1
87.7403450396671,15.137249636243881,1.008964268274112,1
85.49607719111414,-27.282142141083817,1.0160314072157222,1
-0.008085897660092647,94.87183724595332,1.1137399942114574,1
-77.51178251052136,47.380971272968246,0.9814376404924758,1
22.002145769217957,89.47798585855212,1.0975670990600348,1
-0.11550149892908446,-93.01311133971446,1.00491279812673,1
-28.369134119941428,-89.92897557043807,0.8732834031978683,1
80.0416540655171,35.864837353420334,1.0194172285703127,1
-51.224739240852095,71.027102610437,1.1840811119123118,1
-99.33141195293996,-35.49385636877497,0.9012158954507298,1
65.37316740578305,-62.486014838858694,1.309965103584774,1
75.21403992544292,-40.70992193298438,1.159534556934605,1
49.89582837779377,-68.84176042021306,0.9086651489787325,1
-58.74126697330585,63.601775862082526,1.1248289231814759,1
79.50786160627186,-35.20619093344827,0.9340697567447653,1
-93.00862376991331,26.05985206966011,1.1915905805129623,1
-61.835021914298444,-61.939950539748125,0.9661970063250058,1
-65.28309313393622,57.183186186029786,1.3347628978393637,1
-61.37989939897354,65.42763987208139,1.0688016095698725,1
-4.929702273440958,92.66766004808461,0.9187635452745732,1
-59.63454341515641,64.89846279188151,0.7759743438059401,1
-90.22897700873666,21.262956383456434,1.0118131902672909,1
-18.687573426393755,-82.64177517719838,1.076770423964115,1
45.075826616145,-75.18094375125408,1.4418643923271603,1
-48.98587658788208,71.48941251609922,1.1662386529851128,1
9.023861788671601,-95.45031584105296,1.014517382613722,1
-29.068244439945012,83.25031112796026,1.0887354592392928,1
38.06656847973712,-77.92195804637005,0.9937207808922642,1
88.13867726072412,8.223275411161916,0.9690879596567933,1
20.061978440885984,-94.96316457220357,1.5166423676752314,1
29.774244826225917,-84.78509457639703,0.8730493394741481,1
90.38435208872947,-25.130405795195927,1.3266615536625308,1
-92.82044500958594,10.962320987719579,0.8399978453108172,1
77.01831462448112,-43.91353430780276,0.794183817701076,1
-66.18427025868297,67.82750434982997,1.0635547641206802,1
64.64779996441841,-66.70880543467058,0.7615840122196585,1
-60.452888298744206,60.974760087069,1.136100337731373,1
86.59789316100196,20.22115370327324,0.899525194955209,1
25.295547527526246,82.25714663664098,0.9142999835949803,1
65.65672411780093,57.16806133911808,0.9374875121811356,1
-68.77352442829255,-56.691576144571115,0.8321035155147654,1
34.78936189579975,80.81897268626058,0.9203035106804364,1
89.48180896533705,-15.45432740089806,1.0519687742482926,1
26.678880269655934,-93.20897239215375,1.1011813262838366,1
77.51558043214958,49.312214420922594,1.1662430844212257,1
-80.34638844576155,-44.96264467619357,1.083497964107302,1
-35.85292273071237,-81.94558473136215,1.2819600153300108,1
64.22235935226688,63.19064568560716,1.167402464671869,1
87.69021247417447,13.377967939789883,1.0654453539087065,1
91.35764836646202,5.962194396086606,0.8266318038439956,1
-58.33695265304687,85.17715694755728,1.0469299610821035,1
-28.12177617762746,86.97135758392112,1.0817078186558469,1
69.0876885053796,-51.33574706444288,1.4398295554889973,1
50.22355953272646,77.8033380283925,1.2438724047201895,1
23.354338270834003,-88.44128277770862,1.385776373792442,1
79.9812311313181,-42.02999953471189,1.0934192156041185,1
89.26783049560895,18.215540216068497,1.1079834464296279,1
47.036415383029464,72.46476665789731,1.2705284480516688,1
61.5470079506156,-63.94223052415191,0.8225660676206705,1
50.150469980295966,-71.10230145867591,1.1931482600470154,1
-86.56966951487597,25.35299981607943,1.2378960141463178,1
-18.81363777236934,-86.22801264730641,1.0826525886915999,1
-15.520880558561942,-85.52049660204766,0.8698578946200882,1
-75.28444042391742,58.697897718859124,1.3247631434629354,1
84.60765651263422,-19.878457442207633,1.0680336880574743,1
-8.722533070551073,-93.03590837617125,1.0089304802523364,1
13.583997072904163,104.99880207310089,1.0068560847217776,1
-66.55977587838157,61.22989259969249,1.0951850329632107,1
-66.0566178928453,-57.54104461541829,0.9136003980348687,1
-46.05560832829371,79.58053276213303,1.064042679166611,1
-71.39070143708675,52.31718844274073,1.163717661631909,1
25.821852126234496,90.20638980889935,0.8698912141040567,1
61.3204830250564,60.384675135860824,0.9947502182889403,1
96.47951828373402,3.471529158660656,1.319282931799084,1
45.577758062007625,74.8096612173426,1.2335688606976014,1
-33.25138815077816,83.78405007954119,1.0495112826754465,1
-14.739447203561342,-89.47007619873953,1.054091379568651,1
62.477709745177684,-60.02591396405424,0.8225660676206705,1
-59.69953007412832,62.373266900401376,0.7734760594246752,1
17.988744088528353,88.58719219990031,0.8285271808043957,1
-61.26507334740664,56.12428658768096,1.0918570883891732,1
5.109343966456187,94.49570823979766,1.1039634052440117,1
20.769664793513023,-91.18663755468543,0.894618493459705,1
-92.17136021426045,-34.980657211495256,0.8948084546072657,1
-22.084560973115217,-89.11063516313206,0.963732392675515,1
-80.26030917808878,36.143651544583136,0.7521365567182162,1
-81.55941748580618,36.77850335952333,0.9172888312324945,1
89.07829157249164,-8.623609854496644,0.832000055064532,1
79.42545017008973,-37.250096136511125,0.9929927983434704,1
-98.14953672145145,10.974018586334513,0.9603888148436779,1
5.807022169561808,-93.70612033328891,0.9290619911780928,1
65.35269010162946,58.58479376012577,0.9274858976881136,1
24.281515278790906,89.42685596085477,1.1642424958031832,1
-21.49120416961753,97.65823757962376,1.2559742996434227,1
-92.48690998202281,-14.868398122887772,1.0076393169842175,1
81.11379468142732,42.863343496190105,1.2042910712862098,1
34.118791715263086,-80.52364287375329,1.187425474615663,1
-90.77412483629627,2.9509851051337637,0.831321461326664,1
-54.61943010420949,-73.57455311696911,1.011826066164418,1
-77.50678036984027,49.768798706423546,0.970573617452155,1
-76.71019763981046,48.54749173072101,0.6994194622048602,1
45.55179058229083,-84.79994062323848,1.2095825749649192,1
68.7066810076357,63.182072290348984,0.7875397214903833,1
-87.83316075328999,-43.76180363077171,1.3156983724150646,1
90.39363305633138,-3.7896261678302845,1.2469536718464411,1
-77.84334106866571,41.99229017075586,0.8965720762468327,1
-30.895051919167695,-80.45761700961134,1.2294629766721177,1
-36.42618282981133,-85.50735701835,1.2156555306162318,1
-30.136236839879135,-84.10334677642871,1.315544335826817,1
78.68109555770663,42.8264813156808,1.0020834113612167,1
47.163350363670766,-73.32343453891063,1.0620155196613725,1
61.13612455840612,66.0793033279472,1.3785158662749555,1
-69.24481284988562,58.294972121086175,1.2728473516275685,1
-79.40770498733315,-49.58794353113201,1.0465311111920967,1
82.84406447655456,-32.30601499833248,0.8452760279637546,1
71.81490006817816,-47.01042071944074,0.9695589887833764,1
-4.731957153997845,-89.20533000906256,0.9755420087149722,1
51.363092100166156,-75.31278588777688,0.9360537092052613,1
-52.57215603432482,-73.09736104589633,0.9339741853004807,1
60.73202219677394,63.65045368795145,0.9369712341155896,1
-94.06982718098045,6.534435864944944,1.0390712010117336,1
14.238738438284367,14.315027124903553,1.0036354971748893,1
16.304477549986178,-93.99286341622017,0.9763353540153759,1
-83.65871866580964,34.14889363516827,1.1536336898142745,1
52.45689352909602,-64.18107759543828,0.957822227550069,1
67.43057934055085,-55.06150818173532,1.0215874426068143,1
85.5010904476634,10.069809405085799,1.0937723066972884,1
90.81514238988113,-11.041697549749545,0.9306856099299082,1
-38.154463237419,-81.67669188008355,1.1802961070255917,1
-79.06845563789162,40.52904591543999,0.8482850429622532,1
92.51529026310914,-28.927580127622008,1.5287667095275892,1
-92.9360917231655,-36.636650986709,1.3330754469739867,1
70.97320067911785,71.61173125012911,1.3617035567856282,1
-96.18246018293478,-21.190408776661826,1.2999435072973975,1
-37.560860607547596,82.140280384062,1.039473997042532,1
61.42894593404669,72.16015264185373,1.0640502946816868,1
-54.809933853081446,72.998028613804,1.0193760603854018,1
-56.16239906437124,71.80561625975362,0.7867138075266706,1
92.22303193746558,1.1175384391063306,0.7493322222089469,1
-92.88816794893563,-4.755997331602514,1.0639586827323408,1
-96.40134254477309,6.463520051012806,0.8862728934568059,1
-87.18888681924831,-18.490561239194676,0.6636589202339328,1
-76.01189561518852,49.4544904080724,0.907581243274223,1
-95.5253247932105,1.8771227647520814,1.326405145277342,1
-43.47251246060625,-78.96753470299731,0.930354707256822,1
-37.720899182004814,80.33743620192357,1.1642068912944799,1
76.35752436995841,-39.351506127753005,1.0146517919359745,1
19.583928619938476,89.27535644975067,0.7943383525701997,1
-49.10851613652075,-74.00055764910643,1.3119846215919446,1
-93.36734572405089,33.12167451978329,1.057578250935506,1
28.98333073321576,-87.83613825166475,1.2171599737344698,1
-91.00339528887383,42.11902836566195,1.0342433299386862,1
-39.541033725634115,-80.25114244164938,1.1242098724111265,1
-53.89250790456651,-81.88099150788054,0.8888763822089532,1
-41.54736365200883,-79.65203003307914,1.1333547540452475,1
-6.276597199676016,94.13893148204184,1.0321048219128808,1
-11.490911722124224,92.45500499270554,0.8987886339830499,1
90.81514238988113,-17.640878526614625,1.188016694800934,1
-31.94059255230275,87.18100434039728,1.0651797660364422,1
-81.89925843457827,39.53724059331437,0.9483276642982084,1
98.32249407240099,-27.572911020941003,0.9141926453209984,1
-56.03136039136229,-66.37017471754525,1.100237564297884,1
-70.37492212317738,-57.36712135333692,0.9924657515172135,1
86.78305176526044,22.116021054819694,1.1488875885129424,1
83.16809203400686,-36.91162977581625,0.944182001889899,1
10.44167340650976,-93.93328352067735,1.4086509471347755,1
77.17481797456998,43.78866265714434,1.0082116958249077,1
-59.808467927413986,66.73818457525462,1.276354145711784,1
-73.44420844668831,-52.48537794130774,0.9427190098807312,1
-2.931995496992637,-92.92374847787377,1.1556613597890897,1
90.54864822594668,-1.6095192079209613,0.9434286988920682,1
72.1212657461886,60.18693001641768,1.0440711353070666,1
69.76680135597964,55.25281227311628,0.9671217838843119,1
80.67165330520768,37.117088072679934,0.8607531966444433,1
7.93371496357266,-93.81174554989285,1.0332101902881807,1
3.418924379235066,-91.55314038887714,0.9510837069775964,1
46.7823603947959,79.53724332963753,1.0331028259105381,1
-4.355266627171363,94.10822528567762,0.9755719580930846,1
85.20577830405846,26.578092924446825,1.134523444708981,1
-44.93310227152828,83.91117194204031,1.1928328186260377,1
-51.23474468984746,-79.25368809495073,1.1652818997189354,1
40.920706583351084,80.75172615286954,1.2482983915520203,1
-59.154062537636314,-72.23582443882374,1.0699829750155763,1
-49.62765894015862,-78.03849998433341,0.8870886169052025,1
-73.09686138577517,51.28919539648544,0.8756504660306846,1
38.65632335466389,-82.30532645932044,1.1948051397546453,1
87.41866107775614,-33.1553810742338,1.0239625266251842,1
86.98737356579757,36.14213924999817,1.0544750185615956,1
-63.032905920041145,-84.62069223611758,1.093015395076317,0
-69.62912021269992,-55.30457516594197,1.2565221340809052,1
-26.939291095964823,85.9286098256144,0.901803498766148,1
-40.5880962930635,82.23668916385552,1.0518461729146318,1
82.66969033571068,41.15229723915938,1.0073906449559047,1
97.72432141595493,-3.9217338733090426,1.058306991148341,1
75.10639063863626,51.708453924293764,1.1113064222879316,1
-83.45093237462312,-18.615013134233386,0.9189958141633774,1
93.66595000837494,12.07037923014621,1.0572073560340627,1
48.64398010496634,-81.01906318888463,1.098206185731578,1
-43.54449248386159,90.91976687438746,0.9756236158355572,1
-90.28647169923171,35.15887968116518,1.0704771616554913,1
-95.42651656986622,-22.99728711306951,1.0952885761633664,1
90.66298565601755,16.90654807336645,1.0978591758088023,1
62.266065188027255,-57.9764201972908,1.0602832739814356,1
69.05227571443591,53.68184446446454,0.9673195731644872,1
-25.87675922177403,-89.67462652492404,1.0860009649393623,1
86.08701480685842,30.753195644379087,0.9984231981763532,1
70.06735450690239,-54.88333549614236,1.4594119851529344,1
-90.32708711993828,-35.837411891121455,1.1567793801852109,1
-58.72671957706916,72.91065471394545,1.204236319801115,1
-21.55155396992524,91.20312485325881,1.001096200575257,1
31.697453909197478,80.61658344159835,0.9362884016827154,1
-25.486749424635192,-83.98821899545872,1.2000166055547177,1
-20.600526583348998,89.757081402379,0.9052527490446229,1
-62.16674595450411,61.816763893517916,1.0339175769912998,1
-104.99708813923787,-8.62558640725802,0.9640412683832544,1
-65.77050779685204,-63.8079317954648,1.3388685197195036,1
77.38075421434746,47.027764561542945,0.9489486162670695,1
52.84219535287255,70.61101240388354,1.2275099722038578,1
93.86789563328281,-18.759712672371368,1.011882684907393,1
93.17038997655405,2.862962686220691,1.0135509062415529,1
-7.234129200585071,-91.7409237659782,1.2531849557620247,1
18.757934921821995,-90.56587213368172,1.197043466171508,1
20.70860589964381,90.77850705355962,1.0627434039612118,1
24.722191046792474,-82.96711713730917,1.0440563095524071,1
91.62296032020541,-12.755319788406384,0.9498972243293853,1
-70.52184670211852,60.9844318035225,1.272059238558357,1
-92.22493089827967,-41.621423123759286,1.1885175717222891,1
-45.850408856792036,-76.59838235893233,0.9843077253144703,1
-66.75058257258108,58.49263497893565,1.0563887954000848,1
-94.09119656098582,-18.99406657088144,1.1902661404016697,1
-95.43108664439791,-5.389250790456651,1.4573755735679386,1
95.40505727498324,13.377967939789883,1.0611107025749924,1
-33.77842281364929,-81.48791430745932,0.9337069013770524,1
-76.19685764457014,43.36931105532857,1.0794925013565477,1
-91.43781164082925,-23.06667700904754,1.3097193845931874,1
36.18703549549021,87.57291512542572,1.048194546589608,1
34.30947450901182,89.24536643289346,1.258968254182921,1
10.33861289350257,96.0014054396667,0.9953484636149593,1
-2.7788999665305796,85.12596056104624,0.8199472889088997,1
-26.18547028296544,87.45274242710421,1.090715746979678,1
-6.989636535028745,95.41576936162697,1.0570992817069322,1
89.0312586011021,10.272998212196054,1.0787249893202706,1
-91.70934366009645,20.572256339650135,0.9864688391979503,1
-63.48732391134852,-61.60735270537527,0.9071369024429312,1
65.37599868771979,-64.36812523562855,1.0054090124358874,1
29.517338382547624,-83.3597137216215,0.9509702769239362,1
88.39475912198746,-37.24042396826785,1.5246918698065086,1
17.653161719299447,-93.03304422250835,1.0685721321641217,1
-46.494268276354134,-81.3732634742343,1.1984275864674163,1
82.67934318993596,31.884311653306337,1.2190591487069915,1
-91.77107926370634,-28.153993030060022,0.9962135711193679,1
91.71025126085419,-33.13600861108982,1.138504921104271,1
-77.43071149114955,-49.669803349611215,1.0143010144439821,1
39.77936887305802,-84.06039557375257,1.1226002288861647,1
51.6626531685927,-78.72901639236868,1.0163226186053242,1
26.625962561635948,94.3838383482817,1.0802931569812795,1
28.005176509117153,-83.97972055199963,0.9966828611234877,1
1.4854093479294954,93.50651845216085,1.0443518008740762,1
5.274817760527858,96.54333291660312,0.9589173633358041,1
28.40344052260209,88.4087792462354,1.2338051325728274,1
28.45858634464395,85.05825278581193,0.8314489540721017,1
-15.050763631446676,-91.27864874101466,1.0853815819837598,1
79.78161862798366,32.38818026445317,1.1883544875643184,1
63.59400903188836,-61.032149964765495,1.1243667644878106,1
12.675759878435736,91.34066997297619,1.1077465642564577,1
94.70542947210843,-5.288985659471416,1.0189465612933395,1
79.13614642502492,-40.68541458964752,1.075272403785501,1
52.60263877157933,-74.71318901072026,0.9862444772404432,1
-54.69771931607468,75.24520369332389,1.2242557879721867,1
-44.11665763350561,79.53030189749238,1.0411508003958678,1
-43.490000564847854,81.27742180491019,0.9092128509420757,1
-51.2644045673957,74.3061029380422,1.1780365378089823,1
85.91099789492661,-36.70735935114046,1.0727507486932097,1
-56.00679436229874,-72.44700632873727,0.9766759057577414,1
-59.84206383876421,-73.76122319906811,1.1649476333638171,1
26.216253437215272,-90.76852789915995,1.061554341432723,1
-86.82618530375244,29.333247695625044,0.9892892756518007,1
-60.31654626480672,-65.07913998660561,0.904813724609702,1
14.281617325377105,92.39801650691042,1.1432845719276317,1
-87.4479050742935,18.523982949523088,0.8079550342523352,1
-78.14805306830056,-44.44565259455093,1.1689067261821535,1
-29.810971980432974,87.99504785409299,1.3461584886870153,1
-56.220633862670745,-64.61404066105638,0.8163381716842031,1
75.45122793507434,55.48747890945156,1.2035400099584137,1
-24.93483760507936,-93.70204451495619,0.9446852222426154,1
67.42563396174981,60.476407064208985,0.9996929338905383,1
64.09577043271192,-65.34265731804119,0.9294905212484819,1
-58.37658737362864,65.63188365742168,0.881740892808015,1
61.876688647510484,-71.03727561479832,1.3612695139209985,1
-15.64808553394644,-96.2361845633331,1.3183545984746547,1
70.19561820276652,-50.05736664438109,0.9876884649009446,1
-90.75828472413953,26.509122436097602,1.2870704785220028,1
-94.54166309149922,15.182388153066736,1.2987709796365727,1
-69.48284054838753,-61.24677621745709,1.0651920783397826,1
81.57881401412178,39.93297567989531,0.939537515457993,1
4.682325288285433,98.32883105399416,1.34086389583571,1
-60.51035959582822,-63.19704145074962,1.2517061666044753,1
-40.927669439669515,-88.4073866749717,0.871254733300471,1
13.128024280585048,-88.31628113243914,1.1735591976429456,1
92.48000991368255,-11.148666454027415,0.9274121761898029,1
-73.53928745020879,52.9719702795727,1.1084670597409332,1
84.17074334385926,30.296576621790056,0.9281377596010723,1
9.367160878458009,92.03140202226733,0.7701871993776497,1
-100.0199173496783,3.928867360889022,0.980287464289958,1
40.50061425213979,86.6132906969256,1.0525150949223638,1
61.47360109330516,69.84748834099688,1.3273152978895704,1
-91.52462717543976,28.352145462837154,0.9558056532382277,1
44.57620615052127,-83.58560867446624,0.7933483053947669,1
-72.10894684654833,59.39262879178567,1.004202266433663,1
-68.24664099487991,59.982140124699455,1.1862428890874306,1
92.00519400407501,20.834855492230524,0.9752620748555012,1
-22.75078487761963,-83.96264734410865,1.2871728893802292,1
-13.358494585533492,90.01852369674839,1.2798164550479239,1
-62.15363851824326,-63.85098394992195,0.8800729145641473,1
87.14892607863824,25.51856567412387,0.9524285329587375,1
47.01599100449545,74.44685975654072,0.8506308726806939,1
-83.71230238617312,45.29913227610326,1.1649007050911604,1
-67.2422024277907,-51.30612327574269,0.8411032601043477,1
37.99270545220884,83.47504331809958,1.0553353710167757,1
91.4831058681349,3.0132496230951418,1.1976175854845457,1
78.7354990516996,60.105776725534035,1.3438442846822987,1
-18.237178039960675,90.18906825803143,0.949242779008228,1
-57.39857386305678,-67.52792299336053,0.9119417527296241,1
-82.61911065703639,32.57652669222368,0.936654847410577,1
-79.38402223317998,46.19134014295467,1.4851937541400761,1
8.741866107775614,-100.60084012916381,1.073917012034868,1
-35.24820679786113,84.36308121098094,1.0310724604020873,1
12.511344605549516,-90.26586384622287,0.9759567423447132,1
84.06647497760748,48.23199186247172,1.2488239879781804,1
-84.03993504924311,-42.13746572499487,1.0425208080198578,1
5.116405411890617,-101.0670302076109,1.514115528505448,1
58.72821161770883,-65.96610076070581,0.978004316747953,1
-75.20061347010933,51.38764486111483,1.217808914342822,1
-47.59127108227602,86.3960100742232,0.9711705363720486,1
91.97759125224127,-16.8649083602517,0.8675409600899753,1
63.75609016523947,65.3477991196302,0.8977017427592842,1
62.55334077070532,64.29933701717243,1.0819290411139868,1
53.956566182695944,-70.24407968274274,0.9826896348388636,1
18.48731883446132,93.15865276484962,1.204294573125428,1
-17.57298337381461,-92.74904408297525,0.8391833959412264,1
8.239529715641902,-97.28952064632321,1.1230474892178353,1
-38.48993679597866,-78.85984479793053,0.888987879630471,1
54.90908492705577,70.23433168389693,0.8864581694534569,1
95.3728082562453,-0.7893680268355494,1.0933849801073965,1
-57.92101763165204,-69.46685439867687,0.9660489964786375,1
92.84193039479709,-4.6838139760247905,1.176934568205059,1
-81.39380097480375,-43.424350776702745,0.9442237891681863,1
-40.3149380836486,-85.13216618365362,1.5232567135540438,1
-97.80273732722016,7.787750002260444,1.4356617996473213,1
2.094825058084487,-92.81238799013177,1.0804820216744393,1
-94.54546101312745,-7.945252046254637,1.1494669293369133,1
26.815138011764095,-87.1554651089199,1.1623922836186316,1
45.19051997388732,-80.36022373169294,1.3071957223303838,1
-77.09553030006748,-56.413061891834346,1.0138520313196522,1
47.40825634150787,-79.07752567441167,1.2367429027881813,1
88.54592350585888,23.797122108407745,1.3339333472516672,1
29.372023250313244,-91.65769292606356,0.8535378898542366,1
-18.71615778391146,-89.72336651915298,0.929639054699965,1
92.26079204288466,24.92407979611458,1.4547930981492614,1
71.93285904580786,57.71880224142971,0.8441541368978664,1
-67.29157540895768,-66.02401906553631,1.3549777890870003,1
42.01288033158317,-78.42165602059845,1.0371188433292249,1
-21.562452353727966,95.07931669243456,1.2039853233183684,1
50.71829801801849,74.80750729401313,0.9673300579582335,1
-84.63828260997464,37.6192132900542,1.0654545554144306,1
-31.865804771652495,-92.72064840725018,1.4638678543243802,1
89.28663246752104,15.970422060388355,1.0089449764972027,1
-4.583842361230957,-94.16087475251156,1.1220260575291336,1
95.91043404631291,5.3619057547334,1.0568628421132187,1
74.20180878342383,-62.20740542750292,1.1898703266141417,1
26.37656570804894,86.70655077246326,0.9457002792778653,1
60.60669078304239,-63.408743104326334,0.7958818552075473,1
-95.26426985052288,-11.047068896052334,1.3585986716729397,1
-59.35888571885795,-70.58086768682136,0.7445521780593315,1
-64.95529781418796,67.13789853136664,0.9371470860440395,1
72.05450424148849,52.926718775223414,1.1601593451564676,1
13.470278534920459,-92.32082841939244,1.3533745739163423,1
65.82032521565635,-55.91647690503982,1.0079751980247569,1
-88.17064956014543,32.0479797347675,1.2221213141204705,1
-66.98595442146257,75.89185723250446,0.8918456820490266,1
-96.16500330745073,-3.4054335559629743,0.8608522148251719,1
87.56733853914355,16.929570768561717,1.057753826277343,1
-91.89004357353174,-25.0810276185137,0.8597463563400207,1
-96.48863536770634,22.96639038039271,1.4732931288167823,1
32.41847060816781,-81.94026611274396,1.205025478185687,1
-83.48518286218133,-40.40974005044553,1.0244072037160545,1
89.22552229238596,12.543585657632622,1.0257207369040897,1
-64.0241376726718,68.55628331115786,1.1340138649775016,1
75.87736658223531,-50.698717740855614,1.336349044216438,1
-81.13384594487594,48.1225034521406,1.2629325037114683,1
77.36777798211769,-41.50906794225751,1.2000680898054055,1
6.631666543969394,95.80224281801655,0.9845646754068352,1
-81.34008751177596,-48.951625833656536,1.1984670878942867,1
-95.90410934417281,3.7778468996224324,1.033938116510396,1
98.36624183002426,-15.042134391441301,1.044041826813587,1
-83.90091315450711,-6.181887298921056,0.911999360960356,1
75.71975692725177,-42.88292652958566,1.1840344647507448,1
90.46142928890545,-7.751980034506997,1.0600957607520431,1
-28.368619763934323,-85.00676003443387,0.9781543496729479,1
74.5673707312826,-46.898050930548074,1.0514592935419118,1
65.48206219732883,75.36451619960968,1.3380623945556211,1
-70.52302241894526,-54.06283008220169,0.893617991192176,1
73.58647653795113,56.81239111096102,1.240645529241656,1
-25.41721070475834,94.5901245714754,1.0213442735556693,1
3.264065948921665,96.69591028984155,0.7818030814047716,1
-60.80977182133931,73.01670814505604,1.2228716766730703,1
-94.83874496108513,21.153157495358283,1.0393587621359432,1
-64.04435241682206,58.9952868922082,1.062235980006195,1
85.85201840611177,-34.55804847957939,0.8013947210545218,1
60.558572472413324,-65.07050336674912,0.8372503551941199,1
53.47853444708955,-71.42751206209884,0.8674405524115946,1
73.19354561922522,-52.20053381919058,1.1895135492239952,1
-72.15894708626477,53.97360470168691,1.0226416756245873,1
79.26442339664293,-46.981689775474194,1.102846511315659,1
58.389247112389405,76.86613583372247,1.1622940770372696,1
90.56857201674399,46.88673765536826,1.0374829542215416,1
-78.27910875333234,-51.164139436410466,1.0485642524187426,1
31.288906054046578,82.3622709900021,1.2753308016158578,1
-90.56275085326311,45.35700645215925,1.1112146176478672,1
66.00453572758349,63.01162156767412,0.9883407727436022,1
44.993977529626456,80.89264265153808,1.4959661626374723,1
24.099440411809468,-84.73000384508646,0.9307615759896474,1
25.793953193199144,88.12294879820281,1.198524147953085,1
-78.32377815463667,-46.330845942763,1.112292068063186,1
88.41482972827758,-39.73005815290136,1.0870670147188708,1
-100.01191037382321,17.318755150537243,1.0227172171827372,1
70.91033421255044,-48.50870630601122,0.9755293619140581,1
93.47373500366164,-1.1514823636586158,0.7861751458077008,1
-96.33243446247435,-36.166581200317815,0.8800319344067039,1
64.02868599010561,61.19828489666809,0.9961649680420525,1
-92.64171151522095,18.456412969946097,1.1975494169065621,1
57.053138283578484,69.72300483534977,1.0810143286900376,1
37.6046462617038,19.280149145703437,0.9654766421738699,1
88.6385535047432,-26.871055104044334,1.055306542651027,1
87.25087870130905,27.27373280751729,1.1403496261030925,1
23.17882906787518,-91.9951282970731,1.161705173500246,1
-72.55017769540324,56.20139105975443,0.9918200762724945,1
-20.671039719931162,-83.02557893782095,1.1006044594620352,1
88.48967497691665,-16.75453126293131,0.9777012816591817,1
27.29874855340324,-89.21638354346805,1.1396506995389701,1
94.36933239761836,29.113442981391316,0.9963285735444382,1
87.17695049413099,51.27248454132125,1.140884194320147,1
-8.957196143069702,-91.19593655755914,0.9747178957788498,1
50.375491813062624,-76.85291343990565,1.285665968646541,1
-42.408569509221344,-77.90958767306667,0.9078929225047869,1
-100.21316430149767,0.2109235987189577,0.928580961297542,1
85.92830709273098,32.61341352970988,0.9722708822849888,1
-10.216831171227462,89.76978556127575,0.737529688104275,1
79.23173461855858,48.467050261254094,1.37342998654029,1
-50.77265092703471,75.93740835556238,1.0532237658306935,1
-53.38201165839167,-74.62110099026508,0.9386865096699376,1
94.98582003138999,-29.479267787699833,1.0695603453731706,1
-38.85612559228677,61.87645769281684,0.9338355196126511,1
93.58816135565918,-12.38323517241726,1.054811508011656,1
-96.5784956266082,16.659619051674902,1.0713478618376988,1
-76.4719515468347,61.31344687551356,1.377499323735583,1
58.09271707756997,71.0500570818164,0.9029195597350119,1
-76.48797135159738,-54.75789147557007,0.9459552977186377,1
-53.20648332414119,74.13023302711363,0.8759867488392585,1
13.060397665404977,-94.5085294993633,1.1053917598545566,1
-92.3181909738173,-38.71348113041212,1.040819290220796,1
28.997596683154736,86.92628766666789,1.0120328991856116,1
43.01931147772271,-82.35666453426519,1.3717375413268023,1
-94.22311241493155,-41.57869650544172,0.9918717938888898,1
87.12512171401646,9.72307914948972,0.8514328659176106,1
-30.414800827303896,-89.05110274160958,1.2815084602272262,1
13.61099153124632,95.09789584196498,0.8309448754916734,1
-1.5392264248905987,95.392872276426,1.1131605688872976,1
4.8527443878163306,-95.53112162095884,1.0918738212432375,1
0.41531390040454086,96.73373409245107,1.0590083615976313,1
76.24178464605325,53.561274882561676,1.0866308573231458,1
-19.384591990479745,88.76945520352952,0.853200024371972,1
-94.4812195728202,0.30666196976867655,0.9697352193813281,1
69.44019959747513,60.000765226430495,1.2747774404195196,1
-84.26448716551212,32.23474811601452,1.0401146245534594,1
92.9132435882638,-8.173208150791517,1.0011517051819199,1
-20.996309995132837,88.31247194936797,0.9170077863494805,1
-93.17495386556946,-1.088592850696895,1.2427791549953031,1
-62.90454597496156,73.77763730208736,1.06510943483028,1
91.17164063338421,7.498996254937733,0.8626938708049712,1
-94.71175572442061,-34.689944872125444,1.3311476208310213,1
-6.048889810096393,-77.14478334686724,0.7262113068536027,1
-82.46807023535992,-59.73809358604573,1.2442201440540501,1
-71.04399363654636,55.33263679065167,1.016670338590354,1
-85.06243049960301,35.64425406525284,1.111552117369822,1
-63.23539511000932,66.14840099886084,1.137785365121097,1
100.41745685731375,-1.3940709558140136,1.135449542054623,1
-34.59594631182678,-83.64529030005268,1.1022665634706474,1
-82.8133710691101,-52.488284513982414,0.9859129721119062,1
16.157590364851185,96.5695479479124,1.2062664857126384,1
-87.45107437441084,56.72759091863193,1.0803633123384289,0
-91.18966214385541,-39.921741491549604,1.0446452487385423,1
93.21018527680275,-17.586827410717493,1.1399236988748922,1
-45.49530318455266,-86.35961063172454,1.2695127912312687,1
0.05222142238815534,-97.78983556404191,1.0555740743823174,1
-8.713517335622063,96.58874284911452,0.9755166177462569,1
-3.7042395613991577,98.63234117857066,1.216064912369342,1
76.87913888743267,51.252051171205224,1.1095452554518999,1
-92.67422502689915,16.184463226534174,1.103758153324869,1
-84.9712170818317,47.14898156017726,1.2268006968588436,1
-78.23958115361701,-54.850811175713886,1.1441278844022496,1
-16.914407602111105,91.47326564326298,1.0274917385819204,1
89.51726597212777,21.749177996214975,0.9733399716225792,1
92.37871089477362,-26.44019881004643,1.0317613910276897,1
-16.606412319430376,-89.52037247725443,1.045487503680417,1
-17.726669133948683,-96.74726705735036,1.2249495837730977,1
-49.08980813037352,76.82815661744016,1.042800762036186,1
23.28657667132199,93.06275240946694,1.1257690196775438,1
-69.05349973940433,-62.75405523938906,1.1375363741294158,1
70.18880531566114,-64.68707761544539,0.9061978922748132,1
-34.44885168462707,-90.60596858213607,0.7987770162307869,1
-40.73270946275375,88.5012651860235,1.1060563052876748,1
-4.996545694097781,97.03158051096601,1.1229566389809296,1
13.368684131365345,-100.31450396640699,1.1847286091061588,1
56.15138803577471,71.11537589851369,0.9524167110474643,1
95.59818492128885,-22.21004579126993,1.2320030360001109,1
66.68390794844106,-69.42220944239403,1.1793566820411119,1
74.36245288606844,53.29654424335321,1.0144721370550467,1
81.9288536879102,38.20859308388115,0.9715287796093289,1
9.756568515102197,90.87491583335309,0.7701871993776497,1
-47.98999513406637,-78.51714662153675,0.9224329037713742,1
94.51916770954742,2.5259100305897046,0.793653498710107,1
94.57319300690341,-14.063130518142032,1.0425843640413481,1
-68.278954225454,-59.585754038967764,0.9825463652030636,1
-97.90152797098501,5.044220780889796,1.332168604217712,1
-60.81393522789135,-67.03350663431952,1.2736746695791112,1
91.45943869454557,-6.224793548666994,1.056864121914863,1
92.83243323176896,-24.761127999833175,0.9495370570532587,1
-56.91595223357367,-77.22245769434842,1.3303575227172082,1
-18.88461398516356,-91.43128779158076,1.1377835262775577,1
-93.63301034194548,-28.32838093148952,1.2116408225040831,1
29.563935378321954,-90.02444395185829,1.289877954312797,1
-100.71679702340465,-18.48993064088659,1.0227441127823693,1
17.118985665332495,-91.45015488612101,0.9244030755471215,1
-97.50602348584545,33.096575211631496,1.1520852375388344,1
-56.20069477412257,74.68707829952616,0.9820300339800164,1
-23.766416941037065,90.70771546382555,1.2199913144983727,1
-33.77075157740766,89.17532234441286,0.7889173010371238,1
-86.12273425977192,-49.590131133989864,1.5714907538368832,1
33.9192380617113,82.49085776512926,1.1533998010094362,1
64.0304267041852,59.25390726974949,0.8293281769015887,1
-94.70497372151308,-15.419561810608878,1.1568233309104994,1
-85.47923779091025,33.804131821594225,0.9337488731133585,1
90.48331255162044,-29.91839890648859,0.9588971190648563,1
-72.57426098666932,-68.65581119853292,1.1707324855524244,1
-91.77508818098059,-20.870001338409214,1.0637538223969465,1
-95.01210999231768,-17.38837135727721,0.9450285332286507,1
35.64232588965694,83.79658322091433,1.1268814390064181,1
73.20704284839627,-48.21788712592109,1.1651025652573859,1
-59.00285216869097,-78.02145289465888,1.19922949245619,1
82.18927178440603,44.267566886774205,1.054633807655844,1
3.7304526675390752,95.67210329378382,0.8663549485076374,1
-93.38280161380752,-26.034422507453726,1.1820441249669809,1
71.52625802443275,-51.14661056735709,0.8458759881525523,1
-91.61726343776307,-26.750736946862045,0.9805009076812572,1
-7.877974577411719,93.92694234795879,0.7652874816457037,1
92.81801924028791,6.691080313732764,1.1323891693465995,1
77.05444944778881,-46.87743016375892,1.243799349888961,1
6.995771639197421,-95.29744949551674,1.1863009886847513,1
-97.59020052645522,13.012981642870079,1.2179503392064281,1
91.42757264941264,22.488520426047593,1.2378555626929033,1
85.21671779167943,39.29788086417189,1.0945784762075885,1
-98.32152998460306,2.483490167480555,1.6055843519294366,1
-75.82248527352193,53.70677580951852,1.2980734850368245,1
-59.63686436726254,71.04202301683362,0.9915894463220042,1
64.63565959955552,-54.872663832467104,0.8838412132027085,1
66.1776530760825,-65.7616594475267,0.9718832027083619,1
-0.8773198961208502,-90.41408186594019,0.9243518511595704,1
-12.52546802129389,93.77603309469019,0.9920314358064936,1
-37.187620902918496,83.63186193429573,1.015808051990917,1
-48.85736809258948,74.58014872035045,1.1643590141420328,1
-93.0971382075933,23.972043095653774,1.0378192530905046,1
93.36698827260354,-6.731034160994427,1.040319618325465,1
13.358239846887697,96.64096427150271,0.800929656254774,1
-33.131359219935234,-83.01326188509215,0.8937991031880635,1
-19.986674272131303,96.74847896465477,1.061359287960016,1
82.18955598262315,-33.94624550440095,1.0958755295896487,1
73.25989754414191,54.78457267289106,1.1851572707040732,1
89.73729223178981,8.345343445366302,1.0588069490022203,1
-65.87814889142052,59.77648795975294,0.9115272180960177,1
74.89751952080948,-54.161837112798125,0.9922801535566038,1
92.69075424233331,8.615172396068708,0.9888321909309141,1
-83.34037687493151,-46.59320636884104,1.011963427633379,1
59.32032220694057,-70.51659516695902,0.9124940266508131,1
43.74725978250737,-79.13689318617925,0.9437669947343172,1
7.021344311494157,98.81407172848144,1.0151306574241423,1
-32.662758989705615,-95.07084017169912,1.2228030678021202,1
-42.54659683239583,-81.0985396962206,1.0615320079467998,1
-45.424603412704094,80.94159788862949,0.9692351878781416,1
-100.05907764402035,-40.435312887797544,1.0624880428962111,1
80.44605676049092,-48.3361485624678,0.8159650468535538,1
65.08802128025935,-60.02463216550472,1.047194556696433,1
0.558294479349637,-89.28723851884472,0.9070894349653228,1
-56.82312968522552,73.03088144395663,0.9632897017055768,1
-78.84631374111744,-52.7323889210514,0.9156328164588964,1
-81.68559573341427,-53.95686727918542,0.9213414444127015,1
36.36790674975502,85.72123780047885,0.9678947686106966,1
-85.56637937016545,-43.688199079586134,1.3269214757838135,1
-86.95740038295725,-41.81343607952088,1.103302734936155,1
3.924169781663713,-93.49291287084903,1.0776420402450988,1
89.12130166642837,-32.83416377184203,0.9987935340502345,1
47.53193865769035,75.89165244261275,1.2262026266312989,1
-84.85209169221005,41.74080996450752,1.363343680969607,1
-13.712848172247199,-92.76712942406205,1.125078122977757,1
87.66602571012103,18.958025424446046,0.9391292847338012,1
-32.47476186910829,90.33609787517389,1.0525688355047136,1
69.99341685527963,67.39209373471815,0.981988566717559,1
65.60909612765232,61.01361095749551,0.807760408438839,1
24.979943327961607,91.62840400787255,0.9520108584240669,1
-71.45525340268763,-59.049259840564645,1.1957899016156628,1
-9.363173664871656,95.23047638973118,0.9129995374424171,1
-98.8387401337238,-7.857086008456452,1.3194642437777861,1
87.37348347513198,-23.95578812696766,0.9635925532295737,1
60.83825549031781,-66.93771762525326,1.4414516176959404,1
91.62979657913621,-19.589299966241263,0.9332647967852555,1
96.48662095644438,-5.5099402999759315,1.0480429096801838,1
49.16289613374957,71.55544205378655,1.0679359251020144,1
31.538396951407233,96.38988367266047,1.0149070675472247,1
25.564394775243077,-88.56431874430223,0.9041644730794461,1
6.2742440384386144,-96.84025827122889,1.0107314637063025,1
49.442103340608014,76.00780554574276,1.047635976792302,1
-75.43876837378757,-57.48414813235921,0.8669075013326271,1
-76.10958984537928,-53.29927254623717,0.7852423949522565,1
-6.692697493264783,-97.64821106652525,0.9961302080559382,1
-47.451969733257165,84.20961570079386,1.1776746891709613,1
-46.29429094709129,85.13136277715535,0.8407839636398518,1
-53.10148176871984,77.13634861841939,1.113465502083036,1
-77.2884647187815,59.341006272423535,1.0669330441798952,1
-44.3756758885508,88.080132428006,1.022712542246475,1
71.14476067230741,-66.23125769723991,1.421079968799626,1
71.40381303113865,-53.001819324314305,1.2239726912229945,1
-96.39489692920974,20.44907346443971,1.0039980070983647,1
32.55430365145767,90.60186656041257,1.1079269515996242,1
81.03157941643676,49.20222076761271,1.05710965411298,1
-96.70424434804362,-12.103082600546735,1.0267035158551958,1
-90.55194642104489,-21.456738030841368,0.6636589202339328,1
14.392897834977992,90.16988775660516,1.1427201275146521,1
-14.94577108748734,-94.12389171239407,1.0821113193801242,1
-22.563041807185268,-87.1900159310837,1.2159639443257706,1
87.3514378649365,-35.0859595859032,1.071503894397138,1
-47.21606962173178,74.5789658412848,0.876831625138136,1
-20.5586736248615,-90.03117278812587,1.1045556831321577,1
70.09225978582535,-57.975112041226154,0.9814671127993179,1
-61.86305249272828,77.33481552401452,1.0141652743794385,1
-13.611610451807959,95.64334169121358,1.262366094035342,1
78.23051351703101,-52.811947878070164,0.8561874924354229,1
-83.08701460163418,-43.81007771376226,1.1375434446504242,1
99.90480317076181,-13.697679092410663,1.0459627584663596,1
37.76143789819118,-90.54124739792148,0.9399158866479863,1
90.30128359358179,27.313295949639926,0.77303717841471,1
-31.365548584295748,-90.57646778460106,1.0028240002987514,1
-81.41865347262261,44.35796737039172,1.1960277504718142,1
-93.68154554628272,-23.962874809732245,1.0527899802398064,1
25.109765073522983,-92.26694056200415,1.0291528964788434,1
-8.86510866461164,98.47985462519726,1.3816844887085398,1
-93.90108031020463,-30.17005642771145,0.907541334549225,1
-60.83303053290799,-71.58315518995757,1.0628686879985243,1
-98.55606625253706,16.05381472252308,0.9680490312911362,1
8.12289445599762,97.48182770293748,1.035383658056064,1
-93.65230571496349,19.94044035081458,1.1235993989933515,1
82.29087754698081,35.93986333074381,1.0915938187003693,1
-5.709542181103958,-95.67428771929546,1.0821524375879272,1
53.55232263872372,-73.09507093700758,1.0810097798938663,1
-4.708880258771106,95.42196706889938,0.7761695195716015,1
39.71573456276059,-86.04180597547669,1.1673458279828235,1
-62.58294083783907,71.82908853011001,1.0733247323364477,1
58.40782613440857,-67.39103989700507,0.8796881916596229,1
-98.77205240426416,14.364069852015916,0.9758985474603301,1
-23.741947474546635,-85.83948526473863,1.0722394071094197,1
-50.63389114754621,-81.60417870499602,1.0849016057772907,1
-47.82722706428512,-80.20071102330733,0.8685797885380857,1
98.58658526562103,-6.033812346790333,1.0980203018016834,1
94.24694437314868,14.764040537576587,1.0748538327739594,1
80.0901155454933,56.250409568236094,1.2536841360909805,1
-76.81180904173604,-47.90384600495896,0.9898847144302205,1
-64.91787439131468,64.97357724186203,1.403478833852427,1
90.71209211636854,25.880936935565078,0.8525536200671175,1
-39.067592108891745,-83.32151748124619,0.9700289566182178,1
-19.566273962323145,-84.48794627526605,0.9623925807750093,1
-65.56352106811356,-70.47803165504162,1.4239169882147287,1
17.020005984744486,-96.99935243314933,1.2012772263942086,1
-70.63450602612464,-64.46364296457851,1.036072446374752,1
76.68340766073611,57.10699388210384,1.1999360360109343,1
-96.52189942845773,9.412389171239395,1.1027073558492426,1
17.45239936211834,98.27027265001287,0.974547175473239,1
-13.446270244627716,-95.13549526608445,1.0896309249887703,1
-23.69333407770529,94.19795118414451,0.963693692392965,1
-32.500414497649835,-85.07628291901544,1.3527174792968564,1
-89.73281610987084,-40.82223190113344,1.0673482160244419,1
-1.6830218415379452,-94.54017105085958,1.0881653202050476,1
76.42474612949174,-52.490362713444796,1.152209279711193,1
64.11807677784061,-56.863599653614436,1.0254933663820398,1
42.78224669906971,79.85822785530291,1.19508884205379,1
-90.35430842246821,23.273079442150895,0.7587822529530567,1
-83.71817074668229,-49.10420517482268,1.2693155913496164,1
62.66304023995091,-64.66300960800758,1.0112474849588962,1
-90.27371068256085,24.549917321736032,0.7655541052346843,1
-68.12962317930578,67.36163494197204,0.9956064994328179,1
-20.34656556078769,92.89696313586417,1.2535626757558787,1
-49.76308197421661,87.40157043042913,1.2697261392842434,1
-69.34040805347831,-58.40765242489544,0.8587999706359382,1
-100.70887193655983,13.61708873515761,1.2411151784687384,1
1.8799712059732503,102.65896098751261,1.1263100974047395,1
-18.199243644690302,-88.06683025474095,1.190583807260713,1
22.314440836117267,-90.3530509166448,0.9922752483925901,1
-46.82777400422491,72.10514123681963,0.9095849696645321,1
-77.53757971403385,-63.62342804617648,1.0463139198427969,1
55.14048879023386,-74.63352356422598,1.4018594980188033,1
91.24372667526903,14.673605321393818,1.0364102822348082,1
17.676286842102424,-95.07641045675383,1.057883651577298,1
-71.53290438728217,64.77754118715161,0.9041819707270952,1
10.275121312647236,-96.9058381745665,1.127633913858414,1
-54.809615551078316,-75.65441798090662,1.1285902231127865,1
66.68176129708597,66.26762271258171,1.0126724622143348,1
-67.2337070767802,63.92891558838513,1.2523676798898324,1
51.79244250862563,72.01665307564845,0.9290569389807016,1
-35.20884345014099,95.1219011180342,1.0416848281636675,1
86.54252355346296,37.99906579721276,1.0240441283519983,1
-29.219707503692764,-95.2722772242599,0.9557157024537244,1
33.36047534544863,84.25876426990794,1.1920444085755852,1
-96.40235254151376,-18.88969358753977,1.269562367918815,1
-24.97808656627669,88.83676281460757,1.0582966080817249,1
79.79851112287787,-44.11665763350561,0.9566198305510781,1
-19.73205550334526,90.77356904288729,0.929862263980761,1
-40.59647966521945,86.62035446420516,0.973092460952917,1
71.4963493916105,55.782923395017406,0.9714512124958122,1
-44.32716573618092,-82.23079231615942,1.4520972392613103,1
-60.588492779175056,68.78229077854263,1.1084079082731695,1
-99.42595543242878,19.922245591415088,1.029001802139407,1
0.22380609594918832,99.31619313841544,1.0880242199764074,1
-82.87780754948228,41.050858436072296,1.051263011982948,1
82.02761983853192,-41.327138453594834,1.2196147792975356,1
70.18360230214843,63.78971081431987,1.0713372859391057,1
14.727898455477275,-94.14137981663568,0.9878014942642829,1
81.55604317851339,-43.32803381479477,1.173395033069838,1
-36.847435637075705,85.29250316623876,1.0697666760468176,1
-85.45918860187855,30.665042765691034,1.1646645051916695,1
-98.11849719685921,-5.965241968456972,1.043266622415772,1
95.88479807532237,-3.79754183606596,0.942892329790617,1
-70.19728928828295,-68.64652192904458,1.2248515679542835,1
-65.72007983745502,62.8792344595399,1.0743691014283916,1
-63.89309036576674,-64.98217713336506,1.1065043631605374,1
90.23429611382875,11.422445741120235,0.7832220020644304,1
31.207522019155956,89.60002449294097,0.9277988530789529,1
-52.675306208495705,-76.62847605996957,1.064645202649501,1
-100.55393815601272,6.511784322139237,0.749058196014152,1
-96.22859510850664,-9.019540015784306,1.091163191653568,1
-94.25705633948384,22.80248408578388,0.8474655357850297,1
-61.94075064909252,67.57329183091039,1.002989255157411,1
-36.764669609139766,-83.5251106492845,1.0087762704260055,1
89.95470386785473,30.24067968465542,1.4252465285468185,1
-33.71415029378696,91.69178481890074,0.9075395286667715,1
31.458184846619055,-83.83167601675919,1.0168686675021623,1
80.3666801984609,46.648352190882896,1.1223938110974365,1
84.26940212291338,-37.97050340325843,1.0170789073448268,1
-70.85081227024317,59.01181411160135,0.7757393762251711,1
84.4990431446242,41.711200500079585,1.2993784278036282,1
53.74307429588659,-76.38467623039007,1.0491203937454712,1
94.06373263380291,-33.05741368583363,1.0173574129970864,1
30.48059981951297,88.22495983942912,0.7972762516543725,1
31.25974344154408,-91.10027135612042,1.0163872581103488,1
91.86792626522616,11.372665320085083,1.0652356673987435,1
-79.16290181038218,56.68560798201247,1.2006545189120992,1
-44.62424985911838,82.34900539231496,0.887447370160202,1
-61.09778530215377,70.6383194494738,0.9961334690299762,1
-8.55578732514356,-97.11649893822904,0.9970770270397219,1
-81.93860895694296,-45.59249897479346,0.9859359028842565,1
52.38740182795251,75.97680629353398,1.4867972796272069,1
14.052784764650045,97.88905626657936,0.9892558929065349,1
-94.40293146372092,-32.115583582795864,1.0337261873949342,1
-96.53544098350459,-25.779375272713644,0.8146544770956016,1
83.52294296760044,44.597094719476566,0.759243645590817,1
-58.458636167002446,78.39310562133143,1.2084238552618336,1
45.411748908731646,85.22071943324174,1.0500822885428778,1
33.3381560525923,-83.36517930206995,0.8833344017331591,1
-7.011186732864952,96.95982213290795,1.0523063212838961,1
-76.919744958244,51.800437383047566,1.0160598118167052,1
-48.7080239309107,-91.11240732047821,1.21383463141405,0
82.77681347406447,-39.19205013298056,0.9189030843888111,1
86.07644907721243,-38.80318862809595,1.3207356116644238,1
102.48220047642228,-9.304777026345771,0.8139226761134181,1
78.8027658297005,64.82959209060955,1.4081608935199659,0
-88.6650123587532,-41.902469324248216,0.8773664482957132,1
92.8646094125199,-15.654490391326465,0.9648072988350794,1
60.22174429800978,68.26253781022454,1.154161375483018,1
-16.2128716803133,93.03100178465498,1.000063848433271,1
-10.952256495404782,96.39409936566784,1.3295720002155347,1
95.08064701158423,-15.9206200062655,1.2180953779125336,1
-83.79998203891385,39.45815271294137,1.0780956283405057,1
96.45277725482394,-14.668332912545223,1.1022183912228782,1
-38.14048900313535,-86.49395979351725,0.9387986337945962,1
-79.08412206460807,-60.93506670595,0.9665568011601057,1
-94.03628140376618,27.98784317708139,1.4544758267613418,1
-39.65324212513042,-87.55005691473276,1.1312747340159095,1
-62.11663591037966,-70.73466264506337,0.9107794662680198,1
91.71411043928292,34.318019832675354,0.975221884103966,1
0.8415109207689868,-94.40240596513084,1.1362834392965213,1
65.25142778013952,72.47684462225548,1.4735898699224994,1
-52.99154057189253,-78.5118541000225,1.0436065201094333,1
95.65357768511763,-17.44677551663038,0.8955585012162007,1
46.78295469549325,86.91304325112681,1.2467584704661832,1
93.07250040831275,-21.01622132109603,1.464538941083796,1
-66.07054360548213,-72.71658996141346,1.1964500458730558,1
88.20006407561303,32.88542829278652,1.0209469886455604,1
90.30238299194784,-36.10204354488279,1.0870396475893793,1
-60.76783117212583,75.95680488387798,0.9551040246155684,1
-102.65588682076071,7.938444450883258,1.0043162773988188,1
71.8750591467693,-60.98125266522297,1.0576622559188016,1
45.19241893470143,-78.45746499595032,1.0238372356074503,1
30.706196364229754,92.03271386476209,1.4645159524876779,1
82.97461803252492,46.10107168425517,0.9952532817756625,1
31.26123548218378,69.79766112335608,0.9535282954639523,1
94.52149481802516,-27.624772295588553,1.1055612981683454,1
62.95536168862126,67.52578057603179,1.3479236359040103,1
-73.5406172264818,57.60906636560594,1.033548834225761,1
-74.80685424279092,-59.22842617854166,1.3904325979403458,1
-75.58574086392741,-56.284703149268715,0.7546070776723731,1
70.72665657333839,65.49941956160785,0.994082423404411,1
0.6794281902289305,107.81799776011498,1.1266375616691418,0
94.08092094197181,9.6934896277516,1.1795065835972685,1
45.857371713110446,-77.1790845758885,1.0059668190354905,1
47.97574280556808,77.9056326519084,1.1665413403918643,1
9.24182946472646,101.4040120926267,1.0028395081166297,1
16.575497237376595,92.1687216581819,1.249517171068424,1
3.606126586003232,-98.67570078382627,0.9861044311272188,1
13.073633094872312,93.51290107045276,0.8175503139754109,1
93.72601420848436,0.7420415447915604,1.129465505284546,1
-78.7081278234134,64.46045271041083,1.0266014985825866,1
-94.41575938820726,-13.486003491251045,1.2291545322294295,1
-88.39346096233487,-46.46314021281295,1.2310882731176984,1
98.08111505336242,-0.31564948643500956,1.4482493564974899,1
-100.33148291015672,7.630471365420853,0.8818393279792007,1
-94.13433599687168,-21.196675347348396,0.9914044944045765,1
23.56827394409005,87.94087530163758,0.9457002792778653,1
-80.37085791225198,50.11863977998314,0.9737167218783165,1
97.76685813819111,-25.926891787266634,0.9707225385466945,1
66.72188716472337,-58.92855198359789,0.9493215712253467,1
19.87653910424236,92.65572372296732,0.9761683486538286,1
-91.57869992584565,34.24247040705534,1.13368688375591,1
15.623208987570795,-100.03607702221339,1.0978288894897552,1
83.8524126688493,36.08405338980173,0.9170331634324907,1
5.603358622248039,-98.97003971001399,0.9998212879584618,1
78.3655552925472,-45.23210721571641,1.0871409901487625,1
63.15658823622356,-66.94090064528454,1.2356353057781895,1
96.948026235145,-10.974018586334513,1.2506958945561537,1
-48.00429620283896,80.4745913339317,1.4662201201653964,1
-100.992053184883,-42.59596981356279,1.1155799377100246,0
19.779982759989995,95.06835343729966,1.0424450766248243,1
-40.87513152381235,84.22840691004396,0.9331558847831063,1
23.1246099212689,91.13136318760382,1.146046006384938,1
86.48397116830749,40.44674201170431,1.1887911538134923,1
26.764739491016858,91.06407650818932,0.8296527150568714,1
21.266601105619362,101.96780409373936,1.3168388842217928,1
-99.5329316734399,12.328653277066696,0.9109979364372763,1
38.964641304755126,87.16799825029304,1.0705849228509752,1
70.15345542973685,-62.53716182605034,1.2747945169706605,1
-83.28166229399014,43.19685251239098,1.1038584304502397,1
-96.32232798604583,18.78532976635347,1.1090381097027553,1
90.28039502462656,-9.558609153926213,0.832000055064532,1
-94.726837432508,24.304132257401935,0.9202395626441849,1
-72.4563020090396,61.065888231672254,0.8558201496943,1
-8.762204977547828,-99.04040120544224,1.1157095317064767,1
-97.90926368654696,-4.201326955957608,1.1932644476721077,1
47.92235595840174,-83.53637133335742,1.1446635664022513,1
-20.369338812656213,-88.1875593540616,1.158310558744292,1
68.95978932609843,-56.40830677044615,0.9685640934827436,1
-84.43379451388634,-53.140519422177206,0.915394820916212,1
-86.80189859439298,35.25110920954752,0.9018663059782932,1
-6.957350804121174,-99.39946982528024,0.9570631681326691,1
-17.155056977500127,-91.02385756050347,1.045282674111473,1
-100.54563462549633,-21.149178720319185,1.1187026140157434,1
-96.77972405099119,0.1641244703627495,1.312408945486486,1
92.31456184870586,15.889744508183602,1.0601055100681593,1
46.94079215625653,-75.63750818699043,1.0818300872940132,1
57.479011895490565,73.06568225774153,1.4174036388246665,1
-77.34422714457006,-61.49348952557994,1.0205818609919697,1
-14.034753594278303,-97.28791872320187,1.0440299721739508,1
40.852256349697726,-88.01543142467791,1.1915506939708653,1
-96.7347281287794,-14.345518108801128,1.3645919487820466,1
43.99132621977406,78.61156099643992,1.1419801531553504,1
30.330202123035104,-86.868595428601,0.8374051631204361,1
-47.87000365525572,82.59999803928788,0.9137120525817521,1
-96.16178049966906,-30.638517400814724,1.4486382814254928,1
55.66243201555594,-70.64106438835097,0.9653350285130924,1
73.8526960173689,-50.165058822105976,1.0564806428058053,1
-97.3500697505662,-1.9831853113992244,1.3219729772930118,1
31.277883514584197,-85.62774113943424,1.0642075595490745,1
-94.25984443237405,-3.3499599907568665,1.1197079863806547,1
-54.667444392286924,-77.81668607785804,1.191857804581956,1
-86.87670600848838,37.295047828974084,1.3540321844179142,1
-57.221766003871856,-82.61618917886085,1.4948097074740025,1
-98.13449695180367,17.659196194775408,0.9622113890373818,1
-20.398451800747154,-86.32888915104155,0.9623925807750093,1
-2.6960827372484735,93.797447099884,0.9705872848680246,1
56.0906280838583,77.97060065799316,1.059804503685493,1
-13.053034644930307,99.7034605755542,1.0628640037130674,1
-15.9278322365124,-104.42255302359229,1.2449377704734867,0
8.444627417101458,95.3162338105969,0.9013466233993143,1
-79.82968329501114,-53.709331222958845,0.9156328164588964,1
33.070782369965016,-85.3632258925587,1.107078905774271,1
93.80360032174676,18.168413086862483,1.009132570474204,1
89.00429335754164,42.63926612012458,0.8682107882386846,1
-48.54140145741947,-81.6397930663514,0.9881340865062357,1
-77.44053542377407,55.16644619857203,1.2815041307275516,1
-89.43291594129892,42.86078571223637,1.0166752537735892,1
89.20390505242064,-10.460801020524011,0.9306856099299082,1
91.88384136538255,-9.244683803341482,1.1171889671857498,1
85.04258635909548,36.962322766329606,1.0029177314519886,1
90.20072699419251,23.98493496737034,0.9687098455545768,1
-16.710095579881013,-94.44747463511915,1.0525781859912384,1
49.636851692040025,-78.83345923714496,1.1638057927134107,1
94.16733993582102,4.740869610085423,1.2530152298904207,1
56.61846615322772,-79.54628165274315,0.8505999382681972,1
90.37929600416979,-31.657691995008065,1.034439182900853,1
-93.27163809901953,-33.523646544915,1.0129894060804423,1
-98.8373358601806,-31.09939295632875,1.0394831958127222,1
-26.85510383320576,95.035392903169,0.9861536208089675,1
52.50759578283286,-77.07881944490326,0.8886474542356707,1
72.78273709643845,-54.8185677949163,1.2168389574406813,1
75.10189374906221,58.477745852217,1.068804285216669,1
80.01157452622155,44.88117925726805,0.6620204153718471,1
88.81819519775843,-29.51554793378003,0.7012891023741069,1
-15.995869289680963,-92.51248782155984,0.8391833959412264,1
24.788004522600968,94.03042421740784,1.128359017274692,1
45.688120744139646,-82.63967786339235,1.1751675289059822,1
-38.153667482411194,-91.57270115732517,0.9460478682546788,1
-70.92283529985362,-60.92581194573701,0.8376585942904105,1
-60.73296453823058,-69.87556135043734,0.6697398705766205,1
83.49112433349421,-34.87419454181385,0.9564023521219663,1
-80.64746654115423,-50.811993682848936,0.903149046102307,1
91.18966214385541,12.791176636719952,1.077310487290112,1
-32.222109654125646,-87.57980146683956,1.331929124474498,1
71.84667422940586,-59.059339566429145,1.2201481731635533,1
67.04302253795473,62.05761741396639,1.0452161869399395,1
60.04729651943747,-69.22358840589071,1.2455001683597098,1
79.67611299755282,-49.74057149648092,0.957893913803493,1
12.425400333280512,101.39311370882396,1.0539184774612185,1
-100.688124506584,-12.27464533233368,1.1500972027417604,1
27.490245620394663,89.70795934772498,1.0071539598648216,1
80.43143476222222,50.68611256993434,0.7066613086937149,1
91.02085877931636,-38.13964573037687,1.1044361505396447,1
-41.35435327486225,90.29376370875791,0.9880265200213801,1
80.61220122433502,52.456017085643346,1.0421050447459803,1
82.24724822069007,48.50325711410986,0.6555095619820303,1
-42.54703088058189,82.82814937639819,1.1553058115531813,1
-3.8252559655812606,-95.93854936473255,1.1977146825323572,1
-89.82744289780725,31.00083512633549,1.0806574525873915,1
4.111281293062819,108.46098359794743,1.1299020430176243,0
-54.855159827057776,77.38814804049605,1.0082757264052642,1
-44.77161534397371,-88.73868387076746,1.163501591548678,1
-95.40387210795033,-26.652925111634946,1.0143092267028224,1
-87.07940190610348,30.98278982901663,0.8201199331967722,1
-14.553835569984734,93.8424457306811,1.0859901504999763,1
-79.13039827890896,-56.65943988463996,1.1643902397881942,1
-88.27509240492172,29.863690749701007,0.880624738826435,1
-0.9086527495537376,-96.06368018401193,1.3308094898134277,1
64.68103599857832,66.6662855920861,1.012533089663112,1
87.65391430517029,-46.52671908116312,1.5676045863476809,1
-6.302683127822196,98.51686397674739,1.115087006615227,1
40.93637301006753,92.42016780698081,1.1189468489586236,0
-71.7839540400963,-62.555848466084406,1.2797890334775588,1
-49.488003936286326,-82.95149140261019,0.8462615995315916,1
-102.14510219121327,18.857557327608617,0.7619514776720132,1
-73.17375644863603,-57.99546260672567,0.877999689394282,1
-99.59550314616001,-5.4751923313011455,0.8440547548441479,1
-72.49638963034346,62.72053935928256,1.14315873893648,1
-50.07885202959221,79.71674729582449,0.959282701310766,1
74.6909261938074,-52.69196488882219,0.8833650088314606,1
-87.69949628259904,28.02317572953213,0.824826430414635,1
-50.982639429234005,-77.25319358574716,0.9832886169883159,1
95.22680815323173,-7.536595679057221,1.3549218779581333,1
79.9421602047702,53.91661009951488,1.0671554185214773,1
-67.1899251536139,66.04474007912563,1.0280828460295328,1
83.67714975606427,-42.771188044916904,1.142498440080175,1
-52.910745163669375,75.63750818699043,0.8768338966951248,1
91.87309457094706,28.69830959166451,1.3884916491850074,1
-92.63081313141822,29.40383949980192,0.9628669865868956,1
56.52446759292906,-75.95083672131932,0.8360646661291239,1
-24.96511160510503,-91.60216326743395,1.2889272980739372,1
-55.784415435657046,-81.16900018509482,1.163715903372587,1
-84.44312044485365,-45.29217985884981,1.0879928941959256,1
-64.0485301306131,79.46429401959377,1.134603104376348,1
11.849103657246665,95.08124251125913,1.3117896046054813,1
24.545539548411305,-94.01444737927636,1.19749504968004,1
-46.320761806025956,96.89630901959372,1.5207679757336434,0
-103.47107222054706,12.146248748157594,1.1896985062841179,1
-57.60187799167396,-73.31887703295676,1.0644608704418863,1
32.4257433606266,-89.25100634651139,1.0257753892330612,1
-64.37705035145491,70.66185106184793,1.0098930429825113,1
-68.45397195300966,-68.04984208832425,1.0031595977974261,1
2.87806500987178,99.86179170832214,1.0646474170400781,1
-56.4587199660535,-74.7036864240234,1.1170986707058903,1
-69.55893462101027,-66.46302882216776,1.1136702220675896,1
23.246656295096393,95.37720584970957,1.0243492419759543,1
-91.67003455933424,24.723270456097346,0.866960744819792,1
-58.270751957588665,-75.49964363188575,1.0975836405157022,1
30.671015616515636,-92.84858960775725,1.1038374033776368,1
-44.14739930102466,85.60608506595926,1.038117690702469,1
83.30027082253739,42.97864839682314,1.0254811086311721,1
75.33213720273976,-48.64251424047824,1.1296686897596848,1
-98.04790433868004,21.162778896816445,1.070153636641001,1
84.94684708471725,44.72938898952649,1.2130999563759808,1
-79.32895552399063,42.172563378646466,0.9393284644589865,1
-62.20615834875932,-65.42763987208139,1.041240917270562,1
34.36008911840341,86.64257040041848,1.252739784947579,1
-28.826225158256506,-88.35864668074277,0.871064253978382,1
-31.508317412111687,88.96739926172455,0.8558138129920654,1
-85.18548316035762,44.1964139876984,0.9901105471943974,1
-47.71440645121128,76.1646373682731,0.8530197277160684,1
-63.258620861505044,-69.60231857191734,1.0697466736816101,1
45.881244363345075,-92.48463639628618,1.1541150910208051,0
23.599905205650863,97.10677935920498,1.2789110315826546,1
34.83781124448364,-82.29952109275541,1.0830599534439773,1
65.22246770589864,68.9573438350988,1.1067340938260262,1
-42.30830437823611,-83.27019128324184,1.1881970369942654,1
57.10586609551706,-72.46592713395037,1.197588380587654,1
-68.76090602745428,62.40481290249709,1.4075965442693732,1
78.52311478409543,58.07618985817681,0.9525328308853067,1
13.843960512064983,-96.53615280492131,1.3228549960059208,1
59.884313568732544,-83.69728217772705,1.049404844402348,0
89.43092655377937,28.171716664325082,0.8986756866163882,1
-96.51563285777114,-16.616856603907998,1.0160753799291988,1
-34.288343049719884,-86.3591734291185,1.3272864562180084,1
92.57139936165485,32.97833360671784,0.8599773948669542,1
89.44689017558254,-41.606972495125056,1.2982193482910065,1
-91.47265026807281,30.35430431798347,1.0454278002195214,1
-101.24638424884557,-14.443681216623753,0.9422385052524813,1
-48.92482641484324,78.48025252571966,0.9588622682226978,1
-59.63796376562862,74.73710092518219,0.8987255247318846,1
96.85479725370256,-2.082260505329428,1.0952257990526866,1
-97.67077072099693,-23.198844681709897,1.0968212050109032,1
-18.515627521940992,92.40685134427186,1.083054661066864,1
16.986584274416074,-99.10372655132765,0.8160441372780719,1
35.36039534982838,96.61245419765834,1.5379475037609567,0
-35.33152234717982,88.73464092193741,0.9375088084600639,1
63.33936321458209,70.3203229594294,1.2899352445305408,1
-69.78798858403688,53.983265135199694,1.1051011279634866,1
7.319354561922532,-101.10735808551604,1.0620617534271426,1
-92.8660200691247,21.996802486375497,1.029706078712244,1
50.873811282403736,-80.58809902938667,1.1591693467651103,1
-93.58675708211601,-43.58115068392535,1.2720075486802125,1
20.835833879535233,96.9592581214029,1.1115238594266996,1
-37.40892037059305,89.34625822094739,1.0145428255049975,1
81.24340327832589,-50.658957430292524,1.1933250873665204,1
-23.83803489174082,96.67322550577805,1.6499120231762878,1
-29.009900505966534,94.51069038580694,1.5371996730426205,1
103.7372753360252,8.30436663576827,1.0844443826722052,0
83.34539013148077,39.38824520636079,0.9715287796093289,1
64.69213275745703,-71.41214968247903,1.3447647380149608,1
-70.54126191782512,74.48073311160331,1.2297331252345562,1
67.70788604897504,-67.93926712047946,1.0741862369143487,1
-1.7620122283435495,99.31900168550185,1.0325604723677473,1
22.311658270039977,-97.31850944963654,0.9994608474566709,1
78.51595298902504,-48.60352224509509,0.9830674631979994,1
97.14350437811234,-19.91603604715538,0.9713256796613212,1
29.652127038487496,89.92046891339747,0.8960948616349668,1
-107.70550448214203,-31.82744083976363,1.3881319902522216,0
-89.28089670631455,-38.98279915782268,1.0260509740492114,1
-28.273292450617305,-92.67397927902908,1.0268230874861277,1
-50.893953831039184,-83.84984907175027,1.270183363448091,1
-79.55506434650843,54.26090630250471,1.1417122043908507,1
-98.40044409801452,-33.39317960008421,1.299274874521154,1
-94.00533496967502,31.12283863149948,1.249135156942804,1
-33.53775793372033,86.91037256651151,0.7660983206533994,1
-3.0822243969536767,100.72003759804342,1.0896358891775397,1
-32.894675665542216,88.1754699991351,0.7934023456413841,1
55.33504790182964,74.43457236303763,0.9856226567747272,1
15.2927972189044,98.64528158135111,1.032515280455221,1
-100.09480880760484,18.732225913877066,0.8947177681509412,1
-38.33719976112187,96.04908559342509,1.4140169395632611,1
-78.85956994833903,-47.975820747989594,0.9911873652462936,1
-53.59364068720665,85.23018177644367,1.060961102879596,1
39.307064631557374,84.95380994103567,1.018402112993248,1
92.57669701874251,17.377848779812496,0.8330902354834775,1
-8.736918815128302,101.7855989255096,1.2427460696436607,1
91.08536914534139,-27.099097139760758,0.9416909859608642,1
99.16677205035623,-11.922435575335827,1.4800867641318876,1
46.22775949856822,82.8505751993458,1.246075638310394,1
1.8448315572634695,-97.04985312829513,1.484330431074245,1
90.34183199214202,-34.09751697108346,0.888480236648584,1
-98.04855541095917,19.175706300927153,0.9105862339456463,1
-95.20890366555577,-37.16255462017218,1.1900453859841496,1
76.86826266983428,58.98096330206743,0.9994657058349626,1
48.96098923382509,79.77072024418088,1.1955817543041871,1
-49.3592943173329,83.81360937523262,1.081232289297839,1
51.345231603860434,-84.20916068557658,1.2377721111312874,1
-106.20128249016162,-5.746255423510146,1.1461807910864938,1
81.13499974385162,45.085127648703924,0.7199905535776149,1
98.99315046715597,-24.791620286430213,1.010729214766042,1
67.94007052697776,67.74162912190279,1.0362260277809163,1
-105.62063870276894,3.5623044133698234,1.0653400699348563,1
-99.70113962344804,-9.504298874642533,0.7422863581649817,1
-20.169860565780795,-95.34746619221394,1.0839410319513554,1
7.4482668731892465,-98.91871351200965,1.2145478495401676,1
10.121914622409204,97.88757536057133,1.177096968689525,1
76.07616813505086,-60.55147133506988,1.475275077891288,1
-29.498457286452986,-91.40837774821047,1.1689717148172445,1
-24.611592036028092,92.48875396580338,1.2919087093920865,1
-80.22084884031281,-46.7719347941903,0.9756235205810626,1
-96.32471133752007,-32.7566182928779,1.011805871117896,1
5.088455397500919,-106.38130397533965,0.9396984550025353,0
92.1048164098616,36.47144139588106,1.361476480555662,1
59.21809829439763,69.61065869651851,1.1375779000047577,1
-1.1409480422458376,97.77146802927088,1.1234053932341055,1
68.3881558049326,-65.90292557654845,1.259980368993584,1
98.17366301859478,10.273259319307991,1.143973448394169,1
19.635827107503257,-92.61304727289044,1.1961315661332226,1
-101.38754342376923,5.238853093978785,0.9485764754482864,1
56.48180157974382,76.36949697569919,0.937373701892582,1
-54.41984573970114,-85.69121583755053,1.047208535761724,1
8.7215919084955,99.57949442776741,1.0203267798991342,1
9.634519102384909,-98.93448469902633,1.0442558144832998,1
-78.58824560158322,50.63389114754621,0.970573617452155,1
41.86069218633771,-86.43529152386245,1.062125798148265,1
90.33756373966196,20.068417774172936,1.0849474360448779,1
88.0077187222944,28.686570154384214,0.8768741713017226,1
87.6275467673087,41.610029358874606,0.8330004381546746,1
-31.545916836231147,91.6360631498228,0.9257510966058308,1
94.06373263380291,27.146784214253724,1.222270203057848,1
-22.237927440553676,-91.58108529771683,1.423550093970265,1
62.258379771147474,-68.69336454492674,1.1284401934422088,1
-86.49846464535871,-45.73936962181937,0.8862351019944887,1
-23.663601033725403,-89.70123798948349,1.2308054138721354,1
-22.160572864796958,-94.2657141016166,1.2263971093747161,1
98.01320848690216,7.499670079742741,0.7828078652240742,1
-79.77713105818252,-12.636355478580976,0.8717284078613203,1
-13.164762062158564,97.8019343886348,1.4264811929408743,1
-92.0791992198022,-56.470754129901266,1.1743160432949995,0
-86.91183843099961,50.35024636910114,1.0997157876543995,1
95.83531377576281,1.2259429090293028,1.3263244272780512,1
73.11101029798738,58.59702121512395,0.9405953897109653,1
-26.439358012302314,-92.93185071068065,0.9842359939080788,1
-98.14516345509998,24.748954273245005,0.996979577363547,1
-8.636808893324178,-94.8537628864778,1.2047776147816545,1
-44.61798328843181,-94.45346691146591,1.0629442283487223,0
-100.69682807698203,2.186336883983693,1.0427548380873297,1
86.92839407698271,43.197209531088426,1.5497133619348384,1
-95.21720830026503,26.30093050285699,1.0049895596056324,1
-81.23082422801,-52.5781348733818,0.9232745387647648,1
-85.15821950866926,-47.151468294576716,1.0942235260122686,1
-60.514748819301126,78.7589378560073,0.8625004315869377,1
-36.29096416010762,-94.58511131492618,1.01962728501418,1
102.22556186422612,-14.595694144811254,1.2905385329395498,1
11.806219173512018,-95.76003634983502,1.0749089316893705,1
11.696250965334643,93.16166989084219,0.8270536700859547,1
-94.12389171239407,-38.555523761359964,0.8374425769517932,1
48.14435352024222,-77.51178251052136,0.9809107291885294,1
91.00200013399,9.45112797184735,0.9974831973944819,1
46.95679492433749,-81.51002841175094,1.101257202025762,1
18.08950071525371,47.542382942168,0.8704001152302377,1
-64.94825776434051,-78.70179795403303,1.4423186315271197,1
-51.20270294832785,78.02913456001065,1.3693290366860233,1
-57.85130949296706,80.70507501553612,1.2388140441628726,1
67.45132064315727,-62.22321024178402,1.035158284225993,1
34.217796900819316,-87.3118972808737,1.4588845675427073,1
53.08596339502347,-80.94197596227573,1.3000016229378841,1
-19.16959257342806,-93.50640523498495,0.9494573317013179,1
-83.87645544390259,-56.57969838542093,1.1012191046741988,1
83.94868032639198,-40.12517074534318,1.128343556362642,1
-77.07408995759263,-58.17978815164764,1.0454569473536401,1
-94.81119301350257,-25.03798210449965,0.7929837371437634,1
-28.977265579932986,97.00330060222659,0.9138604215036893,1
88.1803975589912,39.072764516442554,0.9530137394411317,1
58.1165897278046,86.04483596569875,1.3637777965471765,0
34.721199197103616,91.40178135801409,1.085795627833991,1
65.67571540867205,-67.58239658806352,1.1007375304287483,1
86.06351516678376,-48.38967552041564,1.1437847178815872,1
87.89400339081119,30.74287872922435,1.3037310934042188,1
93.06108132395052,13.641071070541894,1.0253129692674816,1
93.73446910544249,-23.20869214993166,1.0471586117359952,1
-83.36467188743947,48.8406878433871,1.0436243264400191,1
-95.3863208616173,29.999782941379188,1.0805109971288207,1
-18.40612744468079,-102.21546368664151,1.0649999488550153,1
100.76446725264664,-31.402481996071714,1.1485814702312194,0
54.30706565767857,81.47184617749377,1.278361752993225,1
-98.19588376669259,-16.362143951851554,1.0072694205739159,1
38.20629201753357,-84.54593314722509,0.9186559672781415,1
-91.65904057567357,32.147507622142584,1.1938721080910737,1
73.73376723013705,-60.03374717741246,1.143552281520962,1
-10.34894690650005,-97.19397574448486,1.5387791669804305,1
-6.626898501055708,101.70252563647374,1.1500624331167353,1
-48.93408384881206,85.54652308514112,0.840858595995257,1
68.99494325921829,61.79320740864382,1.0340710588976225,1
-42.65082501203661,-85.01284285330053,0.9785289993591275,1
68.80373251262783,65.68008804731846,1.2894193615425407,1
30.674863510796868,-88.6171427215641,0.8374051631204361,1
-86.1082515186296,39.45154390016459,1.3314495841560159,1
97.7309909368631,-7.565737780136238,1.3200086275161356,1
98.83948615404364,-18.901543833389386,1.1515144558676587,1
-69.80959744847335,-59.691934230871865,0.7236072169758667,1
92.03242374574883,26.93058752556681,0.8608375128191402,1
12.226775695144559,97.21539991777227,0.9017212526574895,1
-87.7899787736623,34.26785325594425,1.177300410107427,1
14.61901418740151,96.12024208826091,0.8017347671449927,1
-42.6041353450635,87.13381695563895,1.3289377097981685,1
42.662415356715734,82.02841559353973,1.1462823155109236,1
19.51589156676994,106.60331962252124,1.0714671147990944,0
-45.648050845037986,86.74500472894906,1.125773404866299,1
-74.63346430587434,62.84117084499919,0.9825127757078882,1
-74.29839023565872,60.9554151122383,1.1467333544803737,1
-101.862303103819,3.6410382502011758,0.9297390999195382,1
0.7436330548072044,-101.13409545377876,1.1239427678988319,1
34.58347031243556,-89.13196816972469,0.9578089043012464,1
4.332289201320571,-97.28224333842913,1.1037899642931468,1
-96.50054666908125,-34.11335405604301,0.7760855287589699,1
47.51063231735597,-85.58464472348444,1.2550407722955994,1
-90.37323310887213,-47.748174028912366,1.2678899943137716,1
37.156586457613535,-86.35334406103796,1.2521181070321012,1
-18.295928926105688,-94.64487719692522,1.0121128645204716,1
-99.98383158997588,10.736724443002794,0.9844248134184899,1
93.03640067632337,-31.249941882265105,1.144157629518369,1
96.40934690396936,-9.001744480366025,0.8290138108319911,1
89.64994003434057,32.2025774857519,0.8336777988390148,1
-80.74761173777227,-58.40216004592538,1.05709879212894,1
67.3078841312436,-64.15248147964927,1.063076279206018,1
-57.376234482366776,83.05822300875604,1.4533801601007892,1
-17.43734331566358,94.3940867082309,1.276613202903052,1
36.15318409809083,-94.65338172995656,1.332128068600395,1
-102.19067725075202,-2.854138103613932,1.0011306616442548,1
-97.32610933323517,41.522297369262546,0.9283425054277438,0
81.7958381071634,47.06764273863937,0.9716364968351086,1
92.34903717600213,-36.98085294846735,1.1133428199851008,1
-39.20366621522884,89.70219943594496,1.0597337727778653,1
91.50332578891619,-35.01303949064119,0.8729907674046046,1
-96.71695544477096,14.944690644265522,1.0852586056162874,1
-57.919064414814684,-79.97739323156749,1.0824493778141724,1
21.807665989289703,98.69848831359565,1.3445711179479993,1
24.39071585765944,98.80700697670468,0.958796322487407,1
-72.84888423146344,-59.78308434994936,0.8431108825618864,1
100.24275037564509,-7.4035056539994315,1.0856476146509129,1
102.57027711374563,-4.938692290459679,1.2706205814172704,1
-99.06002123782126,9.428778663804309,1.0487530763996638,1
2.837047456286918,101.18802594089962,0.8516532731013906,1
98.1743751289001,-30.34729277036215,0.9729516917036518,1
-62.451250891167675,-72.55017769540324,0.9845999377628224,1
99.03048322869306,-2.6746257015477584,1.0095120673696591,1
96.18559346827804,26.38226259049128,0.9375867953608783,1
-88.276611573573,-50.955195317294354,1.0603095726287777,1
-61.71242853708959,-68.890500414442,0.8338619117026308,1
55.3700993085595,-76.82156022724378,0.8925905720533793,1
-78.00741128300521,53.1234287748502,0.9891647158641553,1
-59.77897512326963,-86.94507270291808,1.1245306151763854,0
-69.14567968924678,68.82049548064597,0.8859620658094288,1
27.38491390034368,-95.1382928422838,1.1484479443470876,1
29.44382212471679,99.1975489429725,1.3290929119743706,1
-99.04130659233194,-2.455021221917999,0.878654811461752,1
68.98724747065582,-69.7788142942235,1.0928435328998334,1
17.98006679647928,-103.99069044297698,1.5284955659454984,0
99.28360294736484,3.502238493824318,1.344497334287754,1
-83.10069546657631,47.076866262593654,0.9459802637955932,1
75.1410029710539,63.50446324997845,0.7780056715809829,1
-104.67101222180297,23.54880855236031,1.170232422783015,0
63.22400134512465,72.43016337195124,1.0529675498748348,1
-41.35019594016286,85.44239866367204,0.9375386191139423,1
41.606547930715394,88.82515805407687,1.2332191599187294,1
40.82526189135554,90.63003753267763,1.1665558432359615,1
47.60432835355256,81.44381006107106,1.059152793418436,1
71.70290178356701,-63.95902039045164,0.9825827260397446,1
68.73532818791723,-63.650453687951476,0.84198370260189,1
74.98088056287516,-58.562465364042104,0.986698703062018,1
83.67812839802473,-45.10267203003081,1.5110814675968463,1
-90.84574278700002,-45.80781787853262,1.277165865723036,1
-103.09368896965206,-30.706196364229754,1.0133255683014206,1
34.688317191427664,-84.09737861387006,0.9538004182367709,1
-36.166872584017284,-87.74142315935512,1.3455018145209208,1
-92.5841057722636,48.84941054251126,1.32541351312854,0
-103.58913804507678,0.038144343309607136,1.0154203547629286,1
65.5856621431377,64.82834040910025,1.007562869046931,1
95.8349379694248,-20.61974215479066,0.9719082643243103,1
101.26778229509242,2.5567608401236317,1.040881028334642,1
-55.882144097554864,79.44444987908626,1.4017870869829803,1
-28.27978019438696,91.84787323902914,1.2356914710154203,1
36.06560634189316,-88.10798385327966,0.7184174746190881,1
-17.254896769131257,99.60467668141871,1.3584274186276104,1
-54.43403420163302,91.34295317374686,1.0367815609400461,0
-66.60320211384122,-68.17332621364478,1.184135107513763,1
-68.5273606772198,-72.78380830510284,1.0647342818187058,1
37.57555146923043,88.72270459682012,0.9738527747329354,1
-97.31782128813357,-37.78944271447735,1.1482189877741924,1
-89.5299257108885,33.31764727579989,1.098421689175894,1
-99.81134483207406,5.648557163694343,0.8406383636471313,1
-37.04175681983379,93.54667731153869,1.4712656705342635,1
58.57719290972147,-71.6658573059028,0.9140614048843881,1
42.38362670570036,83.89857706105451,0.8023295595932717,1
-87.49232076828258,-39.800419648329594,1.0642640541182655,1
-99.88343986160302,-29.71493881926203,1.0050981716269591,1
28.317527067228454,91.61357721971214,1.2060200638653358,1
25.60549929375969,97.69146497768283,0.9386762833718585,1
81.49840087648947,54.717056679116205,0.8965140433280668,1
27.895572745654153,-91.50526515315188,0.9664338539228725,1
73.13610205459823,-57.934445997409,1.0059629353999386,1
-65.56152216199347,72.24146663421186,1.0986267484719365,1
-68.32261457369225,74.27479459531602,1.0739894025168566,1
-98.83277197116516,-0.3700260786360062,0.9481755086652751,1
92.03883273849648,-42.37569035912552,1.4609794425955873,0
-98.30291103900544,-18.298386404806305,1.14447740586565,1
-30.87628899715115,93.27342854778713,1.0644737294207771,1
7.016742771666337,102.59193592712576,1.1818015150502543,1
-97.6449211169148,-35.480539906065985,1.112221583470167,1
102.60614274886863,27.434151241452497,1.4821957854760308,0
-97.55604427304266,-31.409980456722295,0.7684954377442168,1
-48.0808438307924,88.30294383019542,1.055241672870788,1
-94.3951006732558,-46.98284324261236,1.1235350664971213,1
13.842763826784667,-98.6212914283262,1.1911579672135697,1
31.831621303859972,-87.58108035881642,0.9973244014235689,1
-101.44951284500317,-4.994456837202257,0.9552088211521323,1
-98.59062111325291,-12.453011452900412,1.105962190824773,1
84.91075391114828,46.77931072931261,1.044957001079158,1
59.468422502708435,71.76156755169663,0.9873113362934101,1
14.522992174728513,100.981065225323,1.2267590250416984,1
-34.60713661662425,90.37439358492522,0.9822063009129546,1
-61.636669995137034,74.73050453498577,0.9288946145492931,1
66.11960745349329,67.60026694594976,0.981199652396804,1
-101.57878987731516,11.81828812446394,1.056984713518884,1
-88.73031914905012,36.41093657545891,1.0664645983388714,1
-87.65942931992464,41.58760163220684,1.3721885378170984,1
92.14517454408684,45.734572247131084,1.183058313190085,0
11.846543193582159,98.61402583912435,1.0135555070548838,1
81.76581644095934,57.10138997359808,1.124375960634239,1
-12.073592856139308,-96.17834390611125,1.0434118363411904,1
68.76795414323782,-61.359475020439525,0.9915470622353285,1
-24.15006689420349,-95.70566058914396,1.0806609032381878,1
-33.17701566350889,98.50452303043964,1.3356351453323712,0
40.01092132102268,96.85098247382994,1.2964758597022643,0
97.09328213003386,-16.56302836852331,0.7947971115042196,1
2.8121235956016535,-102.37487644972111,1.404683757439835,1
-52.59250167193927,-80.55860928497924,1.0254232142283564,1
-76.11913890547311,-60.60669078304242,0.872444004472174,1
34.54849941948556,-92.66288551803771,1.2488198778017896,1
-100.26513098524002,15.488873880324046,1.004677555984921,1
28.559009125206227,-93.25839553454976,1.0669850107173418,1
73.80930430408023,60.120934247834406,1.0063212331149067,1
43.58399912514652,84.91203280312514,1.0632529876494619,1
-65.91596819521321,69.7093323174881,0.9744543999691915,1
-99.58834135108965,-22.634853319917923,0.8387604222552028,1
96.82269482141344,-26.603681421417015,0.824732308986243,1
-70.5461605260957,63.62401013692242,1.1569646673628295,1
-108.43983724042707,4.000747712486902,1.335093529421953,0
-7.120017932463775,-96.03370373116053,1.0153353341936142,1
-106.00825870858576,16.36680814612005,1.197557047004666,1
22.684985885410555,-94.54773976610441,1.088623918400549,1
-2.1257190760351174,102.42033980568253,1.0602161602633775,1
25.607186742414584,-95.37720584970957,0.9388894109725354,1
86.66260339362233,49.492886978379744,1.2733800834082072,1
-56.30898551318008,-79.0797244711438,1.0785485440288711,1
0.9869848831359564,101.03800803658456,0.9640575374675115,1
80.25558711540502,58.47349896565236,0.9851058778149487,1
65.94222811047128,-77.22205534631074,1.1047229029440762,0
98.16649646169255,-9.581186585903378,1.003625377593737,1
11.843818597631477,-97.48434024307124,0.8843090320395387,1
-86.15770478106677,45.56866791454185,0.9321752472890037,1
11.705954042526784,102.93289964895443,0.8564417615322326,1
-56.681935266591765,77.20415085863482,1.2242557879721867,1
93.73285770155164,23.13617897484412,0.9759233767218112,1
-15.899185056230921,95.2071132167882,0.8006076966928287,1
-94.13353259037342,3.668354071142669,1.0411363684325872,1
71.33180443706745,-56.75690039657665,1.0642520999351148,1
55.24608717286727,-80.49284715495068,0.9995181227499925,1
-16.069666917145252,-98.67578334733993,1.1712658300397616,1
18.55678573928986,96.47888444942396,1.2832348724139786,1
-5.102778987641687,-98.92677053146382,1.0826800836085881,1
94.24086769854352,-25.316945573773104,1.1369897955696988,1
-4.847495647229959,-97.62508539921735,0.8929388515501712,1
-19.426369128390252,94.7409079030725,1.0401863152325441,1
79.01250411390434,51.045694364092725,1.0723946869968648,1
-75.69659299632102,-63.002311234082605,1.1840057402945043,1
99.91329701657195,1.1430828939130595,1.3078338131769263,1
-38.303667301385154,-88.203474454218,0.9652145768391451,1
-31.48244253959936,-97.92426361264107,1.1365364320878564,0
-69.11837571213573,65.27867694599644,1.171235692752571,1
-61.363155387350695,85.86097064994972,1.0636487477236682,0
-90.255108862207,-42.81057237461893,1.2613113928391735,1
23.89940406674039,-96.16809028808453,1.1020056950137764,1
36.28546574969875,89.12680695845225,0.8652807304336374,1
7.186256131001966,100.71526493596602,1.2127361612440277,1
-100.13488461410724,36.493558704186604,1.4395656609502276,0
-60.00589575213879,80.49897446851088,0.9821345032752435,1
9.072904515783938,96.48884099758942,0.7316860654641825,1
6.566276241152937,97.43700038842806,0.7316860654641825,1
-76.64384571489376,63.476674836979164,1.2024522791637908,1
99.73447244624897,-9.314524003495835,0.9865644270040913,1
96.87189900606363,13.92107073262662,0.7998193072229222,1
64.176845625624,-78.88717270017275,1.2249724417717593,0
97.77242842324588,-21.57092887446344,0.9457270279126442,1
86.62826458148135,45.911726914047826,1.1305685777464534,1
-73.48598558459882,68.48152422226536,1.1429595191978417,1
-98.21078563842286,-25.63299870405266,0.9606241202788012,1
-90.35367623374826,-57.9462600241132,1.576165099133087,0
64.84191595875012,-69.08609337829579,0.9428623859473231,1
-71.6159613162233,-66.67034394262596,1.1264861476908752,1
-80.58240214694433,-55.07176257013156,0.9213414444127015,1
37.74564410215179,86.91733542282994,0.6853309305695029,1
73.6730745065459,66.72535483229694,0.9576587460001819,1
95.1122194321057,21.349311104785752,1.201982364975792,1
-73.45158088279017,59.42183498095841,0.8558201496943,1
-47.92782244932501,-85.90433064836493,1.541698257998551,1
-81.94287193019913,50.62195482242892,1.322166500281047,1
70.3410026426951,76.978554313918,0.7599414772762677,0
-101.36254507132847,-35.50547245102325,0.8988907568066202,1
-97.61904944744292,-39.88892895903994,1.2018843549142881,1
-24.897626893263837,99.63537931377411,1.2875779027650955,1
96.5206789727435,15.931171725225017,1.3450582625190581,1
99.2988662148581,-21.148665329991555,0.7821413325745125,1
-81.1199107038692,58.109740609857866,1.2289004879252707,1
59.30477875060653,-73.92507182998487,1.4026703313148112,1
78.00985280405193,-50.75474643935878,1.083744038590248,1
-60.56100346966244,-77.51099673363275,0.7959326864138188,1
18.565506892658398,101.8665879384765,1.3969362902297708,1
15.622560721637722,-98.02169867944528,0.9483785209426732,1
81.2460889514773,-56.94074693139458,1.0850329550825635,1
-72.29301620204296,-64.74992185708855,1.0611802222139683,1
70.24964996779745,-60.19528544399978,0.9814671127993179,1
-80.64860384980881,68.91931223369065,0.7829875316841126,1
-100.46825431094288,25.632434994545612,0.8013649972493788,1
-78.68402562846505,62.7862178405169,1.0746526782302708,1
43.23933773738476,-84.68464580964076,1.1992322152340507,1
-61.757054116221276,-83.0038620290623,1.2368055176109378,1
85.1403150209933,-41.30117694646471,1.0450058732538117,1
103.17346250901062,3.1461398472612294,1.2708231164496642,1
-52.134654486331684,80.3052999419924,1.2639126473365125,1
77.75451924067335,-54.366587599985856,0.7283380925377766,1
-103.15402007175224,-3.9291398204840817,0.9677257203236282,1
59.61436898531074,73.52133547052313,1.015961428242749,1
54.26481592771023,-85.02999178075484,1.2272900937696396,1
-106.22359527972745,7.060336306877308,0.9961961091820984,1
-60.23718367506366,-75.72015426416124,1.2062029551966442,1
88.97601994097597,35.11600536589541,1.0687444801770793,1
96.64780707857425,7.005593850304914,1.0935716201321735,1
-7.428541590156435,100.05907764402035,1.091224574091215,1
49.41263853467368,-84.97761319403118,0.9468874949679504,1
-11.934335729770924,-94.13503228250354,1.004555447605393,1
93.11121388944315,21.782599706543387,0.7957064172714798,1
-100.41367192003297,-10.555690178723873,1.0553834603039223,1
87.56573365509419,11.328425130959888,1.0257207369040897,1
-34.438287350902584,87.74591532472188,0.7889173010371238,1
31.10590195396821,-97.90415813737812,1.238843480920301,0
44.031526861914394,-87.10533254342727,1.447928971968672,1
-81.64999791663944,46.16525655977223,1.0579383243840124,1
73.48408662378473,-56.63270835933357,0.9702909793803919,1
-34.19903904199426,-88.97913990938092,1.13418359846251,1
89.9183264960687,-39.29000563357724,0.9973053295236393,1
-101.56781810372249,-16.50576739628232,1.1802975448693156,1
1.3675049809375703,-99.38224080406442,0.9745249911702225,1
-103.0960294255574,10.135929412099168,1.127957464677132,1
63.316466129381126,74.05158375938736,1.0478161659573044,1
54.829509426273795,-83.43491256986044,0.9536438217601146,1
72.10676774399138,63.96537645748438,1.185304478374361,1
44.31217463892682,83.4606950321138,1.0315417333390244,1
2.8782249223613925,-100.20136588000818,1.094037512209242,1
38.94108663039453,-87.8984132926138,1.1070652308540407,1
-93.83268048637076,35.015385265764536,1.2021838255442392,1
-80.99918606642615,-64.48050573660785,1.0469641087177997,0
-44.12362048982404,-84.84936709625937,0.9200551270316623,1
-77.1199117117005,57.28878375535756,1.1457841305342154,1
-91.90835575352666,-44.16517301946622,1.1388411215709524,1
70.94495260815916,61.79821688445663,1.0354085339920276,1
-102.61061887078759,15.259099621816215,1.0840587821297942,1
-49.26501168068603,91.74096717079678,1.3014828346191447,1
80.95347196433288,-45.2871255820833,1.092265819784501,1
-19.271196901865483,104.1265321606835,1.1221397145817162,0
95.50633518506935,8.564313271655909,0.8413138208702594,1
-29.74971978575215,92.15157104367123,0.9257510966058308,1
98.21449572652594,-38.14074916175234,0.9943115987970575,0
86.1888465805153,-42.63618030880167,0.8335487352141104,1
-26.72692397825304,93.06484126636249,0.9028175945316593,1
95.06957419782303,11.405158649571051,0.9939272644364706,1
-101.24398519121934,9.231689829163152,1.2839981250174017,1
82.04784137755411,58.90330697512789,1.0063576957108222,1
87.07484652387093,34.0664331864378,1.2262078664120943,1
81.77874745983638,-46.89274844765945,1.2728199784853704,1
65.19023962808197,70.46311124864502,0.7952577234291652,1
-45.8475860772035,-83.8196171023569,1.203798947421274,1
59.27049294996864,80.29800609423272,1.3281042551836821,1
-100.52864831667559,-1.8928257099457293,1.2527407456763733,1
-64.56846560151764,74.40698157944429,0.9456880184689761,1
95.4496195554211,-26.171984329675023,0.9707225385466945,1
-33.618659692848624,-91.68888138846683,0.7354539441165752,1
-79.23894322274704,58.894705799675734,1.1916964695767456,1
98.69632742715201,-16.625860297423195,1.0761394817574257,1
57.271233933079564,-74.43641547206309,1.017097830553844,1
-110.00338183218146,12.817225910946513,1.099847604200543,0
86.42599995305625,53.353037906330705,1.1967714510882392,1
3.7653916038478648,102.57558835142162,0.9878197636670456,1
-59.16716997389716,-81.3902200772686,0.8666081110211953,1
-99.85416053556213,-15.637279876041074,0.9562094325932159,1
92.42495477069971,10.216831171227462,0.7951887035286498,1
33.2231258509483,-90.9133472784489,1.2257892100525756,1
31.28179248655243,94.4070478693431,1.076546397246032,1
101.74574107627208,10.015891792275559,1.1167813253010692,1
68.24625297192719,69.67766964454539,0.8835899601293993,1
11.634024709428667,104.5046022845072,0.9734916739672324,1
-101.71750089730563,-28.892577083173204,1.3335226175169053,1
93.39761223794973,-34.099785412960955,0.9572389609500717,1
-30.047675376826703,-93.72453059745284,1.0996382871980945,1
-98.57645509496228,-14.54504038305619,0.9512698178059033,1
-45.400457790377445,91.6477494573194,1.234086898088662,1
-41.78642171894123,-86.8453859075396,1.0944379780132893,1
-84.54173544437283,-51.43145468947424,1.1649866687852715,1
-10.531226088956467,101.89443936375017,0.8900335550408526,1
-103.71656530184733,17.289307842967677,1.252312166219393,1
-83.93786590548446,54.81084535427225,1.0652288666081278,1
-76.6909517013551,65.54832938160067,1.400295071114621,1
-26.423595290764435,102.3184328697782,1.387410950177642,0
-5.03486541369848,100.24352212080356,1.078288715962252,1
73.22278961576255,-64.43705751318093,1.1064456191519516,1
92.99252165330385,-35.319747323753305,0.9343878327060777,1
100.98819683369129,6.97035477907004,1.0714616602289266,1
97.42674308602552,-13.479270672893168,1.027919616147025,1
53.26585083590876,79.75525157039638,0.826779057684467,1
-100.23263765575406,-3.9549023888622576,1.0421773214891008,1
45.17583095347224,92.19231345370781,1.0478596245346612,0
-50.58261920556511,85.607052461091,0.923163726891876,1
48.91472251013419,86.36753252296981,1.0457820016931758,1
97.29338390853859,-18.262179551950535,0.9765438711734407,1
17.255305606653412,94.6535180091306,1.1447981068822854,1
-88.89643238329995,-49.16865298337554,1.0604913068359108,1
-80.72307132109756,52.55242586543687,0.8865650630967172,1
-25.148230209134482,-97.64281217485681,1.0398717943729814,1
82.03423072628915,-48.68161335672783,1.0710225395701782,1
-82.3054060600913,-50.79122207116667,0.997298868815072,1
-54.47738783531375,-80.04963814076223,0.9930912622246436,1
-83.6532216739793,-54.43561069740321,1.060321862971172,1
96.95212512414753,20.220922996575162,1.061656792272725,1
-23.5385944329876,-93.44642461114245,0.896324668331217,1
90.45794786074623,36.04531458919377,0.921505234973471,1
-104.47190713309901,15.186897829123039,1.005443720144959,1
-49.28898866942688,-87.76573268501274,0.9758707357068209,1
80.38185746248662,-60.80794629008329,1.2930008021442312,0
27.520850279852503,99.98940187503062,1.1516975833521725,1
-54.09824060257868,80.52661569434855,1.0725829716913193,1
-75.8293616587795,-72.03856843729908,1.1839111341928414,0
49.69021932650866,-82.66712601011001,1.1636690457302088,1
-52.821279028710045,-84.18723887277193,1.0130126655431853,1
25.38587785132545,95.90359778738205,0.9666121101126434,1
61.376185875603746,-74.22683349687867,0.9845910532915674,1
-46.59941325790203,88.32880586794951,0.9462859362267357,1
-64.06941869956837,72.7172862470453,0.9281998073464758,1
-101.70558380881221,17.043355398809545,1.2411263465093638,1
-64.71278662339031,-68.55628331115786,1.0697466736816101,1
-34.14951204674917,-93.57968952119128,1.2370012548932332,1
64.27302727696382,-73.9785160525965,1.0784634667407786,1
-21.34490384628091,100.08677474262201,1.0584091082422922,1
-54.17398993212754,-83.64536367910053,1.1264283971940086,1
-101.27069697913268,-19.7936193174641,0.9435535170249262,1
-2.560341737658795,-99.04762582327639,0.9107010364385035,1
-62.762737637696205,-78.51810922840106,1.0996977156529077,1
-12.992689890170695,101.3323469627723,0.8511854949367845,1
-99.09110815048938,-24.21965625763361,1.0042933595689667,1
88.46780629915413,37.09001256687871,1.1488464174072024,1
72.64688732528973,61.900385254265316,1.0111684442413094,1
20.274766390573046,100.46116217082013,0.940047372996213,1
97.49590355802863,-32.80698958487289,1.3255898554743086,1
-52.13786811232481,84.97469850999092,0.9089977577788729,1
60.45929104729169,-72.28707888270168,0.9549870090127353,1
57.151124661586806,-77.67579275767723,1.2591488152131998,1
88.74466743503594,40.7276962062045,1.0240441283519983,1
101.8765348760742,-18.790759815894525,1.1016584854506617,1
96.37248472346012,-27.91204308162638,0.8348398499318095,1
-97.44999461526982,29.554111445697437,1.0641718305224483,1
-77.36746148864864,-59.676742544358966,0.8519040795725144,1
17.561437692064775,-100.94860496145607,1.252881043632106,1
-103.9070075726568,-2.1306340334363503,1.2121713475733529,1
14.491444712710472,-101.71427545651106,0.8058463431992136,1
-52.32586523292213,-82.13907527431459,0.837298611478822,1
50.725551435200636,85.5452370351868,1.1751676095830543,1
-89.65373795596877,-53.72017721068563,1.0046525079154185,1
-10.035796906948569,-100.1769348052067,1.0410063410714534,1
-35.45088559835273,91.95148054104718,0.9717510445826695,1
-20.468808188633613,-92.74325677382747,1.1323048997561116,1
19.551700542121804,98.46871405508779,0.9618867231595469,1
72.38458831241248,-74.66334128934976,1.069980929716672,0
7.415441979116719,104.91283757778501,0.9936597347945857,1
95.96496696238168,-24.20192816885104,1.1070561937848364,1
-16.14547123115102,97.87826383928585,0.9673734509904672,1
-67.59629801449067,69.15360749575078,1.006496649619426,1
20.178357610779553,-97.74921890218447,1.0707815814984032,1
18.804353963944774,-96.47269524380755,0.8040977523138813,1
10.456999258732381,103.76896137782205,0.7601798357383057,1
-3.2168396191097934,-100.18993213700108,0.9731685327208476,1
35.42027470006804,92.89483526805884,0.8132473387611087,1
-27.963228852276394,-94.15253889267558,0.8233520710782725,1
-32.25791862947751,-89.38517064082974,0.7354539441165752,1
-86.32201120760507,42.90720949099614,0.896902760964676,1
-55.36923890983826,-82.95304831458199,0.7554974638448807,1
-61.00582984976936,-79.04132597211438,0.9497248864925042,1
-97.11494702436949,-45.92340149662447,1.3669162658724703,1
-96.15251180442101,25.121661743075094,0.9957176408808742,1
94.5973659420466,16.66907802629615,1.2172766221085851,1
101.07978517449509,-10.735418907443082,1.165447376564355,1
-3.4600422433745814,109.02266351973208,1.5155457736219742,0
41.499442817346754,-84.40210597274678,1.0609102534761357,1
53.691082418212254,78.11280360818856,1.0901456522097772,1
-66.6464712923914,-75.91502774596745,0.9163667479656129,1
97.0524690799213,12.261589976736634,1.104858439345852,1
-78.9701844157612,-58.901966532200284,1.1598274836389801,1
74.00686649556823,-70.4709206528441,1.3921585673654104,0
-92.47722975352109,36.51000490779847,1.15398022263483,1
100.48086538592548,-17.396411148607122,1.1031871840564023,1
82.72418225472438,-51.33683690282317,0.7290066365695448,1
75.388706717157,-56.44008604705039,1.424902987635518,1
55.016242105651095,-78.52756561718999,1.103078706543968,1
47.51210409909522,-88.0826876046366,1.5027472022709252,1
49.85626669416636,81.93541172700083,1.3238893392261497,1
-13.18697874840515,-101.5592155824441,1.2960478790164485,1
-99.62870783239539,-27.307599067197586,1.2644871421724566,1
73.62447965822,64.91308796953665,1.2114597160243161,1
23.67136038828483,-103.02730512942755,1.2595652781607036,0
-99.67189562691068,-37.08138760937459,1.1044675564419726,1
-6.236084667021165,-104.32315892173723,1.2140809186166301,0
-32.49261031769916,102.1909982018755,1.2014733359217362,0
69.5332256130653,70.80582150633951,0.9497959075657083,1
-104.6644760333424,-37.444353048237836,1.104747426967787,0
13.394289473955638,-107.73245747434237,1.13888781027749,0
92.6491587441528,38.610430856899505,1.1191513080157551,1
-86.15955431207489,-60.655138220283185,1.5566744784385689,0
26.635909499233716,-100.36062158617835,0.9630550896509591,1
90.21821509843411,42.00351170431087,0.9549107230223475,1
-96.35001634676874,31.48205749685363,0.8943606877072682,1
-86.04515206005874,48.51558479414905,1.1155967366596267,1
-38.990297125510246,-89.86262364552137,0.9601883981739894,1
78.48025252571966,-55.7781759929821,0.9761277427625962,1
-102.57679928295528,-5.702579324785526,0.8630644046362265,1
-11.109376513164607,98.7511275073629,1.0388727079349993,1
-101.97156638758497,-0.9673014239281182,0.8915993857158128,1
-100.3788036628105,-34.29125773376015,0.9531913390359967,1
6.269784312570628,103.94473274735857,0.8859970185836682,1
63.56230851785457,-69.97670600011541,0.8765647193214348,1
-47.6896302315247,-83.45633925183328,1.1158945360068722,1
102.93385455496384,23.039256014891727,1.2375546223327358,0
-70.96691305612215,66.37498338706408,0.998188556815059,1
-87.41747870592847,44.06699801674407,1.0304629626846185,1
87.11509862761416,-41.0680116865031,1.2826109538444699,1
-42.90512063410061,89.18927448155185,1.070636971486323,1
107.16996350100597,-4.785803242860303,1.4746720604253851,0
26.35033855114456,92.74288141769169,1.0759018439746366,1
33.19527824093836,92.98337584743697,1.4308526277005538,1
-79.36918959387982,51.97321703938334,1.0160598118167052,1
93.82439846399659,40.46902518970815,1.248571729686049,0
-42.35366241368181,-95.062484744117,1.358028144037132,0
-35.15844563297912,-92.04100297942686,0.9883088581399561,1
100.52971952533998,-5.384608886244382,1.0449382837086056,1
-74.06251008776397,-65.15562428524179,1.1067914057671382,1
101.88559244042794,-23.183362565896015,1.3243159399810949,1
-21.809790250539386,-96.26089852957946,1.0935498055178197,1
16.02513386608922,-102.23585942184647,1.114211989691429,1
67.18093595520902,70.98705309853031,1.1921482388263789,1
-27.25958248661213,-91.10549349835925,1.0297249122605645,1
-63.87580327421755,-71.94887502768431,1.090021428625099,1
-97.6053198716038,-20.122654760232212,0.8087860446848865,1
72.19089430937281,-68.77720648112535,1.5283438132064133,1
96.81123039752174,22.177830862403816,0.9417520543586069,1
82.50887581192366,62.69776839021799,1.3237340898944292,1
93.73351517782038,20.083845397145932,1.1401416122725208,1
97.7961021347285,2.093034609316891,0.9231595949388347,1
96.26438327275311,28.379820010471086,1.342796059310412,1
13.079397157532137,107.1299818166115,1.059924428360481,1
-36.425401284714376,90.60949656000325,0.9964987556775285,1
-38.10812221049306,91.29287624928142,1.0621661637844566,1
-98.88648543419296,6.569454936428756,0.749058196014152,1
36.24305970863691,90.46978471648754,1.003424436569141,1
-38.67663968811973,-93.34969259972324,1.2754531596956404,1
-35.75861898028287,-89.69812616499871,0.8773200997431447,1
-62.86265623021031,75.88177655456926,1.0205011526055827,1
-27.681894858968434,96.54333291660312,1.0345442184758553,1
-101.13840793253082,-23.008421791814545,1.1336735880082869,1
-25.997800010530995,96.37308248854943,0.8938631983705227,1
16.666129051855414,100.00414674723433,1.3174844301654356,1
94.59388451388737,-42.53434853514479,1.271576928541203,0
13.001215836683043,99.64358948448968,0.9892558929065349,1
98.1534865599448,5.423432085110707,1.113159779551039,1
98.74480644475733,19.560782528624095,1.2027007029098165,1
-87.4562605018756,46.54808705989769,1.104147629464126,1
5.716202304538966,105.50180440245823,0.9596395446462294,1
45.87611786473697,-87.24512527412783,1.0597393741056804,1
76.82032340408195,60.77790244644354,0.8770972798455862,1
-90.48569981664393,37.11242205467958,1.205750662482754,1
-63.11006369627778,80.91623945806562,1.0898440020740157,1
-61.34014285466133,82.24542266508384,1.3205843483978466,1
-96.5165823381782,-41.572592702824934,1.2284307597988544,1
-84.78886227583722,50.79811851726339,1.533937079590566,1
-73.74044633369014,-63.50314858479947,0.9726784998230877,1
52.62609944044325,85.34321027872396,1.1768368362596078,1
100.77412999202735,-3.3737170349370325,1.0588532524898202,1
61.09704271971561,74.19215398024757,1.1274504530546223,1
53.415369013693756,-78.90382073257321,1.0756862896935593,1
-105.75165391769727,-35.23683343971953,1.191259993650046,0
-26.55633399845177,-99.3321082385718,1.2429646130139518,0
-101.82440122078255,-26.655042726259957,1.17845839606002,1
39.945371094440176,-90.05222757911525,1.2737637661818486,1
-100.8374777746141,-6.7302969173842415,1.1101095652436956,1
-97.21379310477575,26.396723907460295,1.072174640192094,1
-1.107929697386892,100.9770134152352,0.9994483559249286,1
102.22222921504809,-16.543746612564604,0.9986295517022997,1
-45.25856606972639,89.6537379559688,1.2141526883056546,1
-71.20091696270676,68.76188315840288,1.3728731510265684,1
-79.26828250927481,61.12847870959822,1.3973330559140336,1
-97.16108963848863,-43.68635311302728,1.122499415045604,1
-99.22667070003574,-19.88293356412661,0.7861334707407887,1
90.82456902612765,39.89073945255719,1.5100468819600328,1
-95.87270213655523,34.30874583800173,0.9416124830551004,1
-75.95897512480838,-65.34975233646755,1.2563041270141884,1
-67.38872224639553,71.01343865931587,1.2708671328879302,1
-40.02448750579451,91.52575161186385,1.156343573596218,1
65.8946398669115,78.06497977926468,1.2611933680718408,0
105.97554352338376,-12.125814278527464,1.154968861663251,0
-101.50099391304859,20.549592431199596,1.2574438539892354,1
66.01742695871019,-72.95720638190285,1.2270550493990964,1
81.97557073633033,51.18993896903126,1.2174202054110463,1
101.35262202131072,20.21306477150522,1.595021513094601,0
-102.7847245785329,5.579408797497609,1.31807360178619,1
42.19079041687012,86.52986717896972,1.2115420351906978,1
96.13902424690133,10.26488853248402,1.0010007460408825,1
-51.367975142259574,-87.75785164983914,1.1542632684136498,1
-26.04881913790919,-95.14820524190375,1.3139778024026567,1
53.98070408459985,74.37723119335651,0.8099930936980383,1
-102.81353639778153,2.13620431849109,0.9968800815341735,1
56.60802186875007,74.64739001851117,0.8099930936980383,1
97.10517938371054,24.48762494248561,1.3791200907250623,1
101.21207944454507,-8.64090469115852,0.8558861945669046,1
-83.29921540010596,51.775066651522934,0.9052877985483178,1
-10.491631900594435,-94.48596024095188,0.9899338611560239,1
53.70387779703117,-88.9485905069943,1.3973894836903562,0
-1.571463110634037,-97.8709796203681,0.9142362882063859,1
-93.35041784479364,-40.088147906420076,0.8420522579837494,1
18.888361108469457,99.70572491907237,0.9082837585566094,1
-72.13290514779553,-74.22051496457777,1.162776332521536,0
-0.9459946433710126,-101.56136683958687,1.223431634002734,1
71.71077858600115,67.03302459042055,1.1613861003973887,1
-100.98477587698892,-31.082190605424405,1.1606017956888717,1
-88.68546024059972,38.98124261769513,1.229709497884561,1
4.063016557879167,-105.73185937691254,1.063042006767462,1
-99.59851317597222,22.136433900672454,1.1802418148412737,1
-61.64026802615323,-74.0765623977884,0.9833705723702753,1
-99.80998006168859,-13.793051900666889,0.9343693896953152,1
-68.25228796721326,-69.76693143528816,0.9739085175505038,1
85.13512271956732,-46.70851126947407,0.993184976327593,1
-18.156778184096627,-98.87346398861047,1.2263424045824578,1
-52.7123037585944,90.45794786074623,1.2269460160657466,1
11.551772756200405,-98.93378030729922,1.046415947467563,1
61.658733783035345,75.61806020899762,0.8171424755047852,1
-62.33984519007299,-75.52470991463203,0.9408090903725994,1
26.682625806158267,101.64377653628706,1.115564387960231,1
-12.182213414706668,103.0850877941999,1.1287194842874473,1
75.38247333346692,60.34853305376146,0.9627199481046262,1
94.70561865160089,-36.653526657340095,1.436679631596624,1
-0.12533141373155002,102.12943576449682,0.8402133412857921,1
35.88292867053291,-91.23037081276566,1.024849850575756,1
8.99762963230919,-105.52030630984432,0.9453456233698203,1
51.827114881017835,83.37629376774335,1.2248498514563688,1
34.95552810598517,-90.41169460091672,0.7102892119497954,1
57.89295113745731,75.21578491646129,0.8893410602889842,1
-104.84063578509182,1.8727056167714218,1.1881597780421558,1
23.135544385407524,100.37142471587308,1.2684509479558896,1
69.40035201588053,68.82229284234319,1.029928715041594,1
-107.30248986626654,-14.328513874859462,1.2749009168557552,0
-99.87079556154806,-17.34158805119714,0.9407115625878398,1
10.80560026496337,-100.75290729814118,1.2572958230771814,1
21.58206944457292,-92.95261268224831,1.0915830928596277,1
-81.89327444134972,61.51611527775461,1.1201395173170319,1
36.69261447893676,-97.36407737915971,1.168204584144064,0
-53.3200482040089,-87.42712941652178,1.2252191013873643,1
-47.292555657463076,-88.58674985373418,1.3927283477572523,1
-62.19244048257974,-80.88739792785006,1.1567654871585908,1
-101.35353536764559,24.617728212954983,0.9093692114836007,1
42.1911113679936,-90.4522509783039,1.3185610203156426,1
95.56770959858152,-34.62154972920338,1.0099944049604126,1
57.67473145673197,-86.60679203102842,1.3578627977416895,0
67.16484884034226,-71.07825828951108,1.0129815320010467,1
92.77689550824891,30.85811322935891,1.3956797261848726,1
51.608058045186915,-82.40540452849415,1.0042962614628732,1
-99.95478653219047,24.147185712278645,0.9461810610346443,1
-94.29493222995711,46.84593347841268,1.3303072996959056,0
42.988674909921656,-88.77976023088075,1.013548919390497,1
-106.38179547107977,14.496666854949295,1.0275121010648065,1
-98.44086262981412,23.2884334330069,0.8185947165344221,1
-9.262167997879468,105.8556181301389,1.1602174142821957,0
-95.35349450116576,-39.675860784801216,1.2416250039109222,1
-30.78736337502732,97.39683205955514,1.4391206653181323,1
-80.88124708184351,55.530313328075394,1.1358125892068747,1
-82.9975954583757,65.57339566434695,1.2724158814444266,0
-42.68949669649795,-88.64973899650636,1.1089504959981709,1
86.61137932460291,47.824992992739105,1.167986814403514,1
58.10708387612744,78.65652077070041,1.0188446426807372,1
83.79594863147771,52.22195121267637,1.2845968405642452,1
39.58383817021457,89.05214717005734,1.102876423882436,1
106.91963223812945,0.7310999134340322,1.3000722925604864,0
97.3415839261551,8.832027992143706,1.035326546111161,1
-91.7008177135841,40.78642292578158,0.9691106203911519,1
14.720174542770556,103.74307771629053,0.9500979103668871,1
6.7244140142907245,-102.85105056243587,1.0103275595541983,1
-95.3717566578082,32.87497474097571,0.971800992358246,1
-7.949943596501269,-100.80823377807674,1.0582629341373626,1
-55.91415809997543,81.47631730931025,0.9718909168681215,1
-73.91828814210766,-71.20186597927385,1.3898365276771816,0
-53.06122811961234,83.4988571687031,1.0420337634847232,1
98.37241421176867,17.29361083370422,1.109506696605311,1
80.97304551441927,-58.85801915335936,1.3309515952878488,0
-100.03817950632072,-32.630202931784346,0.9152081658714342,1
19.877562217823822,-100.83779913721341,1.134398089286506,1
-105.27958116701375,25.879146486797485,1.4764578538855515,0
-73.60751907670215,70.42865867387466,1.1477825794207437,1
-83.40457441018732,62.96510968746702,1.2403213350022149,0
70.81224875832577,69.30827179354716,0.8658547329367983,1
97.46114778783415,-23.800681215491423,1.0524558043905905,1
49.787354405675224,-87.03936864146328,1.066456854320812,1
87.05382648298965,-52.318139323856485,1.2080368227947753,0
-9.936990660144314,100.1254759813677,0.8856736383198879,1
-107.3383217960898,17.944887545563457,1.2729041704555937,0
69.71475205429815,-68.12270436635683,1.2310959791915597,1
-100.96745985086775,-39.00171710706519,1.0415395923947712,1
-105.33884151053724,21.122029431817104,1.3112273964601866,0
-89.42668829341162,-44.808705004979814,0.9884124140160289,1
85.46865172881526,-43.53423518145898,0.8381798312181663,1
99.75769160281472,-28.3615818683249,1.2820452713690056,1
80.34707707990289,-53.59364068720665,0.7520377445088358,1
81.77874745983638,-52.7163207910858,0.983840268999766,1
-60.01446542145376,84.2736689540639,1.3493560809502068,0
90.19972193073038,33.843803480405775,1.1182587103370987,1
10.778501580913302,-102.72421975811078,1.0625298106287528,1
28.8799386212843,93.48380627797938,1.0753471533705388,1
27.82036022241098,94.95943447060438,0.9133817711678651,1
10.74824917070223,100.0231117035515,1.1227347722813468,1
108.0511690360461,-21.66825239423999,1.3158085973879643,0
83.68784498026838,49.837771885673945,1.1978507390008581,1
57.657672458751804,-80.90142756371554,1.0018938953257037,1
101.59100541471591,-12.803593371207292,0.9365375637034503,1
76.7883688670492,-64.43427237065355,1.1398385801444448,0
-100.45882498827967,-25.223516701718676,1.0559108567144606,1
91.79079924139135,48.02121321514236,1.2709851054850163,0
-89.92837127239693,53.7260842240377,1.135464304711964,0
4.804370859709408,103.69781915022078,0.8896304456584062,1
82.17851145191118,53.456008842949714,0.819832011242935,1
59.487660303296444,-77.4548136860979,1.0813265744073948,1
-19.388769704270793,99.1221084920083,1.3970071101621675,1
-9.751480273946447,-105.9537845973887,1.195337268985796,0
-74.76610015000787,64.85782423424948,1.0578619603779085,1
56.383744602072575,-82.35593160202117,1.0762099777795087,1
95.28120732004285,31.27685429058193,1.3789476435140993,1
-39.39249887858438,-95.55099874341732,1.2211102418509605,1
-96.44113029516404,-24.495328528199597,0.9984949918995666,1
24.00409901493513,-98.45722534216242,1.271612046578702,1
101.77607080633705,-6.621676358816884,0.8894778318469804,1
-2.473849289501203,107.05809360949,1.1329586143289467,0
3.453280442177824,104.38506788343672,0.9664380036614723,1
37.57516642648473,-88.66995374065662,1.1091030404782816,1
-64.75094526904088,76.80447194082949,1.5924631020847981,1
-98.05890022606083,34.95154933094607,1.1635778004846595,1
13.320222651389132,103.09260767902377,0.9967128948178138,1
-91.29538957977068,-49.85341825294519,1.3414721576472561,1
84.85673953236122,62.05379466932096,1.408733475595989,0
100.26705916083586,-37.21186082469514,1.160042330166849,0
-49.166300722238056,-84.29952605537255,0.8462615995315916,1
-86.16097491438022,-53.353291357116824,0.921015884122193,1
43.907771943953044,-91.62770772224069,1.241004560387277,1
-110.02057846801904,10.688146375664967,1.3307723603405304,0
50.01320224144713,-91.8440536149916,1.3100556309657911,0
-65.16397971282392,-74.70253584055307,1.245459807309924,1
-3.1277150582340107,-97.42150046479752,0.992837796108673,1
-75.90383744116998,-67.69462984175345,1.0239652672264383,1
-37.41960078671973,-89.77543657509942,0.9812830192482286,1
62.20995627038757,77.6855374250128,1.3226484923247877,1
-59.83435629193046,-79.90447313630547,0.9497248864925042,1
59.42869897319116,75.33282319843616,0.805212385997888,1
26.349849293836574,-97.07998436730372,1.32722014980045,1
-86.60400688850106,-51.87803469361307,0.8820477096116702,1
-73.85501696947506,-67.14282347851871,1.2303822004480423,1
-93.8471181737369,-51.45376747904011,0.978712732920681,0
102.52286166358724,0.8773198961208502,1.2172081538633925,1
21.7863832963919,-99.21282005862605,1.0695686615788829,1
78.12379045289882,62.413416357614075,1.2812760858440984,1
83.92845366492755,-47.94743954016993,1.0082097806106474,1
100.30369449715742,30.05543710062364,1.0520642898680894,0
50.80585750592205,-85.97443513580305,0.9650107544609029,1
62.591357722035966,-72.9280129630143,1.08745540393441,1
-43.691426051202136,-86.94419215434385,1.0638611138984944,1
31.181289862793516,98.26565773361575,1.3281308613020435,0
-61.76958725759442,-77.10388572764958,0.9147320087072083,1
68.81772733550109,73.00891762265293,1.3652098990624537,1
-56.22047224898446,-84.79070132812971,0.9818232624130593,1
-1.6753484896768316,-103.48026541504733,0.9705363819229388,1
43.419058255188496,90.74703777260814,1.4508419613197714,1
103.49450374572298,-17.721861901641184,1.1424019011143893,1
100.1880039614052,5.249458059756087,1.0315417957781956,1
27.36402533138841,98.14563752191314,0.9915327668028312,1
8.403318447512946,106.09457015563187,0.9575518997566785,1
-12.573019550251397,-97.89522788922525,1.0061726666992015,1
106.10281527436916,-17.175002999157446,1.5010221294657864,0
-101.3755233349669,22.62341957691086,1.1137128617789378,1
-65.7781036401085,78.9640127931153,0.9742702679818905,1
-68.91862759640154,-77.07633763473035,1.4111095730319896,0
91.49429676768685,-40.16990047278944,1.0263712741528652,1
-32.694504893937065,93.25719312252166,1.0785760769931159,1
-33.678341318435095,94.71473980569995,0.8012715090911628,1
-82.19891588783806,-55.9573943111273,1.1121959972166457,1
-105.75588986285115,-0.272414560424762,1.5477618630503356,1
23.16451477273127,101.86174421234192,0.7431298351180264,1
-51.025551815457305,84.08954540051184,0.8512015282302431,1
-56.052982750796076,85.04333237941536,1.3143720727763657,1
-107.63053755499878,5.791477188013713,0.987489724779095,1
33.9997155402639,100.89496100108084,1.272165584604778,0
-98.19862000068957,28.048004519504794,0.9800676129414538,1
80.89926667727191,60.58693410698621,1.0762968220891798,1
67.583711540601,79.96645521727817,1.0448712689788222,0
-88.6350185161508,44.595487906479974,0.9207068764165709,1
97.8783849324392,26.989847487494227,0.9878477576952158,1
43.322892013205774,88.39346096233487,0.92201067621195,1
-95.49962257940085,-43.15189721617669,0.9484201605695899,1
-88.27210832364241,48.661413421913934,1.2912936651843978,1
-11.527932279348898,100.794592263657,1.0217012473204046,1
34.92788608992408,85.33749997079279,0.6853309305695029,1
73.78573654910677,-67.071106058439,1.2596138626986062,0
-50.3450839767735,-86.17896992019408,0.9752093981439713,1
98.70676491638923,23.65453078408857,1.0694522185701507,1
-66.28557299178627,74.39525270382771,1.0329116484177454,1
-108.02080880784831,11.68556113452977,1.0827028205500198,1
-105.45163978289563,-12.824352599178301,1.1696581760400282,0
-67.28163616724974,72.91354990769727,0.9317707851278203,1
95.83455556999313,-32.59716155386368,1.105203014864875,1
-54.406798878154596,82.30816463853,0.8178623847391319,1
-59.48056024783871,-83.3064941754951,1.1299535971111743,1
-69.50286530434087,72.30633113780974,1.2608125986525198,1
-98.51294867169894,-21.353032429675242,1.0092824159318685,1
-69.55360136936211,70.38025537482554,1.0096965477797553,1
-41.05828302026331,93.59087305629434,1.3425246116147038,1
25.51538697884805,100.02143101409536,1.2579809992471946,1
-98.82033829916797,-41.996467884546874,1.19299234835322,1
21.522337026113618,-96.24652586835819,0.9890787755828575,1
89.07008676457184,54.50810631907149,1.1903517987060837,0
102.49766047699472,5.4035161546212045,1.559429514893551,1
-29.149997977063,99.0692604125515,0.9679490036696733,1
76.47165837393709,-54.55815696860741,0.9702909793803919,1
-78.68088186390656,-65.00704298606439,1.1882350518565898,1
36.192131388136474,-89.64060799833977,0.8906873361024126,1
-35.333296665778334,-100.83420335029138,1.2303050618988596,0
93.023154948317,-38.78189876206269,1.0118105420736327,1
-15.462182931103458,96.58410094490226,1.1059235901106201,1
-69.64917323889698,-71.05288507269034,1.0300963176788414,1
-47.24546685487538,92.51696394347886,1.0706463576334675,1
83.00448868613097,55.787518880187534,1.0216673621160504,1
44.22019227963164,87.06900459741809,1.2092815033957869,1
-102.30385531527322,-7.620149954878236,0.8593186566384198,1
-102.27043360494481,-34.29721382723373,0.9774537823675703,1
69.39942191262463,-71.5232196871302,1.0534511571376608,1
102.1889681860193,-2.625693117675979,0.9445782320422264,1
-98.97367250461491,-38.678364115936624,0.9915010790132917,1
-15.227766768383328,99.34924757720175,1.060433213392711,1
-110.95607226340937,-0.8841873708458806,1.2196868543306338,0
17.322181173080757,106.33968014802699,1.4957279726994963,0
96.35871692110122,33.50576794324536,1.274732069951808,0
99.25352743154967,6.875323267559319,0.7828078652240742,1
29.495201925057373,-95.24373603248895,1.254500454584399,1
74.40508261863017,73.7880664279518,1.2730498491159616,0
89.86262364552137,37.97019621842086,0.9938871945514506,1
-26.027156918251897,98.05736992796885,0.8998990439742338,1
70.9541333776445,-70.68928208824951,1.0311681373914985,1
1.4502635017508052,104.44710774954785,1.0216165593599666,1
-19.620848908318507,-104.0380387158484,1.0925753332393695,0
51.94290813540905,78.58743831389413,1.0827227303302616,1
-69.69819174737864,67.24030346697658,0.8540754715395884,1
89.04651211424617,44.311941464203585,0.9757337119980951,1
99.93577168868966,8.717819964443411,1.3071322065764979,1
-99.96407717699825,39.07109917348803,1.390785668626923,0
98.32819095484334,12.966104438773089,0.7138157195369892,1
-27.76090814153833,-95.7845329443371,0.9557157024537244,1
49.50590842396226,84.44087952557878,1.0779785810610272,1
97.1183691458511,35.705976417391604,1.3940124809704804,0
106.0855218389332,-7.068691734459432,1.0150730754473147,0
-13.916263046121028,-99.31619313841543,1.0828865732427846,1
-61.47505843532529,79.8930793714208,0.9645509874500541,1
-72.92642513137312,66.44970278136695,1.428219065565044,1
59.423437684458804,-85.53596527583221,0.9982042966135238,1
-78.83896831027603,69.09066340487038,1.3580775652681545,0
-93.8074812580554,38.00007372073799,1.1273847912042851,1
-11.246576044441342,-101.10152633810158,0.9678252997069748,1
-104.08291866506262,-6.30272397900005,1.4511682760308038,1
-59.24218035384478,81.84800955689857,0.878481402838338,1
99.95180245091115,11.135214066149247,1.0286926620994956,1
67.77011353411447,74.83424776262004,0.9617806910983797,1
-36.4805564077888,-92.96172769415605,1.0680006398967348,1
-51.86559642042523,-89.22300125820173,0.8045759240123747,1
88.8923159263094,-44.516909567680564,0.8350356805313371,1
-101.87215822353122,-40.888677444286365,1.0003842248961692,0
100.43418265957561,17.875757218967365,1.324223195324344,1
-84.6191665404259,53.414202305223675,1.0566368733256561,1
79.69056438911558,-51.891248233691755,1.1648725208986466,1
-20.335636247619146,-99.03393415623007,1.059453499501641,1
-102.89365693624005,-18.252030950412433,1.2212247364386555,1
38.54669643255229,90.85653090325293,1.3150822198879306,1
15.985452133214965,102.45110616240197,1.2695761857684171,1
55.2317635827265,79.52815335897125,1.159261053805724,1
18.337125205414228,-98.41250481499002,1.0707815814984032,1
7.065815275783626,107.21999714067113,1.1310011959515087,1
100.16835609615616,15.612486614331452,1.2803164846290613,0
89.21448119165252,48.33495492995606,1.1809645398874193,1
-95.07641045675383,-45.067248202269504,1.1456190340373742,1
-34.60937467758374,-96.34680272077561,1.3915953669105503,1
-16.513004945045548,104.11256891243306,1.032555070007029,0
47.206860303324135,84.99036493670735,1.1171236061515846,1
-94.88110233702218,-48.53458996754274,1.017525956038189,1
-106.11322220562913,-29.444385181915493,1.0628190078460475,0
45.46581344014526,-89.97075270834857,1.4121918663160127,1
-67.16325546673178,77.20620547197466,1.1314923797604701,1
26.83658896526815,96.50518857329351,0.8112341658771223,1
100.24006470249373,-26.4680664045075,1.1697309857682685,1
-34.584375958941884,93.32933784420916,1.041658903926899,1
8.874882938386921,-102.65115733345009,1.0621966755713088,1
-3.0678950404722936,104.21579511373456,1.3593938105913355,1
-102.6219064825833,-32.534400247139985,1.3922417080936413,1
91.29823802099185,32.44564446995855,0.8599773948669542,1
-93.23264610363638,40.615733476604305,1.3628650707265597,1
-99.06878567234796,26.504175874757426,1.0313639924282312,1
60.729248262063585,-76.09382044684403,1.205513862376808,1
-101.94218466421933,27.889223636549215,0.9393525706511255,1
-80.63330052286362,-60.572055872456154,1.155914641151531,1
-100.07338463431739,29.521439581434077,1.5411172343591364,1
48.35612893277279,83.31814417197388,0.98485256661469,1
-95.00717977107357,35.88059330257517,0.8854163966252877,1
89.81164137552886,-43.44326681735475,1.107331061041222,1
103.96240769032075,-24.805175634369284,1.4122059726834055,0
100.06004321731568,-19.654244426083974,0.9772852598885005,1
50.75225970495933,79.95447910441048,0.8611783359761471,1
10.5046292323888,106.25318741908075,1.078428773692857,1
-47.47422024347188,90.38153967430459,1.0858263485156727,1
12.211344500060491,105.96601664227244,0.8976360929756337,1
-85.49963732982306,-55.252989482608974,1.1797536377999196,1
10.527838753450201,102.05557975283358,0.8564417615322326,1
-5.414317073202967,-100.77272321085279,1.2780723081523124,1
79.59937343217113,43.74066339231096,0.6620204153718471,1
20.143176863065435,103.72383824488436,1.0673843556298912,1
-88.80937983838282,51.8078670504812,1.4711780402666983,0
86.13892164236472,58.37876850934283,1.3268374984150264,0
-101.33223845072578,-8.830493321771488,1.1854129582079265,1
-105.42183915262848,-3.7010517476630027,1.3105457297515712,1
-103.29236667075592,-8.339359452137739,0.7466194816779546,1
-103.67772633627337,-28.153016421641315,1.1955790866917488,1
-71.42181517965646,-76.16446981290719,1.3449033531488164,0
60.61862710815967,-80.35414705708779,1.2387204893930674,0
93.503202806295,34.71083344108068,0.912748326089358,1
41.86069218633771,-95.32150299916222,1.0906741703701637,0
-11.850301256962407,-103.05267449754518,1.0763130502425406,1
-37.05013212101192,-98.81530956960468,1.296949484247089,0
0.8643545774589627,-108.10482700279283,1.103279989268925,0
-67.57368502750252,-71.33362743944902,1.0583528257548243,1
36.97724317272623,92.08725623925638,1.076024322141269,1
-71.59288442099657,-70.22856246009026,1.207530478708102,1
60.49240681915342,76.51349477019923,0.9948202673095924,1
63.28427803677267,-41.46044025216275,0.8448981979036123,1
77.74580053363115,67.11115761891409,1.5299597040379427,0
-33.030524400705765,-90.49307863580734,0.7987770162307869,1
-23.516730721992673,-97.24578329079814,0.9459818897998328,1
-28.450230917061855,100.89178805389777,1.1483419599960898,1
-83.78321453678298,-61.45082769533718,1.2571767959750704,1
69.92776706713452,-73.533730885068,1.191705738125447,1
-31.71600946915254,95.25187443597801,1.2070106631503406,1
-20.053026197048002,101.58327171586492,1.1118650783540094,1
101.97234808039411,11.96068167259739,1.247736443329486,0
-104.81766219670013,-21.5764207047991,1.1725664243657674,0
96.5165823381782,-30.56947118561353,0.9419554955937792,1
98.81964201353614,-22.807532156614748,0.9936604530647312,1
1.8173054991074753,-105.95324899305652,1.0198972714929007,0
-92.54212283564416,-48.101332235591435,1.1338906484804616,1
-104.8397275864416,8.710533254342726,1.063988458779162,1
95.48734557692822,-40.74410322763843,1.1595903676221868,0
-82.2456069759864,53.43504824444634,1.2668500098584026,1
31.480680228570886,-94.60593561136156,1.268769302748303,1
9.009936076034766,103.31486205270775,1.080444199647553,1
9.373470469080676,104.8694113423254,0.9317703382852848,1
37.04673313104225,-92.45965490710628,1.1301304785002189,1
67.837716539097,-78.45746499595032,1.3914229599871812,0
-49.467012467976595,89.71568336735336,1.0625529912107352,1
-89.60704586065704,40.708134675747594,1.0032605830202064,1
-97.78932191070695,39.46706764539906,1.1380916123026035,1
-82.15056398723999,-57.75271544749825,0.8116152430738242,1
96.71027634121785,-38.38559389650836,0.9796854149838652,1
97.23837734362307,-29.06435484434646,0.9529723012091726,1
28.826225158256506,-97.02889483781462,1.082361937508487,1
-6.975970824494903,105.49132925686145,1.459131157750057,0
88.89437703747765,-51.12784436637056,1.055778677294497,0
88.47323540186873,46.06466589264739,1.1747854241769444,1
33.996145974682946,-95.15064521719484,1.4865313799568434,1
-15.26811318239281,-100.59992037808458,1.2150120999210272,1
75.18920736095069,-65.69615617728401,1.2747604401912918,0
-36.373621755895456,-91.08536914534136,0.9365379561036358,1
4.363099840529585,106.26145581095886,1.1600066026307638,1
55.34133904730322,83.20501894810144,0.7824340251380156,1
73.0638924326064,70.35846260515979,1.0704285163693872,1
9.209698022825293,107.66400616828874,1.0997365876878311,1
28.79526092662871,96.63641793590655,1.3003861340743266,1
-73.56069293709764,75.7665258187729,1.3188405261792235,0
-84.00278886765757,-58.799350989339466,1.041095861634437,1
74.67663401504858,61.91894052562451,1.026999663526299,1
52.094946395293455,81.15123195683802,1.2327073041520928,1
54.891361292790684,-81.97054250206195,0.8971735672371217,1
-43.281114875295266,92.85491114836212,0.9528572027960273,1
37.70726742895495,85.16998234068889,0.9678947686106966,1
7.964241654395765,-104.32814754311917,1.0179615162482736,1
100.31025029418339,-21.862811811331593,0.7654662713069271,1
-43.173373835420776,-90.63220250176772,1.1299650813889088,1
101.38574127272211,-29.30543350487713,1.175750919800505,1
-80.85015562173444,65.55972314648534,0.9748550739572461,1
96.77031271772566,18.230900258950864,1.028133367910617,1
-51.28179082870084,92.44147680264176,1.1265819317387702,1
75.40773392848257,69.9843018433719,1.1803555845797873,0
-77.34804988921547,-66.66702829676005,1.0659614673502347,1
-75.16330649473748,67.47132480422802,1.17023305420692,1
-35.059374134505596,97.2822433384291,1.1265356327119083,1
-106.45194531762472,4.91640954774217,0.9882652886201596,1
-63.450390499572556,-74.08176389914883,0.9432807716683987,1
72.29873761886276,68.61457699196322,0.9510747227355321,1
103.75512881376471,-19.681852394843016,1.024095513025426,1
-103.78067714040999,3.496746443110257,0.9683576827317395,1
73.75271654202753,62.92601057121743,0.7780056715809829,1
-107.75561708245525,-9.167760819252257,1.3111266096379899,0
-53.21376505357877,93.03985636765104,1.3059083146758816,0
40.71072149543241,-92.11858909268926,1.1024886342986564,1
84.94889498363445,54.64449638695581,1.163976215602909,1
58.3091869244663,-75.98592951716414,1.009544195332538,1
-102.56026249919903,-10.868583534532853,1.1500972027417604,1
-40.714804975077826,95.81586579776999,1.2876931244637506,0
-86.67876597739357,-56.493684438679196,1.0729307843132874,1
87.22834300505265,55.96279718324325,1.4753901566569483,0
14.310276547348504,-103.41769808448747,0.9469053005949014,1
-58.25631985540138,-85.14275654204003,1.3144762783547435,1
94.87588019478336,-31.27152103893378,1.0173574129970864,1
-109.0965195313953,-2.9990016857192203,1.07864642314042,0
-100.81569398127503,31.972938867302183,1.0808684987277268,0
100.19257069307962,-23.522727440353027,0.8896246028978205,1
54.57534802075907,76.38301401004878,1.059804503685493,1
-62.52366459687924,78.67192097055765,1.0151600912723402,1
-80.82259006152955,-56.77513042039216,0.8210987600511428,1
95.30314637795911,19.113040594061378,0.9575995264415542,1
-98.53800296674427,31.47346916536679,1.2995427994491013,1
-27.31049837344057,104.40890085173939,1.1099212916712178,0
42.20419309804642,-93.16301754045217,1.0520552994017884,1
29.42363823037689,101.93412764476516,1.572737771433226,0
25.943602642430854,105.32439526865662,1.2903988007493634,0
99.56685596587855,25.92868223603423,1.2770375178506512,1
-105.05854390713685,10.780556194253167,1.1291008313176256,1
-52.08966372242805,-85.62545777359703,1.0130126655431853,1
-22.784386661818328,100.90475337255963,1.1079414583107778,1
97.72627463279234,-35.1465093078618,0.9341439900716318,1
56.97688342786245,79.97672627947665,0.9128065245969199,1
102.99308920326928,-8.125208885958132,0.9861344411021475,1
-66.65038146786084,81.02891986389072,1.115655155521292,0
-15.04282651153555,-102.53026702365658,0.9802233389830077,1
-45.10928243025949,-90.66975794995255,1.0445747689389997,1
-54.776255052673584,83.67960723476487,0.9192539978859159,1
-77.66134573407807,-71.83255237997133,1.2301457136825635,0
80.0985231944978,62.383711184879026,1.1480819955883386,1
-108.29847031054938,15.496622865581665,1.135770516531268,1
84.73689018650026,-54.88551833643956,1.2696194746416665,0
101.00974703152747,-20.731290318418754,0.8361122973613349,1
91.08311288876433,51.91107793509629,1.3330476516578693,0
77.37505733190513,-56.832099244815595,0.7356015010548469,1
86.10741072088547,-45.01289547886896,1.0773160843456915,1
93.96781863114343,37.50719911690781,1.0562696425248674,1
-39.92700751733666,-91.51580467426609,0.9093173941063031,1
-89.45082042897485,46.53376346975692,1.1826255755268098,1
-22.911391019893347,-101.39311370882396,1.141457287366614,0
-108.79268037553467,0.6617498645025807,1.013087212458199,1
-41.08085227867473,-90.22469217407918,1.2279396233950648,1
33.20913842080983,-97.42305686797458,1.1849290228215705,0
104.96255237189851,0.0818831903046237,1.2684232902713652,1
28.255598603972864,-101.26335883343131,1.309416618153345,0
-70.42058809041467,-72.77577424012006,0.9874539689929853,1
-63.95353255179919,-80.60989579699215,1.1772072547563275,1
-99.35463512666081,-45.897100952103806,1.1936671135899901,0
76.26746345074639,62.052242577510036,0.8980997425636061,1
-86.40556548342612,52.440752362176035,1.0394680651280528,1
83.04459473852503,-54.08050502516383,0.8938855191375029,1
-102.81535279508199,-15.306780050953224,0.9534505706709617,1
-81.24316455182357,67.49347292271432,1.246029920366591,0
-106.478369155336,-20.394354302529667,1.3939858196181658,0
98.96564211654972,-33.52065618135929,1.0763801523942138,1
-105.7505264218469,-27.186615567658837,1.2385880560021172,0
-40.00290353146739,98.41843360592117,1.494751690097477,0
78.83064280088132,-64.16545917615817,1.349460863727703,0
-106.31790102486369,-7.571491876606003,1.0593004779711277,1
-45.30266415974307,93.9521412565397,1.475113908302888,1
-107.00981780568232,1.926390248096055,1.0701738388009516,1
57.87178029054322,40.01727597603614,0.981309115631719,1
38.221971961443025,-94.06225331219821,1.1265957923973737,1
90.89375936758546,43.575453801482986,0.9313264239202359,1
53.198364690053324,-83.34539013148077,1.050552392364994,1
33.00728112034103,95.41731190210368,1.0211277486991066,1
-42.12388815517395,91.74886142218122,0.9303752679660241,1
-57.838548476296225,-87.21167434901766,0.856489856808084,1
-91.3913138468104,43.95955205854635,1.1878585076535284,1
-18.096581586086025,101.55030904130085,1.1306613454448273,1
-108.86636358807267,17.286991042833098,0.9539195178410504,1
85.27549390294665,51.46107847817443,1.0224909352123734,1
83.29796743439316,54.12623405449834,0.8849627322790795,1
-87.89546536912617,-52.78087275668668,0.9574685459582747,1
98.129676512814,15.020487891827297,1.0355169879787967,1
-63.73616041584283,-76.33915864255313,1.1049561964804804,1
42.963397986143846,93.4687981044863,1.5285097860677894,0
-106.32396056138577,-16.03727035159463,1.2514062126623673,1
-51.33633000125096,88.72589686981658,0.9293526125673328,1
-90.85554047663733,50.598603662126635,1.4711780402666983,0
2.6737368262730574,107.39335514122192,0.9628090192040023,1
40.144196737405615,-94.2292427558206,1.173268787049254,1
-32.67351976765227,-96.95714124705273,0.8470664159768786,1
47.44442275672264,-91.03382409797827,1.1144739601435705,1
-60.63015183585914,-84.94012432689254,1.111092524531728,0
37.38207723742421,96.14505906801428,1.2801525646737217,0
34.46002504867716,94.45403299734545,0.9140923270595358,1
103.92107499004756,-3.4586136938259715,0.9591506513222459,1
79.33478489207117,-54.4759472443513,1.1041327620638248,1
-24.658955651682465,-102.7216266943784,0.9625291525149599,0
16.042420957638402,108.08015107372668,1.145913265997966,0
1.508797403768262,-103.75030837477503,1.0330089756259495,1
-58.50797344502838,76.01077783223438,0.9530573767699794,1
-4.646546116491917,105.46406370299317,1.0662207054573214,1
53.26585083590876,-86.39094348515742,1.2545046173813192,1
76.79082385590313,-58.481770947800506,0.9845153270438988,1
55.99556902698194,-87.60916482662809,1.3973894836903562,0
6.151683557323571,-104.62561975465019,1.0145403782599969,1
-104.90740654985663,5.4243435863014815,1.0343957976624372,1
-75.41005488058875,71.92630576927284,1.4816844200400612,0
-37.051679422416,-95.6185848687481,1.0630815965003995,1
-28.734934375415005,-99.14643207008062,1.3141143455102702,0
-59.81316388924493,77.34452204201413,1.0141652743794385,1
-102.09440633846792,-37.44592834309715,1.3677028822586967,1
-42.733454576504684,94.8303051352446,1.0697153850932857,0
-4.386599480604251,102.12455605781467,1.0896358891775397,1
19.712840931205218,-99.36734881748953,1.01258626949984,1
-54.33116785262693,86.81780753545486,1.1850873951475172,1
-7.3885852476028075,-106.13183478038829,1.284570554390478,0
102.27382094045109,-20.686457936718256,0.8664275370881596,1
-85.26713847536452,-62.91636969323811,1.1387266401873117,0
63.561944711138366,-75.74746876696244,1.4616118689809972,1
61.16769806355508,-82.21541802037727,1.1653431773531333,0
-7.820680216848733,103.61327018064,1.2007857078439113,1
-102.68820498404999,-13.063389662019258,1.3023826233310245,1
84.96425422551327,59.83182434417827,1.2042627925831249,0
-14.914438234054453,103.64907915599187,0.7603057444267316,1
12.407809959423451,-104.12354807940417,1.291105041791666,1
14.891650704285071,106.08734484131476,0.964419718858047,1
29.863969263953734,95.12654302224647,1.04620862393194,1
100.59275169832777,23.832757779583694,1.125765470633218,1
-54.61435338871657,-90.91921505748607,1.2285713869596955,0
-90.64445294070389,39.30631861123756,0.9509661849285205,1
-87.88082066589124,-54.664079420351364,1.1653360725692725,1
-9.407813579944444,-102.18091116656514,1.1505613436540225,1
98.3616601391921,-36.588939596254384,0.8288477124053589,1
-7.139333076744481,-102.43222506630735,1.0587200667336496,1
105.16698183340733,4.43533947483319,1.2289073063076759,0
-0.04579417040190155,-104.72162683119456,1.4459265090046893,0
-100.0847088401979,33.8821770242842,1.3640881162744822,0
-103.44399138806752,21.992244980421624,1.0671868846014065,1
76.45634009003656,64.09030726852365,1.1194510288773012,1
-103.12847174510696,-39.10822152323327,1.0638309731139572,0
66.90830855187917,73.45220832416057,0.9969529393513585,1
81.25486215043853,-54.58935056491392,1.017368393994564,1
83.82306834985386,-52.485485429655704,1.0506517473741543,1
17.33952558890829,-106.28858892951897,1.3084419418909823,0
106.7291935964854,-19.752990388417917,1.173205872631398,0
-22.972331077868247,98.81923443170287,0.8993467616133778,1
24.406203967323844,-100.68011722181782,0.9745411722444987,1
48.26578706703953,88.11458024347608,0.9129156580792851,1
-93.00160587125245,-46.02511325169058,0.9556666717973293,1
50.30062352466912,88.22476994334768,1.3318884231519597,0
-103.02242208733412,24.727887929234814,1.4275826807682155,1
-107.06656671915076,-2.2683220654231344,1.2273186428213927,1
81.1850383401493,65.00565728090734,1.4209314319477249,0
-17.005072880129667,-101.1051181198238,0.9909582076047309,1
45.91844043458211,88.93586108159813,1.49867260831209,1
98.52644246383686,21.59574196243453,1.0743425518764298,1
102.90457314606417,-11.045999971414961,1.1663722031800117,0
-20.692992796367513,-101.92549493529428,1.4750690880024695,0
-91.92786737614126,38.66746573213389,0.9768190183216761,1
72.35478923502177,-76.92456539723365,1.147094996891205,0
-94.85274208763292,41.95517279053533,1.1387559513048777,0
-71.81894301700821,73.37952126540752,1.1460982220072897,0
-63.53109043677857,82.84406447655456,1.1131223044890062,0
78.31801173278423,-61.947257775792735,1.2074016797574514,1
92.48784508583384,42.258248821292604,1.36007287018506,1
12.753551790407032,-101.98519659438337,1.139864982846622,1
-52.038340224949756,87.00211843800126,1.141798133626306,1
-102.55591071400002,-21.06960321953724,0.9194062812857127,1
-0.5998003371438384,-99.53552311244565,1.1199126385202178,1
-83.56621214615065,58.27313922261209,1.300819700455805,0
75.48493081375202,66.2948686720886,1.366614299482376,1
50.906162839445756,-88.96369488496404,1.080834641966046,0
-65.88897373687102,-81.56504133129414,0.9332970823228769,0
36.77870550696486,99.92956623234589,1.1190704542240029,0
33.529137254468964,97.22136808033095,0.9544621786304417,1
-52.101154869918595,95.14679860426368,1.4547452090018318,0
-102.12991050470035,26.520886729921617,0.8482954754419031,1
-0.32168396191097076,103.64490144220082,1.1288433096572432,1
99.3483549033148,28.39916997072678,1.4821957854760308,0
17.58817506032751,103.58119130688729,1.017564933997583,1
96.72167010610254,-36.252681110095075,1.060634151182529,1
100.73512378673333,-25.072549316996575,0.9060227686780951,1
21.99084267089737,-101.90515145039389,1.518735581657617,0
10.287448992686402,-104.66405814588343,1.1299166048689788,1
-96.28237717110409,28.24598713172156,1.072174640192094,1
-105.03995216203712,-23.705978377760268,1.2791862958510454,0
104.33303058521263,-15.480220044614024,1.2065024153756663,1
107.04669984460533,-14.540722745836737,1.500807206757644,0
-103.99209144620453,-19.716610297031732,1.081800924149217,1
-22.191256073740803,103.13002986680058,1.4377801272790731,0
69.3167688385459,-75.19672397768034,1.083734533773361,0
59.5625010617818,82.27255322993871,1.0250860569047033,0
13.986057391598528,-105.47798941563005,1.0466961778202273,1
77.0648937322664,-55.68892483471872,0.7267780559068168,1
-82.55805176316719,56.14525972574128,1.2717284236095825,1
-55.941530784875326,-86.91296339676953,1.3246547601172267,1
64.07568527025495,77.39214797923213,0.8762904775218591,1
88.58373166866882,-49.357556954647364,1.006025829821695,0
-3.6346109982149506,-103.45118745009995,1.0785202436180057,0
96.86190105852945,30.326988497041977,0.9181537813964915,1
-103.47188646761278,-35.93554155785649,1.0864108769216207,1
105.54993893092036,-31.670551964330837,1.2257508720005534,0
-27.686848669787878,98.2427377182082,1.0057795399062963,1
-5.450734125494762,103.57340735902184,1.0355141437801152,1
-31.020133303479653,100.33205552655298,1.4283385733630154,0
67.96936547124429,-72.45684145558364,0.9568941619891265,1
99.2897256348945,13.612081369626617,0.9707914849567588,1
-100.39957741087932,-48.102196590168894,1.0601450175840106,0
98.79971753237882,11.781152890765702,0.7138157195369892,1
57.96687824920794,-82.89243800466149,1.079389503409938,1
49.10007336997436,-89.591072249103,1.3090703231927179,0
-106.3168478197063,-33.42767849097199,0.9297251722487546,0
-78.95169641991059,-62.81468571605969,1.0383011744259105,1
15.775410554471181,-104.49915309260585,1.2100737084225823,1
-100.4740166747926,27.11893278898005,0.9820404745623751,1
-74.75536785187992,-68.98048194224927,1.0607516018194656,1
103.72984828928556,-22.13352766499172,1.3491227375207904,1
-33.69354786961189,-98.9826300803432,1.2218859946998468,1
85.3976920313349,-50.08869949781398,1.257693073828519,1
46.787936981078076,90.99552132650655,1.4524351870416177,0
60.62150829008458,-86.48299724765681,1.0890772411232057,0
-81.16273173762755,63.710923561423016,1.4817232216384857,1
-86.98864467547031,-58.63349276192893,1.1053622162971948,0
-60.40758053216348,87.71038074764856,1.525943566676421,0
93.53597344434426,-40.39545402216704,1.0590362155660638,1
-33.31836688200312,96.41064031381183,1.0671269611084062,1
104.30224863909284,10.089178805389777,1.4765174412609008,0
-30.930002460178944,-95.88748374847374,1.1199990468127687,1
53.80501238931997,83.34066064417017,1.0603300325310077,1
-97.84575875814363,37.19170040643959,1.2644369913484441,1
80.82749611179524,-62.903695730051766,1.349460863727703,0
71.15295551410084,74.46267828448741,1.4304451152691642,0
0.4287653627658305,-75.54845691933909,0.7006327065402537,1
101.72830237345487,-35.763173174095776,1.3470562267618564,0
91.09665602687816,49.99759320090914,1.0801358530043415,1
-103.76781417952702,-9.67030802791854,0.8967799489414429,1
79.67611299755282,-56.87112895005887,1.0114568958809351,1
-22.429408100546222,-98.24754097203213,1.0496649733681465,1
-105.32799788577076,-17.94589180368632,1.3939858196181658,0
-37.17468988404142,97.71672557269848,1.2242069567157459,0
-36.20938480353328,96.00386291836732,0.7930985143829318,1
-29.272580894879397,-97.13624323541552,1.056069888714803,0
-67.26390483709486,-78.33213358221876,1.260372365869714,0
-12.046389138430142,-99.3470055125554,0.9678252997069748,1
-108.38034002435788,-6.924560608668139,1.3548674805037626,0
-111.15127013324042,1.349155806639625,1.335093529421953,0
16.203561346721816,104.68157127863752,0.9500979103668871,1
25.991347942900006,103.39841632852877,0.9741745969747518,1
-48.802962668685296,93.62801524936923,0.952287503318326,1
-83.24145676399607,60.28441000487556,1.300819700455805,0
-110.61392486193085,18.208863966426616,0.963937120172335,0
22.838376570873038,103.49942970676018,1.1929835261972437,1
11.930854301611708,109.29247420207084,1.2059881988521997,0
-94.95535865227168,39.58944242042207,0.9674778321858104,1
11.19627296001846,107.7153872459488,0.8880321413991098,1
-44.11806585163743,-92.51852304212478,1.3267803233580373,0
-14.50297283803012,106.76817603734877,1.4566226723808633,0
103.3844906158919,18.652099505782022,1.3474058612407702,0
-9.992331803869945,103.47247580027921,0.9726438686228213,1
-60.53507283233866,-81.59075033923907,0.9224848025704945,1
-103.9202042550846,30.77781431493351,1.0149508300763856,0
107.3366652878459,3.0454241460336418,1.4190493545758653,0
-104.88793197633834,13.40564083028619,1.0275121010648065,1
-35.86133753281048,99.11823031241356,1.0544954341880795,0
94.56076121168692,36.12767523250308,0.8576166779469014,1
94.89316728633256,50.25789690635156,1.0731886261263144,0
27.646381160025005,-98.92970316306591,1.0865264018106702,1
72.61804422964155,-71.9274425621412,1.0099606330347428,0
-24.376077355196816,-99.55727328233365,1.2260698673107926,0
-56.11598002224844,87.981105138144,1.2707299928712954,0
56.350278170454715,81.84141316670217,1.0793753604180856,1
-103.85274270330564,-25.75873880717683,1.2649855917104569,0
67.29368536541783,76.48465570573146,1.0390577316650524,1
-77.58536724206829,-69.1463853841439,1.0008355454727573,1
-108.47747186999983,7.300554849862789,1.2847066607123065,0
-103.28561805617038,-22.33405792696222,0.9041530095681961,1
-90.78636258376503,-52.28640904711776,1.0679039920150633,0
75.78157470896022,-68.61571882694807,1.387797507496022,0
60.206334697960834,78.3567889422971,1.125076173646916,1
-26.975176586221313,99.85057323212796,1.046533193605445,1
-8.536461846382236,-104.1026595104489,1.1561025569171166,1
-71.41553895323695,70.86323102831827,1.1187485857013784,1
-86.40611518260914,54.901755604615325,1.2224441800318522,1
-105.1067799064696,-31.708847674082154,1.1304327332031288,1
57.20911382316412,84.00384770810025,1.1796430995870462,0
78.41387146073934,-57.97940183059532,0.9845153270438988,1
-106.48574682011595,12.470475666289227,1.123921915736728,1
-91.588340803825,47.12461156306281,1.0283284723803496,1
106.02746133285102,-23.270837377504552,1.3158085973879643,0
-11.852419773083634,-105.14814116336923,1.0143482195065099,0
83.18424974239736,-49.59543086234194,0.9657011813598052,1
61.112180272311825,81.43335740106454,0.9830801520480197,0
-106.13211563509692,-10.558802985077996,1.3111266096379899,0
-69.23454743252861,77.39829167598369,1.02199244314384,0
21.652686284137786,105.41180484589366,1.3725252244223691,0
-15.920887465535078,101.84126846095495,1.2040595085099282,1
54.01783931829806,86.7884568936154,1.0702094023993534,0
-85.24886097752868,56.88479540740727,1.3811646404616889,0
-41.69867840761156,-92.61685788386592,1.2847926108521048,0
7.4789872046753345,109.91037273041228,1.3960089987527167,0
-47.32305296813775,94.88632447926102,0.9779404981942957,0
87.59599169505717,-43.49533381649601,0.9663974411341107,1
25.72223806752839,-102.1483575526089,1.2595652781607036,0
1.9117006778040218,109.37624882144625,1.26053032146455,0
72.38784367380809,-62.51650280180888,0.9825827260397446,1
-107.53606985035117,-28.37468869508666,1.2385880560021172,0
-104.27109432043733,-34.670382561516554,0.7860089375385527,1
-92.45877435853205,-51.045694364092725,0.9770633588101928,0
7.668003767393932,-106.70545658630898,1.354181785489737,0
23.125806719914614,-99.9496415644675,0.8813780520260504,1
-72.9522358823391,72.35737932164308,1.182121864373637,0
99.56251548401771,32.174726060478235,1.41403146769943,0
24.74435303652897,102.34661544466398,1.0169372266958907,1
48.37959678589473,-93.20145250732988,1.2487880375295055,0
-85.45293679922972,63.89923183250132,1.2403213350022149,0
-110.09537036037311,14.488784376098241,1.0694377076436907,0
104.86749087429352,-5.1830092235566365,1.265604385261372,1
63.36458881692215,75.6853040651084,1.1174765648364737,1
104.24440337121673,1.527476604853266,0.8549271516068759,1
-51.02154412490193,90.50385413438049,0.9835303809291253,1
-106.34739076927112,10.16658938445925,0.8520772970849673,1
102.78884990719803,16.483929346919997,1.3052687194004053,0
2.0669061959457196,105.94328130565411,1.1085788070194993,1
-40.43077469330956,-93.88462264981564,0.9296652505407452,1
-67.68860429301637,-74.5239867803755,1.2366465716733983,1
-64.36663319498892,-82.9425391587722,1.2971472985745711,0
-13.545687268301997,-104.28233261484601,1.2444194348252726,0
82.89748442339096,60.526854378979195,1.1176073256278494,1
72.64468046253879,72.43723536394864,1.048506364193152,0
56.432118130179475,-84.66027057729596,1.095997596863066,1
-104.19931463091086,-16.265572011355548,0.9656444076331689,1
101.63780837372839,-0.4595485170156929,0.9445782320422264,1
-96.29630288374092,36.03847833026297,0.8854163966252877,1
95.33464046391396,-19.095305016646538,1.011882684907393,1
-40.25366494804649,-97.88940440939531,0.9865581821973403,0
-2.487742719137195,-105.36251409988347,1.258777785710147,0
-69.84393482209846,-74.7129744021351,1.2447530641059938,1
-107.90691348550206,-17.142933782322288,1.2749009168557552,0
-112.25713554851879,11.086669409970883,1.3307723603405304,0
-71.58152433226425,76.31818741673938,1.3188405261792235,0
94.82924525013908,-38.72740684304895,0.9759056082255295,1
63.976315363653526,79.11993103995992,1.189801217212077,0
76.65121815099562,-62.34131967729336,0.8469335894358854,1
-103.1840814470748,-42.788871206871356,1.204612459700736,0
31.79460074663533,-96.26771852622322,0.8674352344118229,1
105.29040561527079,6.381600888221533,1.2289073063076759,0
-104.23395908673909,-33.53510541702761,0.9461656328197436,1
31.690047962022412,100.71319078933028,1.272165584604778,0
-96.50197494730038,-47.59701458405095,0.927816222200915,1
29.486303937242667,-39.48775075302035,0.8306019714240571,1
-105.42847577069907,18.860056814492143,1.2729041704555937,0
19.61018853519653,-102.7466929771247,1.238269210583908,0
30.216011279413035,-101.19258344685349,0.9434983655282727,0
-56.72857875243472,-88.86713413073934,1.2381260845500208,0
-95.78931253214891,37.68227030820278,1.133662214165148,1
-110.3396104272909,5.751319319014465,1.2785666962738007,0
55.24360808995827,85.22398406917127,1.3637777965471765,0
88.9910882761881,50.39672554925417,1.1352151862281794,1
-102.4593133411318,-24.153658226602804,1.1903061401897355,1
-12.359889124761375,106.87083373250286,1.1762038301282074,0
44.57514850146028,-93.8414994131002,1.2670951149849514,0
-14.053069608772176,102.53704770324646,1.0722304029980436,1
-104.51073262539627,-14.393529545732697,1.1259563349136268,1
-90.32366420317669,48.63754077167936,1.0915858603248643,1
-35.74034148244702,-97.51828416762355,0.778174216597199,1
-35.239015827520824,-98.79596830205352,0.8426572496625904,1
76.47248638928305,68.70193873792695,1.2395422996010665,0
-89.8347722202477,-55.50192240788118,1.1303600127547533,1
103.5138531569657,-30.076241100473798,1.2257508720005534,0
-63.04170110696966,86.67268163575126,1.2121935384513276,0
-14.489703998630864,100.71075378961888,0.854966876372415,1
-83.1448598695103,-63.697981964327596,1.0944161677209727,0
-83.47749621622482,68.41401521989503,1.256342713618253,0
103.48446476183697,-1.4160579133549709,1.1466054661110543,1
-27.041332955803735,-97.32200364899222,1.0962368461027572,1
85.10002992372246,-51.77936197537176,0.9490222799327509,1
-80.93517063664326,60.053028933371166,0.9076038763247771,1
27.460434111181932,103.38556182455632,0.9229947839491699,1
-99.02842703528653,41.63871968249992,1.302018631968655,0
105.19263446194884,-18.773326498946926,0.8898853243786858,1
82.66137800908143,-55.8149643355335,1.1177450075794888,0
83.88629412758534,-50.74602978088495,0.7290066365695448,1
101.28031543646556,25.661606961534865,0.9432081898342974,0
-101.55928344837817,-44.91511731424481,1.3389942846014242,0
-79.45489416356389,66.16454216578076,1.029724476708531,1
83.64618552443649,58.26657424379761,0.9373558397824789,1
-0.03186391874530112,106.0282517556416,1.1110686233020761,0
84.72175692955088,64.4545279526708,1.0292530188568427,0
-53.02327390610575,81.86567085968244,0.8178623847391319,1
37.70956384668366,-96.01525668325199,0.8272160897120959,0
-75.8756378730804,69.46201166105784,1.2527750800356983,0
90.25319130691739,45.20966414860634,0.9177187028547882,1
-33.456712795311354,-101.67087522033714,1.2303050618988596,0
35.17112797841622,-96.8576831744135,0.844963832618538,1
-3.989716670454333,-101.52888940703315,0.7805474380142685,1
36.46688388992719,94.12389171239407,1.0436058496797938,1
-46.69514258534269,-90.7148772588959,1.2687971174791124,0
4.7552212856970515,-103.55078000796712,1.0278666844758713,1
-52.168746866432585,-90.79625185795638,1.22172560720797,0
97.53809229335695,31.752065402955115,0.8204365218419676,1
75.20813204735455,-63.631222941929174,1.0554839827970988,1
-65.63188365742171,-76.96741374380855,0.9163667479656129,1
93.06921604212481,50.97204949025585,1.0731886261263144,0
78.60918197046746,-59.6907348871998,1.0774429601654818,1
-77.60493592891923,67.52333209908463,1.3475858327062087,1
70.52924234022224,-76.47237712039578,0.8229631247243667,0
-24.38082822429672,101.84802032162736,1.2963168983123887,0
93.14954104435199,44.52499546534069,1.1400118299422037,0
94.09014863946632,32.94770049442861,1.0645792346921996,1
-96.26845145846725,39.12661060530501,0.835819359031754,1
-30.29414788072878,102.54684946262675,1.2014733359217362,0
-53.79288549877989,88.93709935950378,1.264749016495645,0
-46.20551452903145,-92.82880043716806,1.0629442283487223,0
61.73825440416153,-84.4675883282771,1.1474904785761197,0
105.90504460315977,-10.478289124765647,0.9684802494936917,0
86.48026194836105,-54.192351413367305,1.2696194746416665,0
96.37033831801276,37.766003846576545,1.26219052149757,0
7.6844766804802065,-108.89789836238786,1.319189114970026,0
-108.29276871604546,9.576605459487661,1.2869018476048943,0
104.34845939064199,12.41399916503983,1.247736443329486,0
-38.99895823946733,93.5223009264826,1.1251202239205809,1
-68.58534566796517,80.62442697539583,1.187370083993956,0
-93.45247342454647,43.06476898254436,1.1118093160888498,0
105.33999111074297,-21.01531654315634,1.0703017393927727,1
-73.29442212296036,64.26444660678969,0.9041819707270952,1
-5.156929145490863,-102.60974548114487,0.9436867200354561,0
59.245949719671295,-81.7280180780879,0.9561138809062304,1
-82.03738592271876,-62.330730178165226,1.0669545020568516,1
60.33582802076542,-78.7820412212551,0.9253358760394056,1
-106.71315162901095,23.549211454723615,1.1812071685125805,0
-108.55289137213617,-0.9514596056521977,1.1744142905520036,0
-110.29392283674095,16.32726507975556,1.0694377076436907,0
-49.766212129404714,-89.35165711261581,1.0159252875282956,1
-103.36499461820036,19.839962793704363,1.1361910880013,1
-34.20636093680542,100.2446222084476,1.0544954341880795,0
-17.115110410458428,-103.35418171191763,1.1824792383486882,0
29.606065065919477,-98.99440970712847,1.1948373931314602,1
103.85050464234612,-6.94246509634407,1.0972568083396763,1
105.08878360090816,-8.455049987889964,0.934320070243257,1
-91.83707545569224,-54.20294417550159,1.1743160432949995,0
-10.293523501691222,-103.81255491303303,1.0040846704019089,1
-109.13096620877184,2.305008174280236,1.1991491163621477,0
95.34286847608448,39.31457593203787,1.248571729686049,0
83.13105525002683,-58.050241325313145,1.213049900870648,0
105.14215773696773,-13.79735389427326,0.9717384689600788,1
67.83139351281864,-73.98279479218336,0.8741612889208803,1
17.88123856507293,109.1374727065645,1.1464761383346669,0
58.38464962831312,-79.36996563978528,1.0908310234907848,1
-79.40497048376082,-70.61506066738814,1.2301457136825635,0
-109.93530967217431,-4.917414879937876,1.07864642314042,0
-107.85948809845176,-4.481052140228022,1.1892752276685075,1
46.62123129479677,93.64722141754619,1.1187306109277115,0
84.63866500940631,56.71700570677753,1.184516100507522,1
99.48380961878588,-35.37812480801009,0.9863036966231505,1
98.3545911417713,33.64078556379776,0.9378527065991574,0
38.98239144339932,-92.0926584553655,1.0995588096388893,1
-62.58215258995397,84.50679456539315,1.1131223044890062,0
-108.10404122590423,-33.86796611973023,0.931111991692872,0
89.74466466789167,-46.237461752139495,1.0320012225013562,0
-87.55419388562864,53.650589129224244,0.9572752798796085,1
25.75560552183353,-99.04599814257857,0.958354239119388,1
-93.06846928097049,45.25783313748233,1.2362957530637941,0
62.918648446215045,-85.80644334657303,1.0890772411232057,0
65.94769049654185,-75.01403751020723,1.135008695745154,1
-106.71601257436392,8.743709216801076,0.8520772970849673,1
-57.67393570172413,86.68994842934556,1.1812777751744268,0
44.018796118674125,-95.3840733244346,1.2084571734638143,0
-84.84153388290115,-65.08225318678646,1.1387266401873117,0
-31.995897041015702,-99.90126559053552,1.1427635844084687,0
62.802788099543896,-77.21981728535125,1.1655994162787242,1
-104.36906812849226,-11.357159384737697,1.0155422468951787,1
-79.53889605157683,-66.9806883956755,1.2115637635309429,0
-50.33622903993378,-92.51024976060036,1.2793046231729528,0
73.94307662291389,68.56611322596032,1.0272170120863795,1
106.68427904505594,-9.100150475290816,0.9684802494936917,0
-50.66074787906012,-90.43556725115133,0.8053773898496354,1
-14.942289659328123,104.83740663433542,0.7745968686221593,0
88.6622664435854,52.55975836418169,1.1903517987060837,0
93.43998449178487,48.948879918488714,1.2709851054850163,0
-108.05608142487799,13.684441569061097,0.9418514252812877,1
-88.87340070142592,55.21296387066676,1.0803633123384289,0
-106.68209936829538,-36.951878481851985,1.104747426967787,0
12.012826110087646,-106.41396610134242,1.13888781027749,0
104.31362711717313,-9.755447482779026,0.9314673440406823,0
-72.15425897305127,-72.1465462706678,1.162776332521536,0
-21.94389578682401,-99.74200856270834,1.0133092847814493,1
-54.289390714716426,-89.07233945338075,1.2435124192090081,1
38.94360353173587,94.74428221036521,1.2964758597022643,0
-78.70576307975811,-68.47115253956662,1.0456025498761734,0
52.00780721128266,-87.71070691918722,1.020030189646367,1
9.83250693754229,109.63064964148117,1.183925093414021,0
87.42936010087955,-50.16619099386506,0.9366158554023175,1
-2.4978842225101965,-101.95273304455554,0.949352638392543,1
91.16536425585774,-44.91983782009511,1.2124574411040607,0
100.74295700009155,-33.624068340167405,1.1589263831238135,0
99.65852694277929,-30.174791170007982,0.7428847564699298,1
98.27773285321118,30.282456822565955,0.9737194629852568,1
102.37867437134935,24.673197857788313,0.9445752138034229,0
100.46442847920656,22.20009713720325,1.114244786057861,1
52.33481747676009,87.454470053108,1.0702094023993534,0
102.61557703660554,-27.64039716679644,1.1790386596272422,0
-48.91945199744482,95.52381995633895,1.0523000332338621,0
19.021042003130763,104.87039378341848,0.9683590230130252,1
40.253764417422495,-96.42461837875182,1.0906741703701637,0
3.232384600657889,-104.53514310423353,0.9619520438780965,1
2.846235976355205,-107.61521195827092,1.103279989268925,0
57.86802034813125,82.13719530310864,1.0231961963956362,0
105.31564822507089,2.4354942289995893,0.8787438518335647,1
82.78267766166566,64.53033136802604,1.0292530188568427,0
99.22667070003575,-31.52980279732281,0.7883877096646215,1
-19.170590733019743,-100.48765818921237,1.0038791153111826,1
-41.18032165465216,-96.63648814958371,0.9865581821973403,0
-95.7059439840874,-50.459249013657995,1.0921439584826422,0
74.44685975654072,71.72191224508704,1.165088027525203,0
15.107571888001427,-107.03097271340386,1.1376654016374155,0
-99.31068406528436,-43.91419919593927,1.1343617861763637,1
69.32650181736264,75.68878012897153,1.0606705887171903,0
-102.27310023076889,29.570213763173584,0.9969935582613766,0
67.54945428751441,-75.99261385922982,1.1058902917787445,0
-96.916275610333,-48.994556255937546,1.019268099328241,0
-21.87033169615548,-104.19218194882859,1.0925753332393695,0
-76.24327668669292,-69.9679108131869,1.1026509520482366,1
-85.27236061760334,-57.99188956203595,1.017850272684813,1
-58.83980055186453,-88.5037672650635,0.9252867231169045,0
-82.09978869654874,69.85973001396599,1.1690954241788285,0
-80.06528798924934,70.33240848861065,0.8785096198631698,0
73.6577360404532,-73.52312081829706,1.069980929716672,0
-88.24818509575903,-57.10226665284399,1.118273359531023,0
-10.812682875567358,105.6581796973249,1.1602174142821957,0
-50.30489618650089,94.3954431088124,1.039112464934714,0
-11.998564526830643,104.70288614491835,0.983199499826912,1
38.642276071457744,93.07867501674606,1.0670021854230956,0
-38.06894926642947,-96.95226630287324,1.1381141292244878,0
-24.71535478786167,-101.26151572440584,0.9625291525149599,0
97.12447320584941,-40.002838288670034,1.1595903676221868,0
-66.64738947124656,-80.42099047774461,0.9332970823228769,0
-65.20366799383889,81.61424997931373,1.1179658833630919,0
-89.67462652492404,-50.83233255262115,0.762349795052337,1
10.029179724348076,-106.96636168114183,1.0157474409288474,0
103.64159668353027,-12.781933582502717,1.1663722031800117,0
-17.827140289175677,103.31319096719133,1.032555070007029,0
94.98330712083896,34.79558134941347,0.8576166779469014,1
34.982656117615356,99.18652124282305,1.1190704542240029,0
58.247774531737875,-84.68643625840835,0.9693490724343397,1
71.28373360045872,-72.63850650127122,0.9514104112329874,1
61.87012484817474,79.90150084981384,0.9830801520480197,0
-1.5213305451414343,105.57339840067011,1.1301077863986873,0
6.013979683518531,108.4425236873247,1.1299020430176243,0
24.08574874476318,104.51902661601086,1.0326836399544765,0
61.75924012925148,-78.45455031191004,0.9267292639422284,0
28.283122365419796,104.18896832283548,0.9416783319556593,0
48.84791850187162,89.6641822404464,0.9697998623220564,0
-95.13199221414783,-52.361284980281056,0.978712732920681,0
-109.10863781268816,19.132910208433465,0.963937120172335,0
-93.86003610453817,-49.6378362278902,0.9296936196856987,1
-67.68300636386705,79.05177847396763,1.1729274813149153,0
-103.63273158028774,27.769081929390374,0.9875659359229269,0
-69.1031840256228,75.84259595491477,0.9748204990951005,1
67.95987865271115,78.23273280581098,1.066282130414197,0
100.83162897530661,13.345288934135448,1.0168820042120683,0
-98.54735337350759,-47.77584341872675,1.0601450175840106,0
35.06621039343643,-98.63582260672986,0.8525650146703533,0
-43.9481084909011,96.02979355569109,1.0697153850932857,0
-64.57966625174325,-85.5758644436524,1.094195274635715,0
-28.60518611949359,102.99279829863396,1.1099212916712178,0
-12.141480705243909,-106.9181401974898,1.0143482195065099,0
102.35398788076583,-25.70487614008504,0.9464227211138467,0
-89.4567885915335,-52.21545422558721,0.747824662702008,1
31.533383694857974,-100.22753156112056,0.9434983655282727,0
14.261768985188272,108.17519851225951,1.0672036660371036,0
89.41332235101203,-48.17692248967677,1.006025829821695,0
-104.30259295616351,-40.12395688177194,1.0638309731139572,0
66.50674607484191,80.843676814251,1.0448712689788222,0
-5.19061232341041,107.10160489274776,1.080645332512657,0
71.2029878717241,-75.34629696096714,0.8087289398831239,1
-102.36937945789077,31.462582440083313,1.0808684987277268,0
94.52581659091248,42.69911612647292,1.1209424647735093,0
-61.49523891719731,-86.8674152834623,1.1245306151763854,0
-55.838691932888494,92.30776858511426,1.0367815609400461,0
-96.08361927256013,40.90361593602407,0.9283425054277438,0
5.909376157442595,-107.53435298166991,0.9396984550025353,0
-20.57347020322138,103.85725675846119,1.1221397145817162,0
33.12737140222563,98.47630989834423,0.9665525629201867,0
-80.3701313533318,-62.83463181471753,1.0420226793588014,1
69.23307294530824,77.52165710675473,0.7599414772762677,0
38.816351717310035,-95.99981996953727,0.8272160897120959,0
-81.20083038540758,-66.05429694073914,1.0469641087177997,0
102.74757249581756,7.746360887302655,1.0808689484046756,0
99.56218522996305,-38.93447613530108,0.9962562538043593,0
105.40371894823356,-1.8428359722750123,1.0664916037197079,0
-105.13106815344915,-30.134509213875315,1.0628190078460475,1
