x_pos,y_pos,radius_i,inhibited
0.4177713791051572,-5.5198043464270246,1.0025371041319437,1
2.0425633102736387,-8.024597814325467,0.8896809866825836,1
-4.46789553275446,3.356849486701781,0.9358022261416082,1
-2.350913487873619,-7.595843256457565,1.1689445887692302,1
-8.652782504878184,-10.835023591027536,1.0370165021861624,1
-5.196433230869664,9.836909164930113,0.978485807667349,1
-4.352856407676533,-11.434081283509109,1.0597806757273551,1
3.5220685042519233,-4.908387407160087,1.0481887219266206,1
-0.694143214513187,-0.6893227755235252,1.0229424667705178,1
-9.942958822702959,10.407729481957476,1.012899413453362,1
-0.44397060118464665,3.8810253031786845,1.0726343062007095,1
-1.1147899431911479,-4.08316553156997,1.07686447465508,1
0.6214349264189261,2.543183270302712,1.039383249972093,1
-6.201584027605591,0.7241370571156287,1.0543879129465168,1
1.496604528676751,-4.4603238416228,1.0051029075864228,1
-3.5139214886956696,4.488721373274398,0.8072004587741165,1
-13.83322096335541,-7.547944095623935,1.182939033959264,1
-1.6339502827224193,-5.820947882198644,1.1065603492135345,1
-4.547280780260083,-0.2924399653736072,0.8950468540628025,1
-4.580661024446645,1.394817346367264,0.8967121845583796,1
4.918708289780313,-8.216903387978991,1.084633086094823,1
1.3858073461174343,-10.373860159437143,0.8639626448017775,1
-6.259974296381114,-5.814717958124274,1.2336593219283039,1
-9.83433826413563,3.6513218533791707,1.481920615173889,1
-2.0561126522986735,0.49793831941993427,0.9095455928560412,1
-4.1579246204624685,-2.240573870042969,1.0889288907142767,1
-8.930529884828964,-9.005195407903086,1.0254621302832847,1
-7.8615416914625555,-0.4206328269072628,1.2667427113562364,1
3.977354048011442,-6.872765483605615,1.0259486168985752,1
2.028322675288141,-1.3070276003432952,1.039089823494722,1
-2.7370763579438404,-2.7775058462443605,0.8176850683287077,1
-7.780188529335454,-4.251627188893348,1.026972433433453,1
0.3572880600406755,-7.10647822039043,1.1458000972696714,1
-10.998911998165331,-5.026221867923888,1.0930452798813661,1
-1.2998658052729395,-2.3884586559698344,0.8739855870960297,1
0.4495220039171495,-2.611906662165492,1.2525377465176724,1
-7.85371148663592,2.2454235525549606,1.4426607921789045,1
-3.2293727604829368,-4.206957787589022,1.1222008186680845,1
1.1942499078558098,0.3270141484719737,1.3386903054369659,1
-13.653528253482502,3.7181652740359934,1.1990440252429122,1
-1.8209917171583998,-9.49324022048976,1.024447874506368,1
-4.71855836021756,5.111489278943481,0.9142851517495261,1
-12.504656960943283,9.479612384059068,0.9701829526267268,1
-3.8339332465591074,7.702596884875138,1.30107547015237,1
-13.261630215469637,-18.345385684955634,0.836078475827433,1
9.650518857329352,-8.558345109097266,0.9546033946770808,1
-7.471286928772615,4.540066517826551,1.0105965780410888,1
-11.315177121763783,-8.718567319325516,1.2296713926374498,1
-10.432586879014226,-23.80127101037957,1.2358344829191665,1
-15.98367185745174,4.547180354447799,1.1348757281512096,1
-2.3186311540336755,-1.1718487183899813,0.961029983419993,1
-0.6893227755235252,1.4674219691068886,1.007479588362818,1
4.08966043884026,-1.6755845928110409,1.1227755786442652,1
-9.593350142293913,-3.665394152464813,1.105041941073833,1
-9.046881844254942,7.20527739758726,1.0460406822255706,1
-16.780483727390866,-5.426386024154889,0.7358849011235372,1
-5.91036561597204,-1.444609453011033,1.2324227876095573,1
-9.739737829816207,-7.139642060198986,1.1452522964747147,1
-11.884998919286128,2.402782246110574,0.8946018667541319,1
4.37025190490013,-12.565836524563245,0.9853561738348675,1
-6.072876683537838,-9.721413394389625,1.3989481125376044,1
4.46909610736425,-10.17088219535401,1.302475156100114,1
-1.750596843411654,4.859624493720098,1.1616845908892997,1
-0.915054085201311,-13.8336232468211,1.3662911520231407,1
5.469359529130424,-0.16150955377778298,1.3570896390093028,1
6.388845236559503,-11.820892119509844,1.2717293548217234,1
3.269515140823058,3.863477058072565,0.9967158774307514,1
-2.739386614418169,2.3980077160636704,1.4445165364901469,1
-5.729895145727019,2.6319596883625502,0.8880010512017785,1
-8.846066062215229,5.832282764577492,0.9551259733668509,1
-7.73831957353943,-2.4815619918846847,0.8785039289757244,1
-15.937635677305481,6.613800341014088,1.15793088371093,1
-15.69775956987664,-8.316634525472145,1.087093222031608,1
-5.376505222958524,6.939961502728361,1.1250823222568218,1
6.430798056294713,-15.476268709402794,1.1258496735351295,1
-0.34081349348052975,8.010216495158527,1.094032077681424,1
-3.83899761137716,-17.15883462764713,1.1409482253032097,1
-3.9547346091919247,-6.059698353068789,1.318531647570551,1
-0.35249460111998443,6.031574285830844,0.8214902739298083,1
-7.695348803117183,-8.083876185684977,0.9240391151300366,1
1.1279827235839501,5.332851654277448,0.9036259284396193,1
-5.6994460394422255,-3.825741404155576,1.2577171059297645,1
-19.366024373630612,0.6730761107805548,1.0489420493444972,1
-16.775743059259188,9.757183890292385,0.9867257836792306,1
-11.729291616118152,7.117959945374576,1.075008205144966,1
-2.916495870888223,-10.497352733893866,0.8708410304426394,1
-2.9828876468108847,-13.983404874905807,0.8496137345781615,1
-14.107426204173246,-0.20480987121986324,0.9106877839266997,1
-0.1577701325797149,-9.004693454806764,1.331684863852125,1
-13.419256456204367,8.348831191906928,1.0975406662683937,1
2.7794084103996766,-3.184892396001752,1.2050621972302953,1
-15.169658567471423,19.121016229480652,1.0897576817384589,1
-9.695638166272698,0.010026513098514883,1.029482233627569,1
10.438316315070516,-7.209540370843462,0.9473113946998634,1
-0.4250369683069858,-11.484171932140947,1.349487936786471,1
6.534520605589784,-2.186817080971196,1.086936438607404,1
-3.4703836284977383,12.066389901327168,1.0698241395276593,1
-11.756086608019386,-7.05615859308626,0.9414720960608801,1
1.312995762901939,15.469477352008447,0.9549533791767972,1
-6.915024522840737,8.745953001701652,1.3692488780054932,1
-6.423234953741939,-23.436974367799856,1.284236230337882,1
1.2428698528378805,-13.112799161663421,1.0105463903534673,1
-10.67322319337881,5.639913617919751,0.9878693419139607,1
2.6809397810852267,-11.722088661306012,1.3250033285107123,1
-0.19406154384239452,10.228660540026489,1.0883565175410856,1
-7.506551694772632,-13.991785698924321,0.9442038536982809,1
-9.653335293592995,-15.750919804352657,1.3217159164168477,1
7.336708142285338,1.1858279914600633,0.9115293943113008,1
-9.399856029866251,-1.9356740565205932,1.0479984643356925,1
4.031008027691477,2.148122137677958,0.9415577507428028,1
-15.431763643925095,8.247873673865609,0.9322615744227243,1
-13.012086418486295,-1.154839455097862,1.054901374670745,1
9.804772904998957,3.570338478352612,0.9078281586984307,1
-12.117041079566263,-12.192239927805183,1.0291902503956918,1
-13.657910470745826,-9.521973817604675,1.2515632865669297,1
15.43665245793592,-0.4344822342693772,1.1041501418533413,1
-13.853493243396693,6.70085860857751,0.960436984454912,1
5.411047558062137,6.846001425423351,1.2034408623917308,1
-19.228877203722366,4.067574063833038,0.8639333833560288,1
-11.784733788300894,-2.864718028149719,1.1990227770812518,1
10.866233570525392,-2.0429020438242596,1.0735637207450555,1
-5.348002477076637,-7.886360223538408,1.269674673970356,1
-16.2930837851015,-3.7373827574748137,1.42805253663126,1
5.042179183200058,-3.5526635353904714,1.0724545538908667,1
5.093597199089917,3.602474738283796,0.9592490657599121,1
-10.083481922947438,-10.163238277140227,0.9694937311597429,1
7.662704341866159,-13.722332461584578,1.311885176657554,1
-3.0079539295572006,5.839304503401752,0.9706695991768273,1
-17.271417059453743,-0.9989100736215996,1.6424672836077125,1
2.718727590176692,-14.046759215912955,1.0614758762149321,1
16.037305389730992,1.9976292678436867,1.4003086576064165,1
-3.7446580931987645,-9.13085201990584,0.9418337333361844,1
3.0015811458081516,9.289394444882511,1.1092719880615165,1
6.802077636157757,-4.085804087648519,1.061018817552057,1
-10.987387270465895,-1.3189639254606114,0.9370049095948294,1
-6.035960885311459,4.72750092595407,0.9941784935393145,1
-1.7455578057394074,13.392297296271266,1.194882348017912,1
2.6838209630101,-9.131906110853969,1.0899441272858004,1
-12.77753762993153,-4.430465475410282,0.9271413612986003,1
0.23026003918122445,22.53925168339713,0.9462015608731591,1
3.2774164690800442,0.4449265187469969,0.91261288243453,1
-5.397894336231243,-14.266172300960223,0.7855998862013533,1
6.4115619299140105,-9.807797494168943,1.02797531143865,1
2.299349398074971,2.111352277477646,1.039383249972093,1
-8.898530374940052,-5.647871167997943,1.1012444848091392,1
9.47698305370104,-0.18317668160766318,1.0313233111771443,1
-7.134371741149108,13.194700860826595,1.279506337121401,1
0.44234616611134964,-19.78024606127933,1.191255584405157,1
-7.12869889618545,-11.177283351877332,0.8229292939602065,1
-10.829167471570731,8.5892017793473,1.0133880451934985,1
-4.084075378493601,-15.225605881939694,1.0724503681227682,1
-8.237207170569315,-12.423809714367895,1.0012690410375702,1
-17.91374861783706,5.505938658413609,1.0954909819032823,1
-8.371274082690077,9.866607501694086,0.8147839332380606,1
-12.829379260156834,16.22472119579339,0.9480668559198899,1
-18.114389222945103,-5.735912147586461,1.011543676080733,1
1.4642377360344578,10.31080142723215,0.9011643838522289,1
-14.723716517506446,12.282478545691902,1.0218405880439287,1
-1.7620122283435495,11.032850626427326,1.1921796058906446,1
-7.563478359103972,15.617383989331417,0.9751796257199634,1
8.845759253368872,-1.9415375144729465,1.0918223220207899,1
-6.055297732001456,-12.457942524916083,1.174656644882622,1
-2.27933232091447,8.868790717444433,1.1145117615951103,1
5.337978848475552,1.7375491449146578,0.9674435128754609,1
0.4912991418276852,-15.601254381303349,1.4111155745786708,1
-12.634600136651976,-6.045748671907621,0.9215988514773289,1
-20.763237541526795,3.734876129200185,1.005698778970199,1
-22.87548963428251,3.22352396117547,1.0249088513945055,1
-18.440065394241973,-10.429753299225501,0.9685736539546459,1
1.8333362613289632,-16.84395906871226,0.9556586293042004,1
5.4125682627787945,-16.61661371357133,0.9555960992960851,1
-12.471933008309374,5.5349849924700765,0.9520403830074597,1
12.677462395027707,1.6179146136254743,1.1837823145732214,1
5.261461898024485,-5.443315321870268,1.0041394604075433,1
8.728268831757568,-6.689859800878384,1.037968401358014,1
9.715505516301262,-13.011257507019799,0.7986690648044327,1
5.037514242242307,-14.02094654261339,1.0862686240932684,1
-15.366390907813667,0.7064134228505676,1.1880505773459804,1
-15.124995009123465,-2.1206075203378356,1.0472649129437277,1
-2.3275833978716554,-18.074580308857115,0.8384275968254074,1
-11.335826378145079,17.25040245594462,1.0245081720270082,1
-5.182453957799582,13.178598153872496,0.9803820064282078,1
-8.760104634400713,11.786764745111888,1.1836415988278575,1
-11.717094612636235,-10.692162162564903,0.9971278530826009,1
8.95701836801478,-19.062908028568746,1.0843587949512943,1
3.5907450034089194,-15.7353589939961,1.2902039789636455,1
9.597098910492958,-5.130369509634116,1.1613200062885383,1
1.4413112579128253,-18.41118467716471,0.916068802083766,1
13.993398077329584,0.5275578112886116,0.9707359651378278,1
1.247864945414136,8.609723204167345,0.9471867666502278,1
-2.4529148116032053,-12.273526301853922,1.0831129502754562,1
-20.80019424044764,-6.213545857691078,1.060811614372205,1
-3.9632578164443535,14.134598326391481,0.943740486760413,1
-17.364312660957967,7.777641882322026,1.0435331983402711,1
11.154495822107952,-9.921643956422088,1.003619920805919,1
-9.328238079162496,16.60104097312759,1.1830800329712623,1
-21.134373975987668,-8.472986505060847,0.9552694345263523,1
9.80666947115883,-14.598027779715792,1.120822136789443,1
-20.277676844302675,5.403439252388529,1.0568093482063685,1
-9.354280970327519,8.636473782592276,1.004435569866016,1
8.780035220139307,-11.819891691373629,1.0786742552510926,1
-19.597275601660535,-7.508491059008326,0.9474045848150642,1
-10.379719809949272,-17.50082286287827,0.6991189360411696,1
7.394553410161452,-5.53437137477739,0.9072928336751498,1
-18.093298636881936,-15.449945183634709,0.7437469755355701,1
-5.341251525623296,11.54382319242297,0.9625240557844169,1
-3.440549454372556,0.21427628799265463,0.8004037146033172,1
3.415281024184738,7.3671371634076745,1.1268858451676809,1
-11.38915889462661,0.5093255323984213,0.9797492359773281,1
-20.53751628893564,-2.938741059287546,1.1910192308336949,1
-15.61309419996225,2.5252946553995166,0.9958228501804446,1
-2.114286457732229,-15.753613786865696,0.9675971532006645,1
-7.773845846454309,18.07410913812878,1.2404481317412184,1
8.602804567258868,5.831431283846603,1.3385489885160002,1
6.687684236715497,2.7322248193477847,1.0526031898594967,1
8.988320044479067,1.9136423320503704,1.164767424304842,1
-5.7751919692490405,14.898523133898069,1.1625197139977583,1
-17.3356132720503,1.2305266075461196,0.9706815664794493,1
17.67570811118765,-4.5059627317771564,1.150542793741527,1
-11.572267201213108,-25.624577225659642,1.1701305180719026,1
11.496308768648545,2.8142599265175376,0.7586727637125095,1
-20.429020438242652,7.645216237624552,1.0319016567342243,1
-7.041579224550142,10.980566513256015,0.9858683628818932,1
7.420356936517952,7.5567470044022755,1.1709736452942703,1
15.042554790313359,-2.4091482861731217,0.9571403513355353,1
-10.31895306389761,-12.157147131960352,0.9490974530059565,1
-10.816101005032762,15.133768208084666,1.2484687887192878,1
-8.406156963851831,-24.35905548311055,1.0721065469540052,1
-10.07701978763971,18.65941570107778,1.2139646411446896,1
1.6089843654726124,3.871724483653016,0.8779329400158059,1
12.213418378941851,-3.4197571461037137,0.968740081895105,1
-14.75523346526033,10.124745828205482,1.2190029591701927,1
-23.05133924862585,-3.731019778008444,0.9452921666618037,1
2.886308733876575,-18.77022231532508,1.167069279218214,1
-4.309013367341851,-13.153830279254109,0.9556890996113234,1
-0.828082555012031,-20.76920570408544,1.0734585011386337,1
-3.7274490824605317,10.179695937529223,1.0877622679207362,1
-21.95479417062674,-1.9072171654801002,1.001812548598266,1
6.105430297494088,-22.120994523618577,0.8482234420337583,1
-10.009576420992701,1.5818856814225428,0.9205674759063285,1
-2.3549113001138746,16.78341545636703,1.1198178662695095,1
-6.875820614439199,-15.520206733756934,1.1755135549539637,1
-14.247781778035568,-5.458583061882624,0.9999974010802779,1
0.48383755068459244,12.413639327503988,1.3064360445918592,1
14.885515600116396,5.9725239082073305,1.0358660644584767,1
-23.452805704271206,7.175553255641054,1.3698636951908205,1
-18.57979089978846,8.893800887629425,1.0506952881386193,1
-15.591227868204834,-10.557918292745775,1.045282664480897,1
-0.262950220966182,-25.039250480603194,1.0243721384347217,1
-0.8631314341889718,15.221854909245037,1.003441717003462,1
17.744289628308923,0.31332853432887503,1.2565222670272251,1
13.3355505392294,-1.6350707423598685,1.3528773263795217,1
2.6273177841502813,11.56762529700084,1.0965489460593159,1
-9.58975211127769,-13.832030570009234,1.2035480508838228,1
-15.813040823073106,-12.582800989916562,1.0748300038775205,1
-11.816961866117564,-19.380329017223573,1.4325042172883842,1
4.4435683050276875,5.258222494282763,0.9415577507428028,1
7.447324531732631,-7.961842967051634,1.1075937682169894,1
3.088524124098907,15.567952034226114,1.0503935795545758,1
11.524117279553552,-13.491183196763975,1.1193808128192246,1
-21.31322667577734,1.822125938097137,1.36551517825833,1
8.091311100058881,-9.752483397314332,1.0625485861163388,1
-11.73102032527307,10.546638465509945,0.9380643042920194,1
-12.051097474187506,13.550253999976416,1.0645687802476607,1
-17.303408446815016,14.208489862831835,1.0205200346061452,1
-5.931224471457956,-17.014586247934467,1.2087288162559202,1
-12.537617495073977,-15.388907157466742,1.0732989738996117,1
8.105524338965889,3.7895662006466866,1.045005251327661,1
11.297731723515433,-16.4849175816294,0.9925814351236701,1
-19.636383929778248,-1.1279827235839501,0.902658846063389,1
14.805454396027024,-6.626217352068029,1.0114437717919345,1
-9.068096405282725,14.059235646239179,1.1573748751214803,1
19.302965890254573,-15.90166413913989,1.1570695069814205,1
8.683048295191071,-16.449198353082917,1.5182939041810122,1
-9.65563442523676,-18.894350066019598,1.0056869151206709,1
11.53931621919919,-0.2135929726974263,1.2082190154372143,1
-16.359927205758325,16.418415198833053,0.8232400955840892,1
6.387923325269955,4.915776560804122,1.130559599296051,1
9.483410305687295,-10.167036198768454,0.8677652077985463,1
-7.258323612627144,-19.317385290362825,1.3590306429683319,1
7.948256372318746,11.996273974036267,1.2014324703385244,1
-1.6571598037838218,7.213519145882558,0.8784702883809005,1
4.339059978843997,10.709353214716597,1.0915365708181444,1
-4.010605239409601,-21.98996622744469,0.7480716386293054,1
-24.765487353354274,-4.030658265606659,1.024279176341177,1
-3.895575037765568,18.51986246468808,1.206125185166136,1
1.599684589809964,19.63145689631462,1.4872306730883196,1
1.4246004027486052,6.872339186279984,1.0991566756179072,1
11.934335729770924,-8.313650444192808,1.0572700795474728,1
-12.395582504425263,18.258647176062162,0.9659945121766569,1
-11.705954042526784,3.971215366522545,0.8719546433952791,1
-27.465809631024964,-8.543044910537846,1.0705928404272729,1
-6.916015285004631,-21.596881338922998,0.9736180105474748,1
13.842158361017844,7.250654379580796,1.0959367361184946,1
-16.2930837851015,-17.330827890798734,1.0360871308974027,1
6.988875413083018,13.849121217336277,1.2386648831420433,1
-1.208841700184962,-18.73906782728175,0.8594982385058679,1
7.583943102022468,15.88923811863318,1.0002218086602737,1
7.730441598962013,-0.3759942411946501,1.0225567960185096,1
4.60216951222252,-22.574694241326775,1.036284101986315,1
-13.867025705012209,-3.218331659749433,1.0904251740636866,1
16.66907802629615,-6.055647087858543,0.9730588155945785,1
-18.782260850225583,-3.3363539630056933,1.2617501853044772,1
-2.8706861907083625,-19.446263003585734,1.16530340704145,1
-18.415172494874348,11.18582867554084,1.3392911696737297,1
0.14958910671185646,-17.87387677765104,0.8324366339554481,1
-28.44201246370242,-6.7863878615624635,1.1366322558130226,1
-22.038114072602543,-9.593917573708646,0.814282221096176,1
-8.415910901167827,-17.379912910146732,1.144079757484828,1
-26.98106823387536,-5.93931643961179,0.8916501543296484,1
12.875392541421935,5.7218610807442305,1.0472818705612257,1
-11.279827235839502,-13.924320065575197,0.9531119033341217,1
-8.30947273040176,20.429020438242652,1.276927724620679,1
13.52875159234832,-16.23253040543346,1.3393941371175637,1
10.125259060857946,8.097168911383765,1.1745049705623714,1
-14.264993635627322,-20.402434986845048,1.1744287949569807,1
10.28911225110439,-3.682356298684102,0.9264421576707055,1
12.19571064387776,-14.837311210219664,1.0236479695398537,1
12.619909274969144,-6.538443445595176,1.2010700500211977,1
-24.365355210255778,4.850789901832213,1.0928259142634476,1
-8.440175490436099,-20.679683265705755,0.8986180514144907,1
-16.193461379314883,11.48228567340584,0.9317190663408229,1
-29.342420641930513,1.1449768135814422,1.1268889507815276,1
-1.084116728777919,-22.988914563709557,1.2641195644778607,1
11.355026084078421,-5.456094211113474,0.9666405130765474,1
0.31332853432887503,14.05800690688887,0.8952721127346986,1
-21.135433861093222,24.04464182831645,0.8463706359219977,1
-18.974354193620716,-13.899459244162887,1.108834897346786,1
-13.133609788197205,11.824177107419809,1.1792486933568047,1
-7.438419404967482,24.026032012338145,0.9250803732105605,1
-8.966016520795488,22.742831153286666,1.2683810779279707,1
-23.68047540019257,-5.4250597658085145,0.8973969473911604,1
7.014978271431609,-20.326368042233966,1.4688752218785996,1
-19.583647765229845,-5.2123123240121,1.0239272896501332,1
-33.54324382051667,-6.089967330864852,0.9583681692146925,1
-17.6799031240006,3.0569966566695363,1.3662076774089607,1
4.665113733341022,27.65182339254975,1.074548622257195,1
-26.20442747641272,-19.978504815910327,1.232419144156573,1
-13.130554445275388,22.120994523618577,1.1187415656993476,1
-13.255289042751082,-13.541760845566046,1.1617298678069485,1
-23.395197229889348,11.687957736965307,1.2586190364201804,1
23.362452986662177,-11.398383978558549,1.2077021846721996,1
18.128582553944216,2.2842660889782533,1.111911849665137,1
-21.950088050348295,8.499748603976021,0.9989945703967461,1
13.641842340780247,-4.595944259584425,1.3473049229407918,1
-0.18469892549911734,16.86696973218807,1.2534791237529372,1
-14.458687638666985,20.981618035149953,0.9225884634934723,1
-27.59949647233861,-15.696810089469583,0.834670945532246,1
-4.082223190113356,16.203561346721816,1.0676134624616265,1
-2.9288987301265412,20.425164087050913,1.1643693906661232,1
-24.70168227000003,-16.418415198833053,0.981054778437516,1
8.337045641422705,-3.5945049458208627,1.0246501718808,1
-19.689565097226495,14.124850327545692,1.6749685887865686,1
7.592994815236396,23.165422971381485,1.0336415364775369,1
2.4230739988099574,13.794810938052597,1.0984961468535899,1
-5.5652480948456295,-20.466353199779714,1.003267990315891,1
2.773242372932675,-23.62838961786258,1.0837187943761406,1
18.169198639883014,11.968185923565105,1.1185571688241878,1
-20.53485585428263,-17.510191069561237,0.9631563171148858,1
-6.084102893056563,-26.29010713921808,1.6607564661543843,1
12.89594283395685,-19.696821126442543,0.9526004736265303,1
15.921909982896514,-7.833213358221876,1.0329741770430894,1
-17.35510260672147,-18.98441098523162,0.9401534818812418,1
-18.347044483078566,16.56586392087018,1.3309018937209183,1
-15.145048035320494,-18.649314363254636,1.0073355662833783,1
-25.403284992121502,6.068825567134388,0.9929533285156101,1
-21.767236500989213,-4.451286661885049,1.0872519363291873,1
-5.847605674960604,16.980616111857433,1.1831265088673797,1
-4.86427769897732,-18.943961422706558,1.0531668561868153,1
6.2404599753834376,-6.950671319862202,0.9991320479610413,1
4.863764863003876,14.61545486153823,1.2761222364225304,1
6.797386085911127,-18.018233832935778,1.1755025460520419,1
-19.40908203684107,2.4245145897724085,0.8240115750649893,1
-8.235237969960764,-26.42564654139835,1.114029976896824,1
4.600802260436359,-20.03251742025556,1.5184664002800807,1
-23.694698119980217,1.3574627768952285,1.218419066777779,1
4.683302419234032,16.807198359796224,1.0249065797793726,1
27.36717832292884,0.9388032311589615,1.0799742257268177,1
-1.3842158361017902,-17.07570883529186,0.9646823517996225,1
12.67936135584182,3.79754183606596,1.093333148891239,1
-0.8259018802309908,32.184464321063395,1.280134745665728,1
-3.7978333044699837,-20.708830106108433,0.9231911104362017,1
23.223910964456213,4.328111487529523,1.1485740584784367,1
4.92552455964991,8.998795505925285,0.8921400498608336,1
12.89278803864553,-10.102801785143216,0.9762189264572444,1
-27.623369122573187,6.043578430977202,1.255959315211434,1
-30.009910732387798,-3.044667171963417,1.3986887860766948,1
11.559211845616092,-21.48128209936378,1.3959798568399024,1
1.999188892205706,29.587384231894447,1.27036238689959,1
16.93711352496957,-2.316769796404003,1.4286647681054145,1
16.542398962954586,13.666514695179014,1.403165745056197,1
-10.01372417875548,20.79734132757619,1.014601094838211,1
-11.910225540728053,-16.972118160990348,1.1583747743629893,1
0.9671801550227184,26.515870607016417,1.049459451494138,1
-15.712466827610434,-27.578026588848413,1.3999853985437916,1
-19.09215202510611,6.77526877760555,1.0300148347048412,1
-12.175488314457663,23.803798017745862,0.9007081749265158,1
-25.236508994811075,17.293864476838518,1.1661999850770275,1
-22.40353990369759,4.967081817887207,1.0845639184738651,1
15.588634804472456,-4.637262308067351,1.0847358876874191,1
12.898581390035428,-26.584771769520668,1.4189180322072321,1
-24.715997513060284,8.934951469528718,1.5449309559969524,1
-20.341068568957354,18.727151767572135,1.0917190199785864,1
-22.47460815521832,-0.2730434370580075,1.0698579926627803,1
17.474091337571874,-12.35960556952669,1.03361333916331,1
-17.64094618189869,-7.398951003625709,1.0778934033477345,1
-13.977534551077612,-11.540763130001903,1.1310221704894083,1
-15.619427436294421,-15.692537427637816,1.0241876848405054,1
-2.4142788118814416,-29.571617250449417,0.8877807862379804,1
-17.066354960388605,-14.50297283803012,1.0748300038775205,1
-13.389128262683235,19.54903391629773,0.9601945617364575,1
20.601351132123536,9.0591112487836,1.1293502757023541,1
-27.42941563420487,2.337703325688479,1.203059138272012,1
1.8004927484849371,17.243768411211544,0.8999776311029137,1
-33.94914669453361,-4.5328194632910686,1.006311629740517,1
-14.362980013635621,5.305696514635608,0.9996056720597738,1
-18.543437377923215,-20.372901894780757,1.1875228055826725,1
-4.343803388110561,21.877973855529348,0.9554320016634433,1
-27.734051410024417,-1.9925136999362778,1.0165165034979962,1
-17.706543617740657,-16.48804376201726,0.8743500942504048,1
-25.438535751273854,-5.6960321613816465,1.1423128763143162,1
4.364263189048123,-27.24158936285858,1.426568142878033,1
-16.34974045158289,-20.404984276705104,1.2349596625719284,1
-11.8968434265179,20.08194883098606,1.0634412617210058,1
-30.494923409653712,4.759012824263709,1.2361793747784606,1
10.541764466087038,-11.499853495501545,1.001017307761384,1
-12.529343451526776,0.7937656202998074,0.8616840199695572,1
-15.714631106340514,-6.276211564556853,1.0441558538097078,1
23.550912016646727,-0.36232172333303886,1.1005379432577322,1
-25.81560460287523,0.8399871345837897,0.9853842847149357,1
11.038805286355753,4.7876600045452165,1.1596250701689652,1
-23.771191471084,-9.916654698833396,1.2780472207730273,1
-18.477431281565647,-17.931344407449632,1.1013268486502674,1
6.217333345468682,10.617361191829888,1.0972565029471435,1
-11.45643059155215,21.676637693115815,0.9311099587801471,1
-3.0633329263222913,22.67332714924948,0.942786179839086,1
-8.676514727758459,26.752885485383143,0.9024925591860158,1
3.044816110066475,21.416926875891356,1.0251794761479218,1
-17.020005984744486,-9.445810881567807,1.0847260045639568,1
12.25053132258386,-11.827844986077443,1.032583749061036,1
3.2662901088814142,17.825196373370854,1.018037936037027,1
-9.247012842388749,24.9134395588325,1.3001831862730375,1
-6.105430297494088,19.193610788603085,1.1644840918837849,1
-14.260364918642926,-17.013739414057916,1.1211779033251346,1
14.981281654711275,-9.754961702105634,1.1111103510973508,1
17.432332253739972,-14.435644069237293,1.3689722792905532,1
-13.446270244627716,14.425048904245541,1.137245211891204,1
11.61024641749542,9.439734206962646,0.9508942260322844,1
0.9805340015468241,-22.109935869465804,1.0344147003439421,1
3.182195163281563,-21.84129149053475,0.8799261635906079,1
-8.978008832428365,-30.327145259285558,0.9225640157814062,1
-29.77103120023279,-8.180284965478469,1.0350753437170315,1
12.287700687930727,-18.000724297193873,1.013825479089351,1
5.162460613228126,20.590160827326066,0.8706849288270072,1
-20.825229423587565,-0.3355647528941583,0.8434101283422539,1
15.168443232550391,8.875135177710154,1.236758231365985,1
-15.431430315697096,13.50968197181334,0.9620306269690059,1
18.683024191775544,9.927112322116226,1.1120737197229085,1
10.778501580913302,1.6456559542142717,0.9746241600024246,1
-27.245121169643117,-10.77368114192364,1.023634495491259,1
-1.6877963715848774,18.929221187255102,1.0878915955104973,1
10.353527246995975,11.039248545113416,1.3637022035874444,1
-1.0062322073875922,-28.965880162128794,0.856676560677504,1
-10.842131375576997,12.27669401890429,1.1606614005431715,1
-15.275148156501366,-13.905673196702958,0.9101269215560434,1
-17.31761835766893,-24.137238774680906,1.114927024964,1
4.2639346926967745,-17.65572958120411,1.0203096718097031,1
-15.09825764086073,25.392144422012024,0.7538025294140458,1
-22.096127179624215,10.326910613975802,1.1616713365915186,1
0.40346414009471504,-27.5059531423721,1.2405869658902575,1
-23.38100111506538,24.13542321713877,1.4669098903161273,1
-9.8621896894093,-25.921321502211924,0.9767518308151003,1
5.23049766639669,18.419540104746805,1.1021515151248724,1
-14.089339760321758,29.61999077855631,0.7280522040363356,1
4.3407465243610135,-24.92261015008114,1.2663382137287402,1
5.639913617919751,-23.94758383115062,0.8178649093636498,1
1.982093098643398,-25.841480749760706,1.2772132797118405,1
-10.29878479042358,-21.071524007487163,1.3303920913441203,1
-14.12202026336466,-14.83357925745344,0.8099007965738652,1
18.482697307352705,-6.170729017253376,0.8806462834880684,1
-21.43530454269598,-13.41772685847768,1.2052230847813468,1
-25.057698402903746,2.9581647378008435,1.2100541366552133,1
-21.100025545605423,12.234274155795141,1.1657946081758457,1
-17.48043402045302,12.69805112806493,0.9203889560681329,1
5.494179415906325,26.100995580605353,0.9429572426895815,1
-2.4610532150922677,-27.988783439232048,0.9971117293860177,1
-27.779538486822762,0.6740797657453574,0.9105632782669203,1
2.2212993114549135,24.972950842467366,0.9816769049244995,1
10.32302888223034,-17.861254888620653,0.9565677617535813,1
-10.795592228240345,-27.88054267282754,0.9897985558825256,1
6.654645064035439,31.989710842203475,1.316787113871131,1
-26.02506806135637,-13.911786924202053,0.8976572232993487,1
12.085038647347675,16.126547523019855,1.2240217614880282,1
2.086399416825227,23.14944935982748,0.8730450680368345,1
-16.325031008209546,20.24716701439687,1.0094675353689693,1
19.475278948383068,-0.923172852364087,1.2952367675473002,1
15.423597102338874,-15.317848722002879,1.1442061449513643,1
-3.332530154861991,-32.473690660443935,0.9231911104362017,1
-14.640987876821972,15.92848330879153,0.9365978495982894,1
-19.601833107614436,-12.015104863064582,1.0899507657887417,1
3.991109241718025,12.630621361612882,0.9814471023143949,1
-16.302724663080856,-23.0416983706465,0.7725058012809242,1
19.58272316928309,-12.96621724832641,1.4271506271621828,1
-21.448162723586034,20.41252946275167,1.2512019326077612,1
-38.53301526256735,19.93281035122386,1.0038422524393376,1
14.24888520941104,2.199782399633055,0.8057049277881296,1
-22.41283767273633,-6.864580574953743,1.2083796130275415,1
2.0646701314723677,-20.903960532383277,0.9261672101388663,1
-15.231944482174375,22.684985885410555,1.2548585044753908,1
-6.111499615350333,21.227742668125064,1.0974746555639658,1
16.424383361391698,-11.106750521638801,0.9114995848899808,1
0.9912575449677241,-23.856264915556302,1.0533509250286495,1
-15.268315166943527,-24.15947310578173,0.8596535443700272,1
18.92977296077468,-3.1758507290843574,1.0263212318935244,1
15.798024700861875,-13.184864724559068,0.9093293574670194,1
2.8074236675867317,5.401783931829795,0.9161923282219148,1
21.481804313587684,-8.34707215452122,1.0246145077260327,1
-23.710017804857863,-2.0679683265705755,1.066955631733586,1
11.925766060455956,14.442035213066308,0.7699764206227995,1
12.213748415581058,11.122152231467552,0.802785340731579,1
-0.9011925463554257,20.715492241057618,0.9850853566711024,1
-7.36670198488778,27.76787099785676,0.9328858243927364,1
-5.610669621382387,24.974373042906866,1.1021732140065705,1
-10.756704813307817,23.355236489279275,0.9726838777613546,1
20.87367449739459,-19.347900765010504,1.4990676572641841,1
-27.731224385654546,-14.0239255575408,0.8998051887149079,1
16.775609727967957,-21.018078082780946,0.9113229476346684,1
-23.396868315405765,-7.915932091284709,0.9930503668576376,1
10.96881965361676,-19.47278817051306,1.0256603967802902,1
-2.7335797535502966,14.894114221016915,0.8772609123373362,1
-20.5605156919938,-20.794741612738004,1.1600134225223482,1
16.204434736364547,11.81477839201075,0.9499791905661078,1
5.645610500362089,12.481869431173903,0.9663142454721279,1
-22.1120422797806,17.68707603987078,1.0330244328216522,1
-31.96249458282459,-1.2264574058015885,1.3197208891411203,1
-27.9354768963787,-12.443618934775316,1.0755554452670082,1
0.09366874078884745,24.455457014123606,1.3800676462822041,1
-34.17415790023023,-9.534828321577153,1.3589026877899246,1
8.439395492953171,9.655482477675164,1.4263740395926028,1
-27.5230002809594,22.69607716096202,1.5161140927944539,1
-8.592164696929608,-22.506736763659017,0.9788755614515574,1
-23.037892760917806,21.662545404968963,1.2440622893336934,1
19.620278108125866,3.2988173991606087,1.048331598464666,1
17.488208337470205,8.316634525472145,1.0998298021130735,1
-15.053695360422838,-22.248646889456264,1.064678076491223,1
18.366963970810367,-10.634252217939247,1.0413683328639298,1
9.349160177120908,29.041682532424222,1.3476509407584274,1
23.69423358545934,-15.936878714496041,0.8683729760802426,1
-20.022284529528946,-9.868075273618068,1.0676910029859765,1
-8.80453181464139,-28.25831718978542,1.1599177411672321,1
9.189478299674018,-21.046725263062424,1.0895817366163705,1
-5.783149519327233,23.146026443065885,1.0926290372438454,1
-29.056379208927158,-0.8499748603975993,1.0458074818417828,1
-18.677229087222123,19.628608455093424,1.335251164652484,1
17.627863341342522,4.323933773738475,1.2711862424208784,1
-18.83609859920295,-8.785327807698641,0.8113173274869829,1
-12.753460805714688,-27.692965322515427,1.3949527007186369,1
17.848667802593106,-7.561661961803509,1.0188470126520885,1
3.723829970701805,23.602666745275464,1.0804237131937044,1
-33.795133668813484,2.4391421287755635,1.1283425076182543,1
5.614204609974821,24.086126818409408,1.259214030434836,1
10.290604291744058,15.106911476570753,1.0788402032374285,1
-29.06242666875059,-14.933719990013158,1.0600760965957856,1
13.956777688105687,-13.317266115475457,1.2230521390751565,1
2.2989896638220078,-28.345476302599664,1.185699353376342,1
10.186418695353918,-26.237483198766913,1.069941159891208,1
-24.37865363853961,-0.40309292524471957,0.8713315725898559,1
-21.185923878033186,-15.543552781412819,1.0161459557783596,1
4.555796889141832,22.03952910469306,0.9434047955091767,1
-4.415522114542307,-24.593879725321862,0.985088364376183,1
0.6180135228831585,-29.297298402971634,0.7894949723942546,1
-25.58206971820522,-10.638708850212737,1.0139969843686996,1
-2.3041698370646615,-24.878285625712678,1.0668189952476033,1
-20.236954115900797,9.963033551309309,1.2609697896410328,1
16.957885197068858,10.102801785143216,0.9849885268329305,1
-23.112841401252755,-12.662794559773848,1.0780724017637742,1
8.193176837195038,-26.334170303826845,1.0064937477475602,1
-26.825100252342754,9.199325767895782,1.0972207494098893,1
-21.32583633205508,-33.50526460423436,1.3280434693387386,1
-35.009560478462674,-2.830959184974463,1.6111762481499607,1
-22.066414714412897,25.80209943337909,1.142247937238314,1
-23.601409182615633,-23.597398577376236,1.5560214224072078,1
-22.373447799849274,14.130221673848482,1.1803539022602099,1
-27.93444394516664,11.655821477034152,1.4368252669542254,1
12.83447009127553,8.47720349473612,0.9981910525812137,1
24.935938076029196,-4.742540695601843,1.0574112358882084,1
-10.785387922327137,26.822299806834476,1.3516097851444024,1
-13.437198637538588,-24.01516995648139,1.2718302573522775,1
-26.239840529432687,-23.038192596835824,1.3385187720882354,1
14.696470557999595,-20.281892256905618,0.9782532110302202,1
-14.262714882650387,-31.5033041555624,1.0447849304422276,1
-17.080543422320485,18.078465244862258,1.0154078742857033,1
15.53145442473285,10.60496577728499,0.7794035888657596,1
-26.82593579510096,18.523982949523088,1.019213384860619,1
21.637076009488432,2.913955369258538,1.2248630384333243,1
-15.467181904870513,17.427493760671677,0.8798357886279946,1
6.310606048158842,8.749487612664698,0.8694330730802065,1
-24.351554954489544,-14.338591197990576,0.8842154022851398,1
-17.786616465402485,29.468548653630698,1.001052637362239,1
15.321069043050159,-17.71350647405906,1.3632455335007647,1
16.991358804463008,-9.274524616134702,1.063462486877903,1
-0.015039769647772323,18.66435413290244,1.0448365817238954,1
25.801334551168004,-0.06435937461890792,1.2293236678133737,1
-17.244463152972806,-11.644427712149476,0.973013993977978,1
-25.25288729564364,11.845211168895169,0.9863699260420108,1
-28.670325107029456,-9.571040399841038,0.9034223014160891,1
-11.617257965116742,-22.771753787224696,1.0274095856069685,1
8.058543240356261,27.095584998431498,1.375208014809445,1
1.1484449952135865,21.666987871835925,1.0470941969962653,1
-9.114378920811047,34.7725044541867,0.8707549320150538,1
-20.91588477619984,27.43311829024044,1.0475265036814376,1
1.3535792683007346,-31.76524681026136,0.9190246663265088,1
-32.24535407672248,-3.3751529838233347,1.0547146374710106,1
-4.843452698399913,26.671333431839848,1.1506609419118314,1
-38.35141260185431,-2.386310117448708,1.044465274445063,1
-19.018146809378933,-22.119204074850984,0.8488118907236153,1
17.43035031711002,-16.618017079961078,1.0723299646465616,1
-38.620741810085924,-10.045179479292518,1.0017998266313817,1
7.205373917736463,25.2956628808753,1.0639278246950334,1
-4.078091385265037,-28.459871795041206,1.0574037869334048,1
19.194273917776258,5.862725020109179,0.802785340731579,1
1.499934015948554,-30.18869891398334,0.8620146737095167,1
13.601644781747716,10.347276547226782,1.0883366168336372,1
10.110067374345045,6.383546672726955,0.8218542045134214,1
-30.112318280701803,17.856834193352086,1.174659938340443,1
6.063447360874655,27.750103709320104,0.8439639076706064,1
24.870452412354457,3.2429503303038567,0.8424996094672069,1
23.510339097789043,11.998190216983755,0.9019198758782345,1
-21.451886492245315,-11.194925310408443,1.142428697666143,1
-25.582800087749106,-2.2293799957702944,1.1556705912837013,1
9.373470469080676,13.230159937240993,1.1226528191906193,1
7.042745933020248,17.887211415897532,1.1269455639447863,1
-29.48598863808864,6.42973799879406,1.0494682216457638,1
27.23359914474095,-15.54415216646175,0.935467973221022,1
-26.497486632147712,4.119764857820937,1.1092410947620155,1
-10.956604116216033,-31.210820214254163,1.254922057974408,1
-4.798402697150764,20.312641268349083,0.7428072015841769,1
-16.029087828518033,15.015770015369311,1.0294828474176227,1
-20.990027718755293,-25.934650398592876,1.2885967661893978,1
23.23535426744909,-5.830635334467758,1.027263014826196,1
20.088835172399868,1.2533141373155001,1.0901812271734523,1
-24.262327580178344,13.477712271765949,0.8809392648731108,1
-12.2611958527941,30.701466876919127,1.0677778961467093,1
-26.570259711088603,-0.6136917499958626,1.0591578820191219,1
20.905049844525784,-10.441601542167026,1.4735272926251228,1
-25.638032719428217,-8.039114966495132,1.4500216150422887,1
19.70836480928624,4.846147997619943,0.7493367858025104,1
-20.22102362396476,-19.031708506427087,0.9974898391170205,1
-26.32962339672402,12.979321206039314,1.0300356028962678,1
14.578873481160294,-11.494103523832157,1.1463355099908528,1
19.842362756946038,-7.405219913457746,0.9975738819020341,1
17.55982628817396,6.606755952420288,1.085359122504015,1
20.821725534601523,-17.045072267490802,0.816146414614336,1
22.0911078018826,10.745722595783505,1.1504296135663508,1
-34.0099324301934,11.78616614731496,1.0399971837750617,1
-23.37034247695524,18.988502417125595,1.2612762006038596,1
20.838436389765715,-14.80999538927817,1.0828823475300906,1
12.820666381127376,17.7454536971671,0.8580754480976941,1
21.96124110189034,-12.662003249245199,1.2124215182145806,1
-24.8068758667261,20.481484750967475,0.9315729611488095,1
-7.125660558882841,-28.83306141718731,1.0594838084973497,1
-15.657929671444993,29.087509291968047,1.0793881400525536,1
-7.2419760369230515,22.172761846681595,0.7147623440690148,1
15.82990247348491,7.318264723542237,0.7493367858025104,1
-36.847435637075705,-0.9570762503136676,1.3120652582473744,1
-33.85340742015534,-7.8568870697044995,0.9560200175994115,1
31.767335667156882,-26.921187669536938,0.7983359426437042,1
-21.580502801901268,6.532899940757045,0.7995658555963608,1
-25.984032130731347,10.483366316319664,0.8100248359494263,1
-23.28578091631418,-17.456875484037315,1.1232832292047539,1
-17.410168124882695,-22.281745684709055,0.958071490376633,1
-25.63723696442041,14.803032532959739,1.1620126072341057,1
-25.23339129795206,-18.162610706597132,1.0208895615107108,1
3.996679526772765,29.0420737041275,0.9216667020892126,1
16.36508268235155,-19.581033426186643,0.9898402438949052,1
12.431019480484855,26.98803109019376,1.063558978155711,1
16.350929052977616,-25.413354353566596,1.0286448898508265,1
-19.762785028406526,21.45805730888063,0.901940924537253,1
7.745481368609785,-23.318661513237277,1.6020937830851743,1
-34.827093247723134,19.30605097120796,0.7738709878387617,1
-15.971779615353354,-30.624161257060003,1.034247591859975,1
-3.619866126011252,37.120215772844354,1.0690875663370258,1
-19.563987935624887,-16.035048521536552,1.082818317970342,1
-17.622989341919613,21.97477454093176,1.4702789959812579,1
11.630112469089223,-25.018078356413245,0.9633329866860649,1
-21.79046363838536,-24.611649186695544,1.0112962086284292,1
6.448020643770946,-25.621856326582684,1.1668518327009727,1
26.378576372440353,-9.6578912934312,0.8760401575644244,1
26.51177171801388,-3.7905789797475564,0.958798142107786,1
6.493866640294032,21.94574297051938,1.1028197543078675,1
9.615811696603684,20.147506801245626,1.1728278049588186,1
-3.1690943186406137,-23.436974367799856,0.8942575387442191,1
23.29315143400954,-8.91907650833868,1.1296469409026832,1
-26.745723690312786,-3.6534107102746947,0.8911994001484604,1
16.338416424110786,5.421250300345564,1.0215259513941588,1
26.946253952283254,8.590338373960826,1.087478667454141,1
22.94037820018428,8.78975216679568,1.0493814358888158,1
5.3946999823580155,-30.99227893905178,1.3742187981025644,1
-12.113380606530297,25.533788813403888,1.127406142677272,1
7.5417680866080286,-37.36666577967784,1.1520710167516228,1
-3.696177306714647,-26.3657716150003,1.0950599052291423,1
-31.720597494119488,-5.068089042769554,1.1377416651500327,1
-1.532899598716657,22.260787254319144,1.0859972966591553,1
-21.858331879947134,15.917089543906853,0.9970669950637382,1
-33.49133889159753,17.955813873940066,0.9410822391307995,1
-29.664981542459945,-13.19354151474047,1.0034204470588217,1
-28.14198338599238,-4.281592079910238,1.1896489383979671,1
-28.537195571487835,4.228016875474542,1.0560993736675808,1
-0.3178046562478508,-32.429503303038565,1.0672968033067467,1
-19.37066627784291,23.673711482626118,1.334992208588278,1
-7.258479303824354,35.268259824058184,1.1782681374931532,1
13.897861211565216,-22.441285914265887,0.8716241777225227,1
14.930610029374666,17.239133811333197,1.111931455756293,1
8.74294655099743,14.663775406591352,0.8156752091303431,1
13.314052489482359,-21.152086286693898,0.772753558406026,1
-31.31892772025067,1.926390248096055,1.2655987362584182,1
28.341610358494524,-6.7818220541405365,1.313342572540837,1
25.000811112271123,17.147956263837607,1.1595037193965958,1
-12.921463294388818,-21.702880708956783,1.1120667362258885,1
-10.223462462959306,-37.82860156171698,1.188824678870354,1
27.67990125217524,-4.845129043036761,0.9192681902761584,1
-13.702048639998225,31.47353155034128,0.9934993540168573,1
-22.058328816752805,-16.606412319430376,0.7510715098830142,1
5.21571498682834,33.86840434145653,1.3510876651598343,1
-34.34975960628269,-0.5460868741160434,1.3214883836324376,1
-19.416539213587786,-30.745516023439645,1.0060900459958713,1
10.813594376758132,-27.72832197396813,0.7886578961489994,1
10.609403641751697,-23.38127151725251,1.1356848132409318,1
29.93820812689601,-11.869151542960191,1.0306972395228506,1
-2.170512210532745,30.78595271842257,0.9828823629079255,1
-4.03221410384608,23.72221137836132,0.8227083391446391,1
-28.171716664325082,-27.670391009398884,0.9653092438654096,1
-41.89958814232337,-3.7167246830735423,1.0918838023726327,1
14.477568734761624,12.250250467875231,1.205700140775785,1
12.786589343145458,12.691894497214964,1.0248428230218831,1
34.08417637242293,-4.100127677789287,0.959301174881102,1
-26.04386777341609,-12.26457405801597,0.8676509035189753,1
-13.772529797833666,26.500631147904397,0.8862861209115649,1
28.587789785791593,-13.230106308052395,1.3329112013737896,1
-24.476760911350492,26.24068451201676,1.0689784851537019,1
-24.0903414098758,-19.67292272917362,1.1399268567487162,1
-14.432030528370756,33.203365664239506,1.0578334579249113,1
-7.840733243045762,-35.43369729018382,0.987824434566297,1
-31.869988063165568,-7.081224875832576,1.0934025760271768,1
-0.39654037459327834,29.863804894886535,1.1548260496050906,1
23.79377370779237,1.7760929171146695,1.5103585792491885,1
-13.972924199193054,17.635046971153958,0.9371655999474312,1
7.7755609079053585,30.46556004986517,1.033499807278249,1
6.648014119673515,19.889550440006847,1.0058715920499213,1
-0.37219631956642474,-30.65682338306277,1.1555308297950597,1
7.0636784779101465,-27.838613618051877,1.2120624890197402,1
-31.967865929127353,14.454889717038759,1.116718071968964,1
9.153370916194199,31.491606556947495,1.0758500735268548,1
-28.224142876604947,8.14654189255075,1.0404476747473372,1
26.401208036753037,2.8126700988591913,1.3413340335369652,1
-28.092141163543136,14.291912970244992,1.3431147434979631,1
-31.146384744164955,-15.18955597151396,1.2990372415239022,1
-27.186615567658837,16.377210350482954,1.2307573545644612,1
-26.045914000579064,24.787484295356155,1.3883539813882382,1
19.030957344223104,-18.0671411203157,1.1884268565790495,1
-44.08084865815374,-4.643230470625995,1.2804014916498612,1
3.2141443198897623,-30.35445981601541,1.1362160305951947,1
9.271043187975485,-28.33882521596714,1.2201704661638173,1
18.702232071274626,13.85608407365471,0.702748849099266,1
13.88100376995219,18.925043473464054,1.090473959826987,1
-7.1976040457261465,-30.99266816704472,1.085316907142538,1
21.8712957839534,-1.4403471701149042,1.165936895532201,1
-31.676152522673913,-28.73903808783456,0.9918461125731818,1
8.825060235856052,33.351121371254166,1.0994997205545298,1
-23.149176306638516,-30.947575383268287,1.4865491881237314,1
29.204914698671185,11.795977036475872,1.3641553826228874,1
-16.85584640754317,27.80637149749976,1.0402645478275026,1
23.07267772522014,-18.333479200651134,1.2212059023815864,1
2.6425510754384613,27.472292843719895,1.2007678792462977,1
13.853298931127325,-18.84148919764301,0.8351723306952232,1
-36.78476993020993,11.173295534167696,0.9200693277264833,1
-1.4378298297536092,-26.625962561635948,1.186671165110608,1
1.8620667182973187,-33.71056939625176,1.216173245145046,1
17.8073338165794,21.63302385540149,1.0935720125573318,1
-13.892505168243348,24.389493112159624,1.1337554134518029,1
3.6876358271013734,25.639914986081333,1.0518962110266659,1
-29.7206357017044,2.973772634903144,0.9498212480199077,1
-18.632603508090448,34.98536891877841,0.9680431061552509,1
-10.31091899891482,-29.303448618234338,1.0392125132297843,1
-32.99465514088362,0.7566303866015692,1.0816334906273197,1
-30.04333244271624,8.302509874083357,0.9402517114089393,1
9.406630700878754,-30.225194722341094,0.882366669343211,1
19.816745662963935,17.975812110448047,1.0944602023281176,1
15.670902838362728,30.930002460178944,1.0263384037214722,1
20.658794696750487,16.43930376778832,0.7445840706110998,1
7.052740463620857,28.85281060965411,0.8538438211985997,1
24.342385787688112,-2.3791359744558167,1.516619421329978,1
-17.698586067662465,-12.792756444456082,0.814282221096176,1
11.197879773015023,13.034467028081202,1.0267296526551664,1
11.42604721852632,28.436305204425018,0.9149007909396265,1
-14.454130132713114,-29.37996213165227,1.0965850981264538,1
-17.13354150071308,-25.995209695143856,0.8611457596491199,1
24.652144161805747,-14.691021366098202,0.9752786267421224,1
14.52209641715568,-28.068787483965842,0.7071827553886229,1
-11.256327595764835,29.10038762579427,0.8391738589468968,1
-31.05548063200621,-12.190020945398146,1.1263992695652576,1
24.52507891428741,-13.028770145638864,0.9443910855522905,1
-4.092718924268192,-30.572221404723614,1.0813759591167622,1
-20.33130442075704,16.860261538768018,1.095286237238461,1
-4.309472456769462,-33.90054060138772,0.9094434760373367,1
-15.492890912815442,31.387485074770492,0.943205254775754,1
-23.83534921858941,15.500810205441335,1.0785393635644778,1
15.415763888980653,-21.986710866049048,1.0829007859824733,1
-26.989637903190324,20.38563648733558,1.0326392777024587,1
21.592812137178466,0.5684674837109509,1.0764088605566406,1
-9.320699347509494,28.168784935348892,1.0554363010109453,1
-21.19103543373047,-31.34287994598602,1.0277548840139774,1
-23.659785769989284,16.910457045334685,0.7798801622789151,1
-2.8661856091067537,-34.872952217468836,1.1104322793784733,1
13.997539996755224,15.041968444518131,1.4921638019666037,1
19.956251307964152,-5.294062374964336,1.2586582344758508,1
-6.951417340182051,26.019696715053584,1.0677778961467093,1
-5.763316856055431,28.531214292088386,1.1863785958067654,1
-20.1067396600758,29.37052158360495,1.2226799297191988,1
-36.972767050807256,13.292224086510227,1.0513871213850698,1
9.414776436262876,16.866027390731457,1.2835504404082827,1
-31.830136138983658,-8.700425882267611,1.1010929344032032,1
-8.505982928158224,-36.95384910156475,1.055854806112439,1
-15.732076504588864,-34.6451836529356,0.9750503839341217,1
17.001589940277825,17.901929891982018,1.0199868529266762,1
12.728101350070759,23.901164789027817,1.0551223350715107,1
3.6912122818356563,-33.64137721484607,0.8284536358317127,1
-20.21793595195793,-14.479076481092235,0.6495957849960539,1
-24.92775855218565,-13.186184002598328,0.6495957849960539,1
19.27418098314479,-8.99700505715769,1.0966770982584206,1
-41.484697945143054,0.13412660066006585,1.087350544040722,1
-15.796400034387572,-25.46084460435376,0.8019002894356325,1
-3.545834580155112,25.087171315265273,0.9643844715023437,1
-2.301298086177182,-31.266187787285606,1.0024992676114457,1
-29.208485970137726,-11.129429539361636,0.9064718987663933,1
-24.46142244525774,-27.529317485730033,0.988581260505349,1
-28.32110158170208,18.036329812458526,0.8667762102952921,1
-30.208084335296682,12.754881566680046,1.2778363368894203,1
7.0364636566427325,-38.968303586325185,1.2755226520693392,1
-41.88961482027576,-5.363541782511721,0.9175182998753706,1
-19.6994793732381,-23.64648359672423,1.139458930739539,1
22.098328204113937,-16.557079741684973,1.0058894377963818,1
9.923169652113769,-45.49530318455266,1.0831317996999437,1
13.166225693798978,-24.799551788881327,0.8744730203228909,1
-37.96613455223509,0.3110075822227405,1.0555252322769044,1
-33.91386539209088,-15.067281421531955,1.579614158688555,1
28.843512249805688,7.753260559806918,1.100601626325096,1
19.48622890808292,7.402035882623024,1.181503780388765,1
13.084599593573834,21.847772041683793,0.9941869498904994,1
14.614402425424366,3.930848885216783,1.1655607355407245,1
0.972571770556827,31.167415966761837,1.0371570932552394,1
-24.87695231280063,-26.151599456708748,1.0018424993790402,1
10.846864170221414,32.56907692287599,0.9727404645115375,1
10.418173766435096,27.029808228104297,1.0291460396772485,1
22.984022240980575,-4.122743872748348,1.0863029069525654,1
-8.798265243954818,-31.796579663694246,0.9023215670150097,1
16.739687273468853,-23.80061199073927,1.211143121463581,1
19.49947911973365,-26.83658896526815,1.0402645735143787,1
33.53590117203539,-11.304893518585818,0.9511413139906049,1
-37.629676529676075,2.444682863246437,1.3144916194875262,1
22.757758964351446,-14.595045276480509,1.1588709854208703,1
-32.05142020494839,-10.46099533279338,0.8053657704140295,1
11.242640992204866,25.191614160041553,1.3595843022805816,1
-30.292602698915644,14.99590365297997,0.9433881698613028,1
1.222494937217572,33.278572265736344,1.1049910184297114,1
23.436974367799856,5.799911167364288,0.9994130804855601,1
-22.10358738282253,-18.98770918032983,1.2332406928520905,1
23.307418299672864,-20.62335454043315,1.360195136597089,1
-0.19307812385672374,27.938743255616885,1.2164979973000223,1
7.836631487687279,-30.08181804854894,1.0409514862417315,1
23.979105599289806,10.315066818510585,0.9581931150432198,1
-31.834179087813705,11.219482481079861,1.0720057597962225,1
-8.51389258797081,-34.15064935540375,1.0995579061700917,1
13.781006318569139,25.43682779560329,1.0025111808641136,1
12.41220755288771,-30.429147975981078,1.1475478703501565,1
26.37096221712203,-14.006299137835674,1.1103843434899252,1
-30.101858588428296,21.87462386785861,1.2205784595490132,1
-30.4460745621454,-10.147115024944926,1.0880331562768797,1
-3.8205866443972525,29.97846557482076,1.108779620837488,1
18.36587255066174,-20.149434976841498,1.0293404553159515,1
-13.138106466359217,28.30320752787677,1.4400414181528496,1
-6.228591470295219,-36.39168504168824,1.1893303960403798,1
-2.600626834929663,26.860088605342813,1.157145741055914,1
-1.9217483438837575,-33.26653810188855,0.9269717279017303,1
-30.467760991764845,19.725941775846167,0.9248314441898474,1
-24.564957091383803,-21.410783179139784,1.0414580412288557,1
8.005142348853624,21.04603662892105,0.8816457642573483,1
-33.653178254674316,15.320918494805438,0.9074097392307373,1
-4.641118659259091,31.797543751492196,1.1832920158439257,1
19.284326859494485,15.181811916681772,1.0880143839807601,1
26.388657050375556,-7.860070089735788,0.9843324312770918,1
-24.33936054666702,-11.873062594168841,1.0091905156121572,1
-32.33550474273991,12.702066322097524,1.0176619187173286,1
-17.62352494625179,24.950592210557808,1.0500955522073319,1
-14.849047931237996,30.477330304372142,0.7280522040363356,1
-16.336949779907535,23.92576688135291,0.9334182820266117,1
31.9273742416141,-0.03534988592428188,0.9261798799701481,1
12.157147131960352,31.828210925255032,0.9475926833634873,1
25.005777925887863,-10.804432218237077,1.1216882493867224,1
22.101475696889896,-6.848026261758291,1.105439048619398,1
-31.74382388256537,16.485452931759244,1.3123772397584246,1
5.644926874469008,36.22579182496721,1.0354669252243658,1
-35.10672155747084,-6.642564927772151,0.9992260674301849,1
-35.164062727151936,-11.041451801879484,1.0471814503272998,1
-5.644235390807046,-29.336194358957297,1.1022682663293177,1
20.20502386902032,10.882499988052233,0.9714844533750232,1
-36.57834171935796,25.90674046192158,1.1349440978607965,1
29.902346607192904,-18.00882762135754,1.0764054607902234,1
3.7665388021428874,-41.31648999513492,1.242817138468826,1
-33.15712178831341,10.235398788076594,0.9519612328192798,1
-12.355588537035297,-32.46431758463067,1.2418727163240417,1
-11.96377866506024,-34.43391069835958,1.1988733126714857,1
-13.94043410448356,-25.96866892517717,1.2098302506910836,1
-23.546086422107308,29.29363760711417,1.3210963953906643,1
-30.344946995238804,-6.414019408614627,0.8999468577284014,1
-28.9319735385925,-16.78265961999037,1.1592713952114841,1
22.484455623440084,13.43910844955736,1.1941610923115118,1
-29.487348365690444,10.18944393637501,1.2739051117932918,1
15.65323393605095,-26.968241919604573,1.1423864204200187,1
-19.086929882867313,-28.88889086512228,1.034398162250836,1
-1.0522009385369553,25.885308961625494,0.970792490327425,1
-39.21354081146225,-7.728770513445594,0.8029589381859124,1
12.57761381028554,20.13792812247906,0.7965969674373453,1
17.25150047834278,-18.33524858531558,0.8912278134726697,1
-25.836175716375237,21.479417048564205,0.7110400507261274,1
2.508214748222536,-39.84428425149213,1.2727055516484496,1
-31.967223203928736,-17.04314409189493,1.1612091529009738,1
-44.60698930477113,0.8025608072283517,1.103603097295942,1
5.671246471352639,29.871959141579126,1.1451573261437453,1
8.893197123291904,-33.33015617512009,0.9908915756757632,1
-17.146531030987777,30.879273078430455,0.9634054004304126,1
5.998817211787358,-29.230703811662874,0.9690088674377432,1
-5.459749710680648,-32.191895831172516,1.4027064649179983,1
24.739525846224172,-17.39420977717154,1.0491641864896852,1
-37.945577547866435,-8.331554931868741,0.9560200175994115,1
26.54814240278303,-11.965463793312102,1.1700044167710903,1
-10.397592382317418,33.50280712553378,1.044171765929498,1
18.384725823154703,16.674648311350893,0.9938369533382658,1
17.67172933614855,15.073950942440058,0.702748849099266,1
20.90663474462505,-3.0316652781010043,1.2181314159706478,1
-32.42040666817096,3.8367584397174377,1.0974599017196947,1
-35.624373909971276,1.2489923644282044,1.1026936319571208,1
17.467241240060247,-31.979299672134445,0.9305485802704635,1
-27.41833561067209,-29.19386397186906,1.1244789486353464,1
14.673416284570704,-25.500122255380766,0.7723722097112751,1
-23.81798186554376,-28.771079336214616,0.7578815998305181,1
12.242900204513523,-32.09803469566961,0.9013382737341007,1
-23.137571546107814,-26.01323120561506,0.8597103851163961,1
-6.209601862154064,-34.19838530138611,0.9373742850265646,1
25.751233495773114,5.205625695919742,1.3462138321250887,1
30.706196364229754,-1.8581744383677645,0.7265047625869545,1
26.9288468114872,-2.064486898411359,1.2352898124602996,1
14.07889547584411,27.80964813576727,1.1145686220039106,1
-38.67625116397487,-4.187092332215241,1.0178572488287745,1
-4.989256916845309,-22.51965508431787,0.9704554377566168,1
-8.522536133745401,-45.890097137807054,0.9429558598678288,1
3.138618594936898,-32.22083983230465,0.9703836936170693,1
-30.101148160008485,23.93397824983876,1.142889413083414,1
21.0319661583566,12.448457985498557,0.8739441424264571,1
7.387180974059602,-31.959510501545257,0.8349507379432296,1
-17.83883788779061,-27.52068959855285,1.0082268103535452,1
30.641923844367415,7.015345542973674,0.9689004548623575,1
20.20684202299127,-23.405641514366966,1.3431013112207955,1
4.257470145244476,-29.004727474783266,0.8556397175590944,1
8.361395744661989,18.756229732519525,1.0013100590117325,1
-34.329908978641946,16.73446832911261,0.9882756994612586,1
-12.72897170711055,-29.989457341952452,1.1293690862074517,1
-3.8915403963646225,28.187034948225612,0.9410543132925154,1
-18.70895482909932,-25.58057371989809,1.0964659696424837,1
3.9417958357922847,31.298448731078818,1.4121910443587478,1
-33.46991471831008,19.61918668797724,0.9073832867497673,1
20.446924925918584,-25.293072923538528,0.9573409932538854,1
-31.901216820739897,18.697698118323096,0.9429656239249729,1
12.522398680549454,-23.422650777659115,0.8704218826964332,1
-7.645216237624552,-32.836830397666105,0.9277940410293403,1
-32.36745196584795,-13.302332206448645,1.0368154586781348,1
11.268433470954825,40.30734224039212,0.8849361590810109,1
-29.07166584348078,16.246084504952172,1.006346140749287,1
-9.965180704570278,-33.04216058611993,0.9682850696555937,1
-10.05354536423081,-35.331171278794024,1.0398466158496469,1
-1.0516940369647358,35.534180388845144,1.0177282570222705,1
-27.77054901951768,-24.75295421198113,1.047623424865048,1
-42.970444886106144,1.2601503962463059,1.098746129191194,1
4.962064845061798,-39.394664228831,1.210414473324046,1
21.35856175675166,-26.942772524124038,1.2440597482044775,1
-17.50639853505587,36.1194467871031,1.0198248500231346,1
14.536678761680479,-31.652360276343984,1.2005934267925298,1
-7.220624101309515,-38.20561891649312,1.026109590289828,1
22.326193995120246,15.941664330913046,1.054896941797421,1
24.731380771912583,-6.897336981914982,1.1161296923801278,1
16.36828263334042,15.797542656962914,1.1121873869182295,1
3.152567099247455,33.60810063601411,1.0365068980953938,1
-17.613539751201753,38.252937919636665,1.0905970291973506,1
-22.391957509643838,-28.090123756481056,1.189363618598074,1
25.80548230893078,-25.51901050611582,1.0391882385020648,1
-25.737502095405645,-24.957662187742674,1.0183148651193021,1
24.570653973826143,-24.639016563134255,0.9443910855522905,1
18.484484564589515,-23.80917068736628,0.8472261209057395,1
30.811313033811047,-13.43471896225616,0.8145526863421354,1
32.04424159815248,-6.331884240212261,1.2293576882874306,1
24.862619198996235,-8.86197537926834,0.9870428332796383,1
-35.737357401167685,-5.04309736205522,0.9617862644729792,1
-35.452079230864435,14.772395965158683,1.0839698425311972,1
-36.75248759636999,-9.901181684792451,1.1417801236608303,1
-25.002283726532177,-34.783467249241255,1.4057839667206578,1
23.97270472453471,7.143890582698351,1.0614752617240237,1
28.4368025513049,-16.866027390731457,1.0559831101500818,1
27.044553100307997,-26.616951806400344,1.0607598478372398,1
-25.90372446533446,-15.301826240133778,0.9459695077983411,1
-6.413698867914537,-39.664667850084896,1.0068509486210655,1
-17.421066508685453,-29.59213935328264,1.2382308288382817,1
9.43699126356449,21.988700253568595,1.0674153049624377,1
-31.412144735452372,9.430549437310706,0.9811634938653331,1
-19.91905123754186,25.632434994545612,1.1322733701415482,1
-0.6708916852688737,-34.38504197905583,1.2064992715484562,1
-39.85731774222878,-1.1202700212004684,1.1439114384397395,1
19.94697653927516,-21.37382648021894,1.0629876394477633,1
25.79320494595299,7.269221996429901,0.9302350155463003,1
13.421601839385332,35.14571355285402,0.9793552205332855,1
-9.440285518166743,30.129402331142632,1.4018022951897708,1
-36.27896815336476,-15.545571424631179,1.0464381580049928,1
-20.028708161547844,-27.492474441978977,1.1578252915038514,1
21.657621339047715,7.239213066381492,1.1962794698404522,1
21.968806378373117,-22.233792795976985,1.1911065274146901,1
29.746341146871046,4.307121023115937,0.8904332134124339,1
-18.75887373390986,27.464478224791236,1.3397409779347242,1
31.348921562853082,-17.12541291731872,0.9328080239912184,1
-2.065461698295947,24.314294263920704,1.0359317127634489,1
27.83749956104094,10.158807368573983,0.8583895430173419,1
10.958523066091354,30.432746006997274,1.0932099402177864,1
-30.55137520609078,-0.1990557747500988,0.8476434630916132,1
-26.67630936886145,7.462039556016888,0.7378470274268378,1
-31.95022669312069,5.621346001070646,0.7422060689497539,1
9.285918381019378,23.82436237387918,1.076494747985545,1
28.618946281700474,-3.330923341865428,1.0810843143382283,1
-21.328835716315307,22.582149853630806,0.8955835413084701,1
1.015325273038743,-35.75325014865532,1.3518523519828123,1
-13.82823264838101,-37.611711512968085,1.0810122767187036,1
-26.941856358818995,-26.422940330035736,1.0481332125273897,1
-1.911304059406138,-38.633408282750295,1.3051069370328214,1
25.19662741659081,-19.762257317190816,0.9854024083574142,1
-31.985219509490186,23.295574824102726,1.2764118212893172,1
-35.55674195531396,12.368231618245074,1.0592324869125127,1
17.94095978046076,-22.127957379937012,1.016741504087868,1
-43.098966554005436,8.908556888038566,1.0434765400946275,1
-7.770547651356101,-41.007244940451436,0.9254890185965629,1
26.450150439595877,-5.801800027323012,1.0268369910709345,1
13.310196138290618,-33.296378914681796,0.9721762215564018,1
2.708551107865161,-36.81958421180204,0.9143795191646485,1
-33.77491703983862,-17.05646603237548,0.8247685496454623,1
-43.845106237087236,-2.594360264243091,1.0952173852385474,1
11.046366759280746,22.86683930925634,1.0175923389289627,1
-35.549886883149085,-13.602144607924101,0.8704652879554893,1
-19.50063959578673,-37.34411938778964,0.7852426087164339,1
28.022818659977347,-10.588897647319413,1.261822928590131,1
-29.745322192287862,-28.930668003032785,1.1209014235645818,1
31.408874126462393,-23.17398386029759,1.1030883732606813,1
15.952898519258715,38.631916242110655,0.948764553391618,1
-28.531327714182282,24.53546734697638,0.8557600380925899,1
-4.758795800170676,-35.3168732208995,0.8894076976140299,1
7.772602264695967,36.496096755959385,1.129012458055486,1
-46.02826589537227,-2.7025346592016715,1.4254661585419344,1
-32.9877396509347,27.32480597743161,0.9988676599135511,1
-36.513218533791566,-12.127306319167133,0.9170726511445976,1
-2.8826225158256507,38.49403110713504,0.8240287291391457,1
-22.993838297820453,-15.08005474505687,1.0911758617643312,1
34.11246382783793,-7.3705172486239015,1.2119623268277555,1
-5.911465014338119,30.262314273930507,1.0102146038179602,1
-11.413953836499568,34.49692193042612,1.0833093132978804,1
19.24512062237846,20.448302194201357,1.1246023260735247,1
14.470957847004366,29.76139032225347,0.9120867986270255,1
-6.448301236488255,33.56375259730912,0.9627459042288021,1
-3.2771843738694053,-36.736029935980994,1.0550165150772168,1
-36.72495266456532,5.021801872925508,1.35488322687353,1
-29.59910220960107,-5.361399365182979,0.9127416582242329,1
-38.25053609811916,16.583485841308747,0.9356501500381205,1
14.21052207474028,-29.755051114814968,1.2514937002546507,1
35.67433360454838,-4.171029448985982,1.005726220296574,1
-36.220778568417956,-7.953322629714602,1.004321587334928,1
29.861104545925578,-24.539890808637487,0.8366750158995713,1
20.968181991653864,14.7914715639782,1.0684404846454199,1
-2.03131479991323,28.743459130320563,1.0188195243449316,1
-22.714826698203773,27.32821635603655,0.9253450317852878,1
-0.04372026060401914,-37.43911649725024,0.9773335500137403,1
23.72828522133806,27.644045066572417,0.8589995840082639,1
-16.399133442874348,32.57170625323396,1.0583207097684082,1
-32.04555893485347,20.69090697439813,1.176755443698758,1
27.934581671994916,4.085804087648519,0.8830099808956828,1
19.747974265512717,12.989536898630268,1.0084884432640195,1
-16.614054478804245,-40.09076807534827,0.9067760460228093,1
14.535986514159186,-23.85474574690501,1.077681665474397,1
25.962170259279958,16.102765712398043,0.7860529936386077,1
22.369963683328546,-28.677182395981152,1.1997072811016851,1
9.608301960072396,39.88309440545777,1.386725501217782,1
-2.9891542174974566,32.23523961175464,0.9179194895808432,1
9.247108369380925,35.26512653871489,1.1101652329084697,1
-40.1838443060673,-3.4098788080756255,1.1025230211098842,1
32.06755482372762,-4.317451114407546,1.0529670842861787,1
12.815514558309204,29.76092570162794,1.3294307801451761,1
-14.00853398041587,-33.5470417421449,1.0558586753995804,1
30.40649080965432,-0.1035346461260643,0.9628754422091977,1
-25.287104760979886,-31.10606325565898,0.9529756467735251,1
-7.499670079742741,29.33159376201275,0.8469731678613448,1
-26.87327616707247,-32.78130382196224,1.2588547123055682,1
-32.970805357172246,-20.031417332611525,0.8643852556105337,1
8.083876185684977,-40.79537516961953,0.7694688108825332,1
-25.30927222191199,-38.53813083047476,1.0167181998819808,1
29.302484530436388,1.0957546457672789,1.182411998170617,1
-37.82919837797284,9.646341143538304,1.1226859477066102,1
11.48228567340584,21.065318384879756,1.0645930847384808,1
-38.915403963646284,4.305134061678732,0.9370773614533366,1
-15.818343581572908,-32.73808443533216,1.1635552186191533,1
15.189756421595884,36.38514763560687,1.1299191533676562,1
-21.001288402828216,-29.53328351119487,1.07901419745379,1
-37.20463016621061,-4.041938092842488,0.9273489562639229,1
-22.734028612522888,-21.170110536829196,1.0018424993790402,1
1.149779491189436,38.84728906487914,0.953395438721888,1
2.672765264926302,-42.92455186103573,0.9681587927820094,1
-27.87801072507538,-21.467119016625176,1.4278705102187699,1
18.315323082337603,18.64050729093838,0.8897564098786949,1
-32.85075611030294,-27.13425107288058,1.208024514302401,1
-24.895376273039723,30.637833774921642,0.8655441373241287,1
32.666936703496695,-21.760318566324457,0.9614065375480266,1
-33.03446839624278,6.695589756658574,1.0504464170249448,1
11.053037058610977,-35.892529627692454,0.9577479025376723,1
27.673529198162115,-24.496113075390426,1.1880392642113626,1
10.56620551275577,-31.233099858693,1.0036559128777716,1
11.017290906022888,18.560922734622917,1.3805570312862807,1
-16.10195337916088,34.71366831829606,1.2563601582366948,1
32.10990819802309,-14.459067430829807,1.0977599168642191,1
-26.642820003248975,-30.67981080344418,0.9544013758849847,1
7.4502562607087945,-34.438287350902584,0.8244533825227686,1
-24.461836307933783,32.32122648041609,1.2583003970516953,1
31.739630828332018,3.942442540713489,1.0514519035816055,1
23.912496496369553,23.982534639337178,1.1737049115859797,1
-41.85499530389537,-8.55102054595712,0.92384205966167,1
19.389506947880978,22.71447562981798,0.8830237737735359,1
31.737994514484836,-12.273734493571098,0.9406505564381052,1
-46.56957244510881,5.088455397500919,1.194716641014125,1
-28.780372202013268,-23.406405730304353,0.9022505912640437,1
-7.576156070874501,31.603978531980243,1.4036619154495493,1
0.4170865079918782,36.722104223344154,1.1268675258286005,1
26.599182345026662,-17.228248949098464,0.9743361162000558,1
15.92848330879153,24.54596748324265,1.176769048176323,1
-34.32688164980787,4.910712665299831,1.405555060287732,1
11.03960869285402,-33.077048940651586,0.9904613584253911,1
-35.747304338765424,3.161136768562422,0.9859781671352594,1
8.936129799059511,-31.82164594644056,0.9371492873340914,1
-6.313569966726832,-42.5061489670552,1.256679617005723,1
-25.06884053026371,-36.773259902418246,1.0141432963861834,1
28.823440015729147,-25.965883782649787,0.9446007652079198,1
9.582156268021238,37.469535199779585,1.068107644918298,1
-41.21868841395773,2.0692472185474418,1.0286466746888079,1
5.314980323060174,-37.7804583837439,0.7596817437937042,1
12.769878487981266,-28.12715438388719,1.0047233685647734,1
-26.202909015668546,-27.8278956212914,0.7838383643668552,1
-28.822837822750238,20.849050041018646,0.9517162307702426,1
-41.3680100771861,10.229636424226848,1.0985131789088252,1
-31.309643911826104,7.264580092217632,1.0444471498289567,1
22.50502282979602,-24.7963381628882,1.2596495207664322,1
-0.20573269801216593,40.04220431540257,1.0527337297705361,1
-29.033021990913575,-26.162932616461067,0.944560660523153,1
-16.68130548129434,25.992512462423665,0.9105637489123861,1
27.36736750242125,6.552326309885432,0.9821836493784937,1
18.162823855259933,-29.120370312932582,1.0131676649096364,1
29.280858717870967,-1.4769446990717914,1.0409524505882,1
-5.49156214860486,36.921611371733164,0.9746237484064704,1
-36.433366029684144,20.47661464598881,1.2635193977768944,1
-18.49533576924161,32.17436435365649,0.8959736662977547,1
4.5707599252710045,-36.594215025658904,0.9931471811879711,1
-49.35657737781402,1.3253130345655475,1.0044749365616779,1
9.60351957718002,-22.308991644215904,0.6961491065506746,1
-39.863222779991126,-8.882863948223608,0.8459356502532156,1
31.59226031247144,-10.78141626495357,0.9472330464785659,1
21.184750156862755,5.149811671685924,1.1739691543236723,1
-52.2342768921183,-11.487106112395532,1.0161934438583278,1
11.261259618990398,-29.22078701630026,1.0674685440735336,1
-34.344850311274755,20.712026856346153,0.862841118156501,1
21.038740829369104,26.499125665457193,0.8509986469006154,1
-35.788715010553915,-17.48043402045302,1.2608826293637945,1
33.27066990673687,10.118101439327834,0.9983270389417714,1
-27.771015513613445,26.198308418724,1.1373574531504151,1
31.128742273381846,12.321868418578957,0.8787410447208134,1
-41.521492488623885,27.337195976767,1.5078532173935515,1
30.35658768382068,2.9090080766112263,0.9393807340387093,1
-19.469753079297323,-42.42950398711935,1.017157419133035,1
-37.58663519969648,-6.269128470531205,1.411693774332878,1
-38.226081188122755,21.42383853473683,0.8381555626388645,1
14.423556863605873,20.601351132123536,1.0091232706522182,1
30.073709927491468,-5.173564171476766,1.3256217658523437,1
-4.605929454634463,-36.64899423200076,0.7781410210415832,1
9.260063299165688,-24.916849137630088,1.0190655260056742,1
35.29043384341065,-16.842613829924463,1.4577234896836695,1
23.929504835797538,-22.94444389980217,1.0892493534625007,1
23.832948979299527,-26.593872875994553,1.1944645471330353,1
-11.796192660413475,-36.404597975224235,1.2186714582124696,1
-38.25246674890833,-16.69106599361747,1.0763182102020026,1
-24.288541233701896,-32.90378827623501,1.2217523122039342,1
25.303851246965316,11.667045185726526,1.1864634986604654,1
40.523332277461066,-6.45972851244612,1.3116783304132575,1
-27.98551893356286,-18.79830384160068,1.3581332515757158,1
28.28066488671918,-27.690869998570705,0.8847602101165054,1
13.943786434090965,33.80481557180552,0.9965928738712464,1
-5.1499817278782265,-38.083659127064166,0.945559289243721,1
25.905766743945843,35.232315720497404,1.0647436268649153,1
25.94971636992995,9.907295412291546,0.9310257560035458,1
10.647340799101215,34.02893617013595,0.9600610882371452,1
-11.667215241918829,-42.13983942601253,0.9575529693666803,1
14.50457063779723,23.203248217868055,1.2434364402323195,1
32.95619364883898,-9.543091931273732,0.9647582644669042,1
-40.18125124233492,-15.589556782688415,1.2421657866326032,1
15.981212592792776,20.703000738027896,0.9885649391091627,1
10.938809203128066,42.06180538511622,0.9904920416525688,1
-15.002436886248942,-38.967403167215764,1.3678108857784712,1
-37.60464626170383,14.70555254450186,0.9918919466813044,1
5.417102215730322,-32.846777335263845,1.1203738661328533,1
-1.6443481481579225,37.23345639136887,0.9875751907624507,1
-31.543410207956516,29.457895483463513,1.4306892161750748,1
-33.90784429682662,25.544820871466825,1.3127847848540046,1
15.681171588647452,26.707387022583113,1.3412469287915865,1
-29.290114157133036,-33.34629445608137,1.22336258464191,1
33.204738741200664,11.903789005277222,1.363139322360738,1
27.09797092680038,14.947420185036444,0.8738663648874768,1
32.10091004524238,-8.050133112757258,0.8850735441282465,1
-34.39035699112926,-12.70510773153084,0.9295052333503843,1
-46.51241581137407,0.12051097474188817,1.0487747601260127,1
29.131198265003285,-22.382101635559298,1.5599527241507474,1
-18.969278090075175,30.691451492026058,0.8683116091074681,1
-41.61382728050283,3.8283050012546136,1.148024127655991,1
7.1319542575810635,34.573565702231846,1.0881989572529644,1
-39.943121556244996,-5.581425624845024,1.090638444084948,1
-30.610548706381987,-27.084778146407608,1.2504066440732973,1
-12.124273318522558,-38.604130042657275,1.1087076727915595,1
9.697813730435584,-34.51816313659312,1.0738191171832465,1
6.19942885779275,-35.670215572382936,1.101841748330353,1
17.28877223863547,25.518868407007265,0.8418520214734517,1
13.959081797308285,31.89329767919649,1.090050103725033,1
35.200720117769535,4.518893750654233,1.2444652338615543,1
17.775850818325527,-27.362739880991185,1.172282932208171,1
-25.93357612933234,27.337287963125675,1.0146739231973372,1
-35.284479183482254,9.960161173607302,1.1513886136125662,1
-2.11392317827213,-43.17917865879361,1.2507711984145324,1
-3.000581493455351,35.66538838207814,1.0373578018323242,1
4.887925135530451,-34.678238091721944,0.9607316106220388,1
6.231477890732671,-40.81793482409122,1.0255962056644765,1
-30.226479573740033,-22.697951204072442,1.095908520214665,1
-35.02145334778683,7.2672938208340305,1.1640663977051928,1
-41.92005969810528,6.273167076773888,1.0722531811909657,1
-12.859003048857021,37.2568515885988,0.8542178296757816,1
16.034065530056306,-32.72263955404404,0.9537055540509859,1
-20.100565698808257,35.572512635323754,0.8100245140977096,1
21.69768127928038,17.569417978000345,1.0017993575517934,1
-36.3667341388395,16.653213290380766,1.241697294435433,1
15.358795064557215,-39.25152002774454,0.9713715371450617,1
-45.08882292380167,-0.9247425932084575,0.8783335916271205,1
-16.388633476758237,-36.79407671835832,1.4199751291978602,1
31.193972677130947,5.450222829569293,0.919131431982312,1
-40.383747487265914,-21.726569192169276,1.0122614264939882,1
28.37712092571846,-8.538202560461846,0.9653601625926274,1
25.198210550237942,-21.550406771630218,0.9021346885937103,1
14.505128047437495,-37.673988378267325,1.2854612727336225,1
7.4502562607087945,-42.297031182291995,1.0843258265918447,1
-24.337503784982108,27.865350986314613,0.7299078408786122,1
-42.85289921171249,-12.674139213602995,0.9944673143390275,1
-29.1680381047971,27.12855419043824,0.7764496336090175,1
-8.33623268090121,33.43638878227379,0.8915294486089622,1
-8.507791261541703,36.94696352445079,1.1929844317974883,1
26.558865946203927,22.13048932768914,0.8621209829825579,1
-6.754467975746746,37.83665858117118,1.0671535471621956,1
-39.82405671320002,13.387673739506472,1.351111712515903,1
18.52153745852345,-33.42680510132926,0.9739103169207436,1
-33.31192389622989,22.084560973115217,0.9546124811241211,1
-17.661498200333735,-31.749772217341427,1.0277548840139774,1
30.360281662330678,-15.871970234963507,1.0285209200841456,1
20.215812975802766,-36.66736176677176,1.3253526162475386,1
6.185473889457074,16.042420957638402,0.8706849288270072,1
-3.7102827951849404,-39.0821183913458,1.0642748084881344,1
25.897647790729298,-23.261510388575672,1.1441349567161048,1
-40.43671399628138,-18.23972063667665,1.355443457337936,1
-14.150222296666964,38.42172046809395,0.9106678051170233,1
30.286818172128033,-7.857315553170243,1.057141772376261,1
24.503353515142884,25.981839344925234,1.1056492757648198,1
31.614849113783492,1.759115914160676,1.0656627898757098,1
-13.995341200023095,-35.7049217350881,1.209588178302385,1
-31.806933128306856,-18.843305594943473,1.001130842856123,1
-34.50678680225136,32.48454750501526,1.2383943605804484,1
-21.87729455247391,39.12661060530501,0.7700359139242732,1
-15.37120160854276,26.940683667228516,1.0122303155908319,1
-41.464804069947576,-11.456882725079298,1.168838542228971,1
-49.789266402833604,-1.662003529918393,0.9664485236339527,1
-38.46399844808773,11.868247602002873,1.0905656811301938,1
26.435469322735802,19.648655031989595,1.455698815315749,1
2.0053026197048003,-38.14252691230171,1.0455019392420823,1
-23.585515302592807,-38.01719549857016,1.062202824350786,1
33.3894279945734,8.294660836051682,0.963071805086006,1
-31.822355369537153,-24.647723119319746,1.454224879515538,1
24.78810814510095,8.702891094968859,0.9235025305738086,1
14.305685653072635,38.17236772509493,0.982863132331309,1
2.0606816164698913,35.206468522404485,0.9583070484086889,1
-30.925526338259967,27.26741569997035,1.1338666405602122,1
17.723069915267494,39.60623675620272,1.302785842710122,1
27.765085855329378,13.449453264659004,0.9385892357387959,1
-2.466136587117721,40.223671105444076,1.1357777460322693,1
32.15049170342191,-35.892529627692454,0.8993493610431843,1
34.49272422757383,-9.528985365226028,1.1469135654438471,1
-41.719694345889714,-1.911304059406138,1.019109884973904,1
-6.942777383919807,-44.83658459145196,1.3336724129518869,1
-14.20422688957566,43.5805176969873,0.8721553551102047,1
-31.14993731554958,-32.142426618883185,1.2112344410992388,1
16.028495245001565,22.194800800593832,1.0100818081931768,1
3.817297465688054,35.66422212099989,1.1011165266182061,1
12.718631865477699,39.208679471778126,1.0454065121309444,1
-10.760010060854539,-48.441618713914,1.0826213463005059,1
-13.12398946646089,-40.869977201602595,1.309476052001483,1
-10.876587035138002,31.425489695210814,0.9727772937169179,1
20.08656558945503,24.15718868896145,1.218726351542442,1
34.55310343060221,-14.459152690294934,1.0114627506507419,1
-7.3189566844186,44.62793022602958,1.1349846982074536,1
-46.03022282666465,2.5285935739447702,1.4259816504180252,1
15.93183441611055,34.584097753805956,1.0270101146560275,1
18.500006505157067,-30.60266171810369,0.9632215011322025,1
-20.878578770105836,-35.82298755961782,1.3530317533988994,1
15.29612935769144,33.093190107571544,0.9565941439560208,1
-39.339681618327674,-13.33649518904083,1.1278253363942718,1
-38.850973025601185,7.613442076396847,1.1998611388112619,1
3.2781127547118762,-35.284970679222376,0.9371492873340914,1
-20.486865706118767,31.998074013462663,1.237882121724428,1
-13.847427549583145,-43.08013296859063,1.2520706321859174,1
-19.073394942778943,-34.583796838046695,0.9950124443520298,1
36.59927943788723,-6.346782791365706,1.4156271895545178,1
3.624166713737331,-37.74564410215182,0.7365633037699385,1
-1.3735299831396413,-36.410054580992146,1.0175330862267464,1
20.76520352448729,-33.30424284652377,1.2943369967090503,1
12.217088242875445,33.95391473744733,0.9892088566103869,1
18.512494236597693,-25.358722711683612,1.0133711878061409,1
29.58911202444856,-9.912080068595209,0.9580686852368085,1
-17.6410359287041,-33.463487466323855,1.0004226589660823,1
-32.262197689425214,-22.1742012558631,1.0367946885524164,1
19.10907441008254,26.118114737500097,1.2216796990864087,1
32.223027832980804,-2.419860372816859,1.2680186542586707,1
31.193849501294345,-21.021496212246348,1.0882751733916944,1
-43.75749895534952,4.685898379067645,1.6435753063975829,1
28.478082342335526,2.6598111136362217,0.9646197036756817,1
30.455533536766655,-25.893470076938222,0.9021514497574974,1
-41.68142067049386,14.762136769266737,1.2522086755567494,1
-35.282953851874964,22.157729593160578,1.09576661411128,1
14.613642841098722,-33.71415029378696,0.8819400461906581,1
-43.19595378647769,-0.882140335110512,0.9967533331545952,1
-17.684583840121032,33.46991471831011,0.9163420540089859,1
-11.262624884935159,-40.172404319012706,1.0573331249975195,1
9.616114155520693,-39.1697530091603,1.4152810896532857,1
-40.91854569690745,-7.2908308608663805,1.0986103160400544,1
-13.506459798942563,35.14612836131554,1.3904087484019738,1
4.95275172883986,39.74734524445054,1.0832945996785128,1
-39.6684197527055,1.004705923192266,1.1342621140379632,1
8.0987965920816,-45.298353820117356,0.946331093978009,1
19.638468443935945,-38.66474113618318,1.038146942163414,1
31.341539768492662,8.69750375093499,1.4380231317882328,1
-10.298458618884904,38.34431837088838,1.4767538710983414,1
-22.249310018629465,30.909113891223704,1.275457168280602,1
-18.64050729093838,-36.45111738284352,0.8487475154959633,1
-28.748316441612562,31.654650305982017,0.884868503368006,1
-25.173384136226044,-29.370847119744504,1.0862263775496304,1
28.340565930046747,5.240419736650435,0.8570298535658015,1
-33.112559507875524,-11.610702168090807,1.020823547543507,1
13.45367899814881,-35.78860127968846,1.112048136557603,1
-30.60679558782198,-20.517616782432203,1.5187350425391104,1
-12.431970231950027,39.216652361711866,1.303242343033295,1
-33.640090822036505,-28.974344101757435,0.988644212604591,1
16.97405113304293,32.586167570203,1.1195281228796503,1
6.933657243535743,40.10200944526596,1.1460643949971967,1
-12.730090737590308,41.04066665077987,0.9101363136042716,1
31.166716442592204,-9.446490974510539,0.9340298360671603,1
-12.288592273190996,43.013129819918035,1.2623254390334464,1
-43.84297475045916,-11.06753116768197,1.0189149962242248,1
27.340679283732555,17.096679320203805,1.2033610877673424,1
32.93978120180272,-17.797060749880103,1.0798261043885258,1
-4.240944053835163,33.91061575314992,1.241223690425081,1
-31.76256113710995,25.491514328613473,1.0973814518817615,1
16.02533031031136,-36.30623180505311,0.9569233331910895,1
37.67104207016873,-9.464312185499622,1.1552744839485785,1
-2.146300460152794,33.96481312125005,0.9875751907624507,1
-40.66482161364916,-10.094400947628602,1.0304375023839716,1
31.465147702937486,-24.968802757852124,0.9008475260664442,1
-19.497311438049618,-32.51286051688832,1.0684686913193262,1
37.37914466502771,-21.013900368989898,1.1617817999537987,1
8.553868987178289,-35.96315288463642,1.206338851912444,1
-27.81835170616528,-34.64891375453475,0.9907354716916575,1
24.392202980564647,13.45788396636346,0.9039488685986311,1
25.71643945504242,-15.854423837041077,0.8276936843263645,1
29.917072648142216,-14.487383046524728,0.8143349134126477,1
-50.84031935839818,-3.2291270126128753,0.860859902575369,1
-40.97561983163552,8.048344083853863,1.4103000671631905,1
-50.6073056961486,-12.157147131960352,0.8490451033625541,1
36.56230667083642,-18.646181077911365,1.2855871480801238,1
28.292406173844334,21.88193645668618,1.0777549662194594,1
19.540306777237127,-31.676945132405034,1.0482071501268002,1
-26.461275873061176,-16.90339327805513,0.9983062422055836,1
-3.2411286527786927,-41.2573525900021,1.30701029753486,1
8.434537481550912,41.99669010336555,1.3714444294004986,1
-15.145441231912592,-41.17014067146388,1.0292199551253864,1
-36.94452335193817,23.15453737910905,1.1738063073946463,1
-19.35395542267869,-44.35896503338661,0.9421059357348869,1
16.114038908342156,-28.7456549637148,1.0731588920290518,1
-40.67652641521891,25.558964855461614,1.0879771428258453,1
41.3212221881019,-21.90756784081484,1.2436724452588035,1
37.08382020221499,1.6864214278055503,1.2746853535473588,1
37.331824614470634,-1.9206192320483546,0.9048009945762903,1
12.039901615888894,-34.70062980831914,1.1044839416364693,1
35.26268953900342,0.3704239561399101,0.961886675422124,1
-33.291156772442974,8.51470292038718,1.1214662631821501,1
-33.97289901891015,23.469317958440254,0.8580720574924288,1
-37.27356244376299,-13.680405852697657,1.1275728421824152,1
-15.41098935893375,37.0109632911826,1.4612352075237454,1
-21.81311518119107,28.853471117763355,0.7299078408786122,1
-4.684685005154958,38.93403430893071,1.2158751576661797,1
33.071826798412765,3.054953209706532,0.8279298954854235,1
-45.12432219990726,-9.570306752541146,1.0232031208463122,1
-29.487063521568313,28.717984391851996,0.9761383617793933,1
0.33784989788504294,34.74404756314623,1.0412828862000951,1
-38.41407830872008,5.550391179540064,0.8140057602811798,1
34.76434110539958,7.061776897839759,1.1016716154112314,1
-44.42323755324895,11.678959584184597,1.1915978834454368,1
-26.065017449483292,29.147386905943602,1.1365831403521671,1
-11.643594022035963,-50.19675963136056,0.9702678155010686,1
-15.78479527385687,-42.43860926076652,0.9113889918223466,1
-9.585532198357441,32.29372760482937,0.7388699171724826,1
17.078054218472793,46.590303957154646,0.8694287601613631,1
-33.83948170751851,28.76837989038039,1.0517516507261082,1
-10.994350126784298,40.72574660643532,0.839522050421862,1
0.1007566267253576,-39.59735430306796,1.4391825350461296,1
-49.07166155385014,-15.25336262048343,1.2211608542136632,1
-12.370477197886391,32.674166222397524,0.97435115810484,1
-47.28393115678934,7.6112280576295674,1.102202828875983,1
29.59733199189298,-40.12092222284382,1.1110781231711013,1
17.118436997479993,-40.59515059402402,1.292112334059108,1
-35.71945291349176,18.394228074130428,1.0332792640448378,1
2.2373978303187956,36.99133466765639,1.0711976749010688,1
29.3812642762105,-19.94360988347284,1.1353174093876695,1
-0.19321926283614912,-43.74066339231096,0.9889930666678801,1
-45.499219791231766,6.787479374899256,1.1322998531069097,1
27.781796710493598,-18.757934921821995,1.1360426281705804,1
-29.81495075547207,-24.87410791192163,0.9618173323699131,1
-14.037118337933602,-45.05866471090726,1.136195382496977,1
17.818944012595132,23.791085346279477,1.1604718159209897,1
-5.304120018865409,35.279610593603664,1.042946537304252,1
17.824306709386953,34.02475423216512,0.9985402090517951,1
-27.00789235247911,-38.369904121913066,1.1330912805019806,1
-33.316873359694505,30.706196364229754,1.0294318442237296,1
23.600141680016414,19.208812712101537,1.4638979685727045,1
28.672516820661198,15.359010041253168,1.0348061818571042,1
-49.92683279460784,-5.871658496140347,1.0367259390776415,1
-21.188721623015436,-37.875153229674424,1.1737064648851436,1
-35.8909590585981,-19.778176605531456,1.0955639569159836,1
-22.876982944744004,-34.599470067380025,1.0001861552034013,1
11.7149666385704,-44.77429550106331,1.34436725552822,1
20.56525023577696,21.747724878374612,1.0141269208461392,1
32.836830397666105,15.943946275420764,1.0709146495242035,1
33.62015173348829,-1.0277175925987159,1.2800075936455155,1
-25.7718521865765,40.99729800285372,1.0628168012360932,1
34.99156662605082,-20.139794098862144,0.9976373855368132,1
26.114787012405642,-18.790541468483863,0.9431138959652046,1
11.438580359899463,38.07568349164492,1.1106394270401645,1
20.164685092917942,28.09930295861352,1.0458616068611102,1
32.666379674991184,6.602458875378063,0.9955159657045025,1
-19.539764217004514,33.71415029378696,0.9634054004304126,1
6.920473714742101,-44.01857217928091,0.9955325604214323,1
-40.48686707428032,16.69800066023421,1.037814446422923,1
-30.03358444387045,-18.01847958080584,1.093198001352767,1
-14.262714882650387,40.2439169492007,0.9317103200261426,1
1.144154518904164,-43.09379157950295,0.8072784171536206,1
17.36945945597245,19.78024606127933,0.8439139830447346,1
23.523139714740296,17.052905480849024,0.8717412151907803,1
-18.695866031212077,-40.46414214761472,1.20522420249757,1
-37.20950416563352,7.106755349000113,1.0738785497095285,1
13.21696715684819,36.93318870962888,1.1109298349519772,1
-30.809147168366398,-35.00327340645432,1.0535683274244239,1
19.27318628938503,-34.98603204795156,1.052571515302463,1
27.25063024277415,-20.746825094490504,1.0614715659304252,1
31.796034744504098,21.929364608420325,1.1679839067320985,1
-25.163313518231202,38.905296591571165,1.133853259844635,1
-39.83748507895697,21.805108205335998,0.9952292219566201,1
6.757574930961113,-46.751566296308894,1.3053662118861997,1
22.083395099499118,22.94400414045575,1.0912871207223411,1
-29.820876590636683,25.76227208639373,0.9954149751917679,1
-38.100749774391204,-11.71279030145759,0.9629913478650123,1
-5.135007065458359,-40.499951122966586,1.1774650910123792,1
-8.542651051998615,42.72253906841764,1.289269804184993,1
-49.51328086006411,18.401600510232278,0.8473851899306037,1
-39.356053299226254,18.220800291543902,1.1383214060173006,1
-47.9227747768269,-4.720816583888394,1.0899673228439932,1
-28.74889300935831,-31.03419134059105,1.3610747653246498,1
33.04336244564624,-15.927680930982763,1.1876702850713547,1
-38.34431837088838,24.86055004829784,1.083764635281817,1
-50.20045334172461,5.326585083590876,1.0392154829764706,1
6.83209048024425,-33.463487466323855,0.9220180784148287,1
-0.022600746738465488,42.18326648069596,1.131702588596506,1
-16.129608028060346,-43.9804278359713,0.9891268017290907,1
-33.86534374527263,-18.71814717143101,1.1896842899603235,1
-9.86462668912074,-41.53169722529239,1.0284387906082941,1
8.039876859587718,38.47141076393771,0.9705117665761287,1
-3.396913489413738,-44.84703725145843,1.088193905531855,1
-5.211858635636599,-46.05833045854671,1.1462178581255433,1
20.154962413549658,-29.06853255813751,1.2163838269213594,1
38.57133376179832,-5.554782846328509,1.022891242551541,1
-42.141991581601864,-15.37120160854276,0.9772846138564807,1
22.59904434456606,21.1093909699282,0.8448526452761118,1
15.271864858399997,-34.907119676342816,1.0956519005076062,1
-43.84092852329619,-18.478863640579743,1.070365110197162,1
-43.64039826132572,7.276058255360707,1.0573450418406662,1
13.75959877895659,49.192579889633386,1.068465124035952,1
17.084238334281913,35.829117900506866,0.8376148745846561,1
34.14897356591684,-5.583642370938252,0.9924624496210551,1
36.87876849050859,-12.69875788415742,1.0582031069571218,1
22.03326253400649,25.09469120008916,1.2371540671146857,1
-48.784092318952766,-11.363381511660545,1.4659349369220467,1
-57.6925563689071,3.033020212303516,1.0317409500606005,1
-5.816852084364302,32.50507077308261,0.6707144212359983,1
-35.48735770287776,-33.10606084197831,1.0452648800371747,1
33.1538451500459,-19.991589229532536,1.039188799975355,1
-23.327309380784747,-41.79280433723311,1.0170948957710446,1
3.553889070726828,-44.441669604707755,1.1106654407730927,1
-24.931667524153887,22.457532579008856,1.0689784851537019,1
26.833051385041845,-28.32894245216035,0.8325886470591927,1
38.57766021885022,-14.129896137708903,1.2422621500896935,1
38.97448877297686,3.620287408074211,1.1858388255982848,1
-33.88481434652779,13.60779158025745,0.9874869427526071,1
35.58547795398562,-22.088581226963875,1.1104153675560298,1
26.92275431220859,-22.120994523618577,0.8286868439156021,1
-44.55654632091634,-6.559010651951108,1.0207151463699338,1
-10.391840836422357,-43.23933773738476,0.9946561925337075,1
17.734395043014327,-43.501394329732534,1.0057199741719587,1
-38.29692068284058,-15.099710758701095,0.9610819834662747,1
-37.88016648622368,-18.87741753624605,1.4088892438811804,1
-26.70006724673913,-36.01040083822572,1.0782266655359327,1
-32.992002624190874,-43.824217668132,0.9133207437392465,1
29.501792046907067,6.061760815357638,0.9364440743078755,1
-11.558105459548537,36.35673128839795,1.1206515781069664,1
-35.42701294811815,24.31893616813297,1.083972939361787,1
33.5519566995461,1.2606865734173494,1.1856994167966235,1
28.056332188191274,-0.6982750193615052,0.8297371584743953,1
16.55111904866645,-30.514513025581504,1.004720874685384,1
-8.975263893551215,-51.82837625392651,1.0283738864991006,1
-6.0559072464755355,49.29257835803619,0.984232989945917,1
28.685702058012055,-15.051163412670679,0.8206471526125002,1
-20.83349909164902,38.134931069045294,0.9606426708153484,1
29.29174183783084,9.399856029866251,0.9075030460116158,1
-30.215314993781174,30.852416346916574,0.9722573514176908,1
30.94683267859434,-29.879009033601537,1.0619416105625124,1
-7.126896492700859,-47.13523286931125,1.088385444973203,1
-6.9788199402226585,39.73005815290136,0.9624805140040259,1
33.43883210624553,-12.987210921264378,1.1323310510920748,1
16.494509271455783,41.023657387487695,1.090273109050665,1
34.34080736244471,-25.41219744820908,1.0388991864982722,1
10.956604116216033,-42.76879523670842,1.1068236844510801,1
-6.492167231294285,-56.68202708447728,0.8739879737095483,1
15.641971806447346,19.02286311344965,0.9585280341388224,1
-17.9147963203552,-38.533712840009294,1.1390309741664966,1
-20.16136352078206,-39.3391940829589,1.1057878719227983,1
42.38413514956945,-20.271741801403063,1.0128755414406592,1
-28.726602752469883,19.36852386051414,0.9315729611488095,1
-15.895156546503838,39.708125155498315,1.2598973688252033,1
17.173934143581,-34.43436461494855,1.1834945869623126,1
20.00776763097828,30.472940677562708,1.2038724840071378,1
34.4962183154718,-2.762304358643358,0.7974859957663745,1
-23.28215320966088,37.99016323286335,1.1760688843480427,1
-39.77920772691374,3.059560982270202,1.0330157340540307,1
-0.18799712059732504,38.12163834334645,0.7469895806207694,1
-40.06112226464507,5.663561054472882,1.0572389993699034,1
25.52871244525054,23.480192096672813,1.1033413881585383,1
-45.79609857750839,10.747168727480414,0.947953159840197,1
-11.972986687293599,45.10140445568205,1.0004740117659014,1
40.43807070064802,2.3153329589354676,1.0963077333658857,1
-36.076955634627645,-22.31104625755577,1.1060542474482429,1
-7.331887703295676,41.38286617148617,0.8592704232320002,1
11.445036826667446,7.064134228505534,0.9746241600024246,1
-8.025532251706498,38.90027775854073,0.8494536283358345,1
-21.379450325706898,34.68198732204725,1.196274177514902,1
32.179322519474425,-28.897567655303682,1.1275102425081296,1
5.923998155711263,41.96931274490507,1.3409993205711819,1
-48.83449013611467,6.559010651951108,1.3204586917535006,1
-29.23908157996043,-35.52039713874166,0.9268432869781286,1
36.668390760316335,-0.5132619800434879,0.9544906652103795,1
31.29107629497697,20.011249059137498,0.9874544856131328,1
16.210835044840174,28.88497425844317,1.1300482363519102,1
-47.931745867493994,-6.767896341503701,1.0438670417703215,1
-21.282973460616933,-22.370595220456824,1.114927024964,1
-42.44258803580561,-17.949248895125564,0.8491358150512798,1
34.972193918413055,9.059332943501284,1.078320418873885,1
-35.079172865080565,-30.24029045666248,1.362397902375421,1
6.302683127822196,37.99241245065718,1.0998437261496257,1
-50.279829903754575,3.236683759617285,1.2760492533588723,1
23.060980126605205,-30.438246445217473,1.0693202470241152,1
-22.313169358006952,-39.667392446035585,1.1427555324959584,1
7.331887703295676,44.33313916631462,1.3118712918493722,1
-9.945942903982296,35.925354521765044,0.7388699171724826,1
-4.125492368663531,-50.82711041038236,1.0203539283848697,1
1.2098318101025234,-41.65351168608758,0.9983638737574166,1
37.36042002816298,-3.5821466854901276,1.3358035073384278,1
38.82886560654593,9.614709881977488,0.9487528451108997,1
29.9498102883762,13.850220615702357,1.0971777494002575,1
-32.65001564889644,-30.583229694153506,1.0413991442227934,1
34.842133017370905,2.5251958914801054,1.0470350247322222,1
-38.56183139738525,28.905563392637042,1.474204296900064,1
-13.798988651843645,41.87322532771085,0.9461322272288943,1
-28.246751680650647,33.61093618836095,1.343702486979447,1
-37.090726028436954,27.442664649808222,1.0214199648327609,1
-20.997189513825678,46.10023614149696,1.196919418470922,1
11.365768776683996,36.013086511377104,1.1923081305289538,1
-40.50797727261443,20.16971406500496,1.1139702836907495,1
23.718205832758454,15.091736331528363,0.9279287337681986,1
27.563740429692363,23.491997915291762,0.9490055502585097,1
-28.992362148551805,-38.418450334780495,0.9451811065972182,1
-17.495125980435905,-35.15546155169978,0.9769140490655153,1
-43.75795048386014,-8.124933028114272,1.0840769885129709,1
16.228097126129594,43.13721584471461,1.0999442050033679,1
-15.87232832471701,-45.93396313261308,1.0496510109871553,1
17.173498284030543,-37.78974219216847,1.2872228330441964,1
24.726097480467217,29.20619817449025,1.146483324619639,1
-27.78357446104297,28.028904036857924,1.0231454911670272,1
9.012468023786926,-43.562161075784196,1.1523722897867306,1
-4.26847102168487,54.56526388402206,1.317538361735179,1
18.6157148778713,35.28745952999153,1.0157593617575962,1
-42.25647559812155,16.45799354001143,0.9343690607218905,1
-37.86971716835595,-21.120608239315544,1.290686463683654,1
-0.9703077192120011,-41.593857563554394,1.1114530700252905,1
-4.671969468793018,-43.4938569160396,1.1015992078548094,1
-42.483492903803715,20.19378301554652,1.1468558778405946,1
-31.614849113783492,38.31485760618262,0.9967844069118172,1
-22.94758503799094,-36.61467729728854,0.9777392098547478,1
37.96037859101188,-24.279201468075872,1.0377837034854733,1
-22.750376188227012,36.220778568417956,0.7700359139242732,1
-33.937714437199986,-23.060980126605205,1.228924326413334,1
-34.71215969942709,39.010562999997994,1.0441231598631597,1
38.94432659758431,-12.296939862660915,1.0135661116205243,1
36.02153375684472,-24.74492014699834,1.2664872800151075,1
-4.361886244093811,41.52000256872941,1.1971444039373649,1
-47.52476607678403,-9.248854326575216,1.297735517948517,1
-38.70651827409369,-23.043075638929274,1.3207757373746527,1
29.219707503692764,-29.103120142082016,0.9650224719356967,1
40.19640759934434,0.37016487311411417,0.9557503396968127,1
-29.815683687716103,34.87511496835287,0.8910766868946045,1
-48.1002306072084,2.6811092623749353,1.0078233629068813,1
-9.320943658257507,-39.92501812981711,1.0810250389764493,1
-38.575843272955,22.9589661851958,0.9757124554224794,1
9.859404546881944,44.02846145347227,1.5042228002882327,1
-30.864509728943297,-30.30381656224953,0.9049166138478602,1
-45.15033157051929,-13.12008947904631,1.4264094468163326,1
18.67438064600095,31.804846203748866,1.0123205167916287,1
22.412041917728523,27.040948798213748,0.9620817441540879,1
-8.322005871774932,-39.141000508363064,0.945559289243721,1
-46.423895022654605,12.316659840345958,0.9448018538268013,1
-16.39801241055118,43.92137380280763,1.2851357577286386,1
-48.252594286646755,4.306198196323635,1.0505588637282661,1
10.39839811303892,-37.27274059842702,1.1264621766385883,1
39.14632280127496,-22.980287298586266,1.2264141997765525,1
-6.877055959915038,-48.640717374331544,0.8432286105990217,1
31.43260700708201,-19.09897278231599,1.0182795570208278,1
-45.5788574603737,-15.594808765739998,0.9747949429443594,1
-42.23325269016984,12.414677434148482,1.2162497466475994,1
35.194917737504156,-12.138579515111248,1.0435468510996908,1
-27.034324675445966,-42.778660108533664,0.8794079883516353,1
21.62239346464306,-34.869378976877755,0.9972008009268276,1
-17.8834001682285,-43.35074343847947,0.9723528030523271,1
36.013086511377104,-10.452639905211283,0.8442757054617518,1
-42.64252148152023,-6.594819627303,0.9014220025608325,1
-35.07228706804156,30.24133075693455,1.043087127888528,1
36.39692001474338,6.215760653983628,0.8766625221192477,1
34.15497112829102,-18.821320924168983,0.8203430728393585,1
-24.17016313812941,-43.7030639681915,0.8967493776738057,1
33.956727223589965,-21.730849961518768,0.8481829814720085,1
-17.00718137496732,41.43806300049877,0.9633252988029674,1
30.260573559850897,-3.1123967743334826,0.8876436850225649,1
-17.33751223286441,-41.77191576827787,1.004150831656645,1
-35.040829161091644,27.465920789706768,0.9054639479023592,1
-19.202563032441066,36.887720734346544,1.070341478301679,1
36.189995414168095,-8.427987874263714,1.0615797922808035,1
36.250674134996146,-29.255111555704836,1.4862740657641227,1
18.12292242558212,-36.364014469825435,0.86528423969164,1
-44.04581813878779,19.322834482264188,0.9965556046887162,1
-19.530811973166536,38.79007254991473,1.0143157917208607,1
27.216705950335545,26.629627222856172,0.9153627378272843,1
16.7856653879069,37.32252913563946,0.9729799546300996,1
26.411506587028644,-30.956859191692857,0.951054758366922,1
4.358222556740494,37.70110809664345,1.06869822652143,1
-30.175029896510335,32.55632675740976,0.9717717029077468,1
-46.303410210403854,-5.561347657073109,1.176501386087618,1
-37.58413980071727,18.39926290854145,0.9175206217746055,1
-22.903818512560886,-45.44755788408351,1.1426841712084241,1
38.48351868659839,-7.523272159399267,0.8849799583877309,1
-41.26481827192982,-13.533593886275273,1.1036029782686843,1
42.53398419963975,-6.642564927772151,0.9663983856825902,1
-20.76794482467163,-46.151969183258814,1.2000822264118387,1
5.250329223428903,-42.840693240696446,1.3031093010027721,1
18.359718798760028,37.335428162881506,0.9478735072046159,1
-20.46115669817381,-49.158836816705666,0.9387482425173832,1
-41.308700640754076,18.327719288871144,1.0316320595546686,1
21.254373650621144,19.750396685842542,1.2551348719582738,1
18.486383525403628,29.133287121898807,0.9206963524435482,1
-45.600419854133946,8.813628449508993,1.1432141424278917,1
-19.359227299605504,47.455844585067645,1.0624408575174262,1
23.54179700473896,-34.96746443110246,1.0572365267636403,1
-19.95276106606277,43.897327659475394,0.9233318242800196,1
-9.511759077840846,-44.69407736105454,1.082053522480065,1
-36.68961089385819,-34.63788923203061,1.034447775530134,1
-43.94390352268645,2.6861570564626893,0.9139174071326446,1
22.81213369644257,33.43442510951654,1.1969368128884084,1
-9.092705804664979,40.44674201170431,1.1905706881437523,1
14.572625287513858,43.884984414183634,1.162899459713651,1
43.47156947459323,2.0827131987742735,1.1710300997797538,1
-51.44135419011177,6.515178900700735,1.129428798122745,1
23.830170959898847,22.04112646584846,1.019787415656386,1
1.6420001672424644,40.73588240993683,1.2970884626790862,1
-12.388892010180948,48.876886611649184,1.0363965478060646,1
14.653748893492837,39.785203974943244,1.0622919493530827,1
-53.443148933382666,3.5245639032311367,0.9275961462682711,1
-47.811427710311705,1.1781152890765816,0.8006084717812341,1
-44.088073275987874,16.717451554403077,1.0419765156295928,1
-42.09156584321162,-22.434323057947452,0.8970020885206231,1
36.97668365748637,-31.912511221395924,1.141301985246662,1
34.04836739707107,28.245143149137487,0.8710353238631887,1
11.293752948476337,-40.54889005594748,0.998604048642409,1
-7.602245467202304,-50.71267089332032,1.214855217468384,1
14.768598043530456,41.56217554635891,1.0748201613334014,1
-21.16978521193958,-44.18587050377526,1.138593096460797,1
37.278262371777906,-11.232827955690171,0.877254615480206,1
31.106190237841098,10.759835200144785,0.9913367899940202,1
12.928417370308356,41.67510528523524,1.4576248854916756,1
-25.833310998347077,35.63924080870358,0.7781096829450639,1
-28.176172892368857,37.661254283572575,1.2288456101282828,1
-41.96931274490504,-20.270267314182693,1.3624451597010014,1
39.29139820484093,-25.393039646395835,1.0901453400573264,1
13.11490360704323,-39.70386949928581,1.1768471507031752,1
-17.928658734298224,46.54182048921109,0.9437296580980163,1
-21.509655738861355,36.74438536356312,0.952490719534634,1
12.257412262945586,-37.93865447929841,1.2192568424087658,1
35.55234436184967,11.01377283125147,1.1075902694848987,1
-33.91982235734642,-34.041940145084844,0.9228282155226493,1
30.699135439512492,15.934741855700027,1.2114844080306197,1
-49.77775402557718,-4.058266481251185,1.193326235129922,1
27.18299106710952,11.674389093883256,1.0408620429653335,1
-40.106052394096004,23.76542910723425,1.1122649159472757,1
-47.15132153648101,-16.61154885278003,1.1502050669275456,1
43.558675312098046,-17.393596609785387,1.20439956720495,1
-46.20281922981142,-11.077679794337016,1.1367179014794806,1
23.897207755928825,-38.595911589297806,1.088892270211273,1
-25.344796999046775,19.27318628938503,0.8809392648731108,1
34.05834402701987,-28.409077318523135,1.1902131806595977,1
18.86058731783068,-42.24384822260274,0.8648517092697634,1
28.28909052797844,19.190029891067894,1.2161312108688802,1
32.906458960850316,-24.365355210255778,1.0388991864982722,1
29.836709681467127,-30.89419348482708,0.8288610506124078,1
21.427274154630794,-40.27975733593448,1.0558260232106056,1
-41.60718091765344,-31.315762785560462,1.3270297438390166,1
37.947566935385986,6.955893462101026,0.8540613673868424,1
5.685953729086433,-45.02978650497832,1.0155299183321234,1
-26.66634712828279,31.311964863932264,1.0941863567961485,1
-9.314630668528789,47.88161330200136,1.004026601842579,1
-34.15579432312672,-25.6491732895377,1.1029277570090714,1
-8.436524379223743,-48.65070583614698,0.9972222273998221,1
4.501188201730253,43.42912530674965,1.1882020361526313,1
-51.29911172812137,1.4879088348130227,0.9224220653129371,1
40.30747788045026,-15.550047546550182,1.088852729797105,1
-8.421306914962218,46.150882887148434,1.0478904133000293,1
42.23981971287566,9.18365934117934,1.2831791586535086,1
-39.827538141359234,-20.06695190968484,0.8979544909483392,1
-28.20458134614801,-36.847435637075705,1.0040044676779836,1
36.94428263859557,-22.730560944949286,0.9782612203394492,1
36.599986435605736,3.255403131027174,0.9069375984753192,1
-5.801800027323012,40.77448660066429,0.9959238933261497,1
27.694325827993442,-32.64883327706878,1.137621454073011,1
-36.23122285289558,-25.6407183925796,1.208367842483492,1
-45.14692433960394,30.030681286829182,1.118491262278327,1
-51.30612327574269,-7.470511842726015,0.8305395895375479,1
9.011328647298457,25.34827842720599,0.9149007909396265,1
-28.81694134983194,35.95619002831799,1.0405304955763905,1
-46.96794729589837,9.995180245091115,0.831480739653013,1
18.38833012524895,41.991921548950735,1.3283885148611647,1
-18.692610669816464,49.68365115616337,1.0470341807803436,1
25.635287364651237,33.07496008375606,1.407509493594039,1
-2.034986375588584,-49.71699291024698,1.265703435545271,1
-32.13369992401962,-33.8713456262638,1.1078891492282126,1
29.948874630192307,-32.64216671250858,0.9746738040904274,1
-18.479058962263483,42.99193027131727,1.218465397800979,1
-11.966643383088398,-44.70070202149464,1.444397235492573,1
-22.319435928693522,33.056160371696315,1.0184947565494662,1
42.004253623884736,1.0505051223680963,1.0745788772230511,1
21.691449587465893,40.40912654002867,1.1066688591434701,1
-27.953547166347924,-44.33018522727047,1.0522065633287716,1
20.11061090065438,36.627258829168944,1.241583143325244,1
1.3708123376888284,-44.75506452220069,1.1301910531364974,1
3.559412149976032,41.14630312806789,1.110966400148958,1
-45.81432860132387,32.44781471088894,1.2289755711693153,1
-52.72922055739621,9.548135448928917,1.2245644112912009,1
26.45421210578162,25.0198637041872,1.0483255110433805,1
28.599561963210096,27.548911388524314,1.008977674738877,1
-35.136661839640034,-24.157629996756267,0.9537698492950385,1
40.23875624392941,-17.384204328176178,0.902030375282665,1
40.97881478426299,-25.90714259479986,1.0730828571555462,1
20.666254899948797,34.537756726879984,1.041224119691311,1
24.473047387980664,-31.437296277663787,1.0993645252336683,1
38.021411540010696,-16.310331227358144,1.4661742264985687,1
-41.023801778517345,-23.926171176235915,1.1511271475071256,1
-50.188564634925584,10.402507339718651,0.9802735111100236,1
-43.74066339231096,14.309714162799718,1.2908757571563165,1
-10.053884326810199,44.25927613878634,1.3374283451825957,1
33.136351233872,-26.602123629833905,1.1170043045937468,1
-5.969488816991596,-51.61333293633721,1.0691387295582369,1
-14.671608619949573,-46.55278698791261,0.7960814890740728,1
43.11400632365321,-2.460453543256207,0.8656398904239062,1
-43.64895747982445,-14.743253864079666,1.2913106695547747,1
-22.529017903877946,-43.172494316727935,0.9670197455553002,1
25.202058444519174,20.96167894660174,0.992782248674281,1
21.81087961528283,-38.30642183795067,1.2108721905837811,1
-55.262201211775576,10.013084732767046,1.0593035152184918,1
-28.335172570029606,-40.08345164735754,1.1164112495034546,1
39.92685954636412,17.829170450918753,1.5628431509364393,1
26.141494348322773,13.489617951632608,0.8621209829825579,1
44.01503756831786,-3.851400470615478,1.2168101829942337,1
-14.632442553158464,-58.759544471141695,1.2259262747122737,1
-18.68891182440461,45.251905946291416,1.2031859444381052,1
-52.20749667550901,-3.5789081476676077,0.948933275703552,1
29.447433035012892,20.429020438242652,0.9564570777979851,1
-38.983185238419466,26.547239655505265,1.0280129681098602,1
-10.23937756311569,-53.11465738442308,1.1363214177197583,1
-33.223416025936665,34.19782363691998,1.1950779097256146,1
24.696634399481496,-28.96742130790344,1.2481900428852024,1
-28.13690238273298,29.980011408196955,1.174567963052915,1
-21.11397118770576,-41.50218604938466,1.336207232782017,1
-51.97151914500839,4.4139445163275015,1.059015761182918,1
24.191494797941314,31.30120408598561,1.418735743683465,1
-30.710374078020802,49.16333589309605,1.1139018262902638,1
29.723869067414892,23.60972847861901,1.2343094502956697,1
13.040296396161738,-46.47755170612318,1.3269751646125858,1
3.0857458415284964,38.770624571921914,1.0857255109689918,1
17.512216627762946,30.51478111416703,1.0771614083715624,1
38.65429685170553,-18.95637632689694,1.3814653915763606,1
33.49048192466604,5.119306207034846,1.1508567640671592,1
-22.08005292846628,43.998010561839735,1.222320623738303,1
-26.3064041032327,33.48657483201125,1.2120001948615977,1
36.53661373102146,7.920945347833967,0.9685874541973752,1
-48.03839150681465,-2.727667313393914,1.0545959722754898,1
-36.300777343140226,8.562535521106536,1.0143672242216828,1
-41.71307963238723,21.87729455247391,0.9406780420160139,1
-19.019042033762716,41.18703583753062,1.0046178240229284,1
-60.01385330221698,-4.629304757989159,1.1366616355331844,1
21.334924691881238,-31.10637736947785,1.0747365695469384,1
-61.626500560250896,-18.909377046747608,1.017431696544245,1
39.0337725210594,-10.569615891360709,0.9031022174614199,1
18.256609266895797,-39.374952480661975,1.017034123188279,1
39.56436577542574,-4.063711770651788,1.0951423189968612,1
-39.91178870281211,-32.761631549427186,0.9504666484463837,1
39.69815561122421,-20.89388604553786,1.065717321413394,1
38.95361476051568,1.4153279160416454,0.97475642132498,1
44.60352197146276,-24.839722113795272,1.4793291383201679,1
-54.44832547850644,2.299558982378872,0.9570363010562809,1
35.45207923086446,15.321069043050159,0.9559808701940237,1
47.24257054069251,-15.640623190087252,1.1863188909529592,1
5.412038320226031,47.496048298303585,1.0506972976892122,1
-1.3643219609063106,38.978069670512056,0.8939563787459444,1
-2.1847544166386186,42.208202015320666,1.3355426373324037,1
11.806219173512018,49.30537816199179,0.8713409639639189,1
-13.693026638416073,1.934661277419752,1.0479984643356925,1
-14.035643850713232,-48.158227104543,1.3076217991087589,1
-3.9270509635885578,-47.06492993747637,0.9657820884631508,1
25.678194942764055,-35.87181659293012,1.038146942163414,1
20.637906127795247,38.48370687190429,0.9100522622254837,1
-14.77201617299586,45.53518136164908,0.9816921511229639,1
-42.9338424164141,10.762835154196859,0.8415479536718478,1
-27.595931076524344,48.820422324369275,1.007986187306706,1
-32.123580715884735,32.06889064443826,1.0174121733890786,1
-39.418122189836176,9.979165675558754,0.988581313515863,1
-34.41971973405345,-37.186294644572115,1.0434367613983024,1
7.605477008880409,-49.08406122652437,1.2782459179979466,1
-28.55765784311747,-45.808631718881536,0.794024041894865,1
-40.533464651180516,30.20915554396104,1.5314862425779125,1
28.843022151849386,-34.47905954047848,1.4196622149237026,1
-34.264902421734035,-20.92328516845159,1.2205095776180828,1
-42.95053056661205,18.124012263962417,1.0011975363115726,1
-4.023138380782744,47.60504864903377,1.102721242595737,1
-54.59737177539275,-12.496043274690457,1.5753504741334705,1
39.43761818752772,-1.6352765410687942,1.3545934437002352,1
15.095952695320848,-41.02659001908982,1.100637812521495,1
34.27244477313659,-23.32303671895298,0.9578087989454085,1
-43.69366411216163,-21.53350352175194,1.135298600798736,1
-34.07582094484086,-47.70829786129831,1.1838638294766775,1
47.11452742632579,-9.333588845594392,1.3087897699250275,1
-5.845815226193007,47.90345677696602,0.7823677043007383,1
-9.374789747119936,-47.16221098718227,0.9464367350229548,1
-48.0986156926337,-0.6517233514040658,1.1712924377117298,1
-44.8609727640338,-17.052745619351917,1.0445595637847678,1
25.522489092292858,27.252062601788243,0.9852834674005322,1
-36.285137943036865,-38.798540888680364,1.2357290070265072,1
-3.898466606070853,45.684399703516036,1.0881700825217588,1
25.48292501357976,-27.46112894923449,0.8847602101165054,1
-61.88238552995282,-4.833092642022898,0.8615134513380917,1
41.759815682602536,-18.21585108356844,0.9094789605106004,1
37.43991141107937,4.9448939599538875,1.1729382050203327,1
4.254895283123652,-46.29402541443507,1.1072466919271011,1
-45.83474243007559,-21.10789892928856,1.0402541609756657,1
2.3585093311300698,-46.539731632315565,1.1571702340241523,1
22.569295349658358,-36.39913481103593,1.0080856041231505,1
-39.13365349445468,-28.009410082557796,0.7806010143222969,1
20.737528533581866,32.48783061481364,1.1513300829275313,1
-53.82034739363017,5.347473652546144,1.1596988743669723,1
17.967153382801495,44.61350716651283,1.4883753584715655,1
-20.77044049633894,40.34374990289725,1.1063190615934182,1
-40.995750701449616,-27.490904046524072,1.2836308445914264,1
41.706116776068825,-0.8898530374939938,1.1059685046599934,1
19.456752501416084,33.56223342865783,0.8720793630231287,1
-1.2340323813567957,-45.0807454314406,1.0467972903340215,1
9.450838299858756,-41.480449422643694,1.109550979807985,1
14.914438234054453,-42.77759042363694,0.9111434266172398,1
-12.7380482876685,46.708829571477196,1.1167715274954146,1
-42.17180898983603,24.121136438052083,1.3125549484083747,1
28.51377923951729,25.248101557779727,1.1958875391602566,1
-1.1112718684197302,43.799151385385684,0.8694792342959661,1
-30.209048423094604,-44.70989299183495,1.1221896332628187,1
22.071826045923896,42.788144647951185,1.1611019123931972,1
5.2639193767251005,45.24464035708956,1.089409352810714,1
-0.6217421112565173,-47.9822716295787,1.0724917197536021,1
3.508038679396962,-48.622384002409156,1.428795632386481,1
-7.913783552763583,49.604383106179895,1.0248530655244072,1
-1.5412376553474387,-52.798398536045134,0.9384640984984333,1
-45.34245999707515,13.453257361769541,0.9257307125939449,1
-26.984817464200663,35.822288945271474,0.8910766868946045,1
-45.30388793448993,18.428275324491725,1.029356442705692,1
-12.232928917007348,-47.168331823666826,0.9713533637256707,1
38.105971916630004,-28.230900943031642,0.9675453038981222,1
-14.171401995503132,48.51668547986679,1.0766160937873683,1
-9.182067015840945,-54.67531558705374,1.1053244837794778,1
10.858257935106119,-47.45882866634695,1.1454450868440151,1
6.889646857700059,46.54092526482731,1.1881576035911703,1
-15.290432475249103,42.34473074971472,1.1084359510263408,1
22.1061826292685,35.409542508628284,1.0394818013851022,1
-16.982406560625027,52.499936640882595,0.8801090277712198,1
-42.88054584709445,-9.788137664563983,1.0246044894072932,1
-5.302482888642509,-47.98264970322495,0.7707141356939818,1
-11.146140394525856,-51.57387675053283,1.0997654976976903,1
28.29597686939225,-42.988674909921656,1.2599938025758959,1
-8.332517538733054,-42.8714293938502,1.0857889829700773,1
-33.25402948721085,37.336743211233134,1.2465300670178914,1
36.947189211270214,9.80910146245906,1.0002374101793796,1
-14.011187700609828,-51.11792971092323,1.5157101619661655,1
-45.12590533355439,20.943538873561657,1.2523343804789144,1
43.68563984481905,-9.607722764835662,0.9305461814595198,1
-2.5349289164413533,48.47091352346943,0.8288171899823417,1
-48.947981485415355,-7.645216237624552,0.8610730853348532,1
39.57339388573692,-27.25566587993302,1.1943477281514197,1
-45.465050774341584,15.610243668908907,1.0840813845078643,1
36.206317251448915,-14.427573896097266,1.0924915698487743,1
-25.849604082132192,37.29952395089306,1.0729211522865176,1
19.668534910854593,-40.847419570236866,1.1122674504290817,1
16.70325932095021,-42.48734925499546,0.9352531597915419,1
14.113300177652768,-44.22724417503346,1.0362436245175353,1
30.1848176831065,18.458810614382685,1.0080251724308622,1
-3.4284206078823884,52.38044504212782,1.1493341407985256,1
-38.252937919636665,-24.95437969833541,1.0884874456694758,1
-50.91268959850006,-10.264387006218579,1.0129175568747677,1
15.719451545330175,45.654377671211954,1.0575854642330353,1
-31.501061382895642,36.01629047232965,1.2279139637000736,1
-31.18881583800198,33.89747086909581,1.1626437260769467,1
24.34562711735359,-36.83699135259808,1.0403559459085339,1
35.042663279341376,-31.5033041555624,1.0435271290188048,1
-53.57165948541375,-10.347361517676763,1.0492983546888095,1
42.306100748983695,-15.014703365039686,1.153673464842802,1
-16.53410573458525,-56.867682848993915,1.162946268581389,1
-56.33124833009291,-0.07310999134339467,0.9991405413728791,1
-55.187599179792514,-7.400980662147677,0.8798078799789696,1
31.04345180481645,-34.28839604397514,1.063752714092971,1
43.71977482335572,5.822688596278252,0.9716186721493552,1
35.51994576510275,-1.7060418971213145,1.0515560716905359,1
-24.340772731610468,-40.196079184241206,1.2073460820696054,1
-24.32103251197078,-47.605722473838746,1.3947719822277924,1
13.007121992357952,-42.111355013800804,1.5040987514828223,1
42.73801208245856,-26.105489051834116,1.0316628894573465,1
41.90889657623444,3.4225116826692594,1.0157416347751256,1
-33.64087962114391,-32.22945508496706,1.1778708799469564,1
-11.305630762196003,-58.26436251296706,1.1705354738520513,1
-2.5706865527604674,-48.11333716027837,0.9922981078247548,1
-55.75381272977124,3.831941309196548,1.367912660670014,1
30.216439762878778,-27.663535273946888,1.129017517416636,1
27.714953289836775,-29.294129102854292,0.7983359426437042,1
-22.15055381930997,41.76373769646992,1.014229137935202,1
-23.484719668269005,40.2224315639896,1.3081255506317089,1
-5.047076137094316,44.00326254489134,1.1211593813499339,1
-41.610029358874606,-25.824537799385876,0.8654012229197382,1
-43.28401032049698,-24.24604448416591,1.4253804828900503,1
-51.194584314239975,-15.90389676351405,1.3862573790620112,1
-44.09454032520003,9.746360526653476,0.8515408038584922,1
39.208679471778126,5.940709010875483,1.039897813672171,1
-2.2773634934147595,46.63857022688434,0.9700822970580599,1
-50.43336088557574,-0.05431027928367928,1.0899673228439932,1
40.94724071148345,-11.337411939445879,1.4854498837453851,1
38.07914090995476,8.431778903112217,0.7874539229666925,1
41.60623143724638,-16.59311959373159,0.9004632442925359,1
22.893871574963146,-32.78669783217347,1.1200886387707736,1
12.009932455513775,43.963474794500385,1.13288377215726,1
-36.588417382030514,31.30778715014122,1.2650252253938865,1
12.477995551113112,47.76129514481907,1.0438807668817278,1
28.797740746044788,39.13758237889769,1.3260770081742197,1
-48.02944323292961,15.748962037681613,1.2574570582561262,1
-52.3483302976476,-0.3759942411946501,1.0326404686743205,1
-24.183847282281747,36.12869834608459,0.978950051797437,1
28.40511160811851,-30.826514521412047,1.0391882385020648,1
39.63981953501467,8.011183965720686,1.0402334184139854,1
-37.6593652303801,-27.17512001214087,1.1510127115297426,1
-34.84534664336403,-35.12171847877206,0.9212298365295324,1
-55.46437271844971,-3.806941692095832,1.0103872238696623,1
-16.227569637014557,-49.6625726911267,1.3404748668375528,1
25.354836466296586,14.844485817087993,0.9370256408159165,1
-28.133918301453644,-41.9144056493655,0.9110327196531666,1
22.40232354805854,38.82340537271567,1.0055186021741707,1
-17.2980998386092,48.134357103881136,1.0585695145844474,1
-15.1681579252671,47.167407655556524,1.2988499742476365,1
-15.812646699130571,-47.8069714822679,0.9180294087396675,1
45.96654930018331,-6.938347064178597,1.033251218830766,1
-47.8348229075416,22.866020149689447,0.9077146582889483,1
-31.01325832787206,-48.12726287291521,0.9231839112255812,1
-25.552216824111273,48.17343760429,1.0808679847690683,1
22.245143565522465,31.12712073487534,1.028577853508271,1
42.43363579196763,-12.962849077377447,1.0790521391927184,1
-9.734073133150394,-56.54117844809328,0.982750455017132,1
26.679243549116034,-34.41709604906392,0.989275801247415,1
-32.56338004043363,41.784733753773146,1.1637708238313453,1
22.494827878369595,-43.68880211766341,1.0876629895278773,1
-17.49101892565191,-44.918195744579464,0.9421059357348869,1
-46.552446413418785,17.175852873123716,1.0254706505324542,1
-54.43046889581425,0.17546397922418142,1.1431329072353078,1
-35.953025093627815,34.53165292426323,1.3359659239348534,1
42.82825070034525,-32.26531915105024,1.0479823754288793,1
35.714632474502096,-33.37671956450971,1.0315950448555022,1
28.085295330019978,31.826806651711856,1.2079517749837512,1
-40.349752365240676,11.446935787481559,0.8811290723839711,1
-20.737126830332706,42.419461405890885,0.9661705162709208,1
-7.58373290258644,47.70870324592495,1.0764349158024364,1
-51.32131496225562,-1.8116086166651373,0.8601101378785329,1
-52.695502083565174,1.8073153139549645,1.185304755039953,1
45.73474230332339,4.869218954376477,1.1446195246362778,1
-15.962664603445585,-52.26319952605636,0.9645105084414531,1
-32.80973171361604,-36.01076376702996,1.2145127006950542,1
46.80975459685916,-3.2341618470238944,1.316579872932588,1
-47.15594441649569,-14.597193093046467,1.144794744440571,1
-43.8402417758237,25.603662643542528,1.2187170360824424,1
13.381163016715217,45.482281738970144,1.2773535827825095,1
-37.54093612639028,-33.27409777446284,0.9801660877046909,1
17.37015062185701,-45.50313639791088,1.1292148737632761,1
0.8370347988499826,44.000278463612005,1.1140715547910136,1
-38.06656847973715,-35.58842461731787,0.9702426092357741,1
0.8804531814641503,48.83538536049848,1.2714293391226583,1
-45.61771991424394,26.567345027048336,0.971309455648242,1
-6.328097016954809,42.669649493150445,1.085735584679635,1
-6.02606986563317,46.115185582197874,1.218806289795984,1
-26.366148551582945,-40.72196677014821,1.1549084786886337,1
-48.29149024263242,13.18140730624923,1.1082692612213991,1
22.062460621601094,29.158146814402684,1.3442144707563806,1
30.210838871862197,32.586167570203,0.9467550101472951,1
-0.48043708597093226,45.20286321917902,0.873733167913157,1
34.45936410516372,16.648754013258614,0.9229573888251682,1
45.956199351178334,-26.618775097049216,1.124980605284397,1
-46.08804704714187,-24.66079876070793,1.3107864562571236,1
19.167350873345057,38.777539408541585,0.8441745103073732,1
39.63456755196305,-8.679697747789719,1.150307639981477,1
-53.84693284502777,-6.11845174307657,0.9130932729069494,1
-41.57276866830577,-16.675852697308656,0.9239291124728535,1
-1.283950705116556,49.47248671363382,0.9685379400925133,1
2.2308991644215848,32.089855171826066,0.7469895806207694,1
-16.614586107282424,49.5549511510746,0.9862455238203094,1
-38.7189097980502,-31.912776754052146,1.1008060440345913,1
44.000278463612005,-19.608398086428934,1.2853499044627734,1
2.3902491047374306,42.63953740024092,1.0839241225981915,1
19.220907794404113,-49.60863909095534,1.1397987634528484,1
-48.49756023166752,34.23826347848251,1.334473750988468,1
-32.27534566414876,-47.17975738510469,1.0036176426585153,1
35.15087625607546,12.762406154371243,0.9279287337681986,1
13.285129855544302,-50.48823572077712,1.2188489791897366,1
-18.627646898507844,-49.59087887394975,1.0996048986519211,1
35.57621701208424,-26.96160065600548,1.0131468283227603,1
-36.16563274637607,28.89139749339691,1.0280129681098602,1
32.2920224155269,25.483201530763928,1.005465364860258,1
-6.271792828816325,53.652289361581055,1.0069141396583128,1
-5.181558733415798,-53.63826417956822,1.1996551693969326,1
-13.661124096738952,44.74331470216336,0.7353414388712471,1
42.81974996097914,-23.436974367799856,0.970817562360143,1
46.108310297259436,-18.170573180901847,1.4221191248194618,1
-40.0668863273049,33.23240767225631,1.1365232546879516,1
-50.13636341424824,-20.656895735936374,0.868596360984478,1
-22.211511655758024,48.210817148736226,1.048149225522014,1
31.303520548822664,-32.01284301802676,1.0265415620790268,1
-24.916496422582046,34.49059368617263,0.9285521694194473,1
48.38488855669674,-17.567286491372272,1.2091581171584227,1
1.0112948556269918,-48.30013378840701,1.091940125893737,1
34.40048898803114,25.490022287973805,0.9249227456751439,1
-40.79835925089887,-35.01520973157161,0.9537698492950385,1
34.3491627900268,-34.08178910739951,0.7747055989596336,1
33.862569073205904,14.122871410486773,1.2550203775391717,1
-55.18396638519162,-5.411047558062137,0.7289373208979087,1
-38.55046837660441,31.638809531114532,1.1910212035121805,1
-0.31249299157066546,-50.565376641372964,1.2324586346060225,1
5.555274221633513,-54.68193304300548,1.256153116274625,1
-6.761928178945057,-54.65842209959264,1.1287876546459379,1
26.865394975682243,37.25981641774083,1.139440969877079,1
41.941262380879444,-24.62762279824958,0.8126852710253566,1
11.056676182122356,46.31148580568251,1.2377517228832415,1
-7.87953148938353,-55.957751635186405,0.9944849314889113,1
10.713936913233415,48.15384832431278,0.864815376155006,1
-18.111668176185844,39.852831782679175,1.041882584612696,1
-2.173199419231957,-46.44120064667757,1.0231368652279358,1
-28.0050883096705,44.84703725145846,1.118121413915042,1
-26.600512121299676,45.84104501553627,0.7788378757061819,1
-46.81128302873393,14.24078188524737,0.9704387386260103,1
-17.663085790373962,-48.071079825380366,0.7943968888473102,1
24.05666858013917,39.84146385399604,0.8744726403384657,1
-44.64872495595086,-19.68176144316398,1.050472225420544,1
-52.20053381919058,14.172894036142772,1.0010215464783374,1
-4.061219848801192,49.84815959222916,1.4380490590509496,1
30.644127473619836,28.82264426072131,1.4264050482433526,1
-15.421877616479748,50.050030171382176,0.9552684888899334,1
24.65641515005278,-44.94316749703258,1.2042201961795291,1
-23.31686509630713,34.434805922743365,1.0033163359537085,1
-31.522079292835137,-51.673404637907886,1.000599715753714,1
-33.99501346190827,-45.5919442746589,1.31013619430119,1
-44.55861577666424,34.092343331713764,1.0781389266158266,1
37.29305844145456,-26.35673211732374,1.0452404521012988,1
12.552423129113706,-53.31405522580552,0.8092045523134286,1
-49.771032568394375,-8.93709388685746,1.0053379812319256,1
30.227658239072934,21.57599276996776,0.8482149871640499,1
33.97973352764668,22.270198587584705,1.3112851194342445,1
19.68204521240261,46.202172357998585,1.0174943477667786,1
22.845859043334638,44.70216110362463,1.153791426890072,1
-51.80001821443977,-13.285129855544302,1.0293446284514827,1
-47.00736604699135,-12.72315996816735,0.8417734981492628,1
-50.32784932331802,-13.777711458349698,0.9506127498742918,1
40.48956652011454,12.956761551567654,1.4264947528214518,1
41.306064665801536,-3.136166525213624,1.369149736566535,1
-30.53794323346685,-36.94529715190719,1.2077330607402905,1
23.271357856797437,41.238511239598935,1.0439240090819115,1
-18.161914420965275,-46.47567335418613,1.3342033859478726,1
-22.849213255127765,45.90154983595835,1.0843315873477561,1
-53.419590703419466,-2.2743473878485396,1.2284093609934221,1
-38.2981467510184,35.03326342331153,1.298833078771479,1
-42.12234899746148,-29.197821805986898,1.0513392093281788,1
-10.985444147772382,47.774586104042704,0.942531547019284,1
-27.823573848404106,-46.994058007092434,1.0068644293954703,1
-58.68991590795751,1.8730083496548182,0.9078220699605379,1
-51.966021947105276,11.562791974058152,1.3792434124684263,1
-40.02152655692821,-25.220761000444234,0.9536062625211119,1
-46.54399460557174,-22.70544815704019,1.0486281174172523,1
-28.652689354628194,-64.66136860750046,0.7392270008975274,1
18.18580055857288,47.589824776744315,1.1246526253616143,1
-49.913235518589794,12.151924989721527,1.013844272312474,1
-25.39670192796592,-52.93922957588109,1.174555105773789,1
6.340561521190108,49.551208934949585,1.2761562537687792,1
44.43367238588541,19.00614027058448,0.856043129347818,1
-14.660142611990423,-56.38642139809431,1.1969029399968076,1
-36.9011491001035,-23.8666820720223,0.7696768540693101,1
-46.144077561515985,-18.47286739255024,1.0357013386779919,1
-39.19531078764675,-26.553548855924383,0.7696768540693101,1
-3.988109857457798,-48.895319485270086,0.9239145469018925,1
-23.354519490344888,-49.73348388573796,1.2494066909829036,1
-7.600981621013427,-53.03976279545185,1.0076963291893692,1
-36.569674125562535,50.5627571019148,1.2373564674097355,1
40.27880650491517,10.863184968569747,0.9016383953427238,1
23.93397824983876,38.13964573037684,1.087673585989441,1
21.38252217408267,-47.16147374357208,1.0349612606996772,1
-29.19579214746493,-43.3421737691645,0.9468140512360539,1
-31.989590040840827,-39.87042933628068,1.0010604741985105,1
-52.16635252453653,-17.75148569034137,0.9463517494430143,1
31.62371690249094,17.89874472705852,1.0803005644777692,1
25.161534620745982,-39.82531002733733,0.9976885177949374,1
-10.991020065066795,-54.818870527799696,1.0086641489047228,1
5.52502648866582,-50.75922256127776,1.3855392735290142,1
-58.54880789573232,-0.4965662341515929,1.224799972029196,1
28.486039892413718,29.45686100195335,1.16369515182679,1
-43.84986303991863,22.75695838042472,1.4301961483815298,1
-3.180284623438082,43.73021910783331,0.9890359362050751,1
42.924780463705574,7.674705982031976,1.038101963016357,1
-30.459114434301846,-39.25021788318628,1.1795896915442081,1
-47.734557776556336,29.196649114396415,0.9893860258798317,1
-49.487108711902515,14.826706244442361,0.926109477751351,1
-9.19241093127611,-58.7415370841113,1.1214838143864776,1
-45.68921216428827,24.624075682766616,1.0686652458024308,1
9.511690214426709,-50.90962025775563,1.12569437865654,1
-9.645296715090527,-49.97590122545557,1.011211484337118,1
-10.49274595760537,46.157053049055264,1.0249710929575728,1
-11.799720507614806,51.072551095606634,1.4580426338224035,1
7.0577252357579106,51.05688466889019,0.8490060480752012,1
-56.10147407158508,20.62328412952655,1.2958981374685048,1
20.916224243734323,-42.49441017971272,1.2048144438175667,1
-2.4529148116032053,-51.64421580925972,1.022103147962501,1
-33.347796930571654,-40.28922907570367,0.9023721528433105,1
-56.653012632653734,-5.871294689424147,1.227794221380706,1
-57.622609503719794,18.65050799576638,1.1060676601214383,1
31.480972376388408,23.835756138763884,0.9622703211335762,1
0.1446131696902544,-46.430468348549624,1.024342162883143,1
-52.10600419357951,-8.941015599933795,1.0488998703075259,1
-57.42267605800518,1.2533141373155001,0.9427855794941347,1
44.10070636266706,-13.556301459799847,1.1070145580529562,1
-19.663106243216518,-54.338130708945364,1.0677540330407493,1
-15.14281992129862,-54.02897988840754,0.9649325763334813,1
-55.87169981307724,6.517233514040601,1.3989531919235954,1
25.723192225178824,-32.672603027948895,1.0571823214579787,1
-43.23933773738476,-16.87153646386249,0.7799193005309318,1
32.81404286789675,-31.473376533131958,1.1876203839756934,1
48.794937495157846,-36.35750374703418,1.0782755382830491,1
44.98548048462773,-1.9182079084676287,1.0991295138147148,1
-53.03361909870031,7.361377447703101,1.1809994116443048,1
1.7520820082879958,-50.09931430122185,0.9896615647434149,1
25.115520087418822,41.18032165465213,1.101214683881123,1
32.32476205013433,30.738424442046426,1.2013888878162402,1
46.78149113530595,1.3252256042106565,1.12427513624781,1
38.52687658107849,10.97903184288377,0.9271419940175525,1
20.632683985556422,41.98602360006926,0.8612453234000735,1
33.03543248404073,19.78886614041381,1.1759286953898846,1
29.703545054377354,30.7618992147771,0.8931059631825488,1
-46.19715910144932,28.684182889360734,0.9451207792554062,1
26.417682337850206,-38.13616952175013,1.358066298855922,1
43.542558899638514,-0.4366384736454019,1.0904139220904252,1
43.568912936456606,11.154495822107952,1.0637843711489001,1
15.542965920827589,47.64651401725837,1.1670900493197618,1
-43.438728622866755,-32.429503303038565,1.3395691597097255,1
40.61334621158088,-13.655155934180309,0.9080991121300637,1
-58.14333168696159,10.050012738598667,1.3760590465801503,1
22.82981329683368,-41.980453315014515,0.9397689975244358,1
38.07863246608566,-30.317914729532024,1.0159907564783923,1
24.71162151170797,-33.93281361136114,1.0055758787381777,1
43.099838424709645,-29.967285942403745,1.528589670905693,1
-11.970940460130622,-56.30603284328263,1.2026449925846376,1
-48.79501220837019,-25.536789201138276,1.101683009595843,1
34.98139014373932,20.73074421204083,1.0543575371266622,1
5.593494575796946,-48.23866857400992,1.056559424466354,1
37.429858089122305,18.517102009161363,1.0377836207327782,1
20.037074926209428,40.33164893881282,1.0548130658333164,1
30.28508281409176,-36.16563274637607,1.0249108138928889,1
-26.596012741307412,42.920000162671464,1.2050439743537722,1
42.058330184914354,-5.037358744210367,1.023717533792752,1
9.714517877107177,49.361910629462166,0.9724134804888213,1
-6.4838118037121895,51.089261950770826,1.0918321239221411,1
-54.91537395856917,-9.35942654156576,0.7770066441337117,1
-50.22076167265332,-7.236728666943932,0.7770066441337117,1
-24.901631673368563,46.11950277450979,1.067318641173194,1
24.08574874476318,35.09525332353462,1.0444480616762273,1
-27.278117413994966,39.380542379396495,1.2023407232811756,1
-48.131904777127474,11.298394852688606,1.0917435131565705,1
-36.705167545812856,-31.407374814025182,1.2392114082451844,1
51.84542814695117,-18.052365481555473,1.0669066222782424,1
-15.70457105975336,53.23860487640188,0.9804645787525175,1
27.678582605067596,-36.24535335542415,0.995711226351192,1
34.090144534981604,-32.69221722797585,0.7654190025780735,1
19.9182358086952,43.584590311060325,1.0132314062303285,1
-35.13820577734544,-27.7309375860808,1.2332717844664693,1
37.03543275767303,11.880373593303188,0.9935518830656473,1
40.02444124096851,-29.505346539639078,1.3242082690536865,1
19.65315930561878,-46.462145519053195,1.1132316561798699,1
8.7562622836772,46.098248904666605,0.9314038857918706,1
-22.15166072059544,51.47921153377818,0.970302319162406,1
45.0148660985817,-22.846872294813814,1.025247522599618,1
-42.36746703316527,-36.068201195179554,1.0002519535180723,1
47.61698497415106,-0.5550391179539951,1.027173762400332,1
-48.540739406066955,-21.74324329998845,1.4614205284229758,1
-24.25162855705493,44.19722782804734,1.0612567342492305,1
-5.668678204677813,-49.59631141091618,1.1151261548561193,1
40.67700661220641,-19.44029484102709,1.0771234760215076,1
-57.610673178602504,-25.094134171583676,0.7062879882764125,1
7.513916661334357,-51.4754020683152,0.9393828742354987,1
8.926907298803808,-47.23102502755185,1.0918078800664048,1
24.48604471977506,45.5974250772228,1.0733887939143536,1
-24.181697260987324,42.34567026555981,1.2243636975985939,1
0.2026964839362151,51.17699394038294,1.3165510844362491,1
12.927255818744584,59.429740364248374,1.2929048585046112,1
40.9131866985272,7.053651964811632,1.0336516177726114,1
39.374952480661946,-31.959510501545257,1.206036305610595,1
-21.45256031705032,50.174342630530546,0.7849033597331203,1
35.58115618109834,-37.33579597334002,1.0886648654521327,1
32.32356841762262,27.39386614418166,0.925140698096078,1
33.30807651329676,38.46170424593809,1.0133452128343257,1
-51.66312790879621,-22.06972258163748,1.418634609208613,1
-2.265047433670193,-59.09285337577562,1.1977768676086136,1
19.407087372431548,-44.22913454326468,1.2906476639340898,1
-22.92953498537456,49.71377515893164,0.9251726986467057,1
-0.6756371613804265,47.39400207303751,1.3058611613578375,1
2.879324320727443,44.76970026294896,1.212407750431713,1
-42.125280726437644,-48.377925700378306,1.0488485144284465,1
24.929292596417383,36.80371537647166,0.9471863998811844,1
43.21800473079217,-11.261160855070987,0.9639216100547668,1
-14.015001029628026,51.56036061767944,0.9884766483684472,1
-57.55560331499318,-10.265782161102425,0.9831810607089624,1
-56.27380476546596,-8.81134330451811,0.9665028334309618,1
45.83518498450261,-0.4142309436890285,1.122636856120097,1
-46.82381617010708,19.29101120156019,1.006428096674493,1
-35.16929683763118,-41.035458072546845,1.2767343488831213,1
-25.933158357953236,-44.022659073206945,0.9810310760603339,1
-17.448246815277848,-53.63127495787303,1.2681568550709015,1
41.831359302272865,-8.831864729338152,1.3659653449926386,1
-34.43928204466234,35.71945291349176,1.0866936266005243,1
32.24933939579947,-38.273080468272084,0.8419802643985436,1
-35.98802022863079,39.873294054308865,0.7823796373534301,1
-51.80183461174023,-19.782382999279882,1.2221281718583368,1
8.013036690967155,-53.95789820738297,1.3462083263823847,1
-29.89154217497468,-41.677171187659354,1.0544620515522758,1
-39.59902985672747,36.65943851647838,0.9427235696239438,1
33.23462140646627,17.742568830866375,0.9640920899427846,1
45.66639051123384,2.731429064339977,1.1192258857464557,1
45.224851186500366,-8.41699389060304,0.9556953663207871,1
-47.64634000627088,27.126964362779894,1.3116211577943806,1
-50.98776808043528,20.08251594145543,1.202290565649743,1
-12.975979035006475,-60.30112086003978,1.340497476751371,1
-55.482555840221,-1.9886924323427801,1.2761575273865378,1
51.52123755676558,7.79060067755316,1.035023257243593,1
-59.16559787254025,-2.876508788326556,0.9369297756232502,1
44.0405635608829,3.947939532543826,1.0786721090344424,1
-54.201360316976405,11.351445186543257,1.0890832343112042,1
-62.530213445524694,3.976731884347028,1.1986019548192204,1
-34.87722581321574,-49.280311879245474,1.035817758375759,1
33.94094047101548,-30.139220921158444,0.941167375114329,1
-44.41135582255005,27.796475164354035,1.250205242958708,1
-8.032204462479875,-57.66784189363794,1.080768485264421,1
-60.737531269905,-6.141239272845951,0.7848293234604673,1
-60.37471089924115,3.1332853432887506,1.7826600648936248,1
-8.844038455926324,53.9560818100825,1.195117884532849,1
-54.836410114232244,-15.368764608831322,1.1716690906420348,1
44.168264686218606,-5.866001658376659,1.0603538577978062,1
44.09633362046807,-27.654207073091214,1.2355754106892347,1
20.821951356968604,44.66879332102568,0.8744726403384657,1
15.214250635529938,-45.667326693595946,1.0423904470165881,1
21.878800034921113,37.31150060143304,0.9070650003332498,1
29.158353404645123,17.132804257102894,0.9370256408159165,1
38.35141260185431,13.163185777319018,1.2484013040504023,1
-0.6007264313339752,-54.02216109118535,1.0973982442160073,1
10.790056959484298,51.69965260190173,1.694135131454816,1
19.457272764652835,53.44783891612167,1.2001900008165003,1
23.289846186462817,61.41239272845951,1.0265295517089195,1
-2.086071752998459,50.92633111291985,0.9508273943276142,1
-37.597225322732875,33.22161982578927,1.0470816555524671,1
-44.00803707493828,-30.19651528172146,1.1025263682317827,1
-59.915378619999345,0.745025626070868,0.8727721364850667,1
44.32554332305817,9.160333772512631,0.9722065497606157,1
-38.302897215893694,-42.1194409114609,1.1253594821462576,1
-1.108193552994761,-57.59308280474544,0.9332875215819857,1
23.51613105015661,-40.60957684575433,1.1003176531263321,1
-50.66476990165399,8.40810310381661,1.2041463427044388,1
-42.83442086225205,29.398250585031267,1.259939219076628,1
35.4404131621649,36.334286263872926,1.0789775973748614,1
36.2534737198262,13.857295005188323,0.9537166710415258,1
19.165475165112333,-54.03318602202029,1.0156306197982916,1
-36.858829401960385,-28.792043863602448,0.9494044743144657,1
9.23093108092373,47.56599610707394,1.0183026573304848,1
-57.69639769535394,-7.557321479942671,1.2708006053834573,1
3.7428517646194583,46.44668255242396,0.9566651515223648,1
51.450566811216305,-6.197840556466656,1.0974157713202863,1
-55.83145859935461,1.548211581389724,0.885698959597267,1
-43.888314098898796,31.372341412556345,1.2177085614811756,1
17.653388153651242,50.844814746265136,0.9162524423213989,1
-25.226706955886385,-42.206606888236784,1.0101913127349331,1
-50.43288793684467,29.977855318393587,1.0400482770618178,1
12.672022128911587,-48.46938375904728,0.9081916138595264,1
0.43524181859502226,-52.0763417819475,1.0470815061884757,1
-20.417626673357976,48.70454696040597,1.1641004381193991,1
33.56375259730912,32.66763298912853,0.9405453643227442,1
-15.641971806447346,51.615144411151775,0.8960877083990815,1
45.36033089284178,-31.37279421308766,1.33962630406698,1
-47.28512372450848,21.150225766382093,1.0752317518690802,1
17.668387165115714,52.647549194833104,1.256692244768857,1
-31.34677914552434,-43.06294537731814,1.0676972263457543,1
44.87964009955558,-11.669014257426953,1.057398672300568,1
2.5066282746310002,-52.08626105961181,1.1855457487620593,1
14.023192625296767,47.21512869520225,0.8542355320357418,1
-29.7486643633207,39.2888915765663,1.0278715993590108,1
-44.88393043464264,-22.850056527886245,0.9428171768603714,1
27.45340897528999,34.11054732326351,0.9726255152414186,1
-17.842393388889384,51.08455091181498,0.9946657506979834,1
52.566470601258644,-16.31010410054653,1.285700220165259,1
17.616436065384626,-47.52640933061396,1.1998530745399811,1
39.18417021753729,14.86987595361656,1.0146799932109267,1
-19.834113994396894,-51.37752420235341,1.2470336721779407,1
32.04306477736627,37.046294813529755,1.2547515316295517,1
10.96819236926376,-54.35996020443014,1.1959462636157785,1
-36.06582336598622,-36.46232638397331,1.0557304232853577,1
-2.5009313921886624,-21.801969106847366,0.9646823517996225,1
-57.13000138960959,14.703205514282175,1.361742071102118,1
-38.07687712415663,-29.655799753908205,0.8966109683587645,1
-24.103209777635982,51.300126557382335,1.2466357406757305,1
45.54172222667546,-10.28181783019937,1.045843995428564,1
-42.57218898121373,-38.19523037858883,1.1441539799012113,1
-36.21351297921613,-46.52338405661147,1.185973678773346,1
22.6773900421541,-48.18802961896687,1.1847277935790974,1
-42.55162177485779,33.325301548619855,1.2729858194890808,1
-37.59106869188291,-37.34597614947455,0.9694631551670227,1
-2.6319596883625502,-54.744508323165846,1.437820641879308,1
-44.9978338808182,-26.309956005646153,1.173668559733274,1
30.455533536766655,26.242586014947076,1.3060089546047458,1
-40.624829258529125,38.36886381136126,1.2429875507442292,1
-38.766169135955636,-46.081905883873524,1.3984008180374055,1
-43.28597268202905,35.22395662664609,0.9456798063608655,1
-49.93229364593557,-18.72089539748894,1.389224067342337,1
45.35857800593643,-16.2930837851015,0.982540846405238,1
-23.613264707993682,55.63475228226334,1.403776838800441,1
11.328031625736262,-49.587855886786734,1.0589959596105438,1
-50.338993703471985,16.919740853759254,1.151276611573639,1
-52.62462034704967,24.940951332578454,0.9590919887894335,1
-45.61040346246939,-28.729029368015706,1.4372489095226748,1
1.4860724771026685,-53.576195288958296,0.9888987064034763,1
16.937970877574763,49.227900560775936,1.0964028380213215,1
23.687637195262955,47.18008612323909,1.116920986315872,1
28.740059811316065,33.19715821214431,0.8036889354281639,1
-31.45102305154867,-41.31997665852445,0.8684301443026516,1
-48.58901018666303,9.261331835741899,1.212688573352119,1
-19.76938141860291,54.516526417145684,1.4003417626106944,1
-13.483571260619247,53.59223472583465,1.3732388983586383,1
40.687134403215,9.60494379779062,0.8540613673868424,1
41.85353039126732,-27.98829513502271,1.1920717790819693,1
-47.9000136062591,24.951969478840578,1.3484364161164881,1
-31.37927247501031,40.43098568895558,1.0537986347776125,1
-13.251310267711986,-54.79370045092193,1.1171901600293506,1
42.96082348464799,20.19228332341639,0.9095232717380215,1
-48.01259796247995,-18.146388732833987,0.9759734394154916,1
-52.001270953538736,18.26318095151092,1.3564617856536862,1
45.895008774291114,-28.772027790156365,1.2238625032176493,1
-49.72076227607349,-23.812968608994503,1.1770940461364179,1
3.370398828726816,-53.86879655602271,0.920475686933745,1
47.86922760935026,-28.071779197166588,1.0519762774849417,1
30.881660343453937,31.52085055348483,0.6942150899546327,1
-27.823573848404106,41.333435894087735,1.0941504403230704,1
6.259476455611576,-52.66993543477007,1.0295721409911758,1
-25.807826944221684,52.25797738381756,0.9915212101494205,1
-22.141883092573845,-47.78956434147188,1.2109149397663364,1
-12.41804109523827,-53.15842390985314,1.055836347319151,1
-55.544954390227105,-17.78356352070901,1.142246058100316,1
-65.02488641836888,4.403801831508594,1.431714644338874,1
-57.559992716219256,-1.8799712059732503,1.130571933037912,1
42.85194973130543,12.78950108306044,1.0061935331274012,1
36.47144139588106,22.522055047559544,0.9278262844364232,1
1.3714837559766662,46.193578203914136,1.2287412202456791,1
-10.216831171227462,49.50126651974999,1.0662057311589017,1
-26.602954862496848,-51.28779417571081,0.9993375415898562,1
33.20354083043622,29.234712728937122,1.0869179742083148,1
-27.069220622359506,47.22629554024125,1.0526626819935379,1
-45.36495851427185,-37.30364198305856,0.7632465836594889,1
41.22492010577221,-31.376149739449303,1.0870581441402858,1
-8.248785940594905,-61.099064194130634,1.2172135826704846,1
-8.982084650761095,51.22650758531391,1.2661895751645702,1
41.11637705580955,-33.35606054026824,1.0129776998736915,1
-56.19860591722704,-14.262714882650387,0.9426240817139805,1
31.77978998374152,14.067860005452658,1.0709146495242035,1
-55.5378160380211,13.10646592533125,0.9961200773505223,1
-46.34862344825682,35.50078959591754,0.9696262325179394,1
26.559986644389305,30.66921332411226,1.082809757598091,1
-32.694504893937065,-38.02640063065216,1.0834963139336033,1
-54.32699013883589,14.833669100760794,1.34547493689099,1
19.47764107037135,-48.05320340116476,0.9622630681566716,1
-4.6436082024334935,-55.931126469693616,1.2728624104916366,1
34.889132297520234,18.592131905739624,1.1464076331118376,1
28.575562330793403,-37.474092705733455,0.9863661466616266,1
-59.4930316495992,-13.557278068218526,1.2255737239499356,1
-5.254278498745749,59.97590190953635,1.1153370941831595,1
-30.320918314610537,42.12992263064994,1.0464691816425713,1
56.39276339544843,-1.7397699634938912,1.1334244749273847,1
26.492673597826204,42.05167338821437,1.300478005109277,1
-14.106746901117809,-53.17533370376931,0.8704052584457274,1
18.771860634458832,49.23435702754392,0.8966341603000915,1
-41.72979048755142,31.758980239574786,0.9647924662423824,1
23.159454808822844,36.480393639719004,0.8391950160990378,1
35.14014326779925,-39.92501812981711,1.357122569366959,1
45.2747198963851,10.582984575492091,1.042421433285618,1
42.13414254357016,5.461411301392989,1.1405666967681243,1
5.670296990945582,54.633102622071135,1.18534644210351,1
-28.321318605795113,54.62659189927985,0.8765451207076942,1
-13.18828285402447,-57.76638796535988,0.9552053999766542,1
-36.33775455456741,-42.850810354816964,1.1176653790559876,1
-52.93389195629545,19.98189215141659,0.92484157956186,1
-4.374663155486963,-59.35337664572692,0.967552562014401,1
0.7557864040175255,-54.952128038842346,0.8565475534193652,1
-53.90959855189355,-8.357326542917457,1.0016592611348294,1
4.408396248209736,-52.80811871619353,0.9824644850289949,1
-52.10802729953159,16.06629360787298,0.9575554639629651,1
9.562049624107075,-49.156946448474415,1.0629643414665748,1
3.551056722393908,51.97354470321011,1.0021349708825493,1
-52.85450670878983,-7.246726614478098,0.9707489549217605,1
-37.56182469534555,36.640638804418636,0.9376644768459694,1
-48.62613104914079,19.622967424439736,1.0404686122755837,1
21.464847710553403,-45.240954139038635,1.1814880467423974,1
-5.213347051886049,52.32036824109183,1.0718165089687797,1
26.736683391617383,28.602272304211603,1.1339332723367792,1
-55.76690882548502,18.407006963373632,0.9680361140878121,1
-29.531521545334066,47.98718658697996,1.0122976117273932,1
-46.08398103692812,-7.766749729727876,1.1367179014794806,1
-25.900009107219883,44.667026015544145,1.006519557234442,1
27.386442332218454,40.28640735531946,0.9227665903793193,1
-53.03763542583041,-14.435559996513,1.1818726982638257,1
-6.4681907869282655,57.94125748728572,0.9792967965377013,1
21.70583421563282,46.36478986731529,1.1794896188459738,1
25.619469675883753,-48.572405480306564,1.077796112911823,1
-39.152141078472546,-34.23636451766842,0.889706471558117,1
-6.877055959915038,-62.81125302365682,1.1514712751202671,1
29.310839958018484,34.58311476232571,1.1249615982895123,1
36.308510558030015,19.67703195585335,0.9289159504730732,1
35.42995500008366,32.55968910251321,1.2259518556879772,1
47.012829491356264,-29.750967751464962,0.9070160618531566,1
-19.634365942668147,62.97770208719184,1.0211932862967996,1
14.584019052398535,-49.60275542548209,0.9734929538001774,1
-59.60312129433483,8.782839839187854,0.8966541099324832,1
36.467755177830135,16.978720342574103,1.1947927350779755,1
16.41164052782055,-48.91312471036708,1.2339181265256711,1
47.80956231252592,5.916808601745262,1.3061564492911035,1
47.82053072878275,3.3443698295734725,1.228593007009774,1
25.788781484291878,50.74816390712498,1.2065288599936914,1
48.363647438054485,-13.623048730542038,1.2851947383536255,1
-39.66271590074709,45.42796093239842,1.161221545616909,1
-16.846630862415857,-61.971161948012664,1.3838636661416874,1
-42.8831326667793,-34.523307491211696,1.0603444087689853,1
3.5979286332203553,48.57050811659995,1.2724958158757873,1
28.946999066034184,41.39354782606559,1.085875403947722,1
50.03327697005348,-4.458217431308006,1.2465948798616684,1
42.3525842939938,-34.99711272252282,1.3608769671212215,1
-61.806080816298625,0.3258616757020187,1.3164961195254692,1
-27.64164115105185,-49.86977381866677,0.8526596410154478,1
-47.187277269928586,-19.961116493644866,1.1058240072858148,1
51.98228428838222,-8.5960062728294,1.0939494984120255,1
-16.20733071254833,-55.03368340854326,0.915092998640092,1
9.149193202403152,50.956714485945646,0.8268328084718359,1
-53.75806147892722,16.988103443067367,1.0518786797382595,1
-40.95698672943128,-50.30187284099419,1.12808943230413,1
-50.9382674380371,-28.392936556498867,0.8948060445651893,1
16.013498323700347,-44.19699828333352,0.9496262277545802,1
-36.057648791815,41.37329224404837,1.1279816290716387,1
31.111523489489244,35.03679670252843,1.014307217136946,1
30.02169402769589,36.302726031242436,1.0368378132394418,1
-49.91452317010074,26.568542842407346,1.246743188942299,1
7.239381183636682,52.633225604692335,0.7534070428764031,1
7.431108405833163,53.97084003814873,1.007777366526592,1
12.653557829485319,53.14297690087783,1.0404522693701705,1
8.213385313207574,52.1629343950711,0.7803284531762332,1
-37.34353914976308,-44.28376618514766,1.0160608675652205,1
24.479413428043213,-47.158431150895126,1.1231157277113417,1
9.01904134968194,53.926250977494256,1.0838858362537904,1
-38.978069670512056,-44.02081596418148,1.0789080138243867,1
17.36735304565766,-52.74065253074799,0.9737654393658823,1
-48.07771324423065,17.794146065839836,0.9493616100123984,1
25.989498653093115,38.850973025601185,1.2167781937946025,1
26.092645404706207,-41.69245452286022,1.5072495088053266,1
-10.768606995618708,53.08774830060606,1.2780413354915847,1
50.611395765594374,-12.141079001994775,1.2923998366582596,1
41.05021571087368,15.54527301650325,1.1140863484704977,1
24.352185156444186,-42.959528069518974,0.9314282622357244,1
48.62149429687548,13.741525381019569,1.0198272931812926,1
38.7482954120042,16.319194496295566,0.9786168658457212,1
42.248622752649645,14.371335441217745,0.9598822862081945,1
37.2568515885988,15.237514767229115,0.9839171573684534,1
50.894998259486954,-14.326947232187813,1.422297921981508,1
32.025258128420845,43.9091416861796,1.0951624632569823,1
-22.134233757463473,-51.5359242801775,1.2035423680570057,1
9.31630175404521,-52.66704519252468,1.0895074776321434,1
-34.36292467075028,40.887530620892704,0.8745747281855937,1
15.598538867339153,49.8871248073957,1.0354605853766987,1
53.520370014563596,-21.50108606954636,1.1398891753750935,1
27.755685999299505,-39.46895104096064,0.9746832689324331,1
48.048350501306466,-1.926390248096055,0.7507728923042122,1
-59.88661899607543,-7.50353724818888,0.9788732787103192,1
-48.66479538069718,30.59479066313504,0.98673750871567,1
-29.202219399451156,-51.40312707219215,1.4486688257301459,1
-53.56380853647809,-16.67380751360678,1.04999327489312,1
-49.962812818325375,31.937299871263697,1.2654296509205756,1
-50.89290940259141,15.165101061517552,0.8543974814389115,1
35.318392389550816,29.371416807988737,0.9130986295300968,1
-58.61171767545834,7.278862874409254,1.0432515163056433,1
-39.69872529946847,41.53169722529239,1.0266651273502363,1
29.42621596867349,46.70595130868292,0.9781749117531456,1
31.92768030123249,33.50327521671481,1.106663807433855,1
50.458427168322025,-23.64206213572422,1.0744106705763232,1
0.3217968730945111,59.19368797186048,0.872949797978084,1
-60.46671024303055,-9.36795348818913,1.09373553105955,1
-51.8256789544844,-24.270997957358908,1.0930282158278695,1
-25.412436174711434,54.417706209727285,0.94701202472173,1
3.617122893973343,-50.50273036573412,0.9301505705141183,1
43.76531875238929,-21.863140549465964,1.1149295791518032,1
33.700415344336896,-37.61144220023378,1.2194780330702433,1
-34.53131111131666,-39.17859993248253,0.9978113611517948,1
28.375960449665378,43.24552694300114,1.3045385241400163,1
-38.67727427755632,38.23610770122127,1.0202871131405293,1
48.824862251232325,-11.154495822107952,1.0436210377002608,1
-28.520729837285852,49.70957197127603,0.891795582536103,1
-16.617470973583153,45.94502178676586,0.8756503318817184,1
27.83580130340229,-47.745154904221465,1.2538619998376443,1
38.3445763429235,22.211005266207604,1.1000617290131838,1
-43.465425777841666,-28.071779197166588,1.0370650902365655,1
-26.171477940124575,50.227513533325755,1.138877089968801,1
37.972245413476585,-33.90452712477158,1.2607591059056018,1
46.405012097705246,-37.27975860354296,1.2992026780418033,1
44.14860485661368,-15.41084893157942,1.0591400492319112,1
-24.41419611544584,57.843172033061045,1.2027726178391311,1
-35.594121499760206,-44.53624540991123,0.9610627875755838,1
37.79356493681387,-35.88164650773258,1.0511106021065277,1
-54.370333919418044,19.254038434509372,1.1390406677586593,1
-24.30593883633861,49.06585590463817,0.9862455238203094,1
1.0035936513090147,55.86671325620257,1.639691697495614,1
-30.18307394169807,37.599424119465006,0.9967844069118172,1
-20.07219453091284,51.440435657089246,1.3191649889196104,1
30.60036094818978,38.12024577208278,0.973078723453988,1
45.97969216194758,-13.901624917683284,1.2181024549671637,1
-36.06652452074835,36.81851300313768,0.9468335959431878,1
-3.6731745101323594,-66.84020703083357,0.8390706108934732,1
-26.095044767356466,-47.511050088735075,0.9741625068864012,1
40.72806755854149,-36.66640137279681,1.0375462633894135,1
24.741560447096454,52.297380820710444,0.9916731312044874,1
47.465629595774246,-31.277474436122414,0.9715012585710859,1
14.55372831160754,66.39813750397559,0.9108692438559386,1
-11.998961852493345,-62.48196857962487,1.4149297101831524,1
-19.623318492825558,-47.92583738656093,1.0828260868598982,1
-24.37213953179682,-51.58351762851218,1.060233854171589,1
-14.958031769265425,59.37984414924783,0.9678601986568361,1
15.625878317883554,-53.65290373125618,1.1609865954050034,1
-24.818177702800607,-45.28044933244142,1.0135178322431275,1
31.385411767678164,-37.20725808295014,0.8485325419433367,1
-56.832099244815595,17.204584975876408,0.7227848413124405,1
15.869344243437702,-51.23369148469005,1.3061001154422567,1
0.12533141373155002,-59.17963680235301,1.264992477974945,1
-66.56291701657035,5.92041725817607,0.9198615154959422,1
48.91814731129014,0.8211368485860046,1.1099039577362095,1
44.80697510278889,12.82558133852861,1.142473181793864,1
33.113971692819,-44.114892402326284,1.2023338585408991,1
-63.78423061473771,-5.0203507802279255,1.0402229873998277,1
-7.677352497555706,52.79023418892751,0.9323272087236445,1
-30.5390878125877,44.31483123641449,1.5159662637319684,1
-35.36304170569266,46.41570575414373,1.1681340898133112,1
-6.2596078302590685,-60.05463574636773,1.2134320566659444,1
-41.289058665171865,-33.53685219631305,0.9577174775593841,1
-46.17980552108652,22.91636695691495,1.0300419774058391,1
4.391612737153508,-55.89279726772205,1.0269009327996639,1
20.66278464812397,-51.68583009201213,1.3483022675562895,1
52.22309347366224,6.411955126506109,1.0021254190512454,1
14.603616328000205,-59.25669241227684,1.0346971196925348,1
-28.963492897105343,46.314930842606586,1.1676490053695796,1
-58.79209177625803,-5.803135924174784,0.9619197835405193,1
-60.3077274771977,-1.1687883001477013,0.9297241169404364,1
-29.42154937348137,40.7452426041269,0.9584602940260238,1
-55.63365046763712,16.40298979406609,1.1651520146116587,1
11.87863287922358,56.83392787374772,1.3024152016696258,1
15.844316464965962,-46.99119425167117,0.8385696776410224,1
-31.729736243037422,-45.38250491219425,1.117321612264865,1
-13.390567394080373,57.43958585192135,1.1397532079210888,1
-54.824973622729246,-27.226996319041927,1.010174174930903,1
-18.211350700826074,-57.76385601760772,1.2378925772905172,1
-54.78910955664606,-19.664177451880875,0.9211849153876773,1
-51.96416317048634,-5.507985813991814,1.0585897461301021,1
49.192579889633386,8.179717855009102,1.2065330867322244,1
-61.38542267740335,-11.820814730554181,1.2783604663817436,1
-39.808918368283,-29.844366867558865,1.3191861071351247,1
18.099527228352255,-50.983148020478126,1.2503256939927192,1
45.539775621683226,-34.36506505542501,1.141470044099517,1
26.9826404917537,49.42100649853123,1.078972533563837,1
2.433158135547,47.474675166933686,0.8492238134275196,1
23.17276219831172,-45.969530155428785,0.8922092626519013,1
-10.622266530919172,-64.23664170912251,1.1992771278393857,1
-57.69161638330412,-4.0262716661260445,1.1660151957446716,1
-33.330223684634596,-57.97767740277843,1.3057025660922479,1
24.272517126010197,43.23933773738476,1.0986365243238223,1
-52.81304056694317,28.676636051544648,0.8441026991079453,1
-34.47836623117445,-43.08649454990725,0.8996528926033939,1
-39.78991793259402,-51.94145321020819,1.1098079627874438,1
-38.24336827967194,-39.522613054311215,1.101603711980875,1
-21.457602385418827,-49.981303441564684,0.7759269416672312,1
-18.683332889838933,-52.63919376725101,0.7841975800852198,1
-21.199440010886605,56.218511494702035,1.1457219467030015,1
28.36304384663991,-41.18499239056762,0.9978336782930659,1
-45.51758432477159,38.59929028679002,0.964481223563564,1
-44.367320460968706,36.76973016056216,1.42628751393143,1
-56.98745658012562,-16.200191090218116,1.307404854966276,1
50.17749562207094,6.58108159273404,1.053500148854353,1
33.24231438326815,24.051344042954522,1.0026852662343018,1
-36.6646606587172,38.44018901991417,1.0151115796044725,1
-32.883005129040896,43.674699490346974,1.1050326968739845,1
-12.618594609790158,-49.0102796514784,0.9713533637256707,1
-63.54742435536012,-0.9696693588704088,1.0881596424991804,1
-21.298967898261655,-54.96642609673684,0.9944949365005349,1
47.06821242688363,12.633406504140236,0.9728789510011122,1
2.47637586441993,-55.33598004892297,1.117079791087361,1
-50.64189102501843,13.501126547294415,0.9758356462544354,1
-23.79506412131857,47.343046312709234,0.8828612775256103,1
-7.664497993583256,-6.854664243317842,0.7358849011235372,1
-46.66924075983816,37.39471614370349,1.1196458194369168,1
-21.782599706543387,-57.1912307139809,1.0634087809240618,1
-29.15433998296943,-48.708856961354876,1.3232985737155813,1
-63.60121634684266,2.323107275952651,1.105062339928712,1
36.61211951333483,-45.98128213575663,1.4028019424536176,1
35.44987213678615,23.85789873844544,1.0354279320218402,1
34.691735320893066,34.45109900652848,1.0072718357057149,1
27.711435215065357,35.778820425259326,0.9162660598109191,1
33.8501482108148,40.335382214966515,1.3729132070572705,1
-3.757384627992796,-62.85754066230291,1.0361357609403012,1
22.94444389980217,52.878862611053435,1.1125569020600268,1
-52.59264209929357,21.560584059361794,0.8953388389366683,1
5.550391179540064,52.158756681280046,1.2912627436833373,1
-58.858341756740906,23.470847722862427,1.2408067768650257,1
-7.090558066216849,63.6923578080441,1.0137673381495913,1
50.415571910723536,-10.208445795876257,1.1621617436654275,1
47.13157441938124,-32.955198955079226,1.2265642489064774,1
-53.93250729192764,31.68218141584142,0.985747948564521,1
2.9452882226914254,55.215450605066216,0.8541762183900947,1
-56.540639388249275,10.952348380605464,0.8536420407340011,1
1.9382648867786092,-66.17207176621814,0.9497299490930311,1
55.25082944257602,-7.706188276737193,0.8693152907133403,1
-54.51916497322426,8.43094779294157,1.0593035152184918,1
-51.62870924404039,-27.173417139671688,0.8190480528356897,1
-33.17701566350889,-42.0525259828656,1.0346333757041741,1
30.12246101260336,-38.44927411668579,1.1850579367467562,1
54.36491092555468,-23.13232262365238,1.192762291030862,1
23.542516610942215,50.83837924363451,1.0914191499902437,1
0.9912575449677241,-56.881472225982556,1.129543763516421,1
-2.184347496464145,54.01783931829806,0.9598072281916842,1
47.64754608242546,15.698119717617246,1.3167744004576647,1
-56.12807056345253,-19.729496268578178,0.9482244111212846,1
-23.684503909919655,53.243917838505716,1.2932472270191948,1
-55.94322045678275,-24.065447833758068,1.2219630923973064,1
-17.194051117775484,54.51443548591366,1.0652489812528085,1
-63.372285415652875,11.641290298630494,1.1836757802183284,1
-34.206832402938566,-50.47398555071629,0.8391805252193351,1
2.174669395017692,50.71179986419015,1.243119479998803,1
-2.6640959482937054,-56.98722973593785,0.9027282844198605,1
19.68925941085154,-56.860722605379564,0.9309737057459548,1
42.44468324181022,16.66907802629615,0.975079980786092,1
52.96296658605753,4.075882017394774,1.403991039636498,1
-39.27050963588567,39.93058841487183,0.7689292922064623,1
-62.9958050963074,7.881757215653122,1.2418741398652344,1
-26.528482573178096,-45.735521727538135,0.9810310760603339,1
-3.982469615918851,-52.64175155120471,0.9878925932432241,1
11.41105659845253,-52.01253669859326,1.3229843028005026,1
38.8352501525389,20.24831002774601,1.327187300353686,1
-40.172404319012706,35.07067853652846,0.8311261287304917,1
-11.096122286945306,56.610311026991766,1.2201290072452362,1
-1.4750543308405437,52.412633134736275,1.0149388567943076,1
-2.0749311828890074,45.08867237555695,0.9700822970580599,1
-11.469053095787135,-71.15629577641236,1.026968290447263,1
-29.922875028407567,-46.665063046047116,0.9896850311038046,1
38.54185124349836,25.435766264713397,1.2605536452441057,1
14.355669014501302,-47.766935058437,0.9978943333422446,1
33.12665929192031,-39.54989424566225,0.8485325419433367,1
38.45550140308897,38.170850395630886,1.1114629746304279,1
-53.845815809254766,-4.445578969419101,1.0545959722754898,1
-27.803784677814914,51.57277735216678,1.0926018088825844,1
-41.46258063683748,34.716801603639354,0.8698144017383451,1
35.27737483596593,38.663601759694714,1.0635140190713699,1
-59.092662176059754,-15.574077253694194,1.0838888401110447,1
-63.30469161447193,14.039172951273468,1.127827245826852,1
19.71149809462954,50.97855253530797,1.2782456307687728,1
-47.79625939562419,32.40299088859534,0.9458837944681634,1
-35.09780910138326,37.554304810521636,0.7823796373534301,1
-9.657481713647783,55.54966770835033,0.8983744706315709,1
-56.74528960759894,-12.491364235244495,0.9181325697460418,1
12.829379260156834,-59.794478114834035,1.183602157930817,1
-28.635243956379842,43.012547560156236,0.9764654857709362,1
-56.71152940446869,8.363533593936731,1.173423245624012,1
-43.334828338323085,-26.588164198764535,0.9809526643655818,1
-47.158431150895126,-26.695591124820155,1.1287477684134457,1
-63.68293159582875,-7.872561592765508,0.9449867292312772,1
-21.661446006602887,-67.031417777424,0.8857091985042156,1
-5.108848305497933,-61.291309837227324,1.105488130281896,1
-45.707986795733476,-32.7950532597556,0.8875310865325603,1
-37.17468988404142,-40.865003732803736,0.9088333104400719,1
-25.756600215593316,-49.74463492630807,1.124476686399182,1
-55.99465752579114,-10.601898225200653,0.9759939496851479,1
-52.96635758751128,26.7541876299414,1.2617051337816405,1
47.12162748178347,-23.087836858119115,1.3105807225526178,1
-58.14460538019057,-12.144919676962163,0.947675252061804,1
54.58583061882613,2.0479686328900084,1.3848602934684417,1
14.81205482565402,52.92692644947978,1.2135077698886123,1
50.42918317178469,-16.560457467728824,1.0733858081383532,1
-43.615331978579405,-37.3487612920019,0.7221130110249625,1
4.315759985886429,50.19795579543649,1.0143555370526627,1
36.5041365472893,34.23727271631867,0.9701007939949801,1
32.113988755679486,-49.776974039707234,1.3251713459787986,1
-49.28866730682757,-17.153692826058133,0.8934985802193146,1
40.94681729454518,-38.60207542931741,1.006011093525854,1
23.61522348955139,-49.49476785385278,0.9789084465019899,1
30.446581292928673,-42.12925950147674,1.0950067272858752,1
-34.152810241847384,45.02531038305934,1.07268621817667,1
11.652764613284605,-56.46944404543715,1.2982015556227817,1
-16.975443704306596,59.14714347286707,1.0536668731874663,1
-58.70576751702284,-9.031861666143822,0.9966393511564889,1
49.90776470291106,-18.829552872525724,1.1368000574635517,1
-62.25114911266295,-1.908893839911307,1.0361530238466459,1
-37.82676947460596,41.881094974619614,1.3057194104700858,1
48.957287895929795,-3.057613546318761,1.0544373413940127,1
28.7196934565847,37.17329731277773,0.9282892392548051,1
31.408052281126423,39.57966045642352,1.0355893670061205,1
-62.96797674595111,-13.03692450678182,1.0019395697159612,1
-5.657818105595682,-57.943398241246975,1.0438900073079542,1
-0.6346146187359419,57.97672048219941,1.1685845013890674,1
40.53426805767879,4.908813704485719,0.9929739590155036,1
48.77779259180753,-24.865354606835602,1.1358179300973212,1
-33.89683676126006,47.34341047178058,1.1208724647314612,1
45.91921826040939,-5.028001421465699,1.1812235677796046,1
47.75518523839967,-6.916727395309917,1.1094459720917405,1
-31.523834634764167,52.44224440281573,0.9411419157665395,1
-14.340002587784857,56.0440305069581,0.7686410150804166,1
-48.63998229272608,37.88426824158219,0.9534855961545254,1
26.328142207289012,44.674952112855244,1.3400593907753713,1
38.36420152162286,27.51919755791321,1.0241562662802144,1
-32.657510067250186,62.01976804115856,1.1604813641375342,1
60.762597552651314,10.10171194676292,1.1388358333792077,1
-42.83885344982878,38.50267465290963,1.3338675249212857,1
21.36330915878694,56.37634864942816,1.1788212304188366,1
36.92576777065793,26.946253952283254,0.798233797935957,1
40.42487792025519,22.113298735056112,1.0983434009454265,1
49.04501225733658,-15.76345748836495,0.8506330232028824,1
7.128345601150255,-56.691576144571115,1.5952059797189402,1
-3.685766677289041,56.72397474131807,1.002788489163432,1
43.524405266656544,21.815038425391553,1.0392080189974269,1
-41.72117231067428,36.36739267504734,1.024126534168291,1
-38.396284342573004,-53.79502791610863,1.27330301452977,1
-29.330607676932253,-53.95670204330706,0.942925206310458,1
-34.423573390380646,42.67652874742045,1.0689255202833412,1
-34.34080736244471,-54.302245218688874,1.0427589899192762,1
-17.604243190293115,-51.149678119441425,1.031502836969447,1
46.38264959377202,-39.43928927304417,1.04377137906935,1
50.369302607446244,-35.57462550206863,0.9942232789206611,1
-40.75681165770212,-37.04989407464205,1.0585969546733045,1
-53.79701730362818,12.962849077377447,0.9505501202364125,1
-60.89810175487142,-28.80029452093273,1.090273174881122,1
-57.68194006092043,5.219684760113977,1.1717647499673391,1
-53.68142341828179,-18.417121428341467,0.8951217451611722,1
41.512941644012116,24.40785151642455,1.1683854350325809,1
-44.132725763471186,-41.89604207226199,0.9311087582557636,1
44.03862109288032,-33.236472075413886,1.0764790609750214,1
-40.10786879139647,-48.219899135238514,1.1800808825632465,1
-47.60314968821963,39.15467302622471,0.9573019248876415,1
41.12052742222499,19.36488579335214,1.035041662339989,1
-61.71736583520629,9.378967460910983,1.1190959251257215,1
-19.866128474816758,-56.53766037332186,1.0833597534944772,1
46.00379063454924,-20.84440455232436,1.1756611520859697,1
-60.99301453635779,-3.152567099247455,1.0427450378762584,1
-64.03896181838199,19.251174679088074,1.362424376686363,1
21.492176568517195,-53.66777571442719,1.093614372504514,1
-2.9568929832221267,59.93162528474231,1.0534625220072336,1
0.343650650554251,-66.27606017100966,0.8318392568046736,1
39.971768736526506,-34.36318797203961,1.0580435294683879,1
21.06227389709679,-49.14310696316041,0.8862045592449255,1
49.42712867818815,-6.5494615918572725,0.8768893209063683,1
57.94489028188664,-9.190970340313658,0.9053929122472779,1
-44.37606451308951,-43.711516551908275,0.9685558458333606,1
27.18458909970719,-45.503521637912094,1.1044946066431347,1
-40.264078959235796,-42.02416794337886,0.9828115765147778,1
3.337396502794411,-57.36239761616285,1.20378358526375,1
-57.49265276400527,24.828153060220046,1.2897567310373326,1
36.095447154686404,-35.19955964171645,1.0556016388426759,1
26.13159976302818,-43.945751160235325,0.9745731772059479,1
56.179806205167296,-24.1335278018079,1.452190054571789,1
-20.812387115539153,-53.1134871564704,1.026676210788004,1
-5.58978105242712,56.11839381243887,1.0314314727750626,1
-27.0483758449534,53.35868892015437,1.0541637204820409,1
31.66420908836957,-40.39620320122795,1.208441167530286,1
25.92110726047905,47.137466067035255,1.2386065830518829,1
24.6427490033551,49.12127063699302,1.101342449123492,1
20.465882618751927,48.31157377546161,1.4176711286013302,1
-22.083395099499118,54.39383355949271,0.908802296680228,1
-46.959401972234865,30.76886207109553,0.9977613084623265,1
-51.59594214027432,39.39113376647238,1.2419281138651401,1
-67.7759179049048,0.17262628683778294,1.0543343828890341,1
-15.385380515954822,57.6144711002307,1.1510773955714932,1
46.876227488576646,-35.41865752053602,1.0574335854649586,1
-40.71146685025687,-38.8888506980252,1.0730864872962416,1
35.56205997531723,27.348480349840315,0.963800383237512,1
34.062085263250644,-35.63714571641432,1.177133193560509,1
33.7298167205034,-41.71447220365089,1.3867321523035896,1
-15.492497407591816,-60.3099878444126,1.0202187385654058,1
49.060701312497926,-8.685279909784873,1.1766331812976307,1
62.859400868814674,-3.657398527984331,0.7008003220572097,1
-53.923472136194306,-23.242342054710864,1.3231073856720363,1
-49.72401763746911,23.840639180857305,1.2721658028955287,1
51.55995103789597,-30.803676352687635,1.1943297186015398,1
-38.78780752436536,-49.844152239334164,1.2803769300247607,1
50.15901157074686,2.788336498156048,1.4724727721934434,1
44.777888885261724,0.9205376249938082,0.7660846834850867,1
-36.397381924130606,-48.41210699503237,0.9752069282855313,1
10.731949912955862,54.07513367886107,0.8604142319628435,1
-48.95704326727581,-27.8278956212914,1.1281733894773824,1
-26.234371522288043,-57.5304610738143,1.2136252090790531,1
30.169061733951693,44.26884577875107,0.7902962061576372,1
31.803926677602664,41.06980774796277,0.7902962061576372,1
15.2080718319398,-56.63189451898468,0.896123696422838,1
31.138589741603578,49.25524559649916,0.9596774109273316,1
20.458264434780016,-55.35888544522565,1.0994836479883388,1
46.74861732186816,10.928899277391167,1.2029731842859255,1
-49.358459701925135,-31.241926720964614,1.0039937770148977,1
-23.110769318361562,-53.454706390846695,1.2118630098174425,1
36.25388497959231,25.470653911368412,1.032968171407513,1
54.04732906270546,-31.107994131780906,1.195887629436129,1
30.4007010432591,40.71704303603731,0.8190565395782073,1
40.10810700743584,39.1876402311779,1.1047330799564097,1
7.0058443878636085,57.74871937343725,1.1984408127953519,1
-51.71879119765994,23.311642954068304,1.1349375530890118,1
0.3097814188459126,-62.24241775147413,1.0205460670587925,1
13.501973095175087,55.119960004127854,1.115280730390353,1
-63.60132044270122,5.8789177092217795,1.0122158024660717,1
-60.40236898250526,16.919740853759254,1.0628816420154883,1
-8.60330526703906,-63.49289419640323,0.983953796041182,1
-48.36225927366186,36.18944571498507,1.0127967103983118,1
17.922392163611654,27.649005093563737,1.1056492757648198,1
-27.796327888897256,-58.63330485875992,0.9428497581879387,1
-59.41567445216097,-11.157929559470467,1.2279637609216263,1
-37.41423292604079,-52.12851502174782,1.136802038860213,1
42.75472293762275,18.39029610820944,0.9672164829687672,1
51.37149733655648,9.338217629670394,1.0654618708522894,1
33.98513713428759,56.83271512399856,1.2327696417873955,1
-60.75839062407851,7.522163576869937,1.072941280858022,1
37.19704431748475,-43.60873558838302,0.9361593314003055,1
48.87705255857235,-26.77474780717691,1.0724277307790524,1
21.812307893501973,-50.25789690635156,0.7937532786095343,1
46.67898875868395,7.190309624821156,1.0552918834319776,1
-12.818470336331089,55.57514879955819,0.9869320222363115,1
-58.49458946491974,16.950524008009115,1.099779387433943,1
-30.749414093102715,46.731330230318974,0.7902139736899869,1
-62.43371041908043,-6.327903080531225,0.9820649323371907,1
-62.47353203138664,12.850647621274925,0.7909006489733453,1
-15.091991070174158,-63.985168138115505,1.2343371541049248,1
30.217725213276033,-44.04917148765017,0.8851381873016618,1
-51.29512239930232,27.987801218121316,1.0939391733676975,1
16.002542780542008,-55.37369733957573,0.9314933079340074,1
-21.907931120274938,57.9066940415113,1.2129213079404015,1
-54.180770156149066,-21.488070884274258,0.9261960976303361,1
9.390215151886899,57.30537870925639,1.0566793929026028,1
-48.96447671664197,21.551989905277345,1.0393125886680528,1
-7.0364636566427325,54.89515921441891,0.9706946080825921,1
-57.71511602337878,-14.11231718617252,0.8991101325170733,1
33.86284858126505,36.40346503589109,1.126679547672964,1
-44.89615788964086,40.00517589036083,0.9099595869935715,1
-50.11167692366474,-26.79307111327803,0.9015945429538973,1
-61.66305555592261,5.804140987636964,1.1131473216938919,1
29.87175300438549,50.64708392793898,1.2430356591501068,1
38.988513954989706,33.280712487965324,1.4122341215382748,1
-41.612814501401964,40.54889005594748,1.3660494010432116,1
36.80371537647166,37.60816817158584,0.9733789181257348,1
-64.76660124171575,-12.615987561892808,1.0985341036825083,1
-64.04435241682206,-14.304128741100824,0.743578639161178,1
-42.920637856753096,-50.515721528885045,1.2324939089734748,1
-42.41512437250609,45.52929136454764,1.1165958484859433,1
33.01229437689029,34.754401027758846,0.9019375386588212,1
17.381278758294492,55.92765133706456,1.1368130124528302,1
-8.192960934673556,56.76816756407373,1.4562971641924942,1
-36.15672029028849,44.04145878526669,1.3494362909420026,1
-7.732403308046494,-64.95436746435115,0.9137411946711226,1
52.83879564837903,-10.513913040813366,1.282367903746729,1
52.13031802716026,1.5387073565355232,1.291578903842525,1
-32.00374511815638,47.60381990968346,1.0432019961511914,1
-41.14244677687613,-46.55097932329148,1.0878383238740763,1
-17.241424815670225,-64.26994896153884,1.1276932377511404,1
-18.145203565801083,55.793367679495,0.8747111703379228,1
-50.5936905054059,21.743817910596263,1.0402022939567557,1
-50.30069299884525,34.13599749122487,0.9398125798796044,1
3.0475322707355788,57.04558241844445,0.9196184503639617,1
-59.700970665090765,5.8516804893971885,1.1002901781076748,1
48.124477730387824,-5.049463402117768,0.955349252306892,1
-57.68494364599898,-20.391885204544415,0.7995443902957196,1
-27.429349583393943,-52.864790311967795,1.0694416337490156,1
46.18781235195072,17.862912848620418,1.0705687081851303,1
-16.52475700442345,-58.772837196840506,0.8614486370984089,1
-53.25633199435951,-28.46292270579417,1.2858285614745708,1
4.0507112918036885,53.782216260482734,1.0291937311286714,1
-14.471600572202979,-62.18109206601303,1.0911020953243857,1
37.21369539953395,-38.39886818569441,1.4441629781274097,1
36.838265045827065,21.14432655563736,0.9479836031773233,1
-2.5794953756377277,57.95849214074123,1.0058423182312473,1
-50.49021855131735,-41.013940927712355,0.9231601978491444,1
15.492237293969382,54.68910587319924,1.0831743771383944,1
51.05879520873367,4.949062410521452,0.9373218449686881,1
4.456785072293912,55.942929833214684,1.033444224364071,1
49.271593172203254,4.817085640812629,1.011960059303365,1
26.04994444802125,-46.71063810558588,0.8323805583135252,1
-40.55366458599441,-44.44341453359144,1.0675526192799387,1
-62.367382796470324,-9.449282502887131,1.1914479526791084,1
-57.32536589531117,12.395582504425263,0.909867880849054,1
-49.43012663891526,28.55515954251153,0.9505631309624409,1
52.71862917032033,-12.870300528404655,1.2331239498074165,1
-20.661115648856647,-60.61553250535152,1.2888853980420725,1
-44.764557314660244,-51.103352883727105,1.0870390361301627,1
43.1900270172281,27.221572139824687,1.0929285349035947,1
53.22407369799822,-19.63061291373055,1.0794334250491648,1
-29.899715962826726,55.44007840455608,1.0345214556662514,1
-62.59223672669101,-3.651898089764134,0.8508628916333794,1
-54.4251664129256,21.74891688910304,1.1675400826571025,1
-1.6551499071146023,55.83191462632997,1.4124063305709444,1
-51.089460889522805,-31.74465664943402,1.1192578443967072,1
35.36179985479439,-43.765118302307364,1.276296355066082,1
34.4141144157594,30.985236115556614,1.080495041579055,1
47.83148073650873,9.239431820289871,1.010834368493541,1
-54.593924062116756,37.034333359306984,1.0563963326552896,1
-42.074022252263745,-42.83401061212527,1.3842997906410748,1
23.91995884022874,-56.18821258047855,0.9100315863731298,1
59.48542224233693,-36.12155786588047,0.9744529352644546,1
-11.16672327710614,54.629212068208076,0.9427884907748928,1
-45.741856785336026,41.71892386588729,1.1341750582977586,1
22.75379528902787,48.69002549535688,1.0548164057876388,1
-51.149961674676106,25.35380775428238,0.8441026991079453,1
2.200490886991641,53.167229395595434,1.1115096343810518,1
-59.37346460750966,-25.255808298782103,1.2853046826393406,1
-19.350510641131677,57.31273622139853,1.2517295166602271,1
-49.53483105790031,-33.11159542007757,1.0281446985869391,1
44.24795720979583,-36.06262226061385,1.3134021919751089,1
-51.10496439226134,-39.38431632191778,1.132089625931001,1
49.74463492630807,-1.139919048701238,1.171354954724354,1
-46.58370756695823,34.00439146242844,0.8889245869729183,1
-43.7117407583729,40.911065705371755,1.023075770334335,1
-3.8551942863824773,-65.03363504254311,1.2202709478091607,1
15.215233627010184,56.34399035715562,1.063793111280933,1
-38.04378094996777,44.09007218210803,0.875527484071596,1
50.56305165282836,-7.75420007565198,0.9772285586103986,1
31.492759029717423,-44.70874051906499,0.7914238692342455,1
9.072066178568363,-62.60923886618167,1.4038847399614915,1
-40.754697430075076,-53.8375379862632,1.0960712788275457,1
-28.25632193732624,56.27853425277656,1.0749477483474739,1
-57.70669824185949,-18.704310535847302,1.1757360844585432,1
-25.083569837859187,60.089930224947274,1.0715022657274704,1
-25.923708767235375,56.556297793241825,1.1536504652342843,1
53.07367600152038,-29.402749661421623,1.0736705379832119,1
49.60530920037003,-31.574872714576014,1.0834467682621634,1
-35.74224044326114,-51.53399857343644,0.7410181810830483,1
-66.64106264507261,-12.64672296684922,1.138503354871931,1
1.8195705246568417,-60.616613752115825,1.2963468679372356,1
52.544765989782036,19.41263417894022,1.249612992403079,1
-5.236673417218251,-63.38500019675607,0.989185348349344,1
26.661409830166097,-49.973052784234405,0.9702639974072309,1
-65.96354948510823,-1.1452038338676698,1.614455879959438,1
-64.03471153884271,-2.979031295619144,1.0537413947233591,1
1.3340832706091588,62.38719261303824,1.3306052522996628,1
-24.675715084914014,-55.35276460874109,1.3322729219541274,1
5.821428079186147,60.163400364031276,0.8224009092529903,1
47.036415383029464,-25.35408080747134,1.0380902003358077,1
48.82858546464708,-30.183537702710936,0.9809331926016926,1
-30.831527777961306,-49.94456837202269,1.0032357740947635,1
-3.298494934116695,63.00751981231558,0.9420623614520628,1
45.94747926546647,8.495503868038593,1.0637843711489001,1
-7.438146945372423,-59.17277485699573,0.7776147190964622,1
-70.61269194422893,-9.655386096697558,1.4636303169102545,1
-62.56009050588889,17.50555959659436,1.3528419246578276,1
26.660883964094488,54.715838884002984,1.1656425989676444,1
-18.05152149897143,-66.06484672303976,0.8409375181530481,1
-12.006749435482487,61.2820480581787,1.014807217406167,1
53.434058785916896,-3.538963340367184,1.2361115236294784,1
32.711498983934554,-33.81089735000077,1.095599164895086,1
15.787841523496192,-58.306523631924534,1.1976904672557347,1
-52.35527974838975,30.204870709303556,1.0157258577486152,1
-10.42339590867392,42.15313215171134,0.8721553551102047,1
39.363016155544656,-35.826879839547374,0.7747055989596336,1
-32.413090856002306,54.53110129834155,0.7493889045253547,1
-2.8888117214420284,-61.19112862767419,1.2700418144584942,1
30.243107411797933,-48.48201450161297,1.0853762481991904,1
32.781451400900984,42.12592843400218,0.8986172661977431,1
21.770530755591466,50.28110642741296,1.0471592473324567,1
-19.352841365667754,-64.86318431986818,1.2339002763211633,1
6.3111801728209285,-59.19678824503567,1.120318820038421,1
-47.24994297679436,-30.079539295572005,0.7708296150421242,1
43.80332909917673,15.02801982774867,1.1366426017310118,1
-55.204651072817214,27.0127563350796,1.0095664295813505,1
39.27340508108741,41.06279021574974,1.4459226551593989,1
36.688533308951754,41.15346492313822,1.5031773385897125,1
42.5662616266042,-37.32555177094051,1.0566467000248156,1
55.35915210780808,-16.029087828518033,1.3651138288330804,1
-32.2969412308225,45.75078645100542,1.0430753424987265,1
23.09516142125926,-51.946706057037304,1.3970366918866943,1
-35.711234460132324,52.76863440766229,1.1026855186389513,1
-53.805740002752366,29.967062385812934,0.9282369539346992,1
43.61153405695118,36.50182476890686,0.8545973644402647,1
40.499951122966614,30.659197084080425,1.4797456367635784,1
30.781395212468674,42.654457806637545,1.1004516000955729,1
-55.69226700575155,23.632491373221065,1.0163604450628634,1
-20.16940536694157,-58.44472389617318,1.0724705469410691,1
27.779853587800087,46.276438507344636,0.9673843258138587,1
-64.89888478317353,7.451522234584888,1.3467524005117666,1
48.96500442785768,20.925948499704596,1.1204464768467088,1
-29.522834643880714,53.19298373490203,1.3525256617563832,1
-1.5821539852250177,-63.42638168376947,1.403741822048604,1
-59.68633729373554,15.297028865445489,1.0839182050579832,1
-10.478049561693844,-60.160795459825266,1.1887322775051365,1
-64.94673859568923,9.95632750683434,1.0189480912837576,1
-2.7960299027020272,70.36105566889219,1.085796906061701,1
46.09062739977752,14.197264033257255,1.2297438723146648,1
-67.2313512231386,3.6015565594286043,1.351588091461591,1
-39.295983500465255,43.22711028238657,0.9425685534776426,1
-53.41741440600272,23.046406706403864,0.9532228047936686,1
47.073695676234365,-11.886901271101697,1.1201733008672135,1
36.97919430279351,39.26729600989257,0.9021321610576264,1
29.20713435685239,-51.73729908412397,1.0461474394826162,1
-64.94673859568923,25.34702511306868,1.0220070770746048,1
8.240540452849414,50.210897626202225,0.8490060480752012,1
-39.04491309116888,-38.00326978593333,0.9828115765147778,1
-32.832188493453835,49.22275226701322,1.0811458035019332,1
39.54728317454283,23.619749346158354,0.9750883345786212,1
-18.456824229712236,52.91113928761194,1.044594705738003,1
-29.73531921560506,50.97105030279586,1.2241323955119099,1
-67.73631846877856,7.28409182517771,1.1527701659299323,1
45.48390941966798,22.479898117486186,0.9496591708946216,1
22.150484268026005,-56.955755104887636,1.1436793096716353,1
23.37817691444432,63.153106808064344,1.2762293522507187,1
-21.269079643794665,52.98808932439559,0.8747111703379228,1
-32.608955099972384,-49.589462699783304,1.1416554557806982,1
0.046551667957439376,53.5630653313293,1.1854853493842261,1
2.0526500426700474,-58.50748907241493,1.0205460670587925,1
-15.283060039147253,55.13844960578016,1.0115256534774406,1
50.42358928382717,-21.571872990574413,1.0832766657313821,1
-39.46304774973414,-35.97011574095485,0.998764986449399,1
34.18364574840039,-45.960819864127,1.1676202981789081,1
-54.28354191540893,24.655195709270522,1.015189402047873,1
-45.59556831553789,-44.79344726765599,0.6867816063968856,1
54.27729733268968,-25.983180983609234,1.0552158057257504,1
40.58788205133063,-40.35393007903175,0.9667520018784841,1
13.877079763476384,-52.502293299944235,1.1665822166733417,1
17.33531343613228,58.14058319104644,0.9135158258025797,1
5.873865590218631,-60.810801942548075,0.853126127709471,1
47.66771435589954,-19.539764217004514,0.9718935354222327,1
50.8453879082182,-25.618524288064645,1.166647004553557,1
54.221502865611825,-0.14621998268681785,1.3996354882910367,1
-53.71215294334305,38.678497023056146,0.9538937023910368,1
-41.4470985210236,-40.4945797766638,0.9043218493120363,1
-36.64469364427468,-50.213662289740434,1.1671711399946507,1
-59.60589166157026,-19.27078530444763,1.1064274501326339,1
-1.8287605207926065,-66.28953666710984,1.3791373191355993,1
18.238227326215156,-55.847677958778675,1.0379282486389247,1
-0.85972952226379,-68.0989335908743,1.0722694066867806,1
20.82888732967188,59.10271381826379,1.3112458041135449,1
-47.818907807385216,44.67169675145963,1.1921775215511752,1
-45.490573697242034,-52.89222133836941,1.047924826416018,1
37.30516775679094,-40.79265057366885,0.9542249678041279,1
-60.59125587987351,-17.023463403054325,1.0773705482117875,1
-6.067874542856761,-64.74743107921854,0.9379393965029482,1
-18.234328126676836,-55.54966770835033,0.9520435177073965,1
31.714180925730304,46.53795388176619,1.3743080690034641,1
-28.843315805583547,-59.91411264612325,0.9589807733109635,1
-55.91992783257689,11.862249687886129,0.7227848413124405,1
-39.52298886064923,-55.54724584528307,1.201226118868313,1
23.166651710731795,55.12861969097769,1.031544444118365,1
-27.62754266282399,57.53997340675391,0.9362180313545045,1
-13.735394564135428,50.0722207378604,0.7686410150804166,1
-31.20140829165686,54.18290996077378,0.9384061801169244,1
-55.18268422239128,39.21398762577146,1.0760603889477882,1
13.155819666773656,51.26452699124305,1.13833058534502,1
34.004919173644176,26.911161156438425,1.0438585411005359,1
47.70627786781695,-40.610591675015336,0.9351249605075991,1
21.60637614299359,-4.941096038325663,0.8806462834880684,1
20.78380474788273,-58.45264318879907,1.1483098945140147,1
-28.015118084484392,-54.52389446053488,1.0491344073119782,1
4.041241807210656,-59.9613334717009,1.333295524572112,1
-55.539103374625846,-28.77868565649625,0.8291951769795093,1
-47.74262508594597,-23.938300022726054,0.8055153407022897,1
-34.08247118312049,60.944318264931496,0.9800946776352795,1
-18.509883165478293,-62.81453791958123,0.8264891408481932,1
27.257421600168495,-54.363581149281636,1.0671905272981461,1
24.979514844495863,55.89781052427131,1.0224217841638537,1
-50.25232662129682,41.13934027174946,0.9607758048220308,1
-33.24863361421262,-51.54702001901892,0.9603382350343995,1
-0.7375271654202861,-56.02796237699252,1.019186444406671,1
-56.32457192039519,-21.78386888541661,1.2953578129989074,1
9.459223541633818,-57.29624524590755,0.9332061285455263,1
-0.2976621076124313,61.01550991830962,1.0135100592063955,1
-39.74028928871618,-40.51274004273511,1.0090474019824789,1
1.0072932140646693,-67.65575389397561,1.0895590414357186,1
-4.570910383150651,58.238558986610535,1.200290837359762,1
56.094759888706584,-9.312322979006113,1.1400991572016768,1
-54.4489793815346,28.299833220583988,1.0295839244261058,1
-19.41828323073016,-67.33531276448277,1.355462273901282,1
53.250184409192315,10.10484523210622,1.0048328173743102,1
6.6865408624147875,56.15067214846657,1.0799798979275106,1
-56.90568397636253,22.491766622574406,0.9829548220489331,1
48.854185072558224,17.939103018775874,1.5756280615032174,1
44.45923016437182,25.350367284101516,0.7847184877312255,1
-46.33681410532164,39.971768736526506,0.7869753498045816,1
48.47070350015361,-20.85221741967387,1.2307634448173768,1
3.6189445714985067,-64.74150840570381,0.8621203817439,1
56.96394138133837,-12.687771039447188,1.226946174489209,1
13.583791947840757,-55.06315664133567,1.3566344511802768,1
-68.76446091362722,18.8995523384678,1.0907747500634193,1
-59.05468766308601,13.54316511910925,1.2895045043121376,1
17.082671691610262,54.086771595850436,0.9074318348832111,1
52.79542881724514,-24.63878244467774,1.2713856954574643,1
-45.92928658732459,-31.177592129309605,1.1732018010125935,1
28.66778733335057,48.47960967755676,1.4604551372855819,1
48.377925700378306,-34.50032007083031,0.9557091936002706,1
-59.15862607802374,-29.769508956341337,1.0781069276645365,1
-27.09086712197351,-48.55146150400662,0.7410181810830483,1
29.386918324950273,-55.5042259092196,1.1124000121968198,1
45.505534320367474,16.055209877406924,0.9606590888398572,1
11.538085906559052,62.346681449003796,1.1859218649187993,1
-63.70474471509785,-11.10598043614734,1.1197664642916618,1
50.43277794876769,-27.692413066592017,0.9465482945160707,1
28.079249932416463,51.69503045047333,1.2277652603966154,1
49.74122454770313,-28.9771344115251,0.9650600714217684,1
44.26624674021743,23.35611539119884,0.7880002508310275,1
-49.19490084173952,-29.582855544858074,1.0355620932211151,1
-34.949344226707524,49.39416716352691,1.3090893621549464,1
-37.69627112098484,56.21968438226372,1.3516248241059958,1
51.99749692894549,-38.411571680445455,0.9942232789206611,1
-27.865350986314613,-63.46589973806107,0.9053511868150703,1
-68.78700705007275,5.525975969072877,1.3513792409430279,1
37.00114397467101,28.961015546609307,1.0653826594171851,1
-63.220745983729,9.972799635496207,0.9468198288669558,1
-16.215047244476185,-65.78007425982126,1.059920939135649,1
-37.85300163096837,-47.891173465653445,0.9460024499796151,1
34.651694375726855,-50.1309378119222,1.256440588146331,1
-37.93144242601702,-58.283504978635015,1.0595485026072409,1
-59.37575725532182,-42.83827721344379,1.2671600228326956,1
-51.8907861823969,35.268259824058184,0.8302331052479027,1
-36.33851413889305,-54.940734273957645,1.1930246150610695,1
10.807991325320726,58.677218934670954,1.156536069528654,1
22.693071783070646,-58.917893300318646,0.8260679623733673,1
39.98072098036446,43.56070033669642,0.9709730962384352,1
-14.904608319251986,-67.11128583519411,1.0169443819739798,1
-23.192008422779093,59.08236780954116,1.042574591353534,1
-43.213628729439826,-46.716481061937,1.2684905078215767,1
-64.23716997640905,0.6845023365338633,1.0289519076634372,1
46.35134038777568,-49.21740969801415,1.049554249528793,1
37.433359996270724,46.79561660201749,1.2650870216216916,1
42.71487397530811,-39.33671033134387,1.1343101671402238,1
-40.882143071433674,44.314295632082256,1.0651480271059088,1
-67.87801918978711,-3.3860545810666727,1.568654682253285,1
-33.35672366944141,55.46147152831705,1.0928520786042182,1
11.831285456258334,54.81369379549339,0.9017442424379915,1
-14.524518280222967,63.3257856447612,1.0055077704860733,1
-33.705406241666154,51.29260974064693,1.3153360412469262,1
-70.03240885066279,-7.136927726379919,0.8799376347241182,1
-23.123645833470977,-64.43601308473315,0.8326137101096542,1
19.899843358042784,-65.75257316694096,0.7771202256258181,1
28.789670162584795,-44.73287041768574,1.0218877137088436,1
21.35368775732875,52.218637245618496,0.9810529002169168,1
-43.182850339646585,-52.98341384721795,1.2044443217248781,1
-9.149193202403152,-65.58843543399475,1.0261517855405389,1
-59.323535832933665,11.548394550978534,0.9536094662607448,1
-57.27645607531836,31.02203152683326,1.0588246099716998,1
-19.16003987421071,-61.42805915517595,0.8254510632523927,1
19.336387600582984,55.2454444476686,0.8888775867654323,1
-1.4204226889575573,59.88230505248682,0.9867806969631525,1
-9.756568515102197,-62.12099725994174,1.0130026321298824,1
-42.718118207263075,-44.6995481767333,1.1444270748823504,1
-65.67813691725118,-9.771374149141925,1.0744097590827413,1
57.4736066137725,-14.62997817142779,1.3221732132870945,1
-11.790436699190268,58.39051308626544,1.0481500930476884,1
3.248975879040948,58.8864826978698,1.0285699581292163,1
1.657609020320503,60.203551028274575,1.1273600368093069,1
-70.48752645911222,12.761016670848722,0.9961983296944298,1
5.46683690371905,58.71478325195185,0.9455175738375876,1
-18.232490506864963,61.108754767357325,1.4140802908104417,1
-57.41223177352753,26.86269967646221,1.0350000440070561,1
-20.132782551240822,59.55976655820948,1.0468328619903824,1
16.11761980587732,51.52553463380783,0.872359227794637,1
-54.20165872510434,-25.25427986690733,1.0642618514749802,1
-48.9336404593767,42.57720951389732,1.0591294351799532,1
-66.60284196610061,8.604649818603994,1.089714718353903,1
-65.57781912600808,11.587012073416837,1.018426297035983,1
23.386841802307224,-54.525431543910834,0.946155694348736,1
-53.405755669841646,-20.236651291584913,0.9694778736868114,1
-46.95076476337064,-45.88342627223744,1.1159422339177094,1
41.878596674013664,26.352848075023662,1.0396915651066359,1
-48.5937742462493,-13.32690699345481,0.8490451033625541,1
-46.01197554320108,-35.93430676560299,1.0232911658092068,1
-37.62313546800881,46.07115022061654,1.21682757690055,1
48.50922527666853,11.870675329145389,0.9207541591294504,1
7.6765490910574385,-60.8719010067422,1.1380549736648449,1
40.91772250207175,-23.729414333173462,0.970817562360143,1
41.1284928745376,42.66545179029816,0.9268245391319128,1
14.046070581771582,-60.82154463515362,0.7619853314829462,1
48.14783967218457,-38.70495942566421,1.186425709029571,1
-3.842477733184361,61.34819858971896,0.9650407016393132,1
-61.794500697153254,35.42599399353494,0.8982342499051533,1
52.16812052253585,-1.2317052728790212,1.3228405734330015,1
-12.915562866335877,62.617502475878275,0.9164747522210448,1
-26.838827026227637,55.11359396406534,0.8778721755729008,1
39.088361314595836,-37.4039071140438,1.0126124623261383,1
-43.03880747541429,-40.48204663529066,1.1617275033794858,1
-21.925039852943062,60.23666470440641,1.1258805175622792,1
-46.89185322327564,-58.9952868922082,1.1422292502234639,1
-13.013068981834342,-64.22165051429597,0.9118009231563052,1
-3.3686014670296234,-68.78648386699132,1.4373281587472801,1
-62.706398883220324,-20.49412766615515,1.2651985212424788,1
40.55833532190987,-43.06932295006197,1.524751307015118,1
-52.91125464096097,33.28007564135085,0.974889068314194,1
37.61880526591833,35.861581320816214,1.4152052288523143,1
-52.45664583855505,37.21525609041828,1.3740439172271373,1
-51.62638045087984,-29.933883868802916,1.2356336599487705,1
5.099009621815172,-65.74622108749259,1.0699743670850488,1
-64.15575811791678,-9.372004604592581,0.9022440604634608,1
58.031428638986995,5.102778987641687,1.305145187590511,1
56.69754430712976,-28.680005175569686,1.3038811121406855,1
45.791920863717344,24.381137684577528,1.0902413099538182,1
-58.96320801845546,-17.45239936211834,1.001341904280454,1
33.281634042478075,51.98796191158709,1.0355830946608813,1
-58.01730398759818,32.47754701163565,0.9155526040653055,1
-40.306582656066475,48.834132046361134,0.9909725221823195,1
38.99199538314892,28.868002296167013,1.0667726920300982,1
54.11810444928332,-8.813305013602589,1.0288126990941286,1
40.16175524464335,26.08750167301151,1.0329378364113018,1
-32.5942534678631,-53.237550194098404,1.1509304485781044,1
-50.99822665257979,-25.576352453357007,0.9536687694172697,1
-8.150398243742492,59.223913427147046,1.168744078384016,1
-47.47342549766506,-41.60247927371005,1.3175972089419241,1
39.096564825312804,-39.30621009919101,1.0416006978594117,1
54.46599407042905,-27.918521889109822,1.152270333879673,1
-22.7878219171903,66.68595298316393,0.901526431571399,1
-18.762451369163664,-59.93890178323724,0.9188985920767455,1
30.887597094630692,-56.91035641941831,1.2390439510223108,1
44.53965115484959,-38.72740684304895,1.1109893795359826,1
30.114113478670372,-50.435089594730655,1.0767468148563364,1
49.635881741906076,-34.01123216337286,0.7743270722870018,1
52.633225604692335,13.000647440248887,1.138061700154131,1
4.675241524349633,57.39798956742168,0.8185021816210686,1
-66.89689539335214,-8.437310772407939,1.0597487907679704,1
8.653316739378315,60.48058091332496,1.0010270777320454,1
-18.540693804687308,58.89183874119165,0.9678601986568361,1
-68.91170075308315,-1.2851146452772342,1.13081476302895,1
54.127102602064035,5.974130721203894,1.2541269902304528,1
14.826905183194313,-62.8785713303667,1.151356437162338,1
36.44916025566209,30.722907219393974,0.9701007939949801,1
2.159281213717858,-72.72802893965087,1.1735708743664748,1
-32.95612174326601,-55.50067604461591,1.291175672598065,1
31.157389453663324,-54.807427224806816,1.092322481828162,1
-21.86406512546891,-58.874431600395624,0.900559442545244,1
-57.89098429748597,-31.239865609796354,1.141896427310318,1
32.3522155979041,-45.68747801894103,0.8507767225818776,1
31.843349679062346,-42.92142390743156,0.8643187132873922,1
34.07998252846281,47.053477517431396,1.2193017658333134,1
58.10585513677713,-20.347923641122225,1.2306805987989329,1
-47.30058193183741,-34.18256062793517,1.3838880147473767,1
-58.00855068251218,-23.49665599338629,1.1282176486381061,1
-52.145463955581256,41.57584806422052,1.1715613546253714,1
-44.776490664621704,-38.819562294322154,1.1788175397865153,1
8.307985747526997,-58.68271702261134,1.0862347519847801,1
49.41439659806305,10.43433754003142,1.151176605214368,1
51.651287329602305,-28.877832210969505,0.812634947527969,1
50.58484842043387,11.971874607313708,0.9970550971312805,1
54.36334753993637,-18.196766339618556,1.2531312020039802,1
-31.123967743334912,-54.42168498476638,0.911401537562001,1
-32.97690668360136,39.607184217870426,1.0441231598631597,1
18.55124802900153,59.035493461024316,1.0886986059403714,1
-59.47560461492795,19.065414656843377,1.26853244259928,1
-50.462519622647974,35.92919119769558,1.0100766064933142,1
-44.854263822515875,-34.215475948713156,1.1038676612686609,1
54.98289120403097,-33.296378914681796,1.0951121753168984,1
7.283795416631241,59.74810814146615,0.9716534468140104,1
-71.65421876852233,9.586246337467013,0.917999338321141,1
-16.561651100240535,56.232027627555425,0.9427884907748928,1
27.28643921812604,-57.99711170427477,1.1155273751654573,1
3.0009910732387683,68.49361760429208,1.201113867858672,1
-24.638605447906478,62.405999503300364,1.4150448250885512,1
59.35888571885798,2.9680131493570476,1.355137946824013,1
41.30800119791495,44.65702094188917,1.1456376787521072,1
-0.44728366918873125,-69.97057357620196,1.4723539644546837,1
-47.342781061039936,-47.630579122201276,0.8066313525288661,1
-10.081483016827312,-67.0215231921294,1.0981885176247623,1
55.66024202361597,4.135936653141151,1.1366756708985255,1
-50.16837446797187,37.572567387951096,1.0771712691747362,1
14.250181741277244,60.748136235682274,0.94893697812209,1
1.745286701664713,-64.04061118059126,1.1599219332903,1
39.32478087111523,-49.31146903443482,1.4846030369590155,1
-67.73466626558435,14.082376904003326,1.2077120393065972,1
42.1818539340248,-41.2497015443964,1.1495643805177251,1
18.384653481790348,-58.03821064189453,1.2469901610720329,1
-12.157147131960352,-69.74943836988221,1.0242184444175824,1
42.5030156817119,23.050535842127584,1.010098625887307,1
16.853388928842552,60.13696128283846,0.8695629662961686,1
14.52277756614336,50.88455397500931,0.8111255550147151,1
-22.720166633124673,-55.851635792896516,1.068028430760263,1
-66.79746580512511,-5.898931872964947,1.1442563261161158,1
-47.29380897160039,42.775611506578045,0.8873801583617198,1
8.585201840611177,67.97580097387491,1.2251400234007677,1
41.65023000101495,20.98709994089634,1.026262214611222,1
-61.526825758388306,-7.639767045723187,0.9671270171090428,1
-39.158371002546914,47.46102746307908,1.073455376691022,1
-0.9559592145406602,-60.83488523381415,1.0320869250714098,1
42.806821486075876,38.73232180045019,1.4443827849856332,1
53.34232424089752,-7.097156835205241,1.0861979967998363,1
3.5271840721593324,-63.498265542706015,0.7618028917873381,1
50.76705577463598,0.5091588682844219,0.7874864515229307,1
50.053967826381594,-37.54631758822282,1.068861904375616,1
-61.164644585036676,13.70775904138324,0.9650963336997209,1
-65.30960287925485,-7.5974709371554,0.9543533424190604,1
5.006660159065614,-57.89651675377972,0.9091024576056846,1
-66.38901394139997,15.508316317582405,1.1657450854701772,1
-72.36305284471835,-3.0175948075365526,1.3499708799702734,1
-23.957006203880027,-57.57201373755098,1.1672677728832463,1
43.38854180135088,24.893206032109305,0.9358404031838502,1
18.972338346570286,56.798777856945264,1.0238007034491448,1
31.17508330030776,-52.339872861515644,1.3178585954396966,1
55.08162790314146,-20.111106608289457,0.9733232156527625,1
-41.72342444748887,-52.15577260000074,0.9588726528583926,1
-36.782870969395816,-56.94223897203422,0.8587550976173062,1
-64.10917901013147,15.541095302712202,1.0862964446129337,1
25.706132595360558,-59.14543329763094,1.0814273219468895,1
-53.79427517488503,45.35980976430231,0.9114192772318657,1
-47.76359631175972,-31.823906021114407,1.1087593121273427,1
-61.77471445179255,15.520586525919757,1.0628816420154883,1
7.115243402416843,61.31570849500944,0.8872603762004367,1
28.73757610951955,44.95118143713274,0.9068769764378466,1
-55.7463683993457,25.645940534818422,0.9946941707936086,1
58.16488128657996,-3.1396312376548936,1.285734575190396,1
63.1108494731664,-9.754241406624423,0.818416611739311,1
-61.300429998859315,-14.45656080255518,1.2509972330144963,1
26.38336198885736,52.87006742412492,1.0969597544131882,1
-30.00895033841285,-55.90789466100832,1.3300372033479921,1
-26.09785669010046,58.658315252358534,0.9369789327788955,1
-61.19180944029198,-26.30957037052699,1.0410641870346269,1
-67.49096629443969,-24.18374070795033,1.00509659311208,1
-44.28156738841554,-54.4400082908675,1.0492798594073758,1
-0.012965318661887434,-64.79634089921136,1.0887300461043268,1
-71.66007891003919,24.233197466800277,1.1614888895014934,1
-54.13177696714493,-29.89344113578879,0.8765955697322863,1
-15.909927748836468,60.62101437318316,0.8724382877322313,1
-65.3104121216357,13.593147736748955,1.1100075481648226,1
-4.894521525726837,-67.9494154130893,0.9163968592644876,1
3.602708456537829,-67.37133176315048,1.0557114481132752,1
-35.780590188482755,-53.143576285926756,0.9351166158565591,1
-45.55524429546775,-60.18632455065086,0.9656292436857913,1
-57.37672120630359,-29.274633105162717,0.9402492115053,1
-37.66208982633078,39.57339388573692,0.9376644768459694,1
38.234724733897345,30.883389052608855,1.1032667514469185,1
51.14321667994466,-2.8079569927515293,0.9772285586103986,1
-53.63094669330065,35.12549099624225,1.0008088593422175,1
-47.59808579271534,-28.63822803765918,0.8519619402960337,1
1.8349804420696163,58.07986257359752,0.8630947735205952,1
50.889567231558566,16.202845167214782,1.025403510009307,1
-16.02738118799063,63.91902100309051,1.0170190084071826,1
49.81159479891726,31.86169086155963,0.9432429679034298,1
31.570661756378154,52.317831167939346,1.3001290596528647,1
-51.62196903719727,33.67917408530374,0.9574425743840294,1
-60.47640706420901,20.8823468283355,0.9803900281131197,1
-61.01275105071173,11.958508664914111,1.0422666304069412,1
38.14774905454054,-42.5030156817119,1.0124458761098707,1
-26.463158321172564,-54.906552979303584,1.0826322112194686,1
-55.8709537927574,35.65231108470701,1.0784559569055407,1
-14.19702393476352,61.44264513867055,1.0998119655156324,1
-42.582839855933784,42.16506847682863,0.7041765093699089,1
49.887198358694874,-39.588839658555955,1.1958815040331516,1
-48.46639493360058,-35.92588112434373,0.8613180925909311,1
24.650710163936974,-50.36343914949392,0.8855995260019399,1
-17.42689587676599,-59.89384234347957,0.9602638523338297,1
-20.112144788430815,-63.14574982780341,1.0241536757503131,1
-6.717086308909828,60.115043229562666,0.9290162176996414,1
-45.475088440402395,45.636806393604395,1.1364231872665371,1
40.12533415005471,35.39487668818697,1.2626360707026694,1
-34.59438487394807,-52.23405268565368,0.9756757070107984,1
29.97367683931331,-46.368972651147345,1.4432477877510892,1
33.604770150893955,-48.27082431046227,1.0932266960027521,1
-5.53007260363816,62.309427678425756,1.3316907786772507,1
3.601915846806708,62.932717268942206,0.9817555084648835,1
49.75112205952399,15.20324540482716,0.980465943118773,1
-2.123472238365966,-73.55163537274393,1.2125129840134867,1
-56.34464426018378,-32.30280959133166,1.0115602047988388,1
59.53242152248626,18.148480204068562,1.0457868224731692,1
-73.43492463826375,-1.2672398499523359,1.078605172759345,1
-36.8044114204216,47.96451909687571,1.2056419774178886,1
29.76029890210484,53.03883544499876,1.0729178702704592,1
-64.57160870907204,-19.875833508668904,1.0720140309730248,1
32.62506352618864,50.106634855296235,1.0719698684105528,1
-13.093446516896053,-66.76478133840689,0.852310941232469,1
-17.300376999166172,57.47141605223412,0.7668182089861826,1
56.57050770409574,0.1713715248982314,1.0096644464255171,1
-20.99533275214076,-71.35380424975838,1.282634965273916,1
-38.75960206859466,49.95664158160233,1.485535538551991,1
25.631553000078846,-51.44982422877815,1.0092546126377813,1
-65.18161894883058,-14.793748724535172,1.0586821729468487,1
46.31565425625007,32.98494934116701,0.9523207170482392,1
58.207489434467035,-22.30302348165726,0.9473531348270133,1
-28.700893744524954,61.13934929140147,1.0859547143743185,1
3.0435986435542413,-77.24669454953452,1.4968721777695604,1
-51.48960217923058,-34.01235262301031,1.0825661650844987,1
51.53739969728264,-20.215769973087475,1.1505893944397532,1
56.46421210555815,-31.294289920970098,1.4516298928728777,1
47.03669251163921,46.18743188724926,1.1443875164255812,1
15.421732051539296,59.12061830593974,1.3090298343401017,1
54.704655465546956,-40.31660916916502,1.024806116378541,1
49.004582769036055,-22.74327956621591,0.9798036684922121,1
52.332828089240564,-26.98803109019376,1.2101157581593676,1
60.71373676255174,-3.234617124603609,1.3818648145002443,1
35.119181405619614,50.831782853438156,1.2487903868704946,1
-11.717208291923061,-65.8245700486008,1.0193515382381688,1
-28.008152839536027,-56.72044034894566,1.0667698554887852,1
-23.37430866093408,60.98069563671752,0.844494793326375,1
-46.57508151823985,-39.81200561572584,1.035327083702394,1
-39.266568396460166,15.273879269661926,1.0176619187173286,1
52.55072453402876,14.870203617443329,1.2001188440355897,1
-56.26916286125369,-26.01323120561506,1.07131404003491,1
54.899336928209955,-13.744678372559996,1.1192221115427414,1
16.288762012214207,57.38017862461346,0.8111255550147151,1
-42.19309289232139,52.28499629366187,1.0247213939681428,1
-6.207203174809933,-69.54244364551928,1.2437798744265107,1
28.19314083761253,53.747894734876255,0.9387552181193511,1
-65.49747025718786,-4.255818874971337,1.20416617434323,1
-59.68224298257913,26.223077289142573,1.3360504583849058,1
-11.335826378145079,59.756418091708625,0.988243966065899,1
6.9801924096612336,63.52256449026623,1.3944420434512024,1
59.00830833779071,-29.4155935418371,1.5456058541527296,1
-45.8134521578712,-43.16221071354997,1.0585738207814435,1
-56.76259727901902,38.852738256780505,0.7130540237603291,1
5.215321481604715,-63.972734466118304,0.969012500576863,1
32.18232190373468,-47.352064869464506,1.0710027255515093,1
-23.68152346776386,-59.318441060017754,0.9445588774484447,1
-31.78860402827497,58.49843735920097,1.3379965030723358,1
-42.10915621706868,-55.02488822161472,1.007752845025879,1
44.03652771325099,-48.61009700778265,1.1348452995127347,1
8.709004822467953,58.69484085510958,0.941236515491562,1
57.15600770368026,-7.361999796205201,1.2593816246015441,1
-35.10153989695481,-56.33209844627132,0.9310405886771802,1
40.80562955801574,27.948905262135654,1.0728175390538328,1
-42.473576572167815,-62.13270404034524,1.3737916535822847,1
-32.162174064175,60.24707724333853,1.0132226314602215,1
-17.900011554016746,63.30131617827071,1.0980307172184847,1
0.9028977356578953,65.76829880161931,0.9839880197804874,1
52.028536453537704,-22.73298515024391,0.9591584784879472,1
49.70045270796349,-43.83045306184997,1.1583025639931526,1
55.04687618893606,9.311904160580951,1.1230565272904356,1
-41.30830558507643,-56.575528539264134,1.087061998737109,1
25.375774604708308,62.018587525487625,0.9523028298672339,1
-0.6893227755235252,33.77681600065273,0.6707144212359983,1
-1.016079675609356,65.17681126232499,1.0430484959995894,1
30.610705763291424,47.810950257307,0.6571744424254266,1
30.297220172053112,45.52168874533826,0.6522473724546111,1
44.290729041466065,-41.0738894223563,1.1996183495561488,1
-4.7829965100807765,-70.7539550775204,0.9401722501219717,1
16.846016492740706,-56.82673747310516,0.8592876927005334,1
12.859003048857021,-61.78003154207207,0.7693696152677038,1
-9.770153388618564,58.50128580042217,0.9721576065550358,1
36.23868305609392,-41.968119112393325,0.9121202346389982,1
-71.74805664752134,1.846549495644839,1.126393404887556,1
21.26341861733215,54.25820093367361,1.2422547417568022,1
-55.977101826836176,-30.256026388377645,0.9990883254514307,1
56.030407527204716,-21.700498548562738,1.1924557487226732,1
-67.30296917384236,-14.72074423101479,1.3215648867032803,1
21.44046693502357,-63.19121928475466,1.1077768955254723,1
54.40596240598285,-1.9689160802343548,0.8545147903015787,1
-27.37084608859829,60.07978728857914,1.0050342245385413,1
59.71247510277666,-15.818236597865065,1.1639227484061259,1
50.9158868284422,-32.81594182871084,1.0305668612756633,1
-68.71825006121095,9.083635232143585,1.1527380559867981,1
-66.70993760642966,10.225209242244741,0.9015748908353376,1
13.9023279495808,57.48928300429645,1.063793111280933,1
-57.40457263157727,35.97568602600957,0.9535178463160076,1
-56.484589415832666,28.53568415369701,0.9430047113757493,1
52.28826580880265,-4.770949149380996,1.1328818708478603,1
52.66777812476872,16.932933634152054,1.0833801596386734,1
53.452057507738516,-39.17859993248253,0.8968423050211823,1
-68.08198992193847,-10.146929554854319,1.4179442893962946,1
-9.914203130374963,-69.35059149169028,1.225708513431882,1
6.975341440093843,-70.1207650963586,1.0811999130893826,1
-47.80453448255646,-43.897327659475394,1.3050641719196536,1
13.058466660497894,63.60169253002554,0.9895822109800898,1
-37.524225271226086,51.94987099172749,0.9295913772064466,1
55.33773576915844,-10.954748881473295,1.1400991572016768,1
-47.29096053037922,-54.44624487796228,1.037717246222548,1
60.17204390980587,-11.050773272812881,0.7479790445562279,1
-11.599067629306667,63.372765218713376,1.068978372202038,1
-59.30079637812162,-27.676031804391027,1.2971813486010568,1
-73.88823974105152,-11.924388792173184,1.1993122178306126,1
54.513051245725165,-12.071554946972944,0.9191037774938152,1
-45.59470396096043,-47.453066302497206,1.1002972956808221,1
57.18621745743167,8.522536133745401,1.4248413461996765,1
-60.549604010742314,-20.832260638944152,1.1774648401524643,1
44.25094129107511,17.291258973034928,1.0370568223161916,1
53.5431799216126,8.311872693643435,1.0078837207972164,1
42.28092104414351,29.32386459513178,1.1875001872133566,1
-64.50010301220952,-6.340630158327952,0.9593113262689431,1
-49.22226364551717,45.943857717907704,1.2786542135114585,1
53.39992630176114,-14.844485817087993,0.9607091818022875,1
-62.22493459051685,-22.839889879910228,1.3479920966532177,1
-55.723436383427426,40.74905703845785,0.9560248201675178,1
25.358722711683612,-55.07221470365871,1.1454786894597833,1
-70.52677164927056,7.603439099714044,1.4812551930993716,1
20.140758186660094,-61.759142973116795,1.10611947610615,1
-71.4698700586113,-6.129443375082992,1.320071487790516,1
21.306340334363504,60.89787429314054,0.873320051229075,1
26.629941336675042,-52.76452518098256,0.9698835115022407,1
19.392031754765156,71.22773097918925,1.2109256349206197,1
-67.78108530770716,-7.120681061636949,1.077562582328809,1
13.366867734064881,-57.5598140541897,1.192835359140626,1
-71.55764085051868,5.35626883947466,1.2740999398639388,1
-66.63013737380982,12.513352202565812,0.9151406102661626,1
-55.48870987190227,30.006232242257315,1.0753944121212176,1
44.87480995591448,20.62215409218963,1.130726558651698,1
45.632028363168885,26.353778178279562,1.0449171835037614,1
63.38636249473142,-21.306340334363504,0.9359098165819345,1
27.36205934842792,-60.4554505224386,1.3287641193647837,1
4.773987486683577,-62.043607303071134,1.061499236971002,1
37.269004937809115,32.51210809845256,1.0106938152727354,1
-10.431997084126078,62.127519030339506,0.8672872570125598,1
48.80091922172229,-45.60496817156776,0.8438242334311297,1
39.819580591281046,37.07124173302489,0.7807511944817408,1
41.840639160140675,36.69202468404861,1.045936692657234,1
-27.397447041716823,-60.81581519909734,0.742684056279029,1
-66.08199862716727,-11.211097105728657,0.824694921527476,1
-31.448666005069814,-61.855018860498774,1.2432094097474553,1
34.176483953330006,44.13058334614247,0.9504464204162767,1
27.414157896881044,-51.344102492025,0.8146882186258381,1
67.52605909028455,7.046132079987745,1.448199916343933,1
47.46276990577245,19.65338451930022,1.0481949528423464,1
24.78703556132917,-53.28344120976582,1.1375253578754563,1
-49.548574437147465,39.543394345216086,1.04634246320217,1
65.05996904533632,5.856002262284484,1.090488129438541,1
-51.906701282553286,31.786831664848457,0.9609939812215923,1
-45.6610640865847,-56.14847335173441,1.128667997758601,1
34.446349605587066,42.342228670674714,0.9162766761012983,1
-41.10578901990814,42.528154831559206,0.9742425096122052,1
-53.0282433640427,-32.257172609157685,1.3743606348050028,1
-42.3818070118531,43.56256085700826,0.8727376512797491,1
-49.600987427482735,-55.08531722145987,1.0956016895147784,1
10.928899277391167,-58.379372516155996,1.0988049522314733,1
-31.767513442211804,56.07647445448439,1.0345214556662514,1
-21.901382271629515,63.01234419924879,1.5113325413549024,1
44.18800013055279,-46.532661655130724,1.1489413890087776,1
35.27015161898242,-47.68032632206119,1.0273024964498472,1
-61.414447341799374,19.294873874639105,1.1138744593631278,1
2.386746052800815,-6.326511797492594,1.0051029075864228,1
41.56825222096407,40.84895888998302,1.1819400585503215,1
-31.986367233059166,-57.00788876017933,0.8234846084445058,1
-41.17833226713261,46.92686644361972,0.9920713904224638,1
-58.24568567484235,20.947056948333074,1.0880005755443918,1
-58.522469353581535,37.8367020386655,1.4085859117049884,1
-51.63417771374331,-52.42400209461759,1.0236003597576726,1
55.145822041882006,-4.750657396681613,0.9691376501347274,1
-7.557484248012461,61.27452817335482,0.9248836912965689,1
19.56512890787876,61.049826853021784,1.0712007454094015,1
53.07367600152038,-44.18767876795348,1.1071461601108235,1
49.54388764024457,-41.49988963165596,0.8438242334311297,1
13.804359998146435,-8.325586769310096,1.0329741770430894,1
34.471472027824404,49.143247311888004,0.9841911806327159,1
-71.17033851184448,-0.7770547651356158,0.9106914310389478,1
-62.56177349829032,33.255620731354476,1.2779183387400617,1
55.537241687843625,11.235479197134481,1.1581943633095173,1
-28.339819909726927,-66.55993293529104,1.307974819203021,1
52.00576202758073,-36.776301591444295,0.9096884867481538,1
-39.76862166481877,-57.57050285368853,1.049289619114033,1
2.6583452491481263,-62.30730299843742,1.1049770035965063,1
41.17618984980384,33.25460177677129,1.240068580688197,1
-48.03057863946517,40.91175433951313,1.1989216802866085,1
-59.821228693258966,22.270847300906297,0.9796675810120615,1
-17.38451151301374,70.97935730996785,1.0118185286683359,1
-26.7827781952421,-62.19707636225705,1.0112231807160978,1
22.140689460062106,-55.27115345561356,0.8503593370822153,1
19.572103330403678,-60.004600337009784,0.9551983127336344,1
-20.551294988224655,61.47658686720006,0.9586264967315088,1
22.559654471679004,57.90311314397611,1.0909695382708617,1
-2.841697972566378,-71.30590106139084,1.3842622310875607,1
-36.367508028396365,-58.62147612512036,0.9432601992932816,1
-55.63906179914812,32.10909960825708,1.13074277112317,1
-47.62734543612083,-56.77513042039216,1.3380972880886506,1
42.61268066872701,35.14650930786183,1.0651432784819759,1
17.00617631150514,66.65902501363543,1.0586065564288878,1
-7.532417965266145,66.01832218309397,0.9455492198069158,1
9.210165241515794,62.333747986161704,1.2380855016187573,1
-73.96574884576478,-4.92026872617085,1.1287127362469598,1
-52.194836936748246,-41.457352909419804,1.083226092913364,1
-16.97345431678705,-67.4372528314119,1.0654353355052733,1
6.593254207615489,-66.60440063828945,1.1122532566096244,1
-64.32634809771805,-21.93747352494023,1.0660252387139062,1
-5.248635057977364,-66.30643159148906,0.9515337350014456,1
-54.86675076063975,33.88794318749472,1.2316726417600734,1
-46.259519121940144,43.82014184979924,0.922257207481516,1
38.18597513572864,43.34962938146853,1.2667996974990121,1
53.83059720621716,-42.16420560995266,1.3131071709608368,1
-2.152119418647474,61.68096004359857,0.8972216095368617,1
7.390375696370404,-64.54985578553931,1.1330137731133383,1
-30.074897391359737,57.51474049154871,1.2719379621207219,1
26.282527028859832,57.15995081748343,1.2159652601526134,1
-0.9095479739375214,69.65561885446033,1.1925944550082317,1
-48.10311645375593,54.37888577620362,1.4900824096105274,1
-69.8735964682512,17.533064793296635,0.9724247191464193,1
-62.271808136904426,42.24265459009103,0.9523059815956143,1
-36.907780391835345,62.28971262458036,1.0396461837608442,1
-21.571748034030303,-65.51883963719324,0.8828163629063184,1
11.636539721075447,-63.372704584260674,1.267885816470402,1
10.85779288347817,-68.81717727443578,1.0397302365238341,1
15.877211366810458,61.58899608417216,0.9541941893512311,1
-49.24991234485101,-42.21535342093974,0.97813132038859,1
35.141838571946344,52.63919376725101,0.972765585553715,1
-43.622294834897836,-56.19721334596335,0.896164024643526,1
-59.71472176064125,29.635182465069242,0.9766796488034358,1
-64.93306607782759,16.892395818036,1.0637397470524301,1
-53.934285042477015,-36.22913399600005,1.1404645027491334,1
58.16037236163562,-27.40140487583466,0.9026820904345179,1
61.43029721613547,-9.75794578338497,1.0537637080269078,1
45.76296010201328,28.123094684610027,1.0870922674076795,1
61.35503767471793,-28.4927161420556,1.1141168373913757,1
48.56658245999526,33.52681281220926,1.3786497156401716,1
61.67648392167954,-14.82043967375579,1.0679955640990575,1
-30.51819924363243,-53.194232885205004,0.8391805252193351,1
35.66404323584203,-52.71966972764705,1.3761677240812529,1
-13.333727750664687,59.68077299180118,1.0115112100772023,1
-65.42132688235269,-18.102869399385092,1.238644018482183,1
12.857717598459793,61.59556941006717,0.933234589331512,1
-28.097256731450546,58.82135758335623,1.0159447182009596,1
-70.3857478280154,-4.405305661758225,1.1598143722332328,1
-69.60071175892077,13.929691411877984,0.9398344472146286,1
24.090877395964455,-60.13728182353852,0.9413137787760761,1
8.748132678462186,64.35768095115094,0.9126367874627699,1
-50.82367871691113,-42.67355592682519,0.8181890990287617,1
10.708873017729095,60.47141243171313,1.1298545655901953,1
-44.68925017074974,-45.775455756423185,1.0488485144284465,1
-72.39231979572709,43.091625714058274,1.0868726042468162,1
49.13492743931687,-32.98221483759471,0.7546314509700198,1
58.746028338288276,-10.717064613397834,0.9945602397291334,1
51.82326068601907,11.057300031867152,1.0333215893425551,1
23.896522884815546,65.620489892537,1.1513198966084304,1
-62.63437401234212,-27.56037787956786,1.2902808330450442,1
-13.95985924727718,-70.68176673855044,1.224479653003666,1
44.72365487255843,7.065251264278541,1.053500148854353,1
-24.57569978398935,-63.098995467532646,1.2177802826948885,1
-74.07631470724742,5.465539477075865,0.9529379458844305,1
64.52808769789122,-30.811738607372117,1.0650135750157557,1
-1.6740695976999935,-75.32417965266156,0.8349006436541918,1
51.05763068921001,17.91642400105301,0.94203017239954,1
-33.48165143932844,53.1968277384914,1.1947018520190218,1
-34.716801603639354,54.51916497322426,0.7732278067966819,1
47.628994081738554,23.981096115219742,0.9544776038359268,1
-70.65497012148617,-2.1699536926462413,1.0475018312371365,1
11.075974936396612,-61.060558759791434,1.313334132061646,1
31.898601777114962,54.851820314343534,1.4861055441672564,1
-21.264563196452997,-64.47140760435178,0.742684056279029,1
-73.00163189194878,-13.962702811030494,1.158867024720002,1
47.076150083086596,21.896233521660005,1.2312779819230577,1
63.507217786544,-37.46215638061617,1.1470229870196,1
-13.613124831905598,-68.35895300017627,0.962744768322149,1
-63.49398403478352,34.96746443110246,0.9791230762152733,1
3.279899449918104,61.19720105582609,1.0527932143131333,1
17.827313160091173,-60.16916272788102,1.34283367940949,1
-44.23966809513102,43.613011026473245,1.449475711160113,1
-29.915215886457304,59.84435748555147,1.0066945877579123,1
44.83582122182238,43.051340616787435,1.294860969502192,1
-22.12483119954915,-62.6631490818213,1.3809639378222707,1
-0.3316060321647166,67.72074055294755,1.3837671842967656,1
-48.69494045275811,-59.95510785899265,1.0111189005975147,1
-53.24913998074454,-45.64013059597578,1.0098623930347013,1
-31.586430944390873,-58.89702040170771,0.9522796741316855,1
10.874910360706796,64.14718844860178,1.2889115573244485,1
48.15666159959299,-42.37903815670893,1.2670337435019081,1
-56.25066665831552,-39.672212885025246,1.1850172425507315,1
-57.943398241246975,29.734877907810244,1.060553382999357,1
10.894880750806871,-65.42299796786911,0.787367847343751,1
-56.49408421990323,-27.964096948648557,0.8993142723105766,1
-43.58719635508866,49.07620071973979,1.0488305525320536,1
56.20385234849953,-17.928221531692188,0.9601108990376216,1
-72.11778431802942,-8.172652603744815,1.0124656480344463,1
-63.399354165667,-32.0603870052804,1.2715012680960809,1
37.234570448379834,44.943844964133824,0.98292642461776,1
-50.93012903454804,42.94309985038289,0.9409998890961757,1
-65.8195383424624,20.548188011954608,1.1290597202977777,1
45.58027363454015,-42.759254694955445,1.1041214537322532,1
-22.744926996325646,-60.5241744485359,0.9367119337043645,1
14.215924488190621,64.34180563874496,1.2490038911451413,1
15.936983419102333,65.03904617659627,1.1207728192109077,1
23.451719240003552,56.74564067598476,0.8277726402371142,1
40.53451094801548,-47.529752644660135,0.9393325658780992,1
22.69158227560694,-64.65122031489062,0.9407063645723899,1
-18.423717818537853,67.98148751714766,1.5480693364447184,1
-78.91179137072719,5.397084003814872,0.8891200147134761,1
-58.52465464472645,28.06656332400609,1.002319711275702,1
57.12817665625566,-19.246315548099854,1.2085461880210573,1
57.77778173024456,-16.875974328329196,1.144525546805275,1
56.81093939574402,-5.251983051607813,0.9584603020046444,1
-47.20206356031263,-37.550136484851485,1.3379140547564228,1
-35.43905042853304,56.27380476546596,1.111354070722761,1
-50.28235181634796,-53.57765093836286,0.9701286067736318,1
56.296942872616405,-26.42950289259009,1.1849000726633727,1
7.235040701775845,71.17684923463574,1.1703002356633032,1
-34.07425745436775,-67.50067506592593,1.20618810844231,1
-0.8773198961208502,-72.41130472662483,0.8110658709178581,1
-44.15190709361761,-48.92625063545384,1.1685569373151565,1
-63.82787088401302,-16.606412319430376,0.9699623630991288,1
-48.81548625007265,-47.17518388790186,1.0779233864516151,1
-48.97484311154044,52.01253669859326,1.0771782015889164,1
-40.89583923935672,51.05763068921001,1.1909796911361996,1
-54.897437967395845,-52.080899287901374,1.0863018380333709,1
-0.8892562212381379,63.19985741477374,1.3007144755939328,1
-41.09527533819145,-60.60221466112341,1.0603286825397547,1
42.664647352469366,-45.21101485584451,1.2982818636548217,1
50.57324691509546,13.592393966628109,1.1263036706920218,1
-71.4336836847447,21.8807759806331,1.0149444004580155,1
-13.26803920821726,64.52858742442125,0.9591478305402692,1
-66.34983150892096,18.15448737422565,1.2860781201704528,1
-56.30594102539711,37.59621049347188,0.9169997078528394,1
22.830894098411463,-61.60132515811453,1.148972255750697,1
52.72596166906515,-32.83875857326198,1.1608866324071003,1
-33.753540166674014,-62.203771083735866,1.1677174243586212,1
32.95149530810136,-57.56445166431852,1.3525013282848373,1
29.271151677003502,-53.717043925342324,0.9060202791538875,1
66.83819851458784,-15.619427436294421,0.9871890631399182,1
5.4316706535658,-68.5215761504322,1.1465280902260628,1
-57.69914241182475,-26.793890272844894,1.0491634607092954,1
-24.940951332578454,-64.92458699698318,0.9701920605048607,1
-30.04285693057741,-57.99481905646261,1.2846423365115114,1
-57.51392612238866,41.365962921607924,1.0752892263532008,1
16.78212204652462,-64.0099477150134,1.0276756659133615,1
15.90074196820273,-61.35245161754442,1.3511025098022416,1
-12.664440949445195,69.12922691678779,0.9762674044018994,1
-53.204367500870646,-34.86341571026871,1.0504262329165182,1
17.464932503491482,-54.525431543910834,0.8989175480440033,1
-43.283203732190785,-59.892749336964464,1.2949362760635201,1
-48.889482491119324,-39.45637526985492,1.3988355442742717,1
-6.715929657761341,-67.81652228376674,0.9163023503368852,1
33.75101247429626,-51.89457772096356,1.1830857330099156,1
-43.10773975296664,-57.51458576140831,0.9199021242124543,1
59.736085069800026,-13.958786204351384,1.0090863489057722,1
30.069747778874227,-59.379673862000935,1.6149354242363883,1
54.84846711910714,-6.04294012482121,1.0597174100808693,1
59.220991948971495,8.822571942375488,0.8749547424172212,1
-6.478337558054939,-72.00937984810642,1.0825285500849477,1
2.3726533151248588,64.67533125836708,1.0860769163520643,1
38.776879769521955,-46.60349673754742,1.2458697117428745,1
-15.593866424283384,-69.11697647785162,1.2669426261531762,1
-20.078092479794318,-75.59632786533578,0.8861728670649793,1
51.88720528486171,-49.766212129404714,1.0472052647353558,1
-49.81191239515099,-37.27226029920473,1.269296015689958,1
33.180922097183604,45.27654289876671,1.0084625821944042,1
39.07952843400903,-41.11467186650705,0.9692716180021802,1
-52.74207776359781,43.69576855754146,1.2064587912541085,1
20.251584953633937,66.12006594311762,1.3361371306034178,1
9.434037324520308,-55.607269519711814,0.9332061285455263,1
-26.201978172277435,63.69728080956544,1.1528435282988334,1
52.047243859318925,-40.23909651021104,1.144892018043151,1
50.47072383532965,19.601360158883363,1.0627873138443258,1
-61.955495521296214,30.228743359538132,1.107845838465751,1
2.0679683265705755,-68.93797443479485,0.967934808988496,1
6.59095787505915,-62.75048988094636,1.1750785803016308,1
1.5039769647786003,67.39981617536222,0.9839880197804874,1
-75.04758618787469,10.32039365486006,1.0635030850608027,1
43.16970917420055,33.44027794526245,1.0518934177136992,1
44.715463276889686,34.252611182411364,1.0510780664858586,1
-9.780326392979877,60.67830873374617,1.104592357411489,1
55.0774594525739,-36.47144139588106,0.9775055058105164,1
-58.59661363329068,-21.540292306662383,1.102044485253778,1
-29.11230773307853,-62.02270222141314,1.3967097506887993,1
19.09057552933591,-63.62342804617648,1.4524979502296442,1
56.39667870049689,-35.488449915633616,1.0286502856514095,1
24.46469196039857,53.92760070041137,1.0389645546960542,1
-10.78419846335564,-46.44098566998162,0.9702678155010686,1
26.409119322005193,-29.712497298215336,0.8325886470591927,1
56.64196579330239,-3.7677756253047225,0.8019937923708309,1
46.793378541057976,37.72475553319656,1.0448162769367577,1
35.95817941583757,-49.10007336997439,0.6990538709430307,1
57.47937360231231,10.939641969996716,0.9583281705829998,1
32.79505325975557,-53.66691135984973,1.2395233962956427,1
59.4973287266414,-9.154206458952409,1.0338126443471836,1
46.49335517646996,-46.822206408829814,1.4884106903158862,1
-33.76530597286104,57.13833574181826,0.9860861701840199,1
43.048833988512804,31.167415966761837,1.2518042303758292,1
36.00592471630672,56.498889753392014,1.0329868817693675,1
30.3536156838421,56.901839102406456,1.3446299267244757,1
31.82025337517684,32.04306477736627,0.6942150899546327,1
-69.17914245818739,-15.279038710364427,0.8094748560538674,1
-24.895376273039723,-61.0338665395127,1.4237649616769532,1
-23.914427372491478,71.027102610437,0.9397143415643585,1
-26.84598882129802,-59.85326994163902,0.7392270008975274,1
27.38073618655263,-56.018964224211814,1.1096949634160853,1
-0.11503020164403278,-76.15857783175106,1.197300940610614,1
64.22285473334883,-2.2787529769372807,1.1701708944246756,1
-4.612444206338317,-73.30646798209226,1.4504261868492467,1
4.529835382011733,64.50711455983085,1.3706553661474932,1
37.916438871844804,50.52330460601836,1.1840805618452874,1
-64.05479670129968,22.136660950335024,1.028183403621799,1
-60.53507283233866,10.26800533473846,0.8966541099324832,1
-61.22300303659849,24.63458565456801,1.3331517691102108,1
-55.41486681002575,-34.33245193486261,1.2255462966987458,1
-36.11915850323021,54.70885576157469,0.8960188647544953,1
44.19699828333355,28.315258625350953,0.9156121587609192,1
28.121047203887414,56.784190522589626,1.3154524270570318,1
-50.96137000278024,47.34293079988548,1.1170952000443226,1
-17.12482862168362,65.70531014223411,1.4084743836513822,1
-1.809785614283589,71.72466145029146,0.9803877300695953,1
-63.86418850958296,30.97644222508841,1.1169427772204554,1
-24.149796783398045,66.51964783802018,0.859500763682839,1
-11.74335452789429,-68.06689398134895,1.1253432426689427,1
-37.525953980381004,53.931403860552145,1.09173351329912,1
-66.2329756118357,-22.69620959410293,1.1709821632233677,1
-58.825267041757016,43.406446289026846,1.5766107337600694,1
-54.68741810398716,-31.98011292572032,1.2279728606719904,1
-65.7613927849443,1.6627300888385617,1.1016593109516504,1
30.411940001555685,-69.93492886220491,0.9756419821722784,1
55.36101371451543,7.489143156373945,1.0922709949258285,1
-73.05699049680129,-10.00967753548544,1.1619950990644239,1
-75.46343677902995,-6.59800264733426,0.9801960373538794,1
57.90311314397611,1.2533141373155001,1.0096644464255171,1
-8.242032493489083,-67.1119879719657,0.9560432564972442,1
25.720791240241425,65.24196370359022,0.9368211613075655,1
-68.32331433033923,11.714800965849003,1.3127843852682184,1
-30.053307139209593,-63.9743999998556,0.9053511868150703,1
-57.572109666685094,39.77504891680496,0.9201462643205128,1
60.33981968252529,-22.764142567767312,1.3660740594389287,1
14.941684193561303,62.51857868443795,0.9729417162655308,1
23.75030290212873,-58.2916405265439,0.950860739668395,1
-73.38971652767458,-6.936821290446223,0.9774070812993891,1
9.60200347136874,-59.89628691719077,1.1274085312042632,1
38.589286509548856,-44.436380627718755,1.0097178062784213,1
52.36795414051855,22.400651931870332,1.1821312505009325,1
-15.646572235060532,-74.51014591594972,1.420039275693785,1
5.350687278539242,61.90022115421465,1.151437854005505,1
25.277779506981993,-57.31953874878858,1.1711649480421527,1
-31.329720147544204,69.3552710736965,1.2639815751307237,1
-54.26850214576116,47.09327870962992,0.9196813685272781,1
-60.54244526844051,32.586167570203,0.8685596381390933,1
35.680133254281834,47.71194897251064,1.048746564993192,1
-67.5178230259536,19.78957444981638,1.0521698756903344,1
47.506435172337994,28.753358057249777,0.954461952662292,1
-8.503417782498227,62.353440462070964,1.0954289391969234,1
54.06483859844739,-45.751188154254585,0.990426166261721,1
-61.217729043301986,-24.343627147985544,0.9897015147281784,1
53.25138951893972,-34.40347306931048,1.022820695518131,1
54.85626325843327,13.364362358478049,1.3068688222946474,1
46.486560729520384,29.834573350551242,0.967161272984518,1
-24.396829585158564,64.90638799419517,0.9109013064316651,1
-13.890453917609435,-65.52699637500804,0.9915752056006281,1
-58.60840953105367,34.89865502748514,1.023011613429591,1
-59.24645407143681,-35.338162978759165,1.2098401578739435,1
-70.09556489952281,10.533134446988143,1.2032476541441783,1
29.39363464951388,54.88832295548811,1.0525514368021955,1
-28.801627404159664,63.27128014520688,1.4923269002318658,1
27.948905262135654,-62.53109164361889,1.029752981490014,1
37.45738185056926,24.016284013492356,0.9750883345786212,1
64.01749568530815,-27.638560809086115,1.3390520029955055,1
-45.248888879588925,-40.996117857714985,1.095290264059344,1
23.001396339749213,59.795412029988555,1.0909200182528263,1
-72.98068115463353,8.568292046695005,1.1395949747206149,1
29.1306014487474,-61.54488593726144,0.8629853498061378,1
4.953166145418098,68.62152432104554,1.2343911099078193,1
-68.82660596822592,-5.3843358330554185,1.068237358543076,1
-63.41411445062912,-18.380747048115605,0.8917691419822918,1
-63.31946261848283,23.68086252425045,1.227927633361843,1
43.76232561196825,41.1164402109689,1.2659363016456835,1
56.32697566826117,2.031888071102406,0.8737299128968267,1
55.06748990829979,-29.539047573854695,0.7739931530618717,1
27.757609946440123,64.72378060705097,0.9298658008294889,1
-8.879248618981347,65.76042869714635,0.7448259718784457,1
-62.14188582889701,-38.48317126757208,0.916873765484687,1
3.2854734885342123,-74.74228380319366,1.055917757489012,1
-33.99166985276397,58.98185852645121,1.108272497381205,1
47.55301712272703,42.71522455268921,1.4712201783656147,1
57.78464920496959,23.33739598428711,1.2435276167767622,1
33.01229437689029,-60.05221706996236,1.3768707596117884,1
-35.0622272073385,-60.50450419484316,1.2867874912614177,1
-16.19281865411627,62.13430167155327,1.0170190084071826,1
-0.6567366079533232,72.60198134641232,1.0669053929004393,1
-34.7044231924066,63.001471270463234,1.3036816259701163,1
63.5987296124432,-23.081868695560473,0.8705758367223936,1
-64.9371241310742,-27.227820416008935,1.2062308896819793,1
22.159402537504047,67.14125122064034,1.1242440131486768,1
9.591769757142687,65.8851575560042,1.1598114632708676,1
57.37330307683822,3.167466637942807,0.9694089795487418,1
-6.731034160994427,-66.4256492777215,0.8566233394088674,1
-53.69150469386497,-42.12790821938798,1.0377898634243925,1
-5.915642728129167,64.50055876280489,1.0372408542083298,1
37.36268700463877,-48.10776687522363,0.9540907806420883,1
-51.30658832737064,-35.90361335815851,1.027449918640961,1
-74.70330711079143,12.3152575308217,1.1390587736538749,1
53.356367968048204,-35.809970045631204,0.9057257598777996,1
58.25944755556583,-5.983960636006359,1.024955000318919,1
-23.261510388575672,-66.22153811821585,1.1993240815631014,1
45.12176642205863,-50.17434263053052,1.0390293971795912,1
-25.49333793383973,-66.97803587898278,1.4567565238400357,1
-73.18215185434053,6.86132521355813,1.0734990472808454,1
32.40766525367624,48.46527789782755,0.8299222693931033,1
-43.97309619595855,58.967290784205815,1.1172799261894606,1
-16.637745172863266,69.27067236942767,0.9194014479262036,1
-9.669318569389095,-71.37624012011774,0.9600731651740941,1
35.87796028968168,43.26882748179215,1.1667697366643814,1
10.940160940653994,67.05593914098019,1.172053901245715,1
-34.86264179416335,-58.25176234944751,1.065176931100718,1
-62.78648077355269,21.016938706292475,1.0703941301849442,1
-43.52243928369602,47.00517809821274,1.3363116516286482,1
-6.880172399638205,-74.33719476952561,1.4095058607279416,1
17.87341207088898,-70.06026027593646,1.3413135400547005,1
-70.09269899478463,0.8861668194430692,1.3350735473252833,1
-30.610944489793777,-60.244303952481474,1.0391165405630525,1
0.7161795070374368,64.3755854388269,0.8199882233380126,1
-50.05945550127662,48.75391994157296,0.7500734078572466,1
59.48081446977326,-20.981953145881853,0.8755810681140423,1
-36.08658533755386,60.28947390037988,1.4097261143129713,1
-65.86311525794969,21.973802979585006,0.9259598756949644,1
62.08828713822611,-11.266398870082545,1.0600034402253298,1
53.600067939192876,-37.54571065643721,0.9531531277069895,1
57.555419544591786,16.56193988229984,1.5806806381986525,1
-68.09919227284279,16.806696833530786,1.0275397522590999,1
20.60189135373446,-66.9485837970842,1.083500831365899,1
59.42028288914749,0.5475003863009936,0.9166123249439105,1
-26.23007444524582,-63.79368958935896,0.8498552244613613,1
-69.1578740970693,-18.234328126676836,0.9815491752268303,1
60.14058707108525,13.730980950294242,1.13958085050412,1
-56.01311542490434,47.34018159468105,1.0446917976833139,1
-71.29722683754784,16.701773177704396,0.9971804529333136,1
-49.86661834640917,44.00966740227134,0.936533626918528,1
47.424455071863626,-44.49265187470026,1.2766880341220792,1
-41.65702863902394,-58.49452075252186,1.1236843020520364,1
39.39235962145803,45.58582031669211,1.2153196369715953,1
-52.14464278333731,-37.78234023680293,1.2479717447038647,1
60.1314631948981,-25.255341997532184,1.0885766218684065,1
47.63621028468831,26.81886792521184,1.0895671289472848,1
58.27910738517076,21.613402298005806,0.9144367921590155,1
-51.40012183604135,-49.95311369568619,1.3375764730004427,1
49.76158450797462,41.81557287739433,1.027722334137534,1
-47.27987286664071,-61.32073244080508,1.2350826156430852,1
56.556960922415,6.141239272845951,1.0774151082704355,1
-31.617141761595654,50.75310883377866,0.9384061801169244,1
53.633201531328815,24.076596755119493,1.0762909648588452,1
8.83747148107084,-66.25854072607946,1.2622964640276662,1
-72.6504428263885,-4.9819236958291135,0.7669328453999184,1
28.19121266201666,-52.68932633274364,0.8146882186258381,1
-54.07086414718448,42.01012579501762,1.0332651594235007,1
9.708708442276151,-64.4740601210445,1.0756005946266785,1
-70.84193251420955,-13.97115443596962,1.2453277597489536,1
21.878687123737574,64.8381180371219,1.1645410464802852,1
31.200149583054106,-63.91164856698866,1.147325854849359,1
-45.36997177082111,47.97363081737333,1.1272282916277143,1
12.64681405072548,-64.91292826082211,1.0178023090861152,1
-45.368900562156725,50.600683678950695,1.5030153099775179,1
59.666834922720106,-18.05317276924457,1.1915821471016261,1
43.87081524503217,-7.72716370044903,1.023717533792752,1
30.250766719965817,61.98962332409638,1.218723939112051,1
27.317606289265637,69.34231242443721,1.3010644688727744,1
-79.09518071876084,-2.5140007107328497,1.1804354810141313,1
-61.38732644571319,40.2439169492007,1.2516230983499297,1
-66.6345349672741,28.632531155216842,0.8613895116461768,1
-41.810559620845076,48.81909227671336,1.035676674008826,1
0.25880123095216245,-73.83322413346548,1.2584894075450939,1
-4.964346729269188,-75.99668967756254,1.271128932167588,1
-71.14445250556602,19.251207152572672,1.3191756031863877,1
-48.721691863756284,-52.9435700577419,1.2118742810082561,1
61.02033035729928,-30.741546250154038,1.2763288214459647,1
47.77447815278196,31.43497532555765,1.040168458685018,1
-57.15682154402915,-35.94732821118548,0.96778945717079,1
-65.61927169126002,23.597776936361086,1.0651668725237444,1
33.014932932968804,-55.693322428183,0.9131133401963524,1
51.47189138445714,-34.84950545347275,1.0358264182422554,1
-19.544962294071727,65.24915116817695,1.372977442472081,1
-48.60352224509509,47.86156027580434,1.2422723302312684,1
-67.54350421029685,-17.09697719640992,1.4038075329932427,1
45.102598088193815,39.36659705307985,1.082227663087058,1
-35.70470804128806,58.20046806675098,1.0098479543703789,1
-61.53772414219106,22.40162790653921,1.002319711275702,1
-25.868403794191934,65.93936339244308,1.0457438847293312,1
43.332441073299634,-50.3868092176183,0.869860164409947,1
40.27755853920235,-51.76847026132655,1.5089857621041196,1
-74.63485687713803,-0.19495997691575714,0.8996675577315532,1
11.854459944080393,-67.03102365348145,1.464814245115567,1
3.0343394903427763,66.38607093654313,0.8790640877000921,1
37.63581065893548,-56.322320151426574,1.129786816157935,1
22.434323057947452,-66.81330225507723,0.9662959673081344,1
42.90860206225986,43.50740770564388,1.2377999843706182,1
-3.5494802266237087,66.85839736664367,1.0763127959845658,1
55.277420026300156,-3.1896844794679535,0.9053929122472779,1
48.209146063219805,-48.49991494307702,1.2298305103214806,1
61.83080683276331,8.520607958149531,1.1835697768903177,1
59.967783275448475,-1.1059947562626322,1.0833866075117626,1
-71.4424867245187,11.569879936189658,0.8606487270011469,1
61.18052961305615,-6.310436681383532,0.9483557779847308,1
-67.82562783536117,21.778333105224863,1.0084481407171284,1
-36.399823445177304,64.20191190837028,1.182583006966269,1
-59.28175869502316,31.424311491556455,0.9091292263440831,1
58.233532325632,-0.7770547651356158,1.0488937764326156,1
43.110320105602284,-43.10663388755136,1.179483344005064,1
-44.95888473378163,-57.672503342710066,1.027154050245747,1
-30.5783071665445,-67.93218402645381,1.0495572874594363,1
-12.810189761403677,-72.50092464860347,1.2399262662730546,1
27.007737287321365,59.26284074578066,1.05292718352896,1
-62.06819663751994,38.6049901133577,0.9621308307317699,1
28.746933855691637,-57.435038680448066,0.9560353325020567,1
-37.139875602449315,-60.13401230839769,0.9992966676783319,1
-60.28770819997377,35.059813893852045,1.2471098354910377,1
15.435045644939358,-64.67100948547981,0.7678370096682747,1
13.649187771621664,-63.51915411166129,0.9414880455608293,1
63.09639117841616,-6.37822958244744,1.0747055685802531,1
-11.481892168182217,64.97027020806333,1.0051392247147646,1
-14.86917966798473,65.7850664964269,1.199593013597532,1
53.06017877234927,-47.468469544326304,0.843933784577547,1
14.534486158741965,68.18952401623815,1.3803124399124755,1
49.01795145316741,30.007682618365926,1.213823035299002,1
57.07055446704508,-10.680026898695663,0.8090169775372358,1
-63.38636249473142,-25.42034399010164,1.2667863330822786,1
65.98157377474676,-3.365380553902746,1.3023079817387446,1
4.026492320023452,-71.82549145525407,1.2010669425355014,1
21.177527492472738,62.70748400368554,1.1942407702935296,1
-62.553803817800414,-15.402335523223696,1.0996013688304305,1
61.53772414219106,-20.89536988468564,0.9166191106105629,1
-64.01749568530815,32.657785520906735,0.7211884731512075,1
-65.8861792794857,31.360099392394385,0.7211884731512075,1
58.22688596278263,-32.85771896662137,0.7072836921733714,1
30.821365771442537,59.38676609571717,1.2326503010989964,1
-27.52695616923945,66.88519779473718,1.1211348960802818,1
36.88161693172979,52.22218197247147,1.043172262049095,1
3.8912419882366946,19.65912746817742,0.9434047955091767,1
25.05011095098979,59.9245875590011,1.1092957739395286,1
-51.81586278781453,-54.78139685426258,1.1461915722755909,1
-75.95083672131932,-1.2571120589437255,1.1762780467315344,1
-35.97011574095485,-62.18158356175315,1.0574256760187875,1
-70.31668546724929,3.6317298162900773,1.3431524376041226,1
-68.10378807716603,1.9320569883032384,1.2247662736844203,1
-30.58365009302556,61.476451006588945,0.9846917462807934,1
15.369344846857848,69.92100314956805,0.8301772210757541,1
36.54703812162388,49.07620071973979,1.13495381521164,1
41.12009746883308,46.98029054119013,1.1836313048788714,1
58.45746362778876,-24.01060660757118,1.0449711897870102,1
-72.78621852459767,18.153471957679198,1.1296712204280084,1
47.6215137563279,39.22578352353442,1.3183035563796257,1
-74.51607262681037,-8.161506837473926,1.176569174171778,1
-49.099172515248554,-45.34395959061268,1.0149645126391087,1
-8.257947593645465,-68.8626489891683,1.0130531934750422,1
-33.24739882195912,-65.65205193089574,0.8280831144756869,1
-61.74326766071081,27.06155885291629,1.0364641265749892,1
-39.3353362291951,-59.8435891703715,1.3013195378962148,1
24.812039021311712,63.82233676964044,0.8828411363707511,1
-69.14812609822351,-8.056024760411304,0.9098796875619326,1
-4.376769565801785,-79.80662080258993,1.041903708763265,1
18.585604227941115,-66.98441849727466,0.9893882891759648,1
-69.50671319862211,-12.045741430865638,1.1976362798199662,1
29.802644311746494,-63.094165419694484,0.9790075173442785,1
-60.65742016479087,-37.229398040829,1.3034720244158442,1
50.88761083875885,-41.41133321515387,0.9438857132599935,1
35.673877853952995,45.36997177082111,0.9549034137996393,1
-26.745723690312786,61.65804229937335,1.010285626267316,1
44.595487906479974,32.37085462866419,0.8876885198645258,1
-32.91552686675337,-60.13867580286213,0.9690448153302748,1
56.702905537902765,14.251668724152006,1.1098545339042176,1
-32.60044583252686,-68.77521666679019,1.2799088259206222,1
-11.139750949904254,67.38898092836399,1.4432933122348865,1
-52.35093151566845,-43.707241681982545,1.0990629573341821,1
-14.046288929182245,67.96325174374519,0.9449106356760681,1
-64.50351049329653,-29.92141087637799,1.481340257824028,1
62.58286067703723,-38.82937138303394,1.121302628242429,1
46.103160541150665,-41.2528348297397,0.9686688976346419,1
-61.05800735170134,-39.69116219691569,1.0934269958794087,1
-44.002466789883535,52.335613231767894,0.9803012322229421,1
25.970947678154104,-62.82294082118368,1.0682524717402964,1
-60.597738539204435,37.449722708619,1.2194865101130947,1
-9.784205698642998,63.48453876882113,0.8088021964978082,1
51.761873871130156,-51.761873871130156,0.9553730719008435,1
61.030701604822525,12.28817542813424,1.0110033330058077,1
17.5332051420242,-61.96648950495689,0.8861439188936332,1
-77.3436041218009,-18.289560248909716,1.212250315926191,1
51.48642021457732,30.56571499938779,1.3968912846577644,1
47.30778824467047,25.201255038020907,0.798000044293751,1
-73.10999134340418,10.640637025808608,1.1119510454142176,1
-76.08412568512905,15.308336962925035,1.1169253016513798,1
54.806382796359046,15.867479192638124,1.39991410842086,1
-39.35684905423406,54.54701639849793,0.9637557517392866,1
-7.829915163123669,-70.7946583844687,1.0696289676053359,1
34.40619766526119,55.15672042568474,0.9530751389519354,1
45.1390981139472,-44.54212480117323,1.2521215000395463,1
-2.639555531619001,64.43174042290138,0.8565101856050596,1
-15.412814914539913,71.31062543881123,1.3151981924477814,1
-39.50923613823148,65.23201676599246,0.9871488551053057,1
-49.402694318536284,-56.84885478141071,0.8637241603950743,1
1.5828893363873455,-75.25919299368965,1.056083722602111,1
36.959574270414485,-50.14575827301281,1.2235522435613662,1
-2.7405802469298806,73.96503009930609,1.3546422591657579,1
20.000467862257345,57.64032147002287,0.8277726402371142,1
3.585461424202566,70.42888208102926,1.0360496279495057,1
54.197481011313286,18.185588132447897,1.129194853813707,1
-31.311964863932236,62.99296111274075,0.8541837900267386,1
-20.58419266476742,69.01583182817353,0.9412764050501188,1
5.239661683744794,85.81967481547133,1.1606876666416344,1
-5.016041691789357,-78.20401702595986,0.9500374849480564,1
5.7568896040692055,-71.21748699605777,1.1276408547165102,1
-50.17628575322403,-43.979667483612985,0.9770531881997327,1
-9.457936441107705,-75.06740309769937,1.2957993855899455,1
58.510488456675155,9.830481912943888,0.9046817269542013,1
-53.713463027807165,-39.858373647912245,1.3160576737462537,1
-23.40058782832941,-70.43625451713112,1.1381041927442608,1
28.97279918448494,65.79474368656439,1.0543623866990852,1
3.87840635095302,-69.46278997486003,1.2547179560723152,1
-3.2029139064729577,-75.00388826201426,0.8915267045735222,1
-47.01893997893622,52.115750804019264,1.0380767838284515,1
24.694846011069224,58.18795726609329,1.0235251691885947,1
-62.31321226465503,47.67293649813834,0.8516772103509852,1
25.57860238489688,67.48327050587721,1.0620024492445037,1
-57.016678235947516,33.85543297835705,1.0785763555540233,1
-34.42436163826575,-64.20681906425185,1.04524554129386,1
-8.616037347164184,-72.81755137803056,1.1568446724095618,1
65.07620716288376,-14.347404847657337,1.448731308881876,1
57.92101763165207,-34.9930422706395,1.022497160107935,1
49.156946448474386,46.16865234852217,0.9721075923216842,1
-69.02092660108947,15.666426716443752,0.9364782709072847,1
-69.78104092382566,-23.808209188219898,1.252847041651527,1
-71.74162939553511,-11.783081066361573,1.1432280006452864,1
-37.902053630670466,-56.18209885297946,0.9684775003802091,1
-69.96278028747858,23.130608689789412,1.0434965187984786,1
-72.8645506581799,3.7756088386629445,1.1501430927451948,1
56.29129286970757,-39.51437153392147,0.976361972064311,1
25.463609994097272,-64.62034359482239,0.9997342802882883,1
-64.23931239373782,-23.704348050427175,0.963421122072234,1
7.79194569760296,65.86624321155385,0.9310074454881372,1
-53.728184495451806,40.40406264452435,0.9839229917775894,1
40.68867410117242,-45.66128262435931,1.2505012914110984,1
-63.797430825589764,27.193175543515554,1.172892718851634,1
-7.270208857955346,-77.04526615303813,1.589358867636909,1
45.399812583614356,47.65179925574316,1.1312222422909564,1
-65.49476894838206,46.26228858824318,1.5395418327635115,1
-72.48129636558005,20.795844088188662,0.9751901229712772,1
33.845449870077175,53.63587691454474,0.923107481337442,1
-28.642227976395304,-70.23625758032544,0.9723315980370968,1
64.8088740405845,-20.422753867556082,0.8766113525131577,1
46.8823041631818,34.88391015528144,1.1206464801740117,1
12.512632596362558,65.83089475074091,1.0749356031835797,1
58.65510162636541,14.084117618082933,1.0258556211660022,1
42.71190137126447,45.92874099037429,0.9805702162726759,1
42.16437984268726,56.24970257051759,1.013486595025616,1
64.88193308419874,-16.742442756285342,0.9577607806755473,1
62.02537727925565,-24.25732543949727,1.018973003789652,1
-44.41135582255005,-61.65966822041634,0.8672965242707791,1
50.852803350197284,26.58195730970354,1.2357590820368518,1
61.78042941957597,-32.94624671124127,1.105760261434847,1
-12.582378714263822,72.76831403692171,1.082706624446282,1
56.02314193800286,18.40253504438603,1.206117102588009,1
-72.91826412120768,37.25700079266276,1.4965167162970754,1
-26.76307727067559,-73.29959527699806,1.0368798687515748,1
59.57799658202502,-7.292009526199282,0.9497530497873805,1
53.69881390152685,11.61024641749542,0.8503502109627213,1
-82.18129496665212,12.356827689430947,1.0842551731878174,1
-3.7635233094816924,-57.971150197144674,0.8739879737095483,1
-68.66156169869235,-13.400434756177336,1.0188656654320634,1
21.350060594967523,-65.14027361596307,0.9407063645723899,1
60.228226957340745,4.918177545741521,1.1346842873496685,1
-81.82918571170397,-10.471796251375112,1.5722610733376199,1
21.36233947666908,74.54019166038337,1.0152482293124379,1
54.69655712804428,20.224633825080446,1.1608883077370742,1
23.76711565275127,-65.59723920159347,0.9255181251487395,1
9.348584087885152,71.86617201015926,0.9608465753982677,1
-20.441553579615796,-69.12027467294983,0.9219095106320669,1
-53.124568151338636,-56.32393733095859,1.0747333079953747,1
60.869289935622774,-12.746942020108827,1.0226934160941694,1
45.899781837959,31.40121602219562,0.9610181353038362,1
-32.74175139414562,-74.788279814637,1.1052770884637697,1
-19.356740565206046,-69.94189171852334,0.8549652232053855,1
-47.061208612586846,-51.26644616508544,1.3242754672712174,1
27.43048895988241,75.86538348468419,0.9682436664903226,1
-10.24692351577603,65.34088428301052,0.8248642378345157,1
26.717579092141474,61.423386712120184,1.0739002604974477,1
-32.568263082527075,66.12638855513799,1.0317078969415125,1
-47.00375627125023,48.812109526519755,1.1042264387536005,1
37.867991434604065,-51.60073348204674,0.9499922705000504,1
-34.93613157766957,-65.89299076936243,1.0188752564550763,1
49.432988328700276,-47.14967784580912,1.0703323453608056,1
-17.57146420516332,-70.1438145517575,0.9970914398099304,1
58.26436251296706,-39.33194660340113,1.2024287499198132,1
45.53163113056183,35.99917809776217,1.2102748042687004,1
-56.2454278416022,49.307269956916016,1.0671068575464453,1
-46.96794729589837,-52.962966586057505,0.7692047499038024,1
-60.40761715735743,42.143218932546134,1.1170723803334017,1
41.06548597507545,52.58301071971619,1.0950464898164771,1
-77.09356431710697,-10.112524853045661,1.0375001820267329,1
-60.5241744485359,28.35759465473855,0.9667203823635487,1
-39.96093180977527,56.57723871450021,1.2736245671923356,1
-5.4832493507553135,66.59370730977062,1.347350603836316,1
48.087873000028154,40.933239724724224,0.8918837116831284,1
-68.86177863212852,-25.583274827952646,1.1387329931025358,1
-66.36096209644072,-20.574566596124463,1.0993606520297956,1
-77.11015229833615,-2.9945255638002446,1.0750283667667562,1
-43.18616683458954,-69.69565979962648,0.8218557662246094,1
19.733303202834854,63.72718720656264,1.0090920666808423,1
14.247781778035568,-66.05765491399909,1.3507081043266538,1
3.308749322512932,-65.97445618828795,0.8110658709178581,1
0.4094159515230615,-71.65336180159085,0.967934808988496,1
-38.15012275555819,58.42849230254775,1.4129993221846917,1
59.48421713258953,7.256367492457422,1.2931967357081064,1
-67.87218267787316,23.698081479740573,1.4283053133033208,1
-67.43221719425303,26.67209148474549,1.156831005418021,1
18.211618502992163,64.92167231294292,1.2230322120143973,1
-72.75857188921572,12.51593902225066,1.0423666037858899,1
58.87109831811552,-12.461142475904955,1.0086644817089416,1
68.48108446291894,-24.62762279824958,1.092883387621759,1
-58.27233271415825,-36.92534435371965,0.8895727540542725,1
-48.43959671348429,-49.12394602020896,1.127549948179879,1
42.347556524294866,-47.688602924854784,1.0565949408087572,1
-57.18659581641649,-34.29114774568315,1.035969529871344,1
6.658231354488595,67.24030346697658,1.0086724070998794,1
52.501926028402174,37.72873430823565,1.160368625716089,1
37.66626754012183,-58.24568567484235,0.8291779979071215,1
61.8881653767026,-8.105170357920926,1.4423094889904906,1
-75.99148474739442,28.494266278643195,1.2303467083697683,1
-74.18945868102753,1.8961430012934641,1.3344839001186048,1
-68.54399591765478,-21.773261287481045,1.4548427252555798,1
12.403333837504476,-69.76036010736455,1.0666832511529811,1
-62.43841091205848,-29.843746296856715,1.0894319157615655,1
9.460828068978893,-67.70267476358082,0.8698978793968386,1
40.891462586813745,-58.88905359866429,0.799731627280128,1
27.69220236654091,-67.78617462437363,1.3072105538469747,1
6.141239272845951,65.58131133258263,0.9050043801388351,1
17.918070390724356,61.28706131472796,1.0830189483503003,1
7.480988867907339,-68.24511566327261,1.0756005946266785,1
4.793926575231788,-76.2641652556482,1.0783777235407825,1
21.58782236192453,-60.210443924640536,1.1433433511760123,1
30.784528497811973,-61.40717058622069,1.037393815527633,1
-20.923478618443824,67.16218594197952,1.2437001793938793,1
7.289907763744829,75.17329523224691,1.4564894852080887,1
58.073435321611264,-41.2051124837419,1.2488011264698757,1
-45.8016688625631,-54.8533820765084,0.7692047499038024,1
52.066250161621085,-42.33217702847069,0.968733188662333,1
55.18129319671169,-38.26864657391836,1.0870463638996717,1
-39.1114869819037,52.65940851140124,1.143395029502662,1
-76.10541213158822,-4.775126863172044,1.0791789205222482,1
45.975143454267766,19.569605029797735,0.8573686592588834,1
50.583758582053576,21.857798554782335,0.853975741029259,1
49.20438647208633,22.921117534469996,1.2041261261000753,1
69.23480165446315,-4.775559040460788,1.0784008255549926,1
15.266932835174437,-67.88262696235078,1.121788543104965,1
16.73482565317171,-66.0743103966052,1.1012953068260878,1
-76.45436117297764,-16.057812534763332,1.0933282703632803,1
-22.124412653083983,-69.45411198407116,1.0540814034764932,1
-74.37486085929066,-15.842424020832732,1.0098924872518982,1
54.0470833148354,-48.84165193118505,1.151110878630004,1
-19.100881576311313,72.36860303033545,1.139624548020478,1
-53.68884435725274,-47.13244477642103,0.8075494137967342,1
44.78365124911147,45.68258000966877,1.329311648332118,1
49.1730610629047,27.406487340412227,1.1124069543036539,1
-49.730528360260365,-51.19218562689584,1.2572782221607535,1
-6.223694150300915,68.96855769843268,1.2326472351030622,1
26.51373770097437,63.705220356136714,1.0034081058607716,1
-59.627714828794545,-47.95221321241411,1.5729480494759358,1
63.842839163371345,8.741251738100459,1.0430720749523388,1
-34.68099262828749,65.36928450484129,1.0909755433667512,1
41.305653068383684,49.51038454588124,1.1207373546398782,1
-59.57098503440367,33.354224182557886,0.9231182743006626,1
54.71198253281125,-35.15064111271012,0.7072836921733714,1
53.57917937023763,21.228008200781286,0.8458986038634985,1
36.106840919571084,63.83014963698998,1.0817762040810326,1
-46.87103405155944,46.57373627945202,1.010915535481375,1
61.02165361506116,6.598330311161027,0.8640320281292965,1
58.04038088282495,19.509923404211296,1.3347556956252944,1
-29.94418136874194,-65.90427059659825,1.023414359520187,1
-44.70153756425285,-58.96425244690324,0.7604455863283793,1
18.455050671970742,-65.24753398864493,0.9336501796151433,1
-61.132807267058354,31.405160017732605,1.046627208170882,1
-54.37816713277626,-38.0615837076001,1.1314581073554095,1
4.155519686536706,72.14389502922349,1.1133408569851235,1
-50.320562613217334,-46.62328590813661,0.7905170919956378,1
-74.73114808524886,3.9036150081753624,0.9376602021392332,1
62.753438855387074,10.22704336049447,0.9020757410409974,1
64.99900446184108,-18.58371536798239,1.0065091587187005,1
-59.39900421109462,40.18691137069699,1.0934049776372967,1
54.90908492705577,-47.05034109566633,1.0646743498433586,1
-54.3687672767464,-63.63660755081542,1.2365458216001557,1
-2.3812968608994503,81.32422277586055,1.2685681183471196,1
-34.95866924417394,68.45513866147977,1.0722059699942559,1
-9.137256877285864,72.0377114703676,1.131726709121424,1
-23.1521302456827,64.70519078013389,0.9999882208324427,1
-74.872986563228,-3.093895470401695,1.2390492106645143,1
34.483626880417866,-54.93305010694239,0.948589494042571,1
59.1657803718686,11.61466787849543,1.1594765214806948,1
12.055815350645494,-71.526904479178,1.0247911502963802,1
39.36973033842315,58.53499235487266,0.9950167355894423,1
-74.32152834280916,14.29867954919946,0.9786881287519988,1
-65.4934968880931,-16.32441663853439,0.8504402004367568,1
0.9830210884245582,-78.43179470639083,1.2950240738452181,1
-16.010771610736505,-71.78451669515233,1.4195329761142979,1
61.607762285158685,-16.993465214777803,1.2012883999035926,1
56.94746111427304,-42.56568138857767,0.6562655153429195,1
-2.596983479879335,68.36974353258066,0.9250440379996827,1
-27.034324675445966,69.17955304430934,1.2282504990966474,1
-39.7987882830122,60.17120743763415,1.1288583870601314,1
16.947085889482505,63.141966237954925,1.060527421588634,1
36.14523634644279,54.498562549049225,1.2495020793478833,1
41.781912440563595,-49.58468816973637,1.2009160339322458,1
0.6104852733375363,71.50763595709435,1.135169457854288,1
-36.104730963110974,67.04302253795473,1.031180793982146,1
-36.33471621726483,-64.55023557770213,1.062607333216275,1
8.46389483007284,-71.81030075024307,1.4583983448876063,1
-51.95683384804592,-47.461613808874304,1.3500589647200882,1
-60.80852318957114,-31.478440428636276,1.403054705931761,1
-76.58112658457799,13.392297296271266,1.1817230557126275,1
-71.84623292161105,13.598458389873178,0.7381439406897562,1
59.47727570044437,-37.9704051041104,1.0202199986405647,1
-76.01350242818509,0.9399856029866251,1.009357929016923,1
63.9351927984107,-12.371423419953006,1.1191580435971331,1
49.95026525446502,-50.397470526188954,1.3012833343481804,1
62.58549476098683,-13.335262421036933,1.021161783744495,1
-11.086133232799838,-76.41228419914911,0.9307643189315039,1
-54.69530641954968,43.828734115473644,0.8770884664349741,1
28.352750928603975,-49.59410460399557,1.1044946066431347,1
-75.84960750253613,-11.993252206311393,1.0547680597949332,1
-26.965053664343,-65.009404302555,0.9711413581960685,1
-63.935574208677686,42.969756960679156,0.9945149685001264,1
-76.32683096251397,-20.090824559919415,1.1633706300679028,1
29.028683595822844,58.712946894241526,1.0748700886369522,1
27.381366784860717,-64.26663832042141,1.0654661827385676,1
-50.376961749396536,50.96601939393483,0.9106436009118302,1
38.00611176810411,-53.219810724742075,0.9917160488370824,1
-72.28280401277596,-29.954207881840453,0.8260897004385933,1
-76.74460234161911,-8.450375622809062,1.1257525487993323,1
-47.25958385477371,-65.98698932966109,1.04920918970219,1
39.24610516918547,48.41143013771247,1.414104926555522,1
-23.332531523023572,-68.2116219233961,0.9986258771119508,1
13.63884295652002,-68.72339186279991,0.9749942264241657,1
-9.650518857329352,-77.34771229618187,1.0862027223721533,1
-38.081950062331465,60.52880626165206,0.9482870371973999,1
-32.422540446720134,-63.67532103194584,1.194384234425298,1
-65.72588221772037,-24.961839901533722,1.2202167180074412,1
63.01305392668818,4.350790505252387,0.8740246172799667,1
36.27419851525435,-57.85174781047958,1.1148088767680233,1
30.365294918879936,66.84174957131027,1.0042734547481327,1
38.37040220999543,-59.44127140340876,0.823749119062351,1
-69.61170574258144,21.00950277552561,1.2628914354321708,1
-41.1826171017901,55.07833589602657,0.9443878030362648,1
59.94204126492598,-27.111324594758948,0.9470453667643982,1
-7.727671115079516,70.07015486123109,1.280524028221408,1
-51.22399322053225,45.08797608992512,0.9880841519781584,1
47.97747654918728,-50.533014643811065,0.9154053501511527,1
25.500942755634306,-68.15095618589837,0.9924942706810835,1
53.34012130330523,41.65180649678514,0.8158530715849625,1
-31.839963614601317,-66.3234559711404,1.1377494124215826,1
-27.121717931507437,71.48277182178954,0.9359766945633612,1
38.954752198189915,52.298175734539576,0.9525387081929613,1
-13.960936498214437,-73.54496507341366,1.0141497112117424,1
61.76981935280503,-18.832205389218473,1.0465450717913736,1
23.899464936781058,-63.24999838612914,1.2029049676536092,1
65.14038791729794,-35.817752061516494,1.05604159275388,1
-66.04965503652686,-29.18365178260205,0.842517085734022,1
59.82287210034032,16.13194339601809,1.1516031772007749,1
15.805255359346395,-70.0062713592521,1.1293831544852742,1
-1.222930764289669,-77.9409476545112,1.1901457481022093,1
65.96522124201294,21.413201855545154,1.3885941400191117,1
47.93557953426696,44.72119739385781,0.8753762012015815,1
48.725108122324336,35.95859101325542,1.3416435701355496,1
54.074022365832874,29.327550813182704,1.0966963431800998,1
-63.08833605161395,25.541376244873792,0.9432420807016403,1
-65.30462941045599,32.59313042652144,0.8613895116461768,1
-32.90268249640642,64.26102706429018,1.071631964861152,1
-27.00474194535798,65.01358201634602,0.8016162526416767,1
-66.6763121051846,-27.948905262135654,0.8798478188976685,1
52.17333926715449,28.384018094713117,1.0615032416910393,1
64.74620833371873,-24.222384560517565,1.1288151893367881,1
51.13521680247241,24.23073998809966,1.3678386895053303,1
46.63292678611593,-51.15771218442421,0.9470512720495528,1
-4.080233802593808,64.78705709078682,1.057659948548928,1
52.33156211536447,-45.79913691481097,0.8368477296999495,1
-13.097132734946976,-85.1867978255366,1.0210822030042168,1
18.631162917127995,62.747820550633605,0.8090529647430643,1
-67.84484322732877,-19.5664454143255,1.1872060528561361,1
49.06858178881389,25.10094888202299,0.9544776038359268,1
-54.40902524600561,-59.870436547398626,1.2068464005861914,1
-83.20823499947267,14.119884365869545,1.023115449679029,1
-55.60637723691964,-41.795761453922566,1.3100864402619918,1
-64.66990035792466,37.09033457165281,1.5138690434200301,1
-37.479922073813995,-66.00302009188258,0.9717410014798916,1
-75.12723028822626,-10.116035536903688,1.1205457012953293,1
-37.159306829384434,-63.35065761523812,0.9401890830661139,1
-45.792965292165086,53.1718522756101,1.008375032971163,1
62.10395356494255,-1.3115037222622994,1.4877213729630636,1
56.82699169503971,-33.39001732723985,1.0991970215489661,1
51.1728162265919,-44.19185648174452,1.1388587327451363,1
-58.78588223199832,-38.90723017579423,1.3640727705900995,1
-31.216474262993934,-64.79634089921136,0.7793684577058869,1
-15.860120719483415,67.71884159213343,0.9651925328980122,1
58.11722097576752,-37.019766330956585,1.0226606957509101,1
19.02207424538525,-52.58663543246035,0.7937532786095343,1
-52.508640211280635,46.03318383515054,1.0019409681955127,1
-32.90882929491615,68.01762489469463,0.9728308360859641,1
-59.96585932830786,-22.993092277500605,0.9897015147281784,1
-0.5908480933058868,-80.10020174021741,1.0973113291305585,1
44.67814236702296,30.234950248599127,1.0483509561929152,1
-48.64757813598256,-58.38544919076116,0.8637241603950743,1
56.09780746107698,-41.3833661638282,0.9866769842326225,1
2.0749311828890074,-70.6637078235328,1.0634652413598742,1
30.737100000492337,64.43923221351052,1.2701414787658798,1
-58.52193699927564,-32.85249682438255,1.160854932946571,1
32.4839742636219,57.74307456951889,1.1379414026070036,1
23.938300022726054,67.68142089373762,1.0588940948790917,1
63.24223136894013,6.827428763026176,1.2771325204008621,1
-57.91803355037273,-50.09377243598881,1.2810356464009018,1
-73.42996624058247,23.154978686903867,1.30656986349708,1
28.50959842882942,67.7515237071974,0.9446225160744616,1
38.34481621165789,-54.83579170265134,0.8920299690687885,1
-29.024116864148425,65.62418786885921,1.2394408671204598,1
16.936612390223125,-77.91034517062221,1.43636441177553,1
-4.2394712992672146,72.42248496518111,1.3748369423533986,1
57.321575384261735,12.578260682098348,1.0042453822328234,1
6.864305121297194,69.16847906284657,1.0669347252262216,1
-76.45044550756425,2.8620200916505874,1.209810212880216,1
-40.77170145813691,53.42181881744136,0.9988009857442192,1
64.22129088326662,-10.675287475487329,0.8917901217991778,1
-14.770539203473797,69.43360320727871,1.0485669129034587,1
19.267412213413657,-68.53794212866055,0.9588533339590863,1
-72.59696808986304,0.23060980126604178,1.0205353697771113,1
-62.42131060899848,36.8850350611952,0.9359880737348655,1
45.95666809886882,-52.58288545093684,1.171758017063797,1
-21.08460014083846,-67.96818975441752,0.7804435851964328,1
-37.93364122274915,-61.821808679982574,1.0965724044281748,1
55.11001306653014,22.44924346434408,1.323751729580201,1
-39.41343142347427,-69.79640466808056,1.0699230126522485,1
-55.28138459142838,45.59249897479343,1.0240923817859224,1
-55.77006889104493,-45.44468857516107,1.4652211157018205,1
44.670394606901375,49.05471533452869,1.0454017499124448,1
28.590602100441178,60.6687596736523,1.2155956785556534,1
12.599807018756902,67.74029580899074,1.0353822791777054,1
10.097779980841935,55.649605175508825,1.0404522693701705,1
-34.76284171480604,-69.62543700380661,0.9976841194060534,1
62.36423400571804,-22.55626713617274,0.9359098165819345,1
-13.52615180502805,-75.26633438478545,0.768361145968153,1
-38.891531313411704,-64.37558543882686,1.3057109104869904,1
-51.523339890157196,49.45739303800165,1.0859878335949709,1
-75.04925913221815,6.933657243535743,0.8146946942989959,1
-61.96027005134315,43.65472185146646,0.8901199882761565,1
-56.42698760447118,44.255914759874024,0.890230298521044,1
1.460680658216803,69.7093323174881,1.07061456407962,1
65.79221753805123,-8.139767221538248,0.8851894195935908,1
-78.84447738340708,-7.625934481665847,1.3632102228110121,1
-50.17434263053052,-48.45183909822,0.936297060102028,1
58.20947882198655,-25.66973029390635,1.0598975645653006,1
-26.480737272708918,-71.67166416677068,0.8513502696171135,1
68.08002393897794,-22.76018473364947,0.9654786423816945,1
-52.90913835067281,-26.3003151276668,1.0642618514749802,1
69.28589118395223,5.0714461342088,1.0931427991873899,1
-54.4073307886638,-43.97975716619884,1.1912728412981792,1
-24.877403010123018,-73.18118900096998,1.1896626584737868,1
-25.086071916899193,-69.16315120922643,0.906756519226467,1
18.191285014890262,69.61818219841064,1.0821593613650697,1
46.23945845358374,44.42215295447626,0.8756804642458907,1
-74.77612025024226,16.29945656885055,1.1025072030876601,1
-74.97819434151532,18.074202045032965,1.207308851190899,1
38.206799432164054,54.049975578229216,1.2425190258498795,1
21.97310345541534,-75.40439175744977,0.7725449731004195,1
-18.785786347095666,70.17630788124347,1.0865695477934767,1
-51.15388318324092,-56.59913311600318,1.0013563470273086,1
-54.73457834057536,60.18257823121868,1.1193957762030493,1
-55.69574559192859,-36.763028766603426,1.0245858400861148,1
19.884477054443494,-70.35414083227252,1.075030250097686,1
22.915859542284466,69.37423569551115,1.2460462334474387,1
64.3638786584234,-4.882416062399388,1.3826386288382664,1
-72.62786058968011,16.2693724365577,0.9364782709072847,1
-8.637423262999333,64.48823450712128,1.0358861357469595,1
8.257128434078602,55.82408616325276,0.8541762183900947,1
-65.72432668598964,27.058252236894436,1.0000241820785338,1
-4.217547806268682,68.58543015156054,0.953693586415127,1
60.873467649413826,1.4246004027486052,1.1230198443561916,1
63.689640868525245,-25.617268017997766,1.0738975694832205,1
59.42830004030925,-32.04049387657179,1.1470229870196,1
56.71497134180101,21.035624480703344,1.02476398366246,1
61.65491715243355,14.96652401638444,1.232738754993524,1
-81.20418597881404,-1.6111881741152192,1.3064743597717805,1
-12.616695648976044,-77.58014509982947,1.0023037072670253,1
49.17350771797858,37.81739179551986,0.9975074139858505,1
-72.91065471394545,-21.990291763584242,0.857916654558987,1
64.22339729358143,-0.38622537700946813,0.9939556148874052,1
-9.253126569887842,67.18680835135946,0.8883473380720366,1
-70.2954976986326,36.85322016386329,1.170950713043793,1
16.684269712809055,68.6132521355813,1.1740478852185388,1
10.949408054183584,68.82973366839032,0.8301772210757541,1
-18.58166973721324,-71.71532168466543,1.2369312412084765,1
48.21678531129489,47.69755516869274,0.9289184936825213,1
-56.05839139811486,42.67142976891367,1.1331914611532596,1
-82.64823414259902,-8.009460658781869,1.1552899069368985,1
-17.819178058185678,-68.84380831913023,0.8538689534549548,1
-46.11694699666115,-71.16818997332335,1.01329782440251,1
27.0863302382185,66.68737075933738,1.1924211701615008,1
-89.32171964941679,-9.641723670400836,1.0440722052813476,1
-75.52368680105057,22.874261897984745,1.0134215004298797,1
-70.05601175343709,-16.524628261317428,1.104363543973963,1
-53.307627973819265,-53.448151074063745,1.1637204267786023,1
60.439820957902654,-40.03837343068098,1.4163177137830494,1
40.08195019914764,55.63750681882888,1.0449144078048538,1
-21.557003161826604,70.13859240951868,0.8632671408003904,1
-66.04474007912563,30.15572113529117,1.0137999310641674,1
62.62596763703084,-31.05467883167845,0.9036205693559327,1
14.791231081572585,71.94235574315942,1.0919455256643062,1
39.94993782611459,50.658077911599655,1.0762219240095467,1
49.703238734943824,51.75654061948201,0.9950984476797793,1
-66.89946315890175,-26.347108657371457,0.9664733935556064,1
-42.83827721344379,50.613838121349175,1.0308378430832348,1
-48.134099131846014,50.248781894443816,1.0581435236715344,1
-7.141252026619802,72.63549100861002,1.4121462593303415,1
66.5264059044469,-23.87440557650997,1.0229066287128783,1
56.19813296849594,33.47294644094511,1.0468378888841556,1
-40.71182089379849,-64.08612955473257,1.2035780283851343,1
25.251958914801193,-61.328838452638465,1.0682524717402964,1
-64.55283986681864,29.019593625156617,1.1788697240398922,1
2.2081116346522043,72.00175781228702,1.1108475450652178,1
-21.545609396941927,65.32615096634925,0.9788941606678415,1
65.0527006091168,-34.02747882811583,0.9501719441818968,1
45.15912009830805,57.71585326698897,1.3206819588379084,1
53.382230005802356,-50.62493890370823,1.0691739644042189,1
29.380109147973364,-64.82868448985175,1.125021603974235,1
36.48536710851792,-54.449536410040054,1.0590397715147732,1
-10.934401632140352,71.42973523573487,0.8960924372070123,1
65.11900262392447,3.562612100964903,1.4031249209476357,1
61.98096938587581,-26.441871433607506,1.3085558570794205,1
-53.632204199124054,-49.0778534416791,1.1570330325584972,1
-70.6676355886355,15.10725579364144,1.0309152217432642,1
-59.622242368993874,51.48614476092077,1.5760607088231733,1
18.750474718623686,67.62524995200918,1.0569758349404783,1
37.79176440786488,60.128055963982725,1.393327760676002,1
-57.70676059579669,-41.167191697023135,1.085621051833595,1
42.565477928490466,-53.16167927124878,1.2607506875843286,1
-81.5393323233492,-4.849361623613042,0.9167708618762156,1
11.397263757367492,-81.33811378872507,1.586430433120128,1
65.1108088100287,12.198164685545214,1.0766134926610698,1
35.32366950170792,-56.28699754585876,1.0947620262635764,1
-16.941403073416545,73.0867818223428,1.3120715317113767,1
-75.2952570187235,-17.382502996768043,1.0004361305201581,1
10.432586879014226,-70.57161244396117,0.9862948579847058,1
-30.919259767573397,73.78678097755453,1.1088450237701377,1
60.42812335928772,20.04132859843307,1.2484305386513004,1
4.732514182503327,66.6662855920861,1.0410915606938178,1
29.87993741444398,69.30362988933489,1.453337822976635,1
38.838276939811465,-60.82429917171917,1.0245909001326199,1
59.09674565570517,-33.833513544959864,0.9724035473990598,1
26.20429198299247,-69.82630830363757,1.2647605357777831,1
-49.76316764162174,-66.13210991398182,1.25959735688584,1
-36.972767050807256,68.41702618478945,1.0020816632167893,1
66.59055903263143,-10.068290236434509,1.525942274363426,1
-74.07598108325347,-22.935648712873654,0.9760783821440219,1
59.64465860941005,-5.000162222454213,1.1544077788594747,1
60.1841448738903,-19.82742965233122,0.9229419494380422,1
-54.93395227105011,-57.71511602337878,1.2735732123754195,1
69.42425011670173,-19.643360829776235,1.1600654825493315,1
-12.658472786886552,-76.17989068434593,0.7590687071974421,1
-17.896814324074608,-73.35980157621603,1.0024463283822989,1
-49.84772137050285,53.50132197685896,0.8435851527921792,1
-27.02221238484782,-67.96380753715417,0.8273215787140439,1
-60.33736694025509,-33.69649798199378,1.2328589867545912,1
-23.171314619035535,68.80480372129219,1.5378831655331393,1
-61.89852669687281,-35.38523581020761,1.1707666392007265,1
8.998795505925285,-69.39349715488463,1.0275981658388929,1
-44.28998831207051,-36.09811378051048,1.0232911658092068,1
63.3617782558841,-15.793686305771173,1.1461700780752129,1
50.73876028964812,39.4487019179938,1.4061825024354937,1
-9.28189705223655,68.98388460506551,0.8583460350491907,1
-28.311629118346975,-74.28319167507952,1.2865853514613714,1
-42.115676786688105,56.658442552435204,1.1107097265918222,1
-81.41528636001489,10.342348261127505,1.0114753005529111,1
-30.19433865772947,-71.9391782767523,1.5452773291623423,1
63.2306064262172,2.5229758503351216,1.1791959292883456,1
62.172736638430905,11.580622628795233,0.8191555443290017,1
-45.895008774291114,-62.255839269517786,0.9177826588040404,1
-77.8865107778399,14.784464916110633,1.0787196302836761,1
-40.907278217594126,58.48500899344405,1.0645607832698192,1
37.86053123140575,57.46967533815448,0.9622489593754172,1
-42.071543858850795,60.28146103043482,1.3112214045740385,1
-37.51292779167845,65.73544388660835,1.1937119513251413,1
-36.08928331466681,70.18353707632818,1.1245310759357678,1
-6.212857223549706,-79.53173425650647,0.988236078898696,1
44.873659372444166,-65.30769306723607,1.0330590837194573,1
-41.87930576263446,-66.49141724730343,1.4207369860719412,1
52.61027113331298,25.818271228699306,1.029577723401792,1
-57.67846249672144,48.072873768843024,1.0472145042964527,1
28.619428325599436,71.87965463193949,1.5458472760735353,1
-67.36662957446792,31.73669909935583,1.1397479275278206,1
-75.39579760336532,-14.049907257702126,1.4067154918970053,1
36.20920951484273,58.340809004238615,1.1301980801782534,1
6.432008152703139,-75.28908685681674,1.0224472358300076,1
-77.58014509982947,-1.2922100933011624,0.8010705102664392,1
-79.51993357144732,-9.827122213042001,1.3524582328234038,1
-49.5930954943842,49.898250240861,0.7714131315284792,1
-1.8699446928747354,66.66127233553684,0.753101016923442,1
-71.01069016340071,-21.912108834065986,1.2234060993670637,1
34.558218998509616,63.03146997115484,0.9973952562614337,1
9.170081771358419,69.8513745863839,1.2238557576970053,1
-11.460861500118394,-78.6782870106202,1.1172545373669258,1
51.0423787182268,45.513870801401794,1.0360406690008126,1
-31.004780026354933,67.01175794781904,1.1792360616432607,1
-63.60151475497059,39.10757879803465,1.098998391489485,1
56.34261416908328,-45.37242924952172,0.9849962158419341,1
-56.869128980690824,-38.053750494241875,1.0102942756768316,1
-66.63905141461578,25.279684883204265,0.9252854773684577,1
-40.51212617458623,63.64329189288112,1.0188022292554988,1
25.507667290321113,-66.34391139920093,0.9896068048263527,1
-52.46069145072425,50.706051658482544,0.8175972824494746,1
-60.50722140706499,44.87143125842229,0.988836419483264,1
39.817498674109395,-56.110582459210924,0.9165901251566596,1
14.121644175101402,-70.64902645207073,0.9314791653011336,1
65.33944369204809,-22.237970509768033,1.147815194802477,1
-10.899790045814806,69.61553590463097,1.1606746487524535,1
-77.277515588624,17.723696019890912,1.2631322186983953,1
-3.8451677732839626,76.02603556955823,0.7705831353707583,1
-79.23568563470202,-0.7432444302684963,0.9609854352349175,1
-63.13245833760284,-36.89497513883596,1.1390540092226609,1
18.852201284286746,75.21277395156687,1.5317625938511135,1
48.49666072391344,-52.464389427046484,1.2481403948613234,1
44.12292420419221,-51.64907559877175,0.9659867883672959,1
62.404422732063466,-42.678532767467324,1.0929858055803627,1
53.9008633321486,27.287155397633075,1.2314436569428224,1
50.57939922853251,35.141838571946344,0.9710330031095511,1
43.764921085291235,56.653841955490655,0.8462785217415968,1
-78.17831775627549,-4.318236891296138,0.9512832222162538,1
-26.797835172864307,-69.7172479857238,1.293012122698229,1
60.20921115663664,22.008196251260173,1.1092582250482463,1
-49.53933013429067,-62.01119837184359,1.349830348854835,1
32.142687183152916,-65.31694831009627,0.7814560828407312,1
51.48142932159224,33.19297015747756,1.424442344465902,1
32.37888869364698,-62.11617682095205,1.0383833735720251,1
-64.98956016204751,-37.996306929614924,1.0023390592143442,1
55.44603449802969,-43.62699071474048,1.317926877675817,1
75.23895429132413,-40.341675451911335,1.0263184797019858,1
-44.37627270480669,53.87460341689055,0.8157789984796936,1
54.563140907866895,36.91559833577179,1.1049423592443828,1
-18.304652975492875,74.44685975654072,0.9084028420002427,1
21.232615973344956,-68.82169101082467,1.196812912841761,1
-8.812094917194164,-82.23325390848358,1.3184170246408586,1
6.3227537341123465,72.97313520197315,1.0943317370527785,1
22.928685856555223,-68.24295477682898,0.8651532700064573,1
-72.30711071119661,-24.526218290775876,1.0900517781539676,1
-68.13851193205271,41.99921638046203,1.059373374580113,1
-45.86127091264879,55.47419034585866,1.432240667404122,1
53.36044058212123,31.183874582602854,1.0590631570153441,1
-76.36164524410607,9.29541318508997,0.8390072049148164,1
64.11887379795974,18.30177374031257,0.9292491548850761,1
5.5705813464937775,70.67358421547381,1.002685509500807,1
1.0990600896458935,74.05801101137361,1.2698277879773088,1
-62.498598314132956,28.635243956379842,0.9718479562103135,1
50.80742695117449,49.76139169041502,1.0596316181437178,1
-38.45883952790992,63.954829978442376,0.9462727374833502,1
6.548566367473488,-77.19240103859748,1.1824649892757348,1
32.31651513459878,65.40021043809976,1.1720726070528704,1
28.122441065763965,62.598220719919574,0.9238939736015783,1
-58.75384758869935,46.14854570460798,1.177089376377317,1
68.53510053700604,9.071523030513186,1.2128544042072487,1
-76.62951815039392,21.781653809081273,1.0526951480395186,1
23.71946739557572,-69.53108319573658,1.1460535060321146,1
57.690594659822615,25.42592941180053,0.9851902464407324,1
-56.64320261646422,-47.06524405129524,0.8754812241935286,1
46.10803454057354,41.04464542581897,0.9848145767778616,1
-79.45510304925345,1.905037488719566,0.9861366725180403,1
-16.19749202886557,-81.82017055420528,1.1189568469412567,1
-57.17874005783275,45.66099556202827,1.1160407030838515,1
-21.567997145487276,-74.67773341341463,1.0534768008832405,1
-55.658541461692884,53.486130290346054,0.8586384026567527,1
-9.876660321236283,-80.1221931218194,1.3764719625789972,1
24.239095415681785,71.01904559098283,0.9244072542521832,1
10.934683804178778,70.7698288952166,1.1621032821867423,1
64.70807934024549,33.07866706923259,1.1732487414816124,1
-65.78271540208564,-32.83194735557266,1.2725156658883345,1
52.28248128201506,46.70041293197143,1.0306097246027093,1
-73.3586162617009,28.511368192052856,1.295870827686795,1
24.188962850189153,-67.38244763133068,0.9248722474931096,1
34.65162926849895,-58.574889521577205,1.037393815527633,1
-46.92215312549647,-63.597658403778844,1.2629222455274067,1
24.13883028469652,-75.44672592386576,1.3379184470501664,1
62.029408919137936,5.316944205611524,1.0553732002758558,1
65.82907174835931,0.4662328590813695,0.7410562464795646,1
21.20511111558032,70.22897564057509,1.0389119450195217,1
-15.806503002379001,74.81548156163352,1.1532552991648664,1
-30.580864950498206,-69.70155312629099,1.102699659994582,1
8.222138618293602,77.42099409826557,1.1333841415351298,1
-74.82285399773536,8.397204720013852,0.979265284104873,1
-54.54487398116919,-50.4764234738835,0.9281484220798412,1
8.296130999262608,73.10864369379418,1.1074529100174795,1
-54.40427784397033,-55.260709171135936,1.0016381831085055,1
38.231651473177465,-0.09190970340313859,0.9544906652103795,1
-28.671746904122276,-68.46301342186926,0.9404578643436888,1
-80.99239391239166,-8.14654189255075,0.8531353528957802,1
-28.932274816029352,72.50261603070516,1.2648002746560192,1
63.1833800964053,-29.409288691703285,0.9679745575690043,1
-51.917046097654925,57.598736853485185,1.1523553187624302,1
-51.24861189108667,52.50988357848036,1.1236994260343116,1
-69.44847303602653,25.225602340036538,1.1194864844304784,1
10.616187127064254,-72.75180375115501,1.1067199095423312,1
-18.131277853164246,-75.54781021441785,1.4581457279256298,1
-36.30238972154549,73.23726587982927,0.9490623447875551,1
-71.78597743424011,-31.39069870076362,1.040308955803071,1
50.601829623103235,-46.019946311801,0.9431393852775113,1
65.27100029589683,-29.17555314121039,0.9731262734614194,1
-55.16722008812887,-47.58008426174577,0.9182818562205094,1
62.918648446215045,0.8499748603975993,1.0241155168536913,1
36.74995564861783,-59.65775293621781,0.8906482215611635,1
48.69543194849823,-54.93693635232942,0.8355232110428911,1
-4.637262308067351,74.93028092379095,0.9529992450828091,1
42.478065446570916,-51.43694057627058,0.8293705807603259,1
63.37397508756026,-18.004003316739183,0.9619073550638388,1
-66.17990140765964,-43.281114875295266,1.4307055629012362,1
46.99383095742989,57.23286254010739,0.982022338979441,1
45.35390364085553,-57.08042488973825,1.276378199991083,1
5.1256226443316635,-78.643301230104,1.0754400972861176,1
-36.19839795882305,-66.97173615183756,1.107908672646834,1
61.57689020898217,21.517837095035492,0.8523597993214105,1
-37.11898703349407,-68.88817946233584,1.4689341227975268,1
-2.531694557377316,-76.59754681617412,1.0037004750727494,1
-67.95811065471183,-32.95646492895532,1.3309964459973835,1
67.05610426800749,-36.756285517998215,1.145481580753402,1
43.05656275902623,53.286739404864,1.007533068060862,1
-68.92359121674735,27.83226018400926,1.45137170165148,1
30.99673736878928,-66.44273992504856,0.9684881616954558,1
67.77159967736031,-26.526666175877633,1.0011359329088605,1
-33.81859313856324,-71.01591230563953,0.9979589765661662,1
-44.566016604689445,-63.16397565695166,0.9541784262996881,1
-80.49639311690017,-3.707975728204141,0.969686787102009,1
65.47313053336174,7.6853222900186395,1.049915434228625,1
-73.20989319492934,-17.22489560023608,0.9578545581015709,1
66.33549861170408,-6.194010394417131,1.0956834434875404,1
-15.351491369118314,76.84422474740575,1.241356031588399,1
12.219812838826128,-73.39407588119568,0.9376448360238286,1
-45.93909966596273,-67.34817066731932,1.0989668942274164,1
63.37989698529287,-35.05897625700169,1.144324201388842,1
-20.02210026378956,-73.50443263250736,1.2442770005872335,1
32.26929192039114,70.43152502982052,1.4607717681200147,1
-57.90074840032081,-44.43589802697277,1.0419935160734553,1
-68.37321495402189,35.84055967282784,1.3500247426029661,1
20.425279202011854,68.60491938215819,1.15586258381468,1
-19.302854111959167,-77.9179949977145,1.2201795509729165,1
-82.78999994514095,3.0300712378627765,1.057206959455307,1
42.95468672992667,47.69178931672932,1.1216005090744923,1
41.14614035999811,-60.91269475423112,1.2450766389915193,1
-77.7932085031731,0.6705230634637812,1.2747312535864639,1
70.1368960448424,-0.559600770865078,1.790128834409255,1
38.20220853788818,-64.97538577597071,0.7047177642751947,1
-25.381139712513654,-59.03720959505915,0.9589807733109635,1
66.87977219241117,4.884669774134837,1.2627145166118015,1
64.57767758163715,-7.314554635439183,0.9913089190946289,1
50.46678259590412,28.730734557318176,0.9432429679034298,1
-24.850712714691735,-71.14312369057707,1.0148687461439059,1
-82.94581869364355,-22.32760522051266,1.4391082527854742,1
0.20480987121986324,75.71545821260395,0.9661460725092158,1
-3.4183528725605083,-77.90944724571237,1.010309174786228,1
12.514474992386486,69.59093413089914,1.0008187591114734,1
69.48978625481352,-9.399856029866251,1.3010564538926304,1
-42.62772043837478,53.877468134918736,1.0055006696964084,1
22.28392536146959,-76.7557429117286,0.9766105659663854,1
-63.86172664252752,40.990534085287244,1.2131389829387367,1
57.49737924528584,-54.34922407324928,1.0949973190089126,1
56.64353243597401,-37.51795870053949,0.9658076048039406,1
14.188835312450728,73.84658824866857,0.921648288460241,1
-39.23556875690596,-67.05914260531007,1.466897049682046,1
-81.26399343915324,2.5692939814967755,1.0940691714709572,1
10.717442687044091,72.96537817371394,0.8873765713179337,1
18.25345627535537,73.19118087556988,1.0634815594541842,1
40.12694096305125,-54.16704338226418,1.287013576978684,1
-54.80899386747847,48.7695863682894,0.8383436974048546,1
-22.83225029654512,-72.74861910047821,1.25862737497269,1
55.06823592861961,35.02714605668889,0.9341636672194751,1
-72.85097308835897,14.77657367894976,1.1117145435062095,1
-21.245573588311842,-76.7408044199909,1.1714632046454894,1
-76.49950979921076,7.5560916767487685,0.9599034153990356,1
37.97541836065966,-62.430710465028355,1.0122769841672539,1
-48.276466936881334,56.671682269375665,1.1255848415678564,1
-57.045846274052316,-43.078913527808375,1.0059222235328082,1
1.2464778783846946,-80.46504636863204,1.0810303773110737,1
-79.1824212126328,-12.01461336732446,1.0697022703766368,1
36.27615756518308,-69.91452607392304,1.32941068142178,1
-6.754563212383332,-82.38007158316542,1.0034938737201302,1
71.36473009232606,-22.782181675651355,1.0309365288259642,1
18.78796223969517,-72.49247302366436,1.160376685206399,1
-67.67395015848776,46.558113572996206,1.0552513104579981,1
-2.456495709138369,65.73632650219798,0.7183313481146874,1
61.149442507493326,17.406321636481753,1.0216680155269806,1
17.00014213803987,-68.10225252933789,1.092063681214909,1
-66.04013619497762,35.65916691701329,1.2770289705925226,1
26.66425827138727,70.76524947817643,0.7536893968496672,1
-67.88038890139129,-29.01422227885383,1.0521575025752687,1
29.044826461276656,63.729566540473066,0.9830098189250557,1
-70.13889959435627,-19.78024606127933,1.053922032106139,1
34.1162552461757,-62.16438121084881,1.0025441981381662,1
63.30771063815499,-19.77934331400156,1.0018247633693735,1
-77.72114294027746,-11.394714365093431,0.9429797972928903,1
-30.85659406070762,64.6343741491583,1.1569462610646828,1
4.559784706851497,-73.93869784268371,1.0598793970629476,1
-32.38043487219084,77.10719636876702,1.092573506463775,1
22.43795585254838,-70.97935730996782,1.18623282542166,1
-74.19619692907762,21.32562209032221,1.0125094109810489,1
-77.5980495875054,-15.084530866975847,0.7681371618603792,1
44.432052070258656,51.35695699599748,1.3520543103840015,1
-62.41504403831191,-33.67404424139287,1.0019189629669192,1
-9.359749977472164,70.51145336537003,0.7201253855027987,1
67.73833092680458,-7.961842967051634,1.2150981583258489,1
56.529288031918725,37.527117534619904,1.049483944880407,1
-10.587422540306193,-73.1832725525259,1.1228705831164485,1
-4.539782319609472,70.12988883912067,0.8920593931832758,1
61.67809532557038,-36.143908634662615,1.2216635170340266,1
-2.3864124288068593,-79.57521658371944,1.0074709149207546,1
59.48945075206401,-49.86399817748098,0.909991290506677,1
-78.47089336170727,-16.597460075592398,1.0786518460563022,1
-13.057067774819668,66.51399765133553,1.0973565206617883,1
-25.70911161028797,72.34048341608464,0.8588497892975335,1
65.1071628052656,1.473897425483027,1.0414876802138902,1
-72.09099245784768,-15.651895538040096,1.1972598811054294,1
-52.98947900050073,-51.42765676784602,0.9320544181707018,1
-45.419014497933446,57.84862122496241,1.0034295204027868,1
-51.85258994202156,-60.186532138913776,1.4507134012069798,1
65.44930209173867,14.42239638755282,1.2673696248719848,1
52.77646150609985,35.39478487030145,1.4704624890957252,1
68.01485160383754,-18.473850384030484,1.0283741445874817,1
61.53772414219106,3.2811121389721034,0.8983245188079496,1
30.976912217889886,76.95348803117172,1.0127393341768376,1
42.15465132036263,51.32891080551207,1.0377275547600986,1
33.57091439237944,72.13718084634499,1.0217374469998877,1
60.751554365147676,-34.53450136548437,1.164140818641003,1
-60.76030609759535,46.705023786657186,1.2051766861438882,1
-7.59917612645787,67.56897870502769,1.0320488358969195,1
63.289482752507915,13.142511350263568,1.31877869930521,1
-8.239379976796332,-78.92165541717827,1.06732899932418,1
-40.68759015381041,75.88065112962965,1.0534138764449952,1
-73.34513694821479,25.886308281867866,1.4713986601198799,1
41.78410076683507,-57.65593174467222,1.2166412112707756,1
42.18848203763562,62.443966672249935,1.068506177350158,1
57.571880121971276,-43.64218871009332,1.0547109205218683,1
-69.87036419452502,-31.951914658288803,1.1620272112360794,1
39.38330790824404,-57.74436001991615,1.1332016073106093,1
-66.4375856028388,38.97210150795338,0.9573391547686397,1
-56.031497365584954,-50.81771055435249,0.7775234727883812,1
-83.62738581237676,17.15473725450591,1.0173110371007283,1
-57.518323715852944,-57.826155258351484,1.5090096371613457,1
67.80429482876856,-5.84044387989022,0.768039498725135,1
-80.03543279534152,15.388583582388256,1.3010885690047822,1
25.11734369264508,69.52179938731206,1.0985250949991792,1
-89.93424159622512,-35.69438663074544,1.1693537976532051,1
-46.355787517634944,-49.303881667499454,1.1685569373151565,1
-78.70039131639295,12.280931244287823,1.2931443012325958,1
-50.77201148104628,55.304404647011744,1.4156091223344351,1
-79.56539469333721,6.903254268333766,1.0400912795281292,1
-51.57957363297517,-64.31780277405454,1.4922542960784642,1
34.29495440620144,58.872138952583434,0.9679036978281922,1
58.12806696349425,27.142285137863368,1.2602513156441773,1
-5.508614041629557,71.09872056114072,0.9447818948890067,1
-54.047137570858695,50.16349142587842,1.2665690792012552,1
66.17657292384995,-25.89918138186777,1.2726175345570958,1
43.10171893015013,49.66810201820311,1.0404993749466445,1
25.586890157194908,71.8631044580749,1.0250057349535147,1
16.869608288266623,-72.13574848733093,0.9979739636235689,1
65.55134941566648,-38.0267589397786,1.3086063703384843,1
-38.679867341288706,67.3548304484899,1.0949053387601082,1
-79.40776267728195,-5.5193416249628084,1.2837203454169206,1
31.959510501545257,68.05843908439088,1.2023198029378428,1
63.908858996571716,10.998678388820066,0.9089518066286163,1
-83.57296559325647,5.0099583541637935,1.2485742940700026,1
57.603407589400675,31.77423797689864,1.1965761453189139,1
66.39083499612941,-19.41244341575342,0.8751335248489567,1
-77.53899150129074,27.275482740592995,1.1594244214116989,1
-75.63268774800078,-26.356232219947042,1.2169157180862664,1
-72.00057623666935,-23.214162965610424,0.7793628342715219,1
-55.93452376667753,51.67831959530914,1.4082293246883,1
-0.9549060093832491,74.68558625888653,0.9262208054687845,1
71.2994922319338,8.571823768358922,1.355529851908553,1
56.0997333575055,24.387404255264098,1.2309004633658212,1
-28.60062861353972,-78.19176239883944,0.7897839929586373,1
49.62579064579244,44.089411673998725,1.1988277356789763,1
-29.732192234658864,-75.41728298857645,0.8748471882448762,1
27.328844583674293,-71.68297226425022,0.9235018285926924,1
42.67302542348662,-59.504570097212586,1.080372478673328,1
54.39383355949271,40.500846347350404,0.8936055370945419,1
41.7862766594346,-55.5374827097931,1.1595623561497599,1
61.21791294853123,-37.94084417756129,0.8244872718985721,1
-65.00635570059936,-36.41046935676842,0.8741887032734109,1
10.58025007191977,-74.90033159895121,1.0611876746165279,1
50.122481355883,47.9587137303107,1.3472480212217732,1
-81.66629256121426,18.255464687774946,1.2244574745429084,1
39.74492798164916,-66.38103979147809,1.5215466524614156,1
51.819719139006274,-47.40419702446396,0.9199775935377202,1
16.99209713385169,71.30840610753107,1.402426282879775,1
-80.25184401693616,0.5838609761640605,0.9501539165210118,1
-73.13176252794909,-19.03801826894037,1.2158536046397135,1
38.179906456747965,64.72378060705097,1.2194487942217689,1
-63.42506778426616,44.85144376499059,1.0360573638947228,1
15.432474744144873,-71.78147835784975,0.8616284843096643,1
44.55990287719035,-53.51651366337186,0.9567000131020296,1
49.038764063690145,40.140233688750094,0.7336148472530694,1
55.56296988161538,39.236214970436755,1.1650969538342955,1
66.65185719518823,-30.614490451743254,1.286608658790653,1
-78.79717909106476,-19.841941710763283,1.2408905748007513,1
-29.226255560988704,68.09959624194424,1.2300840749900543,1
-55.4896800231455,-49.287381856430315,0.9470709394639031,1
38.039417380437484,55.88981064679906,0.9948399727626347,1
64.48454079675726,-49.49673783271361,1.2910932141855962,1
-19.37799560028333,-80.41219529081606,1.098491435208111,1
-78.1518322501839,8.551120491263134,1.0773805722560228,1
69.77902881097789,-23.418633185302543,0.9445363989255263,1
-63.022901394909915,-40.13111867684232,0.860239699469717,1
-28.986458991001896,70.25063710692109,1.2529489315580755,1
-28.008586887722092,-71.76715476770902,0.9721472564052202,1
66.31464145413072,-0.9525187443597688,1.1974205824149262,1
17.654241231906944,80.80378564836654,0.9544793579426785,1
35.236357282381036,-60.53963033829253,1.0950433851018833,1
-76.92773500095291,11.102989761670337,1.2268754673884368,1
-17.303568308312126,78.02663826124811,0.8453561065680447,1
-0.40491687513270663,80.48204937161381,1.0535164511686366,1
-11.924388792173184,-74.66171360865195,1.0677530578598036,1
-58.48679944221161,49.43429047325853,0.8814573012103543,1
-70.77955360691752,26.167019510387103,1.0176724681722311,1
-9.427401395521535,80.00689181406015,1.3625946984315294,1
-77.08404158714208,-6.1830164107564585,0.9576359739632825,1
-78.80361842435174,22.132930848735867,1.3096443405840579,1
60.581027684040244,26.858521962671162,1.1160198361215243,1
63.671939073162605,-32.74730795928642,1.1948271518563054,1
-13.077301815052753,70.88205359635344,1.2697454999407753,1
35.82128468714864,61.66305555592261,1.1561178762090087,1
-39.90313486710206,68.71742370024127,0.9337928828651051,1
-22.537857704073517,73.7112188498555,0.9634025249586283,1
-12.333670249892105,-80.45394145975852,1.1795843607077843,1
-64.22936545614004,-34.630263246539,1.32055150904737,1
-77.43392511714265,-21.313303190681935,0.8889401186563578,1
-70.87821266028975,-25.475258938486647,0.8837164785950916,1
-67.17080150118001,44.451634321115364,1.0351391038961795,1
44.4903309225941,54.93693635232945,1.4844832346227705,1
-62.86089513306185,-44.73098702212419,1.1078769664551202,1
54.84852426977462,-51.831826288096615,1.296386864494825,1
52.222551499981286,50.24434756432655,0.882325085816752,1
-33.72186299617044,69.84816096039077,1.1767176700631843,1
13.765172817572699,-72.24055392613437,1.0255959164199067,1
-49.02186986058524,-70.25041828297742,0.8055403857349872,1
67.59958685300704,-3.993894384245381,1.1340815463280027,1
63.294506351761534,21.474520094669945,1.531349995036389,1
67.86556796437067,-1.9356740565205932,0.9864043062096625,1
-14.088483671430131,-78.84989614386386,1.099911759437074,1
9.681087494824853,75.83773276258596,0.9848243874587037,1
45.605594828636434,-60.996292434870774,0.7674012111290955,1
5.909144062231956,76.46918269169053,1.2722635735504755,1
-17.60806893552299,76.10401956032453,1.1616160699366622,1
9.039528215388046,-74.02908837743556,0.9719024314809187,1
-41.2573525900021,-69.03720617780219,1.3252306588379124,1
-42.62357905252976,61.913718383385714,0.977729218757079,1
-82.92406325127683,-5.709245889345724,1.00326945920822,1
47.943637778378296,51.138131486512705,0.9200928612958094,1
46.02096503631992,52.69638382982755,1.4613163462718342,1
29.578213640645806,-68.69300848977409,0.7093230656698404,1
-55.986112202127636,55.53605848918253,1.3200080290814495,1
-60.85112596261822,-41.37571410711563,0.9650370422178124,1
-75.82550530758776,19.96652986926145,1.184479159575643,1
-57.60768909732317,50.499607489976704,0.783191508364977,1
-69.63055257171402,-42.46688698336582,1.035177824133345,1
-43.4803596868685,-65.65437903937351,0.8199788603263269,1
-3.5643031319753073,-84.0759805676232,1.2726732833671517,1
-48.11333716027837,60.50722140706499,0.8945282808252659,1
70.81224875832577,-24.8179846625022,1.0536819768768648,1
50.614101976957016,-52.821693896018,1.0648119775791547,1
-72.02699938372385,-20.29404814653175,1.0274316864114401,1
-53.25110596370506,52.30374792461659,1.1783676120369087,1
-38.809354305873434,62.27043086862166,1.0396461837608442,1
-58.2951071401152,-60.07641319059767,1.0105158796923313,1
62.997138826531796,-48.2581645717015,0.9790889827299715,1
-63.90474274076666,48.490565325377574,1.2609711317382026,1
-82.49018754366548,-3.369203298548152,1.0648196336361317,1
44.02818840028336,-62.53300301594161,0.794808669874092,1
58.28775093094535,-45.486659638778065,1.0945792714403997,1
54.59794471899837,25.49957134806764,0.8863705395722559,1
59.92298918388228,-43.46668309252571,1.593762382124739,1
61.33065484993893,-41.5173930965513,0.7702370231231438,1
-76.23568084343647,34.89454433584047,1.1136333105952083,1
-76.31135794847302,5.51922410840047,1.3006999560216068,1
-59.90841576368091,-45.07876054479781,1.1914786843586622,1
8.427690739570187,-75.74759659094381,1.2431090962004936,1
70.09239653586762,-29.764603948246567,1.2947571341996755,1
24.681336261277373,-80.47619598141208,1.070902872626852,1
55.400282790973336,-49.90089227329806,0.8217270658618736,1
-40.581516011268086,66.92896432016728,1.1531455882896846,1
12.280021066991285,71.80015519597447,1.009329146705818,1
62.944505316728886,17.18063481703717,0.9962611354053416,1
-11.082877871404197,-82.32035821203345,1.0670126701309353,1
-80.5835415234328,-12.781525447641167,1.0622217877969762,1
39.61255995252803,61.655222342564386,0.8717322840590558,1
40.18960666991702,65.77620467929441,1.1625844270888988,1
-79.3022915625852,18.767218730246533,1.0308960753734584,1
-17.928658734298224,-79.17185405422015,0.9306387976073709,1
68.36459997250961,-29.327550813182704,0.9050751599836219,1
65.91468274481599,18.8324910448623,1.1759621028581855,1
24.025487093147998,72.93743359986075,1.0000838023203182,1
67.2983272696301,-13.317623185030271,1.0408268552464837,1
66.30543343189737,-17.426182076592863,1.021014980076374,1
66.18891216289528,-12.246271692836135,0.9357741945945783,1
-43.42984148625671,55.27616671216282,1.0291084420393806,1
93.32792729536213,5.1649735237791266,1.0692097724830436,1
29.53947484003788,-66.97027123920951,1.065687121009607,1
32.268546864171,60.34965101476324,1.2497868503194804,1
42.11539796263085,57.72926634428395,0.8714180482038631,1
7.321993118001082,-79.36117045285674,1.2452971337146246,1
-55.21508413894417,58.03174275280587,1.266488213914379,1
-56.21595949758984,-55.791760866498464,1.1564170343017526,1
-35.180356147577974,-77.32948227236636,1.2197196691515628,1
57.820147278548205,29.251645872472036,1.232400341033108,1
-63.058138013688556,-49.53878223740005,1.1103554542523666,1
20.301818406395718,-76.31186601759079,1.17250352121236,1
23.789355444088553,-72.86841050244337,1.186442893147019,1
3.301312073785999,74.29673751371942,1.3490329300384714,1
-80.80351239673776,23.26464367391897,1.1381892050029332,1
-42.500777620752416,-64.16520770863464,1.0478791987882086,1
-48.10339022268063,-67.46410956292577,0.9177826588040404,1
-61.30025409512076,-43.602139198186606,0.9201662289667247,1
21.075730533097463,72.02545684324714,1.0228106740447425,1
-44.08199149779262,56.84446269181813,1.0354238387684158,1
47.924139547212334,-62.82561246260493,1.097535161729763,1
1.7384679969214865,76.44407647858542,1.1138022236768095,1
59.61058519986721,-47.40627033155629,1.3656898522766527,1
50.67178204006972,37.05437820393476,0.9682693751326695,1
15.674259929801975,-76.64799271020107,0.870506197064096,1
-57.0629284815535,-52.02182050701783,1.0656305440358065,1
53.52874111837005,32.986616721394036,0.8824912404160203,1
-81.13897431299742,5.211455064000278,1.2949832685858111,1
-43.58484595902307,64.83698892528643,0.8530140935824805,1
37.00857602615912,-61.000589511913,0.881820797260537,1
-32.49541033956982,71.33086150480115,1.0833309300276446,1
70.7015393428629,-15.633005006115342,1.536285894291142,1
-79.82192208506548,3.8805443383674243,1.0309161544617058,1
56.95242851786607,35.05917034358893,0.9499058787620314,1
-0.6617498645025807,-81.80130711430807,1.050678953851269,1
-82.23164961400266,0.4699928014933126,1.316989274318172,1
-81.18008996233142,-6.589232411290649,1.0128694123576005,1
-3.1639787507332047,-81.54982579597979,1.3975350621048634,1
-84.16004432073584,-4.502978650497821,1.06236599313363,1
31.263705066690772,72.3637652248646,1.0717709028584053,1
-62.33497119065008,-42.34112927230864,1.194014171765906,1
-22.565103663580366,71.68411946254525,0.979904174782915,1
67.90369560517634,-20.636465536832794,1.1200275002078168,1
-47.54618086379619,-70.15900623827041,0.831079931117707,1
8.794481654106304,-77.45717842975321,1.0225180369564053,1
-34.323400221648654,76.84208233007703,1.1994972689892505,1
-37.494145731930516,71.73468796338999,1.277356609988881,1
-81.39285863334715,-24.030649485475614,1.062555573197824,1
-54.22490861055019,53.538310430977376,0.7054084183660574,1
-44.9883446570992,-65.12023106952884,1.3246980821309382,1
-73.83273582925611,19.67076538516678,0.9197888718432968,1
13.873642580892446,70.58338269846817,0.9831269396193969,1
66.41475089391878,-40.0679080507864,0.9798941616186693,1
66.64121930933975,-21.36148615640539,1.0456764946558952,1
54.47141967275511,33.98868577148463,0.6874745094598893,1
-16.48108090569883,-76.51482808311128,0.8689623858739278,1
-14.294047736083273,73.78886983445007,1.2868125516317896,1
65.73735380886791,-43.646151178677336,1.1131795029119238,1
-34.0937254325168,66.83029069919765,0.8541837900267386,1
-62.096895064993376,45.36033089284178,0.9244914063859081,1
65.80658805232021,9.810031565714958,1.4265950042986595,1
-40.0236917507867,-71.52126647029282,1.1644283907492712,1
69.64969185164344,-2.817795922516242,1.1032415369921424,1
-66.92384164730441,-36.89130163188174,1.277284110149,1
-75.69725920981594,-21.90967993069911,0.9528704496168534,1
33.615851145762186,66.41827684161966,1.0418128588771953,1
-27.715179112203856,73.85746337845183,1.2286607965778402,1
-68.73463955377584,38.3128490899369,1.0406230374376226,1
73.24009728718265,-7.353969904762656,1.466831103783562,1
28.789589821934968,-73.19547379482108,1.155416064216234,1
31.250188032341192,-68.32695349028738,1.001925327789648,1
-59.54001736574271,48.04750651872242,0.8493448726724397,1
-39.80679167151252,-62.177170130617334,1.0188752564550763,1
-32.60407205787894,-72.59195483331378,1.2019714027392063,1
20.964920276267218,-71.9618403463462,1.100304926939559,1
59.35581816677361,25.305551808888428,0.9807998221701283,1
-50.456095421089834,-58.576405157278145,1.3271461653809113,1
-4.684488637879251,-86.41146877465259,1.1780040431526488,1
-79.71077913326582,-17.58014099534472,1.069485389071934,1
-39.63302738098016,-11.550704807452862,0.8459356502532156,1
-70.18372107155263,43.147677449730324,1.6206352316390418,1
59.654967793690425,23.236444105829385,0.9758539193004847,1
-68.21715125047248,-27.02735074940368,0.8531686598258017,1
-31.196298310463582,-76.21833511182098,1.1829048298672555,1
43.232910485398506,-55.059054140067865,0.8906061903589694,1
-79.14093897216637,-14.366322184668487,1.2199428289401533,1
15.05955881837519,-73.2595095211892,0.9280096025833304,1
46.88162208746085,49.51102399186967,1.4156236181436739,1
-88.21310052286096,-19.534181097191574,1.3955228016914887,1
69.45662326286208,-26.301692395949573,1.0600552925399316,1
31.424763136290615,74.71005572537696,1.1551391405830487,1
-85.59091129417105,-8.29276187523757,0.7516729670272696,1
45.052957018441305,-55.07578389891439,1.1409427508689882,1
48.99913357713469,49.843758321847304,0.9787038346650898,1
-52.896692853644915,47.97458642346044,1.0433153174772956,1
39.910535388674795,-62.435097064508966,1.043206764304883,1
-29.897239057417018,-77.506085628079,0.9817121551318791,1
-19.015446460417973,77.41166680596082,1.1208793039417182,1
65.13935318942404,-11.471122551535034,0.688754688324144,1
62.247147238784756,18.92977296077468,1.0469004485783107,1
-15.729092423309528,-79.83611054699736,0.9664364577845067,1
67.66212785199842,1.775216591511061,1.2004125537960184,1
-7.739214797923214,76.72072969138458,1.1166048438445655,1
-7.563750818699033,-80.61316531213298,0.8933668058599881,1
51.468414951173344,41.98602360006926,0.9426833103794496,1
63.427721861262825,15.45586994137474,1.0221103642036418,1
23.363250006781303,76.6856228528043,1.0299525471163824,1
-57.295737831277066,-48.281516920584814,1.0346457130215199,1
56.04104642567882,-48.3122759122332,0.9203643383671345,1
35.427984509464906,59.96379476044603,0.9455742823585629,1
40.14953472130901,57.12298903809603,1.0386596948853561,1
-48.75701454438115,-64.40332634257169,1.2751475263976684,1
-12.975099516313636,77.71207290375743,1.1096488162022098,1
-40.61966544252529,62.098029285932114,1.0139220298823504,1
-34.789215309350915,72.07113318069598,1.3483837321520664,1
-73.99566666710714,-25.102091721661868,1.2173119464673625,1
41.179724838396275,59.02691815376901,1.120568745477865,1
-23.519639768346195,-75.52150996364315,1.3578233823811914,1
-72.06556289564126,-26.472174256863905,0.9760816931929255,1
-32.339085640275094,-70.51861516044042,0.8680120566110989,1
-5.854248499373708,78.30670402001238,1.1978997038099282,1
72.96899350295621,-24.23335105921909,1.4085881048228213,1
69.6990109069455,-21.851900605900827,0.8475340685987082,1
-82.13218204655935,16.19281865411627,1.0195689833301065,1
64.45221057676204,-39.91699314287383,1.0842861425574388,1
-78.25127460561775,16.434586994153268,0.8674238511680704,1
-76.49663481337605,42.39031848307423,1.1159866945302752,1
-27.05956728524603,-76.31652975042644,1.214310551997845,1
-66.2801031198397,40.88634151829563,1.1500410981414588,1
3.6990671538483215,-82.74021844803414,1.209084275886727,1
53.57685841813147,38.917724915752444,1.0774658600596112,1
-21.346339721724636,77.19081772951442,1.3636554123076814,1
-58.199351030977944,-46.17323219519151,0.9701867554980038,1
-10.737632641653013,73.74936319316511,1.4006045104346951,1
13.047659808474004,72.9362864015657,0.9197869896837415,1
-69.10774153157669,-34.52253791235546,0.9473758138005651,1
51.850998432005944,55.34913744637986,0.997025512781057,1
65.02551834146337,16.58671738298685,1.1800577316043181,1
-66.06439990873056,-35.14440289754701,0.918796064717178,1
67.01052920846872,3.0915082053782434,0.7115854995005252,1
50.78150370149672,-48.414132553234076,0.968679862817584,1
-66.66092052805968,-30.868907322407555,1.098665596170859,1
-70.74742216501636,-29.5825354135331,1.1048142284140998,1
-39.13308484012739,-73.67178390846402,1.2677237833652846,1
9.744517417628014,74.31630620057037,1.007240762438412,1
22.67689998775046,-74.23258346854806,0.838078221165432,1
-17.44286327629094,-80.59354822128803,0.9872330067187621,1
53.054354075236766,57.03754306789259,1.1329991684401604,1
24.581893768915105,-71.04936224376382,0.9143748869395198,1
21.823332416006146,-73.24054489937454,0.8404626169445067,1
-74.88551970460114,-19.050374887195602,1.0019665500300792,1
61.555011233740245,41.744004318380746,0.8074514095373188,1
-90.1040026645599,-0.7287789613278978,1.2717045224215742,1
17.744649431410537,76.99222683177967,1.1032766299848273,1
-70.91578340445183,32.27011443992342,1.0127397007178276,1
-59.53242152248626,-40.618120741627756,0.9201662289667247,1
-5.904125787407886,74.03699216028346,0.8972077544676005,1
-8.991368459185633,73.95017600582678,0.789604830198415,1
-68.51689343827081,-43.994907117309246,1.1729140416158148,1
56.27380476546596,36.25211142185084,0.8383212340622701,1
69.37929292799504,-6.935004893145758,1.1002301706203765,1
75.41876939887403,-33.08512848147391,1.0640174029959284,1
18.947831003233432,-74.89577409299734,1.0866761117051968,1
-71.21330928226672,-18.03036999698037,1.150414315110616,1
52.427323996419105,-62.68361135345094,1.3187568839384338,1
-77.92132505943201,6.816636335732641,0.8645523160820849,1
68.8674509590431,3.336408668991597,1.114833790708068,1
69.73081770269926,7.23699391861323,1.1655038021137145,1
13.277456503683188,-74.36245288606844,1.060487232034376,1
62.71707219927157,-40.843658583106276,1.103490847318721,1
34.81602230617681,-63.87202172294118,1.028354820409736,1
-7.810035631024941,-84.47852346110848,1.241532602513256,1
-29.391744951923254,74.90844618272274,0.9524464767383746,1
-52.774355095785026,-58.06284925951632,1.0571981582223433,1
-46.87394873559971,57.83149519327238,0.9764236070887902,1
-77.86937143920997,20.124368694095182,1.163924931508087,1
15.977030654821945,79.87970408220833,0.9694679422432264,1
72.90870149710803,-14.94292264626617,0.9428832642890305,1
-20.429020438242652,70.93466548801702,0.9397143415643585,1
-86.13578764474924,19.185165275548407,1.0425327042179262,1
33.864547990264796,78.56399669762212,1.2880886369040718,1
-50.01205451787812,57.41624880601895,1.0256581270668281,1
51.5815725390953,51.92898242277224,1.1053199372715936,1
-38.32248996791625,69.7286140734468,1.1328074912835335,1
23.912722183189008,79.56498544790463,1.004387118222388,1
27.58737233791002,74.3504509767472,1.0040157901764306,1
41.484697945143054,-63.41430801265805,0.8472759526186003,1
58.357439518752976,36.795214214687576,0.9739506887373863,1
58.774603672016426,43.14606784809618,0.9525621499227004,1
-64.75920566551312,34.04836739707107,0.8071233815365213,1
-66.79477604419112,33.7244515058745,1.1993935664395048,1
16.228889646360955,73.7284967753965,1.2947211920959751,1
-6.011431737195426,-84.71508343868983,1.0715830705897111,1
33.69101218663651,61.10966915990794,1.168370504558583,1
63.36995004769516,-43.883899293718436,0.9603139486109712,1
46.811916015671954,66.4572986246234,1.4074103393587143,1
-23.608480512906198,-78.91921230969814,0.8629878037113973,1
32.4484577452387,63.0386065041615,1.291325775856794,1
-55.685292040117815,-61.54317333409242,1.0165977914832087,1
62.06735043892758,23.707851939413214,1.1241630151883373,1
14.218152602212495,-76.19453669246398,0.9047798596250038,1
23.923555150522354,82.62289139349886,1.0270977706954914,1
-85.13237351436287,-13.503449092367003,1.1431696488858298,1
-44.08773499956755,-67.07158810233797,0.9363908516113014,1
28.2251459291358,-69.75332620149186,1.0232542087874046,1
63.38785453537106,29.44989814563492,1.2915747904353791,1
47.20697220637211,-55.965847577439874,0.8815406719972522,1
22.44522144175021,73.30252945725267,1.0389119450195217,1
-6.698267778319494,-86.45778690581425,0.934711438102374,1
66.71808924309515,-28.127950138895,1.1566512917729819,1
-78.33213358221876,3.0994119882261777,0.8963475692310342,1
-71.45479290759737,27.765321219486637,1.192079876807535,1
-68.44012248867496,-46.42764662816541,1.2933594861096673,1
-61.21395132338456,48.33614856246777,0.6917893354449357,1
-15.765525973812892,-78.06398265051405,0.9642644235623172,1
-81.41528636001489,-17.132804257102894,0.9088102630431445,1
-64.03560836470126,51.015714756821396,1.3469977853681852,1
67.25055785537279,16.796688193004638,1.4667126260240833,1
-55.44109435558854,-53.70344865334433,1.079316123798642,1
65.02551834146337,23.343871031884976,1.20091374503076,1
42.44071431035117,60.704124506674255,0.9481769592630787,1
65.59450411297546,-32.53339644863183,0.8742645978911695,1
67.11049593132606,-33.13225444431905,1.0594276056772274,1
-53.83090432832559,-61.69491947466791,1.0638313769958059,1
-14.40145384296718,-80.90288490573569,0.9267876987017062,1
-50.71867416271756,59.49924556002788,1.2182166527092468,1
-76.0002097024863,25.042229242664558,1.387023485530038,1
-5.156178336850611,-83.2398478883384,1.088150721062092,1
-30.91044014957005,-74.03373028164782,1.0752800511897982,1
2.466628887269866,-81.37208702166488,1.0306098530323242,1
-35.1897503347018,-86.66549022353918,1.0213418841454784,1
-55.16831742383381,-68.78766438266226,0.912560288853291,1
-82.89808663764575,-13.68921562050636,1.5241895669988001,1
-13.405012077374488,75.8745480347001,0.9883799291880528,1
3.727880887503553,76.30351349019182,0.9759882718267274,1
-0.0656497881451112,84.90308055928719,1.3202321661626333,1
11.93513148477876,74.39314629351288,1.192485828164482,1
28.847113727211774,-71.0368008745948,1.0027263194768166,1
43.873089037008434,-60.20400872059494,1.0258619151318589,1
74.25587855466405,-0.15517222652476942,0.9584633603953338,1
52.34733809751253,-54.31407720529989,1.6941948889633476,1
6.591835546023664,-73.42033579645374,1.336483556648372,1
-88.51647142396028,0.7055694402664954,1.0717920454633254,1
-0.3258616757020187,82.43143489903841,1.170632642570116,1
10.686591877510164,-76.9117108932612,0.9211217639706817,1
-80.5287315176191,11.385369478981863,0.9201242195637972,1
-72.99156524172395,-33.57328192793991,1.5677946407995107,1
-84.21838825471431,-7.524206596780297,1.1118574670949448,1
-14.496666854949295,-76.67358120717125,1.1178031043772552,1
-27.78746140715941,-80.66882095687478,1.1446381765966245,1
-71.9438123794449,44.77912367751522,0.8681650448273969,1
-19.949180168527576,-83.82164950366065,1.207292996740952,1
-65.16189085592839,44.1479904869385,1.00366437629353,1
55.170079734862284,57.95162852993672,1.1268241431112869,1
43.11400632365321,58.76038001389993,1.0296092565566002,1
-80.69173846766468,20.392867145820105,1.4372148167704875,1
-70.41931783959981,-38.10413710989747,0.8910413559645515,1
-18.253913967675764,81.73629649712085,0.8494464935899708,1
-77.33843451620434,-23.119169711552004,1.099173440373354,1
-59.265267719532176,-52.01253669859326,1.2443181257083913,1
-46.630380139102535,-69.07652691532657,1.0674024490657934,1
30.069377289053236,-71.93684414640344,0.8855335957437661,1
-35.173654821435015,81.64330867402973,1.127318773961708,1
55.953727616551525,28.400098351569223,1.172346107045814,1
-25.0475550637984,-77.50235318785816,1.2975293348351788,1
40.022498118274996,53.75524016571767,0.9554869794960232,1
-67.76418877637447,40.096025880997495,1.020123572130785,1
-61.423014034707954,-46.03486554197324,1.0853739144148082,1
46.16373739112095,-62.68427448262412,1.071841537645014,1
-43.0722291857427,66.9822285666584,1.3689800016302975,1
71.26080329168082,5.916962006168427,1.0881708998211703,1
26.916413139490036,-65.84076934697427,0.942876265895466,1
-48.8858477455009,58.8507945355252,1.0706192792610452,1
61.7439145325236,-47.08418207476232,1.1283817789740205,1
49.770496964062225,-54.04569074357173,0.9087989342868351,1
29.659072617246817,73.78381614841248,1.1340725848266193,1
56.61710385525237,-50.9444950859244,0.9884687730717494,1
70.72649568577259,4.0963583119627724,0.8823899294617618,1
-36.939023977879536,-72.80791050005121,1.016014495473578,1
-68.46158846522736,-30.667204368846605,1.0000788070941722,1
-9.722136808033106,-83.83239219626623,0.8725356970985817,1
43.31529616994932,-56.70676783108404,0.9027032037503121,1
54.823816717371734,44.600629708069,1.1663854183296434,1
72.50288953078963,-21.682334575558155,1.0356870465396086,1
-67.02297346231443,53.14585267382536,1.3510535718940813,1
13.353859985655147,75.31609375500148,0.8395532028943579,1
55.70749245156782,30.69072335018881,1.3027508926053606,1
55.00855430303317,32.32356841762262,0.9190854015545297,1
-57.54231058929436,53.64564299873163,1.16740031764838,1
-35.076448269129884,-72.34165528531078,1.20581115010901,1
-64.51367856185935,-48.28992704818382,1.0145544275202234,1
72.76639569895647,-11.906484304497251,0.9957781232925806,1
52.908522975482654,44.844646483478215,0.9864705501844231,1
40.87594536416127,37.832182459252145,0.7807511944817408,1
25.80530591003742,-72.18657253648551,1.0775506084203201,1
53.81964080355978,49.35725953790856,1.3509460500492356,1
-83.87620553081439,-11.596841988219301,1.0412115914085422,1
-63.50446324997845,-38.5827936733587,0.8062045941888581,1
-85.72142096659319,9.551517572532994,1.5282546494563192,1
4.696241796882201,-81.09925459911533,1.0728198325433091,1
-28.667911793542963,-76.63026491154824,0.8912029098367138,1
36.25967452440359,78.3278118093315,1.1086512527658807,1
-7.84574649959502,74.8078142280876,1.0104733707693359,1
-44.080545192260914,62.99071883697716,1.1115703614013146,1
-25.56532964825927,-75.09174684901397,1.0569744227852533,1
70.60169198325679,-27.247049345238985,0.9753126402535736,1
-19.927694783316454,74.1474569348487,0.868129604091438,1
0.09494804070571886,-83.8505137080352,1.1570501172133425,1
-64.26908460696139,-43.6196537514667,0.8054039515116476,1
-70.11937886731927,40.22665432051696,1.4658792527585849,1
-65.9648153103086,49.6948696323575,1.1546957160247513,1
34.37214021587759,64.75456376130083,1.0143918599830672,1
-68.96315630646029,33.22735581726441,1.18617637773313,1
-44.87880812241367,65.87351359020144,0.8619700035513801,1
-74.30063977385389,-20.96167894660174,1.017487416207256,1
-62.28971262458036,-17.121360954110017,1.001341904280454,1
-72.18731341183762,-42.08628873105449,0.8712651808729763,1
-77.73531732635423,23.93034247264786,1.156889841460921,1
-34.716801603639354,74.49471356905642,1.0474303208909792,1
-80.98972924157187,8.024058920040371,1.3335812554420359,1
-1.971880909376389,77.9812056237704,0.841726501415581,1
68.14481791513353,-16.792044696372404,1.048584373194473,1
48.391354066135236,52.903284960471034,1.0651128104557812,1
-69.98173939022512,-27.592541242368846,1.3281371845763665,1
20.25945440789998,73.31150459685492,0.8869592488144711,1
-76.31581281625184,39.94491200501259,1.3463703618188685,1
-70.03580536594005,34.839076153621356,0.9355427331467638,1
-83.10647712405499,-16.261750931668615,1.1566359655413052,1
11.042018912348881,-78.96843152885586,1.2811590572083114,1
69.2307941923313,-38.340018836969634,1.0598689024774584,1
32.375243971484075,-67.00339652638645,0.9129144225440434,1
-61.73141814523073,50.98709785897151,0.9675021632358451,1
-75.90590659186837,30.76295021195724,1.0305503331603587,1
-64.11657729931142,-42.087988140054236,1.1015307624482362,1
-34.65413589677358,-75.34208414033749,1.064960947664187,1
-21.318627727866584,-79.07183467110498,1.4499652149329916,1
68.47433584833338,-14.957822184961524,1.0080792470876179,1
76.3686081004245,-23.639891894793802,0.9485722163754389,1
77.69065236785084,-19.98968666537722,1.3342478051264801,1
-51.8486417729443,62.636784231836984,1.2866021864953607,1
14.449794944122848,-77.93474129477725,0.9210342087772199,1
22.347674179318222,-79.8237321357646,1.2895216650352976,1
-33.320251564916376,-76.62046456039931,0.8823817004058417,1
-45.51458494051136,59.725239082073244,0.9017117449621344,1
52.29965957368738,40.62788682581462,1.0340681722972984,1
-63.07303396040255,-69.88009636869735,0.8672356116545248,1
35.49517564681426,66.17498645025842,0.9224735165950915,1
21.109010023381906,76.54549428008818,1.4047878842337767,1
42.128557364705124,-65.19936740611281,1.0085788906156155,1
-59.77011903128747,-58.67671049080189,1.079636703658428,1
37.9857195727472,62.506038078418364,1.2096301501778473,1
-6.733230205790714,-91.7345949740224,0.9773485461912321,1
-47.164001435949864,59.28175869502316,0.8569732452902836,1
-24.021854298547098,74.70349074656248,0.9748721088349935,1
40.563342687440866,-64.3492126123853,0.8765118067443367,1
-0.21741163606494127,77.5443361244776,1.0365670480585356,1
47.19902708996592,-54.36250070605982,1.1274332894611068,1
-68.2116219233961,43.7563298190274,0.7791663780970153,1
-65.06880049427994,39.10885027614497,0.7791663780970153,1
-78.78195317670735,26.01571112704353,1.2197264984009053,1
48.621992137644995,56.60362427528582,0.9669423138257782,1
63.76819845436271,24.715779640111606,1.076741028455149,1
-52.58036473631581,54.104803972724014,1.0098109736161827,1
-54.47358991368553,54.64069846532758,0.8869234999515001,1
66.83947941740117,-45.12640317432393,1.0692044772361957,1
54.450232695671886,53.94890704074568,0.9253320985167474,1
67.87424724573499,0.2827243519060474,0.9610259853262987,1
72.13240631629809,-26.249968320441297,0.9667772242312673,1
-68.11885210244775,29.914888222630566,0.994742513996447,1
-2.035871257200301,76.31766037126532,1.2888305351544778,1
-57.748291985837135,51.80610848774131,0.6973624739826606,1
47.095688929124776,-64.56978026669663,1.054974183573879,1
20.81714352592744,-74.64496424921316,0.838078221165432,1
-80.09679988755897,17.045072267490802,1.016155339987359,1
19.15841920937797,79.92686777763055,1.0983220265653184,1
-50.14395925750468,-69.16584973248857,0.9595992897668443,1
12.087518568776146,-75.69553198964394,1.0690002279257995,1
-60.230529210187214,-54.14434205365328,1.4776029209046286,1
-77.69977963111867,4.4321745401429835,0.9723036813348735,1
-25.42498989595547,67.83022546609233,1.0765323354067609,1
76.87828918293279,-32.23165871421948,0.8396890002482971,1
-42.1197104413829,-71.26344184775932,1.1416009036296635,1
61.710402978887856,28.288692650474538,0.9775752467788856,1
48.57636710545328,60.16604144746244,1.1814535634983152,1
56.64401447987303,40.9872286414086,1.1567610268003834,1
-34.01038818078879,-73.75184009857485,0.8552192026410208,1
60.59493261203136,-51.23061832635761,1.1902196098032771,1
-81.01044872497518,-19.134501452577055,1.2175866908419393,1
-16.025867752051226,78.67738615589433,1.0401902851438516,1
36.03974430413906,-62.46146308043472,1.0523623405221743,1
9.129911446444448,-78.96200427686964,0.8791347319775462,1
-26.90113464333991,-87.30084954884848,1.0222559583514517,1
26.583452491481406,73.04182864470806,0.9123678822368403,1
-49.63907305105203,65.68149400869044,0.833204254376415,1
-30.733053095743667,71.64033131333777,1.0833309300276446,1
57.16719279155239,-52.68739815714777,0.9407118025940717,1
58.0441109844241,33.865592418712595,1.0021186357994416,1
59.50796661248988,30.8987787804514,1.2925695128117973,1
33.277511820141555,74.01965483016542,1.3678611716089368,1
64.20449811214571,19.704883381127026,0.8581580591333033,1
61.81548565370423,44.12681964002441,0.8983374559400213,1
69.89911988685304,21.342149309715367,1.0501516514452511,1
-72.43191625885656,51.25503914307293,1.3686290933305052,1
-25.404677563385196,70.34225595683245,1.2938927757868106,1
74.82830318963673,-2.250516255266536,1.353328332234173,1
-82.67513952761205,-20.538004276270083,0.9544632798517582,1
64.84191595875012,-41.96323607029988,1.2352130451843328,1
25.408095692850598,75.65459883431745,1.3499856509439394,1
9.923969214561833,77.62572015936823,0.9880034280727914,1
-42.68071772189557,58.22181302460774,0.8818327220028594,1
68.29087561149106,-40.38989118401746,1.1551722869464183,1
23.56429516905095,87.76183042487827,1.13397464120034,1
-74.42895526886478,29.679672404142778,0.941896074294992,1
-47.06004689538292,63.087276166508424,0.8472231977365279,1
70.28727566684645,12.379433035559694,1.0541507771029994,1
-26.96714252123852,-78.76034924580156,1.2369601974193674,1
-1.6409671146712221,-83.17050908906465,0.9038167879590141,1
-61.904856566253166,-51.83276840819043,1.3974524952221252,1
-27.284915431940846,76.00683586362489,1.3705478743876827,1
-81.65011785100663,14.215220873236333,0.8819971099774273,1
59.78308434994936,28.73158715196941,0.9952509366805691,1
-67.32935473462794,-34.809151066388914,0.8807309614399379,1
20.136580472869046,-73.36065417086726,0.8865812213628921,1
-0.9327295737705796,-88.02355005876578,1.3834581958315926,1
0.9737286759143435,-82.45842935738057,0.780629545220847,1
68.24817691906779,-31.05085775199152,1.006334652248519,1
-59.021069354461545,61.48759157669843,0.71197831500486,1
-86.36448463114745,-4.695750301142078,1.352545502905102,1
-66.26664673791284,60.47521305264596,1.1567490266957483,1
39.897166704543444,-59.458151055089786,0.799731627280128,1
-53.30042501900712,55.854592795398354,1.058233953914641,1
-38.082845286715276,-71.42100133930758,0.9851051429316836,1
-70.40144023553901,29.846283608904958,1.201654395236705,1
-75.78191177237679,-24.15263490418001,1.1976946917319262,1
34.94288964409629,87.53784879473615,1.044937255714031,1
68.8278347075762,-27.941942405817223,0.8630081884519849,1
20.870001338409214,-78.14645741372757,1.0508890161136106,1
-67.28941983181733,37.65700882307141,0.9258378310561116,1
-56.74379756695927,57.37828784897524,0.8206570158754984,1
-68.90877791227784,45.33080570403,0.850048457702811,1
-66.62259864215682,43.04238837294948,0.6395576544348052,1
71.48475878322678,11.221746824598048,0.9398454424024839,1
56.29145707725913,46.08135993608609,1.216774055078174,1
46.937796814293144,-57.96223173535892,1.0371079607811904,1
-21.06960321953724,72.77378485260051,1.1784691707409958,1
71.04781141545975,-6.035538080542243,1.3228232183678232,1
30.096092501159184,-74.92690271856911,1.033039916729146,1
4.548043335580497,77.81381383729504,1.1200395486831174,1
-69.39386397853457,31.28700047664424,0.9464401106323531,1
29.665945630257895,75.65421904215462,1.1107210598600439,1
-79.44444987908626,-23.948744307203672,1.001077240846139,1
-85.72071882982156,3.9270509635885578,0.9319340867093103,1
61.93995053974815,-53.24253336358662,1.3208876819628734,1
-11.376914950701966,76.4009706720453,1.2065195841094027,1
-67.07073743663392,-39.09234243009083,1.1647385922865747,1
-86.26070779871466,5.105892811585308,0.9890799239976936,1
37.474092705733455,-66.2386794637941,1.1047121603068935,1
35.21208719043391,71.06895165392051,1.27888117376773,1
66.49795586256661,-46.56062020127083,1.036653185518259,1
-4.494840247008758,81.75595993006704,1.0254107648849864,1
46.69455279045454,59.109735185979844,1.049819308019377,1
-4.382490253924519,84.20832773422258,1.1040738424553904,1
-64.65708377284298,-45.29570130342463,1.0171478647100922,1
75.16586628794805,-24.831011495971836,1.0935117811381243,1
15.016749592202661,-74.87912524471686,1.0300612904450426,1
4.975657125142542,73.8703352533756,0.9017750650986356,1
62.467719560025174,26.52121698397627,1.190725275433999,1
-51.17860075337948,-67.48614585545002,1.039719400873025,1
57.153323458318965,-47.197171855223175,1.088669167222322,1
-23.951154526698534,72.75327885816826,0.9207866372631357,1
71.94719433822814,-18.767218730246533,1.4850848645755477,1
-77.46445456407727,-27.866269165169804,1.3439266010173638,1
-38.0392234440139,73.88856527719108,1.0359726393007882,1
46.54321306047481,-66.4221678495623,1.231358326613252,1
-85.04707298834293,1.2586098308534415,1.2052791578956181,1
57.96200380825964,38.978069670512056,1.290923378786852,1
-73.83003260268542,39.877506874938454,0.9782838062619786,1
72.27849153402387,-28.363981342020782,1.3754077233232413,1
42.47595549011078,-62.181471858175854,0.9723945563240614,1
44.429986167834485,-61.48401067916326,0.8107352931855114,1
60.32495840343579,47.15410130747021,1.1463072753365862,1
17.099382546774482,-73.81184726030087,1.1014186471396121,1
23.65766663980542,-78.130513481868,1.3648685374772915,1
6.241504403831185,78.61144358996334,0.8465217859079679,1
-84.17759071865827,2.9127020551212235,1.025592996085129,1
-40.88589230175898,-73.12391705604101,0.8958836207218858,1
-5.537602259771542,-81.15081149920177,1.030244244392247,1
27.205869023584334,-73.46211293436424,0.7792588440082561,1
-80.99095000209523,-15.221798605824684,1.3180847410296137,1
13.07160226177944,-79.11661539409403,1.0646763417481124,1
-84.3683654543707,19.900596099266384,0.9353202803002779,1
-18.13815257206091,-84.67168205400705,1.2820596110516402,1
21.746229021774237,82.583571734289,1.019136648338683,1
23.291589927871247,74.91309261562205,1.0438189651218743,1
-42.33353342905219,63.662661293185074,0.9800805363677726,1
-68.52679356675044,-38.08600490218751,0.8431421228607577,1
-70.78667091878872,-33.36117610817565,0.9986242506669311,1
-13.087384736101189,-81.99181086318004,1.0066472505174398,1
-57.69610507859927,-54.26850214576116,1.3137996549894166,1
15.548928516070424,75.74456210288612,1.3981865670144193,1
51.49032247471182,43.677997685445185,0.9820009734383994,1
-80.07868747680037,13.40237537161576,1.155707937799334,1
68.40391963171953,12.275106109590054,1.0523030521999024,1
-79.54367058162376,24.147185712278645,0.8175438166799863,1
56.228685456522584,48.66117469541164,1.4330090607822519,1
15.20687819942806,-82.98506231700256,1.0114613837163864,1
18.520126598331345,-79.83611054699736,0.9276126995477253,1
3.6838483393237698,82.96491976836714,1.0594603508943035,1
69.01097402143978,-36.88532652959919,0.9747041304896418,1
-44.72010518110196,-68.85800708495603,1.0452786527418167,1
-43.55266627171363,-72.51675598507484,1.1143884165266464,1
5.166004209747327,-86.41209316122463,1.1305123523958933,1
55.179243752210446,-66.7556886672146,1.1246823221649758,1
-83.43433500574187,18.65820885068074,0.8468663466792835,1
66.61756300499795,25.410944134071766,1.1715305969636007,1
-40.218191027434756,73.9829136460608,1.0797314270415252,1
-75.1737819561837,26.820922538551706,0.9003980241366002,1
35.468790086028655,67.85952562126043,1.123641531826369,1
-39.44901195241243,71.9022522656274,1.1709593777613798,1
47.294364237357414,-60.57949409290175,1.2637762560255592,1
-63.60569246876164,-55.06606568768919,1.0109457436933578,1
27.247049345238985,-77.85169649624783,1.1087232902184554,1
21.131771579523136,-81.63103543650993,1.0863742117338868,1
70.17694814389343,-11.768187572103814,1.1190346948675236,1
30.348106610711035,-76.67775892096229,0.8211827568566159,1
54.962645360274344,42.154738964707875,1.063427633263683,1
69.35004893145769,-13.312981280817974,1.0615185168539014,1
7.884738494978171,79.45733116327533,0.9660473839709609,1
55.955395227877716,60.96865177713971,0.9315885694835869,1
27.369013646362813,79.55925906591868,1.1695435588308007,1
-22.88713332691304,-77.44268483960778,0.8425611192531987,1
6.699052325510324,-81.70019467235676,1.175417613453392,1
-50.331367045435556,-70.99376321959215,1.1081799508741796,1
-73.99065341055785,-27.066572109465547,0.7534317306156953,1
-69.45288496323741,-29.72282681033606,0.8220698152327895,1
44.13456212118157,-58.22897481967813,0.8815406719972522,1
68.20439126491158,-34.866235212319275,1.0365730200350252,1
-21.86854124738788,80.60958441459776,0.8936463484156215,1
73.62385013970353,8.798265243954818,1.0666547668425714,1
-32.91768937426712,73.12481548911437,1.1234338100919181,1
-77.27377942181901,-38.94226069516019,1.1079811267909347,1
33.076594841326475,-63.90267342738639,1.020170449360944,1
-71.83324125067547,35.456562631030465,0.8877500979546028,1
2.671538029540929,77.78463319591776,0.9417606075405904,1
71.21786678822058,-10.393392327810911,1.0427280319209675,1
-83.98771362685495,11.969150011363027,0.99143452991865,1
-38.915403963646284,77.3776866622631,1.0500416166159263,1
42.075883858971125,-66.86312685395427,1.026369445026884,1
-49.651029008283,61.47835663042349,1.2692746607939327,1
-60.32419775526652,-56.81889694582222,1.1581280469692263,1
-72.76569010338301,32.87572635365174,0.8001758513567085,1
-30.71428226188985,-79.160938092379,1.1333402061729332,1
32.437626635410055,-69.54500890837343,1.0786679692567822,1
67.41039609989795,10.826246881382453,0.952121453416702,1
-86.20034207544361,-11.864164606354134,1.247344821690562,1
-11.692376472705863,-83.9354922044668,0.97718736685385,1
-25.62943856534377,73.97394255539363,1.2275001739191194,1
-44.26769805518209,60.927135203498885,0.9268964642518785,1
-65.14588906227915,-40.24978107956796,1.5156718476147817,1
-22.503655329373426,-80.5400997645533,0.9745734089928801,1
66.64333015420264,-41.72876438240977,0.9577912978407018,1
34.83586644668431,69.42107006590557,0.9173715057131774,1
41.837904656568355,11.30831164805122,1.0061935331274012,1
-19.61589468086235,75.62375230011747,0.9236365468152694,1
76.38677207342903,-25.7801268853897,0.984942551788972,1
-41.34627220460372,72.03189176956414,1.174260533208533,1
25.830400075189445,-74.18406808258747,1.1471503926619286,1
-18.364470241137482,-82.21512865491988,1.0683760329217857,1
-41.552337120807714,65.37724205491948,1.1294030278890117,1
45.76100578166353,-59.432156391501024,1.0506785871121138,1
-40.65135398366484,-77.61752464427572,1.4966113102126677,1
-60.58431017344748,55.235344480261695,1.0561484615203067,1
-24.892879009503325,76.57062631525203,1.2165938609096967,1
-32.403867332048016,-77.96753310590879,1.1839861788309434,1
-85.17995140494259,6.7406503819968515,1.2014212545232663,1
-77.83740431748895,-25.1124574776848,1.2278186782486387,1
-62.41048653235804,-58.14466095953147,1.5000817521711576,1
-52.126874128664134,-71.30477922632345,1.0738300261385334,1
55.91647690503985,26.482261058894114,1.0045562110821358,1
-16.15183727121357,82.43425064752758,1.117793893497743,1
-78.9337243681302,-21.998169738161657,1.0472547664372047,1
-56.41946019223505,-63.641259491577344,1.2308130879239485,1
58.47337107645468,-48.728853658826644,0.9397606447694791,1
-84.53524532513472,-9.828203899581666,1.2677325315822268,1
-62.934274180914045,52.361674208273996,0.7698227017479837,1
63.355029641298536,-45.98557018532608,1.1655560024242002,1
-1.9793330474901623,-85.52909242118182,1.4716867016919513,1
-79.14848143922697,9.94860438188006,1.213306412410159,1
-62.06742672098102,-62.40322032003536,1.0866495679570027,1
-51.96626048429237,-62.35527059483993,1.1621935518262838,1
33.68857245424991,68.23400253299104,1.040430582835116,1
57.99346834922444,-50.456095421089834,0.9603812497979671,1
-5.514582204188201,-88.04804274236457,0.9256950248170407,1
-40.519379396827716,70.12425929571428,1.0050043105472495,1
66.61510374033895,12.39615122326238,0.9723309155086857,1
22.54098809091049,78.32146707892247,1.0060510310662145,1
21.141430579453576,79.73716469405142,0.9215283499952724,1
-58.32019965196799,-63.59644670873225,1.0953268673730647,1
-61.88620660963976,-48.234253104149445,0.9224630033403004,1
72.2250756040269,-2.990049441881269,1.2787701959975617,1
70.9689130254902,-4.065437732917154,0.768039498725135,1
70.93868929961243,1.919899797958532,1.5036352273851274,1
45.587212887955765,64.1863946857178,1.075908015065518,1
78.91530832366351,-1.7520820082879958,1.0415489876273873,1
42.17402072066658,66.56572556365676,1.159113113780818,1
34.08722985094131,-68.42803721338605,1.3246378825009852,1
-86.70546565199804,0.21485385211123675,0.9322495806718099,1
4.29864761131895,79.38755601364231,1.0678178921891848,1
-83.61147836371083,-24.54760351102097,1.1251953574476286,1
-37.17329731277773,-77.5099595081398,0.9825887430388339,1
68.02362480279878,-51.314261679231755,1.0853016241936566,1
-85.0389989744271,15.688223484049239,1.5093777927885816,1
-86.9537689733333,-1.460256704174581,0.9874765546509675,1
-71.98066097021021,-37.58729527297487,1.089085814872137,1
-11.01281683267228,-88.07528870187141,0.9974908007345286,1
-86.80115742695517,25.087406018287222,1.3219297124404532,1
-43.49455807080173,72.07012040159513,1.0538531807494238,1
-1.3558580212776696,87.10533254342727,1.2429595554326982,1
-70.61943119873878,46.247291666941955,1.272729184594349,1
-72.11683483762236,39.26861067507158,0.9656425363264971,1
57.423904797355455,42.62742554093071,0.8756309086453256,1
-29.032415548589068,-79.34287078973125,0.7844674622190555,1
33.56375259730912,-74.52205860477963,0.7474002650179135,1
-90.6981664037317,-10.854683420632467,1.0192060672505974,1
3.08051422171757,-79.60303809339132,1.0754400972861176,1
69.68693266056592,26.892921435801753,0.9789523989559371,1
-71.84623292161105,56.78557470486981,0.7986889532908156,1
19.11493955487549,77.77763702449735,0.8346879800955843,1
34.920169557996196,75.5039001704653,1.0497114416423943,1
-85.18525528505992,-0.9926247967538853,1.042384601814389,1
72.00505807521913,-36.7739654979917,0.806115660493923,1
67.54527657372337,-38.55194286382478,0.8274425465075942,1
-70.37358881026533,-36.264162519325026,1.0592625083550038,1
76.00932471439404,-21.448382603259272,1.0687960880003136,1
63.23903141795123,36.48210789917735,0.9902606660519648,1
8.908171252919404,81.05086117239546,1.039653890566316,1
-89.3776455662993,7.481740480583394,0.9993051738548022,1
-71.39048232622358,-43.857449482379,1.3528649149311955,1
-71.87603734316916,34.04429157873834,0.9166597035138179,1
-83.38298955560022,10.20615479153923,1.0889834040195703,1
56.96004562097967,57.06688551465252,1.1592472809265308,1
55.55965218156167,-55.51235730845541,1.0393259019894823,1
34.319918793489464,-66.69720067413988,0.8511054487103294,1
-83.09472730401767,23.100719355349348,0.9745064065558563,1
38.912105768548074,-63.84646071093014,0.8960168252329048,1
68.40707924719173,-46.730712834192225,0.9388958195599113,1
70.40753273481765,-35.531455792894434,1.3725241416344243,1
1.0426506972135343,78.59346291297815,0.9770311610122967,1
73.77146269365406,-10.451247333947592,0.9080277666669442,1
-2.1192402685516742,-92.13378077920217,1.1704193759560042,1
49.197120882884526,54.93693635232945,1.2376932793853699,1
47.08013912593224,54.628324591635625,1.135477747577289,1
17.40668421530642,-83.89191727988393,1.587498316516579,1
50.555559013963986,53.50476384333452,1.1359722888048336,1
-84.92273182624855,-23.039582080358343,0.9114018125682977,1
-77.52792367744131,-13.243352717633796,0.9429797972928903,1
48.496294257791426,58.23036739094185,0.9187597188592258,1
-55.42597461375254,-65.39350822346168,0.8519447043828405,1
36.81819164053837,-64.15297297538939,1.1061625233243846,1
21.239988409446806,84.03839912505521,0.8368800039971507,1
-26.362679557095724,78.04230468796456,1.1614052735602072,1
-61.164515043523764,53.78388734599915,0.9752068785937312,1
72.95816711050985,-1.30528082105786,0.9033347684330625,1
-81.5960835908872,28.604895214858246,0.9881397777616799,1
69.52868221079922,10.609952438308794,1.0538346739981765,1
-73.50117727111174,35.096593766462234,0.880452730481288,1
29.843258761487935,-78.27871363538237,1.1230849064548303,1
-72.3318921498208,47.16638870097334,0.9739553000972879,1
5.463772171594328,-82.99988190984244,0.8908062149974892,1
-15.381775708985668,80.35018176942167,1.072394597486542,1
-25.815214364949757,-85.58301439615136,0.8802991532563019,1
-35.991004309910124,-74.03953266191317,0.7775021948458302,1
69.66368923547245,-32.82373607085832,1.6311893401569657,1
-73.55419315669764,-30.905703512618764,1.0245471061317517,1
-8.34707215452122,-86.4536091920232,0.9881903438176917,1
60.49747340821917,-45.677033734463414,0.9519783244753872,1
-79.0645390312125,-26.644675237991713,1.1344221906575347,1
-31.412609787080324,79.88928144979258,0.8833658123594889,1
17.469270898582213,78.9009453830004,1.032276684396336,1
63.86530754006269,38.643150430456295,1.540687368244482,1
1.5457541026891075,81.546983813809,1.1646237700588877,1
50.487226727222065,56.95112772478114,1.3578244053212767,1
-12.328653277066696,74.65134785262902,0.8941814550646193,1
-37.86702362445941,-83.82300443786316,1.2138162305619635,1
75.80841466026075,-7.804728946010158,0.9739131639954738,1
45.78683495127602,68.84236588597986,1.3700790531750124,1
-78.23613505255206,34.98879743769505,1.0085984603633522,1
-80.72621936288674,25.457623691226882,1.0610380998444982,1
-64.30734292432433,-51.47011877686983,1.1359099719040187,1
-70.82699363052946,38.469371579484005,0.833706334995427,1
70.47709284295372,18.87434762071871,1.3425390778725121,1
31.322691426368706,-73.54921584738233,1.233466543245129,1
34.568974807955975,76.90528364127498,0.910665918423619,1
-46.189446399065844,69.63606164484509,0.9966003185818255,1
-10.604722729940983,-85.75722994194506,1.5568876606462494,1
73.10605010397867,-35.54919137030927,1.0536122507846994,1
-4.216658580629273,77.38471306485823,1.092553604088731,1
-13.85081488508941,79.76836383687221,0.8997030935754861,1
-20.826174528508876,-81.94884009275778,1.2562565129344323,1
0.9062425300589068,-85.89540235701884,1.450815755993643,1
-4.853743840876394,85.82923087634241,0.95762391664121,1
15.860335696179368,81.5387259788222,1.0329014840385011,1
-63.17300068325986,-46.89185322327564,1.1103554542523666,1
56.111212661165546,43.279985763459834,0.8837103398657729,1
60.25098829454712,36.600950523403654,1.1156220474206997,1
2.9035110847809182,-86.59356260402345,1.0096744009389613,1
20.254646297398768,-79.91784842551795,0.950532106709579,1
-82.77095448521116,6.658231354488595,1.0256910173528548,1
18.173054991074753,-76.16569057343055,0.7928887539928526,1
-20.546979415872354,80.04991119395116,0.8316629211569967,1
7.8218195933372,48.29247246374318,0.9724134804888213,1
61.234597002003134,29.802644311746494,0.9445354603047613,1
46.08615127785855,55.96942847497503,0.6538262147798726,1
81.39194878642351,-18.536083913607516,1.0832922243359224,1
32.57224185756614,79.89181339754471,0.81277536142179,1
35.744243742581496,73.45660386123318,1.3636843460359385,1
71.1130441512815,25.822448942490354,1.1293500166886439,1
15.250147377978235,-79.36611774550406,1.0666401289679508,1
72.64774752716845,0.0687301301108445,0.8165535974439246,1
-1.0696890427785914,79.1715625858161,0.9754123081792018,1
-12.71296470590028,-87.3124018356794,0.9971769620996668,1
-45.417511272581365,61.615516054162384,0.7874916663022569,1
-48.93709662318062,72.98626674266919,1.0489487073810981,1
-72.45498550259286,41.238511239598935,1.0993871514713203,1
-83.91117194204034,0.13249320880193408,0.8573855293771594,1
-32.93623117407388,75.11673455407141,1.0642344780994992,1
-69.8833218094919,-45.008722401830155,0.8646487552684644,1
-67.38130130742458,50.82188826814353,0.846080846360545,1
73.92046781886822,-26.52012714559597,1.1145258230851158,1
11.57509954954603,76.27584869252146,1.1309526956022655,1
-48.0383179986541,-71.79064237519786,1.1392061385456735,1
-84.3775311857406,-2.617214816158852,1.042186898294746,1
-70.1306217713647,-47.76885900557762,1.0747553477765426,1
-88.23331526701122,-0.9023861788671659,0.8299025175998009,1
1.3015185272122611,86.70041566829458,1.3520212383731145,1
-91.43105676593333,0.6481424538688738,0.8800450956422545,1
-12.318532787998226,80.28936387884846,1.2200368497344922,1
-37.749210443192965,78.63781995717378,0.9616871036930139,1
-48.36002121270238,-68.86065960164876,0.8055403857349872,1
-9.364047054514389,-87.57681738556025,0.9819212511638331,1
29.517868885886166,78.59826942372278,1.302761288460892,1
74.43803360064409,4.59136629740509,1.2151495713593512,1
-7.809286451964028,83.96065343525383,1.0451606689631807,1
-88.28066268997647,16.599449463111945,1.3882642634492792,1
-83.2746903596322,-1.565035858647812,0.917840729210839,1
68.90891067860598,15.347787528990656,1.125205165679314,1
-47.71194897251067,-79.18733617003404,1.0433496899473256,1
-6.115748137849699,75.884984622579,1.0937339818111922,1
-58.80891745230868,-55.99465752579114,0.9355708584822872,1
3.66375783861763,-85.08837118756139,0.9586761216524265,1
-33.59148550587948,80.6067654101552,1.3673768826981234,1
1.7328430246362145,79.60724448713978,0.950590420556379,1
53.32619559066837,43.104722515228666,1.0767113282630965,1
-84.5686247295007,-6.000868089466628,0.7189907740927889,1
31.81889476906597,-78.53388658968905,0.9007820576715735,1
64.78440457409407,-45.10737261824072,0.951724150845834,1
46.61464236236202,60.83759693444931,1.0936979958667141,1
53.895422588606806,-55.696697325492764,0.9687437533107057,1
39.98072098036446,70.4294182582003,1.0818636475752341,1
-48.276696481595124,66.74861869002972,1.0321900626719331,1
16.714653085834886,-75.32417965266156,0.9447452270058138,1
-17.21306969440756,-77.93747296025559,0.9805938878367424,1
41.35936653141151,-68.41528547070986,0.9599301536757351,1
75.912541011568,6.242200689463045,1.2367954573433078,1
73.56257700410143,-33.87429598911061,0.8864299200953858,1
58.08602926131407,50.96585002715952,1.236111084589624,1
-85.45453877970598,23.139759872379315,1.2053017526951606,1
43.23322400988566,-63.97710141433196,0.9023900734432092,1
25.4579434142211,78.85695887721963,0.8550198025927364,1
70.33777983491348,-39.79272385976713,1.0525812542522395,1
-40.41470438313639,85.7435225554188,1.204797660969959,1
-70.10667931805926,51.0191691971654,1.0427555530889296,1
-42.252033131254585,-73.66162008275326,0.9947476228729335,1
25.709933904965247,-76.69220389746017,1.0575206832791324,1
-3.305616037169632,79.35671788947421,1.283163986444737,1
58.071240650201375,60.88355529978738,0.9180254720382243,1
-65.50933738621751,42.16427272182082,0.9651491928271968,1
12.700958011880296,-77.28274852487326,1.1248742740709727,1
-14.05318646789918,-86.19909001336836,0.9705481461533092,1
-63.13285122604715,54.28749175390229,1.131954362879151,1
38.84134449189583,69.0803964958534,0.9688484162592246,1
-46.545180824216956,-73.70758605525461,1.190926539909364,1
51.33481868360043,-57.041266261896205,1.3260483991187308,1
49.815059244500084,-55.53852713824088,0.8355232110428911,1
-56.38123169152158,-59.813777757393815,1.0179347621461527,1
43.90587298313893,61.21869872541985,0.9991244225562455,1
59.899245172432266,33.148630500120206,1.3109514785745702,1
32.13126095739961,-75.46343677902995,1.0476059010385383,1
52.573109930919834,53.95403423494382,1.0499878975409012,1
74.51735867676472,-22.618403571865667,1.1611099631187365,1
-88.55033001939101,-7.976975862208078,0.8580807490791444,1
-57.522105646232205,-61.58785670768369,1.0165977914832087,1
-1.291877649232909,83.74066612863412,0.8070935939187616,1
50.06890509199447,-63.732018576252976,1.5545048291991999,1
-45.82375792398705,62.851543099928705,0.8367455554082758,1
-2.713056485482977,-87.65089281496459,0.8749682753331369,1
67.56980379662565,20.1177133783288,1.0980150190532025,1
-89.80227889076173,-4.400525193241086,1.0523943674015281,1
-80.27845671310871,38.68808718383904,1.0276698268073603,1
-21.39868979711306,74.97457097225252,0.9253010754329066,1
49.461346143524395,-69.13559295685036,1.0056113595159566,1
9.897383763164227,82.58580580583501,1.128568080594357,1
70.79806029639391,-20.712789676880135,1.0518735574918603,1
-65.25784161893314,55.369544472000925,1.4676937527955338,1
-86.50374175751583,-7.070362819975852,1.2333455645591045,1
-9.45434794887998,75.81460692378504,1.0104733707693359,1
-36.58334444385565,-70.82120100216375,1.103099711966698,1
65.20241467970156,25.89848333348751,1.003463793459032,1
61.2519685188831,-49.21513954410507,1.0416380447806561,1
78.06728229282382,-24.30720003295478,1.0550452271307142,1
-70.57086973928723,-49.640523646118375,1.0816209117114963,1
-18.269901992594583,79.58829616075546,1.3393960525630686,1
-62.67034876998728,-63.8540343441186,1.0255557170955323,1
-84.35400960389181,-19.283133226982773,0.9663366535041384,1
-67.01374283446185,-41.1858307277832,0.7557046254730673,1
3.177051868718806,80.83876185684976,1.1554539197028877,1
69.25130296912373,17.22737250564579,0.7519236067433955,1
-53.2482604620517,58.99591511984594,1.065860489401383,1
48.66368132368627,-58.98096330206743,1.0554137722139625,1
-80.74923941847008,-21.08701036033329,1.0767409363605545,1
-53.59515298179167,-65.54341442419943,1.0283105963432266,1
-46.77226475842129,61.08369336037112,1.0277253791048213,1
-33.233713207816024,-79.80129626540526,0.8892572173228753,1
37.0625567203463,69.00897289508374,1.18716033548614,1
71.71742007972028,-13.410461269275853,1.172967953393534,1
-58.611805319803615,55.17544583058217,1.062829699417423,1
52.23610084200629,48.306791654746895,0.882325085816752,1
-68.89718475650768,-36.5165607048244,1.0065806904313535,1
-60.70443960765155,-50.037720098444794,1.2263120395470477,1
-23.356205234506195,-82.59340164909146,1.3669319686565722,1
-3.6346109982149506,-88.54413717306547,0.9709666352864598,1
13.226641862469576,77.69155080092415,0.9779037570165101,1
37.979596074450704,-68.33904219402318,1.090192574614115,1
-68.69177673140818,-40.773357488828864,1.2144130921481036,1
51.31784257676697,60.599528987972,0.8246964451409783,1
22.53700421618534,80.94144301508764,1.3180588059620164,1
14.043086500492246,82.66501959979519,1.132052443040272,1
-82.10878684932949,-25.815486086171948,0.9802429332399293,1
75.18492252629315,-11.191631055806189,1.2962908426431412,1
-74.47256876448564,41.90889657623444,1.265166746548423,1
-42.347193695553734,74.15711509038711,1.3536117670810217,1
60.795762172900275,24.86073922779025,1.0372517523178328,1
-60.10894602565138,64.26994896153887,0.9176120068613975,1
80.13406824756673,-24.992975692995312,1.0784806123854518,1
68.70903097164319,-44.62973310846914,1.146766648923764,1
4.399132621977395,59.91468233436751,0.8872603762004367,1
40.87854965327772,61.07285853489588,1.068910797047683,1
39.55915167963104,60.010959647643105,0.7562607402958843,1
-14.724747445703995,-82.72889506934179,0.9006135503513929,1
13.361418542163516,-82.77322498183675,0.9712758163336667,1
-74.02908837743556,33.95552931282552,1.056028887205244,1
73.92971557366782,-29.99557941647028,1.4222517418154106,1
67.863976454355,26.858720901423116,1.1484039665506725,1
71.51017270930144,-8.362800018205194,1.0567661885911723,1
-46.247291666941955,77.70547651356101,1.093914254622862,1
76.8763610073369,8.93709388685746,1.2383899313082527,1
-38.50874352547477,-78.84412574044126,0.9892152296574328,1
-41.933252478498076,68.82453651247799,1.0982796062360287,1
62.0413924403646,31.985279577265768,1.4601873974846833,1
-74.03577271950124,44.011379245971085,1.049486935889936,1
9.065638926582109,-80.53587760699851,0.998379446468005,1
-48.992355314037866,-73.46254962918563,1.308901865627086,1
-87.4352648120539,6.878230833934031,1.5527894146677141,1
53.59904898460969,51.98808178859688,1.292357885956663,1
25.070199352989114,84.21879342092251,1.1248757090753139,1
-55.91571501194724,-70.00910459686237,1.0378754068933895,1
-84.90952617485051,-20.779948396690987,1.0374908062565487,1
14.294744021715134,-81.04068469008392,1.2045559627999207,1
61.15373002352416,-55.24448719737279,0.998457084517121,1
68.0093825966929,-42.79009786478854,1.2619380050771285,1
-65.64624454857844,-47.026696396085036,1.1589493404387021,1
-91.67992914462884,-4.52088313817378,0.7887492704392678,1
-75.33751278178192,-32.015509643850834,1.3508694927125413,1
-34.23826347848254,-78.77649041272153,0.9833350158514281,1
46.718233948842354,62.75305906322425,0.8481751662330688,1
5.648557163694343,-80.09541692023505,0.7806077769919819,1
38.86712055015954,67.08107093313733,1.126940470229857,1
36.104730963110946,-67.60933485185281,1.0939097537459508,1
-61.831604698527116,52.781812272531745,0.8173804885696175,1
37.6209095046761,70.93399927452212,1.1824716076354775,1
-23.990764335450876,-80.87373806533297,0.9765276965746251,1
6.738055528710482,-83.9063974119934,0.7442208210824395,1
41.61762520213106,64.21525889009237,1.1892654247183851,1
-75.15437580179947,36.34610998214951,1.1228858822802892,1
61.89122300143388,-44.67904218230102,0.9166395907492869,1
-82.89875454800107,20.488268015643026,1.0640692560071865,1
-45.48507204873784,64.26943740474812,1.0012311848152997,1
-42.99659057815733,81.36911162864008,1.4054906864648415,1
-77.8349171539723,29.424117640156194,1.117111877161734,1
63.30239044753127,-51.546303839511886,1.03563641142258,1
27.299228137894563,-75.57484248012466,1.0283807303767563,1
-74.83759886993906,48.893996227508204,0.8876675522174883,1
67.35403012017744,23.75726575844716,1.0745854494321314,1
-78.49367184880607,42.39265440906496,0.9931907438027366,1
-24.219746004439017,78.6795434658957,1.1228069613659728,1
-44.16223269304434,74.20759069396229,0.9748052683566673,1
-86.42404383288653,17.241103453070917,0.9293152262359264,1
-25.2581165428379,-79.86680395444182,1.0301282916500916,1
71.85554809425324,-38.61223743583618,0.8859521595700095,1
64.83417679769637,-47.3350737483856,1.053367446828831,1
53.419482891450635,-58.17399071558947,1.3714390737524664,1
26.49430127852404,77.61812431611177,1.1444902010905849,1
74.11938090130667,-13.382160627465499,1.1210578868016574,1
-19.113040594061378,-86.62489545745633,1.2362852449331798,1
58.40443879890231,-60.03374717741246,0.8167258570033359,1
57.13477708588272,-49.22255044509092,0.7358602410141394,1
-70.59576722551672,33.52045629074729,0.6840829473228783,1
73.19796908088632,6.427289793597955,1.2931743459768479,1
70.45837182543666,36.921159998094254,0.8608698688065288,1
19.75179104474585,83.82033022562136,1.0900681568939365,1
44.2240845595612,-69.48015487523615,1.1795824948178577,1
-65.57725201553872,57.47891451288473,1.0177415571076354,1
-60.485923258326274,49.39286440373379,1.0641197105808533,1
-53.64564299873163,57.09415583716337,0.8431472543656813,1
-75.30943478045786,33.080120789027355,1.01634363516053,1
-73.77228185322089,-42.91495054890311,1.190907714778998,1
-39.65315023992974,79.40884436382161,1.3139763871282084,1
-36.61069852224944,77.22503942759005,1.226917257347529,1
69.20315512396584,13.79858435696064,0.8776921401798141,1
-73.13983215619741,45.63342351805276,0.9831651798485347,1
-31.762180190563658,-80.52410000960884,0.9596560263362078,1
72.38899880204525,3.970175751109109,1.1636184235450762,1
58.708815089393234,46.17567371623823,1.0535540910889136,1
-56.2683555735646,61.020050911560766,1.012007076897948,1
25.0314684647179,73.98034838320662,0.8655707129415022,1
-88.98530374940052,5.436250070605982,0.8591692534606619,1
-62.36343698559891,49.54277060447156,0.8388055400759156,1
73.2289653665841,19.49175943120671,1.3608490095000494,1
36.53980398518917,76.75979402813205,1.0741038457646876,1
-68.6938421798876,49.57927315395145,1.248008051872479,1
-49.51713213265463,63.797430825589736,1.1545762643939708,1
-83.8056982328221,8.009816713934525,1.0666157360659934,1
-62.4480259892939,-53.99145375751248,0.7084145114508749,1
-78.90742531737999,-33.37719370604967,1.123134923508468,1
-59.24095311845941,58.3665479063788,0.9214684460424555,1
37.13291274613091,67.05230634637927,0.875653479973838,1
-27.79850756565779,86.76514727758448,1.193694315838785,1
-79.75106423053668,28.660608647254087,1.0555239283741857,1
-4.798980261269346,-89.45832876251636,0.8028480674771564,1
76.95348803117172,-33.79043898040617,0.9812701532775171,1
-64.75978590353965,-58.12244311800632,0.9805314621276426,1
-63.173995377019644,-52.98733658317199,0.8891739349465738,1
68.690258270664,18.925043473464054,1.0996810342075956,1
74.39986047639138,-18.133888924283642,1.423837764521777,1
60.33215530534471,40.48204663529066,1.1407031748583296,1
35.57323293080497,-65.68932722204866,0.9952162245536025,1
56.72813114024283,52.34153165963858,0.6530431995198608,1
-86.89128338739137,-9.46463406392976,1.3304370156401057,1
55.11072924603715,54.93025201026377,0.7577738207796059,1
74.29541763161507,-4.151603079857594,0.9983441898274429,1
-63.14542365626473,46.61896413524934,0.8499886507186313,1
-27.575109817673134,-85.38587349889968,1.0735720642972357,1
-38.79544389621752,75.52829081216723,1.2334400445396436,1
-82.26996574268748,49.40079175438094,1.13430072377322,1
-75.1236493906911,45.68079367687535,1.0218903079091137,1
-73.46820807910501,-28.738226506062016,0.9914196399459175,1
-53.80135778548902,-69.8931517242944,1.162400723144007,1
71.30800412819725,14.148524039028317,1.3521863810371797,1
-22.305934780466355,-90.7521709966404,1.2971006896166581,1
-87.68915482511346,-13.23594917420661,1.284849321090048,1
77.43592813060411,-11.089254812220304,1.1964988488241903,1
-84.0033800535714,29.719211481093797,1.0200012992736902,1
18.842794733202723,-78.11280360818856,1.1582231533569487,1
-73.96785339447081,31.403245048818924,1.1989653290002418,1
-92.82581635588872,-0.18799712059732504,0.8047328133056638,1
-18.438462690741552,-88.87766618231343,1.3076135508809628,1
78.20413554266311,11.42649165616367,1.0003512344946115,1
55.76430532268768,51.02623296444495,1.3466680987845663,1
-89.37132450369369,20.880213527676222,1.0214262780034453,1
36.783076262456824,65.58897740767574,0.9224735165950915,1
-49.48662666800355,-67.99711238835555,0.7951865136875739,1
39.87395718348204,63.394485827102905,1.039383184435393,1
33.77033334132177,-76.26200436920455,1.081021453773211,1
1.2128846490150085,-91.41511599626058,1.1492376644626239,1
31.59315713832993,-71.32321529123132,1.0311646337097804,1
51.87545546482438,58.713850726552074,1.1418988926590616,1
22.349421132516394,85.7428587877004,1.1309124647887083,1
2.3057001351565996,-83.75122518546863,1.1557828947405786,1
-76.57749378997707,-35.46043465844656,1.1354448822160923,1
4.625737580367886,96.74864844594444,1.3058542773551989,1
23.1541752804056,-82.0631533602272,1.2540826866193182,1
-88.23103651403427,3.949078909032293,1.0618134799190555,1
49.312214420922594,-61.27186962821506,1.1830172274530575,1
-66.46438807832943,48.2617092985545,1.0718826051642472,1
-60.09971107937644,57.19070300276519,0.8944356760160259,1
57.353047494821,-56.05099336327653,0.8739334473233817,1
-76.38000186530917,-30.09093306045668,1.1809979453377921,1
54.22232741438636,46.939912637563694,1.210549809333863,1
25.790655832453368,-79.01614570461807,1.1009061054072786,1
64.35970242556596,-9.019818839841555,0.818416611739311,1
-0.7955820176002716,-91.50283040783427,1.0045931377767277,1
-8.635334406103809,-91.79272741698725,0.8882958713360367,1
56.31236827738337,55.47843233216959,1.0416786705588152,1
76.74460234161914,-15.094401289668989,0.9310934742937597,1
1.9384591990479774,83.8884929243175,1.3611681805575022,1
-24.544742347233544,80.84684775450985,0.855689852589552,1
-33.220197074962606,-81.32534263957227,0.8820259885296421,1
69.54461103086949,-47.85869555777617,0.8193589457205235,1
58.64256848499227,41.275812255590495,1.1153654770133876,1
-25.71473658257324,-81.37278266318421,0.9954881814847194,1
5.190673745323539,81.43123763085343,1.237500645664597,1
-38.59212849171967,82.66899837483429,1.1617738961899868,1
6.584271246966792,80.08677337446046,0.965971736857455,1
-68.9406329799346,47.492250376675365,1.0682368182659006,1
-40.72095964271642,-75.17143199217624,1.1594660593949102,1
44.960555819298015,-63.72684616870214,0.9790634364774253,1
67.5127074580462,14.08060066514658,1.021291479095035,1
74.48372193705002,-45.53462284376255,1.405013038281235,1
28.840970030460202,80.51437466836812,0.8575065066812279,1
-60.40541964571982,-63.785046043584366,1.066953026440575,1
41.74954923453801,54.60902523212613,1.0377275547600986,1
-44.32417358083161,-74.24345303589443,1.122193329252388,1
32.80869477417533,76.36775550577323,1.0153454430781044,1
41.39185986089745,70.17166597703115,0.7829371106123105,1
25.34140048376951,80.84487558434886,1.2726833776709439,1
-17.024669479208928,-87.50755894098432,0.9868837217790392,1
-82.35944967679258,9.132482347238932,0.8400052129363148,1
-7.639102510125457,80.96715013433086,0.9492096657815343,1
71.8750591467693,-33.944760095053,1.0234705048060968,1
59.25862058787271,-55.487109122350994,1.1695897853649861,1
-25.278382061855694,79.9228784488115,0.7683327133771835,1
33.34954981747698,-78.24554096909515,1.0225751090033999,1
-42.39543955159232,76.93677717600752,1.0815170397274552,1
-57.736004592334055,-65.40733154115267,0.9690376266797027,1
15.694278141717424,83.48000535363686,1.0563323354960201,1
74.91885252740207,7.730548263994967,0.9821289955505637,1
-86.22312960521296,-27.55175117186943,1.2670458758356093,1
-50.907967535816304,-76.571984716846,1.3759673627250153,1
50.87759111869087,-70.5755116434995,1.1848467996722718,1
71.2195758529533,22.36121306660406,0.9825688289280801,1
-62.07485877246912,-55.7088187099142,1.1203331717041225,1
66.2331760352052,27.908620164864786,1.1024185600566505,1
14.680866053918395,78.73091535318277,1.0091570579384261,1
-65.71543793324271,-56.289471192182404,1.364876679815606,1
55.960476231137086,-53.75325077819812,0.8670714358981844,1
16.49483679257179,-81.15056195930387,1.2990651483977647,1
-28.78634698116011,78.60558393945122,1.3542612376406653,1
58.54676430263138,-61.8478662846454,1.0678000184215515,1
59.004429609319324,35.271459775047084,1.0021186357994416,1
64.938019888647,-63.286914742531394,1.3447360546265015,1
-38.7165084592462,-76.39948685453224,1.1689649282162047,1
49.618525056590585,63.844548713771786,1.187172260315265,1
-23.07351326797835,81.9604780097471,1.279533166363695,1
-5.3680680163048295,80.2385832558818,1.1792694386644287,1
75.34566503787266,-27.845059233615228,1.1842267566005253,1
-81.97301115112029,22.05206224606623,0.9278795182927871,1
81.30808800188709,12.205146396793708,0.9671839821900939,1
73.76344884015545,1.915442360802932,1.4537948806476129,1
-77.21379173661417,33.06132512775667,1.367102583220393,1
49.695087916387244,-57.52238941547083,1.023924614821118,1
-37.529795556280796,81.02134342253277,1.270033684133507,1
-63.8824660074188,-76.26938739788702,1.0076300668636629,1
44.37806315357428,63.1920988034475,0.8425177276463462,1
-87.60665819835346,-16.850510168078976,1.458103080177006,1
-93.36668108776594,-14.969270727562005,1.3734414772356969,1
76.40261274756092,-16.768177283665292,0.9411720074560237,1
-44.367320460968706,-70.58163895705972,0.9899121471210496,1
-89.70899158997946,13.467062552896557,1.1048523911690002,1
-71.1200803008243,-46.2428940734777,1.1153479912970414,1
34.157852310215915,-70.93037721724514,1.3420453549630296,1
56.368394511678424,59.59863434483503,1.063827161964952,1
53.583999809227294,55.44468925924184,0.7865897818782487,1
-84.39260372177105,-17.320801377700217,0.9917075916117687,1
-80.45617122545873,-25.455469767897455,0.901607072884691,1
35.273420529329485,-77.45849990414884,1.2039830254008663,1
-41.413676810695186,-79.62722485744477,1.1241477042225279,1
-80.36169389490387,-22.620298704129755,0.8710348819011816,1
61.682844726511796,59.15642728129161,1.231147741789617,1
-52.3274720459187,60.78252203380863,1.2354403782579433,1
5.341955917350418,83.79942091330071,1.042226997400443,1
-37.047526139699755,-80.09556856138897,1.0701190701414447,1
72.074677907549,-42.41442915973347,1.0615398599242727,1
57.59347082769816,44.66590412309388,1.1912214239656262,1
-47.8852435912267,64.73583607878922,1.118057421910447,1
-13.385394986529537,-83.47698811589889,0.9175781132613648,1
20.314133308988723,81.4915296367016,1.01271671910179,1
44.81264697358933,37.56475798375202,0.9975074139858505,1
-46.58317985574252,65.74885964357112,1.0153390055142668,1
-69.79513613150435,-39.43601137453118,1.0312800295131188,1
-85.67655442688758,-16.22624036444468,0.8557961994076178,1
-66.77031066548328,-45.448303904403325,1.0124074691673481,1
78.13931602263177,14.548084870839155,1.3720768505862568,1
-63.33868206559441,57.37999072144439,1.3519273787033903,1
-42.47025860766841,70.41346698736176,0.9892585142368506,1
-31.114969590554203,75.8100799028208,1.1529096833639167,1
81.64132266407812,-39.624515909759,1.519691999124385,1
-34.98870704359934,-80.53711675939415,1.115111598316394,1
44.21065619380427,59.48542224233693,0.8807057244115462,1
-71.87338806125288,-28.207923517180852,0.8260897004385933,1
-88.1581164187723,9.12134177712948,1.005834652770631,1
-75.3691704165652,-28.14172282172264,0.9269295478724949,1
72.70541274469178,-9.861603343614073,0.8946591908795587,1
75.22057235064347,-5.853812564021601,1.2275710284220684,1
-4.219490928962194,-92.00370196343533,1.0027643871584444,1
13.094148653667641,-88.53172339494347,0.9751988414141881,1
-67.36662957446792,58.665048563963175,1.1129694977268334,1
36.622703446936384,-76.14531650124756,1.125846125458789,1
31.37463057079804,78.86827351873707,0.8779153500247524,1
-37.085383683435616,-86.04818931456114,1.1589227240068296,1
-73.79871730267183,-38.440935040233995,1.4717191246580512,1
-74.75029370557499,-29.565020860253004,0.8996876697148656,1
-74.72503435774976,38.49508519808314,0.9243490096934001,1
14.040505673439869,76.74008589427748,0.8395532028943579,1
-45.25629909325063,-72.40366624431243,0.9326297084162412,1
31.01952489855863,-80.14943908132624,1.1407540081484056,1
-51.255633258802725,64.63906226237174,0.9992852409328752,1
20.56202520383532,78.5418718664226,1.0216483340707876,1
-80.10426147870207,-29.129352298444427,1.3089466489852926,1
-60.583277222235424,-59.94215883660863,1.0142437320768978,1
-82.59340164909146,24.68670760758016,1.213242038095993,1
-81.23355581010416,34.622803043340696,1.2501791925253063,1
-3.877100037826004,87.73471420803573,1.3325739165774566,1
24.217885484127212,85.76525050429763,1.0313069123892622,1
54.695557333290886,56.21810191491862,0.8004751642611625,1
42.48734925499546,68.91948863258396,1.015385354161828,1
-86.04001552670908,-2.8940162807103267,0.996351475793175,1
25.51389493820841,-82.29499352115921,0.9412466530189888,1
-43.11997448621185,-76.44619421368687,0.9138610217394247,1
-42.30265032949634,-75.56164969973186,0.8878681229227937,1
-73.13762852694497,49.23982019173219,1.1383881746860371,1
-79.56173637099046,36.61370948714388,1.1934065224597632,1
5.384521303146025,-84.62708119266001,1.0152053943343897,1
50.66174257281988,66.61364639831883,0.9000632084558303,1
43.830644920118225,-66.24247259611384,0.9138872273907753,1
-9.542278090924844,77.46051056854026,0.9617388042568032,1
83.80415040061136,-22.12217689544624,1.0343171478997863,1
66.03771871140957,37.092130301980134,0.9730666900752799,1
66.90557688640088,40.76939182774838,0.9423210687122524,1
48.3122759122332,-56.90046183412371,0.9636322267851575,1
-70.85247859483219,48.90246087636591,1.2539937933739411,1
14.793149769152949,85.06364338425199,1.129701008275765,1
-26.22391376131432,-83.57179526596356,1.3598125654460838,1
-71.77558040896827,-39.803782513919906,1.0170226462873473,1
-64.81758351170825,53.027933575943756,1.0956134937150137,1
-16.414372250003005,-86.06225174527437,1.12083275175162,1
41.14744250455636,77.61660514746049,1.0749431178050437,1
-58.294532789937726,56.744279610858236,1.1222738153786056,1
-22.18704756599062,-84.31755542177683,1.2670883349269673,1
13.97008060500741,-86.73225298627288,1.3368516098150234,1
28.723681274294336,-76.43621110540694,1.05759379483729,1
46.524948952747245,-68.80308978742922,1.138630838757071,1
18.75271277958317,82.22262955013561,1.0017953621083875,1
7.335020988638976,82.17040812774748,1.2618936523953899,1
-19.259260576748197,81.0286579382612,0.806792528585866,1
-28.520183334028314,-82.47681428748072,0.9863732576194074,1
-15.393967121375168,-84.52241558217705,1.1470188386957543,1
67.03318799513208,-48.719931761577975,1.5537111899930502,1
-77.53001253433683,47.82368233743209,0.9848244763247124,1
20.951528867320675,-86.66049428623924,1.204891262102245,1
81.11292432438754,-20.88334681301952,0.8613414770466337,1
8.723464273219802,84.23663574023848,1.1168563430617686,1
51.32131496225562,20.88477103363012,0.8458986038634985,1
69.90223371079666,-17.660830952345798,1.0065877957114708,1
-58.74375067510236,-66.64880033143866,0.957441363401021,1
43.17667203051898,63.365473925776186,0.7696345987141459,1
-9.237969620462989,-89.10541302089324,0.9555108616052194,1
74.29260570887114,-32.166789378101285,0.992540712583755,1
72.25222670332654,-46.25262491859011,0.9602243586111193,1
83.19113608381119,-8.557886019669683,1.248196268616419,1
-40.80512316846532,77.76396450663574,0.9947451014698501,1
77.11151459631151,-1.8472760545650075,1.1932485640646664,1
35.50565226653796,79.85085541920107,0.8442819284529967,1
48.66393841376569,-66.01430515060258,1.2458675018355339,1
-44.146800631744846,69.41297905058869,1.2541078367077507,1
-88.3739309994905,-2.93458919956801,1.2873790562057352,1
59.94027968242624,-53.643969338353095,1.0890781256461863,1
-88.36931318403906,-14.759773936258062,0.9953602062832014,1
-70.92424704293694,-41.26603462756887,0.9893690879007581,1
-56.97804794738611,-68.15442703220909,1.1099545084846585,1
14.435900108897632,-84.70504607438666,0.8519870328147047,1
63.30342258858553,34.55092179134758,1.2236790348281912,1
-36.293338860578324,-75.7199630644454,0.9039322658100254,1
-36.333395201046315,75.44769466909268,1.1629387535231162,1
-74.00123695216186,47.44490295371011,1.0706120264781886,1
77.65962355731774,7.443463230154264,0.9615773453869583,1
-71.08569911555824,-35.058614550179946,0.9371313922820139,1
18.657443968469654,-81.53994030664519,1.2460641718454952,1
28.439786632584234,-74.77063257534721,0.7474002650179135,1
9.440285518166743,-82.66617472803236,0.7997474489126976,1
-7.645216237624552,78.79958588208237,1.2467142280101584,1
36.34610998214951,81.29496820283259,1.0084895381938572,1
45.34647213074644,62.13304835741592,0.83659128825385,1
75.32417965266156,-19.92092011230395,0.885972523512912,1
-45.12412938234767,71.24126782840686,1.015943553944552,1
31.686060144312805,-77.07881944490326,0.8389876949443068,1
58.97832474598891,48.789100689287075,1.105035075105449,1
-2.475295421198113,85.36113703566322,1.1724897836385775,1
-20.784961653240245,-87.79716194722542,1.0202063224578757,1
-68.91437306467658,52.276627891813284,1.0942905127015463,1
-75.60194116417473,43.99810089078659,0.908242788404572,1
-47.320128568484016,73.94052084506525,1.0116610515665816,1
4.632040165828527,-90.71383283044815,1.0053139340228598,1
-91.12847092421,-22.037440247797537,1.1095698112595627,1
79.82544404370107,2.1466337883807927,0.9787037862497314,1
3.2586167570203006,86.28172611033423,1.1022196933132844,1
55.782923395017406,53.38073796516266,0.9787906299696175,1
59.29341743118423,52.71789023633827,1.0016497762498076,1
71.64913916614609,-30.843656624451445,1.1177973885888055,1
-85.23273377355586,26.879902027366555,1.201745084134498,1
80.04081852275888,-11.434402646108415,1.1024894643354508,1
54.78910955664606,59.860211373784175,0.787474016910153,1
-59.30746770296809,53.45866839549574,0.88581025451676,1
-65.14931508482267,-53.73136751548309,1.40780125283961,1
-22.11591352035918,79.02992469650792,0.8943074242037901,1
76.44033865796894,-9.385667567934373,1.0909136020694281,1
-73.12344499798553,-35.7619381384855,1.0999218834200104,1
-25.58153411387304,83.49393106627372,0.8023069501422083,1
-89.12257148824935,24.929015007461167,0.9600808974788597,1
8.153138282747138,-96.86139364389898,0.9058961846993593,1
-11.070941546286909,78.66635068550288,1.2046511699234124,1
-43.70167139692781,76.06502756494139,0.9805989335662002,1
-97.26314521824146,3.805698324896104,1.1220080662167637,1
-51.99054873127194,-69.22031992426186,1.0830358963768956,1
-76.98099980491767,-33.41457764633104,0.9489797671736758,1
38.84506490491936,-70.25976742432547,1.0147629259288133,1
54.56213574364651,-56.97566068236263,0.8906883811490791,1
-33.04131849375441,79.01815816264408,1.0450540372187358,1
-36.7136071783454,87.12232663342479,1.0626553739923463,1
-86.87460880451238,2.4040843906688307,1.3296965922450574,1
-6.425645173236769,-89.73247179280015,1.0000488892244692,1
-100.32949035985892,1.2092787757341588,0.8807153229067687,1
-61.31530501359705,58.57566622329609,1.2029549321674833,1
83.0589183286658,12.092690976326981,0.8749464968964907,1
-16.763076586594817,-83.3955226969734,0.9006135503513929,1
-65.9780370858231,51.425269502822566,0.9042144760198837,1
-65.28958065647747,-49.99106228356825,1.1583925289480492,1
-89.23902344061317,-11.735299934522466,0.9309721862297619,1
76.02245467202304,1.7546397922417003,0.9072270455164851,1
28.375032068822936,77.2592966806767,1.0154102335776598,1
-69.16790061016783,-58.38438577270525,1.0401977199992867,1
39.57966045642352,-68.68662798143868,0.7577845622113886,1
-2.8953680833237767,83.25192263649454,1.082939314699884,1
76.02489619306976,17.386885214031395,0.9360654005376274,1
41.868288029594154,-71.40092661070123,1.17744960056178,1
72.94534027046272,-5.040288814968809,1.0481142748035792,1
61.88308181558465,37.26799215870822,0.9919453399898647,1
64.21298013711544,31.362477221587664,1.065345344312063,1
-9.116498050994908,82.56615568958459,1.3822081951741223,1
-13.521047810803704,-90.57774994740139,0.8597188091126778,1
72.41554495662749,10.199139385361784,1.0648386844428808,1
-40.28778294400676,81.43408607207462,1.2823713301606838,1
66.27525158124368,-50.874527461910795,0.9949409779852103,1
-79.42273676135646,-31.41860650544068,1.0942192770351042,1
60.530343345028065,42.75693003170106,1.0360382271901323,1
-52.36641363148233,-74.80442290748071,1.1750599622810882,1
57.707081958395996,47.76412313569301,0.9553690631944045,1
14.056400093892307,80.66040561423176,1.024826695607109,1
-2.488723786955069,-95.43347709669106,1.0319596686918586,1
-89.93248049907666,-7.25483970305087,1.1593427633728612,1
-86.6513017616073,14.148261289733274,1.0665926337969192,1
-85.96806601141874,20.96748132686709,1.0321496791702873,1
49.816730330016505,61.78838696965416,1.0021003526909256,1
-77.16486787821148,45.7684134294005,1.1898259119640715,1
71.66232269493973,-41.070559360638796,0.7627002545098709,1
-72.96377136071737,-27.468468176164723,0.7534317306156953,1
-34.512178887342934,-82.44505017977657,1.0264019930091157,1
-14.63299225234149,83.67081204783636,1.079027933353051,1
80.31001995516979,-3.207700870191858,1.1731451549292908,1
-1.9124645354592194,-99.44351393966653,1.0686010937607513,1
56.38172903840149,-57.669857457309064,1.2181195832290856,1
9.309338897726805,-84.4037442918805,0.9101351449330821,1
-0.2768514810786474,-94.15756283847118,1.6516185950796918,1
69.6159034454337,-49.62839139647264,1.3402685187142185,1
-84.29233859078582,-26.506201432959138,0.9793009139594464,1
37.681371582289486,-71.31357441325196,1.0082507653087145,1
-10.06271995137977,-90.72601782900539,0.9945197610066091,1
-41.57869650544172,-86.1183476602913,1.1411784283886843,1
11.297731723515433,78.13518421778349,1.0409645286063256,1
-91.92931308011508,-1.5525748598989861,1.043158217064308,1
-80.67165330520771,45.8181265229521,1.1895123473861475,1
43.324929922372135,-67.85320464876138,0.962821136975789,1
-46.939121070740114,67.90957321630309,1.038855017666855,1
-77.38194658509119,43.85142138584114,0.9456117959941008,1
-16.919740853759254,81.09806823008745,0.806759336127253,1
-44.805166568680214,79.48127615487428,1.2542188557406941,1
-5.567688735430388,89.26358197310952,1.0893701023568272,1
-78.28595885084397,-29.663966713198977,0.9118852324884477,1
76.31083120756952,-3.8639408190854323,1.0041008905616544,1
68.5241470512267,22.331487026167707,1.2835646761167228,1
72.99212013287097,26.820922538551706,1.058897595234818,1
69.94996863185268,-41.42453886655191,1.017055150441456,1
-13.911786924202053,-89.01254970890737,1.0418083638481423,1
27.95188934341499,-82.52775186094635,1.3164925018479157,1
22.65963795903787,92.83959677617865,1.3443471021810323,1
73.65157496758958,-20.661453241890243,1.0777325865285379,1
-88.23331526701122,-26.98043524693731,0.9626571539021115,1
-86.38119548631164,-14.877303000356214,0.7731794556802855,1
12.083422770941803,81.5809204244366,1.0738220976907313,1
-23.27525641459786,77.53162971386885,0.823258472950174,1
-70.36278437804711,-61.131477490785336,0.8028143348822575,1
-30.41304831177291,-82.24502280414275,1.1287808523107579,1
34.857172787018676,-73.31887703295676,1.2460054166056258,1
-53.37139307905112,-71.77532172699978,0.6907656266972245,1
-56.97849837474902,-78.7435989782431,1.4757118782965535,1
61.49873214680791,39.13403765204466,0.9632883126317126,1
-77.49207437666675,53.68362221501395,1.486751815582369,1
-47.72078261216422,-75.49693376348073,1.2193582617021215,1
-5.348821302156159,-90.96230572729496,0.7996272438638045,1
-45.27471989638513,-75.8756378730804,1.2559462048961825,1
-20.333941434722174,78.76431087094824,0.8453561065680447,1
-89.51034075287052,18.752289362644895,1.2357923001612745,1
25.966920114752998,82.86738194887671,0.9470149398777041,1
3.271149898393444,94.98867846714177,1.3076883193104776,1
74.72319287356329,-15.563745558205866,1.3033442635893073,1
-88.01214218395555,-10.881715686339275,0.8656153052567382,1
-28.937783889160414,84.56840436657544,1.3509461162236527,1
-50.749763586656506,-73.18172190094866,1.0738300261385334,1
17.919477479571384,84.44131133062174,1.346868604685338,1
-57.60424592661625,59.48662735208433,1.4399199576456898,1
-88.32502117949771,-5.811097987894538,1.2890693049897848,1
-83.08939405236951,33.42082145313862,0.9335352223779825,1
26.225994941724725,-84.32265786386854,1.282535566262964,1
43.56018615653752,65.3745364878929,1.2515954971212016,1
-65.07890626835159,59.16326354022242,1.0351790927794942,1
29.111069280373663,82.86115512388157,0.9711552787623894,1
-7.563750818699033,-93.00844213018325,0.9116319609944216,1
-81.86799861809978,39.75664360429894,1.189060565282508,1
58.80064778424719,-52.18638349828542,1.15742798949126,1
-54.921637682108674,-72.05497150856534,1.1961090773033727,1
75.76283960072199,0.03655499567171159,1.0101030465231648,1
50.32808249804122,-59.587567344528146,1.0708834920660417,1
-53.459759815644375,67.5252550774417,1.0899919296448661,1
27.27731806402697,81.7468234204897,1.041909739968047,1
-43.23603954228655,-78.54651626360166,1.2892783800437166,1
-64.64280991739022,-69.3584043590398,1.258683568729258,1
78.31542272705457,-16.4225929126241,1.1371538231480454,1
-76.3059423935587,37.917974796032674,0.9977842683673426,1
-80.84214919235603,30.875563139542646,1.214356505767828,1
25.39804237089353,87.18888681924828,1.0288633978841972,1
77.40526405741333,-22.46929926643067,0.9849409133254708,1
37.33693757372533,75.21540144451718,1.0653700279304021,1
31.41912050987158,82.9938111007533,1.2719662158099607,1
28.448070030618222,-79.98521171160903,1.5438935054429097,1
-22.768540161231595,75.74717317400554,0.9889841615161516,1
-59.80546495954427,70.3914932979413,1.0830256998553565,1
-20.640691270322602,-85.89658068654965,0.9704027080528577,1
-48.60697966340493,83.57444409450741,1.133986298667854,1
77.79148826808265,1.565413932294067,1.059479304180846,1
70.2399807937402,-43.22514927545288,1.07678798164396,1
-29.76720545500292,86.52443138771915,1.1770729473846615,1
-26.929543097119033,79.47961230349429,0.9584125813014709,1
-29.549729228434085,76.79397532278608,0.9834322011079224,1
-24.27525661046334,-84.90278704309576,1.1444881818732473,1
-47.12727818888688,71.68690202862251,1.4006702338572081,1
-14.292423069608972,78.46210690016258,0.8045571697099685,1
-84.4572010597445,25.066282746310005,1.1191137940819833,1
-88.85997233566897,12.257412262945586,0.7029538568952501,1
-73.61581607472075,-40.8522563496977,1.201676875933124,1
-87.70065675865213,10.941432418764311,0.9387443204182134,1
-90.95525648318103,-5.774885909630653,0.90383452785926,1
53.243063306139405,61.00095121873474,1.4057895858081457,1
24.348475558574762,-83.37957142613482,0.9887856063130284,1
53.66823063788901,58.82660777147176,0.9225103823750573,1
32.19288623745917,77.83945147306716,0.839639701512192,1
58.49193431414885,-57.32375094842459,1.0058604571707987,1
62.606339354007446,47.75566622518482,1.0800371279027317,1
66.00074521653404,31.52543584910915,0.9403506362626904,1
-62.14076804594286,-60.727610946187134,1.1645620829645809,1
-2.9661767916466935,-93.5285674971692,1.0113312147379836,1
58.06642377398997,55.24077008258776,0.8773030889883351,1
62.5045664766916,-50.30393701751824,0.994245833165881,1
-36.42805744497399,83.0513433531106,1.0509792079512748,1
71.14155090420864,33.68220307067889,1.4288422886557106,1
-31.878788574057133,-85.73730829862866,1.1118470040607487,1
-92.688517205658,-21.03061122415409,1.396067345386337,1
15.603761009577978,-84.42324028957208,0.7184474639761845,1
-21.824013564993827,83.65054487795756,0.9794220622193159,1
51.367151947423906,68.35171939449256,1.3478199759106777,1
-32.61475192772074,87.00418789374916,1.0843112801524235,1
-88.30766441075026,-36.93028182581351,1.1115223793277729,1
-71.7740944916144,-48.18847123776084,0.9739526506793388,1
-86.09223694909724,32.06395334632157,1.0202144347668087,1
74.49963087811186,-8.957897886707618,0.8880465107375778,1
65.78876107324895,35.080006925065454,1.0194804320973212,1
-16.898852284803986,-91.92362911577351,0.8619564782921176,1
69.65561885446033,43.221433249708795,1.203082927797405,1
-36.449453428559735,-81.98213615755864,1.1117241054942324,1
-75.17534859885535,-53.75934327747674,1.1327235193795584,1
83.06542905145703,-20.070930684723933,1.2401766698091519,1
-45.340347982120925,67.52628696558224,1.0622428507011872,1
51.88074490271058,-65.67495287176241,1.3909588337873962,1
64.18406612393264,27.225681366504418,1.1279982524304255,1
-7.037840924925505,6.546156147978658,1.0105965780410888,1
81.23515888632632,-26.497392610081878,0.9394326674291791,1
-94.76144716485457,-0.2833579788713429,1.3529401732151487,1
-2.0627461843317514,-89.88351221447664,0.9632465850513388,1
29.666990058705643,81.58030605476142,0.9892134327091648,1
33.61865969284865,-65.46477510577962,0.9129144225440434,1
71.39932748580513,20.5411590715814,0.8762887892202672,1
14.689484414536283,-88.87282683964145,0.9286679011455905,1
9.495854559532962,79.30278538218228,0.9880034280727914,1
-42.728182167656094,78.71058530211403,1.015117999845539,1
64.98970936611144,-51.83349182183392,0.8938343290222682,1
-85.97038696352489,-18.413273534060234,1.212355760393463,1
-93.17379873733232,12.905092665519605,1.1164510372556626,1
-61.60665641974341,-65.13473571628656,0.8920435461401042,1
-70.97396671152775,52.938371980674724,1.1376320324360352,1
72.4748083282341,-32.32783139087879,0.9773173375262567,1
50.22006100786655,59.41891382703129,1.0494533986293564,1
-12.15163805882929,-91.48780021918323,1.3721960043268147,1
-27.849806004766517,80.60558713362828,0.977329968906589,1
39.65057969541307,91.88015372022436,0.981811477125269,1
39.236104934077005,75.65593927724505,1.1954528850018937,1
78.97669513855247,-18.519208419476183,0.9491927569985034,1
22.96203427365923,84.19632446681601,0.8909555054501347,1
83.19281275824234,6.544479473547451,1.1621155650364567,1
-49.31791130336493,-78.17546931505433,1.515787199305253,1
76.28826745059655,-29.343618943148282,0.883115820638115,1
-89.31002604861406,2.301540506706633,0.9716773074013918,1
-28.796892274191666,-83.97471382596258,1.0224774829040895,1
-35.01169904771358,78.60491371798742,0.8564989825324986,1
-52.79530833523242,-73.04182864470809,1.079773263804954,1
-73.12085339926092,53.93261395696062,1.4151302901142084,1
-22.670412465209214,-86.52239573537354,1.3073668334316872,1
26.56759308526453,-81.00409265794245,0.9738055125691817,1
59.77285321413454,50.71318245011108,0.9599183601744622,1
57.57269396232022,53.40713352047886,1.0301854046129,1
77.82750973219436,5.03304571985119,1.2724345520022118,1
11.019137895277886,-83.32032384873445,1.0037815880741248,1
1.5304554324683632,-88.09739246620376,1.2165884913156788,1
-66.61672831832863,-63.436186868223075,1.100105407147057,1
65.41978434187598,40.025711744268065,0.9148974130899399,1
-73.96288768197735,-51.125575924493056,1.182264805936305,1
-54.3288469005208,62.22472596560842,1.0823786587369724,1
-91.24499191182775,21.960297314923164,1.4467501425142733,1
11.186495331996865,84.0067133358515,0.9719800659302436,1
68.27492707625031,-11.681399316571197,0.9957781232925806,1
-59.625616676286654,-61.79481422164039,1.233467449194407,1
-55.102525735320214,-66.96571373325564,1.0353738507927581,1
-41.76321219787983,79.83611054699736,0.8756569176803102,1
0.6997670600011447,88.93830446925118,1.4072777488816535,1
-79.1044460776456,44.47910253267525,1.230783015000408,1
72.82366510552966,-16.79746630377725,0.9428832642890305,1
81.83261797977364,-16.563535783153792,1.099113890474487,1
-52.36346465704159,-66.58858011557253,0.9117686582120846,1
70.7504912501102,16.338493717612938,1.2150758188345976,1
80.80892104405652,9.626646207094776,0.9502273103519628,1
-91.5937637976884,14.252531705284705,1.184052662095376,1
60.09641288427824,44.75114791552158,1.163106459597606,1
-9.486448642989874,84.9997647927372,1.0571777871775436,1
-52.917272841467884,65.7402431088771,1.1538080373253068,1
-58.903709840488645,-73.02712193869644,1.104016662768912,1
-82.21520861116468,-28.692098557596438,1.0524686081694383,1
-60.22090875525158,60.41809684618921,1.2072511231439678,1
40.55496673055264,-69.95088013304348,1.0740645993521702,1
-78.98490136207057,46.654618761569495,0.9845019074844027,1
34.7293347450125,85.33502632446913,1.2541460911953297,1
38.93281110444231,72.32318857942279,1.1970758201442089,1
-80.70378956513886,-27.15192601584272,0.9349810652744299,1
42.728182167656094,70.84173850273316,1.0522281442543902,1
-68.45466324597011,-48.991033427011025,1.2434867133212422,1
-67.94268159809715,56.42263581927217,1.4071216811103948,1
-85.90685089961931,11.851651810989699,1.1351510858696445,1
6.884432568306735,-87.2372603473552,1.0660551121793111,1
-12.6925134177766,82.76979400915809,1.2785396686006516,1
-76.31659982669915,51.4754020683152,1.0042952650604384,1
-87.72539322188862,20.092604538226382,0.9098504110172375,1
51.249154451319285,-61.10476107657297,0.9523545633356373,1
73.96791471120945,-38.700550111535044,1.1093162966311,1
70.8679516088731,-37.717792676878126,0.9395710953126176,1
61.28706131472796,34.835170161052474,1.2093600252202135,1
70.08811170121014,-46.23800785851739,1.053502771402712,1
38.67432530311559,77.62732869088136,1.3164264385074,1
-69.34625100982944,54.27609798901761,1.1732896556056682,1
47.660118512643095,64.22209514902318,1.0687755617848467,1
-60.488898100963866,-66.01667308554487,0.8921025625877292,1
-30.717336934339237,-84.12523003914373,0.9807589653055847,1
78.48107816085626,-31.966776090747082,1.2012040266804256,1
-2.2589495284472365,-97.40339703836962,1.3159479702554193,1
-82.87640806719496,-18.52074859045905,1.1566359655413052,1
74.03309440435845,12.747749958311777,1.2112612142751726,1
32.98006629907361,-72.71460057389392,1.1174110181656276,1
-76.14531650124756,-37.547562844817456,1.0668377052458613,1
-75.91574392547449,-47.14967784580912,1.0300672304624487,1
31.071569299175962,80.53711675939415,1.1053366102250728,1
45.55657632015477,-70.8623813238184,0.9433591566074105,1
-16.44974805226594,84.37937429476605,1.0337582501077487,1
57.90523740522582,58.814421220091944,1.0941455286422503,1
84.43557449219327,11.082877871404197,1.1451925474213227,1
-38.4096021868011,86.08925286781793,1.0980578091638835,1
60.76552091565153,-57.114738122116364,1.1013834853857614,1
16.50386843546821,87.99974308687513,1.3671903028063968,1
54.94984928586541,65.32501158986078,1.5159126224570023,1
15.860120719483415,-87.57817378614175,0.9683144515813952,1
69.20174009187535,24.68402193442878,1.280583920894614,1
-90.80957210482642,8.419485860232783,1.3795939444028915,1
-93.40671751159687,-1.5318283900522718,0.901054229890018,1
39.74612628286693,-72.2840894631732,1.2830913883363868,1
84.37652585354485,-18.754137000193772,0.9377374609856928,1
-80.33066153091106,27.122395398608678,0.9289689422587342,1
24.52495770402267,89.26529946092846,0.9897130704815044,1
-72.17209459731306,31.376719427693537,0.941896074294992,1
-66.92578130013597,-58.77565851005006,1.4522768575189904,1
76.088701276424,10.740902156793842,0.9086530632548211,1
17.127432910800106,82.61488703430255,0.885699330707713,1
-10.006723927934813,-95.41942274696652,1.399369547579765,1
10.339841632852877,-86.34812191879914,0.9911083647875556,1
-77.70208917805475,30.94330984966782,0.9285616145457493,1
-25.195723386721287,-90.372167753807,1.117099131765615,1
-67.1514056037484,-50.22292069786835,0.94629187504736,1
90.69414937124029,-1.070137455707837,1.4403906379152525,1
76.12106296982036,-13.29822418235209,1.1572351197524815,1
14.822088771304895,87.08774216957023,1.0594503907873556,1
-3.303025525665328,90.75672018757481,1.606208595644124,1
-87.64730622442858,18.36274577942521,0.9067231645333199,1
0.6346146187359419,92.15439806804113,1.07727319770315,1
-91.04026598586688,-12.677390736129057,1.0126035579463841,1
52.94482651301742,-60.275614817947044,1.0691624042044643,1
-30.948773294032762,78.31191883806854,1.1517350966631346,1
-24.960611162183415,-87.06601288421737,1.0067950519560125,1
66.93637478867755,33.57628573868226,1.2473460716038007,1
64.1212223505774,44.41912411197776,1.2396320438338175,1
78.25693473397985,-12.464209095602655,0.9443377401914226,1
66.64164596947163,-57.30845558520727,0.9789900493736156,1
2.794153282603375,-89.69158312795832,1.311521085305819,1
-73.58861203207466,-47.61503883418625,1.3483926915496685,1
-77.36529124771823,36.519186696350204,0.9464941834103882,1
-51.197882509338186,66.73897781205038,1.1664822940851545,1
83.05175653359542,8.655029342547335,0.8615606653326323,1
79.89250968317654,-17.427333079372026,0.8647054941965961,1
78.80396949273756,-42.959185165514235,1.0731821295172193,1
-15.014703365039686,-87.53981477769665,1.0854677771457466,1
-31.714745622963633,83.19204346056219,1.3423395330416432,1
-7.33307007512334,-88.0796069294159,0.9881903438176917,1
-49.84723652944392,71.77223405499292,0.9560248387451641,1
62.96170233224739,-55.05782338968752,1.0048978930363426,1
-29.216625309075464,82.27359045543163,1.3324146762721099,1
72.68386453671691,29.13955369258538,1.5576490856108398,1
-54.402577611613516,-75.47574322275553,0.9489887303531205,1
-64.54150035795722,-59.80815063269568,1.0848271781113945,1
-36.23695036373817,-78.84963103246518,0.7985726438853407,1
80.69393444542663,6.776251769085797,0.9760318008271361,1
74.14553103842019,10.914499497941147,1.0012115575195644,1
72.66961921756052,23.13700082018009,1.1387369243048568,1
48.86254050014032,67.9407668126096,1.3323302076113333,1
71.21575477326634,24.182849122690058,0.9196496817732175,1
16.020624190032915,77.83080792729257,0.9779037570165101,1
32.262394751396485,-81.32964322729835,0.9897495240337485,1
39.48699116869471,83.33779428822432,1.1964516891086785,1
54.31427535773266,-64.44759261752355,1.5266332385668704,1
-98.96809658732049,-0.43428792200000893,1.3658481415653727,1
-35.55431034481019,-84.16815400044787,1.3184134300327228,1
-1.830598224806264,88.99289959265697,1.1619415139551004,1
12.627621977352625,79.42733732067295,1.1894144781003473,1
12.282478545691902,82.98730037796207,0.9785755088500766,1
65.96842171281195,45.216788931815884,1.4746289097277292,1
-84.1635914362188,31.732495110635256,1.0629100465065973,1
-6.1607352705375265,82.61568278931043,1.3069090663312088,1
-81.56649264625875,37.138527952839326,1.1233537306685948,1
-80.0408773637982,40.85274518294734,1.221575288245555,1
-75.5702005759124,-39.79968671608557,1.058623751808412,1
47.60976542266882,-70.23815002445868,1.0930047398150944,1
-90.36394930044756,1.4256448311963814,0.8377086690575917,1
-57.132006310339634,63.8404233368521,1.10507957688369,1
-36.20685285578112,79.59008962374654,1.0554967667303135,1
-64.46364296457851,-63.292363934432764,1.0610491999987868,1
40.300798129278895,-74.57990387265575,1.1265434374617336,1
-18.455050671970742,84.18354396081051,0.8173850410184879,1
-75.24951412958744,-34.22614245200945,0.9989080541368933,1
-74.84142161458446,-36.30897474845127,1.032571739587011,1
78.56219398550682,-6.518950382721859,1.2459528830546258,1
-80.87919134515026,-37.46196385924332,1.1342053047678176,1
-86.54571320769571,-25.96109074667246,0.9439431827302062,1
-43.19251061577077,-81.11421551340263,1.3488793134761639,1
20.014591230170335,-83.28523105288961,1.2382771379670214,1
30.36658866250555,-82.10016189182535,1.143013997039946,1
76.24866728513301,-58.713050559596134,1.3678257270248366,1
-49.74543068131588,-75.20720366651211,1.0066211716849884,1
79.06877536088584,-21.60048548903958,0.9925396448165092,1
-78.25349426379896,-34.933059729293795,1.0065013460647658,1
65.07126141965473,-60.76956386448155,1.1137860925627616,1
-91.12402368049696,-8.60743805917646,1.1019692412174078,1
34.26628598130703,-80.7710151467246,1.2583125395780097,1
-74.64646163766874,-46.029122168964825,1.0670335884632167,1
73.66188932316945,14.709950137966146,0.9087702716455566,1
-77.12819242607024,49.562877248385696,1.1464751615988018,1
67.62137871143061,-54.647883722462076,0.893047826265965,1
-80.46634851319031,-35.386429442719354,1.2008484063836053,1
40.71878375011689,68.1419933602119,1.2091380545217731,1
49.981303441564684,-67.17331598722352,1.1007164880352645,1
-62.07761330903467,56.12437115678604,1.0264269003340234,1
7.406122463736674,92.05688747362142,1.1297137232129226,1
-20.926815630810207,87.38423906975942,1.2285402750157515,1
-45.54901664758045,73.3412576425517,1.045025098663286,1
-87.46566035790548,55.85081124412198,1.0084436322975152,1
-74.87754406918187,52.62324249641246,1.0677585778125789,1
-48.38687794421629,69.56788686484822,1.2855220860440535,1
-7.936308553388143,-96.97012768874927,1.1237237524321622,1
-88.32008316882536,28.233311162526473,1.0622344648110318,1
-94.39544310881243,16.794409440027703,0.975550716892821,1
-96.81543518761261,-0.1376590937707156,1.130540486218379,1
76.71091110136871,-18.28221460948609,1.1303720995702242,1
45.13497537007445,-67.73640697966397,1.002621104405948,1
26.370868825606603,85.67541505039911,0.9850962470325966,1
77.38588140854554,0.10653170167180612,0.8885431452705934,1
77.40660929620118,-5.042179183200058,0.8184240597824995,1
57.61826902185892,-58.871583159174456,0.7452985702346442,1
-23.814733840173826,-88.72228430368219,1.2169012030364972,1
76.79428326237756,-6.398676771321554,0.8915823808484707,1
74.46565946860045,27.79850756565779,0.93281733883397,1
-49.64562213107284,68.02619306947359,1.140839766002318,1
74.53876945994382,-36.69425279807049,0.9883761160992443,1
77.39829167598369,-30.11640147608128,1.0440248502343357,1
22.28069100240555,-83.88714527470745,1.1525372603704125,1
20.100025477197335,85.76976966585043,1.1228409611729808,1
10.903832994644851,-84.85959823207418,1.0571946358979443,1
27.589847698472305,84.00930789070738,1.240874471744571,1
-77.887776751716,40.869434641369985,0.9675253345159874,1
-63.86205217866707,-56.70676783108404,0.7084145114508749,1
54.48574326289582,-53.672481644904465,0.9603812497979671,1
12.909135614349653,88.56554298277581,1.121582583812829,1
-82.9102772989033,-27.23948216554196,1.0504616925909638,1
-90.82946598002191,16.56562987527963,1.0940200638761337,1
45.27502373011536,71.84528344120396,0.829995657268034,1
65.50524670813044,29.56254721392936,1.1255377337225756,1
31.40089048605604,-83.45997885260677,0.885400072366023,1
-70.27959024996667,-53.35984939620742,1.1557692512201987,1
68.94289885860096,28.645662952033085,1.0708570848604273,1
38.15271645813357,-73.25773975796577,0.9124003652589321,1
81.57346324768989,-4.619975216518167,1.1155787359182512,1
-95.59586916728375,-6.717230450846272,0.9834198527174428,1
-70.58707706585892,-57.49737924528584,1.1238956546827668,1
84.65147539036741,-14.034919541201473,1.0957762515460532,1
-91.20463386024687,-14.347554608868686,1.1583219251087375,1
-38.34544443929566,84.45944714242785,1.1428690281545206,1
-70.27634892030119,-51.545785226765425,1.0979527051340887,1
-17.38808455770346,86.22801264730641,1.2568412584794224,1
70.75947763675461,-44.901628066876896,0.9017171928075988,1
-66.55098069145306,65.02033746843372,1.0010070215605906,1
5.0038566932321284,-93.0241085568997,1.2752176505689643,1
-74.94257355712072,-44.1260107240826,1.1917935005246953,1
-67.36373591989403,-53.29623420893459,0.8344113020006658,1
56.984016109944726,62.12260407293827,1.0056436518010612,1
82.07143317308008,-24.354105418870716,1.3250482848323577,1
24.474030379460913,-85.10985983852493,1.0416225419430778,1
64.65847634410667,-55.89781052427131,1.261390273439981,1
48.09308157826112,62.20995627038757,0.9271941478627997,1
28.25328155262655,-84.96395581738537,1.1862696086472413,1
42.34673352251617,76.57138006247797,0.933607155606758,1
86.67450580872506,-21.979996683170587,0.8598536228696946,1
-3.608901990270021,-90.51177609613092,0.9126928925862753,1
64.6960757682261,36.04252944666639,0.9899421764525771,1
76.04329432161308,-44.18445987372103,1.1497777104150837,1
-29.97927416458677,80.55801949009111,1.0122504378903079,1
-77.67762508828734,-31.518529601378695,1.0754787005745057,1
60.942399926966196,49.118164362730276,1.1325360103112105,1
-79.93551132340514,32.90165699097552,1.0651018161361607,1
-78.73319410615973,39.40777737473453,0.9150997077776846,1
36.406269060740655,-72.40646434099108,1.0300863484714993,1
-89.53220446386544,-16.606412319430376,0.9722936018745768,1
42.656546663533035,-69.81586401915993,0.9374185680677329,1
82.1905506763829,10.43384019315154,1.0719735355837496,1
-90.72651517588525,-2.8691941500686946,1.049324683610958,1
40.02821498977851,79.66724295796959,1.3808083642469984,1
13.034467028081202,-84.39316075027651,1.040557926595978,1
47.09327870962992,-72.3318921498208,1.129472191353264,1
32.784608975277976,81.8623017356574,0.9864287624331899,1
77.95451166032628,-37.321090720139104,1.242701372701472,1
72.51797873057465,12.92136306934784,0.9558270461284338,1
64.23234953741938,48.874775233385535,1.102205891215344,1
53.1221374814966,63.629923208749716,1.2455751270562874,1
-15.905591249069092,-89.78443524062462,1.4859156477220372,1
75.23183018991197,-35.0510187069235,1.097939779256843,1
80.95406675748279,-1.0277175925987159,1.038838938605109,1
59.89913195525637,38.46281830294899,1.052452063533111,1
71.32140762661018,30.925526338259967,0.8656863557294244,1
-46.68087061174298,-77.56659575780442,1.213624629183533,1
-10.356332608343859,-92.23732411622443,0.9188102072088393,1
-95.32428814168958,20.646261555377343,1.3542217894446067,1
-60.429794444804166,62.49024288655083,1.0614966519996645,1
-45.257494861062035,-79.47297080977519,1.261967242797258,1
-75.85799863707373,47.37527439052591,1.0510603583087728,1
31.04329464943877,86.25826505751746,1.051814304617862,1
-24.282066186104032,-91.89299254797248,1.156401880360442,1
63.202841496053075,61.099064194130634,1.2811220727427464,1
-29.534493380041784,-80.88539680149405,0.9596560263362078,1
-26.249968320441297,81.28995494628333,0.9933990152686909,1
80.11515029832422,-19.885129397520846,1.0461401149372231,1
-48.27217732004231,78.04230468796456,1.1569882172156567,1
-39.96454918504424,83.74968501448573,0.8175032705910683,1
74.94191884078032,22.478189052753486,0.9380367746177504,1
-91.27636199241324,2.8525429765300774,1.022453105834789,1
-86.90669407638103,-20.731707626122613,1.0520486971378555,1
49.89918975670609,70.16830459811882,1.06824105478855,1
64.71190710469745,41.595517300442516,1.3773991126970586,1
-32.217438918210185,-82.81500211974725,1.19338588916797,1
78.18996660544862,-14.22230953135782,1.1754887356116301,1
-92.62876167093768,-10.812414786981837,1.297967951944629,1
-26.045914000579064,-88.7781232491504,1.011712842592647,1
-79.35757242184054,30.31121251489395,0.8919806416263484,1
58.7895480520047,56.74322787871501,1.1173087049114883,1
56.61897980656271,-65.70858922210984,1.1222754638939134,1
51.715454829007356,-59.16106918550388,0.8167258570033359,1
54.226725007850625,-61.631722702489725,1.0009394762797816,1
76.22470906984381,4.228774737386732,0.7917903004321988,1
-53.2075571551034,63.75871338087575,0.958166168621574,1
-85.10002992372246,-25.078411592800144,0.8144616547304971,1
62.5563752069879,40.674043694624075,0.9805471739542291,1
-7.932434060759363,86.07134838014197,1.001662900322783,1
35.19978607606827,-75.06128937020027,0.9504176265596118,1
-90.10433422914649,4.189650116168946,1.0535304849236506,1
-53.301100296020756,-79.29953543195917,1.1722116394871838,1
-88.20125374256827,14.541358676900071,0.9454594539767528,1
-61.75205902364502,-70.80861596372483,1.215528746118592,1
76.54759822339888,12.57108574611959,1.4705450057839013,1
-44.59398365601511,83.05206129083243,0.9590770222061733,1
1.3078060563292289,-97.28442301518966,0.936763316976215,1
29.68930284827151,84.78954983061479,1.3271204568873276,1
-70.24581587548707,60.277899282084334,1.2107031693765244,1
-34.56560815215368,86.17827795931768,1.1490902365004334,1
61.59089504498627,50.93392695617629,0.8416913129316179,1
-66.37551671222887,-51.81701969317205,1.0044982328891472,1
75.77130793948763,-30.922985836630282,0.8848801680308456,1
37.55583058425403,73.40061491147733,0.9932406330281062,1
-84.44204000163182,-28.57034018855458,1.0103491785623093,1
76.16210967589535,-36.70778063320342,0.8778091405876759,1
65.80576688007629,-54.319312178355034,1.2027808375687323,1
-68.63214179841644,-60.33388293134853,1.244843459008565,1
75.25455108947736,9.64355600101092,0.9000925054652041,1
-87.4222081932391,21.819489707566255,1.1272122398205187,1
73.81224513780477,-41.42501631955662,1.1375103195547338,1
-30.607721682012116,-86.98447725161469,1.077770492871253,1
10.903832994644851,80.50454475356565,1.0157773254548859,1
-20.773681826004417,-91.94625839880838,1.0234080963916905,1
81.73000746560747,8.195281886779691,0.8759490738898048,1
78.84700857916997,3.119736001263716,0.8798073502743619,1
-93.05120225957404,-8.544653442050977,1.1828311514812118,1
-48.08879481523523,-82.59091983891855,1.431291813985349,1
16.474814335012255,85.70162070963393,0.9220504682626428,1
11.602796648147729,-87.66450346622958,1.063146963459578,1
33.4327940588794,83.90298703338847,0.9800826140212651,1
12.210860594988146,-85.8162094307599,0.9655448863900561,1
9.164666216444095,-93.46474131425035,1.2574317097095713,1
-47.6347633738856,-90.79466570820107,1.195613827013958,1
53.681011143894516,-70.98457945220665,1.1169956107124146,1
61.38305984439467,65.38833183215613,0.9883716932300151,1
-82.56018127436745,26.84961286217701,1.2845544246449185,1
62.67230325597143,-56.80151598117774,0.8890396057780072,1
11.360303196235547,-91.82043225581211,1.362879992522715,1
-92.70668264942961,-3.427332121658921,1.0799407128386662,1
7.287888377198417,-85.17469544679659,1.020773854716038,1
-66.87684236715508,61.92207381096781,0.8256467020272366,1
-26.937610406508664,-81.971066353321,0.8120986978633351,1
3.3451130848068535,-96.54578889041781,1.1693180769597344,1
-11.869071942189331,-89.31640315582564,1.1888772784072232,1
-75.55755538857548,49.99859053311387,0.7638341229850495,1
2.813208194374343,-98.82864016631687,1.1391197982698982,1
-90.62138679892317,43.44935253877278,0.8687390681213935,1
77.7028098877369,-8.167874899143369,0.9739131639954738,1
84.47337285506471,7.856712998296542,0.8606584603282924,1
81.11581024509847,0.7453920921929132,1.265515173378823,1
63.98920659478017,-53.2457978097117,1.0220493965699524,1
-83.33242481281887,37.46977093284619,1.1147083498966508,1
-87.65679076384609,12.586059081174989,0.9831057092944875,1
-83.79820040044635,-30.192741862813417,1.083739012346313,1
59.931915403755575,54.503498546507814,1.4087828309046115,1
-4.395343532725055,-94.59024115883705,1.300536586548671,1
70.27634892030119,49.95969457712823,1.101482989461066,1
66.49527784090571,38.81096111886997,1.1040114215371462,1
84.17884403279558,-7.206556289564126,0.9294059121776381,1
23.43399028652052,96.42760246003111,1.3237760348602927,1
-63.87344594355178,-61.46366467044061,0.9564918275070531,1
-34.92348849645982,83.97424599687068,1.0956706451284177,1
-78.87202274906237,48.50325711410986,0.9377970031952673,1
-6.264012902623796,94.51267487335727,1.0194401606755876,1
-47.02896390521504,80.0043184970055,1.2513541895712035,1
-5.7251389792572125,-93.20646576387912,1.0287137984125378,1
33.91259169886193,-87.22544181491999,0.9744149434863448,1
48.15097422145901,-68.1091550243318,0.9392468061543644,1
89.48662940432672,0.8724994571311883,1.0278164713022273,1
-53.51129152113303,-67.75729554861923,0.9932918931434003,1
-62.90604828269552,-67.49170353804988,1.3255401388094292,1
68.62790126186158,-53.29370226118243,1.1611262851907407,1
45.21870971976578,74.8459034531343,1.3557560381597795,1
-71.8621949412844,-50.92002512983899,1.0695342496755373,1
82.17071531258505,-21.92808244562002,1.0116792439410156,1
47.68500144744873,75.59501075359869,1.3135776434650839,1
75.41817821296023,14.49457799805377,0.9044849327854713,1
-24.874599407661755,82.32062151332282,0.8567491014828383,1
-89.56009954341071,-13.531470910120106,0.8222020015886522,1
75.58821116425601,-47.49392146219178,1.2167046675938726,1
70.17723626208591,-51.8955607124438,1.2501085213531014,1
-84.22549517012897,21.749177996214975,0.9769741047454302,1
-31.199926175899506,81.55277112295676,0.8290894546950047,1
68.69607604185845,-57.127022466638444,1.0358381912182328,1
78.88145850197834,-9.853182419959097,0.9462998705321678,1
60.362742138457776,-65.22977870503296,0.9748408712777847,1
38.16208216834493,-79.97477508984929,1.0019647140222816,1
74.05612064314236,21.46116149250248,0.8504191341675739,1
5.189648909328625,-88.81355329354616,1.0512769281321641,1
-28.700893744524954,-86.83587000390442,0.9358852385809444,1
-84.56896461130064,-33.2553098638545,1.0939580677560825,1
49.01633258907339,65.77157596230998,1.1513541623609345,1
83.19877602485138,-17.61024600111044,1.0512633848731876,1
2.243432305794757,92.8998215716159,1.089801579717073,1
-75.50799905946783,54.4746026927864,1.0096342828610732,1
33.96954260856065,80.67322980097788,1.0480197905013033,1
-45.07558868275399,81.30511130329275,1.0015261059879923,1
-103.58409249701995,-3.8512331947880014,1.2800665366402284,1
25.484054125415163,-86.72411615999378,1.018792387269391,1
-71.28992697669884,55.115080374362925,1.0707278642689446,1
-60.496509320421254,-71.96433367685808,1.021763121453868,1
-33.178836458865774,-84.2758165588438,1.0839687108210512,1
-4.311840391711752,-96.7668453844173,1.0912897733264653,1
-14.174677206663342,81.76193470921388,0.9529097784105011,1
51.18534936796504,-68.31564699679328,1.0070628035482818,1
76.93655135364044,-27.230790134808927,0.9110176131512572,1
-94.40165322390723,-5.985421839558065,0.9091460700992808,1
-95.47161133018267,-13.976894152114552,1.2462627113476794,1
-6.432008152703139,84.93459245759679,1.0181749585751456,1
77.11497273732581,28.030852724960134,1.4744851141598927,1
79.37436323324954,8.367520964130067,1.271293224760762,1
8.089573068127315,-83.42514648567358,0.9430129380857929,1
-71.08019867733805,58.313681568269125,1.0754601526000203,1
-53.175768882289205,-76.95740463785083,1.1398637145538808,1
-59.291785208121674,-64.94673859568923,0.8121184607639428,1
43.704854416959094,-71.77909109282629,1.0467924465207163,1
1.9822825641214596,90.46626065859574,1.0013432532281972,1
21.20106194682901,87.44623398877705,1.2381558418082856,1
-45.361227718700306,85.56055000208491,0.95198290307329,1
60.85061309749809,56.81936503700331,1.2748148632720608,1
68.77995168027877,58.39094156973125,1.1269416343374286,1
82.8498938446351,-13.212262754537575,0.9590927054867537,1
-51.43601219542814,68.52495045772497,0.8965035542039442,1
-85.81503536599426,28.581726170813003,1.0825828641151953,1
-95.1418897259687,-11.249133828395047,1.428749798821032,1
80.59257515130564,-32.43397942495754,1.0741643873959026,1
72.65972663481307,-39.96679526772762,1.0672021154606652,1
72.21140308616523,-44.205528999606166,1.0643173000377502,1
3.8205866443972525,84.73616452901796,0.8207655284678583,1
36.84339268824566,-74.07086551534606,0.8923818657203704,1
-67.32385774279763,-47.66771435589951,0.7612279733155256,1
-66.36298357085573,-48.67334974703125,0.7612279733155256,1
-90.2699507401489,-23.755999784571067,1.322410929970967,1
-92.42823140896722,-6.4582540252257505,1.1920915617666403,1
-96.13871317364811,1.8545876285086218,1.2882957955297916,1
-56.7093827935166,-72.90795436498448,1.1721979951454868,1
-26.470506136894098,85.10514549162987,1.0286553971653714,1
32.85473488534207,-79.74061994605903,0.7194053069351004,1
95.47673373708464,13.819631472928853,1.2004037296618733,1
67.48201405060173,29.591002560414328,0.9973253083515526,1
-65.39350822346168,-64.64889217717423,0.9194773156866083,1
-54.94008934386984,68.7974871639997,1.0413644686234609,1
19.15220666085249,-85.3976920313349,1.1443170888617313,1
-84.31911880739511,35.42058569613192,1.0446172495541928,1
-48.57792263718398,74.93485228234651,1.015423005617887,1
43.93146644008136,72.77639777949184,1.1717264618149148,1
-79.10235208842357,-38.394708908416106,1.091878283251678,1
-6.002479493357445,87.02028622696655,1.1079927744371703,1
40.35350159556598,73.96481585757321,1.2663301440700558,1
73.64326422143841,17.450556253092877,0.8449295795504106,1
-41.916963433319204,83.38119910683263,1.3953227256507292,1
-61.190652534934465,-67.21941489802131,0.8921025625877292,1
17.85402957430354,89.73501347881287,1.059235455588974,1
-73.09208685572824,-49.589462699783304,0.9804707369767489,1
62.050108451270034,45.87498364379823,1.1813181009841898,1
13.181595209418237,86.19531749589817,0.9783584758181497,1
68.58054100413814,39.73814405056145,1.1375134014482968,1
78.93093922560284,6.600787789861644,0.8802115781346306,1
80.11507401627078,-13.515577938857142,1.119583640884498,1
-94.38350678369514,-2.524532762306932,0.7753863528150409,1
59.82807511385297,61.69197818986064,0.9298447128994726,1
-94.21789027269273,-7.535551250609445,0.8564952143166389,1
55.26757255807837,-59.57539229290851,1.2223607176440219,1
-72.75649248416136,-52.94127461060397,1.2609744622014183,1
8.456572231781418,-85.91798230807575,0.9150837339319711,1
-33.51123276679301,82.96939589028611,0.9717714871478458,1
8.797720324764668,-88.07256410592073,1.340182046412429,1
-22.922794208901173,86.14767199747847,0.9515356421614155,1
0.18352099867834926,-89.91633710854916,1.1158875700192408,1
-14.650226064566318,-91.77985554206346,0.9031870512917002,1
-74.35001275502088,51.009885388740855,0.9739553000972879,1
-63.09276205330473,59.58348246882133,1.0892600848268033,1
32.30542520344436,85.16018900231361,1.0115359601643932,1
83.61884048871322,-26.327735287114567,1.2722113188691917,1
-87.88177593581297,-23.302472362819664,0.9365818096968836,1
-81.88319030461267,44.356876176491056,1.050697019728587,1
-3.6579284705370942,98.76989807258225,0.9449484621062577,1
54.40410662619201,70.00684032910007,1.145093062691096,1
-90.52253190557727,6.253781766808978,1.013011005905266,1
-21.469004509632114,85.260027473167,0.9956137259031541,1
-55.81805417007849,62.53277960878701,0.8348214276591637,1
78.23705457869825,-3.6994375915243594,1.0767986631611728,1
-11.843818597631477,-93.83365054375258,1.232497832269311,1
77.987472194457,-44.57098400828247,0.9929710850197272,1
-68.41823711632311,-51.53300781127255,1.1917325107996184,1
59.59405992268211,-58.59962706618915,1.149083878001149,1
-90.04580032712903,-18.144132357136698,1.0569737712712453,1
50.520084461514095,-72.80314546840626,1.330258525680338,1
-51.79401013106131,-78.33213358221876,0.9199664082266132,1
6.976782031056294,84.60250219042449,1.182512508590411,1
-50.08521806965476,74.7003077265312,0.9737613729694043,1
1.9404760263953917,-95.39449294125875,1.1016965051463246,1
-51.282344983809445,-45.20649601377995,0.9770531881997327,1
-20.011249059137498,84.10260075610886,1.0351452267571268,1
37.263535930664474,-78.36722637806359,0.9974472567916748,1
70.88386670902949,27.89519179910786,0.9368305428328061,1
67.41437487493705,35.90048717777065,0.8612822295360892,1
73.1332008644656,25.17768844740472,1.0471127262890856,1
-89.28653890170267,22.984022240980575,1.1059546687672213,1
-56.95152278045878,-76.32683096251397,1.0597596324321772,1
-54.14721368085966,-73.98192064108495,0.8624010898782055,1
-58.746251745442905,64.99573178469336,0.9781873567030083,1
84.16899656457379,-2.2579548346874483,1.1915521747244284,1
-57.754282090169895,-74.63485687713803,0.8650154731884133,1
48.351068968864396,-73.6143010796097,1.0734849065321856,1
59.56823049783812,59.806957000183935,0.9823588101234344,1
73.8142345253243,-43.46612791461328,0.9443090078033909,1
8.43160942182251,86.24521499821073,1.0119783037572672,1
46.70219827974535,73.25698497679304,1.2852783524629137,1
27.205560325520945,87.54183160504405,1.0738942290885674,1
72.78412966770212,15.86695697841422,0.9660542599196511,1
27.907128124225146,86.10268123357487,0.7368352832381057,1
-76.6346625050125,-41.29560142617965,1.0920759187936717,1
66.99446107850315,-56.14847335173441,0.8083342791032487,1
2.925593286247898,88.06501308285742,0.8657531488217634,1
77.05550197258113,3.174090919852502,0.924834567170096,1
-48.77120703312214,81.1585730505096,1.1046536480293248,1
-45.5440431787816,75.54350962669177,1.2045090057173427,1
72.13892762563046,17.54945478616655,0.8967541977450812,1
61.293175042227055,-63.610277764385955,0.9495848842601309,1
-71.25745586979006,-59.83172042094965,1.1603636644645736,1
3.9394711937781897,-87.89119438087914,0.8817262864058993,1
83.96607903757985,9.45953765545269,0.9254622242077203,1
-55.049694064359755,64.72576592837221,1.442102660621167,1
63.439578610879366,-58.81624201544882,1.1547312703713144,1
71.79079787322979,35.99903837489288,1.0129723498884355,1
87.00302118527908,-19.871423536334955,1.003218979051652,1
79.9259002165364,4.985197277531068,1.1665483989724403,1
37.553668206515376,79.72868362094178,1.118547213043217,1
72.84180907101084,21.391242259794563,0.8185197265712851,1
74.95746921989145,18.539765423844837,1.0677773933342742,1
-56.809944701984264,-66.39779785244784,0.8956524443741767,1
-39.28533378159586,-80.3819086390541,1.0966773494403705,1
6.3324227853178146,-90.75906189288939,1.1083361340652071,1
69.62514744335903,41.23403511767996,1.0374758278211544,1
30.23080134662733,93.13420572120353,1.112588989983158,1
-91.08283137166248,19.7810806766871,1.0620379863933855,1
-46.80117565665882,-80.83067595918968,1.163225990315481,1
-57.660123668374126,61.96743184641353,1.0100880431811599,1
80.08114050193318,-22.938465149137297,1.3415708575723082,1
-78.53790157491234,-36.722104223344154,1.1317007433652257,1
-91.61039596303803,-16.62443944058354,1.245805868838627,1
11.498146472662203,87.16597677587802,1.1019261392251696,1
-52.23854416597803,84.05628634707281,1.082080035760862,1
62.47981262124699,-61.091914415494934,1.7475891528282461,1
-74.83479032285265,-61.96146368385486,0.916336262850607,1
11.749820037332814,85.55435629849933,0.8091055477835613,1
-82.3994363659355,-34.367664093958616,1.3372947159225639,1
41.901292503462024,-73.34005980710859,1.1941619712674618,1
77.50494625159054,-35.20559411719241,1.112589362168678,1
-25.51297675935322,-95.73713196093864,0.8921034610905815,1
-31.873918316557848,-88.29139567825267,0.9371569615288595,1
84.8726845685815,-15.660597348363217,0.9782204604948739,1
60.05761982764704,-60.32021898022742,0.9500351219756814,1
52.94171786936166,71.36111391501218,1.0951333233211509,1
-80.86869174669611,-32.90978450416656,1.182184879222549,1
-97.04639240531611,-16.418415198833053,0.9620135683963822,1
32.35871426380131,-86.00984314932928,1.0311435237897317,1
77.06441353527893,19.314003033320592,1.3381776571696886,1
53.185638731120584,-67.34975956830212,1.2540543294747102,1
39.837485078956945,-76.07616813505086,1.140057678302696,1
82.04507671401593,-2.3068813339963428,1.1659648384258228,1
72.63651711375167,-49.640523646118375,1.0734274582967267,1
-81.57621916083541,-30.811547407656285,1.2062257017246567,1
73.12007548014121,-37.37901370221298,0.7627002545098709,1
-64.07120914833597,61.361663346711026,1.318112761547715,1
-97.43342435624281,-9.803266517814679,1.1462498856127203,1
-69.54608011703779,-68.12887105407336,1.2525870458190416,1
17.983364202724296,86.4549641262257,0.8799329982440518,1
77.36246422334833,16.398626028243864,0.9200766352477513,1
-92.26898678916713,17.888090934590373,1.36742830467029,1
-44.43297024911382,84.62257691903083,0.7259522653824134,1
79.20666833581222,-33.72529086389643,0.9273167348945017,1
-27.228249633179242,-90.4624239826652,1.082077039293736,1
78.9934567865895,10.162511015551846,0.9794959263694001,1
-15.603761009577978,85.88857340178345,1.0368480439700485,1
76.31250737237319,15.53751440517701,0.8538421966721721,1
79.20178012647847,-30.34299104280363,1.006057462164788,1
-76.2760209299201,-55.93507121484015,1.2137020441610733,1
-86.13105815743862,-34.026296456288165,1.0745764312819228,1
-34.0937254325168,-85.52257583287455,0.888498490089031,1
-51.72277966868178,73.5005500913933,1.4713059430804363,1
-65.00689767428037,-72.72731276014385,1.0362829319095972,1
-35.65951180257666,-90.36394930044756,0.9551163511574847,1
17.407638142928498,-86.65772035152887,1.0576167088677322,1
-93.1561428215555,6.817077022841394,1.2586564899761814,1
24.432253241550406,77.86767010780187,0.8575065066812279,1
66.3191175760497,42.98240833923506,0.9264859810558804,1
85.23869446657442,-20.487686206372302,1.0179010002502784,1
-67.25739411430362,-54.97035806265783,1.0880547728163172,1
40.68541458964749,-80.15535094046453,1.486015737149999,1
-9.199325767895782,88.96525072320348,1.0291383522902593,1
-61.973659494300804,60.73124374078806,0.71197831500486,1
44.95816855427459,66.573361301048,1.04712532710208,1
44.10730454292862,81.40368852769943,1.1795302030055868,1
-92.8660200691247,1.405990586770301,1.0562236518001469,1
13.048392740718038,84.48033571138315,0.8503169316368623,1
67.36563488070814,31.179670593882285,0.8732068344108587,1
-31.24062843033034,85.71959276141429,1.0815448163064372,1
-24.009194559786327,84.44425545591494,1.4079508068482074,1
29.501397612874868,87.15384792938788,1.1087731271670438,1
-93.26537152833296,15.296699045935675,1.2743534338467788,1
13.57045881872039,90.53461335318839,1.0286333892023556,1
-81.25862209285044,-39.67052573137888,1.295935097017928,1
-89.83930617319922,15.21173600616184,0.9576635033066844,1
-12.706846314993475,85.3682831250426,1.1274374914329843,1
8.988241281611062,-90.965540086359,1.3980440170761532,1
31.54331561821027,88.27824539646215,1.0678265027114238,1
-67.71752692695442,54.83731394654279,0.856802637477579,1
83.93444777601903,2.929621795974982,1.3010596808947594,1
79.25421469752943,0.053713463027794936,1.0673661928016627,1
-87.38324133039721,29.52917091353347,0.9920905816466528,1
-84.39604070616652,46.43395547462723,0.9784075732522002,1
54.967319725355246,62.631525571120925,1.1386954461748533,1
-93.37190323000476,-12.792447746392694,1.065236400131721,1
-14.076508210820657,85.30056018569293,0.8694561557468751,1
11.765021124641827,91.33681888822515,1.425336327773752,1
-86.48551173370032,-22.156315194761103,1.0774971041894057,1
-11.171782913657134,84.09737861387006,1.0804955967306897,1
71.3006090945901,-47.95007018453611,1.100314877110132,1
57.273949447043734,63.979180081681655,1.4245077676917723,1
-10.91917969836708,81.7493329443688,1.0097328149429325,1
78.95879065087651,26.29274015211159,1.101808075810096,1
-82.60384593356909,30.361534976467993,1.015878083681873,1
75.58467239492713,20.610873862088436,1.032835290031623,1
-55.94257174346115,-74.4200030250268,1.080008720995649,1
22.504508649637113,89.13570144587835,1.041261357242484,1
-86.20712407835114,-24.152407854517442,1.0087023074852428,1
-48.96280563112555,-80.63584432985581,0.9237540505032158,1
80.26223735368464,-27.66690958123967,0.9631449103990112,1
80.97961049323379,-7.122405197487227,1.4637694016621077,1
42.12388815517395,-76.7989126209028,1.0888159579829586,1
-66.02925224824499,-61.41822209654005,1.3399637398724211,1
79.62637226279354,-5.159050234623187,0.9774884439053257,1
-36.44136185658548,85.11506969337023,1.034449511080878,1
66.62192300111242,-52.72668928249755,1.0682902683342719,1
36.30338336383194,83.37957142613485,1.355520809332077,1
-92.53844932868995,-23.606171776337433,0.9115101796708925,1
0.2588366153151465,94.4072496912654,1.3534069543740255,1
83.46950473537026,0.0912607381540482,1.4467633182372406,1
80.90839042003397,16.919740853759254,1.0581586694873375,1
36.05924030183064,-79.43505002305639,0.9679060140178792,1
-22.055414132712535,-88.83082549526628,0.9455596767152453,1
-82.34273882162836,41.49278384280315,0.8091195520062849,1
42.29197969829628,82.61183273934608,1.1898437548246252,1
43.42461026203137,77.88529984630627,0.9868513954132545,1
77.4179515055886,-41.023920688777054,1.1835789458540409,1
-75.29379627963573,-41.93285269727404,0.8848459713725408,1
59.50892188241159,58.4357716523352,0.8687764271834765,1
-95.96626349424785,-2.5066282746310002,0.9138872620556123,1
79.28836584994836,-35.58019578712337,1.0579561264651145,1
78.61377720858178,-26.326637974284587,1.369448813907027,1
-87.71856124632806,-29.05003125420569,1.0442618838090232,1
-9.149193202403152,-93.60913769171091,1.0803468514227514,1
-88.97933558684187,-31.816274600137774,0.919045548686294,1
60.965456177605496,52.42873158192825,1.0457652006576084,1
85.3408628363831,-22.542452120774662,1.0254785796291697,1
-81.77208089527619,53.86850827214982,1.0192964046168036,1
51.31153048619646,64.54992659424762,1.1111629959609475,1
-40.80107205206187,-81.14259558710808,0.8489437219848278,1
81.57789583526662,-52.17321799824909,1.2695930091821377,1
-37.92690297469905,-81.63926572519968,0.8497033398063689,1
51.302325354114494,62.41504403831191,0.9944228235413807,1
-47.44092417867102,76.32683096251397,1.1239848508116939,1
-94.53286790457071,-9.446030761241046,0.9023465040867757,1
62.85572546078736,50.12043664612987,1.1551060627478171,1
80.75766505972936,3.7304526675390752,0.847347761390724,1
-4.925659324610912,-107.61116900944087,1.3762665094160433,1
-43.1275035528243,-84.02410794122702,1.168352630709032,1
85.1585179167972,-24.564957091383803,0.7908966473180357,1
-79.2631669413674,50.073736461684774,1.016250584435256,1
56.685270161490294,-61.03876323092016,1.4711103711276008,1
-80.65389802159574,42.74427865314516,1.296892263851928,1
64.44541294076299,-57.64966517398565,0.9567339184142732,1
-85.3917850179828,39.97661175368472,1.1222633665822763,1
70.21857364064998,31.814389917224517,0.9403506362626904,1
60.66286172477083,63.78877463195773,1.0305256010446184,1
-30.076624611531738,-93.54095490434034,0.9667951006855525,1
22.623599070521646,-87.76012523557577,1.0232156109161845,1
-70.32727067910368,56.39913617919751,0.9744714621559072,1
-76.82815661744016,56.30787544104349,1.4428924967163288,1
-15.30792057949071,88.1138132213602,1.299641930245705,1
6.5300224338091235,86.92117209876048,1.0073181250316958,1
-79.06386648259084,-40.61117597065043,1.4098868827272784,1
-44.40267034689299,77.73439914749905,0.8975971560402911,1
48.02354032362011,69.92628531643032,1.0777463604686142,1
-67.74413575017742,-42.35700458471465,0.7557046254730673,1
-9.92207025374772,-97.91964309969245,1.283849079951659,1
-27.173829414058957,83.13760384029425,1.219479593592172,1
66.49764817497153,-61.95371777074684,0.9905282642394566,1
26.733190548939614,-87.88656502235393,1.0948277437757514,1
81.5434554661328,-12.223359954309089,1.04391467635858,1
-36.04113687540273,96.2921251699499,1.120819441085947,1
-46.79561660201749,82.05290992737416,1.1402273781809993,1
-69.18977663874642,58.07401961724642,1.0597481553339387,1
-87.74908025941205,23.516730721992673,0.9892065119337814,1
-39.466202545045455,-82.40870272359234,1.0695539705516202,1
-77.99542232144745,-46.999280149331256,1.1659348206299647,1
69.74394766032825,38.26785832603329,0.9654686217375527,1
80.09843211062153,11.387670545329444,0.9502273103519628,1
-81.96382989639345,32.250978905572104,0.960710834951806,1
-49.72932529191851,76.64288409279355,1.008490358343496,1
-94.95275012853871,-4.186069218633782,1.212607745529808,1
1.8298386404806188,-93.3440518047311,0.936763316976215,1
32.711498983934554,-84.3950407214825,0.8405438318773456,1
-5.963232337401137,-98.18172328161555,1.2078093636319385,1
-18.903246705858567,-91.18132808565332,1.1805997393965828,1
-24.025487093147998,95.32271393069587,1.0075893079132217,1
59.02019748375733,62.70930040098598,0.9593839907565709,1
-1.2247297797977668,92.93654147704255,1.0682521723731215,1
-37.53473693818421,-74.794553355925,1.1241477042225279,1
18.068347734033196,-88.7171897124305,1.2749740766384168,1
8.237059024690199,-95.05691445906226,0.8470783261670103,1
-95.24081578182525,3.922136006187325,1.1874747204122036,1
43.82421766813197,67.95051481145535,0.8572331238088738,1
68.71615487828002,46.95980568831346,1.594753930493396,1
-58.91829759520165,63.12316652589518,0.9464710245279669,1
66.58678966680492,-34.945979045891335,0.8742645978911695,1
74.6804319366768,16.190539901139335,0.9257175580054656,1
84.94051721533683,4.705624897375464,1.1763179991760162,1
-96.60327402751821,12.01546814252468,1.3587906008953965,1
75.37824418407519,-42.37922019216825,1.0016382111061888,1
80.88889442234239,-9.440873583451113,1.0804904307395287,1
14.909424977505195,-94.79566808999516,1.0460131165035533,1
-58.09290071334103,-69.67352334213626,0.8851621517867573,1
-89.49021030186191,10.828634146405934,1.173919557508564,1
-87.79157339894101,26.703809578179587,1.1179345986973717,1
-83.62243851972944,40.765691413735716,0.902862007930654,1
54.801160654120245,-68.94272183683013,1.387944116947846,1
-87.99860371038669,-24.87714624922421,1.1050016887873166,1
38.38848245661998,81.76727345717082,1.1654375324316157,1
-77.92800371753336,51.5367888832041,1.0084059569641235,1
81.12523365966473,-34.739589133408735,1.2269602740668404,1
-71.54369110731643,62.182872730907576,1.1108698043223466,1
18.87567049229707,87.86491686907301,1.1922053740775511,1
13.76356890448475,-91.03311006593601,1.5180781163669776,1
36.511547448275174,85.98737633294184,1.0074006250598724,1
-61.08450549455575,-76.94209426628704,1.4214820889869018,1
65.94521219175056,-58.96843016069428,1.1974555248658776,1
64.0596991205443,46.79465743303484,1.0136240166902497,1
-89.9073848647112,-15.326241450600966,0.8222020015886522,1
-86.31947070597539,-31.871439778382545,0.8841306904804057,1
-96.35598450932739,22.73869934843835,0.926715568228347,1
81.35936926773466,13.699687608656362,0.7579997562637881,1
85.11081112060259,13.175970237132965,1.4306717635474788,1
-72.36322500325369,-56.48269045501855,0.9986271174681355,1
71.85249949229765,-53.008921437759085,0.9129760536373883,1
62.9285971482363,52.672819268496085,1.289175596176011,1
34.754401027758846,-79.15932091284698,0.7194053069351004,1
88.3113518076365,-23.243065388064238,1.0765828400906285,1
-9.44859602409519,93.4798275029403,1.2216272592542674,1
-100.72885721604676,-18.156344135910533,1.1155757466159504,1
-82.158288816514,46.89523142849754,1.0152299202902801,1
-0.7380627697524644,90.75386925427908,1.1271336417078026,1
47.826027720613055,-79.0797244711438,1.089379568136032,1
79.6186680942583,-41.043772971533265,1.3070744712669125,1
-53.75494903583677,72.019709939398,1.2996486626063941,1
-59.28175869502316,-68.03976596971876,1.1488106917135663,1
73.73846480936238,-67.71438316239593,1.3797969416471654,1
-84.21769677105236,-51.52625081331483,1.0173235179501023,1
-80.57218392923028,48.29636081207681,1.0984708152483857,1
57.630333008207465,67.47990764028691,1.024367482171794,1
-99.17779628773117,-6.442712132902924,1.2210555508239909,1
72.32477104676789,46.435288787539285,1.3719825085463344,1
62.898465205562154,42.90512063410064,1.1514272900407918,1
63.90111651541455,54.26850214576116,0.8143366115755871,1
55.115742502586464,71.86001937712153,1.0341511581608722,1
-15.981545699540224,-93.06036514444348,1.185340825388049,1
-100.38181885319698,-1.534229374989671,1.1157430761318428,1
6.978358526826494,-89.09171721388957,1.0762940983182112,1
64.74915730815947,57.40621095071102,1.317790597354589,1
-84.74705573811116,-38.84506490491939,1.0057085769157803,1
-55.110402294523084,-83.6832400293658,1.3681559639803706,1
-75.23071215767531,58.10491796269642,1.1169636253183666,1
-97.70358220346822,-4.096506545450328,1.3511749696894244,1
83.01515180323574,13.844147748537393,1.1475492130953646,1
3.404836739707118,91.28304633447895,1.0163664234559517,1
76.45323358490987,23.522671060949637,1.5630542568777388,1
-91.1276876028742,24.314294263920704,1.1195996376182678,1
-33.414060993302975,-87.42660461806307,1.1988881485346834,1
1.8252811345267486,96.20211442736085,1.0735193175109763,1
-84.85481628816073,13.49219914779643,0.99143452991865,1
-64.59998835103194,64.65429863031562,1.0747181387769917,1
-39.928696619947594,-93.1070519406098,1.0443949056263957,1
-61.13501992757821,-69.028844379326,1.1263413843132333,1
51.086618907352,75.93804780155077,1.0177038253312856,1
-51.42363005575825,-80.34951633818685,1.2991093969196397,1
-33.02582221202322,84.86926097145485,1.1128941421449858,1
-22.81507671991671,88.0191413321535,1.2480778437701594,1
75.36881823837415,26.091253349018697,1.2217094964903132,1
83.44179891127429,-15.441472896925582,0.9382533174315866,1
-26.23263222919952,90.80388814048486,1.4086942662284343,1
-93.3898077176807,-4.878972891692471,0.7753863528150409,1
-29.266491919313495,-90.1197137249707,0.9326182212252303,1
52.94191733580258,-79.6857128505195,1.166331671051333,1
80.3016272265717,-29.309646325506773,1.0770969483098847,1
85.8710080142529,9.677104308726957,1.187643982317029,1
40.5787936915045,81.71828054970277,1.076925012380368,1
10.252109643240786,85.44538759711605,0.9962365100966889,1
-85.47923779091025,30.352697504986907,0.8513379257231893,1
64.24558877126428,63.4441738158541,1.1825392084022044,1
-38.30769234125029,-87.56002325370918,0.9308005424295364,1
48.908173989242535,-71.25090870638618,1.0413579859119848,1
41.125794351275424,75.60332689233636,0.9998434063037921,1
-56.062720279181235,72.53390659958549,0.9154299547789935,1
-84.89114423416987,33.463487466323855,1.0751132657540046,1
-28.07636093711689,-88.65179473319961,1.0994473182468332,1
-4.473367382418392,94.27332532107398,1.0206182654092018,1
82.5602952379171,4.528484099922978,1.0400634927548857,1
87.58676432315798,3.682356298684102,1.1486859431076508,1
5.503188439303525,-97.01335048715052,1.0837894215926225,1
21.46585304274911,-85.08293927639542,0.937475187769738,1
41.32273119509,72.05013749087429,1.1452610279335844,1
7.259581118450549,-92.34611381300192,1.1427236745001355,1
45.25021064214427,-72.46105313452749,0.9929904388691332,1
-55.428546393788054,-76.55417631765492,0.9469217353670447,1
37.981386523218326,-74.9601217365842,0.9254650410010152,1
-85.48712948005789,37.7311014275627,1.2594798847546582,1
86.80793596847103,-15.356284573989416,1.1291586145252244,1
-0.20888568955259287,-98.40604834822201,1.1157352952093003,1
-59.27173218192465,74.19118367252835,1.0184810097342711,1
14.672418952365945,89.2532536684128,1.1158877886366492,1
-4.314981529900495,92.85267308740261,0.9292387086730675,1
-100.77520069228702,-5.861429604980172,0.947368544630976,1
33.15748349513515,87.2453130834391,1.2793107175521914,1
61.48759157669843,-58.87512788602746,0.99573450373165,1
71.5587880488137,-50.88455397500931,0.9791254081259849,1
-17.768138115942048,-90.49892159215847,0.7635240470802178,1
64.9710452941099,52.99240047867631,0.861988208376088,1
82.5817429129304,15.509033778269256,0.9642937625066612,1
-69.94509086872368,62.675868872293805,0.8626659124878244,1
30.98192547443914,-84.84936709625937,0.9435019835030545,1
-95.96026938315634,-8.566129668956373,0.9334388866475921,1
33.63439393959417,-82.92951771318972,1.338316996358906,1
-35.47401222826748,89.22552229238596,1.0245678062867916,1
74.37792747898834,30.42420068333377,0.9174587703512397,1
-9.399856029866251,87.15053403690419,1.1275378939513925,1
-67.93438566327472,66.33204733582073,1.286436272428618,1
-12.248853044446854,87.97959557579857,0.9199912024964394,1
-95.63309081941149,15.682093143160197,0.9765863930576661,1
-68.76981090492272,-54.15245454045417,1.058479652600526,1
-58.59813280194197,67.11782049446623,1.3184935541771805,1
52.4984369487525,66.01109152460945,1.1516849290056232,1
-84.75821697718187,-31.697453909197478,0.9684090613513584,1
9.641458755131886,88.10496381921384,1.3186104471676305,1
59.35888571885798,-63.48903784521149,1.1862940839162128,1
-7.551748742638303,-94.90986837477836,1.0873289921219171,1
34.23868546977456,-84.97005660577865,1.0372924042843146,1
-82.85334828497913,-42.51520068026913,1.0556673778466883,1
-56.9558408308888,-70.91717738377544,0.9739986269386309,1
80.79483125822222,-37.17949927964282,1.400193003707425,1
-4.007217903903335,-99.06601421602464,1.214683779707064,1
39.18695536006462,-78.82301495266735,0.7242563698264364,1
-77.06837516042565,-43.108784181414386,1.0270760332925737,1
-21.4473381748115,-94.07689243224473,0.9971839878117308,1
40.290181261183115,-82.87501050463642,1.2753904081794887,1
-44.874475483975445,-87.74073366420582,1.3336402276406776,1
42.29039989056018,73.37259049598458,0.829995657268034,1
-85.96951660648509,-29.93854145512401,1.1258823829800966,1
82.37437587752174,-28.489168832007593,1.4524567156464994,1
-41.96323607029988,86.30321149554533,1.055969321402319,1
74.28655213432594,24.20645095443076,0.9523249210558954,1
-96.41024053258779,-23.353420091978812,0.8163469723899621,1
-72.83229625023426,-45.28887497370068,1.0421869390286602,1
-68.42435550722992,59.967783275448475,0.8953728142893601,1
-62.08462485665599,62.25553132992628,1.0053480664093204,1
-63.621939133504604,-65.45084939314279,1.0282648885514591,1
-23.24897724720253,79.91966482281838,0.7683327133771835,1
-50.379311713404,-81.9628279737546,1.1507815293924069,1
76.08259538703712,35.24383626651051,0.897514037228203,1
70.56158593086266,29.488691202266118,0.760979819608202,1
-59.56823049783812,-70.03041946314325,0.9208844465990391,1
81.94353505937231,-14.575579226558041,1.0566036077086427,1
88.35864668074277,10.751255621406452,1.0142170434089097,1
-62.19501777864986,-75.37431221815419,0.9908480545275256,1
70.09785970005595,-55.841411388092105,0.9059431538590429,1
15.770869561220035,-85.789352699246,0.8903905413129243,1
52.439802881769005,-69.53614709124088,0.9469792389615657,1
81.76031636958176,5.8684591370772745,0.8759490738898048,1
-82.71409115861074,-36.37860331163547,1.0689016351477465,1
-40.59035773357718,-84.3387576329086,1.2889395062459024,1
-38.80548214996368,87.91485019933269,1.126031136911482,1
79.75852443373496,-44.904455091246774,0.9253224272080677,1
-44.552019386467826,-77.48119924688349,0.9138610217394247,1
-74.01617544389956,-54.88376544953423,1.0559556603137075,1
41.98602360006926,79.01777013969136,0.8795173344172034,1
-98.63134648481088,17.497160581308183,1.0633382859149054,1
-68.98182718103706,-64.02103494449992,1.2857694731167142,1
61.76714435715727,62.404422732063466,1.0710183083783338,1
-58.896411363251524,-80.02691359476779,1.173902946751019,1
85.69355340024427,0.8744387141959767,1.3365545804885635,1
8.13858434247256,89.89047507079503,1.1440385645536966,1
46.54808705989769,70.89708848454406,1.142419996087835,1
-43.04238837294945,84.80162179579021,0.9030165168355898,1
-74.58376022384749,56.15040152733025,1.1471567287157363,1
-51.24813916533945,80.47889938177896,1.417303815521418,1
-100.03155880510394,2.5692939814967755,0.9576631585912159,1
-92.36925192015237,-18.74096295954584,1.1722118612031693,1
-4.032488502124628,95.96208578045677,1.1379526310877812,1
-34.49956048650467,-91.65736949015715,1.2547478642341054,1
-2.981368478159595,92.99970691043833,0.8652432421111267,1
75.08604996657161,28.97662285473437,0.7115101716255847,1
-79.38724920479599,52.222393949492606,0.9447935411546011,1
20.288342320788875,89.75008115155836,1.4028885136846656,1
-96.55011870274446,5.970977729663467,1.0384753242291924,1
-98.30803275543197,1.6871536463862635,1.1303074643094804,1
10.432437229565,-89.14430628920918,1.1639947371176123,1
10.232941309375978,89.92160313433621,0.8466392546466763,1
16.340829085570654,-89.39113880338839,0.953729066393207,1
87.8117459662778,-21.1069494488815,0.9628569370471208,1
-71.84366465493622,-54.72873553389013,1.1090512735036946,1
-74.18323161041573,-56.17008221617089,0.8196918171465162,1
44.20282298044605,-73.95336731497274,1.138257066101618,1
-84.98544120259646,18.244672941778507,0.8468663466792835,1
-92.9300568900698,3.723829970701805,1.1014935643383226,1
-86.98737356579757,30.905252138979854,0.8918226659754737,1
-15.089600209872035,-99.46935200889631,1.3458840498088758,1
-43.906424294343,89.64430440869869,1.1241384064137305,1
-56.72499785489953,68.55172580520399,1.0730967946578582,1
3.579465176173062,89.53174871327009,1.0150113931947378,1
69.33333807629344,30.55579866775189,1.0232553637503203,1
60.43759284388078,-62.199195492440914,0.8936880060140208,1
-54.5037395684573,78.45553682035447,1.174095482573079,1
38.44974955724367,-77.1019575520537,1.1559572713825932,1
-57.57197435611697,71.09457425873157,1.3931299021460035,1
-64.94517195301758,-66.61756300499795,1.1329780072440534,1
12.112912515349228,-89.68568517907681,0.854224758792952,1
55.44423016981426,-62.832815417417066,0.9497804283199348,1
79.04383696733723,-38.98702191435004,1.0921032820453906,1
46.82234168288671,78.84328915194743,1.0284669610286132,1
4.723556068341538,88.14085766671745,1.1832683821337981,1
79.29300775416063,16.441624719894456,1.034295325900891,1
-68.30070552629353,-56.78987529259586,1.0681590950737088,1
-27.298375543243328,-96.03967189371917,0.9177079888363417,1
-92.69397421936591,10.795592228240345,0.9979630483020522,1
-13.535792683007402,-95.18552251106132,0.8457868838997213,1
68.60270235328066,34.19690833186402,1.0453894122901166,1
58.60976898735613,-74.43352662742035,0.988439278717421,1
-82.90795892277065,-32.12170409578608,1.057021831291996,1
83.71541621011674,-29.966144206957743,1.1694159378814497,1
-97.26831762579229,-11.97611286768146,1.3595572856767675,1
-20.59055870482997,-89.56182825256563,0.9988426865153623,1
-63.74026964252257,63.21017940083831,1.1016463581213336,1
-69.23490706355797,68.78249122862458,0.935629711932969,1
-93.5581099018345,21.388700977672805,0.8732328478816441,1
35.13094018814361,89.64828876406743,1.1794002932122223,1
82.73330648302438,-10.495777229007254,1.3069448084024051,1
-82.97176063394141,51.27000719082521,1.0156155413267152,1
-66.05829858230145,63.09788415450448,1.089724244100929,1
62.761891439103884,57.69617057711706,0.9709899774494266,1
-77.14350662618406,-48.65688916965176,1.106436479992792,1
11.336010283374348,88.89454651876733,0.8526825424736595,1
62.11961999165899,54.2505976580852,0.7861188374729535,1
-97.52872845210116,36.8126213554836,0.8806350989533374,1
55.87200699791484,81.78611989593824,1.1910323975839372,1
73.0542884928568,-47.72805911065915,1.0123667206980815,1
-29.65108074165253,-85.44979200855471,0.9752140637400025,1
-4.089517611018346,101.24457277403101,0.8498120178213755,1
86.9933342588161,5.893243071206925,1.411992930288763,1
-58.566156752104305,-76.96561687766186,1.1443966040560862,1
23.140736480798022,-89.730455972859,1.055156599672028,1
78.8761252503302,18.66371414270466,1.0373879376447583,1
-11.177813294430095,86.1085106016554,0.968835319952246,1
-36.30774322284394,91.04176204817941,1.4087466683136411,1
15.37995491362879,91.40240958565182,1.1666147072570139,1
82.53212851348935,17.816556747571678,0.9176413987610383,1
42.938542344429024,74.84374256669061,1.1260857982481514,1
-13.687166987903947,89.62498226364077,1.245393363850857,1
-18.810156344210125,-94.55732951821567,1.0124791676163414,1
82.59851721699887,26.803018050875774,1.0161286515001045,1
57.52711890278146,-67.7063346433232,1.328910662908513,1
83.28614255408039,-41.63509564162092,1.082584395701141,1
21.553789535833477,-88.94352661149001,0.9617243549009669,1
45.094671144077466,-76.12330131628323,1.5287242241885746,1
84.35228996383253,-12.050934069475977,1.0903951884172296,1
82.04612114246368,2.4272517126010054,1.09966046180397,1
19.067311564726904,-87.19340326658998,0.8918385286703039,1
-41.58416732112048,-82.66104082475613,1.159280487866956,1
56.03122783566295,70.42412567064098,0.8228964077720948,1
-102.04483706022803,9.234032928621422,1.1422648729960947,1
-60.984177064876704,65.99482254301931,1.3934313972558463,1
78.05868322498631,17.55779168730168,0.7067136906380721,1
-58.39898960700094,-71.460702594589,0.9844598349784185,1
15.875997277109624,-91.00498866248435,1.1183770866649094,1
-40.29822722848438,-87.33928451572615,1.005423431448886,1
-36.31825855687583,-87.77376674999552,0.8812441561169978,1
54.606698024084366,-72.64248527631031,1.1483498683577447,1
-72.80859913419258,55.924667255785224,0.7765728133480841,1
36.31361665266356,87.73663151629728,0.810028605637898,1
43.57807128801054,79.66674377168447,0.8968834206169046,1
-25.18022039515688,86.6609757129245,1.35155850812466,1
53.58415283903649,67.73665565310392,1.1296126024187942,1
49.73419064183042,-74.89447194843912,1.0616744624467878,1
-16.32441663853439,89.78429151193914,1.0946877729616709,1
76.14196712725993,30.753195644379087,1.2499973794585821,1
69.43764615610876,35.68710932285133,1.1333507964408676,1
-19.361912972756883,85.96660712723774,1.2099498113746112,1
-17.680084763730648,83.16157072467449,0.8173850410184879,1
67.78758397360437,-60.63868013435673,1.2357284224423308,1
-97.4519227908657,-7.43311692207886,1.1396172646746774,1
-63.865307540062716,-71.70747314212254,1.1504951824752268,1
3.250530859360208,-91.9447422929971,1.1496548631668602,1
42.26652724032561,80.48067210333107,0.8982984986952415,1
-83.31690571926904,-39.4850922078806,0.9547763787693507,1
-51.4589896212789,75.85683816102065,0.9867561460454471,1
76.76131319678333,-39.266331922094615,1.075260716720166,1
-28.845642701229004,-91.9314745876816,1.1978430153445236,1
-86.87555828491944,33.37993319050284,0.9035410828450221,1
89.39963465832484,-19.62984836480146,1.3193344969352518,1
-84.39293627610269,44.200835448698435,1.1566066598320548,1
36.68032708543362,-81.23564466699968,1.1994882232949016,1
-26.57735394205453,-94.50225069724401,1.0553826113109537,1
-50.52712735066376,70.03240885066279,1.0393351493144325,1
-73.22624077063345,57.538017286584186,0.9314409706288161,1
-69.94456974018426,-55.62593776525363,1.1367034923057675,1
-29.954207881840453,-88.47005238183748,0.9575869923726816,1
-54.73640609035895,-78.08147075475566,0.9569692073805771,1
-39.04968762121581,-85.73265515493885,1.1530895265497467,1
-83.62042295605832,48.2282242895323,1.2087813479447733,1
-68.51771979924045,61.61003072703616,1.0426774897043587,1
85.94008912927444,2.977467910000865,0.8906116287768102,1
-5.5354707731434685,92.35880763567472,1.0575080554652063,1
-46.388074898804796,83.92225800838213,1.2748646062527922,1
73.19354561922522,-51.454242219243625,0.9493570278298328,1
-71.05818209847824,-62.54037545204346,1.0561622026127955,1
-69.34284597664553,-62.09091107176481,0.8028143348822575,1
-91.33469806862284,12.10701456646772,1.0716335205937781,1
81.66865905588301,-31.170261328587117,1.2513779699352612,1
-49.667048813045675,-90.97270188142939,1.110638420959716,1
32.12085668933759,-88.16560749177694,1.364066098652185,1
-45.083499968006144,-82.67844796555215,1.4866772211906902,1
-26.545941675588445,-92.42537046361426,1.1411314742602356,1
20.1067396600758,-88.21541077933529,0.7753892143320087,1
-6.283123892164678,90.97878265082873,1.1044524538691878,1
76.9848208846046,-49.67823911784314,0.8436263777656409,1
65.74793126272868,47.570234367441664,1.0865815448749732,1
-74.18406808258747,-58.586371496254564,0.8210679428122613,1
75.69711703010667,-38.17105764063085,0.8963480162471883,1
-88.93344247475297,-21.86384903682455,1.1006797758358124,1
86.04154395858386,-18.69883555599736,0.937565445764045,1
-94.3827729932166,9.798451017799367,1.0988826820921898,1
-1.590412422524488,98.89080720708023,1.1030859276497496,1
-66.91045838975286,-68.36197104180661,1.614414974992971,1
71.56423724071506,-54.747710492381785,0.8815064166188468,1
87.51947112793152,-11.750274136657923,1.2382207036231672,1
-75.00951780542064,-49.29257835803622,1.0256430274431332,1
-28.821583254044235,88.45612666920064,1.0521140195432679,1
56.88067266353452,-63.61558705405623,0.917904798895425,1
0.7380627697524644,-104.04364101403564,1.074632640204016,1
-35.10846227155045,-88.68764164178809,0.8206867530070923,1
66.17618008277012,-66.18572914286396,1.4837228861424023,1
30.045796222644288,89.41914325847128,0.993776710116681,1
62.38873991444235,67.2070364867886,1.2800602831171302,1
86.15042653404402,-1.3368684131365431,1.3096644124318222,1
51.709652448742034,70.39447737922058,0.7479828114141577,1
70.06026027593646,-60.25755327336165,1.06182073496686,1
58.00632724940211,66.0570274726287,0.819748552353679,1
-55.33263679065167,66.91988070168179,1.0330839932728528,1
-92.53314684580133,29.795133395181185,1.0286452792072023,1
64.51542566153722,51.26054821620396,1.1088897937149618,1
-2.0671750897748074,95.09798649759877,1.2772388433811859,1
-92.91324358826377,-25.62360754354178,0.9676040635435006,1
-90.56288805240241,31.11601019325675,1.1665760327665686,1
83.89684835189959,-24.078671206105376,1.05174268147167,1
88.25471331325805,-26.94014022478416,0.9096947438850134,1
-0.07519884823891862,-96.34476436371713,1.0337969900893138,1
-93.77714146773678,-17.44613279143177,1.0960081533272374,1
7.9746588108617615,87.88596820609804,0.9068476301357745,1
47.720699994225086,80.08677337446046,0.8870485516673278,1
38.32634631910802,-83.62947466927227,0.9552990240035975,1
-26.390618018073376,88.49651123584746,1.106403974921856,1
-54.968466267733604,-80.12933876025608,1.0235098686833102,1
63.938302759049215,-64.95059494688097,1.0392267046551804,1
34.64253113624288,82.28703597108102,1.050967858084089,1
38.28110473561466,84.79434354876746,1.3027299908424292,1
-94.73432942162772,-19.470603745001377,1.330650611048997,1
25.53712238167987,97.38589580492064,1.251471304120447,1
86.34498863345587,-6.788784910458969,1.093789739736129,1
-72.40266118085025,58.89279913516665,0.809371029543076,1
-74.20759069396229,59.58179450365325,1.1197281549032143,1
34.964122260069615,91.80108284456934,1.2725404379166263,1
61.99013997712445,-4.9796310480169526,0.9483557779847308,1
-22.74765159227633,-93.05439698188485,1.0967886576197492,1
1.7945179693380948,98.123103186919,0.9522956598792884,1
-49.79075254607942,82.46807023535992,0.9884246107183301,1
62.617502475878275,55.65293222359579,1.139237631513646,1
64.7657722617159,59.74640198495474,0.8789512945989938,1
-79.76184007960089,-50.41572164956908,0.7997293546882176,1
-82.71873306282302,-38.06656847973715,0.9847182005375337,1
-92.09200364129165,5.176567179275833,1.1748159103604798,1
76.4566384981645,-51.31873780115076,1.0899823975901248,1
-84.64644956926541,-36.85340379963435,1.0924929758180633,1
4.616153859438873,92.71490276644357,1.3819788804766362,1
-86.89644685387468,48.70750089945015,1.1043744498558667,1
44.15694273077645,70.31092310339956,1.0362798498382402,1
-94.95063928367587,13.713895218310133,1.0574265053105667,1
8.491899565944346,93.33291123462162,0.9852289974060289,1
-90.47137622650318,-19.97146130874651,1.1673722924947227,1
-98.57201752337562,15.470453960427154,1.062038040894722,1
6.731689488647934,-94.23529741348878,0.986770059205507,1
72.80435859763779,42.3070479229606,1.0647384664219384,1
-49.680477178802626,-34.819752407776,1.0825661650844987,1
-78.13596267376938,58.38536662724751,1.3992606336667552,1
28.42597322408155,90.46502302119883,1.1380211551506083,1
83.06687587874399,-38.031121211207,1.0804223855801143,1
88.1904804800397,-13.79121493124511,1.2701560314948668,1
-99.0963426850923,-2.7893526265370476,0.9675829870225949,1
-99.36095435760527,-8.889578131102072,1.3177465883220854,1
28.59645089974867,-88.28031454716054,1.0005485422083737,1
17.410835372870636,92.05720227780036,1.0238343972918886,1
-99.33153984213766,-16.812313927703634,1.0145678666876656,1
-96.89162709896578,-5.551137199859912,1.0119084801796225,1
-19.16146409482131,89.46384187455736,1.3521447939364288,1
85.35948793811409,-17.108837372722657,1.1124656497698324,1
21.960096087071324,91.00076837562412,0.8961475040297253,1
82.2474163379452,-48.64447560845526,1.171404707865443,1
79.43505002305642,-8.581024126820129,0.8288704259728974,1
-59.094990313776144,-75.15215614361827,1.0197873150908827,1
-78.13480327123716,-50.151231873388525,0.983208876227754,1
-52.75572999405404,69.47098275172499,1.0858843320631761,1
66.87127208210036,-70.3944773792206,0.8608823737583342,1
-88.36887781655759,31.944163797823027,1.0202144347668087,1
88.41801419251033,12.262689375102713,0.8982407651293168,1
-59.11882785717215,-81.79128060120954,0.9186222677506488,1
6.9308271793547105,-95.95373035287469,0.9126360686975429,1
31.50572434837928,90.38555816488402,1.1105640577643636,1
18.74352901219766,91.04678941664014,0.8126159695071624,1
12.84229219369283,96.32136916648724,0.7743893095098418,1
-82.73730067967212,35.49199960709006,1.064833077427593,1
16.470276473480602,90.37259284622216,0.8126159695071624,1
-66.88042326469026,-65.6485945125859,1.1872792773603569,1
87.65764046834597,9.059974229916296,1.1187746936930392,1
11.068903637120544,-93.99550343491296,0.9538342388371406,1
-73.23880418529494,-65.58662509135198,1.2017375160784889,1
-92.93707995787491,23.3653564170961,0.9990205187372845,1
68.07485153142714,44.41705514895744,1.1405949843193048,1
74.64511126553424,-50.55413479335339,1.100314877110132,1
-49.572490737507145,79.08803867128718,1.158614649298185,1
76.91813814524743,-46.09303761927235,0.8977187831660145,1
-94.15113767190091,2.3431525175898433,1.0145071124938698,1
-98.50213576541621,19.639432531733895,1.1445925331651523,1
28.059196906219434,-86.94490833385089,0.7163536225678833,1
-50.139161882816396,-83.87969773738895,0.89790635503946,1
84.56483091373366,15.280270468730334,0.9213670430428481,1
-34.962643992112795,94.64931956226863,0.9999817688661174,1
-82.87191590182823,42.82156635827957,0.9860924347032811,1
-95.19672861393613,-16.27804401545373,1.0592015641477246,1
-71.49112724937167,64.3855323764246,1.2100382128546314,1
-74.18091261032987,66.61823169394316,0.9354035341610532,1
15.969860665478032,97.93660524591172,0.9455015375565662,1
40.96737253527242,84.30004217649979,0.9749075472109471,1
-87.63276890954752,-32.7950532597556,1.0069435254798729,1
68.040426477828,37.56854536535726,1.1748439803509978,1
84.93008902374748,-28.284538539586244,1.093581607629419,1
47.839737864942805,-75.90660210470818,1.1606931352557528,1
75.33462393713921,3.0915082053782434,0.7917903004321988,1
64.92614843486189,55.400960991264085,1.0832949573970814,1
-46.88749807762474,-86.18397728572508,1.2409291588398337,1
24.137544834299295,-87.82518476588541,0.9057881783424827,1
60.9604400547003,-70.7362903257612,0.8487967171447881,1
85.00080922118501,-31.05607989423034,0.9846691167587569,1
-83.10069546657631,45.34609912058653,0.9600899481769276,1
-93.90621083591296,-22.77733534816011,0.862411754007398,1
-44.44522917761265,87.97926510404184,0.8945142034430354,1
-30.77455895353787,88.13077138304902,1.0846577792398173,1
52.73468436818931,-81.71309767169127,1.3011420736912789,1
-89.88885580188378,-28.129615672632294,1.3220705453990262,1
-17.647274426152148,88.25471331325805,0.9323674502079508,1
1.1279827235839501,-113.64489884707142,0.9996758176241953,0
49.25922437153825,74.78306624734441,1.1384063067100612,1
-80.39155658512583,57.12833713181746,1.3548945914768085,1
-68.04176487583887,-72.65264162312063,0.9434865997645003,1
-67.93879683374875,-62.204120439592955,0.9138467888093111,1
80.5173992575381,-43.194346973481125,0.9526136912638584,1
-54.657689167348614,76.65005408213746,0.9119430340217767,1
-85.43215817011108,48.07713030742258,0.9293227048225066,1
86.21408693466955,7.728770513445594,0.9818140311618455,1
52.42840911688433,-72.11683483762236,0.9611808937342863,1
-89.57322201745033,35.070008315064655,1.523874318965188,1
-53.251925123271924,-83.84671578640696,0.8652719224842589,1
46.472376654868015,77.14020625979217,1.027525574405067,1
58.00337827496137,-70.71699688388979,0.9970846820124205,1
30.060370961707168,-86.48604791087136,1.3355689349378217,1
-25.23903685712916,-98.80518938204277,0.8605503984041235,1
60.817068513234645,60.71053681156284,0.9503732157103647,1
-7.317426386326662,88.01157507348614,1.043347534120156,1
51.526684057707975,73.8759055384303,1.281617260456502,1
-38.792579178189364,91.07583173044274,1.033209295227179,1
23.338675219775112,-86.15183080758725,1.0416225419430778,1
67.82936111151484,42.161487579293436,1.0969875500358302,1
-72.81755137803056,-61.32073244080508,1.1905520073053808,1
67.92582832087189,50.32625949565967,0.9205590221788599,1
-95.27086404411916,-25.80181356831031,1.4139647702696563,1
-88.17523485576976,33.69580911128967,0.9220249819669685,1
83.35165670216736,-3.916606679110938,0.9293652303801688,1
80.17847928694694,23.675409740264765,0.9142957423405463,1
28.62511195947796,88.5335277231589,0.9891985729471293,1
-99.34671882232193,3.9797860393116724,1.1042837693397336,1
-89.65052432997567,-25.72186244890581,1.0534733081016645,1
-73.63129736863542,61.68666872082856,1.1729306601874663,1
-82.7918430541664,-41.01470514364974,0.7394732328049415,1
-90.27304959378513,26.58540966219902,1.3708792069937605,1
-78.1141659061639,-42.0187187514775,0.7253795563321783,1
-5.297341087053512,-105.17812240351678,1.1043520163009535,1
-97.13967885530948,24.079297863174048,0.8175775989243489,1
18.489231966624796,94.65085333831081,1.307737406046118,1
-1.707640512092369,96.99084780150328,1.0032449119553548,1
17.94745844635797,-90.58453258861509,1.0404525465034347,1
9.852351263858077,-95.8687654204489,1.268524573623895,1
-75.41902504683678,-52.26319952605636,0.9013889471076963,1
-31.17667120962203,-90.0207340443827,1.164018056940647,1
82.8910637567039,-5.895798587621675,0.9704556906776395,1
-90.74997005474073,37.05799241214469,1.051323961700073,1
42.66088505862374,-75.12172121509522,0.9977757813000837,1
-39.8640331124075,-88.85132878989437,1.077386058429552,1
-13.895076069037833,-93.28417124039268,1.11783227783236,1
57.49442375137322,69.7478399402578,1.1684590195922389,1
-0.27827822370903527,105.73085518068542,1.100504262843817,1
-87.82462587440833,-34.73859837124484,1.0003070081417984,1
72.76517407079946,31.79489610739037,1.1990829676341257,1
33.405642198447744,90.76886617558024,0.8568534739443401,1
-17.18234000633964,-95.08277649681641,1.176229689558551,1
90.89890045661885,-8.054835980064249,1.302519152751326,1
53.6026790103123,73.19354561922522,1.1614223304238822,1
70.80813953164603,39.74238583294055,1.0784322733665688,1
-46.076701687140684,99.6558810573783,1.21191202110764,0
26.609155667074265,89.28350607862384,1.0887324802240563,1
-3.280413524625786,-101.45305481973907,1.3858636206373292,1
83.10792008441044,-35.87446808310709,1.2716787960042115,1
5.3465241721390875,-100.08283074708503,1.3277439172698329,1
68.7549217782041,32.31895153715273,1.038753888411315,1
74.89355376958393,-52.44958983365712,0.92404826150832,1
-80.70683405292182,75.15267350755522,1.2267050645721183,0
5.835833988810457,90.56851321711287,1.2942283092275662,1
-67.7102962684699,68.21684406563489,0.981039881031525,1
52.72654596470025,69.4981678749586,0.81850339012288,1
77.10796628530595,-42.83711133982769,0.9801796474012482,1
74.37792747898834,-48.728853658826644,0.8767872937248965,1
-56.92464859817716,66.10682375156233,1.076001901074746,1
26.59532599383492,-93.69776490570679,0.83851116310683,1
72.93786953521285,35.21812725856556,1.0205114343276258,1
-10.701685553142365,87.60665819835346,0.8929454376423736,1
54.01783931829806,-77.97269254661128,1.0248558761588877,1
-6.658912503476272,96.27087332153451,1.381477443554801,1
-45.5656646799809,-90.07370813180609,1.0885501366200234,1
67.38652344966337,-64.20847688718482,1.307655910367519,1
-72.27065066356563,60.52937594989632,0.9438683731990076,1
-25.797868440417428,-100.7402244838038,0.9395516392613136,1
-83.7453840050921,38.956736663919465,0.9940135970755224,1
29.883796975249687,-89.36129799059516,1.35353800362264,1
9.438419541783661,94.97228897457688,0.9019952542995551,1
-98.20285954111178,5.577247911053976,0.9781932314557726,1
85.53699620402979,-10.666719509206786,1.2214336610313337,1
-51.17521618983354,77.74547590092214,1.0059846600231028,1
-5.8497708688191,-100.50996444462258,1.3284672056679603,1
-101.8351917863498,-2.1534215632057307,1.0474448321760343,1
38.65867671293811,-81.7565112412711,1.1304513215580403,1
1.1018720123898869,-100.16591028270254,1.385820024612463,1
94.4045250953147,-10.958324913658581,1.3770716151365991,1
-81.13190990930661,-41.93504133007675,1.111084445101852,1
27.00074587129698,-86.0372909307584,0.7163536225678833,1
35.51056722393919,-82.28425082855364,0.8225695674386866,1
25.255034875423785,90.85319481911048,1.329631173918579,1
51.36081334718922,-76.40561070828808,0.8688306248553198,1
-19.79469001772379,-93.10077813091203,1.0496411682137128,1
3.3373132261075633,-94.13555044855514,1.0030027131190506,1
66.40881371468292,62.83593311427605,1.1811530184828682,1
-7.842165602059857,-99.212347109895,1.1869275001990633,1
93.64714084447402,-18.767764836624462,1.0233365480049752,1
-12.22274114288528,-96.56024068960551,1.4760050950921095,1
-24.729184461101017,-93.91644661380393,1.1211860963770182,1
78.38013284705215,-28.359565639043293,0.9765685962364582,1
-11.384270080615783,93.05857469567589,0.9570531813213771,1
-6.1788386969654105,-95.9370194977105,1.1167768602774628,1
22.75223688790065,71.44807641823215,0.9244072542521832,1
91.49790018659019,-25.016548058321305,1.116238236363699,1
65.90797604709122,61.191700456453944,1.372504972743558,1
45.59171196434618,82.78621920867845,1.032886795837325,1
-21.4009783406506,89.63753865759531,1.030334904278501,1
-32.76934425181067,-91.65100651069078,1.0224088593015037,1
-63.855255897858655,-74.33472112320196,1.1038381466049279,1
49.974252127906496,73.1671600584396,0.8989135635301104,1
-3.0616673925849955,97.59736232152561,0.8455911365610077,1
78.15564648941313,30.176735085812805,1.4175586516184222,1
-102.96367298714745,28.571645724114294,1.1436145596865805,1
77.35682730808959,25.83878000549175,1.1118761277469849,1
92.94890970866078,1.9687476240330888,1.013561133785581,1
55.606342120244456,68.20652122632565,1.3413808699814878,1
40.508712893531396,-77.82014142399626,1.024944347864204,1
-32.1310166466516,89.53280413570151,0.9111403475336227,1
78.71091296594079,-49.30537816199179,0.9750340723833144,1
-62.333688559223,-73.01984067738674,1.0713377758365148,1
42.15711092675044,87.34803782081217,1.1667154518303864,1
-91.1704297018506,10.10825097704458,0.9669986028967628,1
-58.37249157579427,69.18539785851623,1.0361617965251744,1
62.635627326479465,64.37522734907334,1.043901156513303,1
-10.187653487607415,-100.19188535383846,1.2388090087598003,1
-89.04442234078333,30.256895069720414,1.0634484958819912,1
81.26349609227333,-41.888543611611375,0.8958090318729857,1
35.24319354131184,-85.97108324915675,0.9377842923061707,1
62.832815417417095,-63.3759182102538,0.9503736600877464,1
-52.52476073732222,78.936993883271,0.9529835368742543,1
-16.43965781132994,91.93165410271676,1.0839018962876321,1
-42.41478896283509,-87.67921849051383,0.9545673664815969,1
77.96910465968597,-50.837014473249056,0.7673943629262389,1
-54.975232062080735,73.81672125972375,1.2183495225426972,1
-97.0915605446804,-24.64552728592551,1.0858291530766917,1
73.63081299602197,33.71415029378696,0.9924143719895134,1
80.89524925458794,18.790885903835914,1.2208059966915012,1
-100.16928931591589,18.772679794025695,1.057777170411134,1
81.08366232046312,-46.682350137596295,1.3186727087166934,1
-42.65104742803258,88.13867726072412,1.0296977903032019,1
-68.32196805939888,-66.33301301539821,0.9861075096622657,1
-13.656566590785081,87.0460849660269,1.0558766966202544,1
86.06006855290612,-26.194265469893953,1.394586800973159,1
-97.58189935489638,-14.356143754704815,1.3138013440022491,1
66.30411578561818,64.84951180200657,1.1595255804510274,1
-80.97263859424483,51.29472951085804,1.3491421738288691,1
-0.9390774043364073,-101.16061485436543,1.1777449558590258,1
-101.8037740857316,-4.359933222363485,0.9926352853444173,1
13.617193498111412,-96.39536207672464,1.3877453064480716,1
-9.906048924160658,91.08916796631166,1.4397980142517905,1
38.59390164146533,87.00452249325188,1.3340487525580178,1
77.63654423600863,-48.13352944360178,0.9502365530879776,1
84.65482281225813,-5.449110570149318,1.166434543015218,1
-90.55355323404146,28.851934166201435,1.2495906128831331,1
-60.02391726260999,-78.48941221905835,1.059362830441569,1
-72.9011056538516,-74.44685975654072,0.9469806664281216,1
57.19181667903212,72.35854542124751,1.2331992342821956,1
74.0168765986617,43.88334838640531,1.156241241406891,1
-86.49690549858502,35.47562634495946,1.486584970825916,1
-26.27645000348841,92.97741746875136,1.1165096485102661,1
-71.81490006817816,29.795454757780494,0.8001758513567085,1
-99.03966827319819,-21.633594581329213,0.8701120925173407,1
-19.21748343883766,87.74870046724921,0.8061973849483788,1
80.6982387566053,14.944821607080284,1.1316756877317358,1
-38.489598519558335,-95.78854997682849,0.9022246902558377,1
-62.73319301163045,64.64208685154178,0.7840258268521106,1
-45.84281301353559,88.87706298299598,0.9616794940909023,1
-65.68043546634472,66.75422082182855,1.2379904813174372,1
45.1276643709401,60.426452273771304,0.7696345987141459,1
-35.38769328890823,-93.48986220763446,0.8682558739651492,1
86.8631667609629,-8.690352772470696,1.1271496010656468,1
-98.67228265436086,-18.309780169690978,1.0584462518427311,1
-54.258475632662645,70.21567122896356,1.0691682647773004,1
-54.978713490239954,82.18816341135948,1.1242044736925256,1
51.625548473737936,-74.59857673105783,1.0870330483636883,1
-51.176993940382914,82.43822942256666,0.7251008085371843,1
57.147081712756766,-69.34061538418756,0.8249097091961611,1
-101.3032534499221,-10.132926563013047,1.067368403167896,1
-66.47150223396474,-76.05782695255355,0.923637513915935,1
-76.98662162330763,-44.999739893476175,1.3139804221815534,1
-23.43019969678735,-97.58236126428359,1.2198998707719864,1
69.82918048186892,-63.9856033166354,1.123709893808634,1
-43.490000564847854,-86.13192523011223,1.087674657684706,1
-84.73465698877625,42.32590540001921,1.1174836867045492,1
84.51932770676629,-34.26978622799683,1.109011391118817,1
-55.81258516293385,-81.68600221367504,1.0356137808398471,1
13.195148327737034,-93.60971155349539,1.2648318331073094,1
87.90647059982895,-0.1990557747500988,1.0127323411053584,1
-86.59057852274411,-35.98802022863079,1.0909905953488925,1
-53.91041239224244,-85.53570579050356,0.8980694369978087,1
-91.61048876675056,-25.184839489029052,0.862411754007398,1
-86.29318498244682,-37.85008694692811,1.0292487393669296,1
20.502385168231843,91.8373576277307,0.930968025665716,1
-84.48972043076884,-35.09824503673537,0.9777867511644043,1
-87.73198961208502,-30.851316948550494,0.9048968277915381,1
-79.49622874704741,-45.12993024960645,1.1032491987493012,1
73.43245862665098,-53.363766002886535,1.1600144848231675,1
70.44089642134338,-53.73004125713672,0.8202541084930812,1
6.4379422114757325,88.6809274589096,1.0386692166310216,1
-75.39332801885827,-60.08560845206001,1.3106109745877421,1
15.187382201736485,94.57508480182763,0.9688731654517835,1
90.49457640771709,-23.338121421758068,1.2258306892474256,1
67.09086985829667,48.43898459424755,0.9185393059948156,1
-66.13917747490655,-70.65110836924235,0.9358513764685739,1
-33.65327503568878,88.4087792462354,1.152385175303063,1
-2.5450632415086694,-103.52207665674389,1.2375155822583073,1
39.195750546993196,-84.81638514527738,0.9319636136390907,1
-18.080705528325193,-93.14102957313085,0.9259347416763375,1
85.3715813201408,-42.37768426798035,0.9801182624271872,1
77.64579488797457,21.41376726041912,0.9380367746177504,1
-86.15928251719556,43.68406210869025,0.8810502986552367,1
-66.02231000080361,73.9250253248221,1.0943270057845105,1
27.962098042528456,-92.40443266786649,1.0924893202577248,1
67.95194553535643,66.30375160135247,1.1882162300558878,1
-84.73477837513336,52.36346465704162,0.8365223977615237,1
59.15642728129161,64.98684464808332,1.0556031256192229,1
56.43702707172102,-70.71314950095662,0.9967532375318519,1
88.70089784900966,7.852495114180581,1.042969725114791,1
-98.90460563858788,7.288852217857743,1.2793990769364607,1
87.36210909838945,13.734488826728143,1.28605336060897,1
-87.89189520891493,46.69675604722061,1.098648163186378,1
-73.0740435735742,63.54302676189586,0.9663281298947901,1
-52.673859902964,82.20407427877642,1.0111149879818737,1
-79.07137649710994,55.67051457055475,1.1451981086372272,1
80.29357020711753,25.291879291026788,0.9446310444368762,1
-84.84658195373201,50.28296318909785,1.352451315451441,1
87.74681375779518,-17.52618317826674,1.3683634501093693,1
-103.64090536813981,-1.247864945414136,1.3879165226014036,1
-39.76692033341063,93.26131668847691,1.2076809451016994,1
-97.28224333842913,18.28334663515853,0.7722123393741567,1
91.42773788529097,-18.784427740984768,0.9361468179919646,1
-97.72716985717612,-26.883588245417478,1.1466258134731027,1
-24.48140281556276,89.09924139824739,1.132995049012673,1
-96.81496999213942,14.488784376098241,1.0403758256897109,1
63.751912451448426,58.863987315917974,0.7971407260952619,1
45.13497537007445,77.89347363415834,0.8534573517275269,1
36.64632243829719,90.9352273723402,0.9554608257370522,1
-35.60625034625034,87.74411845857516,0.8211239826236109,1
16.781444121365816,-94.65114800464404,1.1209651175376427,1
29.174367974177482,-96.70014855020928,1.0818503644967026,1
48.49588467800801,72.13928725665981,1.170867156885968,1
20.13135833063022,-90.03103773272314,1.150542128731261,1
20.480361017361595,-94.38059460798881,1.293900334711873,1
-70.01687632502939,67.24512390596625,0.9937607442852004,1
-80.04253875784934,53.63938759840279,1.016250584435256,1
66.49353712682608,54.25805786128351,1.4130653810682412,1
80.79833236854924,-50.33066998529245,1.1418112006493761,1
-84.59174141247783,-40.979890862057644,1.2211824516173397,1
84.29566413410207,-40.20145391798121,1.1818066011378698,1
68.79248482165193,49.033505402974086,1.021087466763631,1
83.52178249154738,-31.91309145942245,0.7977000787183341,1
-99.3599596638455,-11.12664439683428,1.0804686354745285,1
23.28657667132199,90.81514238988113,0.7965195542457187,1
46.910810916109014,-77.44006881389421,0.8767308465356529,1
-5.063828874101052,99.88473915058111,1.0710317265649945,1
9.48159390838683,-101.58928461727335,1.0081924195923695,1
91.18142626929121,15.336726060501308,1.4861746756091845,1
86.64481246506482,-23.740101507987777,0.9846486413527534,1
83.72602627688768,16.7758418231786,1.0241104422602794,1
71.75919721763081,-56.429772746998566,0.9961435553588579,1
-92.83788242367032,20.151111651272704,0.9851429919560151,1
-90.00585954692885,32.94067642618656,0.9259174359529638,1
-38.14144179183652,-89.93424159622512,1.2698382494366107,1
89.39900832747016,5.245064208287607,1.5251003274526926,1
86.48563833108794,-29.929837884726,1.2101289101479535,1
24.544976721078783,94.89767696238889,1.1865882973435018,1
5.058186678712935,-95.1501904587996,1.0400462896186988,1
79.54746850325195,20.372051613819217,1.1679603903558713,1
46.474744973343654,-74.28439310911092,1.0733837450845225,1
75.89887003757696,57.18475016283188,0.9581670205241445,1
-57.30312233355912,74.91351927575393,0.9929236914080342,1
86.35334406103796,-4.877258632234156,1.0039676270904108,1
-23.515613686219663,-95.16094772405512,1.004310492665124,1
66.98706533649158,57.04982940939281,1.2144209679112843,1
-92.53636047179442,-28.90629800591833,1.1850138582105212,1
32.15709178907498,92.31027243133751,1.3198054851743297,1
30.001207161989786,91.46059917059863,0.826125120554949,1
37.20321513412012,88.74272681959751,1.111887876543322,1
44.401986596681695,76.43349599547697,1.016715430211533,1
11.917382688300009,-95.34995989020271,0.9869616666354829,1
-33.4896761199394,-89.52591238475004,1.1983814968491067,1
-94.40912872295553,18.6268411442407,1.0851744047818266,1
70.80110818821628,-66.01623332619845,0.9930763678585425,1
10.56609781658932,93.72283118845313,1.3829555369512587,1
-39.692078936619076,89.46004395292914,0.8266056211423776,1
88.88225347588792,-1.6460192336743702,0.9750593326400965,1
-52.001638314790505,-82.93670073887787,1.0138814111168308,1
-108.4701608708655,6.188586695811198,1.368227706538821,0
42.60128690384233,-80.36022373169294,0.7428754394629845,1
-43.858622369940655,86.49587782567383,1.0242007697588635,1
-92.31739064550482,27.706885980447147,1.0791490737328582,1
58.217349876955204,-64.90895753183972,1.1861638834771948,1
-92.98582485207311,25.488375898302458,1.3033369319360268,1
52.77807452300757,75.1277141932986,0.8974769910906417,1
-7.675852805425607,92.39988848795342,1.3425302417966156,1
-59.041327003374874,72.36738140217845,1.0228247518508737,1
0.1665797271115643,97.06521375110665,1.245970996881236,1
-53.56177222944158,-81.73348889376666,1.1993915929451897,1
-86.5637217912302,-48.47192426067697,1.1129143700795532,1
-77.91900410732588,-56.89117802569914,1.0746815961544014,1
9.576248389932875,91.51049964088065,1.0512960203488535,1
55.643934070815085,73.43456756870899,0.8757661478592845,1
-57.39519109885352,-82.94081153276838,1.061038337987042,1
-5.346584777271443,-102.23576746923183,0.9759593238011717,1
86.10268123357487,-13.218777930627603,0.995022883099275,1
-97.12524925175488,16.43820436942224,0.9117749018166602,1
-60.73699566557282,-74.18575264459999,1.1996265315465968,1
33.14120668815703,89.20373849904695,0.9136974538110542,1
80.13568319445328,-48.74169248657477,0.9965898198347208,1
-90.61461212791066,39.0841193282849,1.230400746057869,1
-72.32458115068646,-58.44203822302177,1.1061388314117453,1
-77.54808357538651,-61.27540257856689,1.3001511541405122,1
71.28373360045872,41.83681953610313,0.9559223905005815,1
84.96891398320334,-36.42516518158016,1.1586169239329753,1
-29.90049441881266,-96.82746935146037,0.7821133051319838,1
4.364802712998765,-98.19988725462012,0.9934090162336203,1
77.7305427963073,32.61509020414103,1.1411860674622878,1
37.15396909475651,-89.58478051146587,1.3034855304750177,1
-75.60883066011965,61.61419754717982,1.088916596444891,1
-4.583929791585848,-103.74507768565859,1.0031368431124197,1
35.71285652329534,-91.20828724558642,0.9192256974442193,1
-97.65921418804245,21.584673733689403,1.239165002917863,1
21.72191291673653,-91.45235368285314,1.2564425130267967,1
-78.28874963131169,-55.116899407943954,1.0403652666019196,1
-28.097256731450546,-93.72487741561608,1.0220457516429147,1
-51.6605420898153,71.20157612864081,0.9831103707383618,1
-76.03606208265677,-50.463440424871315,0.9907241250885298,1
-56.74778538466891,-85.11370244158408,1.0832573823480207,1
60.137386615690446,67.1390742481934,1.4602432227992268,1
52.47428401234108,-77.65050659525771,1.1210718703800533,1
55.52181628307666,-71.08797786853518,0.7782270354136227,1
0.5501836636690217,99.54925494409541,1.1076402953237663,1
-88.3643435631851,43.820419746503745,1.3640065715690028,1
-94.9594344706044,7.665110112820031,1.110601279750388,1
-22.308991644215904,-95.87853150463576,0.8764449182404616,1
-82.97484508218747,52.86261063520723,0.9893907435348155,1
71.12557729265464,47.98264970322495,1.050382666313853,1
-102.52513938123796,-21.605518547787216,1.1577923003040713,1
-11.453079484233129,95.18920872911224,1.1576657826556827,1
79.41478366679343,-51.4205457656485,1.0158408314289484,1
-66.41231614860114,-73.63887213184583,0.9690426230510893,1
-59.80397291890463,-83.27854671082395,1.126441273883489,1
90.38987993777134,-31.596481579012494,0.8184780608584742,1
50.685857831288565,78.78454941715215,0.9486383001339511,1
-95.55893639962032,33.03109408895003,0.8868073044669863,1
92.06698203997627,-11.1618682582098,0.9114956977024328,1
-7.578372816967728,89.72893680420772,0.9842779930027649,1
-89.60331727228368,-30.17894007197978,1.0887101918556672,1
-20.424462932288783,91.2526629614531,1.0691743156121438,1
14.402775967686472,96.72871779572192,1.4110185240629047,1
68.29726505611266,-58.85563188833588,1.1196589765774705,1
93.83667388925929,7.686993375535058,1.0125741018645464,1
-98.0620832460921,13.443882979604263,1.0413339585410273,1
-74.92509804577952,-64.25873509820497,1.2551746412874734,1
-29.58049239362274,90.38673683021692,1.0856487670431485,1
54.62237907865026,74.8130240829329,1.038289745060787,1
-76.87271889787806,63.147536523009634,0.9409802085924327,1
11.476100959230415,95.91636740312077,1.0701940322467618,1
82.67830357452249,-33.36241374557261,1.1646138482721284,1
26.771312187282977,-90.19684074880551,1.4282519145330368,1
71.64779151653607,37.74146638836075,0.9828694401990583,1
-46.74235075118158,-84.10364518455664,0.8831224021951652,1
-28.544229477360517,92.17270947589151,1.341826856769837,1
-69.68159940891773,-71.64423601543733,0.9974123850436897,1
85.02841197301873,-45.73402968689847,1.1644112076223734,1
-51.59940722370037,-84.6544071193436,1.0362706162784783,1
91.70705310730212,18.84647751261741,1.179344970319319,1
48.76276686489518,78.29674588892983,1.3485360819490582,1
42.362017841263906,-78.76034924580156,0.9964689205890159,1
42.32262796837685,-83.73570796281615,1.1511667265297632,1
-103.64385701375306,18.115611426447803,1.022376332147473,1
-48.36185757041273,85.20286595550218,0.9113251282918224,1
68.4476627525905,-70.16052540692169,1.1105473455150405,1
-94.87096523738214,24.04642908555326,1.0163637600701239,1
18.00214851780447,-93.01641776560255,1.497080885905903,1
-14.544300600978108,-110.38183584878578,1.4728169848193682,0
-57.09820695356682,-80.87218356717817,0.9564698702744517,1
84.12472364959329,-43.63584075537185,1.0492637366212778,1
53.230670088194636,-74.16761257155989,1.0941155933227005,1
4.967403593018764,-102.48441406741333,1.3084428775673813,1
-40.7898781777892,87.9760560493517,1.1066310939355382,1
-66.47339457819066,70.56158593086266,0.9489620450800147,1
75.89185723250446,-49.27736290480473,0.8452888500149263,1
42.605308232625156,85.11108857787524,1.1749057494590198,1
-96.62355713070663,8.198763314938907,1.1999419405982776,1
85.47374541194019,-3.4249657243367126,1.0578074682631622,1
-53.98650646486517,80.58113617306823,1.2207018904811748,1
-45.77729886544864,87.01133398312861,0.8404933624117962,1
78.63501783206999,24.18374070795033,1.019996238347442,1
-79.33478489207117,-43.25462205613249,1.3220394865398082,1
-47.6457263885782,-87.44174844344353,0.9300410175442375,1
-20.410452821393548,-95.3447125202236,1.0643348978942084,1
26.385246671770616,93.97767172970728,1.298962026122839,1
-93.7180566584062,-33.90911027070271,1.142097625683376,1
19.175706300927153,-91.49193202403151,0.7943153010589437,1
80.00410797391415,39.89005570234589,1.3741730472270022,1
12.991801014895994,94.03589306019954,1.388201104849987,1
11.405158649571051,-97.26377344587921,1.1109432552872984,1
-3.3369488906025193,-105.72488069592066,1.1443746658800074,1
-82.07911067550337,55.95399357180612,1.0575684221531576,1
71.59711105415286,43.99132621977406,1.1274781467944492,1
2.773242372932675,-104.48538149852784,1.4950871464489128,1
-80.10766194341574,59.26087012606792,1.0087836814315623,1
40.933239724724224,-89.48890815730365,1.0987761166953238,1
19.022759490949667,92.69213963010486,1.1015435367703905,1
-80.8029528814979,55.0801722537369,0.7216459677799194,1
-71.84680260985529,-67.56046826023626,1.493060962389375,1
-83.65036323822754,54.75311694552317,1.0827512951356673,1
-93.19365410825323,48.42527312334356,1.342157234568547,1
88.77332345703974,-9.62266743205568,1.2706222229528703,1
87.5187063290682,1.7084650608669067,1.068793873068064,1
-43.67317724645552,93.49241420474665,1.0617024591542692,1
1.3124984160220592,101.71340509947127,1.2354336951606268,1
31.895705418191014,-90.20443659206195,1.062468503438652,1
36.026386987936355,-84.1127253175923,1.0020179879198619,1
-92.6355811743319,36.57327316953794,0.8451809123202048,1
89.8494308651286,-3.401538544608911,1.1063106403412777,1
89.21177981281016,-16.06221012822759,1.1080713736142662,1
75.59119005582876,49.527705191567776,0.9623191411906318,1
40.38310078234471,87.56707985717509,0.9033262302050092,1
61.02880264400841,69.50576371821505,1.1963964404398855,1
-53.36699548558686,75.26261334416184,1.0937017054060727,1
-97.40861918060844,-2.020969046421244,1.0008280599006711,1
90.02815570139325,-30.029879678810445,1.0701160084731494,1
-96.01719604748769,-17.725061852630056,0.9620135683963822,1
-95.43450021027255,-22.563235369214194,0.8752712714839288,1
-47.084733385966416,85.8406246412271,0.9542083050655681,1
34.55036148620386,-89.51971689755183,1.5808862509483428,1
-93.4820846926259,40.41869229428351,1.3797132956371096,1
-64.40755773824819,67.80941039667597,1.005834522819348,1
-79.46475821001498,-48.79569707948347,1.0574443516440581,1
-0.3522828926508464,-102.91741468664011,1.2354937540643893,1
-15.241692481020163,-95.33194728363985,1.1922892203173916,1
-79.62342693581654,34.37498865709879,0.858679720006432,1
20.5330691590764,93.86376991030971,1.0350731863279699,1
-78.69338295120971,31.900531012730404,0.858679720006432,1
73.04641743788815,-55.27660264751492,0.9755780787418795,1
-49.15924706683245,-85.84668515446361,0.9927691882456472,1
-11.69396582034376,-98.98457088841765,1.0127739021451954,1
87.99447615782469,17.685917798080432,1.0620902779963,1
-62.35834649400478,68.01019643704184,1.3036009968851714,1
-68.77745639421353,71.21036030782597,0.8501319079181102,1
-15.035971726157777,91.2906421777354,0.8324136279539819,1
-71.21052413973935,-64.65151348778824,1.352148340023351,1
-102.83442496673679,-11.082189237262824,1.0598801412750432,1
-55.73224927403333,95.6464362940218,1.2443537425310967,0
41.826510891683625,92.60168472379998,1.087103902930443,1
79.80952509559978,29.243996537361664,1.1803064695930894,1
-36.847435637075705,-88.98530374940052,0.9120799039319103,1
15.594808765739998,-93.04067020799995,1.0810224144022835,1
-81.3277598317368,-49.57987450419728,1.138583770176724,1
-69.47334243602285,-75.48925029513725,0.9092498498052525,1
90.30776625291274,11.841657711187842,1.0877719257558869,1
90.54922182509418,19.829609329091753,0.7409639444452079,1
-43.31646476121955,-89.26103285960993,1.1565447313498256,1
-25.020950107300724,-97.08917962876606,0.9795954816212402,1
-109.15172503506278,0.4953574923675562,0.7047301023135472,1
-95.48779239123742,25.803526356495606,0.8357095152786668,1
54.22029775586443,-75.90263233142255,0.8043774706470278,1
-36.75577534942128,-91.852961320303,1.2050922140020528,1
-88.21998213789085,-38.64207481667854,0.9889709705134867,1
-36.85403202727209,-99.15693743224526,0.9232164126026424,1
59.226055844475816,-69.39182606936821,1.1515699487980606,1
48.75988810413163,-77.52643163680166,0.98799949633721,1
-69.37227081332499,-73.67087164173472,0.9846005894154501,1
-102.95588812695811,21.36977969193133,1.278617114863452,1
35.91605120954124,94.70877164314128,1.0107089237403863,1
-92.886244001795,8.94030751285056,1.047174964877715,1
-41.534830510635686,-89.2672994302965,0.9315886930893499,1
36.2885252785431,-92.48442132736514,0.9397263703736533,1
81.28589014367583,-44.73654003115085,0.8836476654103805,1
84.0052983915367,19.012008127890034,0.9792361977348474,1
-0.8655700760835173,100.59020933960622,1.1837713853659253,1
-47.13170579402873,87.73908384305093,1.0432471308991191,1
90.10694057861832,9.742534325638594,1.2881679994165054,1
6.943360320727883,-98.19234221967976,1.1407417282899255,1
-53.664632606872786,83.20866495286454,0.711629358466611,1
-107.50776753027232,-6.627373241259249,0.8551525993826115,1
90.01728794331775,-26.082267185282774,0.9522089882635364,1
-77.11738295682068,-51.54977455558447,0.9296748742558645,1
92.00022053527614,-22.37165735108168,0.8956435208549135,1
77.50235318785813,56.083646758425,1.1063050986156304,1
82.5570737030823,31.83599548511414,1.1374528740920802,1
-22.736592938123554,98.44413926808161,0.8746827134785834,1
-13.385394986529537,94.34948825711088,1.4253482080966349,1
-2.4868391040418114,102.24734623925742,1.221516625654823,1
-96.62355713070663,19.39155484679815,0.9005885902635667,1
-80.09767175826322,-54.181315075339214,1.5339867756427232,1
-100.11228779776252,20.930346093168854,1.282800038176314,1
68.75497945487861,61.69362419341808,1.2790786021100198,1
60.488898100963866,73.45080483688473,0.891727642887977,1
-89.30095323583552,-33.70950838957469,1.0517193099309738,1
-63.50124962398535,-80.59569487264311,1.145747662658044,1
-98.86919834264378,23.290034089631824,1.0919109729681615,1
10.92816919148594,-99.99621601014611,1.4694847473401758,1
-76.96365003769048,65.16894780489974,0.8835317690328767,1
7.298408764011223,95.23642261784673,1.2428045625577588,1
62.30326196660537,-65.18249714692477,0.8831716388497051,1
-100.45556962688407,5.623636810941626,1.231722645911923,1
63.5987296124432,-66.64010525232884,0.9931987497835939,1
-22.881451344773513,90.68574617354207,1.2568430813365705,1
26.790539165525875,92.03503481686825,1.1626854920921583,1
75.17181597322323,-54.489675228816836,1.0115056681768784,1
22.193891366299173,-95.47951720785778,0.9846586126968001,1
-51.768836727448594,-88.16020527566782,1.1909929460498545,1
-29.270581988759268,-94.71636748639776,0.8909124675152481,1
85.13583889907433,-8.546408783979977,0.9391906762783925,1
45.8799409715219,-79.00200837974947,1.106263199961786,1
86.73200492805671,11.495823927589615,1.0152376272981758,1
49.81140374493291,-76.53832772318596,0.9035479581909265,1
-56.73799518669392,83.58986375332749,1.2808350134683175,1
-41.674388733493515,92.77573218090335,1.225020091079516,1
51.24220703370668,80.69814612437048,0.9506763866968442,1
-86.78939293797899,41.55519686536705,1.3916331986344272,1
-4.977049696406234,97.78913927841008,0.9479520451520472,1
-94.9574913479109,-41.490527313223595,1.3076962927912812,1
-86.86752421993664,-39.842535062660424,1.2581981739407169,1
-61.251252339376094,-84.47695375259991,0.8652261573845226,1
-96.4402019143216,-21.259921292240698,1.0918923165510166,1
-105.48625426947142,-3.4175736719968985,1.3067926770094502,1
82.05521381365597,24.803332525343823,1.4439212081256927,1
-10.548727322405469,96.96055937651813,1.100010548844468,1
78.55271687038632,-46.27235794968827,1.0309067273309336,1
-94.67970928633399,5.563624931300537,0.9934704775080034,1
79.00578993102584,22.285492004141236,1.179229870018337,1
65.79316284098323,66.63259184458056,0.9681640771769949,1
-76.27555902053287,-62.77394763217952,0.9584720631015855,1
88.42034829981061,-7.3829843565862285,1.1610129182078643,1
49.3601742219488,80.43653545929267,0.9732305552438542,1
64.67717332549938,67.7755302420105,1.140848468782366,1
5.305696514635608,94.69086715546538,0.9370760736520677,1
-38.675988827159095,-92.14429810063419,0.908116024684008,1
-24.147185712278645,92.23749325443457,1.2790937165017857,1
-80.40226279523297,-51.79644805422853,1.0973118291659105,1
-48.338047523281915,-84.61009803368094,0.9601253361566514,1
74.66859995006578,32.195712012039316,1.0463908742842163,1
79.0793016256184,-55.69294186721011,1.4410452660098527,1
-12.309063997089508,92.20973921176673,0.8393600843674403,1
-38.110033582815774,92.89378709613997,1.0877852972458129,1
-87.05230771454085,38.968428792532734,1.0668292406755975,1
89.27607262925773,-21.682334575558155,0.9964855540076805,1
-106.68261092508611,18.18328612688957,1.0104950365805794,1
-68.22105952985177,63.73026887397676,1.2943735773924572,1
-27.83749956104094,89.71640366283458,0.9039129151500265,1
-80.3126453728338,-46.87532600388248,1.3499333631196537,1
-98.31204978792336,-15.812646699130571,0.7860671123751535,1
30.982350326689108,-91.66399718525618,1.1067025234276173,1
14.07889547584411,92.57076517360308,1.0420063318707276,1
20.485050952616763,96.22061253976186,1.3133639587532056,1
-37.48217860339355,94.73033403690158,1.105508868524945,1
16.22456927892826,-96.68733689458337,1.2318255966628848,1
-104.91084260209826,-18.406819200956072,1.3449424178817373,1
79.2130343758748,-47.52209118946858,0.8925833959029251,1
45.036643542811696,79.47878268657126,1.0157631525898423,1
92.83228186532725,-17.285290810476283,1.2063004927052046,1
-91.8747937399512,33.73475271796199,1.2170024574350673,1
-60.74585748270537,81.26033115758318,0.9710586614903243,1
71.33841487363117,-62.11808762559661,1.4944221112499065,1
-95.83996799271836,-27.781796710493598,0.9413271198939746,1
-103.04414619904757,-8.878477348742994,1.2619766651141233,1
-91.14431470670063,47.29250836258996,1.0877042460968418,1
-63.16271074781392,-77.24304681462047,0.8142851387146587,1
-0.26030370544245224,102.53716456237349,0.9058090105123474,1
-65.37876335125799,-77.33685470846821,0.852651168141759,1
-7.129648376592506,-106.61715490845266,1.3450470351120194,1
6.938122590004773,97.41617959549149,1.1281080164786623,1
57.98587917191205,-72.72296163181807,1.0268551809043587,1
-30.756328929722386,-91.63397429292729,0.9920807644020823,1
-30.94119276497641,89.76079187186448,0.7910332026799887,1
-32.08888486410685,91.20488265709794,0.8103710691267574,1
86.49324889497088,-37.09518378049854,0.9651731594372734,1
89.46402865758822,2.648396595081447,1.109740093346052,1
25.98537978034136,-92.02981267462943,1.0089764970948998,1
-80.04410736127525,-56.52446759292906,1.0436504569617713,1
83.80660973401285,21.070717276548176,1.0238607976068665,1
70.59222249866372,-58.092502835837124,1.3402137704951769,1
76.2641652556482,-53.11545313943089,0.9108212391337743,1
-90.62389593633523,-41.88390170739911,1.0451693237493658,1
66.01566685653188,49.76931681892346,1.09808288814555,1
-98.24789204041792,9.829563734088696,1.3210079095454634,1
-41.600388480895255,-92.20053655551375,1.040886581515105,1
-101.9315745974484,7.3295667511895415,0.7865367174027788,1
57.03916193198661,74.93648781285198,1.2662389176594917,1
-78.58824560158322,-52.007087506691896,0.963638572709987,1
-61.6296338455942,63.85217758243369,0.7840258268521106,1
-100.22775144079377,-4.039189596927334,1.073367935669264,1
89.64614211271235,-11.695699654130546,1.0026489579408506,1
-56.88578338026327,77.11720924730753,1.5195037637703477,1
-48.22126143321387,62.469876531819466,0.8472231977365279,1
72.01665307564845,-59.81976671494395,0.9330463523966689,1
-7.089398663684623,-102.90526446145462,1.3674487034448948,1
-90.66707644063548,-32.09941533547814,0.9369820562254066,1
66.26202215423864,-73.8759055384303,1.182670362526514,1
86.2621939419605,15.82593942482936,1.13333958459181,1
3.5301681534386686,106.76147593032537,1.0982001352971076,1
-55.27115345561356,-86.24591713498235,1.0233355722675581,1
-101.77955223449625,15.285210333010278,1.0190748049782064,1
-53.084120285998004,85.92721725435068,0.9399537850475086,1
-81.92227214330318,59.73456896398875,1.139092592979447,1
50.842776837098775,-80.12710992140855,1.295754435806514,1
-65.73018280544645,68.98388460506551,1.0228485793740354,1
46.78718083378557,-80.43384498171706,0.9694851538369608,1
44.764203271118596,-78.25902359087537,0.7341394232370786,1
-81.70385429797243,-44.47736755595252,1.2849933097872823,1
-9.34972346437362,95.46076012553058,0.9982530545516507,1
-94.48198146591278,-24.093472249250823,0.9582577702964642,1
87.24030483513813,-4.010605239409601,0.7741434484434612,1
-102.09496962572065,3.8727406843049073,1.4344908109197474,1
59.59508722935203,-71.44460270942585,0.9677835814809788,1
-101.14922555237338,-7.55714551446184,0.9103130846610425,1
-75.02766386895523,63.8028601806076,1.2993018701955261,1
85.21202820833362,17.383733747148394,0.9724486292439815,1
37.465449159958865,-87.52022274060758,0.8573460620386876,1
61.680257906826924,-66.57555547845925,1.026421224822071,1
68.76934671450147,-65.64441679879485,1.1195076804527317,1
-83.98995168781444,28.056332188191274,0.7212498355355155,1
-30.619231709803774,91.92931308011508,1.0052722205549942,1
-82.89180977702371,28.545721518000185,0.7212498355355155,1
-71.69223528027068,-81.65474935901689,1.0194937607294596,0
-98.60100832513777,-25.400499849594148,0.8914386140213701,1
3.3580175334280757,-100.88746628101048,1.110797754671182,1
-99.63847391658227,-14.815217531516966,1.0145678666876656,1
91.19754893596436,13.212262754537575,0.9355034897451365,1
90.74426531452949,7.40031577401117,1.3406301517614567,1
47.912986584922585,-82.1042048406554,1.113857664314389,1
38.07000810687212,94.23739940784904,1.0560315784857222,1
-94.1808605368175,31.3024700598617,1.1590482824552384,1
39.613897330418446,89.60279022680962,1.2786728774097624,1
-85.42186861577385,-42.89893142848427,1.3110414598900466,1
-86.47867547476952,45.13721343103397,1.219515219542563,1
-65.38463120856355,-75.13490364008737,1.0178277926781512,1
79.38947496351767,-53.616778794357096,1.0284322343144805,1
44.908134095563746,91.39407050920003,1.1937605710112242,1
-60.42840779937563,68.35361974852815,0.9876763596128528,1
68.71742370024127,56.220091302438135,1.0771779655459583,1
-37.663117133000696,89.3530795372357,1.1119256670445499,1
-2.9717470767014333,100.32361897831474,0.9639902695707983,1
91.3615873537507,1.4488311427367113,0.9861290453761872,1
66.48363843929882,51.5935182407445,1.1820587310934243,1
-106.93589548110177,11.77488632007913,1.24731620665091,1
22.173215946006735,94.65655022075315,0.9559041618575523,1
-13.583997072904163,-102.9613631934649,1.2503661403810828,1
91.41301965242278,3.585097353283957,1.3025528943277607,1
-21.834522720803616,-99.15206866805268,1.3283331297407046,1
29.417632766802257,97.84466805754946,1.1501282999123226,1
85.32980418223032,-38.59859400115819,1.1630975344961876,1
-92.8416549411405,38.27107195202636,1.2692930977905676,1
-97.61460368002835,28.71017755294952,1.074073953015488,1
-67.82029458371301,69.9695949979179,1.004736732061311,1
-55.88863993302267,79.26753388958107,0.9556854754410399,1
68.58413473643154,-62.25788242426759,1.1242838823108945,1
4.637262308067351,-104.2506699419033,0.9391439410952228,1
70.8773246846864,57.46686341541054,1.4436727453236027,1
-8.638583739052384,-101.14245088136087,1.0416542644537632,1
90.99060636910532,-21.240690546218392,0.8742737745688107,1
3.043159382852585,99.8187258374546,1.3197369940644708,1
-23.105910256056138,94.0718673519772,1.0502578863678254,1
-85.65438040753509,-55.65678857478756,1.040381144064943,1
-94.48531253338737,22.568398523799807,0.978995980718458,1
-45.06689762488844,-85.18662253684609,1.0814724206440898,1
-84.42811428899499,-63.5917667561248,1.2249310070759982,0
-91.36660061029997,-26.84143131534415,1.0534733081016645,1
3.292798051674357,97.98637800830276,0.9704152376701161,1
-88.4882998673616,39.596083193395216,1.092805382811962,1
70.07345305632924,55.11284009090004,0.9182704943849006,1
-8.1389460492943,94.57204646452506,0.8405752250335555,1
-54.666991768907614,84.39624583122989,1.2624790426799508,1
-105.38700809306935,1.6251306647191024,1.1073642073781826,1
81.06814199141503,37.12884013205789,1.4692705492885516,1
-36.867650381225964,-93.76002631768955,0.8682558739651492,1
89.83237123531032,-27.89272221460081,1.1026868956451295,1
-63.3083636893772,66.12432055960099,0.9752219880647197,1
-11.265444942460471,89.36129799059516,1.1317834783293441,1
-28.56720690321131,-102.83860268052784,1.1062969978498407,1
-12.182213414706668,90.73994354164222,0.8006947497017556,1
-90.7174481596904,52.63919376725101,1.2876764374726466,1
-16.609893747589595,-97.36858275677753,1.2220300477499704,1
64.21819921651422,65.61301656288146,1.1415211156374527,1
-64.01592673535717,70.14553732033113,1.4045180060186775,1
-24.681644959340762,-101.71724667537109,1.074074813937754,1
-94.60064258031407,11.582097116015603,1.0403758256897109,1
-65.19659283338632,72.1423789234122,1.1661405582999456,1
33.89391858418981,93.94918731749553,1.4194415194329166,1
88.38371296348905,15.64762700438401,1.2804480732650112,1
86.20016122203275,-34.91872443687352,0.8781128430183145,1
90.77732308608849,-10.191422853433929,1.1069349271117375,1
-44.183009558422306,90.99797880520717,0.6784400124728756,1
-96.34772089963081,10.145417260269326,0.9076186283351925,1
-89.46763979618557,41.72523298159758,1.4199719968035307,1
84.32297515858687,25.427953397363915,1.2308675285337805,1
-40.370048350679475,90.93994047844788,0.9980771986756445,1
-101.66466510524232,0.07310999134339467,0.9946742129154806,1
42.341615052982,-81.72482580509141,0.9632180539095286,1
40.69852816809967,85.93177476030455,0.9584252309584096,1
87.9440889276307,-3.051337880464271,1.0282813792425471,1
88.03451371419567,-25.17432706849237,1.0880952170106586,1
82.59340164909146,19.90889507125671,0.9607124191093873,1
-97.9188103328238,-22.603374732283022,0.9641902315250542,1
-91.86792626522616,35.497936926431336,0.9291363837097636,1
24.539890808637487,92.73897959066042,0.9538778697875652,1
25.087171315265273,-89.0897465941768,0.9895992140221822,1
-39.81610658620957,-100.34182632797126,1.186410188496694,0
9.752350630986236,-98.24416193881878,1.165637613283217,1
74.65240327506044,36.42632208693768,1.0220532087609895,1
-73.66657063234106,-57.30879966595876,0.8196918171465162,1
-67.91050789125293,-74.72088945775039,1.0730208779647368,1
1.4906438356582317,-108.24634207669808,0.9917150867179619,1
47.689511123505,82.1429351185781,1.1923987014760276,1
-51.681472586849544,86.12159918281736,1.074082350594871,1
-60.89540064681687,-80.61316531213298,1.2683483862693348,1
59.548336622642644,-67.00853982094921,1.124338712543136,1
-100.40663419429177,8.3365604875631,1.1241891736470788,1
43.65710911648994,-77.53836796191895,0.853603017863517,1
-20.86438219120487,-105.31136948548401,0.8996846202762774,1
72.2717532859738,49.36844816374057,1.1198445172767222,1
-15.885756690473965,-103.17386421225974,0.9901577163189873,1
-97.09666489423715,-18.999802562356553,1.040779690978998,1
51.42150013699605,89.83623808473575,1.3919528624539568,0
-14.464173525463327,-97.19219039671091,1.0715391487394308,1
-37.06020757201532,-95.73279730262234,0.9756301360879123,1
68.24196008306923,64.03639486674386,1.1547600238118898,1
72.72278860179449,39.85233270288336,1.2460499398307219,1
-90.96971780015005,-46.16373739112092,1.3952684813585765,0
8.36935329474018,96.41699239326017,0.7614160541529444,1
-66.78284380685642,-77.80574164454625,0.9325205947831889,1
-55.714633842663645,70.71583997853224,0.9154299547789935,1
28.94512932000183,94.56737209944416,1.2609927777579775,1
20.021693343615116,-92.43818419770471,0.9404789507547101,1
-99.63087807332582,12.015358057839807,1.421015475214422,1
88.86573469951871,-5.28552824116158,1.3041279429837889,1
-90.26099849631092,50.4906552461387,1.0861749720648821,1
-8.026659670720566,-90.2604146543215,0.9773485461912321,1
-33.748857454512624,90.52205969930888,1.148319099183059,1
-102.37069873593005,-6.799229194936589,0.9529670906296431,1
-91.05855713558628,45.021157836218855,1.2899854290611528,1
87.04906129644577,-28.087025595635726,1.0172446287640051,1
-99.42123279944758,-12.814440768419157,0.9674524797829677,1
-61.61531025545346,71.01317689780014,1.6161048585777769,1
37.27741879495473,-85.69390800725041,1.1720208732284878,1
50.727889707844874,-77.78694193248653,0.9410052376155983,1
37.80988630478777,-91.5652390773462,1.0178698122157186,1
82.38130233354578,-43.17667203051898,1.0481807914311876,1
-101.84283231103718,-16.405513435654818,1.644049812052278,1
68.20266967955814,52.36615033019297,1.0705079293240687,1
71.76669567828142,-64.44926929195476,1.0773033120548126,1
-7.160762119162225,98.64064304571953,1.4372934787893819,1
90.49450285641791,-6.496344945085333,1.014226387377717,1
-49.777904258017976,85.92668392918588,0.9767120466889885,1
74.5499100300533,-59.27061812491368,0.9691380033364956,1
87.06575420224888,-10.257386755397913,0.6866613998861758,1
73.52889183434479,45.339485751264775,0.895164915686531,1
74.21499664113736,47.813934338586336,1.2921750612727751,1
91.68562602707118,-33.346701376255815,1.3425673097718067,1
-0.9307946326463199,-105.32684901447821,1.2582296145794476,1
-85.6522714654771,56.1093072849433,1.1380920320031538,1
-50.99492044381768,89.9973081498299,1.2211338777129883,1
81.76308103311995,30.189204282587113,1.0031676612958769,1
-73.185712405867,-63.16703252070121,1.1801958499051304,1
-3.6899042689788764,105.59908850493274,1.1603239065111428,1
79.46011630580271,33.06024726562233,0.967085223492393,1
28.483652627390267,92.48065762124705,0.9727493805734063,1
-95.77013676843552,30.059215282534467,1.2406447407196532,1
-40.172404319012706,-90.89476469978119,1.1479678200502914,1
60.98832616418976,-68.50477725072025,1.2230861531402804,1
74.91885252740207,39.036735438641735,1.3905992048880884,1
-34.50470228809367,97.04507774013713,0.7508417083836203,1
-57.89475771639401,-91.31925318733472,1.375501145109137,1
-8.578935269924605,97.01904736959285,0.9479240427804961,1
-88.44025783387029,37.36916408028381,1.3332442150487083,1
65.12036845666366,-69.33272670354357,0.9218766835714335,1
-93.64895161825343,-39.21553971758235,1.1063184721959622,1
62.943985089484016,-68.50954956366475,1.1364897602090474,1
86.6457840264116,-41.05499024092061,1.2901586927811275,1
12.094481425094576,98.25481510898597,1.427269476140297,1
60.60879719335721,-73.84231999618854,0.8269521304896612,1
-66.78564376397172,-71.84156632641893,0.967497402530394,1
9.87333025951878,97.00054606566104,1.1474008022788764,1
76.86687689160115,40.46981918029247,1.582168041058532,1
-73.30097254528083,-59.872606788329044,0.8210679428122613,1
0.7633822472739761,104.21876740022618,1.0828397137711665,1
34.12244644573718,-94.73892009317983,1.399966891129777,1
8.32443164107296,-81.89801445032288,0.7997474489126976,1
56.03290802218976,-78.93437544040933,1.2730483681080411,1
91.31130733953604,-15.858110055092002,1.1691083398548372,1
59.33606897430684,71.54334867175982,1.5690771424448369,1
73.59399477041624,-57.40484435279946,0.9396183817816778,1
70.11778944945259,45.359698704121804,1.1454315444896512,1
-105.63946136930005,9.071607089140752,1.3234480876352184,1
43.94026527343898,83.71210056425087,1.0691043752941798,1
48.73774814625277,84.06503502322964,1.112982440241536,1
28.807558777487987,-90.96660673668862,0.9944888842547837,1
-19.27597143191239,92.98874719373973,1.1994262420821158,1
14.441413220938605,99.26247967538761,1.1575143201453433,1
-28.438150780798566,-97.6090110243509,1.2882280374168955,1
-28.759873233339807,-95.76057252700606,0.6759160542456824,1
42.88124798386607,91.25917368424437,0.8816341456263845,1
12.84879085959001,-98.65439022357899,1.0526536980920662,1
38.982799157822654,-86.53779406615233,1.0519767931466173,1
82.91568242725829,-44.91639141636406,0.9642465644233689,1
-26.53339753057933,-97.61105398857191,0.9081259641203917,1
30.727084933185022,96.32136916648724,1.11981128289219,1
64.62437454083552,-77.82206387517176,1.3163115764163598,0
-55.30696243096542,75.33014781522023,0.9119430340217767,1
-95.38529174736966,39.240861344465294,1.136575729583778,1
8.257128434078602,-100.65587009863837,0.8510120313482874,1
92.26480907537605,11.192791531859271,1.2265916627132931,1
52.92327830504255,-75.8839933006625,0.8597717841913723,1
-33.38752903375929,-93.43266997605643,0.8643005569623949,1
2.203554128698334,-102.18611974479815,1.0613426471303513,1
20.81600866309798,98.65781057405121,1.087182926355783,1
-92.58953137458964,-31.55186691344871,1.4243223483618264,1
57.85675768958224,85.43996992261079,1.2416240963073804,1
84.0264363042107,-52.55169825200447,0.9950511307813128,1
-50.31619058715692,-89.40793293523946,0.9562785774353219,1
-63.09447222854084,-84.88015025050923,1.083411268920122,1
59.0470956225045,68.81227939026911,1.0152434591795787,1
-25.392144422012024,94.24295655543902,0.9615113389171834,1
-87.07399968999438,-43.701497325519846,0.8492878515411119,1
68.48466536045413,54.36399274669946,1.1512243374127495,1
-53.65469958107589,-89.27453008878102,1.250950542611719,1
85.14732479682873,-32.692581034692054,1.041583372201434,1
90.52707907705056,-40.5616221360726,1.1505199948446807,1
-83.82392825663759,-44.29515995003237,1.1467165045505803,1
18.60910386801578,-96.12136111874064,1.380471206583739,1
-9.049723826425724,-103.13183840090929,1.1449493002319042,1
51.54254389709995,77.47048011281436,0.8417278059665636,1
75.87268889863965,66.16171606527509,1.324077274638644,0
-31.563301516200344,-97.18844692557197,0.8552281141083085,1
38.105391678603475,90.66103117003347,1.0411310083821819,1
-98.12753409548525,25.13591130949421,0.8816354582595186,1
-73.1858722673641,65.44090245554507,1.0393662126926955,1
13.278533465347916,-102.21106609317724,0.9343381047362848,1
89.87352202932409,-14.031669146032238,1.1878718631250194,1
-69.87954986543983,70.33424057572171,0.9709256180745528,1
-86.63533974193395,50.7748889879942,0.8449514716468176,1
52.59472133012044,79.18384813574932,1.3746243282569397,1
-2.0266356262974186,-107.67835077616999,1.357876631369165,1
70.1587349581541,71.3732560388384,1.339847716567199,1
-31.805694675601988,-93.01299963613715,0.992307771957814,1
1.3540707640408578,-106.18028221762906,1.0301413373101538,1
-104.48682071093434,-5.712473910080121,0.8750937288163668,1
-89.38605481306065,-40.32731649488132,1.2724751787684279,1
-76.26966224747852,59.89742178002024,1.1100560867434681,1
55.78264111705856,76.57071911896453,1.240313523291126,1
-39.62430977256536,95.604369037098,1.1623574876919884,1
-94.49024507560937,-30.80742558301294,1.0685533872625732,1
-93.185512922404,-37.6733375173067,0.868610294333473,1
-101.97647447091991,11.332238554309068,1.0318151891479934,1
95.31936058183345,-1.6935808983724887,0.9238269630839037,1
55.438262007255645,-76.7571354829923,1.1347143798509116,1
5.425933155451246,98.55634414924158,0.9136738533175612,1
-99.30425681329814,-23.79506412131857,1.1358522923330452,1
-93.84232524866839,-27.488784455559554,1.223769910172338,1
10.591101276571832,104.11220857054272,1.475697933976658,0
-49.51933678971921,-87.79465531895079,1.0727172330379746,1
93.43088271881962,14.472092067943104,1.0335117481388325,1
-42.424683548129686,95.12654302224647,1.0284728808349464,1
24.08535554817108,-91.36660061029997,1.2534406886799492,1
35.979574715576106,-87.48369152827722,1.0415761996947968,1
-102.65709434943578,6.050573994827388,1.0143381799511428,1
56.35380354018823,-72.94021616593804,0.9801857825799267,1
-26.96749656478014,-99.37931404412042,1.100479922930958,1
-106.74522926558238,-11.177705343169354,1.08143709373392,1
8.605071454983262,98.20786168179286,0.9860434018628113,1
-101.77189309254598,18.01708700954215,0.9976006247634709,1
-50.49853322071614,84.22271002760161,1.055347054111616,1
97.03289978900533,-18.694169816590144,0.9463160677279138,1
-91.36660061029997,-33.9739837124987,1.2798344065852898,1
-101.61512935600557,-13.886720641455737,1.1705381538736452,1
-58.471104444504206,-84.30537542814795,1.004776387396497,1
-2.346482579307347,104.27573622464962,0.8905199136952382,1
-41.82618063762903,90.04426337556711,1.1684998782558578,1
76.10454505891462,33.44456951708135,1.035054538966215,1
87.92297081396167,19.45024177862483,0.9387306669292482,1
94.31188883299139,-23.710424725032336,0.9626177650608121,1
-67.30296917384236,75.74195103176675,1.2886254998320121,1
43.54784583272397,93.02483162274814,1.04622139180982,1
-70.18559168966802,-69.74275402781655,0.8203023722796264,1
68.12332024553977,72.8732542285779,1.418096736898874,1
-9.009936076034766,100.8175175865013,1.661592652563478,1
90.63579490206249,-52.33380877322906,1.198208448714335,0
58.901288331909534,79.05726533309415,1.093252226301771,1
-55.46048388912293,-93.93722790470879,1.41527153174346,1
-71.42100133930758,-69.50522115798246,0.7929098659367988,1
-21.051035602688135,-96.88582471870043,1.0565388162920228,1
-82.0649773101152,-62.89943301570681,1.2389506524969718,1
43.9606328123296,-82.71617527886931,1.010121835518785,1
-78.72407909425199,-59.546094040347874,1.06985352829255,1
-100.37956401516882,16.501969474654096,1.14457228526899,1
-14.952037658173913,96.03728462869576,1.085185772687891,1
36.22569352581919,-94.03542247917179,0.9967457224521007,1
-69.81351405515247,65.137085680294,1.1126019043339042,1
69.73532698107688,-54.71412495014002,0.8210402700723178,1
68.37723843439849,-55.62924320913228,0.8210402700723178,1
-57.132006310339634,-87.0968354984285,1.1259932747394574,1
87.74656303228639,27.756536115477914,0.96831667262555,1
-47.82960076530278,90.63027855462711,0.648134114270085,1
-48.73825351485652,87.05833326327793,0.8580249776893067,1
-64.65466190977568,83.35083932338213,0.9870904730477171,0
-101.9383053585562,24.596289944816693,0.9336051935437553,1
58.37595438669062,-80.15513596376857,1.3424827042011176,1
-77.1598028199298,-69.23500112090412,1.1540415741100598,0
-45.76776277962124,90.64185808741755,0.9763114648157284,1
73.72272269942508,-61.31491274000163,1.470657526495146,1
23.231072759526597,98.51496731491729,1.1095039312341526,1
-21.769867626418293,92.72734167367105,1.1040197116067751,1
66.76822180858773,68.09951993666952,1.0069724032033536,1
-58.27910738517076,88.77641805984796,1.05188909683247,1
-87.05975748388853,60.4894977727999,1.061404995508453,1
-6.300390274409817,101.08674803081352,1.136494168829479,1
-66.09582976790165,-79.09071845480445,0.9158663620160541,1
45.00292977346441,-80.57914678554869,0.7711250242435811,1
-86.2809303553264,52.28548066627532,1.003955328417002,1
85.37779143523564,-49.43138704282458,0.8823946950739768,1
78.04290724283825,-52.61027113331295,1.0400830490936843,1
-104.14257159755985,0.571824575150197,0.8685887746428901,1
-69.88555588103793,-66.11801762583498,0.8693000922088726,1
-46.752473673059896,-94.08147184928491,1.1812151874762948,1
-1.2017070846024989,110.77822486648653,0.8689820688049534,1
-75.55693799244874,65.84375342825358,1.0665506122266863,1
71.8102581639659,55.28507916825043,1.0498835705540153,1
-90.42661500731334,60.365506801995956,1.178594121620517,0
-18.542452842073015,-96.74485741709594,1.0953497032017452,1
-82.96180004702967,-46.330845942763,1.1436179290371207,1
20.17119581570917,99.72441545742676,0.8859855809936455,1
-82.52398732764016,63.70499351194892,1.1736754545306411,1
-54.57193609479544,86.66667259536683,1.2397609897735578,1
-83.80374501598472,58.866374580941454,0.8548436943864471,1
-96.14924735829592,24.79055363610059,0.787561707967089,1
21.74958557804825,97.41307710690984,0.9552290008557865,1
-59.05616215030638,76.01350242818509,1.0772249467922708,1
-31.69318124736571,-94.5991066561262,0.9497445848746744,1
85.106804594735,6.561268875621943,0.8615606653326323,1
8.002642861970097,-99.401736801756,1.0389203640078897,1
-68.41037509815695,-70.46057255263128,1.1886499645096162,1
74.83464989549832,51.466976427055904,1.3379558434210184,1
11.419084362207888,100.27905669787688,1.0348369159467787,1
-12.470475666289227,-111.56707552938508,1.1849542735352663,0
19.933524151396988,-100.22141072463599,0.9499965230394762,1
-94.7338379258876,-21.231141486124585,0.8163469723899621,1
-29.898977089348584,94.09415205489844,1.1228401443115155,1
85.20447276849877,22.250503651141177,1.0818779182482718,1
88.40738667497168,-29.021185135172264,0.9228146432310752,1
81.55117199806068,20.45540599902823,0.6845886322970489,1
-85.23982265442302,53.89732834355617,1.0562519760647826,1
16.23523851722539,93.4008258639428,1.0332015937430605,1
-57.598736853485214,73.46808109692289,0.9252969982288288,1
-57.371045821530856,79.73206182616364,1.0646321230983269,1
-105.83755845730431,-0.5591709228023133,1.274158042591314,1
-86.89746580845785,-41.454129307647555,0.9573987859927922,1
-50.58261920556511,87.91713829146114,1.321856948281024,1
-24.047563306492027,-99.7027464364446,0.90868491707306,1
71.11624410227039,-67.95362587491681,0.9845763854471572,1
81.82866759920407,46.5956705118907,1.101539361872795,0
-66.38161391614017,-82.02432928404009,0.8695449053056649,1
-46.722506610674095,-88.7659737753703,1.0081687366372196,1
31.410439546149902,94.54166309149925,0.942022883769294,1
3.0765314955612655,-107.14417027854338,1.0734097496498554,1
46.92094801574904,84.14960003625819,0.9937912833661964,1
92.50660141465269,9.238470373828378,1.2367749770436978,1
80.56344366930833,27.39005043369333,1.105281763182887,1
45.02182895490013,-87.78769246263236,0.8535659960718159,1
-99.96389583293787,14.171244938593668,1.080439492488092,1
-52.635612869715814,-86.03822507794149,0.8980694369978087,1
-76.84939922993705,-58.62748623011947,1.0939950206770348,1
-91.15262014783146,-30.06425497682427,0.9506533675853116,1
89.45181512273462,13.584532677236341,0.8679803230923884,1
-10.982612740418963,-103.73502069683636,0.8644132849180846,1
92.21606908114714,13.772529797833666,0.7001171579271238,1
-92.05262519072528,31.902341786509787,1.0823655725479113,1
-70.00241500806035,-77.48373632003597,1.2945842150461635,1
-104.61534392637382,-29.2062623482812,1.1321878561495362,0
-2.059794538718529,-110.03553206439953,0.9685318841928503,1
55.03839511582642,-74.42298710630614,0.9136046727299508,1
-106.37056128273409,-7.645216237624552,0.8858772513388278,1
-85.78869306022636,-50.157631775366326,1.401459178405081,1
36.652955857147425,93.06505735500684,1.1323688208229439,1
-78.17866654499646,38.016342903918925,1.0276698268073603,1
58.68573819416647,76.15415212581716,0.9725459329019429,1
95.50850542599979,-17.246000406965205,1.1226049316560145,1
-5.053255936623135,102.58242882636164,0.9782735687480525,1
6.775729554861923,-101.21294980158487,0.8199815735526983,1
-26.82472046017993,95.75699801253243,0.8412951212637471,1
51.900754626886716,82.46129556434738,1.254210178657968,1
-88.13855249077517,49.52424960645954,0.9157393385796856,1
70.23538088142439,63.51899060035831,1.222693985171385,1
-42.52232546347867,-90.74285822568248,0.9331387097041812,1
33.157801091368846,-91.42773788529097,0.920628333261095,1
-97.40757475216068,-30.925526338259967,0.9594794437654108,1
-13.43092354090549,-98.70744055743361,0.9698194092426833,1
-13.207543742281903,99.46738658990108,1.1730533615266703,1
-29.219809773308214,-99.84076321593845,1.099580109625407,1
-84.04288669485634,56.86958308001596,1.1973857995941748,1
65.93549176857334,74.38605540730461,1.4380378344819775,1
-96.54583659936863,53.25907616489623,1.2342820107257217,0
40.77782877169713,-85.17021551541212,0.9993664089642167,1
92.3172275597355,-20.25402940774954,1.0237107834062715,1
-77.18266547342368,-53.39834404471069,1.1665579125489902,1
77.0380138683395,37.82385479056567,0.9492882546332492,1
-16.424313147714532,102.5019280985431,1.3097576723006596,0
92.79160161574089,-2.3812968608994503,1.2280893083729918,1
-34.26105100825189,92.48318956899924,1.1427029315082304,1
78.02851381937614,34.766228076660234,1.214505573485331,1
-108.40857827498257,-4.903398149571395,1.2689178782029042,1
-93.83066349913535,35.322175979399276,1.0405043287958624,1
85.28419036838925,-53.83367887363131,1.0144676394262542,1
74.89485289498538,41.93802433523587,1.3792453994510818,1
-105.31893593306224,-8.953823645703977,1.1696259020792774,1
-84.08748402857547,-54.06401404967285,1.2708067717084848,1
-101.12156231240562,-8.91941894389532,0.7805863651098639,1
-80.58809902938667,-58.70264112812566,1.1054278381490261,1
-75.31164651128842,-57.58978460964723,0.894466568949209,1
-62.097537790191986,74.30899520143602,1.1329123037344107,1
-80.40636847947592,60.92360021490645,0.9087987906625218,1
86.90990050845603,-45.27438001458518,1.1179588691914746,1
41.24030168836656,88.99783689077366,0.9609802339569342,1
-43.07982502899915,91.67423226218651,0.9507819441505061,1
-101.19360656043497,-12.008795662645461,0.9799184735656441,1
-71.92848166187238,66.77422727216238,1.1285785081864408,1
77.24271437055222,-54.48060146130685,1.0631469963256792,1
86.41200982916764,18.322386037222994,0.9619538158651005,1
-102.76516286967461,-19.25486298328391,1.0589669849629264,1
81.09986896879052,32.946495384681214,0.9837117501418617,1
-50.80853328143442,-86.24650416736517,1.1264043582060916,1
-35.642719394880594,-95.17258313341314,1.0410521823203116,1
-104.63140645280671,6.066717891708274,0.876833013146525,1
91.054236163769,-46.84116975046991,1.1487893224504913,0
-36.21256011505852,93.2897186964103,1.1360180258963746,1
43.30801248463495,89.74931031255859,1.2461488199834767,1
92.7765790147799,-24.00096572959183,0.8737663526538614,1
-69.80687285252267,-80.21210478819201,1.3522161855366666,1
68.15628943754652,68.5989493243431,0.9656820428639613,1
85.76846413029075,20.131567216319787,1.2138825554077042,1
93.11079611806402,-6.2561264020998815,1.2224817448396297,1
-71.15775697996408,-71.17808099300164,0.8991014819555943,1
-31.01952489855863,97.41035989468804,0.8922304544854417,1
-56.07474899071586,80.91985865397017,0.8683816665632598,1
87.32288895971601,-43.07853516882353,1.0655877225710733,1
83.10195796250218,-57.13907356411263,1.442242481843653,1
30.34159588791978,-95.53671855809517,1.176994711693974,1
-22.83418994937668,-102.48528745705605,0.9306473494207343,1
56.80298184566583,-76.93027851011031,0.8043774706470278,1
53.432959387550845,76.7322239303864,1.2733921343038124,1
93.50976778510946,-22.104283668454357,1.1382994788482272,1
-86.24494932483772,46.8163640319933,0.8415794410376257,1
-41.01635424119885,94.65160292810587,0.9207872298973485,1
-13.790931632389478,91.87240238714514,1.0839018962876321,1
18.096662510324094,97.31566504875754,1.4742558075216774,1
93.97152803295573,3.506822105782784,1.0495235682479012,1
15.886706170881022,-100.56136887224186,1.1269802430192508,1
76.22329631638793,-56.2683555735646,0.9801041355088141,1
89.3374253403606,-24.630606879528916,0.7200687710134378,1
80.20954700423827,31.309833377304138,1.0352767656889297,1
49.60175009328641,-78.95879065087651,0.8874499817585301,1
43.83848303229658,-79.54265162704057,0.9624211863440059,1
61.50734076916526,74.54940364050292,0.8760070189631021,1
-99.4880762201044,-26.737368262730662,0.7848337962516955,1
42.15184670131406,99.56905959513094,1.1859827178892954,0
-62.21223502336451,77.82169291538482,1.0481659141541733,1
-75.54350962669177,-68.43617403966513,1.0239272272065436,1
-15.360533096488782,93.91571410992474,1.0801742910741874,1
-71.1073840229194,-73.14907318209467,1.117020452652943,1
49.82382225391545,76.93820371242397,0.935454923982772,1
49.15143573866092,-84.17586899418679,1.4190014991632411,1
73.42292575379048,37.64908373622654,1.0296687630197559,1
-67.30676709547059,72.33901325287371,1.132922344139266,1
-20.366354731376877,95.8919598703927,1.0716080968162367,1
91.70961290051265,-3.542261535465392,0.9330976872147478,1
90.2014826530178,-17.7506417077573,1.0596902106635717,1
-45.059367832442916,92.11858909268926,0.9879501870115374,1
-30.55906818289272,-95.76954766660833,0.9965705368751788,1
-59.078841168029214,78.17298258065487,1.1327484172964823,1
-96.56277327689989,34.61518153845161,0.8458830755539183,1
-82.49238827086008,-51.13334618435702,1.1896522313959272,1
91.90006252515732,5.549932090112483,0.9394403160417308,1
93.05549277566608,-12.576288253292097,1.0862120718324535,1
94.71453400699103,-7.368622772837677,1.348314698446037,1
86.8448398011617,-32.14136392539104,1.0661082805051694,1
-103.79690595167523,4.605126048136196,0.9515296703670209,1
-97.07440207732432,-34.450472349459815,1.0184151157324162,1
54.65186882305766,-80.12363555496974,0.8820987763230539,1
5.2205354258180305,100.47240986179605,1.0768192303600959,1
7.011464938000876,99.41618801298293,1.0525043759172328,1
-102.0605412373703,13.253419497853201,1.3020940603552107,1
29.674780467619293,-93.23218952289419,1.1078678262872093,1
85.82851876603709,-44.069658353356274,0.7855508244028702,1
-38.134492847318924,-93.8250244950342,1.0394626104070541,1
-4.334992427891249,107.86611260625341,0.8715197942402539,1
76.91171089326117,43.42543589716797,1.1606514231418645,1
-25.451560795929222,96.18025527843395,1.0323731774154907,1
-84.98609227487559,-46.62556466111354,1.0440593929780186,1
95.73648923574002,-24.815619918846902,1.138233080402007,1
82.36780510437465,21.782599706543387,0.7683883537677317,1
81.21043432515715,22.702272976959737,0.7742434502599304,1
69.39182606936818,69.54374293449736,0.8370820675572488,1
75.58348602589925,-63.58912567269366,1.3311881690462524,1
-19.167620403267062,-104.17870545272842,1.140809132626768,1
-89.20115229527151,45.683300305149984,0.8709641417546203,1
-102.42709787210926,-24.74400196814315,1.0724085168891366,1
5.660375889549387,102.27299138889855,1.06981153915613,1
71.91462613931942,-69.64248889683131,1.3678217626476121,1
88.33271604341898,-30.8358495508486,1.1038669981626659,1
-18.14619825956084,91.11593778283687,1.0606927929592356,1
62.308418805734334,-79.08038082837726,1.1612212783519755,1
-102.54249447865476,36.83215131832797,0.9469090975153961,0
73.37652948327327,56.93555462996857,1.422911150759722,1
61.51493661242171,-72.32761948798904,1.1642343354010185,1
7.068691734459432,-108.11087748483506,1.4334194724193652,0
57.390393724165236,-82.33134505674369,1.1644606542159246,1
76.4140180329359,36.722104223344154,0.9677975311770439,1
29.62776326933036,-83.91083883529289,0.9435019835030545,1
-62.345645652196104,-82.59754483632226,1.5514298113795733,1
-48.8406878433871,88.90335628657604,1.015760091452272,1
-93.74789747119942,33.21282463886075,1.0367207311436317,1
67.86985279902815,70.57315498443788,1.1755149595321885,1
12.006749435482487,-103.34201719234956,0.939918933749824,1
-73.78950928043851,68.23400253299104,1.0089256361135037,1
-9.38195154219032,-105.31931207776131,1.4100913714568915,1
92.53636047179445,-35.23740901452426,0.924256878565169,1
-14.172090629644504,-105.19161963268786,1.0418302754603337,1
19.079773613873382,-98.48418706912872,1.294649182263527,1
64.25645173236775,-70.0313376419984,0.7989780692570083,1
96.57645545561145,-8.176031636958177,1.062608843058154,1
-38.67393210652349,100.35704068864312,1.2499200788401899,1
-103.90869422729293,14.58917337460829,1.301574215612798,1
-7.229115944035813,102.62136156339318,1.007847423557713,1
-20.80949080135628,94.37007841793819,1.0763187352604497,1
45.23144757669678,84.63828260997464,0.8560785812564281,1
-100.6706149708421,25.923942812825896,1.032224175293699,1
94.72690134449871,18.487565897231292,1.474386101495429,1
90.3500235878107,-34.956323860992974,1.3608485022613976,1
-53.52874111837005,-87.41713264588137,0.9358659102649575,1
-75.27860459312284,67.63338835549825,0.7091957787576434,1
-98.13031923801262,-20.345466162421612,1.115144235714877,1
-100.32321139648147,10.09070723726455,0.9333242724046882,1
-12.51464985309624,97.32497929589825,1.1378098088864137,1
-106.98899196516236,-15.402214546955618,0.8713344573424686,1
82.96939589028611,-50.69208073249301,1.0881907052229771,1
-91.22336470889249,40.75061395042972,0.9333469592477249,1
-106.97238309429297,-4.0712494718603525,0.8385804062533412,1
-62.45115647955661,-78.90568411963433,1.0950750291142612,1
22.614800293720894,-93.3752454010376,1.2274353062407033,1
83.42005565455489,23.12231252055893,0.9787091607957413,1
-78.94685432575922,-57.956826607003904,0.9580017700102339,1
69.36104291511832,51.3594940691499,0.8784664426101899,1
-88.98251860687316,53.399537677222405,0.9627389970988424,1
-34.64228022250168,-96.15629301614894,0.9006157348731126,1
42.378954518795176,-85.50651018447346,0.8562215871098866,1
-106.29670527107086,5.577247911053976,1.1615962325306584,1
-16.87244598065302,95.35828790046706,1.0300119214472279,1
77.99928622116121,53.5082952100124,1.1158459144959845,1
-94.13621939243323,28.881699718432763,1.145120941716277,1
-32.793534091104306,-96.1383093440066,1.0686323643727285,1
-9.255242860175997,-107.75609317519496,1.0613582948528675,1
-103.72334962338834,10.198263554378357,1.0322840338259585,1
-59.467594929176855,-89.64221322826934,1.0678906765070864,1
32.744920694262994,-92.89285871529749,0.9810646978772048,1
-67.46248188222796,-80.61088655915604,1.1653820291885357,1
72.6974421065378,-58.357439518752976,0.9832113343421091,1
28.402485616592703,-65.90641913511938,0.7093230656698404,1
26.116101792513003,99.79480127134417,1.3722079356224808,1
-60.25433046557999,-87.44623398877708,1.2156799612295563,1
84.80758995834883,-47.77215720067583,1.1227231962418744,1
16.563329645960156,95.77278312429976,1.1475968687253337,1
-60.61455128982697,76.91986252992663,0.9375054508722344,1
-107.23921771707627,-2.0699898009855984,1.1220583053769229,1
81.91547263845261,28.74077192162135,0.9467733022966137,1
62.21451377634144,-74.88551970460114,1.2625095925507475,1
-95.84879184714015,36.24202118091484,1.105001417644585,1
54.9202254971652,78.45746499595032,1.0939988550404924,1
-92.99783716440598,43.690530826818325,1.1493544282759318,1
-93.6795348818913,46.14094986135154,1.6325468294001717,1
64.87201269618139,-67.80429482876856,1.1089073249248234,1
-60.339242498383115,84.48903928178116,0.8683612826446903,1
-47.33813915682767,94.6669945052308,1.0467123077048357,1
13.351973276201125,100.67454693676311,1.1110516773323418,1
46.22019298289189,85.76394768294908,0.8505601914984139,1
47.15823706430788,-83.55937059394927,0.9399327781400837,1
-101.17458714129204,22.60143160958951,1.2443512822023024,1
75.10932580055032,-66.02578238629229,0.9584011181729928,1
-113.80092366824742,-0.763738302426633,1.1421752733635646,0
-59.146786403312255,83.20215423007325,1.3665159860231093,1
-27.745241714821887,-100.93878733404709,1.0144558033266726,1
-11.655821477034152,101.34679557766229,1.3673067442299756,1
-76.95348803117172,-64.47483857703044,1.0140891732761397,1
28.40511160811851,96.4400162381531,1.0400573276394567,1
39.20981454873265,-90.39705571162195,1.0640432260383617,1
26.940683667228516,-95.40227213245588,1.3678304009728888,1
48.71475387478185,-80.54893296259556,0.8427479125785143,1
-82.01466541509579,-57.34649421828598,1.168132586556067,1
-71.1925647724077,68.06360120200625,0.7713330152078228,1
-61.20649112018625,75.51217677325889,1.123307480711133,1
43.71559710956467,86.69173887811313,0.7179606721175782,1
-89.3137584888349,47.46170984827182,1.0661373804880283,1
15.063956411839449,-102.36058427096225,1.058227931811639,1
-99.40100386951195,-34.79156069253185,1.082418727559165,0
32.725687445866406,95.64678662641516,1.0124198137892884,1
-26.448784648548795,-104.64016141226905,1.1407508063947527,1
-56.53586135781374,85.8406246412271,0.952538656648375,1
74.56383574269017,-56.173539634480726,1.101204107969642,1
84.12807202131452,27.902865150968974,1.3829379727230702,1
-41.53169722529239,97.06917993508549,1.2791784817394116,1
49.76104737334433,81.94884009275775,1.088373372866864,1
-52.84492646526317,77.09773739414577,1.0059846600231028,1
102.60245191149683,7.3637702559115885,1.085543745988475,0
92.94118682225127,20.48197737362218,1.2227828990519292,1
95.10726126628776,-22.067969694732156,0.8130364075981318,1
-51.61333293633721,-90.61461212791066,1.0490578732133369,1
-78.69848694543406,65.77006957512573,1.030999280347666,1
-54.099577196818636,-92.50003252578529,0.9678551072156991,1
-101.40596821279644,-20.12051234290344,0.9724424409526689,1
80.96005032175127,21.536788417676345,0.8293848231261156,1
72.29873761886276,-66.34112344055372,0.9535258037527566,1
-11.311691154584803,99.08616599166356,1.0924278926129316,1
46.13700002285818,80.89390767889165,1.0588529180161907,1
-92.07301403315053,42.05894369533124,1.090209108921621,1
-102.01671391373218,19.456937765885755,0.923752066663105,1
-56.47970637373922,87.69170451481418,1.0562007893838437,1
92.45541726709281,7.081224875832576,0.8401035137744665,1
-70.367891927823,73.91704968940282,0.9524916744479917,1
66.64960213176639,59.137935761232846,1.1324339810322996,1
83.30870776648614,37.55357116322174,0.8953348371545871,1
74.79646843694975,34.53210267814024,0.9181958801125225,1
-102.82398068225916,16.637745172863266,1.0299656837564204,1
6.702619563518528,-104.32273550479894,1.3609973999758418,1
-75.98501801597337,-66.38134019205884,1.4126863241053618,1
55.65020456055775,-83.79169223891506,0.9411773931508782,1
87.55370126297395,-34.13780577682319,1.1803741008767925,1
14.78332229353529,-98.65124801149683,1.139117329843684,1
-65.29244441189874,76.75504662609674,1.0173027229161917,1
-20.799046516878658,82.01647926842244,1.1409769359474147,1
-99.05359398583504,26.993253232432586,0.9976412242136855,1
-74.3812099683956,70.41835002945515,1.1387853831536678,1
-97.31265161585908,26.539440510990676,1.09316588337568,1
-99.58277106603491,28.885409436963062,1.211521840582586,1
-102.17195892272717,40.320906246207244,1.083379814090207,0
-64.36464380746936,-78.72669544026252,1.0452460310047815,1
-100.02016504021925,-20.132782551240822,0.9992734994847181,1
71.84241184192409,51.471471814922886,1.2871023222867768,1
-77.06628630353012,67.10243891187189,1.0898865945988505,1
-104.65706371749242,-10.717169186959579,1.0040043579660267,1
-90.16426874297697,-37.699264398200306,1.0912405710051112,1
-43.07779947079744,-92.85386671991435,0.9684237841678253,1
75.7923988964134,46.29931602735882,1.071444638501139,1
91.91434530734897,-26.760577783792066,1.0496308119717168,1
51.81242771868572,-85.1842863363151,1.5496151748454794,1
45.12826118719596,86.97104888585777,0.786653096272079,1
-30.455533536766655,-98.41956448107543,1.0291535661139768,1
-19.184349846701746,82.79220320190701,0.806792528585866,1
83.09852522564589,-54.31787512692814,1.1906013977050671,1
68.87233644143744,-67.55635659725614,1.3918091084139494,1
-78.19486584336993,-63.256554959080894,0.9406572958962395,1
-31.97679759309444,92.77982034444538,1.0978552357709848,1
-108.6463359503094,-2.802623741103382,1.0223270424003155,1
4.877693999715633,-105.920391306882,1.000350448350586,1
-38.68395861962203,103.02409317285054,1.2481122042731612,0
2.216226218423758,103.26391432354858,0.9472268285872639,1
74.4264569682588,64.25420966772141,1.3341192516419196,1
-74.5446793965263,-72.78392587678552,1.2802462447141787,1
-32.668050760507626,-104.46122671697232,1.2581370138954755,0
83.58108801402072,35.72319414972253,1.163648799102146,1
-7.128224155981908,-108.72891801879875,1.141454394350169,1
-87.54846861340667,58.00382588715326,1.507752628728623,1
63.431028477284706,68.94561068147291,1.0057279318789496,1
64.37587422088615,72.36474110906498,1.1240269945020809,1
32.522593664687015,97.49149230744182,1.2141191987773896,1
-22.376029377142096,95.7561147749445,0.9589949855300882,1
70.56471921620596,53.250184409192315,1.2521262028438935,1
-91.98907996516667,-36.325221413194235,1.1435267935795685,1
-26.828922416023925,98.08383106114624,1.3734793685455249,1
-0.027615396245935234,-107.19234692047027,1.0620804782389461,1
-103.79791020979809,-12.384310319348787,0.8872700396088832,1
-68.08913895088571,-76.62306884951579,0.9483967283594154,1
100.43650251013825,-26.91044497693139,1.0137021157398647,0
-103.01278120935477,-5.819876673534287,0.8750937288163668,1
-60.77350820480357,73.17826130047747,0.9252969982288288,1
-104.960518006922,11.365197908960981,1.168117573086944,1
79.23034204729485,-58.67599019532068,1.3080973859181173,1
91.39609035470737,-5.138587962993551,1.0452783254982727,1
75.3680456474676,44.88744582795465,0.9291075063195401,1
9.993261907125843,99.27015302724875,1.0272892836534824,1
-82.49109029094325,58.01821342189284,1.0369930163823715,1
-41.4026628379733,-95.53671855809517,1.0291454158021613,1
34.866548227838095,96.4742626400351,1.2759248180953526,1
42.07292004692311,94.76558855069959,1.2350763445696535,1
-52.905523021430554,88.260731513765,1.1489352698830746,1
72.91396015782408,53.254281782333535,1.1336894097983634,1
87.20174132322079,-49.15498046551392,1.171680132481154,1
-19.713492003484344,-99.95749933335348,1.1057365256688019,1
-19.065414656843377,-102.18520824360736,0.7520107582250102,1
-1.063859674698027,103.79481335800533,0.9649402222611623,1
-13.002405503638254,-106.41802899424704,0.9668999359561805,1
68.16335239243195,60.02697250639993,0.871729911221178,1
93.26185613502095,-27.759379709663556,0.9522164759000472,1
96.01914723711505,-0.2109235987189577,0.9562070227102442,1
91.00313951047846,-12.382743676677137,0.9011740839098129,1
57.38976940828113,77.88918146245521,1.2482559016930193,1
94.85343277739862,9.343737486404356,1.1913690980180784,1
-7.446160462874452,-104.81392406008509,0.8728807326390393,1
-47.35140174029133,89.6716424436447,0.9587864092005821,1
-48.66405968267109,92.58207884913045,1.0633840259061633,1
30.96650006967218,-97.79706622252641,1.0383175484346114,1
-77.86422963762098,68.82365699378515,0.9723256051892957,1
41.11025100535252,-91.56465519002388,1.3049399170028546,1
58.95276373397784,74.29411209605539,1.1475225449133137,1
-32.98632208392423,98.0348358276316,1.3263864408093455,1
-35.578234419146355,103.09832702804479,1.226252916543984,0
-99.39757717330603,-28.39163441194061,1.2264467212229084,1
-86.0032804571671,-53.16645005950098,1.5390441246415547,1
55.1771548953149,-82.04507671401593,1.1802146918813319,1
-77.70280988773693,-75.11618283838366,1.0307370673934024,1
91.782173192673,-13.733684388899322,0.9199184466827812,1
87.97926510404184,-36.274975936518096,1.223405295893676,1
78.67430823558107,38.19027221277089,1.1455073105039977,1
-104.4174152140853,-7.410900985865573,1.0066915995582881,1
-88.50662834996798,51.411549919494995,1.30243093230647,1
-46.15054461072814,-92.20654096197457,1.083857099286372,1
-55.27911100569175,88.9236327362945,1.146433647227367,1
-44.32006435415188,-91.51042354409027,1.1102627326085217,1
86.88976251180902,23.291589927871247,1.0510672016220646,1
97.37654030685569,1.330900250577899,1.2913686516998317,1
37.11338278328654,-95.51782158218886,0.9366819113063404,1
-90.1588615325232,48.97723773331283,1.0772742834653621,1
-97.26181895989508,43.968116698712656,1.0374110286597285,0
-38.182863459249795,96.63051998702507,1.063520065252009,1
-72.4129099565544,73.06821420549366,1.1866000905496805,1
3.5751316832237143,101.7032558512783,1.1155614414235495,1
26.84598882129802,95.76712580354108,0.9881816663357555,1
-88.39087475855943,-42.55538630816402,1.209205187489759,1
-37.474092705733455,-97.54657868375384,1.0633747180081252,1
-48.661367512971204,-92.66619096191636,1.1337714152181413,1
85.94894136606419,29.292458017337875,1.232541108809873,1
-5.492785436582715,108.57514863483192,1.0003704902743547,0
-78.72952586966028,60.321092369870186,0.9819622389165753,1
-103.70357107500558,-22.799418915339345,1.0235728590687223,0
85.58046700969342,31.813290518858466,0.9552873934825475,1
-17.23539034019426,93.36261942158023,1.065137753805345,1
89.48036283364011,18.737046352866727,0.9415936089781036,1
-70.94525352391842,71.7842066607337,1.0314760179429832,1
-71.57958394443729,76.67468958021783,1.0281074572840678,0
-97.96582663799673,33.10740569273141,1.4908240095712257,1
-106.64136665883262,21.47344888600556,1.0072176109104627,1
84.95679402231495,33.73006539394334,1.1506009452189516,1
73.52336512904508,59.01130669697087,0.9252832182626899,1
75.23823811181707,55.87990603659535,0.8316807742083911,1
-63.220745983729,72.49015503195632,1.0520057482753729,1
-94.1286211997047,26.88004112993452,1.0253301766539307,1
-27.77089832669084,94.45084322647638,1.182700625084801,1
3.0189479132178736,-109.29558916410802,1.0676962175935634,1
40.12645518237791,96.10587685977673,0.9637430537699055,1
-104.72203833208391,-20.710251903201254,1.3100571685689422,1
41.16864481486347,90.9143176824861,0.9966716652206751,1
-62.36683964841515,-92.35479060318335,1.0461303919074634,1
-69.44817662748005,72.57854728672854,0.9585683559968716,1
2.5429084207111994,-111.76593729265883,1.2257929073432692,1
-19.94066010197834,-98.0307744025086,1.0965747267347303,1
24.284961379855865,99.9318027572306,0.9909344577797438,1
-104.25136622753514,-16.233899506394945,1.204987774867338,1
-22.838452922632854,-100.85597907854589,1.0162943172418213,1
24.882826618963826,-93.53537898704592,1.1858338590669173,1
25.46155874346336,-96.78477403469468,1.032832505587983,1
28.339472923531645,-94.26379654632696,0.9745099708289466,1
96.20371571323655,-22.82047930566087,0.9068011323263833,1
45.67434806131203,-81.79537305553548,0.9933211770963319,1
-96.72660740421925,38.347234888063255,1.1034106659649612,1
-26.735876222091022,-102.62852335846354,1.0758547830715894,1
-5.326585083590876,-112.26697614801127,1.3738328604604504,1
-58.60605889925307,-86.16807153639132,0.9335020917126472,1
1.64920225370563,106.32281598226496,1.155821166714231,1
77.53836796191892,-57.29316693048258,1.1001372906236382,1
6.215904795920072,-106.63570007895646,0.9822762538053408,1
39.937924887870736,93.21294631502813,0.9698323913120924,1
-95.96805394301545,17.785124424762817,0.975550716892821,1
-82.05409677788298,-53.16330695194659,1.1328446265019505,1
-18.49533576924161,94.67296266778942,0.9157873627689385,1
-15.21173600616184,98.72909249601844,0.9374712032508835,1
70.29817753590146,59.91903706992935,1.0756087613405303,1
-20.831493147127066,-103.3807640167356,1.1860699481528256,1
-41.7586782449283,-94.01313371886386,0.9628347392068715,1
95.25709657821682,4.945368700157402,1.00578160370303,1
38.20258154804809,92.43975084037636,0.7803601501949806,1
24.188962850189153,103.81505859579849,1.2542845412376102,1
-87.15464326358392,53.75073958411609,1.1205249010861964,1
-32.573493607016665,94.41961752007525,1.3319077126438117,1
47.6572700714219,55.9291433777042,0.6538262147798726,1
-9.559368738251859,98.40225042659378,0.9574050903407353,1
60.67114693867578,75.95083672131932,1.1718543873790648,1
-98.2956373408871,30.76886207109553,1.304861756074824,1
-103.28963812038441,23.545752575944228,1.0351901551946228,1
79.4684717333848,13.059533310827518,0.9671839821900939,1
-35.67433360454841,-97.43765429145625,1.0262480917095886,1
-82.58770476664913,-67.35993799826579,0.9519781634623449,0
62.16099387534254,-70.24317639327438,0.8690868827884128,1
63.41009950490786,-72.99605369455732,1.1623022843971869,1
59.524335624826165,-73.09247189847397,0.8269521304896612,1
69.51002480101745,67.35799272133427,0.9593504020497114,1
-86.01289156403585,-45.01268371078043,1.1864829124691083,1
83.26466820399264,-46.59991903439004,1.1000654624138757,1
84.71439480454849,-50.91990386093359,0.9659899207170591,1
-57.80911458367745,81.70712950913266,1.064025955957939,1
75.749031902599,-60.921688379781756,1.1091705892448762,1
-95.4029148576545,-33.48919647426879,0.9484962486718959,1
-28.441278673223874,96.68870957197187,1.058012468871694,1
-99.26247967538761,36.87992896656165,1.066809106353811,1
-103.72149286170342,2.3868671459541906,0.9833096690165657,1
89.05643779503193,-32.71488631944082,1.2592508835492335,1
59.6090129419889,77.406073691869,0.9005483395859869,1
65.04700372667446,76.65681746955401,1.2741259285376607,1
-11.075339139751195,-102.32100592978387,1.094023649880431,1
93.06846928097052,-14.984799729482694,1.1059498063988293,1
-78.18401463871783,63.86205217866707,0.9600360376031537,1
93.86606708986058,-25.818271228699306,1.2322653006264062,1
98.80757306258423,-9.56232267729604,1.4703140799800407,0
66.84420890471176,-68.57047177308974,1.0495091819219422,1
-39.98072098036446,-96.99635222170095,1.2284080018033565,1
-95.03759814798536,34.39336569723537,0.8458830755539183,1
-51.1510353304191,91.9141650392242,1.4375854125115786,1
-94.47096331965066,37.27163426816709,1.0541153768865057,1
-42.97077042224573,-68.25190702066696,0.8218557662246094,1
-71.13663594680742,-75.25782772774487,1.2280905318268784,1
92.5341616750623,-9.762657490668099,0.9114956977024328,1
94.47840056837762,11.473195702739615,1.2269170001049399,1
-59.7472753745975,-85.30772198076332,0.8231941213874797,1
87.93707738000936,26.245537411875052,0.9437998876546886,1
-12.075199669135873,103.27790535378688,1.0276631795600795,1
92.49719440500334,-37.340928078643685,1.3861595124736756,1
41.15256969875444,-87.25573023990513,1.3076274698022112,1
73.71698858245696,-65.32715629854499,1.0581332864019526,1
-1.7038297596478271,106.06086203644766,0.891396137714999,1
56.52968973516786,-74.82807613997419,1.004053793215168,1
36.80738126773882,98.16550678612901,1.3992365913088938,1
58.10364340594658,-78.16084731678566,1.1379113334542008,1
-82.12099862810332,-47.92962487433853,1.0142011426576727,1
18.581110756712352,99.20127131054196,0.9206772046634432,1
-49.004582769036055,94.98728589587805,1.0576046151734904,1
16.76854740227358,-98.40903242950134,1.1589707845019983,1
39.20523285790049,-88.40172935421299,1.159715693558255,1
45.742049405336644,-83.81146632629496,1.1298781678566605,1
80.8041876737514,-57.449326990810164,1.089272688236417,1
83.81779315246894,-60.306101980329096,1.4523672685716473,0
6.471380557797365,93.69593078745706,0.9852289974060289,1
30.36382762428015,99.53454054909754,0.9712533330705047,1
60.027779014853785,-78.74990496132392,0.9776125219596732,1
-18.61171493913518,96.61877016698773,1.1453176859467107,1
-64.70519078013386,-82.18892299568509,0.9458629548934707,1
53.936228165170554,81.0282163194672,1.327674881740287,1
54.08746788148227,83.82350626534556,1.4670814693593175,1
-78.94529342170541,62.23958005908773,1.171702373218761,1
-77.49659082400842,60.97212596740255,0.904678609808563,1
76.60742367982341,47.79990470272088,1.1693250121280823,1
-55.577519133624,-87.94644558669235,0.9828463853151448,1
-103.95307449993649,19.773030485520064,0.9627389406070214,1
93.49596866986022,-29.911164770053855,1.429073670301867,1
72.1073400335518,59.69488816991602,1.0786036437801123,1
73.33515383993489,-70.96199538252449,1.2189333901908292,1
96.51030414120092,11.579087958422988,1.4031076400868154,0
63.383514053510225,-70.94897393694198,0.9738408263949713,1
87.17551813511693,21.316366847462017,1.034243034768913,1
-5.849843735920092,106.24030613489168,1.2512313245316218,1
0.7083949471783287,110.35158519467909,0.9486501416032834,1
11.567045058974314,-101.77433009225743,1.0181419715520703,1
69.77226468693632,65.51099662006362,1.0165469384875887,1
65.570317348922,69.554537027546,1.0793800195184187,1
88.33775811178752,-40.25227237678283,0.9999983308802171,1
-60.676355516908785,79.01120196934608,1.0439256754447217,1
-63.88321202773865,74.19172080715863,1.0516361977240458,1
91.89431182601177,-31.216317206084472,1.0374711040255178,1
-93.54423392388564,55.2476538155389,1.1483558683146236,0
-33.231814247001914,-100.39046239897156,1.1216396729715972,1
73.8528978392912,49.90369943276242,0.97639727846614,1
60.22068216738496,-75.55784839012718,1.08556280348717,1
-83.81663624711139,61.12663710515155,0.7851789656196863,1
-109.205878257437,-10.861616097387897,1.3657571079903732,1
89.05594509168556,-45.99207133352499,1.03973316233541,1
-83.63461647086127,-56.15329379072407,1.0088988035941084,1
93.22033965991078,-4.479869369892853,0.9862450231254494,1
-102.2920424693813,1.5126205105531918,1.0844044020277448,1
24.05013420728651,-95.41576936162697,1.1896361626035303,1
-63.31059395824827,76.44076861136084,1.069491970010637,1
-72.65211391190492,-70.45129428677889,0.9942567958716872,1
-84.19860783265325,-48.13208331190487,1.0442889646257376,1
6.904126139038008,107.32728368941778,0.9909253548607294,0
-105.59540228688182,13.302332206448645,1.0028867953079905,1
-12.783804200618102,-100.89723724579915,1.3582901982370017,1
8.05977399073661,102.75247750391232,1.4801529163075542,1
73.42630395901236,-63.72207163865521,0.9839669576092487,1
-100.5894011509264,-25.589491663951232,1.1037683744855893,1
71.2777654379001,61.78440819461506,1.1424715739503637,1
-62.03904979711726,89.99164127730384,1.1600930916003174,0
-84.50385887462105,-58.397664127889804,1.2211875891735786,1
49.232458066729805,-86.4536091920232,1.0638507463131563,1
44.39757287117975,85.78287003991503,0.7651066090635913,1
-53.56107594380975,-91.19392177360317,0.9660828583556752,1
49.95420925000201,-81.90407887356794,1.062271543361574,1
93.88082472818742,-1.4394122970987127,0.8931382863954069,1
39.03178313353988,97.32879500638654,0.9346071319025244,1
-12.170882081410385,-104.76161006144453,1.2036353541071523,1
42.44984851702854,-94.03704789815487,1.5959516707514956,0
73.73948076039484,72.84304251302682,1.095630892438185,0
65.41576730938459,-71.84864314110588,1.4533606168032183,1
64.3008446123657,70.5674152989432,0.9355535610070661,1
-107.95394075807553,-0.35964666549052865,0.9703005857899238,1
-0.18317668160766318,-109.08010708435904,0.9044554876789921,1
-8.798265243954818,103.30650662512566,0.8315206561972645,1
77.36864833915747,-69.82004173295098,1.4083249819851185,0
74.10035525975346,54.55602715373356,1.189757503506459,1
7.62687505512724,-102.29794537869077,0.9746937617079711,1
-91.800179555101,49.65495118623761,0.9113630020760439,1
85.84690283820436,-57.55781231022591,1.4083377365244405,0
13.6062916032314,-100.45704471251645,1.1495474148081668,1
-85.55462183115556,58.784681562596326,1.086099784496735,1
54.049172171730945,-86.44212047909781,1.0109092898535905,0
-107.26713694861962,-9.674166293882482,1.063389162199951,1
-94.2713404344312,-36.46161148107859,1.051639500956999,1
-53.568452807801165,90.49040982601451,1.4858647952842612,1
25.158919008633312,101.68192087959667,0.9638712952509711,1
66.89334943140264,-76.08839559004905,0.9731306409697423,0
-107.6368968656321,1.232805360523055,1.050836227082606,1
-108.36691165860093,2.7304343705801886,0.8059854720366051,1
-33.8994228184336,-94.51078433739147,0.9713432587827728,1
-10.800996962865105,-106.50277903787946,0.8881252467383222,1
-111.89874183199262,-1.3976832341455074,1.2507892025743887,1
62.831144331900674,70.92254040240954,0.9800110998532519,1
93.23517805138854,-8.619383135265233,0.9780338508362859,1
-80.74261721069954,66.67459523650338,1.2396132656442713,1
-20.871366604354,-101.47052428789345,1.1736246467949067,1
94.80160972738689,-3.3143196075676435,1.0464775933884227,1
-62.383711184879026,-87.03326698053162,1.2867451486661645,1
16.919740853759254,-103.49964554731194,1.0226092261690478,1
16.54653175509196,99.32096766846234,1.0120749666734121,1
28.923705146714383,101.99191935220804,0.8408223537400495,1
35.65012064206578,-96.11319457715442,0.9763269014444084,1
-47.013603739471996,91.70320497860756,0.864836482143745,1
17.66094813926843,101.06967780241997,1.3734082324334544,1
-107.21008281598353,16.57756620039692,1.1179000124823308,1
-43.288380464497095,-95.01755918421904,1.00053774078621,1
-37.11106378320069,97.76282448349629,0.8099846812818777,1
96.59782483561682,-14.656509817389525,1.2019599196425406,1
32.27958765045969,-96.1793268975915,1.135372658347355,1
-103.71174486285764,12.461523422451247,0.791048289798668,1
20.99210360138441,-96.85938604688268,1.210949529584178,1
-106.14096255841916,-5.90532131758655,1.0561605759865003,1
56.314452791541036,-80.8523111988748,0.8407950744102164,1
88.47433721649499,-44.4605156147691,0.9053821885680505,1
50.465893720629424,83.70271799190687,0.9679071064775705,1
78.62656293511192,41.73933954764525,1.1533993482610374,1
44.6940039820067,98.04409396484975,1.1429052570037999,0
-33.1162150074427,-98.17888516083359,1.392621443545781,1
-94.37069818866543,52.6025584309295,1.1498461199161312,1
-3.4596199677218404,-109.10217802514194,1.0692124676698862,1
79.83611054699736,-61.454169866370016,1.0972277452833097,0
73.1278958310801,61.97936817153082,1.1355152320381614,1
-99.96015787849325,24.61091194308536,1.1135580399656533,1
45.98170843308223,93.4047281240773,1.3265521064033026,1
43.48303770852942,-91.39793346373285,1.2148869175877846,1
-3.5789081476676077,114.87010893847581,1.293176725268751,0
89.15510760026262,-38.812308768480015,1.0958744928921487,1
-24.48909860412523,-103.58971164422428,1.2578686422841945,1
60.01739960170837,80.60444660509076,0.976420443135013,1
94.43423616544361,-20.377296362734405,1.1322792942380213,1
-23.580210269207335,97.1258774793926,0.9533456609228524,1
-82.14992126204137,-55.36274179641739,1.047968765937721,1
95.81928392723539,7.303403291083958,1.0779983790874532,1
8.73784907528422,100.18479033541207,0.877982149963083,1
13.80252364043608,-103.73906068379914,0.9389649286867239,1
81.3042785364241,-53.951336935501715,1.0176424737334335,1
-73.83769079212458,-75.80218783526561,0.9668701072003087,1
51.05630443086366,87.00553160286329,1.496881851958798,1
-52.72397678242236,-96.22134978337206,1.159390304056769,0
-61.39217798430925,-85.75498763419057,0.8282035105799727,1
-21.612706012373945,97.19451134881704,0.9293482047183975,1
-91.34272796006539,-38.75525826832263,1.099099773543906,1
-92.23281519128004,-40.52646789585374,1.2814346148872127,1
-56.20765763044097,91.2029734868171,1.2169741252341537,1
35.212159096006886,99.79364614310707,0.9212089729994077,1
-79.91444268057958,71.40757297355063,0.8010976822043145,1
37.72475553319656,96.02303125223213,1.3123176786962647,1
-14.142789922060192,97.45623283043291,1.0569773779018576,1
-89.14953111911773,-46.72700845743168,1.0999850814568022,1
-28.454788423015724,99.76608408329075,1.0652873792581266,1
-45.353624195116986,94.34185938844892,1.188862633923154,1
45.29477292258219,88.77976023088078,1.2686924095040912,1
-69.96385149614296,-82.28971399274194,1.0763647507018197,1
80.84250309308054,34.83652116302469,1.1894215774662014,1
-98.11778609663946,35.44093866075499,0.9799626875359788,1
-76.77523890942018,70.56994135844475,1.3525117560482203,1
57.639917175139864,-75.80670559552802,0.8843791754467697,1
-92.9393077051894,-42.42266207371466,1.0934694206917466,1
43.83090201019765,-81.1896898152981,0.7711250242435811,1
-62.915219863754324,84.8746633449024,1.468242260670043,1
-44.009796112323954,96.29014625289096,1.385671056904744,1
100.50343719444791,9.721128104502053,1.217362616163313,0
86.02748238533594,-52.09274880338146,1.0334288735101056,1
-65.43828228661685,-80.54530293689298,0.867688040652529,1
-65.00276911006334,-85.8323585765068,1.0389150560811717,1
-66.2724664387163,-83.72138437267542,1.059057391394948,1
-57.52711890278146,-89.09392430796784,1.0773954677561794,1
23.186311540336753,101.78182273112184,1.2005407658437723,1
95.23359693814214,2.0731904688093996,1.415504534065615,1
92.58791523772658,-0.00799987747222114,1.0039677949073043,1
96.17375661253674,-12.82558133852861,0.9593052619492185,1
80.80653377903309,53.462800200344034,1.1931338520204904,0
27.33945054438225,98.08043242039005,0.9782439267689818,1
-90.0332876982622,54.97782461496522,1.0126873734878268,1
10.414166075879724,-105.22300853773692,1.3323972008440297,1
-95.30038982193862,-31.991854092185655,1.1748575637220744,1
-51.447087994781135,-92.59076790721278,1.332461326261608,1
34.508934868669975,-92.46707156013797,0.9397263703736533,1
75.10061550924853,53.11003340262087,0.8612996650531194,1
-112.05907279577424,-6.24355063099416,1.0410519842895298,0
83.93027006222798,-49.30841649929437,0.8823946950739768,1
-1.0427573622464883,-110.9533939482666,1.035496408395834,1
38.1450978130962,-94.03905198617579,1.1780147535361087,1
11.800434646724407,102.06797516737845,1.0729726220870266,1
21.15779939957055,-98.96539780580173,1.0649033034218287,1
62.46075314214343,77.07292149602178,1.3190980137941106,1
98.92035878925557,-19.321361727696242,1.2298763188619415,0
83.96836098208759,30.24173288981283,1.1792256927020872,1
-73.86476496832086,-67.52578057603179,0.9808600964333503,1
42.638611306050784,-89.48230763143943,1.0588077408806205,1
85.1069927800409,23.910448597452383,0.8730186808793711,1
-79.87041177601864,-61.61424226846927,1.372893349216463,1
-104.88059652570188,22.407077098440602,1.0032062597487859,1
-79.70756550727269,-63.79368958935896,0.9203179769555749,1
-44.785734565272506,-93.78838915871269,1.1687696561842713,1
22.108901141591854,100.29811293622198,1.0927043094054092,1
17.99759101185057,-100.19494539355036,1.0396387284488566,1
-59.207343168120055,80.32176977520712,1.1067001829291614,1
-105.83077413576329,-14.533802088647533,1.0580527356282878,1
4.505334504139414,-110.09155358113998,1.0930193886253967,1
4.550297653641368,-107.85407597588305,1.0172580413744707,1
72.60206929828158,69.56772980793878,1.0872091713875378,1
47.011507604329445,88.88442724566534,0.9368277257579989,1
4.273091785149252,103.36530991735441,1.0611831286528328,1
-92.1367092970842,-44.17252826372329,1.2904854874591845,0
93.38899387733179,12.78950108306044,0.9448082676253677,1
-81.80606328077788,61.78838696965416,1.2386695841441475,1
-105.48170293899987,18.969605753901945,0.9560744192639372,1
-103.31486205270774,25.710844302643686,0.9402306613863504,1
43.92497429485736,-86.23538508340826,0.858793016420115,1
70.62994852017077,69.11685654348443,1.0406410712028566,1
81.76621431846324,-59.212826417470815,0.9515774876889249,1
-95.86988795886117,27.732816617770922,1.0799519187764308,1
-105.58215689320731,-12.399312914424693,1.0735738272257491,1
53.59515298179164,-83.32081534447457,1.046045130918296,1
-100.9096925415737,30.169061733951693,1.198529611760001,1
1.2461523422451162,-110.38116652214369,1.2034792519349,1
-31.31073612458193,-100.00709572167507,1.0497416651636755,1
47.84004504978042,85.98779410432097,1.0173817093832642,1
-48.855540006760705,90.87882429739876,0.8825587135042354,1
-36.937586303093134,99.63847391658227,1.0851283946069423,1
76.74924424583142,-65.56689699844976,1.0673642075962646,1
86.14124474549227,26.869126928448466,1.0075042644926133,1
-105.23221280312724,3.9160569799279132,1.0603858101991868,1
25.987837259041978,-98.36058499226057,1.0359510594146695,1
-68.14842515121791,-78.72724617466059,1.086027787104379,1
-100.665780586513,-22.109694150249332,1.137590643888923,1
80.89350431342216,47.89532772796371,1.3213514335393142,0
-72.49015503195629,69.17526702795448,1.0336561575834873,1
100.12308871634427,1.7518546497143446,1.3318659469039293,0
-35.22828926508433,-99.45555779924433,1.2363365467136065,1
-55.5372892971176,-90.0173537859307,1.3019290592008235,1
31.636687163145815,-94.00615614191896,1.2003334629690707,1
-13.44902478119326,101.61485390234904,0.7487561725165817,1
-62.18004763756525,79.78911126684804,1.0391001480145037,1
-19.91450200292365,97.71892436943064,0.9219923260300247,1
23.09736666607565,-97.76254565943906,1.3618788029338524,1
89.65881368300465,-50.3633158524809,1.4659460466152143,1
-17.81098646251694,-99.17737809816249,1.2790717409160874,1
96.21535967903931,-21.032177866825737,0.8441807290538444,1
-33.759725353325685,95.90131903440512,0.9571181661170655,1
-64.3584741879467,78.68750366672339,1.2370386763640207,1
84.62819401320365,39.53100237815126,1.445240895081558,0
-69.91254825261001,78.35451419181369,1.0510693979024301,0
-58.97689849945992,85.86556774813677,0.9030520085241788,1
96.98688400679187,-6.017417876147312,1.2898755127398795,1
-96.19046746770096,-29.837231895691,1.0050597731067914,1
77.39075540796847,50.140920920202106,1.3658682132127917,1
69.75946488298074,-69.29156093838294,0.9737918702377056,1
-101.23018287097295,27.811040707030962,1.1365903195577396,1
-51.83023646043827,94.03729909927047,1.0333300901748852,1
-110.04443074475225,12.649274151016337,1.4842709153013636,0
-58.29151643603526,94.34477281778234,1.4282958866344673,0
-58.79007391807631,-88.16582912115578,0.8010498233889213,1
90.23861788671601,17.12482862168362,1.1875223777795318,1
31.404852330137523,103.61707964610298,1.0237633143291702,0
94.5796423077815,6.315943667744487,0.8572225937516048,1
93.8259340118247,-39.51723122392327,1.0500176035953566,0
8.339015135067052,-106.16465967446084,1.087397498339456,1
-66.52517716509657,78.0704121006029,1.168981493984612,1
-88.9508720423314,-52.92979737491426,1.3328007175813965,0
31.097857032140848,98.49482476628187,0.8520215443571026,1
-83.56690611854118,-49.62832515365354,0.9277680700408268,1
-29.82440034618993,-101.661681023963,1.0794365984309675,1
-96.11973535747761,-37.3085606498616,1.07796339365075,1
-94.97771196844025,-38.21824797476454,0.8004465975131707,1
60.602819542463806,-82.3562881636534,0.8549430610720248,1
52.19635610539954,84.60427455385097,0.9527732794818276,1
47.33015508158253,-85.5863158090009,1.0219185187050586,1
-102.42709787210926,-12.81513705405099,0.7283638498869456,1
71.6278976413406,65.45283878066236,1.1532870136476934,1
-5.5809341291049,104.23887404414032,1.0449332330010288,1
-110.467891384324,-3.356531923998074,1.1471896237095895,1
56.34733252818846,79.8561635731944,1.2136566759541043,1
96.02303125223213,-31.378562536719,1.3214225845095857,0
-82.8082555012027,-59.066904842911924,0.9556330947715034,1
81.4482165746032,-55.70366970692244,1.026455923813265,1
88.97960686695818,-41.91196412831881,0.9377374368515426,1
58.17038615880123,81.3310274095785,1.2802622380027078,1
21.199926869874457,102.2633393739789,1.0416649509442057,1
80.79386702208026,41.83263291460675,1.1467970717603206,1
-96.04847240461075,47.44962353426495,1.093608571153757,0
-76.49393951415603,-73.09606563076733,1.217744768137623,1
51.204149080024784,-83.17619272294318,0.9346426166520303,1
-30.306992601973704,-104.64863586303608,1.2910403686187255,1
94.79640173729508,15.69088162644016,0.8762847311672946,1
-1.2554383985651831,107.82112825037771,1.1312596362709069,1
89.23051738496225,20.824995049742324,1.2010708817417275,1
95.80834591294611,16.83952874897105,0.7866232736932474,1
94.24922312612561,0.25066282746310004,1.0081008650682501,1
-46.3711130636406,96.78454172438192,1.2736487161447092,1
-10.86737294701386,-110.04326000927786,1.0750913264405806,1
-21.06496131532497,98.94218828474031,1.0312404889415674,1
61.50538055155063,71.53593659890474,1.1350440439216543,1
-2.869429735432848,107.06600927772568,0.926249803485495,1
-86.55188887487012,63.051628347661286,1.433493350340668,0
-72.59745718806296,70.99566058329877,0.93448472987866,1
100.61660386287849,4.138661249091832,1.356241532349856,0
88.81664789635438,-55.778668316156136,1.2979620574960726,0
77.89285318161514,-67.46428683508098,1.4341993034373417,0
62.817226933122136,-76.89549886959443,1.163225802627923,1
-63.45278814400914,-91.05577870424572,1.095121533269145,1
2.839028980614679,104.77706187957581,0.9709855203785615,1
47.99210154438119,96.31104775594466,0.9774553666119425,0
-75.72427608880457,68.8937140404351,1.0089256361135037,1
72.56688855056746,-73.09459976627925,1.0759823486184437,0
-34.96746443110246,-101.78559892550962,1.2336960581333283,1
70.41536594817588,75.49128820430364,1.0534523677768128,0
-11.464138138385902,-107.83662286184601,1.178432145772541,1
102.68113500686513,-24.146542987080004,1.1883231415442774,0
-107.6135096640267,-17.097843389061982,0.8929099913660508,1
3.662462423488622,-113.54561893657204,1.267074454889532,1
87.39879146338409,31.051621967928934,1.316972855502545,1
82.72556932175382,34.0833082760508,1.096021787430465,1
-74.04482262418107,-78.70975550411121,1.2628792850429813,0
7.128224155981908,100.99623089867407,1.0057324778210721,1
-18.35094473959696,-101.07776370008007,0.8375379201340214,1
36.91226223038512,-83.29352885683322,0.8225695674386866,1
-60.828055357944876,86.35008869964236,1.2661293675058733,1
-109.83883381479842,-1.346301960406651,1.1436497889159447,1
83.09472730401767,57.76492722627211,1.282771948831208,0
50.7995076585486,71.74328211747444,1.0951333233211509,1
78.9028735585963,57.0103678430883,1.1566165904154897,1
-8.904100659994791,106.70159536598693,1.3398871480183072,0
-61.58236272790367,-89.71497293893353,1.2074506962891822,1
29.387232438769143,-98.87454910907567,0.96169543895483,1
-98.77079489844077,41.92817833219314,1.042529042125522,0
-26.634107789782043,-108.1468215883958,1.0768108696329373,0
76.38054442554179,60.03016627987727,1.208975973332815,0
-109.65839062490987,4.043587190391592,0.8591912458215598,1
-17.042614788790186,-107.09937925166042,1.048252924484796,0
50.06621356770331,85.45390685661157,1.0488136714561416,1
88.65187489400147,22.65187947423617,1.064129283105583,1
-87.2817249034939,-46.57222496180153,1.2838952370901686,1
-102.24213296313447,26.477271887997453,0.829983377115734,1
-58.13216710700273,84.97902028287818,0.7897649881776053,1
-89.75000701289301,57.39997109174947,1.2087264319892252,1
97.33550918926504,-27.941072048777432,1.408593472870787,0
92.2781018010749,-41.01071732594011,1.0400932350318823,1
-48.1225034521406,-95.34230343069572,1.2754085296981588,0
-94.71519889512753,-29.227928407396085,0.9413271198939746,1
90.80044836206436,24.03770079913383,1.0908056992989341,0
86.84443858014934,-50.74387585755553,0.9851679459694468,1
34.416006210683626,98.25624746800003,0.8745027182305898,1
-42.39659202436227,-97.24853350990823,1.1033186660784604,1
91.47706219528371,-28.849592032003073,1.1119110988239673,1
87.19229719785322,-38.778562522123046,1.0006432852639673,1
43.13312467490038,-87.45371138837598,1.102830504869765,1
-47.22905440783909,92.92279899746669,0.7120433248770791,1
77.86605738740457,-60.511573192263995,1.149506779943379,1
70.07660785164056,-71.269980878041,0.9807534036414971,1
-46.08436082909095,93.10870726116852,0.7120433248770791,1
78.34077712799335,46.558459314827196,1.126371792696022,1
96.86763347246315,5.52474421070697,0.8962241192985271,1
-95.62786867717267,-39.84449118283015,0.9839203795120103,1
-29.917821342370008,95.9634334300668,1.152230115380754,1
46.96645525525873,91.13981043307145,1.317665529910047,0
89.8832260696964,-36.9899357376198,1.2381644063883745,1
15.575669485810568,101.15109442713546,1.0841044373032156,1
-63.27601635872864,-89.12698273883619,1.0184076177324934,1
-100.32042425600395,38.64631004592856,1.1791600076205457,1
22.442408955607547,103.52779069109036,0.876394014183716,1
95.179875538728,-5.165254221234316,0.9764406776724299,1
-38.99861580391069,98.17147999192119,1.1080731985872592,1
86.94083506290461,-47.222526730040585,1.1532897757825225,1
-87.29332966402458,-51.60869103212494,0.8910700467144513,1
-23.773229380250363,-107.80641385537986,0.9618933764064339,0
-98.42202195977605,38.36615747405801,0.8536729753732492,1
-105.24357325290991,-22.45521162690272,0.8568685643389483,1
-85.85946383663048,-60.77332660893726,1.4247236324986252,0
-104.14576290670578,-13.902503115777487,1.0723006893352391,1
-95.97527856084959,-35.42041655792173,1.0501075148187269,1
14.07889547584411,102.68177773206375,1.2627335642168975,1
96.9135264051286,3.8084577979071135,1.142432998421953,1
-110.3157462787124,2.0294048146531667,1.4507615356204648,1
61.031065235616715,-77.42014755038493,0.9981104915311318,1
-106.66614809745683,2.9418700932260227,1.070226348237457,1
-41.0395553377517,-98.6920056542647,1.0853071989137126,1
94.14082838992533,-34.019010489350194,1.2268734733094913,1
43.65472185146646,87.92893897652029,0.8778094403430388,1
-10.320258599457322,-112.08936654947594,1.1876734581831474,0
93.84816260218467,-32.160040763515724,0.999835441454637,1
95.75821334745348,-19.27095817536313,0.9872064562070291,1
57.54165008118512,-84.47155645776425,1.1643928325507535,0
-98.63080935018061,-30.129671861064637,1.025397785597804,1
79.0205210486846,36.07861159164782,1.1946309236667603,1
40.05830709362686,94.54166309149925,0.9350937583177742,1
33.20822532092566,99.92823094649374,1.4954589774144793,1
-73.7687846719931,-69.20543576176742,0.9439319953133148,1
-61.373653927851585,83.26791253026491,1.070239578492753,1
-10.13865173186275,104.53739303577339,1.0976429286704006,1
20.53041214373334,-104.19546779113615,1.3468876334026065,0
-87.53006677885085,-56.59409615611327,1.205057759776849,0
-80.12380311033569,64.22950109619819,1.2982105860686106,1
62.851543099928705,79.55375471836074,1.3088446436177184,0
-41.007244940451436,99.31619313841544,1.4634394562801454,0
94.23484083274658,-36.1550309415424,1.0992796329270083,1
-15.192347021024403,-101.59473380917471,0.9736177966963018,1
-23.751909715125294,100.59613446253105,1.2564307527098375,0
-17.429024058763645,-102.39974379371546,1.1315079800902972,1
-50.031808865894654,93.84373914052357,1.0100650983741626,1
-7.68377974954196,104.58745794598195,1.296253277027356,1
-6.9640672499530725,-113.66469387071312,0.9899106434332374,0
-81.28706268288954,-64.48783280387215,1.0611659787776233,1
-103.17096302212707,-32.40977521013638,1.0730921493363585,0
16.66907802629615,-106.16778756688616,1.3174854991723612,0
-39.77896797289417,-94.80251546479417,0.9628347392068715,1
-22.54903316543056,-104.68147012333989,1.090274004909876,1
84.84310052557277,37.123164747285095,0.9469877300922166,1
-96.89592768669186,-32.726243856138254,0.8461916542333748,1
-1.8286306268543073,113.91417494571569,1.2813990253358438,0
72.30599458728955,63.75276504609969,1.0231393829920714,1
-108.03780289784581,-20.446014528240145,1.12367300470007,0
79.8654434310622,-66.25765185080475,1.3850471127273936,0
90.48649557165173,-44.84915011820333,0.9862868140123203,1
-59.61445662965601,-94.78473007570587,1.0940163699831242,0
-62.72914622334284,82.11373821382256,1.291899110283823,1
-76.3424973892304,-78.50446427609964,0.9908450772842317,0
-84.10877237875474,62.48720454924825,1.1773629123623761,1
-84.17794880841177,59.98898595822264,0.7769187745479887,1
92.62955562559479,17.377682557778382,1.0234074278505583,1
64.27263463469022,-75.10484967863135,1.0946486003380085,1
98.02205007593234,-21.525377477987814,1.4593517904970972,0
-105.20196594076326,20.753047995694942,0.910834668173493,1
-98.88648543419296,39.98072098036446,0.8361922530846109,1
-37.324761659585214,101.9371053769354,0.9885568281234095,1
91.18904777418028,20.909457524213586,0.7409639444452079,1
-87.04695900826462,-58.8800114236097,1.202646146123412,0
-64.70756448115152,-84.071267902676,1.0284215795893472,1
74.60039073836185,70.98771273754994,1.2469671239273383,0
-104.92363590580423,16.83901892627113,1.092517470891484,1
35.380719362865975,101.75894594349982,1.248571791780052,0
63.49698665072918,74.67194474446677,1.3857167379799342,1
98.37587597084223,-24.866680865181976,1.0548001297637828,1
-96.47037429170142,31.687959105126914,0.8653042563584497,1
58.97172835579249,87.39887190716695,1.2335438364854001,0
98.49090815960277,-17.350567588461455,1.1614849859557508,0
-64.42631482057536,86.71740197711533,1.283647718437479,0
10.166884281903323,-103.21292583620607,0.9904992440329934,1
-105.39214989465835,-26.822850714147574,1.1050012529548732,0
66.81397119895536,-81.44281817876904,1.1519475875204441,0
-16.533473545865302,97.42360073621163,1.14149359569346,1
-101.48911223849069,-23.682303943614805,0.9751549642358049,1
-69.47945616352195,-84.12183352386647,0.932698075245687,0
-14.997992509875495,-106.78236449928062,0.9368395739836636,1
-108.08060876604705,-13.268576649957126,1.4517474655850695,1
-42.27139358825802,102.21066016147286,1.165438490842595,0
76.28868661920436,54.73713264927912,1.0169626696581235,1
-38.654136170405906,-98.92119259491862,1.1507885027213423,1
-107.47029470354046,19.688172525962834,0.9224478930147555,1
-30.308318860320078,100.63714645139557,1.1421423750386153,0
-14.873889835494253,100.85861209143938,1.2011934915624163,1
-5.106588453104638,-109.88365033268046,0.9868476789171643,1
51.00093314490291,-87.38882026496292,1.2710819714609198,0
-78.4661085417249,-73.37506008049161,1.1059222682399832,1
82.25679728078387,39.01745954339911,1.1882537823494503,1
-85.44669128085228,60.91906695100556,1.0218845059670187,1
-31.786433787344553,96.12322616954019,0.9804266796828174,1
75.5213677435992,62.052418481248615,1.2253774896033411,0
-50.3184017267737,-94.767835872601,1.518579198875067,0
-77.55982108679193,-67.33684252890494,0.9068261062454345,1
-98.25386020297657,-36.06560634189319,0.9791549798215711,1
-101.67510938971995,-27.161667319634358,1.1561150068360209,1
-111.27794781791229,-9.571505574759454,1.3637239505144125,0
-97.35117561598148,-37.024988473195414,0.7611764813758467,1
-18.35687439788103,98.9282625721035,1.3473051397440776,1
14.479955999785075,-106.4331076263487,1.2451927513468102,0
0.18047723577343888,-112.02623084980867,1.0245346371015076,1
98.15377870776237,-0.4000964361430163,1.0669267202243884,1
60.2514280538936,82.73192584321579,1.2283959074346051,0
-43.41480171660894,98.90080902433374,1.1841786748637133,0
-3.9727143468861175,103.82978956648854,0.9271609336646256,1
-93.5340968242456,-35.29922405568598,0.868610294333473,1
6.431480441487429,104.58576656388028,1.2281601674512335,1
-106.13481886166761,-16.731743733161927,1.0003828836756214,1
-92.86013329060094,53.4172929608344,0.9889772692040601,1
84.02285723273239,32.494709511534055,0.9005300993894046,1
-66.03843132783449,-87.26994693758215,1.1877036620350767,0
60.89413039600204,-84.48014752607722,1.2042600932209773,0
59.11465014338108,-76.77245376689282,1.05486625160035,1
-82.22204931210908,67.47936153390899,0.7751062859360909,1
44.20811569217456,94.52359730213252,0.9010026245092125,1
52.281767142905494,-89.24525038528819,1.059558114859162,0
-108.58426039833913,21.074169026959165,1.1146257405670412,0
19.84971079255015,101.11459945608719,0.9644828460621679,1
-81.47724264378407,-60.40737667495181,1.0714018597749095,1
8.852575523238496,-110.22897837689824,1.116557446200229,0
-78.54013039649665,-65.19100152117453,1.0119969123688601,1
-27.068477975591705,101.65827769159485,1.5694657651283965,0
77.13452229545061,45.27249178236323,0.9028649003502622,1
-74.41360856514255,74.21921698466097,0.9908542503873923,1
-78.948764137778,67.69400318468479,1.0241577578075545,1
17.44230912118234,-101.74998959877142,1.1351610551699791,1
59.56540347346822,84.92192738841976,0.9671011861816434,0
71.79190347850265,73.62703133460866,1.4778497594077031,0
96.70810610028747,8.868689562146832,0.9248368865754023,1
-96.76211797144319,-39.01566909463151,0.9504759309520651,1
45.39782319609478,-85.81488317241353,1.0615211908647848,1
76.77245376689282,52.5463556830054,1.069722231836134,1
-108.13049457567999,14.345542599551232,1.5088902101009796,0
-94.23131863844968,42.34411335358795,0.9400710650532509,1
88.26395183481227,-52.112801829578494,0.994483690960696,1
99.59766834001852,6.298632211020449,0.9779927098827113,1
-22.171432775486164,100.24373293899319,0.9500183812059185,1
66.21137298972889,71.53593659890474,1.1214411410129725,1
-100.77858548665637,32.56325752683274,1.3890272198061269,0
93.68333280351953,16.32726507975556,0.8828860817244453,1
72.6542407480167,-75.19884823893001,1.1624484511733115,0
-14.037118337933602,102.93696885069899,0.9764884414469512,1
87.56809468643605,36.3075464702321,0.750700525473356,0
-89.97593697848414,62.93525524873191,1.2433254992425835,0
16.222352195173805,103.65652458651056,1.4209194851335367,0
90.72519866943851,-42.28829348024536,0.8464336617744062,1
46.635414754626744,87.21044921300859,0.786653096272079,1
31.639219110897947,-99.79861961190592,0.835797876828674,0
-84.64390576227322,64.50047657827133,1.1269570701214577,0
-2.722476820501997,-111.74688105431368,0.8773111152818615,1
45.08334427680894,-93.15175587718934,1.5449653602788014,0
-64.98433801980869,75.31791308197496,0.9470165330783142,1
-6.927101110297824,107.36837354186329,0.8821389632142237,1
-108.09159572887634,8.350928505712961,1.171630240239523,0
-75.76516055282812,72.45084094526045,1.0285279926068756,0
95.58389274253003,-9.558169394579792,1.1217286243520779,1
71.46251899188947,67.54636641210361,1.1702935806372143,1
-57.5309752539732,-93.47602471218174,1.1568366124177247,1
41.09730993906373,97.11361561813578,1.0625048074607055,1
-24.58675385898929,98.12359856800094,0.9580710867492799,1
-94.15382160224041,50.28034432373631,1.1535922727481516,1
46.52710133480774,-87.15196748807155,0.9592826723991169,1
53.0753470870368,86.70928527603559,1.0563256812736435,0
-68.1187627395859,79.0248744872077,1.086977954125732,0
102.76356000850542,-26.758842492497767,1.4922481102754424,0
-102.36067222283154,31.102243631621434,1.0119501305626102,0
-104.62693963675451,27.604588191444577,1.3592579165514398,1
-103.76396628524579,7.819287645585041,1.1937601215328395,1
79.01334667803026,43.861571344381396,1.3109985329294496,1
40.49327034398303,-95.53433777140285,1.1789776978520052,0
87.38025306387064,-53.64184507710341,1.1327046730576675,1
-3.7274490824605317,-110.83474687660075,0.7941300491308658,1
-25.579432119512756,-106.6050087251322,1.0287847863518387,1
96.67609504656383,15.65275419858214,1.0697455420963395,1
62.396054430170786,73.11378926503242,0.8760070189631021,1
-110.72861036407132,0.09145805866897741,0.8952020859462113,1
-102.04910366154654,38.61007530678965,1.038688168749749,1
89.53586674543556,27.452055729128432,1.0726324646825967,0
-52.911066526268684,-94.10460995643537,1.1862046331477063,1
-101.74461790365729,42.464299799596525,1.3196415259690741,0
-64.07669600746246,-93.08485386307122,1.1274153476772197,0
96.77294204808364,-1.7432460273570243,0.963337143185627,1
-98.39969095767043,-32.97306019520041,1.1880079529781595,1
65.16051142212943,78.59934961526903,1.4494192756447846,0
-56.85766574163002,93.21294631502813,1.2801323436255745,1
97.70051354903171,6.840850448004156,1.1584506871649956,1
96.98629948406949,-26.016375721371745,0.8745635358656522,1
-64.90774660030607,88.9880888919279,0.944255086302818,0
-60.84737405999762,88.90106460246622,1.1161655391314955,0
75.07351682519847,58.54066859643659,0.9964553314358572,1
-68.45526993292647,74.22425620080857,1.1622728851102366,1
-82.60246175128893,65.65705060797019,1.297925593692199,1
-37.319043534106804,-101.36468802735908,1.428084492840815,0
40.12610542029304,-93.6676853664112,1.0283004597048404,1
81.90297947520189,-61.458567459834306,1.095375110056692,0
75.88664258257876,-67.63311045879378,0.9504626530713426,1
21.833776700483767,-100.50012738598667,0.982053398577725,1
41.74284324506776,101.61384664644072,1.1734042729499676,0
-0.7723912706711757,109.39100671532103,0.9438775519628665,1
-67.80429482876856,-85.6469306381874,1.4662843022560246,0
45.74271065062015,-90.70576224698816,1.2582199971529713,0
-13.779859120274116,-108.07745577450665,1.0812908354242368,1
56.44667568095773,66.30896140976455,0.819748552353679,1
-60.55706079965998,-91.35780542337145,1.0729226395322493,1
-44.60405757579497,-96.09515370120882,1.2734680726378176,1
88.58806689570898,32.65201966894332,1.0713794436872393,0
-97.3500151399284,-41.0669265660379,1.067195279614728,0
84.71359139805017,-59.03631800979888,0.993450253372188,0
-31.41176580449625,-102.97136114099904,1.0916152907872845,1
39.495886300929236,98.97223850674614,1.2479428908187178,1
-54.7954056402244,92.35390521643014,1.017774400919411,1
48.812213622378316,87.00623328605815,0.9689288383954923,1
32.769623697549186,102.43935855388735,1.1627564723917152,0
99.82374644122888,-23.047357146851766,1.3829690212545147,0
-2.928197575364383,109.20272569692754,1.2472288593073673,1
28.388747582023743,99.65266237851412,1.0259990928442768,1
-106.28605210090367,23.7477962738541,1.2240209332352503,1
2.9035110847809182,-116.50077120571456,1.0255589184348755,0
84.60427455385097,-55.49953514285773,0.9402448305676232,1
-97.19780954391526,-28.786646817078125,0.9331642178194376,1
48.74841086844192,88.9701537982901,1.3529360654148512,0
-97.59502695356785,40.22593461592619,0.9629548247177158,1
-63.90193035576347,-87.56678002125707,0.9597004968204983,1
-109.89636808661066,-6.838137023924683,1.3625750350167363,1
-75.1622932432583,-77.3764815525157,0.9960404348336247,1
27.354868698421743,101.818897141775,1.202420167614054,1
-108.62008916129942,-8.38593897495933,1.325368990846398,1
-111.02297354191185,-12.435355325078737,1.3637239505144125,0
27.199281523401652,-99.78508802321161,1.460766839298,0
8.078654043446152,106.46903596495174,1.000643741606142,1
-10.299293234292678,102.90446310970442,0.8315206561972645,1
-103.07255465282674,-15.127501637398094,0.7283638498869456,1
18.771227647520785,-102.96545326291069,0.9380366456731871,1
9.974906045811,101.52581755865737,1.0452382991549949,1
4.754507824138808,105.2500868926917,1.1264374229763456,1
64.42617602609725,-80.24708099667522,1.3474166510366907,0
-12.452800723327087,104.68386672577542,0.9029469670121897,1
96.10081740823512,21.843137144119385,1.0826426641044433,0
-108.6232415028055,10.39100904488089,1.4842709153013636,0
30.237098787120225,101.38595191375359,1.1807824370566944,1
-16.43930376778832,104.6238790405706,0.9007139639620958,0
-27.453276489651792,-106.3835827283166,0.9611010338912065,1
67.56659731996731,76.59910265441351,1.050385775927753,0
74.13569210865548,60.60854297142266,1.100448882809179,1
-100.07852643590637,34.85605873000777,1.3834288041165996,1
-33.40332838773271,-102.58125551099906,1.027684072166856,1
-73.46169655092991,75.95083672131932,1.3154700682073506,0
-71.69235379697396,74.78943228740692,0.9263927006584991,1
-17.653609131753623,-105.0382948262693,1.3284093057247974,1
-108.6215301286901,-15.724720397249111,0.9723909950725294,1
-3.2631468081190333,-113.58197119847543,1.3048287315979552,0
82.7944282730965,41.626161124998454,1.445240895081558,0
-98.8312546417011,48.409789619123636,1.1221432677481842,0
-78.7081278234134,71.12830188860535,0.9766460840608618,1
86.1054357701404,35.54316257329793,1.3531368405790594,1
-88.65203612652343,-50.357592349092556,1.323947727314612,1
98.49442306303274,4.785089103750703,0.940506451010993,1
-53.36611596689399,95.13991170637782,1.204573319359365,0
24.843471344120577,-99.77076818663224,0.8961793118862993,0
5.544754581568007,-112.15768957710043,1.4844944061785896,0
-15.82257733027323,-105.09141772057463,1.1320509507631775,1
-84.77157518428807,-15.242892973488848,0.8557961994076178,1
-0.1298075356505258,-116.7596402566958,1.067706374258823,0
18.979875966971605,103.1503645721851,1.4086946825821578,0
95.39224561935734,-26.88609487369211,0.9959304731245467,1
21.16781614023915,104.01188061679375,0.9549541537890595,1
-16.624087262392518,-100.60256171451728,0.9050535788589488,1
78.11369883257234,-64.28785344921478,1.2249721116165204,0
-91.07550829453638,-51.86429524149142,1.3390787677854772,0
56.674117042160745,83.4202148560966,1.1604733693135585,1
48.713920554211825,92.82524493606928,1.382330636076975,0
24.35941357286405,-98.53555747574464,0.7652643705385119,1
-83.41149900905346,-60.92070795151266,1.3674199899811623,0
-11.391825520450684,106.28637209600257,1.3918451973174306,0
88.9101049011616,-48.0162550493244,1.2152584785103375,1
-105.02645873316284,36.79046681265227,1.4241181087228183,0
-100.81569398127503,-29.4394538611573,1.0835226180704154,1
94.70593929480839,-13.648378529240826,1.1293236386812917,1
-79.1342546301007,-67.21837046957357,1.313309907041902,0
67.88559088091877,-72.37381042671073,1.2313117157069946,1
-35.28151326091254,98.67327797175308,1.3418611377275695,0
76.99336620826814,-62.346681449003796,0.9913988266619915,1
34.35816094280751,-99.06773394020475,1.1564768750250918,0
-68.00604783623885,-82.26326036414005,0.8954255318031831,1
-79.78096472495548,69.1829403798156,1.0556748270993495,1
97.01568481946836,-16.48566620132315,0.9487842322650921,1
98.60240089640142,2.8714819457161704,0.949530850476274,1
92.3385585127079,22.413860786317816,1.0157719022959872,0
-8.237692011628244,110.29164408376401,0.9405428024943299,0
34.36703951880715,-96.96862333569624,0.9327316934855537,1
-110.20286766570416,-17.381900441894345,1.370093847341825,0
68.48081493299694,-74.84441639149564,1.3616043804234637,0
74.95713765530486,-69.4649360607116,1.053485105631131,1
-107.9625686452527,4.130714510902327,1.012079602332067,1
97.09424621783178,-23.737769760755587,0.9327541096517776,1
95.32707328421694,-29.01108899351053,1.2550312003092512,1
27.88510017878141,-97.49644611826123,1.0857018433610497,1
-31.20117612478981,-106.96798190949063,1.2581370138954755,0
8.656662734405467,-103.81618770763394,1.0715341929324866,1
-49.72011120379437,97.52834865993833,1.0728602583757063,0
96.60606507702869,-11.441841014565647,0.9749816235440641,1
45.75256240221217,95.75649828600243,1.2485601721847515,0
-100.24352212080353,40.82346669338694,1.0989106337154524,1
-8.934339350291914,-111.03766440359468,0.9157269469575517,1
25.74516123735591,103.98329625927599,1.20228439851134,0
92.73301870634883,-45.53198554954725,1.2515230987046666,0
86.4090469115853,25.11363016927525,0.9437998876546886,1
55.91077584293317,85.4933112564663,1.1087706399499397,1
44.38772324925061,-89.18058758009852,0.9227701003011731,1
-88.48689277851459,54.98551441966725,0.9546424294124896,1
91.98824442240846,-43.43318365728955,1.2209191177845913,0
-54.75825874711214,-95.83611164152661,1.1498443005781493,0
77.09716062740054,58.19351520018338,0.8949735989434119,1
96.17637792315075,-33.75543593595734,1.3214225845095857,0
73.38651620862139,66.16901828769974,1.1649255757156531,1
-107.57613011958044,25.85040748863046,1.2771571832803277,0
79.13562812504568,48.7401849921229,1.2360845823758881,0
9.710677935920497,-107.56944577751474,1.0399707882159963,0
-109.9193360606203,-14.833341436934026,1.1774211271867958,0
31.552183406917717,100.688124506584,0.8701516559838424,1
-16.591286114324856,99.93667624580559,1.093151997291646,1
-66.64497925175172,-89.26103285960993,0.9176569010006674,0
-95.29104050276912,43.67016447208696,1.1290267265595735,1
-63.56689941213044,80.34340436448224,0.9766557706202021,1
-54.806689981196634,93.75526990730127,0.8481650655896252,1
78.77479346901528,51.724541109593126,0.9668578576837497,1
-105.52221410303432,29.411864673329394,1.0560385661254033,0
-51.03293484413976,96.16664969712208,1.34292863153825,0
-94.55910848974757,-44.16486202340237,1.3695529832715214,0
18.343147623996146,-105.19184917740166,1.2892709775034394,0
88.316161455749,24.482110902646,1.0797775318368017,1
-4.391328967914877,111.15477551795301,1.0317655344905616,0
-81.52300362911389,72.67528328676774,1.2267050645721183,0
27.853582778452513,103.98800354242084,1.218624940938748,0
-53.17738160268648,92.98853655270827,0.8519598531561676,1
-69.93492886220491,76.01134154174146,1.0664125345746156,1
55.49902875330731,-85.59224056674093,1.0859829904710046,1
89.45678859153347,-43.31692385064716,0.9285997806038735,1
-72.74302999689289,77.87823062438017,0.8854300327125205,0
-25.504942694370428,99.94850425581294,1.2507696382499505,1
-88.79946751524682,-44.67416633596665,1.1099258648194794,1
60.72306995293599,78.71776870139274,1.0321493911459423,1
101.11380370107939,-20.228490176272185,1.2777307070339181,0
-98.20499587202767,-38.03808406752543,0.8366704240888445,1
-22.11801044233924,-106.78534858055994,1.3624552054148578,0
-112.82444045576754,-3.5629930475111955,1.364748381719392,0
78.69590036841522,59.495739157491634,1.3201981773760034,0
-2.4906770037924253,111.5791395157336,1.0910410436394484,1
39.145178222154144,-92.50055149644255,0.9182637350141275,1
-24.293785487128257,-105.49031156135719,1.0632392652405005,1
100.50704976058229,-0.20111319877854503,0.9565420873005424,0
15.351764869202826,-104.28906935377,1.0170427502069859,1
91.61726343776307,-38.985782372895535,1.164492025587028,1
-20.40116901296898,101.03661546532089,1.323328712571557,1
-46.344607823486456,-96.97849897103266,1.3167246074332948,0
44.13359431103688,-84.53095755867109,0.858793016420115,1
-95.80243743201304,41.10422758202943,1.1054956825445035,1
-90.1459816243927,-43.54994167576295,0.9945972858824437,1
76.79038550645255,64.04435241682206,1.2498780553785669,0
-55.83883103545646,-91.90478844573543,0.8689333354052663,1
-91.54353907674452,56.74564067598476,1.296043697106217,0
-91.74968908246053,54.65632010523239,1.0746395826279163,1
-112.03835150804802,3.5330766883564935,1.2761964027174395,0
12.822239167495772,-105.18313566006604,1.2046532851842728,1
-66.18565295355471,80.87342799256275,1.3865953863822509,0
42.66359655555545,97.39817489613081,1.1399378197684884,1
-41.3992447085079,-102.56667149194666,1.3290142259539985,0
50.82264327665996,-90.74447359274095,1.2786728341849825,0
47.227155447025005,-89.45244810967266,0.8582223018199632,0
96.80840973554727,-3.7114270259858877,1.13275490600379,0
-92.67177602226302,51.493923952117875,1.110456591417093,1
-57.813590705596425,86.80453715047153,0.9030520085241788,1
-84.85299989086029,66.56551186985672,1.1707593259022366,0
-28.59677226234798,-105.12991801362003,1.162244368254922,0
87.20407850576123,33.79770456960797,1.1630021513938258,0
72.27889296156734,71.1855763736963,0.9765432328243279,1
98.11996577340001,9.875752122586038,1.2069024771501264,0
-6.754931022841814,-110.52501981967794,1.0870189864340272,1
-99.88176430794351,-31.664613057471033,1.184014833348389,0
-0.17619053814435004,112.14981852213175,1.1551989762002897,0
100.64544699932193,-25.057639200535412,1.07186103683176,1
-56.929794718188546,-95.5478699024504,0.981000142898396,0
75.93217034055077,-71.2335756385297,0.9812743270161766,0
74.60979059439175,-72.3204034368954,1.089093710987561,0
91.62509665112128,-49.12208096940939,0.873916140959796,0
-88.47562266689222,61.700654980042096,1.0960575568986202,1
-96.24408146135279,51.32669535122895,1.1960555405977942,1
-112.37670305766162,1.000372556875465,1.0860032526473191,0
-80.78046817604441,-67.7460011479632,0.9885495261465764,0
61.77779558257828,81.28006965167914,1.2183761227017829,0
69.74559842869553,-73.10021371538258,1.0080033666320152,1
-31.654015180574604,-101.58894404277952,0.8327988394709565,1
91.13384227051283,26.226493547710625,1.178664533151995,0
89.74964885004502,-53.97900423235306,1.1917296738785486,0
61.147804188359544,-80.54632189147615,1.1939027022530682,0
20.253182335395394,-101.91688678113493,1.155314441311633,1
-75.02165555055092,-74.57219117027226,0.7809214153405412,1
96.44166443208712,-35.932344629967275,1.2533939350935992,0
-79.45176087822061,73.16847933647892,0.9183520020443859,0
80.53239617883932,58.09033661387138,1.282771948831208,0
-18.395866393264182,101.60199939837653,1.3437960190429203,0
-72.94469918906258,-72.18907791207235,1.1811686921701017,1
81.296869782903,44.276563230335526,1.3565783479477371,0
-42.27336879252695,-100.54330558644907,1.3020411171897084,0
0.6575078781916771,108.19571721105333,1.154459790609584,1
98.9069477058226,8.20792870743966,1.0131573758623371,1
-78.17500166052548,-71.18263114517423,1.1876538351699022,0
-105.93753793264572,15.127965827819315,1.0451225206019101,1
-33.53056625113794,101.90150028846746,1.226252916543984,0
63.457801400558424,-81.9567180673352,1.0323596017631704,0
-44.98331102633016,98.26782824300747,0.9985578819875246,1
-83.11822694409233,-65.18016835376423,1.1600074406738967,0
-56.29015234117008,-97.43700038842807,0.981000142898396,0
59.40709010875471,-81.48470068146622,0.7774805623113543,1
-85.50327012442396,-57.243760923910116,0.9777705109791088,1
70.76211619283313,-74.47610375307808,1.1484895894691876,0
-104.08021921922841,-25.21500935727145,1.2548211649986638,0
-1.3266211906301912,-115.16065127005197,1.067706374258823,0
86.60758778603626,-55.4000657668803,1.1819321330836112,1
30.359124756973163,-99.84414598014173,0.906439358619711,0
86.56762034903059,-61.0808709243954,1.1375588688585765,0
-51.55710705432932,-97.79557256537468,1.1939330800850982,0
-108.01724754634148,23.119959615420054,1.196353421559263,0
-9.084206543431241,-109.43289180449229,1.0613582948528675,1
-75.81779260520427,75.51314086105681,1.1710975898129026,0
-75.34506822161683,-75.91602243972721,0.8484329574618343,1
48.08130802121362,-87.9158090188913,1.1148111457670635,0
97.8563642254405,14.234558236277831,1.2369971610508588,0
-3.8443492824187784,112.77525230281165,1.0160128215955082,0
94.55359941661654,-15.800710374013283,1.1059498063988293,1
97.41874887820423,17.771390460320617,1.3001752094384056,0
-60.9911969937879,-93.58969224403008,1.1279874506211456,0
98.81899928833752,16.58231012448201,1.0352194938863553,0
32.85961792743546,-98.05474059761086,0.948013230418468,1
53.980977137788756,-84.62082157710184,0.853079154548511,1
-106.15048528838406,7.2431112852358375,0.9764028784953762,1
62.1258176989314,-82.98867764624482,1.0323596017631704,0
-47.994559023081806,98.52892228325294,1.21191202110764,0
-1.1048446164335048,-113.23211186746576,1.138473906386939,1
-57.69900198447045,90.26010327192711,1.1829513505810256,0
56.61804838184859,87.4629448439413,1.2335438364854001,0
-79.39566015016935,-75.5103863244913,1.1921109761754969,0
-48.371659129691736,-89.06050259763943,0.9300410175442375,1
-105.7157685905856,25.984527185690126,0.9752591813485071,1
-81.75189072832248,69.32617628122313,0.7998887501160153,0
35.896149660719864,-98.50432735297873,1.1337867008393416,0
-77.68568734297182,72.43496074663949,0.9439874655644542,0
-43.18204337682177,-98.99391236024859,0.9159577610914881,0
38.84338516620352,-96.4621643566394,1.1789776978520052,0
89.64677509965037,25.37264842432045,0.916613143189758,1
40.23875624392941,100.88810183584684,1.1734042729499676,0
13.029453771531944,104.1838265212465,1.2392684845426176,0
22.85209443705261,105.50926119137593,1.0572340741065225,0
28.90292050098776,-101.22475807843831,1.1819966928137484,0
-48.12726287291521,96.39964633015116,0.8784499389790636,1
5.350687278539242,107.37817075840444,1.153219192048293,0
-72.49292247033245,-76.76651821724431,1.1054233862119214,1
59.178807890886546,-83.18872586431632,1.0613064611047416,1
-104.46472803900672,32.421048406080494,1.1587720846503982,0
-13.665853584049579,105.32331766395295,1.0781511950696203,0
-71.68468561235316,-78.84648068272747,1.2490097593346712,1
-12.530583589201298,-109.41432418764317,1.0268589051153336,1
75.85635611712169,72.59002665771791,1.1281246017089692,0
95.1221454287822,-37.82150258941037,1.0549215840550883,0
66.4507155604678,-79.38909517135484,1.1519475875204441,0
37.45817760557707,-97.75253454805038,1.1437014156507146,0
-59.30309170161578,-92.82791156189336,1.016366493962252,1
-62.59664669902496,87.41226661787186,0.9961262942428627,1
37.137676805717184,100.31130571661481,1.248571791780052,0
99.07816877284121,-6.4656264613275996,0.8580103029092925,0
98.06951029283172,-12.988047985958397,1.1090284058392232,0
-100.19095525058258,-38.389779361159874,1.0099591073627674,0
88.24628058567308,29.275689538535154,1.1254640982941764,0
-76.42491641673867,-74.95363460336827,0.7809214153405412,1
-8.717905690444576,-113.46547782561298,1.1876734581831474,0
-71.38470845888337,-83.79251841830683,1.215430275241133,0
-97.11394115427534,49.362672522554746,0.7967208086895111,0
-108.86810369794746,17.899944746226907,1.1541524859781143,0
80.61866766688213,-60.064315814907964,0.9428037387474846,1
-76.12722908138593,-70.86330970466084,1.0640948897334364,1
-29.462523104893606,98.4189028521945,1.0125017437277883,1
98.7058607496975,-15.227766768383328,1.1834949411917381,0
71.26344184775932,-72.19716088005939,0.9271857949782438,1
22.667081397734623,-101.93920058294,1.1247551017658795,0
11.39148613170944,-107.04897859758228,1.0753501522853002,0
80.13451867492961,-15.491360614723504,1.099113890474487,1
-68.40344012368035,77.16441162989064,0.9606307278741476,1
-110.58788197076586,5.303797553821496,0.9666119330705901,0
-21.928954454191206,102.4806669441074,1.0886301345224632,0
-57.5396520441546,97.07857979111533,1.249527695714504,0
-103.5864134491261,-27.301359624522636,0.9976077973928146,1
-74.73726181274796,-70.29258192090225,0.9500634268310625,1
-80.20071102330733,-65.54832938160067,0.8503155986206128,1
94.76351409971367,20.874163045634006,1.0826426641044433,0
-31.57416316977362,99.35788119927282,1.131929060677937,0
-95.88335194362543,45.46156011162491,1.041755201786558,0
-89.0781418336461,59.49528628878805,1.0886749449567155,1
-99.94483959459272,-36.94027372132129,1.082418727559165,0
-101.90763214414295,-30.816136200836375,1.0573449644607726,0
-72.79527023781164,-80.21488993071937,0.9761741213856642,0
-40.49821843061087,101.56291755968608,1.1362878604226656,0
2.1880775980633014,-114.95501710302544,0.9957960658984011,0
-102.76728313795202,-28.97393718158296,1.097465255383411,1
-104.62615262630722,24.7567908879117,1.0032062597487859,1
-7.519884823893001,-111.8269539019755,0.8772687737160435,1
-98.57083594775796,-39.539740080197895,1.0680935587100493,0
2.1494337454960943,108.49940486740283,0.8865809612445736,1
69.7338156634264,73.94261941757422,0.9333017806450523,1
100.70010471524952,7.77792008745795,1.048663695869814,1
-19.523564918631052,-106.35009901110445,1.0200000774005593,0
-71.63198395084024,79.25348883992095,0.8854300327125205,0
98.54347314398028,-2.451658356327691,1.0735616332904678,0
79.77744477886769,45.60730146916381,0.9963652966983588,1
-96.97381907681147,42.28027996274333,0.9852602556771979,1
-67.81357863719313,81.05228945061465,1.0923067224828236,0
99.5677741447337,-1.1729734874875843,0.9551921898843124,0
53.284768785151265,-87.81948512733156,1.0448424076521867,0
-64.66504132292117,81.40573729992107,0.9257041898699929,1
-65.06242913144142,-90.56447956241803,1.1774497640338235,0
-95.64457953233689,49.04357476441921,1.001214921884504,1
-79.95406952462706,-72.19458052742374,1.1437767936584688,0
-35.637603826973184,101.26522451113868,1.0542476705293256,0
-25.126627501069645,-109.544297505587,0.737064851337797,0
68.06478757103413,74.94081297536506,0.9948677757242803,1
-88.27623698404257,-54.92434598200023,1.1964610495574337,0
-76.98073399067856,-76.64288409279352,0.9803717692223053,0
101.23815850639225,5.986284070414215,1.0627196085469468,0
43.78670350347764,96.04734524558032,1.0621524892207777,1
6.570946977068396,-110.00964840286802,1.0961474537408722,0
80.62523426308488,51.73402244585649,1.0444822397833629,0
58.60892689499062,83.54987822756907,0.8731445919820467,1
-28.406846966154784,-108.46469770667719,1.0809967192476388,0
-88.90592718737052,-48.49072397273672,1.124349024019954,0
93.90721706492594,-41.53992873763493,1.1003754793812877,0
4.462693553226981,-115.55108733857013,1.0255589184348755,0
90.40651468624317,33.39727464397509,1.0713794436872393,0
79.20945347833961,54.73564650603328,1.1635682057715466,0
-35.80610179212099,-103.67074137564917,1.2667227830172632,0
-109.69091765243004,19.67703195585335,1.1152044046340879,0
-59.574986908281865,87.68232999532349,1.0695279458124214,1
46.126602157422674,-88.73928282614969,0.778603197203811,1
-103.93629697912667,30.398089972139704,1.0275517575453423,0
-106.65703308554907,-19.399512396876343,1.0665269481682618,1
-84.1549077873862,69.54249771429139,1.1314986462274854,0
-83.16157072467449,68.52286160082942,0.8140793808767112,0
-71.12703463467479,69.7338156634264,0.9709256180745528,1
-81.76011711455196,-66.27999385095242,0.887441686134806,1
2.4793823151241505,110.59134963833945,0.9853450325136933,0
-96.49623632945554,-43.154291420924075,1.067195279614728,0
-81.35098589557872,68.32741725130028,0.724557315113676,1
57.055723137701605,-86.57781823488551,1.1704717924335741,0
8.40290160245619,104.86251511621094,0.9537688369776692,0
-80.56024760411299,70.13453074333293,0.8326886570975552,0
-44.15425705762507,-98.09063095699761,0.9236731935543154,0
78.95070475321641,-62.669749814605055,1.1135698259550495,0
23.383803465004643,-100.1170120417391,0.884585890551437,0
-103.53514150714501,38.55877912275558,1.0777076398829115,0
65.55429754415934,-75.97470937155389,0.9393972085129513,1
-65.18552792079882,-88.8006048239014,0.8737187822948504,1
90.53105785208965,22.324658070932347,0.9795583152512575,1
-6.398015827808146,109.53659873762517,0.9405428024943299,0
-8.059101371342685,108.38835540546863,0.9158680645764358,0
-106.88651313886037,-22.14129468218074,1.2349986504660506,0
-106.02698868138506,-23.735059892350563,0.8930003040334877,0
97.74710894572434,-10.738623403816907,0.999165202422747,1
-25.2517732386327,-108.09082445863801,0.7264851850587639,0
8.825420383596656,108.00434578316323,0.9948241022360352,0
-110.92363440406992,-5.101255201456491,1.0095905630308317,1
73.77007012239034,67.9296262425001,1.1112726974760183,0
98.90283300989707,-26.31414769172414,0.9839904169989677,1
-108.23170982217623,-18.275891022854502,0.9192552355930264,0
86.81438461869332,39.34958778978773,1.03768009388577,0
90.49332366300916,-48.34962505856795,0.843869965222283,1
29.943976746025637,103.56211450156592,1.0237633143291702,0
86.08088446596935,37.626670078971884,0.7262384227565403,0
-68.07584622518694,-83.61694152789913,0.9060317000538639,1
98.48263976772465,-7.533810536529837,0.8489392256991983,0
-97.5208052018078,50.43941136761793,0.8039757149470842,0
54.47274593110146,86.3858373905239,1.0471242076318121,0
-15.799130566277151,-108.31828868716725,1.048252924484796,0
-95.11379745474834,55.65776900305665,1.1483558683146236,0
20.706929225212605,105.08766581795398,0.9690377753382612,0
-101.35730473347209,36.47144139588106,0.9509883145661111,0
-74.07568595433573,72.3306870400734,1.0197084462957524,1
-14.954016575232831,103.95910949522253,0.9007139639620958,0
-64.05628874193935,89.51647021711996,0.944255086302818,0
3.214581395438959,108.76395577044161,0.8880351603414374,0
47.83482290754157,94.88110233702216,0.9774553666119425,0
32.71827365494709,-99.69944595569491,0.835797876828674,0
