x_pos,y_pos,radius_i,inhibited
-91.1875557335406,-0.44313606997940086,1.0862649628108283,1
-23.154978686903867,-14.745240825516872,0.993990258032989,1
-5.55830246479222,6.298632211020449,0.938673996107124,1
12.421735672060288,-15.810325747024407,1.0864671123832002,1
-5.411047558062137,77.54744994842122,1.507181596446584,0
42.42868348686581,-0.9893181807320316,1.033993174581252,1
30.920399144061864,36.760843023952084,1.508674096762409,1
12.916508050451501,7.822154704069103,0.8952720797468072,1
19.921267531330226,-11.19627296001846,1.2915786477120776,1
0.6366835817562649,-10.252109643240786,1.2814668384568013,1
-38.80908349469425,27.26451125007348,1.375657833840377,1
-9.539569736976834,-7.875332931689023,1.0954313114314755,0
-19.208812712101537,-0.8063775864614865,1.1028326796730337,1
9.96086331037889,-18.644539833207734,1.0154427566019932,1
8.404265644731115,15.422824813697916,1.2234807893610107,1
36.59410618378853,-9.639852354033057,1.0528128126824614,1
4.2443313893414,10.507514740412663,1.225152228856041,1
12.36081067927412,12.146702847482732,1.0176442395980374,1
-64.49554550625564,-16.11761980587732,1.1535381914453229,1
6.4125990310170256,7.2565738721083815,1.504174299268732,1
10.034346311882224,-31.69318124736571,1.17714179367624,1
18.428275324491725,18.583230526923458,1.0743457311312625,1
-17.174961187176223,5.3710207666411405,1.1158047146746994,1
-24.058989532245334,51.90113099749854,1.0980084151948362,1
-0.17660335571264904,27.248188721727452,1.016858896862787,1
-15.029325363308383,11.979594295840647,0.760179573437061,1
40.366877228077875,25.577770407754972,0.9496282034556283,1
-20.956456804362915,-36.46883032476166,1.4396206307509685,1
15.18153796823645,-26.20659314993312,1.1564499609134569,1
0.5675119071215021,-3.9472354234779146,1.3897812545446913,1
13.891462911164515,-7.110017227635779,0.9501777210674209,1
-7.973289644157124,-10.638425294978054,1.2244032450347273,1
27.8278956212914,-3.1765030721617085,1.1385507819436425,1
10.625924207674903,16.342126512213838,1.016469716953654,1
21.083528932174076,7.861064783495547,0.907783047034834,1
-8.30035771849402,-88.87136610055366,0.9796596602628994,1
8.644569352378744,10.418998315209633,1.2688061126952603,1
4.191639503688494,23.24897724720253,1.2650345845074573,1
3.0267536416169443,41.20583554959037,1.3247156192081921,1
31.06690628667667,-1.6476495610074622,0.9463260612034722,1
27.322248193477904,-18.88117747865802,1.0212251003795056,1
-5.058479224319778,3.931788577166036,1.4204298531577961,1
28.828423954988633,-14.659377813127094,1.1101926507476794,1
-3.0514362567701774,18.045165793389497,1.0474912425532612,1
5.213253486067672,1.5333098488434396,1.0369460238853236,1
-18.056467629464006,31.985742657907668,1.3212820631199576,1
-18.96360698538146,-15.50574541678792,0.9525393163505235,1
-15.518185259341912,8.537360279455571,1.4035884310833115,1
-35.56905521701389,15.995073534673155,1.0181938666088943,1
-22.26512564940987,-0.5263919376725158,0.957077835847713,1
-4.724994297679442,13.924320065575197,1.1570697834923052,1
-39.648262914466024,19.310272660933666,1.4276256229680038,1
3.230032399502567,4.848346794352072,1.126361183692423,1
19.665891385743873,-47.054982999878604,1.0040702824286867,1
-20.014287396440075,-16.477662776233426,1.0943149462622128,1
-26.106533480281865,-0.7331887703295562,0.9806199179024816,1
26.31124145604341,7.402908837743547,0.8450147331221677,1
-19.152918771157772,30.865709072615363,0.7607247313815083,1
8.45688634560029,-15.459530414410708,1.1709242110676836,1
22.268017912803664,64.34321963418192,1.4582819631409134,1
17.81664378327566,24.33387729731626,1.1397233234571542,1
39.97549883812563,20.570018278690647,1.0117365077374052,1
-12.020917334426045,35.29986513708614,1.0172256307579641,1
-0.49116364840743115,10.300887274530906,1.2823711656348042,1
5.661710385525237,4.953315438346908,1.3950228348229174,1
-2.6883588245417536,-3.1270187726021788,0.957935868955867,1
2.7185523014861737,-9.964986768146694,1.1220368683207036,1
-16.336949779907535,-0.8146541892550752,0.9578332612994742,1
0.815618277052996,-23.2595822129798,1.1897474488039255,1
-17.78139432316366,-35.009241569012964,1.0747403334174084,1
48.06459716604943,-12.48493698325824,1.0484573681473897,1
17.439732889453968,-6.535899894809117,1.4088859703394374,1
39.204019261464715,-18.151872216922932,1.1956780157461577,0
32.803848446684114,-9.114012454689032,1.1315969214971817,1
10.738300938772994,3.573127663176839,1.0654205590948158,1
-11.251975810565831,20.050241054520647,1.3953624225707546,1
-31.426522173676354,11.075339139751195,1.4161403987713228,1
-55.181071501994005,-4.848759068739342,1.190279270987909,1
-12.03599343201985,68.7777021420836,1.1659367015996442,1
2.3489532702590514,20.80905762826735,0.8823424651496932,1
6.309653360047721,-37.61509054618145,1.1836748664714012,1
-35.99849266481861,-20.35807812858329,1.115109412576225,1
3.986732589175025,6.362061287515831,0.9733443345231739,1
13.576661622267691,44.816878792831886,1.3973882969380056,1
-33.49387083934969,-12.005230266831196,0.9154008244232773,1
12.858153344357147,-40.41407027530066,1.1482186194204629,1
-9.987230118100666,-11.027293790261016,1.2124896075377534,1
32.28646201562757,17.916942971710288,1.001472580068473,1
5.960762037072512,19.546687285572546,0.7676846473272226,1
30.384958565927533,12.524623704260634,1.4650893812874455,1
2.1738517623093085,-5.281206468274284,1.1355597596524374,1
23.693903765949525,1.0465173046584313,0.9596430683063162,1
4.694847011673727,-9.586159482710444,1.2750770849562778,1
12.268552833055066,-8.20622351813719,1.1829837720098573,1
-24.738033805584504,7.0364636566427325,0.9967335765291634,1
14.465136939545111,-0.4138301396796592,1.1118677978968385,1
4.527597321052244,34.54447090975847,0.8351963382265735,1
-7.22583804552283,3.152567099247455,1.0460274313309108,1
44.740756918209655,10.727345901839211,1.441335608626072,1
-29.323969915647513,-3.2335504742739847,1.188454624780118,0
-11.965150072626901,13.042466905553423,1.10213319551002,1
-0.9030289040657798,45.132163447330484,1.2864122009707482,1
-12.740882483586747,24.281673758976865,1.2642494266967972,1
-26.339227105053347,25.06477272927709,1.320625768094349,1
25.279346149653644,30.986103188230217,1.1801929260684019,1
-20.689449349892623,-71.09872056114074,1.2977197683445258,1
-19.184349846701746,-19.13681034494149,1.1121873427996902,1
29.195952828764582,-41.24030168836653,0.9347671862770418,1
1.1112718684197302,28.990548567371206,1.3605583234881378,1
-0.07417573465745961,-31.846968007582227,1.0519794609640871,1
28.00193009102208,42.33309520732585,1.465678841262896,1
12.909135614349653,49.19626610768431,1.2274041377389386,1
-11.084867258923746,24.530142809791702,0.9190962426350047,1
10.126778229509236,-9.532349238668186,1.224065641029248,1
-18.00018407558295,-0.3587071496454668,0.8783604824311897,1
39.87659949818748,9.133767797636189,1.1768425626814618,1
15.388665204930582,9.216939912528325,0.9068178143304604,1
22.618773063061816,-1.6293083785101503,1.0570877332588906,1
13.040251554868814,5.959990766834158,1.1484342426440366,1
-12.875392541421935,1.055676138738823,1.0998029515590648,1
-26.86058437834018,-5.827117501721308,1.2782315940644207,1
17.273617786648327,9.322445450796778,1.2077517603034524,1
6.1213453976504715,-14.822926408155217,1.1790916234337234,1
-1.8653977857719106,12.235843601047614,1.3529686594848882,1
37.12534442404566,-12.64212521118243,1.0299221656701438,1
-28.75786256894839,8.334539013148076,0.9918061481377514,1
19.332984937766746,20.30614650321172,1.0764267538720784,1
-39.18387704463965,-32.975354591790456,1.4141124289438558,1
-10.293666901478083,-18.22912430774414,1.264070007503905,1
-15.348622060195902,-14.865200892945634,1.130671189475367,1
6.42973799879406,56.52919708023968,1.1168288040791805,1
-11.527932279348898,-22.20412250211399,1.047589879891736,1
-21.42742322559569,24.320667047669755,1.139587326269256,1
-30.93957210014367,33.30358186949394,1.173770375823675,1
-14.196437931660137,51.29453639619894,1.1433505604285261,1
0.7156019429188547,36.568472167802256,0.8888860712040794,1
35.43298111067679,24.547052603707872,1.1749994637953312,1
35.73950593968881,-23.393526144372927,1.2526735521378916,1
-2.0103158762540576,21.26122102542016,1.0757733527335487,1
-38.47674401558586,5.809717468781839,1.1757568770247226,1
-29.57299149840698,16.695188737490216,1.073334230781684,1
-22.066414714412897,20.344118512811594,1.174141759315163,1
-17.66389612279033,-21.658834935483487,0.8504698061242456,1
-3.148951770005194,-9.384189603149808,0.9055051165669961,1
21.372192433103816,-44.05505405726469,1.154301158413383,1
33.84352465634855,59.62136639674736,0.9100434198199795,1
-36.44458466436714,5.86371971386894,0.8815094847896825,1
-6.410701812368795,13.285129855544302,0.9595760992868437,1
7.603869791857428,-39.46647456113603,1.4344998496160006,1
-23.36024084918869,19.40079128885321,1.058307668387464,1
-15.895846931409967,13.533668421757719,1.1633300019978634,1
-1.6841408720177033,23.36647544757586,0.9066454921230643,1
7.394553410161452,19.317385290362825,0.9918696706464812,1
27.245121169643117,-14.287781165396702,0.7937595249618904,1
-3.532489105544803,10.634602550332646,1.1206187087152102,1
38.93550428471645,29.528554023884244,1.0508921780847196,1
1.032369067747506,1.430328608255926,1.4252192813739029,1
2.793846097765812,27.886239555269878,1.077404943041515,1
0.1469936333888437,21.032467985839002,1.3199996945258503,1
22.83923993308016,-19.5324187861631,0.794396644143083,1
24.439625677652256,-18.29003097722421,0.8733206811342284,1
58.99192980076895,2.663292541795438,0.8502585551672268,1
3.217846297131734,1.9977525345402456,1.3276069910107415,1
39.66605913312353,10.909166246293,1.0185474392921914,1
-4.224405886363426,-34.19335864040758,0.8921158645186089,1
26.42858072165293,-6.473639978829629,0.99095582524178,1
12.01677594858103,29.417789431069423,1.0663367632891139,1
-13.89805197475202,38.493912702398404,1.2520748908344181,1
13.555074438966107,36.07937902472083,1.3092480835788114,1
-20.271460946694432,-25.474505065321324,1.2455090697148261,1
42.25596818349106,34.81803082242254,1.0903388627786548,1
-21.122029431817104,-6.760523905401852,0.9117816438868512,1
-60.843816071043214,19.77485159583895,1.3304887646359627,1
23.81714632278555,-42.27428585165182,1.1507489562377282,1
-8.351249868312296,-19.46814626630076,1.150834637514525,1
0.0033873355062658105,-8.20073926065089,0.9460763626002621,1
-33.9326768613189,17.591388686320638,1.277428900868517,1
30.96208133393168,6.109906419413064,1.0609090318167202,1
8.572366695831434,30.830017760928396,1.3473184987584497,1
6.166305555592267,-24.41455939490594,0.9655742692070934,1
-15.516029019965886,26.79084299925613,1.0348659723100044,1
-16.14182173404618,-20.71425744880412,1.0967441735692205,1
33.84214833334258,51.73520761288939,1.0771135390982876,1
25.101097027902107,10.14488165593712,0.9372324887151539,1
-27.09665164876112,10.928899277391167,1.0811666712249834,1
29.755406329024904,-10.488942797464539,0.8273145379830124,1
15.686215887032942,-7.579252335660569,1.2682021501118588,1
19.802363369584903,-33.92564705445895,0.8849830136651122,1
-16.10394728801571,-13.209931007305384,1.0864868287430938,1
-14.787290423022439,19.778750204678953,1.2341658407931253,1
23.914139750199478,12.767194013256082,1.3287815028280665,1
-4.097792309831544,-2.375847668998086,1.037337239467988,1
38.75873969648185,-33.985701690205325,0.8091209979443753,1
-19.134837361666865,1.4849047931237966,1.367265637168064,1
7.591502774596757,21.169072595514667,0.9688833154886255,1
-45.74596601201576,16.214751651519283,1.0561050434986068,1
-11.351445186543257,-7.585534612038113,1.0125970682263583,1
-2.0577139381743668,15.5889491152279,1.0848386976873412,1
-19.847482678528248,-45.96153604363403,1.0789041422598444,1
-47.166388700973314,49.89910501606125,1.0353428677644014,1
26.23007444524582,-10.993355433024538,0.6820448899118194,1
5.2639193767251005,12.02554914754223,0.9746122057582063,1
42.19927406522444,-21.338140842325238,1.1938114850742227,1
7.950711558595205,12.533141373155003,1.1989368610457154,1
-9.225375042122316,11.424818479176011,1.4659371658408442,1
-9.81762740897141,29.7592479049247,1.1500569761481643,1
12.881623840603698,-21.593685526821197,1.3300222454481905,1
48.87925135530451,-25.983180983609234,0.9632026067202661,1
-3.23582922725092,19.950482313085836,1.191019825950186,1
-0.8527451091146577,7.925368809495077,1.0356449603367641,1
27.95363474944628,16.101539549021215,1.1087434310820998,1
1.6919740853759253,37.33309486528546,1.0469317208995894,1
-0.7336816466756968,49.06654436683592,1.3803520289369189,1
-14.353252799435586,-29.535189423991696,1.2110077698133672,1
34.94153379377868,1.6293083785101503,0.821788945881217,1
13.028094244332154,34.21972447121252,1.1690362121519342,1
4.417932334037138,16.637745172863266,1.046176795334681,1
-10.205177028737054,-6.274570564049722,1.0559976554836972,1
-4.71293410503734,28.752918104941813,1.0636829278350337,1
1.6961517991669732,-0.5798666741979855,1.3047524793070968,1
-4.581143764605455,-8.228849089628193,1.2166063654227093,1
14.861018287218059,15.600679089568194,1.165946158082932,1
31.695993170109677,-17.292521468960775,0.9505927162022381,1
-45.39299182640445,-21.89207285976198,1.0442412403966481,1
-6.565087326556298,28.468460940877364,1.1264283047786114,1
-17.755283611969595,7.668003767393932,1.4380556429630968,1
0.14587754713017834,-44.78851619564032,1.1580467730748158,1
17.209395676605503,-30.956859191692857,0.9623808577286617,1
-21.605464641802815,27.825244933920523,1.246470824419484,1
2.7715039428265347,33.49966560637009,1.4303627162366699,1
-37.06123628402953,-21.98214697703364,1.0705117765394478,1
10.122546259694916,27.893564118410023,1.2754416929427757,1
4.077747068194351,-14.610061943563558,1.1028829522898513,1
-45.407571194940566,-12.752471347185214,0.954130055760967,1
25.38130494839201,23.023719436036366,1.5148408971071259,1
-5.124964983240112,-1.0544186329154182,1.4508757088670916,1
-25.748642665515096,34.10407024761844,0.8136654172879075,1
10.261891607239365,42.90308272493425,1.3597736484429854,1
37.11480931970303,18.010124153223742,1.1568339850434786,1
28.523595647051046,0.7672728011370362,0.9677915393873057,1
54.24065072048749,-48.553389679602475,1.0173580901624177,1
65.93092001299169,-4.883527542066193,1.0732206048188928,0
-8.74534753593483,-4.7869637189133565,1.2659506500598874,1
-23.9248716569691,2.045587716975668,1.1014515715709405,1
20.983766040005246,0.9471767496761407,1.1668385050100785,1
14.509326593710037,-3.561184513402518,1.4677583302877115,1
-12.81513705405099,14.332542384586546,1.1020783152313591,1
-19.50063959578673,-21.468806981793293,1.1156115872962429,1
40.851078020166874,29.5433993590537,0.9022865918043872,1
-1.8799712059732503,9.779237606567168,0.9675271939163864,1
11.333540698867298,-39.49531042559464,1.1822475093596336,1
-41.92335789320348,37.02097144070402,1.0380081586866114,1
-34.18671136195509,35.834511260524,1.1599347346767575,1
-24.45606258437115,58.17637671817768,1.166267362782607,1
12.43765077221667,-2.8885906783842943,0.9772074886156085,1
-11.25152659402915,22.53135382986865,1.1331959515088699,1
10.049300628293382,18.623108704019852,0.9801636425255763,1
-2.345487885547587,-10.832215043941098,0.9134661257557405,1
-58.370813297657264,9.103340246159915,1.3212854009967139,1
-2.417851856571162,-1.148871292539218,1.0475682285886472,1
-29.977417402901857,21.59878029973711,1.1035454227171464,1
29.498457286452986,2.10784650366697,0.8896455777624241,1
35.273273080607446,-34.626562985752635,1.0458774435927463,1
-46.435288787539285,22.16575574280842,1.1039872292827124,1
-19.44615829897944,-10.982989677001608,0.9361387967466008,1
20.542958087089527,16.84378242119469,0.905930839238762,1
-7.816122710894834,38.39698766139304,0.809774429712442,1
50.82420922024967,-10.040438811160838,1.0901198397978702,1
8.97328946383255,-6.242383922524054,1.1112034851834456,1
51.42331628598518,-13.765295661398929,1.2710037288814693,1
-2.717551873349958,-29.128854669461965,0.9830250279851156,1
-6.185660533409036,-22.891227452310567,1.2910419491697709,1
15.83195877231561,-15.377927990495644,1.0982057856251763,1
-0.8629963059801106,1.7940296651287555,0.947886018055853,1
31.3865668959153,4.780498209474833,0.7833793562034871,1
-11.916125182476604,-30.47963573171502,1.0716882125879557,1
12.939704251845153,-17.29879195870345,0.9675350081188059,1
7.140092661070126,-22.867286123565542,1.1977276031261375,1
33.67237315587645,-14.36490818923149,1.280958857558672,1
27.370452583374664,6.025548737093753,1.2920175988764255,1
-3.2127638007770636,-22.16531904798704,0.9774666379093352,1
-44.6779243993469,5.356555639048408,0.7727081421752057,1
16.680827846333486,-57.94619581744633,1.164739296378459,1
-67.56212904630421,12.637230174389666,1.1156545779714957,1
19.219154524354078,-100.570939634745,1.236975656784406,1
-11.82700584700894,62.240802804587545,0.9868628954905236,1
1.5927533828384386,-21.797221704812085,1.0795734484717232,1
29.087719095548252,78.21144407269948,1.2906410941500053,1
-0.6210867836030101,-0.8828901811755901,1.0030397348447355,1
13.697510636209397,-52.424917479258355,1.143109038407745,1
25.191614160041553,37.82116431299005,0.9499015096441146,1
31.3041631092622,3.048724389445767,1.3237621652552398,1
-19.93167355835555,-38.874621519495534,1.1327894533250562,1
-4.386599480604251,-14.729739308555335,1.1400914295537437,1
18.298386404806305,27.79850756565779,1.2314367592107365,1
-11.31797157914911,-25.108059884220513,1.241623140970522,1
11.414558505600924,-29.64087934751158,1.3332348333912114,1
30.473874719263968,-21.847405218033845,0.9654378864017993,1
11.679321117108817,2.4361293544070035,0.8903775476837554,1
-21.22422664950491,-44.53298842164834,1.3518512825458708,1
12.257412262945586,37.61446388911278,1.0783950982377437,1
11.593155770168377,7.064134228505534,1.028024648254761,1
-20.81504119253582,41.900798238731795,1.0746881580703964,1
10.580397088240861,-5.126459116503412,1.1615891332636041,1
8.945529655089382,-4.0053830971707765,1.0480083838312622,1
-19.944405638480674,-14.351839443526169,0.9891625449452445,1
-11.608076176565001,47.65577803078223,1.1895610297703718,1
-40.79835925089887,-17.82093340011468,0.957504645507963,1
-13.401509025437873,-17.94477277320656,1.1287593996321927,1
14.53148113654137,7.519884823893001,0.9116379047378516,1
20.60745838321639,-24.911211675082836,1.1536746602808592,1
38.8725274273697,5.778437812044103,0.8962648607441976,1
-86.08931254944349,40.58565393730873,1.2556390257670353,1
42.90919645243334,2.540253775876048,0.9775011215033441,1
46.9052815890326,35.95758259958171,0.9891172413251453,1
-18.072789860089518,16.533003919959054,0.9632616383262345,1
20.195947984636614,29.290171268736454,1.1583921960366756,1
-7.4937741126989375,50.46156045366533,1.0311149716095624,1
-49.94843662553291,-35.91750749321567,1.2905554343510488,1
36.011040284214126,0.4987678709724956,1.0366026774454455,1
22.330389690462763,34.15433867372215,0.9826666884373824,1
10.140946128452795,40.66186996803594,1.0005102025079766,1
23.74700470703052,-23.17311875994395,0.9694514889957632,1
-17.345867660446533,40.25087980551913,1.3728887750686958,1
7.07305108798053,-6.6916076548844865,1.0386167716665595,1
18.699700123522465,46.05992753328268,1.425960874401021,1
14.56806778155999,50.60426735884602,1.1516768761315355,1
2.913191153321151,-18.173054991074753,0.9449182312293758,1
3.658110638289616,-19.41070270167381,0.8926037370813492,1
-23.25626395730321,-2.0781697207115273,1.021781433765102,1
67.58944097665733,-14.234067702368908,1.2341216180323213,1
61.42846085842509,20.303689024511105,1.3080433890205767,1
-5.295252230157988,26.47385093129511,1.4735093615955126,1
-31.82489527938914,-12.69560802058479,1.1031731176108854,1
-10.402507339718651,-37.81397450568341,1.114698579611126,1
-21.9001725089487,4.637262308067351,1.3143822908315392,1
-0.9297842088456731,-22.061243500793072,1.3502799888863997,1
-34.47846645621542,-31.87321674127107,1.1486846549388123,1
-25.617740966728835,1.9651965673107124,1.042063902752285,1
-62.00931013962164,23.067352910354252,1.1473260682364022,1
21.381539182602424,3.6283444275283787,0.9600145958231693,1
-22.702076532737596,6.745108811734321,1.0006096931693635,1
74.04660782236576,25.329074420263243,1.4004202357033708,1
-9.674621052277718,23.30200207608895,1.1049649680623936,1
-35.680286846700646,-12.333394432520345,1.2095949568667101,1
17.413904713615068,26.2372362403162,0.9611761685643807,1
21.67458211697682,44.043009276982936,1.448703710051186,1
-27.678582605067596,-14.324643345905976,1.0797776895597235,1
16.85289743310243,-9.266169188552606,1.0782712324857875,1
-31.97298699764541,-31.641465193581325,1.388632021497768,1
2.730986978224509,-2.7278923754163205,1.310118807712695,1
-22.274810349561847,13.199676618909146,1.0088869225937147,1
24.57078645946434,-3.040015454000148,1.3162810361503288,0
17.666561030427662,-14.162449751665152,1.4523999882285845,1
13.53221178547221,-27.340152681153835,0.9256740678223007,1
-33.114525490836016,23.343590177176345,1.081299528047065,1
-4.4998020478456615,35.57390675560995,0.8713547340668,1
-4.458217431308006,-39.145178222154115,0.9811446933425092,1
-20.27757831331704,29.408494017884323,1.435768592640487,1
-12.043209483113477,-5.685488677458483,1.0145563546566372,1
-7.677911389032794,-8.440798255224824,1.060631659026356,1
12.006749435482487,16.61894546080352,0.6896255631418376,1
40.431914069798026,-8.179963602879162,0.9850975011101799,1
67.84494285484367,4.457733526235661,1.2414317606216616,1
9.607953471533746,-38.59971068566211,1.1054227360621776,1
-29.731396479651025,3.8017195498570078,0.8897857888278378,1
-1.717777611732426,34.46245255812533,1.1853588506602841,1
-29.785010473302872,13.69245695017184,0.9629973578833414,1
23.245993165923192,27.18299106710952,1.6148309296801133,1
60.8692899356228,-14.842820283350697,0.9902084100392564,1
-27.595338747608743,-23.434335811721304,1.4198282636949584,1
-16.478920019255195,11.906484304497251,0.8526228508587083,1
-6.228971262458042,-16.750543445221673,0.9452048975682847,1
3.4978858195987246,26.336687530952545,1.0211054059204516,1
0.21678947240052743,-27.230790134808927,1.2687812843751283,1
-15.222946329393666,-4.592271544163717,0.904095743217057,1
28.599561963210096,-31.655515157600654,1.0578712028667794,1
-37.887686371047565,23.900700598606594,1.1235855803861035,1
-16.71305396093879,-5.846600510740215,1.097261069590403,1
-14.681427718384528,17.64348563727947,1.2362550759868216,1
-25.42347727544491,-32.44516972975501,1.3331053442511276,1
-41.304534037903956,-6.666064567846817,0.9001350985071592,1
-42.0695778758903,0.5559572968091864,0.9003093666319029,1
23.63461236637653,18.33212947773402,1.0722536185905926,1
15.0165601267246,24.931667524153887,0.8052405220721844,1
0.5994111091509001,25.40958183609641,1.0218134969653785,1
23.572252719129143,20.2579331115615,1.1589577057466935,1
-32.88216303667539,-4.9999234201416325,1.0315792485154558,1
38.518521153496366,33.85267448791131,1.5626624915508565,1
6.224793548666994,30.667204368846605,1.0369751879011138,1
-12.743804813256968,-32.2155065806565,1.048716333228683,1
6.709408348428974,-44.91599353886016,1.004510681212164,1
-25.652833762573668,27.006413030874402,1.0847085977051396,1
15.072113238426402,20.234958894400258,1.1480808846688015,1
8.434187760131348,17.355318881809893,1.1390298999162354,1
-1.7345867660446421,58.269080872072244,1.040303913701603,1
-9.55768077308377,27.7539452852199,1.1236685669658386,1
-36.33218426951267,-18.827563485006173,0.7418194652013368,1
36.12315199351127,11.394604425256826,1.4050913685708137,1
11.067903208984328,21.61397198625004,1.1230471401647493,1
11.070941546286909,-1.6452234786665338,1.1670263942339398,1
-25.109117533281555,-2.3178379172379073,1.31210439506479,1
-4.275193779509537,-12.503300560361783,1.1453535163517496,1
19.52277790818375,6.485097254109446,1.2983686258954465,1
-20.95195495760533,10.389542021056764,1.1082307536004277,1
-16.882408092222192,-7.978544465633993,1.3893822600407975,1
-59.71304620698174,79.97250061488168,1.2164244348429218,1
-18.09949090040622,21.488888263059465,1.421706720811273,1
55.80096352275148,-21.779181577077985,1.0181305941547987,1
-6.3353008166883455,-38.38779914132475,1.175104555231477,1
45.81065319329655,43.388926844096616,1.1855166347547395,1
43.91111411498585,-28.500363482554487,0.7838118279298981,1
0.3683983979381994,12.844570946669764,1.1923732772324378,1
-43.98455154876155,0.9416792707397581,1.2749056139952981,1
2.220715987055902,-37.0589323977477,1.1913191979698694,1
-15.405172501904742,6.395432562667698,1.2329890902899954,1
-49.12652684726136,-16.228724410482595,0.9244769186327224,1
-1.3015185272122611,-9.334298059606684,1.1798586916482945,1
11.761871134806997,-13.265848099585599,1.3135729101662121,1
10.83698957398803,11.154495822107952,1.1514935952926366,1
21.908542493024846,-42.31616488502067,1.007056441522153,1
-41.87208595122238,12.1495512887039,0.9113959848106687,1
-8.389832283912002,24.129983361374304,0.8864401895657693,1
-19.298123030618434,-9.335732980980328,1.008648339003324,1
38.62149297228991,13.728202881553035,1.2397477753038817,1
-29.25593286247895,27.452055729128432,1.1160915205564592,1
31.992932211873665,15.699848426772164,1.0464411414408215,1
-32.67807727360614,9.327442324154688,1.0241686242839676,1
-7.129702120766472,-14.039483081588902,1.1121102978194626,1
-35.90286473846476,-7.174459220193852,0.9348120067175011,1
23.09516142125926,-8.602292487938218,0.8996569126527334,1
17.648941806379174,-28.504920988508356,1.106577430129014,1
8.844816911912256,-30.07186594371089,1.440183330063742,1
13.280116598995045,25.64782050602441,1.0666392333081633,1
20.33502187794399,27.411770631857593,1.1409962663561495,1
17.847870782473976,36.85082297258197,0.9393151111443745,1
2.7503282457756684,25.045394177354737,0.9441644838589408,1
21.715510538016503,32.43134641206403,1.230342407428146,1
-6.302379661929364,-9.404332151785228,1.1127423621468242,1
-46.228950484444645,-35.94566083095845,0.9299057330606193,1
-15.290432475249103,-26.515427217581053,1.2046721043637636,1
25.184452364971172,-7.4590095657948225,0.9334549831915498,1
-20.189138807659678,20.38589565072213,1.4038756837711148,1
-2.562811322165846,44.233345501462566,0.850363122152012,1
48.05510236197887,-18.727551548796164,0.9048449202139965,1
10.381618770763383,48.31943770730358,1.1291182462934817,1
-32.018307954900784,6.422848128390911,1.3322023513110384,1
2.5389718652713995,52.2106411912657,1.139793527036435,1
-28.762166880127037,40.57674148122115,1.0111861746674944,1
6.8761371079082085,-29.03700980862321,0.9842497040074141,1
7.085224814568701,25.463609994097272,1.04013099167301,1
-38.81484736425703,35.19480978624341,0.9977002285094023,1
-32.66136641844192,19.626899390360723,0.8754405572937645,1
-44.382604779716445,-9.925636594788857,0.9631524024801058,1
43.65816676555096,-3.082518188359522,1.2939253036911407,1
18.709827914531076,-26.432268558596284,1.4515269351783753,1
12.60062751901044,-34.76821961952921,0.9817814977245019,1
78.07201178013442,60.01246448451466,1.456379010589647,0
8.299119265789152,-10.413405723521409,1.0353115278395142,1
16.530318246807646,-27.27748697428806,1.0915167292173111,1
18.364282302747643,-23.620449220891405,1.4450677375572998,1
53.17329840730701,-7.147746933890092,1.1918203190426921,1
28.192793418586252,54.24817813272362,0.9522401365841227,1
32.95407591373756,25.692939814967755,0.8263750149433176,1
35.41182126160522,-53.26015395346642,1.0337368444915,1
49.72147845558053,15.36813795176265,1.4342650750274477,1
-6.427711075660914,17.775177487165074,1.1580625505419402,1
54.41889984223902,12.879056075054079,1.05788839991912,1
-7.948487312826834,9.427707455139924,1.2976172331897105,1
-16.81529800898297,42.3202407033534,1.0464730511456863,1
-33.811181065708155,-26.469185990337362,1.1746315697259024,1
-6.873013011084991,11.356643263610438,1.1528278695339371,1
-5.452799112912087,9.646988394970705,1.2636193536693305,1
27.821209104748807,-42.38803002147234,1.1075662503850054,1
-6.240861678632571,-40.37278335152468,1.29872135862111,1
44.27982494572217,8.91271883687193,1.0905682407358004,1
-15.160087804968295,67.26286312144828,1.0864700118703299,1
-35.62993047511207,-44.20170394996629,1.1077624866434566,1
-8.397204720013852,7.4482668731892465,0.7858501662982288,1
-55.218071915680206,-11.133853001022745,1.3171712668325655,1
2.3047054413968397,-61.84408982020152,0.9000856639059022,1
-15.145311890928363,49.6774145690686,0.922192912651763,1
-3.532489105544803,31.936300980483853,1.1136230286771034,1
10.431997084126078,-16.66907802629615,1.0864427563858081,1
0.5371346302780634,58.20748943446701,1.249075767188434,1
44.9545876567394,31.143065863522583,1.2349455092376533,1
5.710855927579114,-41.323895376581824,1.0779533231710234,1
-29.107524553520662,36.30990312929374,1.030266515393908,1
65.67366079533221,-46.76532817703238,0.802548281520875,1
-15.231368245789412,4.182035563938953,1.366011677558341,1
6.255512032424727,13.565282427414827,1.1990461598905802,1
10.765968439540158,-21.763799994483673,0.9906913010783077,1
-17.785666984995427,35.78211862035753,0.9887229564834588,1
-46.53029808504546,-11.029164408376403,1.1668736015593508,1
27.32913453489174,30.100198319813483,1.4184386648592475,1
-25.153050648124147,-40.46276487933195,1.4703427362682189,1
4.833564522345686,39.90522012871894,1.30394002032795,1
32.24457803081701,-40.18223423381517,1.0647198703028462,1
-37.39053842991241,-2.2002625966205573,0.7148491621291593,1
-10.744320286259246,-4.517627776778139,1.0207227831296657,1
-33.33524136855204,10.816392473436785,0.9866574600885353,1
32.851870167313876,38.020537669603,1.0507650702525622,1
25.743072380460386,45.967005050778674,1.5188514253269396,1
32.14367094621201,24.41916340602262,1.0293102480270553,1
-63.09268337696215,16.809279268775512,1.0985049292729927,1
4.26569152853381,-51.51121104366706,1.3443968810549476,1
-0.818831903046123,14.421468006710349,0.8488013369908218,1
-14.19218940916077,77.72459486480818,1.1386373465376969,1
0.16266417526861052,34.703468474518985,1.4221976548127133,1
35.26767688725011,4.057240184053888,1.3400878454294296,1
-12.572307439946112,-10.261509499270659,0.8914835632519337,1
39.12846736698992,-27.939790250227915,1.5180624522301127,1
20.971270636428127,15.185563333147188,1.0461563192729888,1
45.2773355084978,-14.511198033352953,1.0345563443510781,1
-4.219490928962194,-50.82518646324173,1.1222843286864905,1
38.481473502896485,-32.498672054956465,1.115104045033451,1
-54.30648136204344,-22.574846158191907,1.211628932412407,1
-3.6267777848567286,2.7416246753776568,0.8888081000472806,1
21.66353486349841,28.757292880704156,0.9635245384993038,1
13.406979841116636,30.810639209006037,1.2218349087969276,1
-2.9465169620417337,-44.60078093752747,1.0267902098679238,1
58.616538114448,-6.657026244741165,1.1095224373857724,1
-27.91222289714106,49.97666544139296,1.31534733392778,1
27.447579607209455,-20.97458070977998,1.2234715200951056,1
-26.749065861345624,-53.21571827041614,1.2477972022179162,1
24.932865434918362,11.663907374694245,0.8755744082342842,1
-3.230316115209948,27.75484371829326,1.1786362745740933,1
18.359190754042405,22.17125117961985,1.455402200258083,1
-30.880385786704128,-58.631734752618854,1.1124027996455417,1
-21.95345967465089,-63.29747950234017,1.0570521952571463,1
14.013016142985236,54.36491092555465,1.0682869858672597,1
5.3603281565185945,45.78934996292283,1.0493511580126786,1
-20.67476830830452,6.3624123559016255,1.0462827826597796,1
1.8710189621352702,39.14816230343345,1.333480544628672,1
13.911786924202053,-10.882944425689583,0.7726388329155,1
-3.349766876097794,-17.922392163611654,0.9874859635588644,1
26.027156918251897,-1.0058649358455272,0.957792478280962,1
29.24964209653876,20.076737545591808,0.9448708895843102,1
16.924655811160484,2.8973673880293487,1.4591307343757582,1
-7.3885852476028075,6.147207435404595,0.9767354282374355,1
-9.962153723905093,-20.205456294829624,0.9235412429444236,1
17.87356174267728,48.84181469925484,1.2749510782834308,1
23.753601097226937,-12.038412108425188,1.113963562486831,1
-34.90391610864702,-39.56765688440413,1.2242511803632967,1
45.09981294566643,59.465578101829436,0.9997872993928205,1
-43.540133130340486,25.798218202502245,1.0583886299159926,1
-54.363754020197135,-2.837503206882305,1.0371610892238343,1
29.42695158959048,26.31527511073821,0.8152709418771995,1
-14.810504866569762,-28.17511317960235,0.9788450341123591,1
-46.88132117170156,14.604795917776501,1.1834651316122058,1
75.93531949866683,11.768022933136674,1.4829514343117092,1
-41.546766835752976,55.614919618991536,1.4655825489071672,1
34.97237938850369,-41.23895007508119,1.0517407685134177,1
29.411957683654983,-2.007860403658505,1.059446513667655,1
10.268431873866298,1.6817726912349733,0.9683603534808319,1
-21.61508357306806,-2.638073415861645,0.9761004955532642,1
-9.551897417015999,25.48336925430188,1.1206007173573915,1
42.608994450676086,-19.41531047423748,1.2473752685073685,1
17.280283276822612,41.15849289570476,1.2660392342822122,1
-4.142203223827723,37.627623687554596,1.3160799870289097,1
76.78991991494578,54.47243122573115,1.1221908488058023,1
8.188319030461258,5.577247911053976,1.1482937903830277,1
-4.757371579560076,7.629549810908108,1.0607837181886615,1
33.45063296235138,39.810398802729274,1.2954107795219112,1
-17.446997146009227,26.055968737500518,1.1446712093082965,1
45.02274211638452,15.11168111468116,1.1595585292958979,1
49.77480127524087,24.503430761006495,1.0995002931592261,1
48.124984119938276,1.4697956701245438,1.1115524122239728,1
26.95715233608601,9.023861788671601,1.0189423180831267,1
6.381600888221533,15.790041261494045,1.2570566941303878,1
-21.67305076713359,-5.45423744942856,0.8322476126187808,1
15.833535268085809,39.316928678008466,1.1137486197087703,1
-2.4868391040418114,-15.788459935077094,1.3040144282300752,1
-9.656785428015924,-1.3034467028081316,1.30336490694092,1
-16.403315028503943,2.0702333521199416,1.3390121840491995,1
9.561241685904125,-26.304145065494215,1.282211971681178,1
1.5845471593203069,10.044417586199934,1.0967602584503573,1
-37.935840019481276,31.68246211329658,0.9567064849717863,1
13.934574453971432,9.058043083325659,0.9761004955532671,1
4.587129742574719,3.3137625790621894,1.0461286157280711,1
3.3282453202045077,8.36935329474018,1.4417591181742708,1
-0.6214887629368597,3.691462361144717,1.4232657811775389,1
-2.7013740098138577,50.91347660894736,1.2164649795086278,1
-21.82159170192654,32.5095761507004,0.9555810173110051,1
-13.88302233744399,10.361415072921424,1.1580277310178777,1
34.03278948124005,-19.927694783316454,1.1227009438288353,1
-4.8605800998071995,17.179518693130095,1.1066241166194761,1
-47.91002175578052,4.2612680668727005,0.8778051234057579,1
-50.53894310684049,11.83812171518914,0.8744914997096853,1
-30.78248505084897,-45.40811611413071,0.9972710369650402,1
-24.140222855960214,21.456041745209507,1.2576339472045295,1
-16.85707514689348,-53.338960827252166,0.7769362762276806,1
-8.05880990293866,13.802121937186946,1.3101111132389531,1
-43.9816853417947,7.871776870139285,1.0832462227177275,1
21.74354294040378,-15.570242143114882,1.319638803832547,0
-1.3291319061160567,29.00107021691905,1.3137494053281065,1
24.762848797275723,2.2559654471679003,0.9596430683063162,1
1.9366687502803814,-33.3918695156201,1.3482048249431346,1
-6.11759183629282,-3.365030221509346,1.0840950589197242,1
38.42731754256498,21.752943822730856,1.2342061695484965,1
-11.119681540515849,49.43627986077805,0.9549999736108628,1
18.199165702268818,-34.46091663393743,1.020208484978708,1
30.64782282906711,8.101903306838139,1.2626487057104256,1
-25.45502255500278,28.938811004489928,1.1316158515520338,1
2.0815913063240146,23.883808103712326,0.9850162721760414,1
-2.2436780536648184,103.75229326141788,1.034543969294965,1
-35.95715042229297,2.510950047518296,1.1241758854249329,1
26.302506236298463,14.99419458824727,0.9809565258690796,1
41.47195237764493,17.722711606141058,1.15391137733096,1
-25.025590728864692,4.660049837836731,1.283541911551637,1
39.00085720028144,-21.20949333284367,0.9879509739942067,1
15.21302189617963,-31.627750876961727,1.2459116609677592,1
42.137523111173316,7.672761603279835,1.398396529179948,1
-25.241087086514526,-14.304272140887683,1.284862629157843,1
79.65507628271847,-5.236067951451429,0.89283494873588,1
-3.9506641284945077,-19.622540036839624,1.019440568439679,1
-30.407788236297502,-0.9698264157798445,1.3349538623173758,1
-18.210654415194213,-20.29742245382453,0.9011151805115505,1
14.795074982881546,-21.968806378373117,0.7591611191563374,1
30.574701110478607,-36.53307979607691,1.1449040097458918,1
-21.77858910130399,17.114255207870606,1.5865043232660492,0
4.3567586678110315,-53.33150062405385,0.9658252871938268,1
16.289870159108375,-4.495862764370223,0.9504985958143946,1
13.222464148678528,-1.4584019052398678,1.0099979040220843,1
-12.758737917871786,-40.88310715923162,1.1383161287054362,1
-26.270359542516687,-11.127639090594041,1.0766842582370428,1
-7.322935459457696,-30.28160422791472,1.0603785747430798,1
-24.46911542205968,-21.564375597928453,0.9047101768147825,1
13.23895512416951,-46.01421921333592,1.1389828822455368,1
-21.62764450411165,-13.907229418248182,1.1244487896943665,1
24.044965055689087,29.29288467746972,1.0432349753098036,1
27.656465296762047,-7.269221996429901,0.7961965407181815,1
30.095205722288448,-24.49184710004041,1.4294065639278217,1
-61.09279762344406,44.42058631180461,1.2989335828366746,1
-24.87214192896114,32.51981564528631,1.0584862517582638,1
-30.4359505033711,-19.414619308352922,1.1688464898931104,1
11.389492222854608,26.486705435267563,1.0536885576928658,1
0.5013256549262001,6.3306937354634245,1.335691798524312,1
-20.053026197048002,11.522134635720507,0.8892559865850761,1
-46.465610903764656,-42.530474042515976,1.384952639263877,1
18.960852448815917,12.524189129317023,0.7953604756903038,1
21.192758740669287,12.176730165355906,1.1520121772149707,1
36.94346879824662,-31.034987865187837,1.2934616711592257,1
39.12289708193518,-3.6290407131602107,1.0369138209983457,1
3.9911876964371023,-0.40423794006373615,1.231492014040334,1
28.313505738445627,14.157892245711283,1.118014828729042,1
4.564606416049065,-45.75686439581852,1.2483613250913483,1
-4.1637880784148225,-3.979968671608545,1.0484916200997143,1
-16.85846771815717,27.954475547190395,1.0459503318868264,1
-30.177019284029882,39.553665792834735,0.8325745873784336,1
-14.513377710113486,-8.283570904897235,1.2888362154760138,1
5.087222629497023,-30.619902603955566,1.6233474848138763,1
44.91042325380541,23.765621186029257,1.0137869534054638,1
-17.816050358021258,-2.362307252758295,1.2162085785142165,1
-2.1306340334363503,8.125653323595483,0.7493949172068582,1
4.859548211666694,28.5566443815509,1.505149092390025,1
5.067812576415742,-12.655523812445812,1.3283869523453022,1
-28.925847564043124,15.094401289668989,0.9513705097248747,1
-17.14115968468499,-3.985538956663285,1.1144713414743812,1
-21.567276228525902,-51.4290265100726,1.1581238902036546,1
-28.274766937837672,16.23041807823573,0.7540114496007446,1
3.551056722393908,20.08435905048089,0.8170005626404553,1
-48.675280623153164,15.474743377795503,1.0747080905244348,1
50.08853013103867,-18.742127356126126,1.2761098703519347,1
10.350482979301793,-7.474954694442067,1.0860831519286138,1
44.56359418435962,26.184806495272703,1.086560182057965,1
-3.030973985140541,-23.85133536830007,1.0269147634792204,1
-13.147862116695464,5.405165890613034,1.1697204656420686,1
-45.39782319609478,33.359044621547575,0.8888293655865617,1
-54.17911850185959,10.9116054854189,1.6150743703539225,0
26.888630313785985,-37.42799379493565,1.3819098737593178,1
44.56426982540401,-8.062987616729709,1.1703868238921207,1
36.448231874819655,14.714836352926426,1.0684835076164512,1
-24.01851212751426,30.560811924301145,1.0492676977839699,1
-11.39575879354118,6.749096629443957,1.3013834140339013,1
-50.53989258724754,-42.62312495320462,0.7569999488976468,1
-17.12564246203251,-16.266227053587592,1.3582706628460819,1
23.94581990754994,-14.520897594937374,1.442924547576879,1
19.43472455597235,-18.615892652926227,0.8923820740742218,1
9.219802449575852,0.2135929726974263,1.2107548964818589,1
25.59566767296714,34.14065122409731,1.1991801424777107,1
44.77339424145893,-20.474139747185998,1.455429472560149,1
3.9580469046189415,17.922392163611654,0.9382711881863487,1
6.808325829804192,-8.841929091319345,1.1651245087833761,1
53.2348163906038,29.137763243817783,1.4798314375864887,1
36.00080914839931,16.612806779314653,1.0689739908646652,1
-29.745964917486504,23.529526796401605,1.196034695121945,1
-18.775525295679056,17.953175317861515,1.1247490759591385,1
-16.081587024429513,32.68799934385989,1.1919293454379285,1
-1.131839074775691,19.183419003310636,1.1700005169560315,1
-59.64091737317925,-20.129721539779258,1.1993404421679932,1
3.933273090511406,51.18054944148169,1.0213922789506342,1
-10.294627135494023,67.10941939567466,1.2973170156180212,1
6.343386714348438,38.67889145708834,0.8906414472165426,1
0.7194951529033311,-18.419075914325585,1.089278301327031,1
19.215584478023548,-15.882908249252797,0.971475743890559,1
-60.85019181543513,28.758188105087942,0.9430023341528465,1
-15.56198387166747,-52.600898057499705,1.2429607744796767,1
-52.76782337608075,-24.03394768057382,1.2494758225548621,1
-14.872661096143945,-47.452860503788294,1.3389947744664064,1
-20.13743306752028,-34.70657046782454,1.0658184657886618,1
-23.547560909327707,29.143239910636304,0.9100303522056066,1
18.145709955351503,59.06755591519105,1.0954488534496531,1
13.243352717633796,-48.046166075794794,1.0702772171603712,1
27.7430036538624,47.15594441649569,1.1402758524397598,1
73.48504677251096,-25.808413701776605,1.3581010843517827,1
-26.00720365835432,-27.125833291361285,1.1900429055019166,1
-34.441483416097924,6.054945512571764,1.1205489905945856,1
-13.714837559766748,33.74100702530087,1.3569303890196833,1
9.637773289831225,23.492205160291725,1.1388971391431058,1
0.8021210478819315,11.392625508197908,0.7664197241383979,1
13.957361983740785,11.013213137537827,1.1124456311469921,1
16.032258951119633,14.175999093690187,0.9221922294535434,1
-20.627821991058205,25.775053499826345,1.142979094155874,1
-47.07388218131432,-7.114049769905132,1.3357804744067796,1
39.40889640521426,-9.611352790538243,1.1941505197041271,1
-36.41261236494585,-3.637168782168655,1.4234605436592838,1
18.271354139099493,-17.966626780222775,1.0265011627352132,1
37.77399287430538,31.440280358943124,1.1301670654226714,1
51.58640989190598,-30.56206523843846,0.9206070421786089,1
9.020804924922054,93.61033860246968,1.2971623804088237,1
-31.34424719777218,42.47215756848256,0.8690632412768872,1
24.16772023769227,42.075242572556114,1.1573286707835868,1
-14.891650704285071,1.0026513098524001,0.9692604014435052,1
-34.78276550560334,-23.37101046583587,0.7609801914731426,1
-12.466789448238302,45.67224165099721,0.924483563331952,1
5.074693516777468,37.52815723714708,1.1080499526558405,1
23.95222573536289,43.94258622554512,1.2144187408073674,1
32.515146435755135,-7.528240251475097,1.183423606090217,1
11.369349674219189,-27.283881434172336,1.0494033923323665,1
0.08236064330930266,17.757670876993046,0.9478487952778409,1
-2.3350206465985597,-20.810799206224914,1.171165242053191,1
-27.77065614038412,-17.237247101879177,0.9909024173986174,1
44.42170956504089,-38.91185684816332,1.1053467870569957,1
-9.655852108977498,48.225928028405995,1.0679007661627251,1
-60.727139154680515,0.15788502768779974,1.2654589695955352,1
-5.055922562447209,33.24749077457374,1.3818414840699784,1
-32.2333114361588,2.385153212091191,1.1813678683299886,1
8.676790181415008,28.932274816029352,0.8554689456289242,1
47.90929519686035,21.99293851393635,1.04598978582796,1
-11.351445186543257,11.238050097928994,1.0092415708773934,1
-14.930875140773349,28.437903237022688,1.1777293283975323,1
9.47505487810517,4.637262308067351,0.7537640759933101,1
32.311891577833954,-20.99210360138441,1.2447298174898613,1
-3.148325112936523,35.50889613842274,1.0952748587130987,1
-32.09876762791364,-26.534052858232837,0.9874495954877923,1
61.96990143092056,-3.9068826901145295,1.1143384111238444,1
28.579478937472516,35.433540625916656,1.2013302228927076,1
-44.76797006224169,17.490923362240743,1.1435059452290384,1
28.850482851236812,-9.367512439225852,1.1664788395270946,1
-20.410679255745343,-53.10078019343305,0.9661826998951012,1
39.772934689177944,43.75715436780194,1.2858128332448118,1
30.628404452258458,34.513678277936506,1.1276369185873856,1
-0.5372903214752444,-34.27650689800851,1.5454717282768915,1
-39.61407982974679,23.35466717072241,1.1883273857849155,1
19.945599270992385,59.088390228123046,1.2291762204613048,1
-4.518767153266606,55.745134074816505,1.1145773351762875,1
-34.76103622025048,30.809410469655727,1.216152629295309,1
99.19612775047092,-0.8404577156115758,0.9007547447480662,1
61.83294925009205,11.811789458566757,1.0089436715740119,1
-27.526218925629266,-2.1797836074487353,1.0943425814085084,1
1.0285133476065236,-42.53111578042551,1.164898183197872,1
-24.24508139365105,-5.991589823614239,1.201120948222128,1
-5.241423994773298,-5.035751931213803,0.932446054826372,1
-22.267214506305397,60.10536512811621,0.7558604201824382,1
22.576745119006045,25.02640456921361,1.0062631485816815,1
40.702868649960536,-1.8501303931800308,0.9777113806491051,1
4.038117013155554,-32.93770690140125,0.9573398017254459,1
15.27252798757317,-13.62531512138709,1.0008741139301462,1
36.59933059356631,67.06253748219407,1.0575520574759625,1
9.029310980572966,54.971447901038125,1.015104860605132,1
9.896933162293086,-11.702555224527263,1.1246213520486952,1
16.83357550681881,-0.7715715157848548,1.1719633031246877,1
55.23389276504472,36.911795011694615,1.268231585053206,1
12.788125973505398,55.534781601738544,1.1208917764422808,1
-37.433663217432965,-34.4701817250063,1.1846296485542787,1
-21.101632358601957,-9.980558246822447,1.1574465256232713,1
40.94855800862475,47.70252863749162,0.9300719674666655,1
-32.16301893572322,16.12804340860351,1.459683322925129,1
-35.77620676121924,-45.958792940993845,1.0485476526794024,1
-59.70392766759259,4.83515401395927,0.9374321211985505,1
28.02052321283941,23.845196686811175,0.9180917792470118,1
21.115618617815496,24.112674163569938,1.0251598026491833,1
-35.07570519750696,-9.359977852769857,1.0110154389236141,1
29.936303394164522,9.966831472937562,0.9887713845001908,1
26.750281196266656,0.6494445984271306,1.1128352158976191,1
11.042357188769204,0.04617473137479359,0.9439856306998106,1
45.61036153158491,41.14363213072604,1.1622272892706336,1
-3.1332853432887506,41.13257635418298,1.0171698858169536,1
-16.023853340789298,65.3997884468077,1.0757462654928165,1
9.364047054514389,34.97641667494044,0.8187646206525055,1
-25.176422473528653,17.113434856798914,1.2162997495046686,1
38.37647888460062,-41.37440630105928,1.0387039688861346,1
-3.0939656840788596,-27.17234199274016,1.0621109344587043,1
-9.162214647985662,37.20064234850098,1.2816241585858628,1
46.770734630173735,8.5630845323056,1.2174737424306212,1
-18.098784523678276,3.4675024465728934,1.3400995990909856,1
9.570762503136534,72.50991972614402,0.9630533763481329,1
48.88692470716562,-13.840168973498297,1.0557288392652822,1
31.81377629953183,10.539497489611273,1.3759738120515081,1
-50.657830855787076,-6.236998105809377,1.3918111785924068,1
-14.995638868303065,-56.718643022654,1.240486351641495,1
18.565540207760385,10.445383875995237,1.3053684901824627,1
8.206827889029222,-27.780739061432556,1.3043719134930916,1
64.60618289217041,-30.26825671165054,1.346870848451782,1
-8.271873306282302,-48.00193145918366,0.7053410418960838,1
34.10369387700664,-45.7832267025846,1.242239899229557,1
-0.13006090104217616,16.163022884059327,1.0950677545689764,1
-63.756554355660725,47.01784776618036,1.057428747933218,1
49.94596094328637,2.2977425850784075,0.9883556865853594,1
-19.50746592551068,40.828551132077884,0.9243090815445786,1
32.27131060399935,1.4764651910326467,0.9803121159906356,1
20.997189513825678,60.43480770135343,0.711021241966233,1
-37.67833649107375,51.112007281411,0.818987360939727,1
19.33960122657611,3.862778443726248,1.2972734279149272,1
22.070616210255885,-23.510698728818404,1.1123198929960767,1
8.106963551372374,-43.93195870800649,0.9618654957190285,1
21.07779481520598,-45.957309180268965,1.0941154343437995,1
46.55041880712988,0.9181254726846013,0.9995484741710708,1
-26.745723690312786,0.7895879065087594,0.9767380084222929,1
65.89647219752165,18.876303479235112,1.224797309545838,1
25.22742313539342,-25.943602642430854,0.8185841527423731,1
14.154853908408702,4.496739207822899,1.1680128562040857,1
-39.72197225524126,31.81800729249349,1.1477548648725793,1
-22.884230696983796,-27.891059994259543,1.2582279605883853,1
30.247117253258022,-26.89274166327427,1.3581212933978295,1
-10.104421815167944,-34.50678680225136,0.9481751095163942,1
36.60057073124083,34.37498865709876,0.9054602370769229,1
22.414270031750394,42.10634175725155,0.7755507847054514,1
43.339602868369994,56.908817261705806,0.807788151072787,1
36.202437385920646,7.33341613517045,1.0000144908224133,1
-21.025191487344067,-28.402808219974247,0.9424927536728233,1
38.346770697642036,-14.54618049988026,1.313157477412295,1
-32.52712715216419,-8.710015355938868,1.5964694540585056,1
-41.840753097789495,-23.681940312820615,1.383382166922075,1
-41.82058613394362,-21.25370114059624,1.4623474899802589,1
43.47777310984967,36.15352756592786,0.9979071787491888,1
60.43480770135343,27.980807803812777,1.133086903639593,1
15.241692481020163,-67.04186206190163,1.2327692827884098,1
-32.13258721574596,51.42168860528737,0.9654354391659519,1
-40.13111867684232,-19.606010821405484,1.1652740163867426,1
-40.369248362932254,-15.887845547369489,1.1078355686551102,1
38.18328509562907,-2.650300870859862,0.9504160671015685,1
-54.57193609479544,8.680849498458942,1.247617689516105,1
-16.49554222266784,45.869369250151436,1.1910251158614846,1
2.4680647627135914,14.022657020964589,1.0849269709330813,1
42.58466541153995,-11.655821477034152,1.3579918575163084,1
30.33542426527393,-47.22905440783909,1.3955627721850479,1
-35.71375603104942,-26.1600841752399,1.0364808076938576,1
-15.895292776301368,52.935266527225544,1.2192642628822914,1
15.875312405996345,36.772236788836786,1.408740178716067,1
-56.32522278135583,-9.076351013225846,1.5559947241726615,1
-26.15248833198345,69.44195863486081,1.1295825406891709,1
-37.803535278970664,-60.57804360276091,1.2324965929212368,1
-32.23197009661384,-14.832700355533873,1.027459431347285,1
25.767605338041875,-47.51927218502599,1.4031967301515524,1
-22.063149255742466,-11.544951380271616,1.0747983681872761,1
4.041938092842488,-4.104603799708263,1.1849441935953962,1
-31.390296997514454,4.313489489260856,1.0375728695746573,1
-17.407638142928498,-31.323901189049526,1.1301260902389048,1
30.855581281606753,67.99165896242783,1.4587254147232152,1
34.03037109150962,-10.630032060031306,1.2170278361780456,1
-5.444591934182281,-26.34401209409269,1.3123233368048182,1
3.348971962268635,-74.98024693590988,0.9573191325571394,1
25.11869406477957,-29.402749661421623,1.0652212542774784,1
12.095760317071443,41.0089501297539,1.0575155855634686,1
-7.248333427474633,25.395277707355323,1.0490250850347798,1
-5.99956028341028,-51.222403872894354,1.026116560909408,1
28.784448020345998,-12.877802760916765,0.7808531250001923,1
-53.750277873253175,28.37700357420747,1.3997848697037547,1
34.79905034390069,37.967585147301435,1.1529172216424037,1
-36.65943851647838,-0.8257128434078489,1.1870107226327495,1
-40.599378171549986,-2.9572880388997715,1.0910103938255813,1
24.217885484127212,-0.7712702383480046,1.0747913338366153,1
23.95364672644828,-26.388657050375556,1.0736382504092814,1
-53.81844843281604,31.11922034129963,1.3453104218165917,1
27.86296372129116,-16.253693912214448,1.2329267484061819,1
-12.747995225266239,-16.37365397964321,1.321467064142294,1
16.899687827562193,-2.6219331752640356,1.0664679229330476,1
-48.698217091025604,-25.560645544917772,0.9147648166927099,1
17.291937173325678,-40.63396350041981,0.8933272883737534,1
30.271137893575414,16.473157655405448,1.3500429353984646,1
28.264554748570664,-69.97670600011543,1.2983284400648405,1
-43.228439353582,-17.69352610375404,1.02041040723501,1
49.9783114449504,30.87651854186494,1.3192471305374904,1
13.770504239631927,22.206447760253734,1.1106635803471914,1
-27.937246525974583,-35.0665636884716,0.9945418710472178,1
-63.28788781251377,43.59742749090348,1.1046662905181925,1
22.867286123565542,4.644858151323802,1.2148090750029965,1
7.268132158049634,23.306193762166938,1.5400205539055465,1
-10.720013587838574,-31.758980239574786,0.9967550678690088,1
-53.71651060017753,-39.43672931225305,1.405509941915937,1
25.24890852060454,21.20965610091346,0.9020543869055019,1
-1.652955815063281,0.5509852716877603,1.093188219782364,1
0.8393406798385683,-12.920529379234328,1.2284328956162869,1
-20.771698734014997,43.89931075146482,1.3211046666795676,1
17.157438362560466,12.718977607308693,1.122548853021248,1
50.15444875533504,-55.13587510428427,1.147439425308799,1
-11.396043637663311,4.076689075740778,1.127202145765931,1
-19.128479971115254,-23.371584064983395,1.215136806979929,1
-3.5258327900705777,-73.49386806344987,1.0365505198574274,1
-48.75078665622967,18.98770918032983,1.2978677457598766,1
-20.6850165173539,-12.370477197886391,0.9871273286173387,1
4.667514718278421,53.049762191544026,1.1267140839698833,1
1.889086217880991,-14.668332912545223,1.1122032043389825,1
36.24862999369163,-25.061640842097734,1.0924952480150434,1
43.194346973481125,27.209771283718833,0.9399348421887871,1
2.2826754205860973,11.87771971773919,1.1999915994329446,1
8.942764991551176,13.771710638266804,0.9280464219479,1
27.740908447857763,-33.18082512897184,1.0175817069119835,1
-63.71601941746898,27.006271812380046,1.2194903148545917,1
-12.011903250626595,76.83752719042943,1.4852137910214342,1
-6.8260859264505,-5.286299986320008,1.0770048821286742,1
27.298670996835337,37.95060025893062,1.4561842363663589,1
19.374951112500394,-21.017113994982996,1.2862388122965414,1
-63.90480816235806,-0.19768769382398746,1.4209083695854592,1
25.054459028033452,8.3877457453926,1.071754054824252,1
3.6237126144121934,31.022249494509314,0.7816168493536544,1
6.710051073627588,40.86446812847153,1.317430256157289,1
32.9809615234574,-3.4528804483041973,0.937077189602953,1
-11.887202548538548,-18.751507669835743,0.8624006487893204,1
-0.7141901195178889,51.45550819311971,1.1806642172741468,1
51.33867688969894,-21.181008920631953,1.3045648665081284,1
-56.09375118517556,-2.5931246024175536,1.2461786346732497,1
-11.055176588584832,26.66248471364577,1.0688260442668838,1
46.881685242620165,-28.447136314253665,1.2954319361547446,1
43.32706972699685,15.190167344263868,0.7332055719825625,1
37.733399078971146,0.3500636038708752,1.1084848484639556,1
-7.923730490361323,32.53046471965566,0.7173153634526104,1
28.166461678424373,-23.259618593651446,1.486171133179726,1
-6.072306995293604,-34.87973244149037,1.3378362932663301,1
28.74646880406369,-5.257589507344716,1.4424843460882404,1
14.278497356972135,1.3600779341979454,1.0747374022852907,1
47.89848330816714,23.83485187170953,1.1540336757644247,1
-63.00141600969881,-10.380126730123743,1.1057448557365614,1
-15.42606510106817,-24.295408708426898,1.2570546893176284,1
47.46693467818034,-39.27362733274468,1.2118844827358453,1
-10.21170429194822,-23.399562005491934,1.1778052905380056,1
-3.4713886919599175,43.28014331394851,0.9969351976464786,1
9.03873161741941,36.462944350882296,1.1533687947108975,1
-10.021179846875855,54.13517085455739,1.4044482184783607,1
41.75814830237554,0.8545323663514697,1.1039629744660373,1
17.704315503718753,-11.274813979290245,1.4538654677744556,1
5.977763515804794,33.93211796984181,1.0072043911162432,1
58.386950694660705,-0.8773198961208502,1.3787794008066185,1
20.88430598200217,-37.61221303923353,1.0584642281047516,1
40.09867995799416,-32.17331114849908,0.8916273716972014,1
-21.554088477786337,-19.344757975262723,1.345686432942831,1
-41.71029448985984,31.984576784291573,0.9529678281304089,1
31.88623982890221,45.688120744139646,1.2093654923773807,1
30.775458461291915,-6.4677605875676285,1.3041526030709467,1
50.20219405580421,17.49069507186966,1.112044437125196,1
37.96149264802282,79.6077288597532,1.3464066568171826,0
-38.21518280432,37.9100280578432,0.7580207873883728,1
2.2801522112213473,-40.6403600000042,1.138522559702519,1
7.987467405891483,65.89540098885726,1.0904017009596103,1
6.7272483154285965,51.98882535004945,1.2665949837349486,1
-9.267928225938315,-21.664744201701094,1.1216920452400485,1
-17.87681710407292,-11.48491500376387,0.7800014216281399,1
-23.86251823767906,65.05866246283553,1.02917802603542,1
5.145888822045874,25.18431330098923,1.4799125410078109,1
-12.286954667610878,39.64053571452167,1.1145437009333854,1
-28.427443387292474,-7.389995904207581,1.102638423026991,1
-49.62096677099449,-10.953143714801515,1.1670377314089804,1
-62.261335700716614,34.357360568031886,1.0716708695401471,1
25.89099439469167,19.522301815444024,1.2778342549268547,0
-49.45577585846964,35.70154842581582,1.2419793077207075,1
-6.391902100309051,24.282961410487818,0.9321162619579314,1
-39.38173448356951,-21.880911620691265,1.2861026319227649,1
1.682479281305362,3.2168396191097934,0.9194690789236744,1
47.5065739668161,-20.742348972571527,1.3518084045831202,1
21.7512668531105,-29.133287121898807,0.9775188462418704,1
64.38588051924053,22.857316579291435,1.285623375432173,1
-35.62197292503388,34.438287350902584,1.0705576817714995,1
46.394231945109986,-8.820738462968755,1.1214839207388443,1
12.761016670848722,-25.97778393708491,1.2186419513725595,1
-12.07201636036911,-0.9340737438483353,1.0998029515590648,1
12.64328110037365,53.50132197685896,0.9171686522627804,1
-84.88069994969226,33.85514813423495,0.8400051068738053,1
1.4099784044799377,-38.840205115407365,0.9597855260673402,1
-37.21994845011114,19.429850556549468,1.2339493702689155,1
-37.177389767103676,-26.184034334079136,1.0378503343605132,1
-33.51797938533758,42.149499357110415,0.7183085074639914,1
-36.73006177342235,38.20220853788818,1.1743896407180061,1
-16.00268172889426,-44.23893218348761,1.3438043874964793,1
11.329200217006488,39.24392418448806,1.2026589744690426,1
-45.03314359641757,-6.4336792382195584,1.4130659193182225,1
0.7018559168966687,46.907370445928116,1.3780601943287871,1
37.195578452996685,-53.44091693762902,1.1833724292037384,1
-23.40873066893077,-23.221616163923105,1.24438456417152,1
48.32277987833642,-54.08802490998772,1.2918980909086055,1
-50.29298970219639,-31.43311856387274,1.4308877772729542,1
58.54693889944641,-18.866669938301406,1.2649396416932197,1
-27.490375699703144,-40.42702308779875,1.3299232370825798,1
-83.93906524915653,15.485025986042814,1.2533362106817163,1
-7.468823877557927,-32.52582281544336,1.321979019586074,1
-69.76402238893462,-33.64123019852497,1.1265614339118324,1
26.570259711088603,24.430673433814274,0.8570251965374059,1
-45.893725152415044,-49.23413714787068,1.4130262922788501,1
42.250874889464235,-7.7729123950114,1.0875692298134727,1
-44.5762061505213,-18.958465183792466,1.01748851988846,1
36.04483254529482,-15.184382817476257,1.4912813654327723,1
-4.471730252195493,-28.185379627666876,1.0771897240564776,1
21.027541883409654,-26.552355223412672,1.046035863737843,1
53.383508897779194,39.23384806588257,1.059943333490834,1
-45.837981480325,48.30336144157599,1.2974963290084,1
-36.20031629678832,-40.73782503066116,1.033501482834026,1
-33.76542223576806,-6.5571116911369955,0.9921745220766539,1
-33.352081765229144,43.634827976270984,1.0177600077954099,1
-16.662650774309927,-36.182215056500546,0.9693208515793036,1
61.53772414219106,37.56228888576677,1.4860317579327216,1
-15.354791849868011,10.639620825156717,0.9556970518101873,1
-15.863025012493235,25.044165438004427,1.077323071320747,1
-41.073353818024124,-4.9039932654960285,1.2775364160581852,1
-13.305853947578647,-20.65205114299329,1.6024332556177199,0
30.554754239304142,-8.606090409566445,1.0470623026953914,1
37.82968415864623,-24.09569296090055,0.9744719155075106,1
-43.22659216988663,16.507634171319907,1.1398327728223836,1
-34.66053035665786,13.497425923701835,1.0562911568618212,1
-5.453706946090022,68.9072112696062,0.9272224792128569,1
-15.470596382488205,39.32273105827382,0.8864430325745574,1
64.40944827421396,33.474385850126616,1.0196765882533672,1
-12.191020487022925,9.149193202403152,1.283243433522016,1
16.315579167053304,45.97948950084889,1.5366334759844529,0
52.69896721072299,13.580140721712421,1.1710293992170335,1
-47.19424012624702,-21.313303190681935,0.9481201224702696,1
18.778823490777235,-42.111355013800804,1.033144947653945,1
-22.41840795779107,43.23138018730656,1.1724470378023795,1
-49.114247756051164,49.43149289705915,1.1833860721531622,1
-41.683139350218,19.003375607046273,1.0212781563220743,1
53.3561797827423,-33.987395357958455,1.5030805690569449,1
38.564184536793924,11.900654936416716,0.9679744554330663,1
16.83079597949815,-63.46621073412491,1.1420492792342893,1
10.0412579707277,59.70198755282893,0.9187693724641685,1
21.91733097630481,36.07586412129085,1.1630537616203804,1
21.09745464481091,-19.005902450065065,1.3882553886779962,1
-28.027237395717872,-25.868403794191934,1.3385387509904876,1
-72.31622572310437,9.901181684792451,0.974584892764924,1
-57.707081958395996,53.30441434782617,1.5486012891060434,1
12.447070402279108,42.74707218465602,1.3462135144964387,1
36.98259696560972,-5.9643008064014,1.0657936379191804,1
61.78543799521342,-8.485673953236127,1.3420552656986466,1
19.23837200779293,-12.854303120842099,0.9371666073863147,1
61.890218743311046,22.755484805634552,1.1760097084741115,1
46.27919420861908,29.657969994838624,1.0596378373152449,1
38.100749774391204,8.339359452137739,0.8603346914137423,1
15.212100341666885,3.430947450901182,0.8456124903707077,1
-16.280229281129024,-37.77938717507954,1.2836332084009165,1
25.64676508359296,26.636223613052586,0.9631687559401667,1
35.5624111420691,32.681298643276335,1.3522900044178152,1
-25.369970402659526,22.75729247025568,1.067655896299549,1
-19.294873874639105,38.875339003518974,1.1679804910268476,1
22.830106469731295,15.138715500731976,0.941648081222992,1
-11.23425217630077,-19.81375713446958,0.7360582545099574,1
39.12461101579818,-12.882141156007465,1.1824377455821424,1
-40.97561983163552,21.63581982407017,1.4303415732366078,1
-6.099462134935444,66.57604697419937,0.8894124633655055,1
-5.565643150523274,38.5324468661332,0.8222859805876229,1
-23.650954830268358,17.482203783676454,0.9780401321009138,1
-34.79701370842756,-8.056303274664032,0.8299103928019131,1
-71.1349104830389,41.60469610722646,1.377653346252047,0
-9.193755482841043,0.5709542181104073,1.0264373281938102,1
-22.81715355807291,-7.057297969574728,1.1245563641405425,1
-41.17136941081418,6.442631482057538,1.3479603954948116,1
-4.296360862717531,-43.710583853015386,1.113889468476938,1
60.176432171506846,-23.618222873811646,1.1925303974070762,1
34.210253806474334,41.79802647947193,1.0181083163646083,1
-11.391730283814097,30.782290436852485,1.1008702569243165,1
52.01765226650067,-72.66408434080826,1.0493425927620568,1
25.80125091325428,-52.48910553105396,1.3057946034391994,1
85.39686748256035,-38.59218084402281,1.2649045188284873,1
-12.169275978450491,-38.9578549263618,1.1811385209386434,1
35.67934686109767,35.930009688560766,1.3047742087760044,1
-50.1404978605777,-13.362867061529695,1.305293676787428,1
6.528627278925277,11.086133232799838,1.0868857182409268,1
9.39503559087659,7.355989898244043,1.0622698991827104,1
-24.892746942681693,0.6459388246164545,0.8210130936836438,1
-20.656895735936374,0.23926906257842404,0.8419627127595414,1
27.698242434672554,2.1450953504053643,1.0817480905698793,1
2.2011329536603474,6.783562768220145,0.8888081000472806,1
13.531470910120106,-30.559256086061726,1.1044710728699132,1
40.850879081414924,12.833936766110734,1.242278064004355,1
32.972323817916426,-12.316351900754475,1.2652492223898102,1
15.917089543906853,30.358502764845458,1.181023297071555,1
29.460364699375827,51.11464000320305,1.1895661937591524,1
1.271218624991432,-62.85549443513993,0.8885659028227743,1
23.54267556010356,-52.96082739526089,1.2820063169004021,0
-68.15750154019385,-6.050089153768457,1.0143421255703737,1
13.723789803604728,12.895209901712816,0.9275710780520732,1
12.202722191499085,24.621925915807243,0.8892552780820319,1
-29.5400692973362,58.00664779010217,1.0107658262147168,1
-35.44699331842317,4.550075237645408,1.0177271978253895,1
55.086454530114445,0.8421391484067299,1.074836909749779,1
-23.21137782308307,0.5013256549262001,0.8552317644754088,1
-52.99131535821108,18.08950071525371,0.9563659533324691,1
-42.18248905943222,4.427247506679355,1.2372825851698037,1
-32.99910159649748,-22.806359465024265,1.4134551081452422,1
-21.571576582027944,-42.38824999762632,1.0282127805942647,1
-4.833092642022898,43.73283017895274,0.8794543877662265,1
-52.84807945680359,33.182441265834925,0.9373635653411169,1
6.5370226846297905,-10.714736475681448,1.0791718561754924,1
58.02844455770766,18.651242538850507,1.19953354824569,1
31.468739070933278,22.410576053240426,1.41194456321653,1
15.180201231846661,48.57875796575538,1.365906283314611,1
7.93347848920711,-12.081948283721433,0.9562691069143057,1
-8.741137436765554,44.731655966002286,1.3314501780437948,1
-9.415924159831828,2.837631751922016,1.3228223126964909,1
37.08352504433746,20.18418697886009,0.9659337315728735,1
-36.936958075455394,41.62793384655054,1.0336421424405073,1
-15.9688136194151,43.907771943953016,1.191431310881306,1
74.00972824035506,14.449794944122848,0.9942860435146909,1
-53.07891584593627,15.823622048920603,1.1450091121626267,1
-58.690910601717285,14.902501908937165,1.018319471664437,1
24.632844940488404,-49.31791130336493,1.01087303323142,1
32.75192847223505,-50.646019994036365,0.889887569636031,1
-20.533463283018936,18.423717818537853,0.8236854140327503,1
51.52016328750504,0.27453547769767556,1.3438806903813252,1
63.325345885414755,26.425139126767867,0.9064299998521856,1
-0.051861274647549735,-69.57189993967215,1.1222127139620137,1
72.97706408641616,4.494840247008758,1.366014646698529,1
-10.607869656194453,-40.43976615836918,1.351426870642099,1
-13.145676592378223,-23.447565754875765,1.216426134347063,1
-2.860689518422635,71.6363028036107,1.2863297952849635,1
35.06842584771955,-61.76053554438049,1.2537938269242765,1
-20.115691903913778,31.75062481199266,0.9115660266638497,1
22.11769632852037,-7.249432825840712,0.9360486076949835,1
-37.931824825448686,-51.71828033591919,0.8089619871154414,1
-53.459070098744895,2.240299020451457,1.0234820154687005,1
29.397541083188624,46.19520588461197,1.2949943855744346,1
36.72936981254598,45.14292210826396,1.1892038656905497,1
-32.512443209184454,-18.45075008424466,1.4532690485313775,1
-3.7570939707253315,22.394444880851058,1.3600803462983517,1
-25.230780226832664,-24.149796783398045,1.2247088610583319,1
5.319790006942776,42.813512934104075,1.2962016081115315,0
7.403050455160211,1.1874620385751866,1.1743628162512252,1
22.53925168339713,-49.48842031972065,1.0109461082422406,1
-43.74066339231096,94.47601330335414,1.3281362443190805,1
24.310251315090657,58.618715086894966,0.8612495592459773,1
-14.190693450534239,-11.89589291742134,1.237766751960167,1
22.723724686018482,-5.2137868112324695,1.5210005063518275,1
-67.45722322151197,3.769583289925853,0.8185810740533747,1
-27.130703957397618,-12.568612527984683,1.0889994760655002,1
1.0103246617135138,8.484169374439833,1.0461816131733077,1
21.431671748095052,41.317589393501,1.048181208458775,1
-25.515641717493846,-71.46030387323036,0.9965996205178905,1
-29.10822083915249,-37.57331340827094,1.0211081824972676,1
-30.48445617070471,-10.59532489930564,1.083404412473804,1
-14.841571133047726,15.22630942636318,1.3549416723548726,1
-11.250494351774663,44.22598929229272,1.0306455951207987,1
-28.450230917061855,45.92432225463373,1.05650705499681,1
-26.404003754097783,41.02429683347613,0.9998374363832954,1
-14.118683226235097,-33.48736011655843,1.1736232926559003,1
-20.525429218036148,12.9824062869927,1.1790296379212588,1
35.184456132488435,-37.941747234582536,1.2065633472333954,1
-11.705954042526784,42.52077096532387,1.0205116620692414,1
-26.734583120203308,32.80619382986505,0.9687402444878082,1
-4.570910383150651,-21.306340334363504,0.8975914231448554,1
40.84759659200769,-24.089742147651666,1.0580072827170077,1
-71.89118875479735,1.5094261566799645,1.0104712989955336,1
63.93758861993962,-36.54106995906526,1.1021279791427308,1
14.656179563334902,66.55098069145306,0.9192315760449928,1
-40.5811458926598,-48.78015209793537,1.3674279454464322,1
41.90366295675995,-33.492134646605365,1.2264698123495759,1
-37.49854761572986,-12.016531399481066,0.9771381770952712,1
7.688982763054606,-47.73137475652508,1.1607768837249839,1
-11.568211168406267,-12.393208241318804,1.481951225743887,1
36.50213480332551,-2.6319596883625502,1.0312988746971379,1
3.6462697343760224,-6.141239272845951,1.0247639381985643,1
-37.20114873805142,-69.07989010630301,1.0127340018262998,1
4.502290016356449,61.38732644571319,1.1713598330004733,1
-17.668431141050345,19.578086102907378,1.2549097127270668,1
42.77844157075905,25.515050066445546,0.8358461568273462,1
-1.1526380836622814,59.972108777216604,1.1563396325328,1
-13.206313193300737,21.431671748095052,1.4129370577036335,1
8.83802555451791,25.85284541179767,1.1390188371095036,1
-17.770675189094526,-39.466202545045455,1.2696217011822293,1
-30.171888758321565,-22.968630663855645,0.9549722646284828,1
8.528866003125787,39.18568938618856,1.4518428917269266,1
-65.45986014837838,-23.323930347571388,1.0428399684144982,1
-7.6786379479529625,-54.477387835313735,1.168166443714996,1
-49.05534992396529,-23.95416475864144,1.3146969420345938,1
-25.838060399288494,12.69805112806493,1.4254385290148228,1
-50.959752823248245,-48.41552512449777,0.9248404753598792,1
-22.901775357811083,-10.023125763017736,0.9434274977698932,1
-85.67562604604514,-16.033137149213836,1.0931331876116839,1
-32.54155808395958,0.47795878117963075,1.112459223609348,1
27.027865105410786,17.75916985735662,0.9976781260231844,1
-7.0961452822292,56.52446759292906,0.732720554019232,1
65.14225560111043,41.364379787960765,1.4538628405555063,1
32.571594150001665,8.443839664658139,0.9875114842125055,1
-54.46131970534816,-14.130313491733997,0.9660258589610451,1
55.28138459142838,-37.867991434604036,1.4067296449036506,0
-36.04252944666642,-53.655770789740245,1.0053162461575353,1
-45.82807969687435,-2.765934647868692,1.1275408135807263,1
-13.668285891809337,-37.74624091840768,0.899275161745411,1
25.033300795328014,-5.398045977385166,1.1143526165591495,1
20.944807410137866,-3.1887203916700044,1.4672414181150277,1
-42.4764508711927,9.585128554512895,0.9709671558512722,1
-11.203405642100764,-66.21472567900257,0.9608694737264204,1
41.053000853401066,-12.82558133852861,0.9228202166281999,1
15.488683984242636,17.256996294345974,1.0671966876641148,1
-27.425543314685232,37.76056450854842,1.403649477198155,1
33.25199070565186,-37.967585147301435,0.8635160492068955,1
59.39113883791614,14.713907972083984,1.0782746652779194,1
5.3440492969796916,-34.22780362875232,1.149622461695772,1
7.224102687486556,-34.54133762441518,1.0533470798196027,1
49.27928175803671,-42.64186743630833,1.2437331565969063,1
-31.266187787285606,31.031524714766977,1.0417712313109178,1
-19.094322266036528,27.258768646263213,1.2493143280706167,1
-37.46600680807337,52.80495466928305,1.1670496083313737,1
22.83243460744768,7.125459492443699,1.221726617300005,1
-34.72710281572687,22.13215417004674,1.2683770109614247,1
-5.693853720032051,20.641607899508838,1.303770895666508,1
-47.11207842168967,26.015668205326502,1.3043651511676464,1
-65.69406358361408,-36.56471128516966,0.9883327774881475,1
-30.627864230647535,-7.214389502922348,0.890753916815728,1
36.49010777664957,26.50892731713488,1.4098654241142474,1
78.20300424685898,-13.539590604635627,0.8572678873544974,1
-2.5155805184689806,-13.822264485822366,1.1429173551246496,1
-12.681032441358239,60.24179732420684,1.4194878712170107,0
-13.506168894307216,-25.214401689810934,1.0940051545700196,1
-15.568607076458155,-40.191644579083416,1.2925358569618912,1
35.571333969990825,18.947831003233432,0.9821202736196882,1
19.025308604449286,50.859487692262995,0.9355911346145441,1
12.098481363830702,4.34926671906719,1.0204659751562437,1
25.926891787266634,-42.86891378124485,1.357865889248799,1
-3.625327189790384,12.593486127914643,0.8004912806037099,1
39.07952843400903,-54.66836903719039,1.3369797328110589,1
8.941326467433742,-17.366042961193546,1.0422174619066766,1
-49.9783114449504,45.639916354242914,1.065249939908834,1
-28.626623277128477,-13.32690699345481,0.8585155159512332,1
-48.36598937526102,58.6670379514827,0.9322700221251359,1
33.59987753420818,12.223499056877051,1.2126049588758414,1
-57.77439439473831,72.29928904557306,1.220131783632572,0
-22.382555734884434,37.329689120347105,1.3634300613738908,0
50.72687897063736,61.2668465705777,1.1462163930053595,1
-49.7258778439809,1.4860724771026685,1.0629659794118838,1
-27.167427035338928,54.317651719773544,1.0473799636743204,1
-23.57527110019329,55.19336154364226,0.9115401076987918,1
-24.226697039269617,-16.59360964813523,1.3755589040048568,1
23.805596172892656,92.93324328194434,1.2236160506979046,1
38.32327697836356,62.19251683433956,1.0063391800167911,1
-22.123155410062214,2.47637586441993,0.8095760041228971,1
57.4981962688434,45.0807454314406,1.0692848109509512,1
12.971801321215427,85.6535770010368,1.0205594208425517,1
13.247408750440638,-23.73874320862922,1.4875542142464986,1
4.161366215347565,-62.1008073053328,1.1910223386609824,1
98.09593343988625,2.3764764219097887,1.1042352198105323,1
75.29468990825414,71.06291158578887,0.8579954661736973,1
-67.65210668352312,-22.75660383611431,1.122139094454601,1
-15.398111577187477,57.17407266691792,1.262974749048383,1
73.701035114171,33.007363304874616,1.1595767142310844,1
-24.682692661858905,47.010673914215936,1.184636828451041,1
-21.80499936346563,-39.84205643751254,1.0384939249010658,1
26.43776650228667,-33.51362003181649,0.9265237830538899,1
-26.77187981143937,-42.362017841263906,1.0323311170754408,1
-4.196441473563292,-32.240425739219425,1.174823039179543,1
26.991418425700026,12.602017195115579,1.5164803663789512,1
-36.95957427041446,-32.518004871506896,1.111704873972621,1
46.275668590805715,-6.850662369439644,1.0656130273189715,1
-7.2647458745109255,-43.512381174442766,1.1310962736398256,1
2.111644425295195,85.15320082651768,1.156377737876431,1
45.62709498043531,-4.6450147666486865,1.4521219005692476,1
43.909077479512725,-52.77235839434078,1.1796738476565116,1
37.65700882307138,24.920627319540916,0.9621146982248511,1
22.43977224984882,-59.723143239034265,0.9994065621970228,1
-29.90505830782807,25.633960326152902,1.0748265051295485,1
-5.6349003613704935,54.012826061748804,1.0461280134689501,1
2.9409161966310093,-30.035819034967986,1.0159005519496402,1
-12.998925283888667,18.506025015615297,1.2002435908678346,1
12.060116360039155,-44.13687237765587,1.1697220815150204,1
-42.56650593735221,30.60944930801594,1.1733022222934169,1
-39.88280581338668,0.567907968471086,1.2154188346197146,1
62.1499198938798,45.27115277153278,1.4736160919115482,1
-34.51528835018864,-29.44305231211179,1.0294543873749111,1
-40.95203943678397,27.332692477955526,0.7808749099567657,1
10.213410820755248,-54.13217674836895,1.1346115789025786,1
-5.698320490338342,-18.603805675161833,1.4506290348583728,1
22.151221511636187,-36.22962549174017,1.3609986364087217,1
34.97076262620067,-28.100622236652782,1.299185053960919,1
-46.89659899109337,41.445437502287405,1.3312031454725755,1
40.83509287115419,-37.022193523828136,1.225337089483078,1
46.616449649205805,17.448411544408703,1.0879387671595657,1
-8.964743197288788,56.0893547603516,1.064859512447519,1
-22.582442001448385,50.075596668196575,1.210320309676776,1
45.34597213840441,27.778241209394825,1.0283633535846841,1
55.72493960877951,66.24845658934241,1.1406680059142738,1
33.60314247019615,-1.2604759323858843,1.2160624834726363,1
-23.10761507124949,-32.43168931606878,1.351907441298648,1
1.320157557972323,-35.32674781713288,1.1570714170321836,1
17.34884162619609,-50.653009498793395,1.1392254172951257,1
-24.504081833285625,68.55628331115786,0.9109899334076846,1
54.46241112549677,51.99361874935075,1.0518474680380778,1
-19.76550118907563,62.555120324247156,0.8691266733883731,1
-47.87033347476554,-36.70017122594114,1.301971621551931,1
26.444928297357055,32.437188719918325,1.0974826859534996,1
-10.047401667479269,32.04724249115735,1.155827625556667,1
43.88688337499777,-40.954128293679496,1.1171476349192218,1
50.06040498168367,70.99454899648075,0.862835020509962,1
-45.00683203359894,11.103077806218092,0.9562177150358391,1
-52.27079536931281,26.186669626637503,1.2099897110332853,1
-24.09496428989049,40.13168836508655,1.358068407108804,1
58.32287391060081,9.753967008345874,1.1608391654507169,1
-10.311357220641158,34.130022712078,0.9866778938078042,1
67.78236183136555,11.887684592437507,1.2813044589134188,1
-25.90111741743711,30.95261066919349,1.1012364751466934,1
11.993347660548826,-10.588643102686305,1.4252298909072272,0
-51.05688466889019,-11.43649150300394,0.8565981529663147,1
-23.040091557649937,82.44021881008624,0.8790038812261659,1
-17.20274727186275,-25.632295582517003,1.173941055081733,1
-7.7444886445406285,-26.67821845360984,1.4903706374914636,1
-9.45834402294098,19.643610245524943,0.8796821731775799,1
10.672451923140455,-15.136178427579496,1.0631734108850124,1
55.84056037231986,10.111614675749125,1.3239999982868806,1
-26.79912577094622,23.202659116040873,1.0135448611106674,1
-19.045732982983335,56.01695273238648,1.3211781078801927,1
-42.434324426109036,-14.649314089622338,1.0770800511066496,1
53.77623659303242,-22.313521695314638,1.3193397769629185,1
50.09298715144163,-6.721721610128908,0.9899030326819274,1
11.372815058930653,19.960038373956852,0.8669633810215035,1
37.588318804324224,60.39229020910019,1.304380064463773,1
-13.336736908257304,-44.045390751187675,1.076935558226465,1
-63.90193035576348,-11.524793180860264,0.9668028851841397,1
42.03331847317549,15.907630569285601,1.1132696571976897,1
-7.475754044410063,-74.5368865466859,1.2497747717955792,1
25.511609258930626,-22.32765802498442,1.3807997186062764,1
47.64188848882758,-4.450404563958493,1.080225571714657,1
31.157389453663324,47.81051620912093,1.0747149788600965,1
22.47013203329932,-27.23869391765686,0.9927953671975934,1
48.241695902844,18.63078711078998,1.0064458021780138,1
54.854558897294616,-6.268335917756824,1.226708147044011,1
-45.148231577296066,-26.933399448310777,0.951110211847514,1
7.895879065087652,59.691934230871865,1.0065847657425435,1
28.43395411008373,-67.4006300157111,1.2817309224778974,1
-20.178357610779553,-29.372023250313244,0.9001266991911478,1
60.32117388623681,-25.622754223278093,1.2611347566758768,1
-46.947418874683706,-13.004214617870131,0.8378764350206339,1
-14.452008535113915,-51.04013779895193,1.12149178579462,1
4.538516345733407,55.420538372990556,1.4320315868463755,1
18.631409875578704,33.38470772054975,1.2091854846508376,1
-23.08839637335898,15.122018388047332,1.1675855636256636,1
29.931120516153058,44.14634138938939,1.2656975536750423,1
-73.84526897062928,17.06512529368786,1.0276047882977335,1
17.300957237192726,-32.669721846024046,1.0102486419433376,1
-7.044312199185608,-57.173443954443115,1.2473221063526148,1
33.55989624611735,27.119789755911565,1.0475964954784265,1
-20.522290327531255,3.3548013303491713,0.9970268301304492,1
6.785800829179633,-86.05016140305878,1.4633435126709136,1
-3.514292841032658,8.883490605292279,1.0843925756221697,1
-21.704781992942902,35.41267154256676,1.1891605537439447,1
-45.63894143399781,-40.735525899017404,1.3644751609016887,1
-9.03023457242065,-30.83365203921099,1.143604014127703,1
59.60694290362394,-48.252594286646755,0.9422017306540329,1
5.0564034293990945,-16.50881818578697,1.151478274976084,1
-75.40931042425281,-2.5042635309757015,1.0604354645596947,1
37.72475553319656,55.665715313657316,1.074930693330355,1
-54.74545780357289,-30.542569240746886,1.2141015180864063,1
23.510444506883854,-32.29228701386695,1.1268259151905964,1
-34.33844261878941,-37.25653628944474,1.0522155544776204,1
21.218216684083508,57.32149705212814,1.6178491078858444,1
-39.36725669209951,-35.330265891904304,1.2681338385437209,1
-9.578453294433706,-14.519644280800058,1.2920858667661088,1
59.38520684603968,-27.45155838224855,1.1781052797399603,1
18.414765574699874,62.97455927818491,1.1218385658788477,1
37.13607768082109,47.511999569142134,1.162698208692149,1
24.612702391852956,4.141904815699794,0.9805916478528065,1
35.175331166071864,-4.181789609384388,1.3247745928172625,1
-42.48734925499546,-10.595640993665628,1.1759610217165937,1
6.717763776011069,67.6689369019385,1.0727158750285528,1
-12.96850312611722,41.62322213926741,0.9467820073041171,1
-1.690367272379362,-18.5265538503176,1.272005893042732,1
24.71535478786167,-33.57941902402553,1.2928848205753467,1
-52.72738994728432,3.8434966877675434,1.1046718513628895,1
40.25968444963791,-11.271741338179408,1.1670409705816205,1
37.25399851576586,64.12383087431037,0.9679378221028098,1
63.24394043367283,35.48872917457687,1.3731621469272952,1
39.93402888505272,31.67935792967473,1.4595551237531705,1
22.862178573789652,49.11262709121843,1.1361664406888385,1
35.642325889656966,-1.0829919596803161,0.9466668766800709,1
-25.26323211074531,-43.561618515551615,1.2327854455001703,1
17.994010114315408,50.383228320083106,0.7118484393498564,1
-1.4894035445772604,-25.687110446887218,1.3748588637242867,1
9.079007610713491,21.732467141050783,1.0838858185906404,1
-34.99253071384877,46.954160840387914,1.049821773468409,1
54.31027928367167,-10.346804489171308,0.9007968232818415,1
36.52515485890885,21.688302738116796,0.9650661617591585,1
19.73743263716976,41.8320018627124,1.2971558916560557,1
-2.7632592646527443,39.19690229766239,1.1650563723727763,1
56.40768150286102,-2.7345035723247197,1.3297071340140783,0
12.387167138338246,51.290037960611386,1.3504736139054283,1
15.62753076045809,-45.38725886237029,1.132781944804811,1
-36.478813831982905,46.27678141134938,0.8894253026261342,1
1.7009263292139054,-28.772511695228708,1.142775122164756,1
15.369344846857848,-59.42565772560383,1.1051586732430418,1
18.66751317127592,-58.69115586867175,1.2598341734757053,1
-0.5639913617919751,-14.340805994283125,1.041507514723622,1
87.04120949454136,-22.798658562981032,1.3371641743167926,1
1.3081466308230534,-55.13798882852379,0.8327628045301092,1
13.347795562410077,16.74883438048897,0.9977772676336258,1
33.778273342672875,45.01146563386806,0.9894667977505757,1
55.3500658272223,-61.9601374255085,1.1114163515031503,1
-31.67186463396466,45.02685134306425,1.1823199839107852,1
-13.709123361572308,-31.04752446971142,1.041598250441383,1
49.219436621147295,-33.73802294402153,1.1918139753817634,1
6.117527924302148,-26.285723528562933,1.2593661199958905,1
37.4123910866656,-47.94022984011582,1.1417734082894817,0
30.517425592930376,-30.693817952996998,1.3291394370588479,1
32.64401283807912,33.195953102396885,1.4818364328459517,1
9.836987546051903,-49.73211634142895,1.3389968918601864,1
-16.528080185848157,49.05158204918539,0.8655917004774628,1
11.629280707067466,-57.54481274942591,1.3522698538237226,1
2.726654534293045,18.991886894120874,1.018188916338618,1
26.041688096655555,-35.42519655081768,1.2380797558537153,1
-28.74512836113608,29.143239910636304,0.9440790656814922,1
-38.60207542931741,-3.0218796421940364,1.0774084516905185,1
51.81599425433242,5.158527051541762,1.3292079313630119,0
12.875884422951493,-59.76262207831972,1.427440146017917,1
-25.831736587199387,8.64993914109236,1.5681880339032532,1
-47.10854343309723,8.152969144536977,1.267790734614411,1
56.01297993148409,-40.421074596178016,1.241003347382948,1
-16.53574673509238,-29.815543338988537,1.0067876994551361,1
-14.298612275225349,45.04658577736564,1.317249471191691,1
20.893551549688027,-8.926126282550666,1.5172446243107716,1
1.703032739528699,-45.898329691454116,1.0663518297439898,1
26.132782134855844,-24.723394916289738,1.0840474021744884,1
27.989922815720515,-25.674709791152242,1.0828564655576318,1
-0.6511119786541564,-52.116470066077966,0.9657470039848007,1
52.2768225058098,18.396471859031003,1.3959833563656645,1
-46.48772335859024,-28.347919558913645,1.0373946336896263,1
-49.0086257178661,-41.872821032827844,1.1388062029126387,1
-39.84433091248013,4.342364863993128,1.2131607777127495,1
-25.241746725534185,-7.8568870697044995,1.4048698424386126,1
-1.7147616151453058,17.23306938808813,1.0672450968611482,1
-2.149125553495113,-39.812242686495814,1.571972095859599,1
65.73931058347732,-17.44096038388093,1.1650043210410492,1
-49.33283170976154,21.419735422977766,0.984626024060931,1
-28.986906457912337,-44.80115997003947,1.2765494518521983,1
32.87025210799452,-47.17474412855544,1.158356162626992,1
37.97541836065966,-45.68512551991305,1.4736664881670862,1
19.41070270167381,30.338035336393325,0.8828043373159473,1
-31.082190605424405,36.58423966823946,1.1334916971108868,1
-4.8949860602477155,-30.017756204295893,1.2438751152826037,1
7.412457897837383,-21.001964043872608,0.9987063204546675,1
48.3753679164246,-49.030160608573105,1.0444595539457706,1
17.305761608052418,20.14827807148398,1.0750773603072148,1
-36.387887120060014,17.577276676524782,1.2243044437425274,1
-4.46372650443904,47.253156602787485,1.299047805745753,1
-55.538527138240866,43.84928395087829,1.1635685450683781,1
-18.294904976647086,-58.63073162925094,1.263162927795624,1
36.49763004949661,-36.056164174263074,1.2092008553872733,1
17.900595396006167,-4.659059075672836,1.0103795996969862,1
31.249299157066464,54.89515921441891,1.112372498017064,1
63.953487141866695,-9.30585746956759,1.2854300298511383,1
69.91142922213025,-36.79260314356815,1.1342959558237653,0
-24.769264464453034,63.4400146410206,1.2512808457897364,1
37.013859317604485,-29.025522652223078,1.1811689253624547,1
23.896522884815546,34.9831308578189,1.0422470829197896,1
62.79693622838804,-41.11017819116878,1.3249673979840848,1
7.775769793594925,-49.521574850678704,1.0654439173074233,1
3.9953209206618645,-28.676438834528547,0.9893879971330458,1
16.31883681532031,-34.11589756520041,1.2572521480234713,1
61.940303834783315,9.813829487343183,1.205909338387108,1
-8.184686235860358,29.16952424804291,1.0316659718238868,1
-39.542061032304034,-39.36749227746366,1.0693819167966803,1
-68.52438076948074,-35.25002980024268,1.086893851773322,1
17.434739026547064,38.8459019978497,1.0981805425485482,1
-62.25315762890866,28.16301309392704,1.0500669021504792,1
-29.934548052235495,-8.834635928723968,1.0499879991633552,1
-29.797075960147172,-39.29607475012943,1.1871765794719564,1
-21.746938397069254,52.3071301246839,1.4439655613409381,1
-1.291680896621068,24.695404073022765,1.0615698015431463,1
-4.8572317280859965,19.119435053945654,1.0721690029877329,1
-7.206556289564126,22.82598372585855,0.8987867045759846,1
-4.233416641599029,24.59977137297591,0.9305278375479096,1
-42.228042881757766,-73.1157537072539,1.1143786770548243,1
-33.99658728247776,-47.40175285821567,1.227055678280641,1
-26.952938294348932,-31.00364958615262,1.2817863747457392,1
1.437242056168294,-16.561651100240535,1.2545923705048536,1
-21.63874104034718,-46.919358668111144,1.2425426493215517,1
-51.57089266925351,-19.235387926513592,1.0065813231832899,1
-37.46112738707157,72.71382882873549,1.141335050204172,1
-21.782599706543387,22.330201575770477,1.175891905828724,1
-7.550370843449336,20.89647273810628,1.2355536175882618,1
-42.83485908397839,35.37194308450882,1.026386994313911,1
0.7374150621879604,50.893298027130115,0.9441504704691257,1
10.94649900783006,55.4311510050581,1.027266561171726,1
-8.515939743549014,-61.86754365201093,0.9361296268014266,1
57.89316620637837,-26.194265469893953,1.1993975696114605,1
10.19506224112851,33.515348740971405,1.1175075322687467,1
49.65473947776847,-22.277658790783015,1.3808478559969004,0
48.73857323785073,41.92975235308776,1.05676728928587,1
72.27845461211678,37.54276745298362,1.2246548274961129,1
26.313812356837893,101.13088182778564,1.1667733521325476,1
18.298386404806305,13.934574453971432,1.007810976180379,1
-9.080830613095038,-73.18974769759699,0.8544126107819249,1
68.33200604448034,23.93170363252967,1.2688954285593854,1
-0.33342885539904327,-63.022783157727154,1.0773478527928229,1
18.28739242114563,73.42002168263487,1.104128431670862,1
-39.663426262056745,12.109552924214196,1.2973899822832702,1
-8.429899871422094,35.116409009739954,1.2349660436757826,1
23.782716198783433,47.422813892286165,1.1480586589873223,1
7.134938338860371,-13.370176172004985,1.0976055317033404,1
-48.48433916486735,10.549121446348005,1.478362078613967,1
-74.46078546917755,63.120613478578406,1.086862947649451,1
-26.95170314418462,-3.672755341524558,0.9949887035344988,1
-51.89973842623487,45.64570088103052,0.9567779351223935,1
-15.922480142346915,30.221042504623767,1.409350971649811,1
1.2846469907483877,-94.04947618549096,1.1636314345490164,1
-35.032068252613556,-5.192855173062871,1.4005777177823198,0
-48.883573128191806,-63.97232286870048,1.333502293207767,1
-38.79576943235707,-47.00579087212251,1.2513300635417297,1
17.825120021611035,-71.25371463355928,1.217290243189468,1
77.10667087017693,19.600440536350742,1.2362728971987709,1
31.04800931077035,-28.87559813942349,0.9032137681009261,1
29.430671596632727,-37.6771613254504,1.3057560032101352,1
20.28734144880698,-17.017826307983952,1.037486640022789,1
14.534757774808877,32.43871884816588,1.2064082505252702,1
-18.396619134487782,45.542725881640266,0.9120586924467735,1
-5.9689085789650695,-15.368764608831322,0.8547586789226136,1
-5.568295667215996,-13.75959877895659,0.8441255138097058,1
30.190125837099856,-56.12930501786959,1.3662278602151885,1
40.49933372683984,45.78486196800142,1.1266950016593118,1
31.89202435568982,-27.871778238300866,0.8468089710600152,1
-75.97793540536938,3.2179687309451963,1.220702788306388,0
54.65076295764238,43.54639970102706,0.9718653163737947,1
-12.562631117562427,16.403670326629353,1.2377382468607374,1
41.71447220365089,36.53932924498565,0.9925164158266885,1
-39.276477798444304,-5.19826958857999,0.716820253063206,1
-56.68322071698902,14.18333832062042,1.151523688178166,1
-6.2928028429399125,0.31770056038929123,1.021374390300276,1
37.07124173302489,41.14152859802096,1.3234944181213373,1
47.55509772327119,-17.55729630621976,1.0118993389549131,1
50.63122452172213,13.618458083553744,0.988233286082667,1
47.70404230190866,5.99956028341028,1.2174737424306212,1
-57.10636344239697,-24.556004847545825,1.1502936845587957,1
-6.989226284901962,33.53815298939798,1.0422380153521222,1
34.9995259555454,-32.68818151161241,1.3245125206424664,1
23.04047134981276,-10.429852375441902,1.103781759854303,1
-4.488431254261135,30.31453569631866,0.842629931590899,1
-7.0667635588635624,31.978792257503958,0.6990957581277736,1
30.85838450947522,31.2522832383458,1.3377802502592944,1
15.532143058874222,-10.827738922022121,1.115411648299073,1
-30.78046683162623,-53.15444513481405,1.0871458162112437,1
-14.70388145898544,42.56254810323438,1.0675496702201095,1
34.437838134365904,69.84598398794381,1.171395046204155,1
-55.772479110539756,24.812039021311712,0.8854324793021789,1
-33.32193669316821,25.54549109293063,1.3385773472295421,1
48.9388351421605,27.702351661352285,1.1660382872351784,1
80.638794882132,60.5660536312386,1.3668179404041922,1
6.9991416259943025,47.00987153640717,1.2255630495027212,1
46.334059568756096,4.611553300122421,1.3141998880558772,1
57.74608872907107,34.273099587210424,1.3603711704980097,1
61.25302068383791,13.57138061530156,1.328993845311921,1
46.43779541581391,26.645458559327523,0.7950857521843779,1
-5.821428079186147,-55.13717849610742,1.1376643524921641,1
5.986574975049562,-3.7306095278816613,1.0309402027338312,1
92.38378309855602,47.81665893453702,1.1976892660415204,1
-23.710954667585096,23.877091657880428,1.3586713742571284,1
-9.700651422821982,-69.90270078438823,0.889352758368704,1
28.518118766166452,32.12661905318731,1.0345408148452213,1
34.70287589100252,-8.856753237029544,1.1047676645982634,1
40.91956720686262,-43.52190310652498,1.1041137737128295,1
-55.314029991890145,-41.379155702000695,1.2721523113511854,1
-3.1925329206891226,-55.97300937251024,1.5208669120979823,1
72.00289718877549,40.60111147833563,0.9660380672188864,1
-3.6442518761943026,52.407812695746614,0.811344945112536,1
-76.15043860244734,-14.0139088168722,0.8126424856646933,1
-49.550143040573396,8.671459343002898,1.3316687778388883,1
49.283730008710876,-4.979075254607944,0.9932264927635546,1
40.05591982860337,-40.20005095439467,0.9587640562854731,1
-47.69940735707302,-46.67946895567145,0.8060351227320105,1
16.16097770035745,7.760385644837332,0.9225870336599119,1
54.77374440736647,-20.299772417831992,1.171564743875772,1
41.78185468415172,-17.33414310883937,1.6066547437846543,1
62.05695428479319,-70.8838667090295,1.2197037905417873,1
29.010270387429863,4.1630353371912205,1.5166041690715137,1
41.67067359132536,26.29129624181515,0.8917905856133986,1
-10.903832994644851,0.6924046955333094,1.1364826184044556,1
-29.37965488405987,-32.19890758395383,1.333165837093607,0
51.77037091612892,2.563983328372554,1.1454292878777759,1
52.25296839024154,-26.792786915060955,0.9933738066091888,0
-16.107593292778805,-60.44483421445194,0.7810533522671073,1
58.41013568134465,-16.885559559105197,1.0262990575579445,1
18.56803884041056,-30.37957510420209,0.9361138946678965,1
30.08181804854894,24.202635368050764,1.1042343126975702,1
-60.78271562573594,-22.228960741471653,1.3276032537793492,1
-45.28044933244142,-23.386841802307224,0.9001905670221291,1
-58.372377274459346,-27.826488532444372,1.019067289918099,1
-40.805482541694644,43.46035227342749,1.3820270402272528,1
-17.040894553699754,15.4199416027717,1.1746439062335332,1
-24.43127025007016,25.885114649356126,0.8534973118237115,1
-20.226102911248706,75.15707110101951,1.1756718062743996,1
-2.8976622854734226,76.36693701490805,1.0401145610706446,1
-31.758980239574786,54.81996036617999,1.2687852569389986,1
-31.491166797601046,-16.213927102744748,0.9167529590370582,1
-57.21279567469281,-4.287130104626824,1.1421962222759339,1
-33.0493488818196,39.84449118283015,1.0379092177810196,1
-50.66281378148427,40.183179417930795,1.2914188812366298,1
78.90213398439512,-1.9349110037733803,1.2633424602268186,1
3.464518365293557,72.35203469845622,1.1156362947833258,1
36.972767050807256,56.87725231306231,0.8582343052639172,1
12.441231669751863,9.842693691717724,1.1352978506442186,1
-41.763845184817875,26.07463093860474,1.002299523434682,1
33.02354862628656,35.67085501837137,1.4291777857023609,1
26.438331907160666,-2.4142788118814416,0.9231004362053776,1
41.30923396591888,70.29421224823534,0.8437293600932689,1
-32.73182299697209,71.73360401602795,1.276015196126567,1
33.8201999515598,-22.506629642792582,1.0770317914707428,1
-6.96798684412775,52.16205487637826,1.1053429395951595,1
37.812487522808645,7.012292598280229,0.9658841585103588,1
36.64537070473299,37.484323841548274,1.0886919334724727,1
-46.01856183688187,59.673419362934254,1.2986711473625214,1
-9.826660303654775,-45.77983936707833,1.229486415035978,1
58.20483691777428,22.053686912540535,0.8204803015778006,1
-57.19972255670721,26.7211689643572,1.057937905024234,1
51.39387950740773,50.695223541499935,1.0119662307071837,1
28.033951578596337,40.11052851601498,1.1165517802700233,1
1.3549981144939196,42.17993257980487,1.0477883293225234,1
1.7760378384885593,-8.531706724994043,0.955575742680806,1
-66.33989620516834,4.597683966888972,0.8737170173524541,0
26.888408684407143,64.22752909842973,0.8488469390190695,1
2.17160776484859,16.772717464574168,1.4905718484809134,1
-15.57576143842519,21.89833126730827,1.396929235975297,1
38.238459599355515,58.15841787565148,1.3079610817146636,1
14.975410273167094,-41.203549098123624,1.260959516086711,1
21.468131795726045,-21.08530129560059,1.1028909499948807,1
-10.49274595760537,-29.56818712754729,1.0758939924846143,1
38.17331006655158,-16.213927102744748,0.9587165768872263,1
67.992937987581,-21.462681582420394,1.4315105213486194,1
-53.67108907364077,-32.23106189796362,1.1027139157962464,1
3.172277338671902,-21.37596889754771,1.0344056069440988,1
40.19304714009791,-34.6017916004504,1.3658398600075479,1
14.510592567586132,71.0037273070823,1.2482138826841171,1
51.26054821620396,-7.953322629714602,1.0282964179580973,1
85.13136277715535,-21.442116032572674,0.9985165230572143,1
-40.42329753510399,-14.037118337933602,1.213865314611175,1
-45.222523048783984,-16.930799507912027,1.165931297860473,0
26.19927872644321,-17.416053252136194,1.0225124713333469,1
29.01422227885383,37.08019397686287,0.8546930747444434,1
-30.904997917045307,47.98896614052177,1.1219481454724174,1
-47.86824461787,1.5457541026891075,0.8562124726883369,1
23.69479899033334,-58.50470392988755,1.2344284007436224,1
33.43215461289097,-72.49795627301512,0.9563148754808755,1
-2.541721070475831,63.39012243714337,1.474875695281538,1
59.88961605162117,12.27621197500533,0.9694189125315039,1
3.3839481707518506,36.100460411235666,1.2577161040501357,1
-41.348198385633445,47.287170129387896,1.4267241620850757,0
-59.17264664071569,-40.34639381101652,1.3432832202211757,1
20.44907346443971,18.699446928747268,1.096014361146183,1
98.66292129077993,28.036975985298366,0.9140874845267921,1
-7.632023457231749,-2.384595055997658,1.3129818623909826,1
-45.82603885967758,36.87528706234938,1.2493597150463116,1
60.424202735576124,-0.8242950672344274,1.0375721864461591,1
62.004475614018894,18.471257320298108,1.1381953934980606,1
-36.03736674344495,10.82435453715654,0.9869843488316733,1
85.63405073005691,17.02327549988532,1.376497699435457,1
23.127823547262025,66.62200182590094,1.1612024767611597,1
-23.70100587939431,-61.922073810967824,1.2907629607783495,1
-53.42997530627151,-9.313317672765901,1.31418694392718,1
38.14603759615974,50.81820205009261,1.5649101371641538,1
67.79501102034399,-4.799728955497139,1.0835071580135964,1
7.292431517491304,35.255262492263796,1.0684782006772755,1
-70.34966190400749,9.960429262192823,1.5134902970565123,1
2.42649835437641,-44.36526584762884,1.1517622148676072,1
-44.42428928539214,-11.459848721017554,1.0951143564162595,1
19.175706300927153,-28.973837712206986,1.0299240008760913,1
-30.917867196309704,8.397204720013852,1.3850184871247622,1
-49.72466870974824,61.8886521006394,1.0791902462965368,1
-51.50478379168082,-2.111352277477646,0.9723550896472319,1
36.99641448736039,5.488570023979771,1.0956055688522062,1
5.480116065412013,21.108943357736308,1.2913991224824104,1
-7.339529862669544,59.26953124002497,0.9981495921789014,1
29.488131687026254,61.138230260921745,1.1745180878918993,1
45.115622725307084,-27.340679283732555,1.1957731230861148,1
-17.631444238877684,-61.05877909685978,1.1299177767464434,1
-21.513785432953647,1.3786455510470503,1.157431284102567,1
-43.78981296632334,-2.2633378832697497,1.0841607288068793,1
23.58640797647977,-40.05302756520958,1.0669661234872092,1
-8.350785677891047,-37.61799173631411,1.1046382006953448,1
46.617836716235246,59.59781182530272,1.0290287776536597,1
-51.97397318667586,9.079778880951844,1.1843389591503146,1
42.43871318399516,-27.548592985440845,1.2088712535507036,1
18.925043473464054,-82.24689715230424,0.8945006113572395,1
22.76127457202977,-3.0460982728668076,0.8066617165825993,1
8.664804225008252,-45.75274068302826,1.2708835152263749,1
-67.5315146929999,28.79673541384908,1.2075492073640741,1
-55.44661743483773,32.05350906184392,0.9638269157834738,1
32.25574838854709,90.39243371265925,0.9815008152888356,1
41.19689988398172,-74.451501660753,0.8175296378504257,1
-49.75123799977721,23.378308599670202,0.9956217157165785,1
1.2718056573742629,62.260948037822295,1.093228418262137,0
34.109804364586566,15.885142320798812,1.4624629510057532,1
-5.115270490671407,63.315681406754905,1.3530492184321867,1
11.210198672655295,-35.51335236646655,1.3988816818006318,1
10.402507339718651,17.421066508685453,0.7743786531065302,1
-21.211088459927527,48.12224961636595,1.2514970873627214,1
-21.875703042458266,-56.63905631405505,0.9364378223410578,1
45.636086416415495,-30.057220002715713,1.2553161902083272,1
-14.562934039221126,54.83609498495922,1.3655522190319838,1
-13.276774427962206,56.587133299794836,1.1234554809790647,1
-13.582791963156733,-49.45107593045471,1.1800132734867008,1
-40.221742929848205,70.26753915249249,1.0558292431188712,1
48.977997317638454,32.94697012488476,1.1544549328736278,0
14.104920578149027,-36.75497803678195,1.162158508635337,1
29.758036973391082,53.914304672171994,1.0483027697552807,1
-5.984157234302408,-45.09090048957886,1.2653348681787706,1
-17.343480395423054,23.47278334315172,1.3107111465450236,1
-55.65550312439032,-71.92073548421814,1.001313662134858,1
38.05061720889857,-19.71463137997281,0.9621801809457584,1
-26.406364785439646,62.641604670826645,1.0747416524242523,1
44.23132254394086,42.46601624840284,1.0304859553547723,1
10.12718915217722,12.617380520089323,1.1609793210350172,1
6.06846619390506,36.44718370290075,0.8682762980979553,1
-7.749659082400833,-46.677596187420285,1.1390484298767993,1
-71.35105670520906,-65.34451941908394,1.514145937406398,1
-34.24680880214604,54.5330906858611,1.2502535025203774,1
-41.74327644084183,-8.43414450511368,1.4251494333079628,1
-67.25050486111752,-7.837585384282293,0.9760876668191779,1
31.429420259860994,-13.320058282321932,1.1347061133657665,1
25.41616627631059,57.621117463080125,1.02758014842712,1
-62.38742864206598,18.67438064600095,1.1532032657677411,1
-12.248297251037846,57.90311314397611,0.9882230853564512,1
24.38660084876583,50.76404300026742,1.0691736273700718,1
-54.272823918648456,33.545601151182446,1.129199431387892,1
-47.34278106103995,-16.246664742978698,1.0932161715700257,1
23.74460601968639,-30.56947118561353,1.036986731764109,1
-7.951109857579522,26.97174508727951,1.1333871943241765,1
51.23369148469005,12.327239764881746,0.8592063617528632,1
56.984016109944754,21.406605465348736,0.8428092687302635,1
-61.68724231997607,47.289521317972735,1.1421716756217997,1
-9.931923352311507,88.44377745233398,1.480669478210642,1
-7.499376047100556,76.67775892096229,1.1028217536449243,1
6.978897329178323,-17.151365998123897,1.2671783329189739,1
-43.86804941938237,-34.03877920148508,1.1323901812897423,1
8.479389253608307,-51.43313573675232,1.1733642418930224,1
18.423717818537853,76.00667745020961,1.4482168535397082,1
-19.67703195585335,8.382743403044838,1.022927684827753,0
-16.56379963876166,-46.001642096028114,1.0505767785080207,1
-3.084242616176415,59.7176940471329,1.0559493273139644,1
-25.80434551606247,-17.771994467133787,1.0422102076526856,1
-29.53821425328467,-24.391626412818898,1.0378679390321959,1
8.862721399588189,67.35668263687016,1.1242668141751802,1
64.03823868932297,1.3297357310542377,0.9334444791416875,1
43.96625993702774,-24.723710215443766,0.8604066388477987,1
71.02565089522002,-26.841246551589244,1.2427346507490387,1
16.06247398383546,21.546976648728087,1.082124273615722,1
39.787226867936795,1.009247700048787,1.129669687931215,1
-63.41268209161505,-18.203134530370328,1.2773579383521771,1
-38.34125059533554,-49.42122503630581,1.2856649691122382,1
26.833051385041845,25.765712893908645,0.8738082321727586,1
34.45294599578345,25.838060399288494,0.8001968633788057,1
-31.914309008068297,-46.85134798886124,1.1565352198345296,1
-4.707214725033809,1.2562288213557682,1.0093813979123967,1
-22.988419834444834,-41.09770972028773,1.1158617429751092,1
1.0088151498719973,-6.860353941797457,1.1627839576886267,1
-32.38091467525134,-57.81774247085462,1.2453706489135512,1
-68.24950194023288,-20.38038436724236,1.2302820438867006,1
53.603478317797844,49.64914432536974,1.439914204765907,1
-23.04463255090108,-36.133591497996015,0.9895427269540786,1
-61.98967681595029,-73.49358142785529,1.1558149391627632,0
23.307001049856034,-28.793731828770536,1.0773271650545544,1
58.33166571996142,59.90032986602082,1.155889339320814,1
-9.968820860457111,5.070948787328891,1.1828836416475548,1
17.667171830194683,7.084643005297979,1.1251321606958988,1
65.85253184211415,-32.41946462184163,1.4605665444601665,1
-46.021695122225175,27.054874510850585,0.86607923769579,1
15.15645751574296,13.004214617870131,0.905393783513993,1
-46.92591541934207,23.85882156523774,0.9810156130584716,1
-39.77242370120497,8.330125935199769,1.2320260162994392,1
-33.003938949308164,-1.0444284477629073,1.047425078158246,1
33.92673775505314,-36.068477103630244,1.3017972804066484,1
14.726441113457128,41.168236125470884,1.2993552604049008,1
50.2469985225488,-12.01183534792378,1.236331264249043,1
3.1112973759674323,58.03284215117192,1.120926484866769,1
-77.4328806886949,-3.023620356273644,1.3153921188798574,1
-38.28746800301167,58.545116916356086,1.065455744055233,1
-54.31911675515275,14.23716655600511,1.4928044820987543,1
66.9201386737169,36.04303583621684,1.0691853392029371,1
46.92071418848462,11.53984315387959,1.2021567375232483,1
-17.16666244499155,-75.32043841643078,1.2330062561107804,1
-24.388018624939253,-77.2410130391441,0.9066238083864732,1
7.185095431048449,58.18983021374554,1.261453324910349,1
-16.877963715848747,82.69486041258844,0.970350078488976,1
57.222258707218224,-45.908558116316144,0.9232024469213065,1
16.604805506433813,57.4949826428503,1.3177246960180713,1
4.678067884631102,67.12225876334573,0.9391053962748138,1
11.048049963870207,61.417543334503286,1.2361957019452952,1
16.45852125122714,-12.598313708295406,0.8233334829785144,1
-88.5792299689103,25.21500935727145,1.2329328485964441,1
48.46419277736235,3.589035938676218,1.2974169339903001,1
-2.9542404665294058,77.88707917427406,1.0223272573121178,1
12.419379012998675,-74.06315281296258,1.1968231151370576,1
34.474494203758354,28.99751142368961,1.1333024176977833,1
17.570887968778326,55.170312088243335,1.3405385245438637,1
58.4921707885144,4.179802647947182,0.9913680099357477,1
15.195484434543383,-1.887567049229701,0.8797337390443101,1
-43.24611240839726,-35.64493153235408,0.9236416915093919,1
-26.41248957850889,48.547491730720985,1.287336546154295,0
-49.15124718936021,3.397281299872219,1.3760168527428014,0
-13.079397157532137,3.355571246888094,1.0841322529726023,1
41.63043214715648,-2.8068407307786556,1.020608585639282,1
12.612053744763747,-0.13461522215611668,0.8544357693068263,1
39.21202164281094,17.471199074178084,1.2735636873457725,1
-4.082765750345939,-41.24542888256463,1.1889713931757495,1
-70.00708937314127,18.659188959488052,1.4188319306313115,1
-79.1843871955933,10.054086009544946,1.4447917544876931,1
0.7432444302684963,-1.9149474144564655,0.98581675651174,1
30.389424659193963,0.25479463231138977,1.389392236299839,1
56.8780812245288,8.285301672039257,1.1159005600768392,1
-41.203549098123624,-0.9687779547898275,1.2579364983459709,1
-2.9050031254205577,48.78972891692482,1.0844448650450365,1
-1.3159798441812751,43.37720229248945,0.7555523641680894,1
-32.49048444789182,13.566788624037786,1.409290172506189,1
-17.43641321240768,70.16768720199208,1.0644772281045722,1
-46.462145519053195,0.6722321281964826,1.2992999821243512,1
21.662166302084096,-13.315382265755373,1.3458830594362081,1
-29.40730716737552,-6.135542390403613,1.0086196052350396,1
70.82990107011894,-17.767051819831693,1.2129142619346158,1
-82.92663576089535,-24.082799770322442,1.3066522143001702,0
-36.26255570632846,-13.794810938052597,0.8354708808461956,1
15.080199136086494,68.58862690179826,1.1750532170944403,1
-7.85789984880537,-45.00157337288291,0.8683223738679408,1
7.895879065087652,-64.09595946953505,0.878117914820447,1
14.942289659328123,-12.28712044990417,0.8334579879885478,1
43.18562427435696,-29.93182727224555,1.117275790273925,1
-8.04691948676413,18.574758240214333,1.2976172331897105,1
56.7633345226292,23.70238206746665,1.3331618200758735,1
-27.884632742273315,31.483893854563984,0.9478700656156936,1
14.265400555801795,52.53176684119539,1.144371195664984,1
21.151862080229275,25.937773274350317,1.016469716953654,1
-57.40708318258787,22.829734842114604,1.201124620021811,1
-2.7234177470315277,-46.93492077471235,1.2265756304515834,1
-64.23603575547031,14.073980518442877,0.8803061320294712,1
-51.16272857621836,3.0415794308022486,0.9781779783137872,1
-49.53483105790031,-1.6710855164206575,1.281455284498569,1
-54.72596180588131,-6.830562048369476,0.9854063657421461,1
-66.4850167894891,65.9704983541701,0.9531575756265429,1
-1.3199797829174,-36.58343968049224,1.104776789234922,1
-69.60071175892078,40.27316094573806,0.8718175492691654,1
95.73977172514729,-13.379128415842965,1.0932501175328262,1
-27.40200454767072,35.094061818710074,1.4302851903751201,1
-56.329507616013316,51.559951037896,0.9266497453212881,1
-0.7833213358221877,-12.021371433751183,1.2498124859353725,1
56.966813759040406,30.315457250831408,1.2084754823460053,1
56.56102258860077,-12.971801321215427,1.042055060320657,1
-34.2314757036576,40.78070872758711,1.0340169380748925,1
-36.51043339126421,26.706731694929633,1.0059625666414442,1
54.62794318136863,33.30741438507325,1.1051268189842611,1
-54.970772381380925,-19.842759445085157,1.591294558520117,1
42.373954166381196,-13.810328160705078,0.9558466891427387,1
63.88968811902567,-48.10326324049853,1.3911667433126187,1
17.802282892118928,29.56254721392936,1.0530910483184044,1
-26.449657784667682,3.8805443383674243,1.0230065193876565,0
-11.675989750508208,-42.85902172330281,1.3312253897467556,1
-26.189867876429698,-34.4485484023192,1.0982542621793585,1
-9.225481889022365,81.56023486459135,1.552697832231261,1
-67.55661608258478,-2.6737368262730574,1.3459425098864006,1
8.403034088094387,48.427475329062865,0.9837739780657585,1
-2.419860372816859,56.44734056909427,1.1839383131884214,1
53.77840019952733,-40.339879658520545,1.2004067664712152,1
-13.231416392516508,70.57053817470064,1.1299680291830252,1
54.44502526369291,-4.312459771072903,1.2498839411847045,1
28.409425340498103,-35.156918893719926,1.345481348991438,1
46.516872443647564,-16.129916472884943,1.100764374269651,1
-45.082922403887565,-0.6832583522784557,1.1401671363402321,1
69.33612321882083,-19.34281485256921,1.156858867315305,1
-13.285129855544302,29.841841786770793,1.1563202899297358,1
-24.38433240688833,42.27723482609255,1.2083025116573158,1
-56.6962180487834,63.70085150511338,1.10910981894209,1
-27.085511078651642,44.534429012610765,0.9671090420389636,1
-79.83611054699736,-23.888167457233422,0.9074182650760267,1
79.86431011508695,-23.29284324200856,1.3102249327386164,1
-11.520216996603303,52.752197500943396,1.1589998360481502,1
42.22077132737597,-50.11863977998317,1.1616345579699854,1
1.1029164408376344,44.96891124688014,0.9492828097161324,1
22.064025699195142,10.601898225200653,1.0101189146700327,1
-5.483945636387145,-10.953965560137483,0.9975297109327221,1
-35.97011574095485,59.38202382600839,1.1068050081693868,1
-12.943123794344636,27.872431857146925,1.1536539076818662,1
-15.422109783346796,71.26915315268887,1.273953209201117,1
-0.3592833860304301,-55.72791683010187,1.0370582704702642,1
69.30335683614592,52.695715777365244,1.0736690033912755,1
-58.29965351856937,-5.894685672062582,1.159078520477809,1
35.95537086875116,-7.645216237624552,1.0532059112691243,1
-24.86296734181215,14.669345691646093,1.0212115274863176,1
-51.87685681950772,23.98659286104464,1.5082117294888266,1
-37.20003468104046,-62.697457490587006,1.2600625099501253,1
-24.510567987311617,-26.23683085568956,1.103853678504698,1
52.142881368874065,46.35257005447645,1.0682798349194522,1
55.06226776606097,-23.747318820849394,0.9760732242060889,1
-43.83874884653566,12.640308813881967,1.2183844571742652,1
19.149040042686387,15.330431862610236,1.003896139885691,1
21.955784932790635,17.80845451476478,0.893020088817847,1
37.879419830992944,10.125178254014786,1.018002644928104,1
7.992726066607482,27.48745778430585,1.0293794129505514,1
-9.76667967981226,46.61411531688797,0.9869983924064293,1
32.297905318620444,-0.10026513098523432,0.9514572598591513,1
28.529387599418612,-54.94133394579369,0.9341107249797278,1
6.34280319596062,49.33277018231249,1.4319061920188338,1
38.026574039733745,4.202439035937497,1.0479167000683913,1
-26.32118335721704,20.58449485021344,1.2865424719992797,1
-26.00113181594698,-68.94665984573155,1.1325687307238674,1
-3.39680267472433,-25.429422483532175,0.9687233347006368,1
-20.747065746206584,-32.169743840707866,1.3829617367528744,1
55.927890063566885,-0.6366835817562649,1.0754329556446842,1
-55.87381089185463,27.986238023672716,1.0243906774666662,1
7.309328048823989,42.788144647951185,1.0858104691887835,1
-26.044934423745712,55.548482541317426,1.03993744238418,1
-35.71497679157278,53.23451798247587,1.1260249587203892,1
-28.41384437759141,-29.602471333626113,1.170780537305016,1
-34.1812946540591,15.176494826402228,1.017673956755323,1
-35.91998317546223,-37.502739886014965,0.9223372269302744,1
-32.534106829114506,-48.9891573642691,1.2035299904879775,1
18.95010975621037,-45.33989223152553,1.0744979017789595,1
12.223779022804967,47.03735551552817,1.309477847412034,1
-34.75708670091022,0.3580897535187184,1.0792594253737293,1
-39.55231542070024,16.04925721656921,1.1466399897653121,1
-40.721811078951,17.421066508685453,1.0391262031769777,1
-57.387463898909154,-12.332611111184534,1.227794833728256,1
-44.442519309207626,38.54191635072626,1.0868405026616248,1
2.4477992436957963,-26.184034334079136,1.4593673369626607,1
-1.5555840174916016,5.733297808543259,1.0890862550632563,1
-27.630354585567954,87.54399249148769,1.0345209458728066,1
-27.578607903383343,-8.385810955129175,1.0179859345311197,1
36.05247638426416,-19.51947246430513,1.241931114492715,1
-47.78825167183807,37.19055606483256,1.11265686190248,1
12.293872310576578,-51.27194198108865,0.7552001760775529,1
29.456738578105995,-45.279347517815225,1.16783362276639,1
-35.576919148855865,-33.65517080497211,1.0406654126125428,1
-53.41966666185203,43.69508833277222,1.0063160542334777,1
30.877102837500036,-42.44557211708495,1.2171859794909374,1
35.78443957246367,-54.81624684281015,0.779634519258185,1
36.7778070738915,-67.33546250332832,1.1127757323554097,1
52.4521607344516,-45.58785561315441,1.197750156438288,1
-10.245425301175109,-56.91884377480434,1.2649492919439382,1
9.064462105795894,-24.256041635003236,1.2401578252188588,1
-0.05936751176756733,-75.58803526051744,1.1098607168748067,1
-13.483989031998352,-13.75470488565851,1.2702175486772713,1
-1.8155150503398794,-57.913855836581675,0.9193446170776091,1
21.33052709841695,71.80610488124965,1.0430582732359188,0
-5.951343191434513,1.9863130115636451,0.9021619418678753,1
20.54838368941556,-0.9250651965900012,0.9633754397446509,1
-47.91837718336263,-48.163817868586904,1.0720938569711187,1
53.385733057738946,-25.18616496814019,1.381214762906228,1
19.654244426083974,-5.25632353346865,1.1921576738648283,1
-53.1493455780738,71.6595597243982,1.1974534445079994,0
79.67153394310743,-44.282500211271596,1.4218794171988967,1
53.851737444677944,20.208557951437772,1.3177523075878776,1
16.1071081389192,-37.83391515160789,1.1605141510373866,1
-21.928819689230206,30.630997515990835,1.130475028615203,1
5.9323535832933585,66.3599994895764,0.9545643712504994,1
-2.186336883983693,-68.85867021412922,1.1504000744963347,1
-42.96200865168089,14.930437988998895,1.045355029211006,1
57.364037063227165,1.2306638818218363,1.324237491243801,1
-20.25965366292976,-17.935941505636688,0.9250504018526329,1
12.165790677734943,32.72878607548374,1.1246403995170062,1
-23.019202988694698,-18.256609266895797,0.9471053629604057,1
33.527846840942765,-24.869817286947043,1.2573002550908707,1
62.159851159750076,7.775077702454834,1.3315314474182196,1
52.718010429494576,-19.60209152290047,1.4532341486929625,1
-22.74904416354002,-25.46734327025097,1.368358225710985,1
40.40413791864671,-20.049638861541737,1.2750069180710304,1
37.13291274613091,-4.198602360006926,0.9767193019276511,1
-8.602876783573317,52.346753801877405,0.9531486313833949,1
-54.606352043646204,3.7544932200451364,1.0072663170521057,1
-6.7015444165870015,49.019327641239755,0.7048967373184878,1
28.945588409429412,-21.181008920631953,0.9894593159413873,1
32.11993471112164,13.736322944977871,1.061438630221161,1
-1.6348786635648902,47.27222411701329,1.0394323483780987,1
31.36204020046883,-10.690941278169333,1.2417905825083422,1
-24.291274208337363,-9.670981128958989,1.0329805860368344,1
-40.813806259874184,-25.16949685173598,1.1584699699909922,0
-19.973269842855185,-5.480400909534144,0.8559416386119202,1
49.38057701023071,-31.573354253831837,1.2842768877839081,1
-18.8080674873146,12.630621361612882,1.0294993694086818,1
-51.224043920942336,31.94247516375649,1.465917395518523,1
-29.36932795109321,-11.914839732079347,0.8665228763057972,1
-68.63839699601647,-13.572527752549403,1.5725588019962295,1
34.716801603639354,-26.198822975847825,1.0913141077869402,1
-46.114440368386525,80.86633476787071,1.445806040406788,1
39.259678526057016,48.70440629664196,1.3414950838448076,1
-32.19507315867924,80.8750022656396,1.3323129239951497,1
59.861574730266085,44.36858643484477,1.437565933577308,1
27.657317891413282,21.580023217409945,1.4566536025225336,1
36.67711345944052,-40.03856624824057,1.5583796479087053,1
43.324468508976,32.59326180116893,1.10055415270868,1
42.26126121453855,57.90557062267673,1.081868573642403,1
-28.14719078236766,-0.48449009188764003,1.2179458678844197,1
31.57289495410216,-79.2625600095818,1.1228935795621462,1
58.38012076340215,16.665336790065354,1.1973487360479758,1
-88.11514564835004,8.586992289378772,1.2511772508866585,1
-16.856192531303815,103.15834488814156,1.2192323821457154,1
33.867782349328856,-58.43678238954271,1.1657334362127547,1
34.82684869862317,34.41722895618344,0.9451005744184603,1
30.96494508935295,50.02340587420867,1.2006328923687966,1
-34.684665343708204,-10.961678262520964,0.9245176379621982,1
41.71944567244977,64.77246824897678,1.1419144211528542,1
8.8595383795569,-34.90619129550037,1.0190362995687055,1
14.308105178434241,-9.196615899490759,1.2697273964478661,1
-37.962629440891135,-6.164259328429292,1.4350742155136784,1
2.4509254240836573,50.501596877496226,0.9465217788421757,1
68.72673403383276,-7.922616433350386,1.2378733221307832,1
46.30677098193319,13.605893304247083,1.159002010473761,1
-7.6633364420194825,42.79237269564332,1.3316744552775124,1
-37.68052091658543,-9.709498346144201,0.7535141127710547,1
69.37093750041294,15.004955366193899,0.8834406887515497,1
-35.84478432722331,40.10200944526596,1.1492623423098731,1
22.33791427815396,39.62722212112161,1.0035292434903398,1
-41.49592165383543,59.719483334025895,1.2003084176073213,1
-3.753346021750114,-6.224793548666994,1.1305731132996633,1
17.755283611969595,43.3182501089935,1.1114027640016961,1
-58.70732304875355,-42.93993491569272,1.2501722726550448,1
27.179980102215055,-12.42813397246099,1.234920127690107,1
15.99624622626361,-35.99650130174043,0.9568217245129701,1
37.25207705855186,30.032987627614567,0.9556228836555261,1
7.361446998987068,37.3511260356572,1.0689309646829546,1
-8.181116075649118,-68.3574817583423,1.1340264977196102,1
-1.3837611189544592,-45.54134329571934,1.0256436683740493,1
72.87088389451206,42.11402163962488,1.0111431624140295,1
13.630430689294498,-63.43048426793283,1.0474442512255133,1
-5.135332601597938,59.31105694758379,1.3243472125218774,1
26.34871428277527,55.53953991734172,1.4448696738792426,1
14.802299600715704,-24.630920993347786,0.9029954073222843,1
3.164068497538613,-7.724372919981308,1.1071341236462275,1
50.44058337382466,-25.671697202470867,1.1118211899252957,1
-5.82684860789222,-6.973949682723374,1.1082989727069095,1
44.734671156388764,52.52250589929405,1.3226188638538798,0
-45.22284358948407,23.622246892446498,0.7582069454821709,1
9.206409717367562,-70.8830882530436,1.3547158406176967,0
-45.474979171515116,55.73521841997092,1.2585251124508043,1
-24.61717851377196,-54.0700607406862,1.046779079019134,1
49.78790410485824,-48.64425495455785,0.9030462960320443,1
-34.31574107969839,-41.91395803717361,1.2982747255896152,1
-69.10774153157668,16.27428407304176,0.9724271717381464,1
-78.41717989867946,-22.89983973752179,1.0558723743090834,0
93.3478010350564,13.849121217336277,1.033675416286241,1
-60.37362897736243,-44.31846245222589,1.124503593717348,1
51.33115746337666,-2.074146635698178,1.2095521146458772,1
-49.10137336577923,25.20898683125187,1.4388422905574867,1
19.657372126248394,-35.70962299868929,1.0717899136265374,1
-5.690046183412383,-20.761148684631273,0.986616591380395,1
-6.501165384075024,15.425404766960005,1.3188230945955792,1
20.58046256316827,-28.246567369748085,1.0619507593681303,1
-13.004977283673776,-6.782641213707399,0.9388914405280033,1
42.56402259045475,46.61001552315328,1.3435674810402416,1
-77.09942186907831,-47.24994297679436,1.2326525360388594,1
43.76886296040055,-6.1694388409355385,1.2746713483760912,1
75.92722355641337,26.644732000407355,1.209480864932789,1
83.53570820418425,-28.088162388504042,1.0872536679758464,1
-38.556500369778675,-24.663703053717747,1.159336008169621,1
-49.61620006804602,43.249364250483275,0.831645173470292,1
-65.8757257276749,9.185002177755015,1.0717572880441606,1
33.22619332299211,47.11625613548071,1.273898312379058,1
-7.604879690676467,54.40968006007947,1.3481950112303487,1
-29.7486643633207,49.435722832272596,1.0598603358233485,1
-12.774978044721514,-101.96504861092286,1.2076714601324086,1
45.44878843306467,-63.966827831008736,1.3992594786470498,0
-9.75306274129152,-60.273016239990866,1.5204572534525749,1
69.60713901090702,10.659597419167977,1.2781475210473279,1
70.47363406157736,17.187994055079415,1.1120091327709027,1
24.118601354760912,38.90331058161956,1.0696954528720448,0
-26.051029568486474,-45.41174890873162,1.0284177260010623,1
86.36142995869805,2.2559654471679003,1.1538011389597564,1
-23.416085798844588,-50.33727346838154,1.121041844013055,1
-49.15821482457796,33.72627914027709,1.156578527869593,1
33.2865489998793,14.560561301165379,0.894992650672642,1
-9.846689765778724,-26.074383248063768,0.8182442725226441,1
-11.355026084078421,-20.930346093168854,0.731662586940879,1
21.722619672829023,47.86317167969515,1.0921589810642596,1
7.202556350828002,-2.78662398615894,1.0369460238853236,1
50.343838447196056,-3.770685104552048,0.9185674844769341,1
77.68549614325599,28.086951456970397,1.260545721129511,1
-66.90907044497177,7.9854015034673385,0.8079292379149374,1
-36.797776020314146,30.781868161199746,1.1096193222554056,1
35.272959752073106,27.815740635045884,0.8910958362120737,1
5.51922410840047,-60.23334905854048,1.1098468442272087,1
-1.372218299060825,-4.508717268342674,0.933396935236908,1
14.623987656200393,58.47804613712561,1.1683783855905943,1
7.17098926674842,32.494709511534026,1.2658451371673698,1
51.2762146429204,10.30850877941999,1.1652768549531385,1
-23.86093495252139,-45.451978745238044,1.3326248485208096,1
-14.95472333132532,-16.494509271455783,1.1186694645728499,1
-34.27711434890901,66.85506346575255,1.14235231562071,1
23.459505857908894,-37.91908963538705,1.3578693691921437,1
28.81343623848798,66.53563398773083,1.0294398328181258,1
58.66504856396315,7.669088887859127,1.1683423231322825,1
64.08351848361318,-4.3356835937758085,1.165668037884857,1
-59.871386027805684,22.414383969399243,1.4029585135440572,1
9.35452339085697,46.43928872627541,1.39813834315952,1
1.5503324191724706,64.40489483988542,1.2321496375581316,1
-46.70010193590755,-31.54982502010019,1.3876254347907333,1
46.80310924088189,-49.58219711058146,0.9846854509171731,1
-71.06291158578887,35.51056722393916,0.8446074458890307,1
14.023192625296767,83.8559995948315,1.284349338247271,1
16.705318435085985,69.72503649463037,1.2961378710601443,0
-30.49541171386305,1.8230023815498133,1.3576266797661467,1
-5.885846958072225,41.049585112565595,1.0864810298508543,1
-21.417265838470744,96.31935233913983,1.3307442891924035,1
15.678754396482919,-51.589286350581794,1.1386146944331061,1
-27.289553042069663,39.84449118283015,1.01502572269963,1
-8.91858340113711,-58.33425320721265,1.0374081466820997,1
20.776092045499247,-6.475456376130094,0.917409736704367,1
26.9120726576292,72.39028519485481,1.011679973802295,1
-100.5512649675328,23.25252436268549,1.0777636341412415,1
-48.29636081207683,-14.536454605340255,1.1780077431594025,1
33.4694556288825,-31.499961984529563,1.0018524928045451,1
-45.66241173619471,70.22736882757852,0.950436865675493,1
10.75571405114392,-51.932780344400456,1.2124987009470756,1
18.918447083267665,-40.40948634313029,0.9493468547400434,1
-17.373472300939294,57.81903004362457,1.3142351242047594,1
-69.92054656882588,45.75829369205492,1.1589208064988086,1
-17.647471643168245,51.82656105241096,0.8821460783957582,1
-21.03180485666583,38.72740684304895,0.9880510916331158,1
-68.32926792024787,35.50189649720304,1.071746118697668,1
-44.96577796153687,50.439627456262315,1.3225093564825245,1
21.181008920631953,5.674094912573808,1.2153400393676994,1
8.670655077246332,-41.913103504807275,1.093687786249023,1
21.336976902164558,54.91465521211048,0.9927195281104867,1
-12.19529147526996,54.72078507357502,1.0554432402870892,1
-50.48036016572506,-8.90166366028335,1.31022700646403,1
57.26360157134588,-30.88615941984429,1.0002563148075954,1
57.9802401678109,57.40419770854474,1.465285813672864,1
-32.14359101546347,66.5313976580575,1.186444379065827,1
1.9284865919338632,35.33132982580697,0.8866576534124189,1
81.37589648712783,-17.421066508685453,0.9499246201458027,1
-16.99753276573055,-23.01344062484495,1.1371764871396133,1
-2.110581007239292,75.13367590378961,0.7492952312833564,1
-1.9774511944311288,42.38290641021918,0.9219592293396124,1
10.50940766319555,68.86592562743581,1.2071333652258525,1
-60.278713122433224,-30.49541171386305,0.9672536977710594,1
-29.269470401941252,59.914529491180005,1.3378744388442634,1
-66.2536257686782,-34.4464789465713,1.4458837144984222,1
-36.36589915273869,21.068870287293205,0.9513281251034673,1
65.96460872006618,-77.71890487931798,1.0642836271901375,0
-60.96119963902593,40.02011085325151,1.2282669672931474,1
-33.63305349666653,20.6870557018076,0.9111457029122516,1
64.03329376266929,82.84406447655456,1.1823503059148006,1
-56.3021816893297,-43.00759285916416,1.0874580689218656,1
2.782357384840416,-31.7539669830255,1.0650834341844593,1
-22.008196251260173,54.462765837045055,0.9591127688793395,1
-38.537388248036606,-37.619638863615265,1.1416247551858663,1
-4.5240597408259395,39.83517482248265,0.8646026847167053,1
20.41669275820349,49.74424357138619,1.1658736113840709,1
-26.408373301685344,-38.44018901991414,1.0192829597398856,1
14.081879557123445,46.81575915065291,1.078817420238311,1
-3.9405670964419763,57.75197820388806,1.1923600673629988,1
-60.83464547979456,-24.494649225144162,0.9350075233923947,1
19.34032069508204,25.487171822274178,1.1944501620059702,1
55.328998723489676,6.7454009595518984,0.9632941777479189,1
-36.65435751321898,-38.61901210684871,0.9050375997468956,1
-9.880719413162815,-53.787638762464596,1.027893180306659,1
15.882515360808487,43.201882372361545,1.3604258776384455,1
45.90504049867503,21.012293555993335,1.0943492022253485,1
-43.05447390213073,-59.72668521377015,1.3061289603301272,1
-41.17598688395165,-57.727649164751945,1.406096373776968,1
7.162458199547456,60.96212801986838,0.8196823136203946,1
9.350429556845372,56.78572180746807,1.2419612988911952,1
-3.6405791607735947,5.687658918388902,0.9607309884967999,1
10.362401287324564,-28.169488550303182,0.831467501256149,1
-83.41911449249933,-4.106446908733726,0.8826300928454393,1
-80.29446543150132,5.238853093978785,0.8775099908389394,1
-23.305046563871915,3.562050706054581,0.9506523651444903,1
-17.564302410092935,-51.65444694507454,1.1082543465164238,1
2.15534726994679,-50.69567423882232,1.2584760509306818,1
11.996566258116804,18.314052831522748,1.1895017084964987,1
72.51362269973156,7.244155713683585,1.2900408677240183,1
73.89567106604389,-23.439669667019885,1.3798333648188408,1
53.15918580294572,1.181315240065453,1.043138191126305,1
50.000397819957655,46.561759577759304,1.4968131784829322,1
-39.13921005959547,41.92156744443589,1.2535106950082058,1
50.80681676902392,52.95807495915026,1.2923639906581081,1
-12.415405802679903,51.37448586505083,0.9132246901378629,1
-1.0384602852042635,-23.839825340508416,0.8544991812789705,1
-25.17768844740472,89.24060848107588,1.0930468109647213,1
56.277490983516884,-10.111296113695353,1.2219656193192774,1
2.6319596883625502,78.23465359376088,0.9190588392891833,1
83.15989963915807,6.391902100309051,1.0668922257612699,1
-18.775257149736095,-33.27090505010221,1.3200579242544803,1
-14.034839584956668,25.87524005312274,1.089678481731356,1
-18.450574550051765,-17.492684459389206,0.855480729312932,1
-37.621032983901486,15.506521119613836,1.1506178214193037,1
4.8013325224068275,-43.540133130340486,1.5132904159692715,1
-73.6871979222903,34.230822652435386,1.4548235173840884,1
34.167102420606234,78.04189241357729,1.0721145630524713,0
29.276884922525277,-51.82053963925982,1.0045691669514287,1
-51.29442157126655,47.18219626666919,0.9356840611543847,1
-28.360708478682167,-10.390571014601363,1.3542067818706507,1
-38.663601759694714,-13.013958251288757,1.0985880899275264,1
69.72065257421225,2.943266748276402,1.1332278854661797,1
4.727051977606366,-22.96557860272,1.2347517544677744,1
-40.93545145555478,40.17609053706363,1.229410571299327,1
72.73203111924903,-3.8852738256780506,1.3546470372905517,1
59.01697401812553,71.79371729402634,1.21970873409497,1
34.10379449093258,9.856509101680226,1.4462714506173828,1
-89.53918773911737,17.679815233808647,0.8788860772774453,1
46.23254679473826,-32.102044266181146,1.0361993280151276,1
37.467826135046884,43.44613457004183,0.9749752827201817,1
-60.15907859114401,-6.7089168526888505,1.2060118016527723,1
-10.27235548699744,13.06821010100892,1.0855632550179322,1
20.566175570250756,34.362090055342506,1.098767867482877,1
64.25966535836088,28.109586561791488,1.299846782127032,1
-18.77157643624175,64.35128649126666,1.016563307256986,1
-48.93861886707209,-7.763951261159715,1.1563728683627292,1
43.06598213708317,54.40906074060028,1.4793784751992987,1
26.891023159791384,-54.629626558208,1.161511432558316,1
49.56584953487735,-8.435349063323459,1.0110911519444197,1
11.79664329021566,82.70887553590032,1.370203068330621,1
24.950592210557808,-60.83635026919335,1.5126959246436156,1
27.643218887180648,-40.67768591526185,1.0069263029820346,1
-69.2530410010553,2.5045040133813177,1.1257290004748233,1
0.9008195361955158,32.67233291714344,0.8870910007143376,1
35.20366594159654,46.22800991098325,1.0653695536227128,1
7.081224875832576,-66.08953321362327,0.9686239430862387,1
29.872358795321883,33.04401089791623,1.0305927157544337,1
-66.7862181141492,43.05037652898951,1.1873515664871446,1
8.007284766182366,-19.108067125262494,1.132383921986778,1
33.20987566442002,-5.412842585982597,1.3593788236875952,1
-68.71696461081369,-7.786615781321679,0.9916276678156942,1
42.6364777726001,-35.54494081842251,1.3061267595050312,1
-5.024915285423073,-78.55947893735971,1.3182808500359569,0
34.48592794676544,-17.55519310934552,1.5457366901650853,1
-17.819178058185678,-9.738988090551628,1.0777955024777461,1
-10.593396723709768,64.30851247345625,1.635920578485651,1
-69.60252815622124,-68.54901772195603,1.1897353888859599,1
-3.2116174768709693,-48.99936062679725,1.0614230488400178,1
64.58991268835939,14.246004027486196,1.0745814178852535,1
-25.30099430293453,-4.322794397250008,1.1136275547260521,1
47.28649797246607,-67.73640697966398,1.0218883906775154,1
-28.13120550029064,-61.851052676519934,1.006836627427513,1
-56.96563416926411,-30.80144823866573,1.0776833334460867,1
-41.42501631955662,34.728737928756644,0.993488122321309,1
-34.041286526238785,52.40340076853572,1.1641734832891144,1
56.58892374856243,-35.12144302511551,1.22797063843597,1
13.421684977968226,72.94475340987749,1.2238501832509174,1
26.20819118253079,-50.21611976844104,1.1030587456115504,1
78.4054042548618,-19.630755741552463,1.1675933036245163,1
67.3751296847787,-2.981368478159595,1.1679057442683125,1
61.41692277955824,-33.7654908729059,1.3144162638476784,1
-30.134918292337098,-54.822292113412196,1.0156737736427464,1
-16.726191075591554,-42.182746325420055,1.3112431578283121,1
55.19302478211858,-59.27850333362753,1.2765284449794643,1
-6.087174741432333,57.48288428617034,1.0724060861017304,1
22.62232017854478,-34.32688164980787,0.9159701884279235,1
86.30910944442681,0.3022698801761013,1.0856916159243606,1
14.897501556523151,60.82638368587686,1.2490535101103184,1
28.335343787807926,25.207280586758,1.0463417936761952,1
-19.47428996305233,60.68252155437579,1.1923257210175244,1
-39.27050963588567,-30.80646149521499,0.8540516944980435,1
34.47933155656906,-2.4406643726670176,0.908410938654813,1
27.934160389931957,44.68925017074974,1.1210838537131895,1
20.542223005484065,-52.166168754135164,0.8925294437516821,1
-32.397235140547984,-78.20119031414103,1.1779839928824838,1
-41.69358363469565,28.71946136137406,1.0923868233250342,1
-43.707241681982545,32.37171159559567,1.0372509903275364,1
15.958014087166125,0.6778127477318405,1.0417397823801862,1
-2.925946955140266,82.80074003723998,1.3049501739634235,1
47.435215501441,20.23284952979328,1.0269267271934077,1
55.681328991462266,53.68362221501392,1.4538821247738192,1
-1.9533359359624405,-52.71561536098976,0.9422037576166369,1
66.35602071453731,57.59953260849302,1.0321328145611255,1
-67.26839499074401,24.927986013916566,1.125093942090255,1
-42.649815902425246,-40.8394732596362,1.075323542951691,1
-64.8153305073525,-25.465064517274033,1.1964897744518768,1
-53.95999405042196,24.246808118065267,1.0926988036065528,1
17.179574272470994,15.76424635642935,1.29693924733978,1
-22.206447760253734,-72.58511857438296,1.0886242761876603,1
14.152683667478284,-61.42053113194857,1.2662192452001688,1
-67.25136212112938,45.576399981673084,0.8574523029678669,1
61.79534982597259,-55.87692195531606,0.9059842904237824,1
-49.16316537416578,-49.49567728814744,1.0499650846849282,1
51.75824107652923,24.744780424129083,1.225012215006561,1
51.745702075809945,33.96481312125005,0.8547099369732789,1
24.995783826086008,82.51245844438982,1.4055609240830396,1
-17.979835728238605,-64.27934881756872,1.0199047158486192,1
-31.552183406917717,-38.19474833468987,1.0476166426896298,1
43.04144603149284,18.5358564518766,0.9459055307933549,1
72.61431124765507,-17.820772098423905,0.9217334756730862,1
-34.04154663986122,-70.14210936245502,1.0608811753125458,1
-8.88485785707844,-24.726748552746347,1.1159255434608313,1
22.733895705403366,-45.281322722084155,0.9774703441483475,1
-36.86136134971254,75.67232246858254,1.0861641458192555,1
0.2249097972442927,30.86758202026763,1.2577161040501357,1
-11.0619433935062,56.34707543810901,1.2044040383947456,1
-64.31172609944937,-35.686031203163346,1.048706608172739,1
-35.4104964052233,24.646568244511336,1.3433884547376942,1
-61.7110218994495,12.491364235244495,1.3060184622700686,1
47.12233281008587,-14.499705192251875,1.1363426294795702,1
47.166388700973314,-73.64473870865879,1.1313400730353178,1
43.46429155690293,16.681932530268632,0.9614648680738659,1
-8.74958579630255,-12.858276489936852,1.2257198345883056,1
-55.324665744622536,38.679527426567226,1.3880615871631956,1
-50.991765184345944,-25.460397191899585,1.3632342326557916,1
-46.51652211125416,-4.488721373274398,1.0801253940795261,1
46.242734160988086,25.08223401714858,1.0883400190086612,1
-18.65022037347438,-36.891226131030095,1.3285832937939333,1
-27.487009714900278,89.50211980377671,1.3888640195745936,1
-3.389281422399998,0.5146587840465686,0.9869000831865,1
-63.79980331685805,-28.358525004575352,0.9977267903137867,1
39.513576620092316,73.45275377035182,1.3526665061471237,1
5.954236846008414,-0.21286446459168878,1.1632541778381997,1
63.23268230884632,4.195618278727589,0.8015683950924408,1
-45.58930174485132,8.577368627252955,0.8796710717969698,1
-43.38615453632743,18.602762695297198,1.2362244974374488,1
69.92923197976258,-22.87298300600788,1.0148565253330442,1
-40.16871810096178,33.78099371444378,1.1672380033444654,1
-31.35791971563382,26.428217442192835,1.0044332176454784,1
-64.1659976125027,50.64863601974991,1.184325194182137,1
47.545078241388,-36.722104223344154,1.1580439167862362,1
-60.7300328092544,49.44092176499035,1.081409210029329,1
36.145579720179036,54.863826360986025,0.9496357502830757,1
-24.19321137268852,-19.303161975908385,1.1388064103799838,1
-65.37565054490386,19.899843358042784,1.0369287073628521,1
54.91457675739141,-29.237524023037505,1.1950237831264543,0
-10.030737752919439,-51.485863117294386,1.3672847603653624,1
60.11920041404762,50.30347196589029,0.953075463083397,1
41.866856026357304,14.191214338423215,1.184086243419287,1
-9.664068199354386,-47.581901856407654,0.9416611282428108,1
-9.225343934797008,106.34925720879056,1.3028887625696868,1
15.796578569164964,-88.06459990237259,1.0765890454935585,1
-51.99524960704407,-13.17276376047464,1.142480952495261,1
-45.13721343103394,-29.306065427971582,1.1966745547220907,1
56.07591305957404,60.48230171076748,1.1344058073384717,1
59.59348041635547,-38.72097959106273,1.2924441530916682,1
-17.573742958140254,62.04132855009419,1.5064191863890024,1
4.158432035092954,65.07913998660561,1.315596266255815,1
-51.502947433970476,-50.3295148570553,1.3587260049313705,1
-21.249371509940065,-23.243280364760192,1.3519941215991502,1
13.901760411103538,63.10186018556081,0.7816262198973571,1
-39.34606403423449,48.04993072401702,1.0662475418796913,1
34.247378490390275,50.04825163247332,1.0745245074388303,1
-19.22681231429342,34.34689141165499,1.4829083373886303,1
-44.15665702086674,-45.58596846257122,1.0275392211776826,1
50.575747708186206,-59.63061933118315,1.4268393872369478,1
12.318789516025356,-67.45055569842343,1.5054880597782954,1
3.7000013010314077,-84.26085437091122,1.2193679129138215,1
-28.97188058502559,12.170696473985387,1.2741418680821825,1
-23.055150758524668,-4.211718438188146,1.348158092337628,1
-52.505067166590926,55.12603287129282,1.1077438599122778,1
24.880665336099984,-9.713977800990895,1.290448393563867,1
15.873223549100821,11.264160809123059,1.313191062309283,1
-39.5640347217245,-52.3999247046726,1.2785325356862929,1
-16.986584274416074,47.92255489715366,1.169106811154164,1
34.304998387092844,-77.93823485334818,0.7984384555400236,1
-57.44736254858866,-19.58303339555469,1.3583301509173227,1
60.28441000487556,-9.912240338945226,1.2204505041023448,1
-19.993658685280437,-56.91585341124864,1.1389904881767996,1
36.382222423394204,-63.81918072435521,1.0944284690033823,1
71.6115321138213,-32.86284257787454,1.0470842277077275,1
-41.777845997599904,24.307921480171654,1.1595664077715513,1
39.28309311115992,24.00776080623993,1.3180582672120693,1
25.753444635389897,29.28865485719704,0.8493927206843693,1
-47.46927295082457,30.406793542537716,1.2798827283728185,1
-17.29091465596424,72.1330490414967,1.0793735465649326,1
-11.685311221441577,-33.62568106056468,1.2141523078316252,1
46.813494759564485,-11.04243479335973,1.3276103129853696,1
11.327681048355197,-41.67611319520579,1.1071722508919406,1
56.52919708023968,43.06434670689165,1.0791331045373571,1
26.343596516042197,50.161898376684846,1.0337779072860436,1
4.166320026166982,-11.215262568159615,0.9067886330341689,1
-55.51006646303933,-26.080683876199735,1.1623851643983023,1
78.20680216848721,23.96041733103163,1.2002787440611535,1
-41.252265141495464,-35.965558235000984,1.0754073977188905,1
-46.96693655869086,43.35254030462617,0.8381655095331427,1
-22.772021589390786,-54.99612063103599,1.2468835899938389,1
-29.24443629670811,-21.29182827593144,1.4288898874594267,1
36.08152144204957,-49.314927222085615,1.1874744001909407,1
-18.24947658481349,74.11977533533887,1.3318169747127473,1
-47.27779440206803,-61.48898414796212,0.9227151763604865,1
-72.28489286967148,22.136660950335024,1.047659491813184,1
18.77052529215118,52.9053084128454,1.2596787584923106,1
15.04478290433526,-64.87655300399955,1.0402011784666643,1
-28.767040879549945,1.4239041171167734,1.2531914902720487,1
31.619136767411145,92.20302288720318,1.360794322857904,0
23.884359920613754,54.24311856829653,1.294119449158179,1
46.27166166405641,45.505747469030275,1.2413929988609265,1
67.38160849226217,26.046816747856827,1.0732297041443786,1
-65.61517280225749,-3.538523581020764,1.1491820263287533,1
8.098621057888675,-36.68892826088581,1.2222885973952873,1
-5.164518600317326,49.10398354544383,1.123829476180538,1
-36.712989211436415,9.313263416742629,1.0843205282869466,1
-29.65878383518751,-50.19075507756679,1.0931010459574877,1
53.95301272498865,47.379596163413204,1.1686699113817873,1
39.950152342868954,-16.12495627887626,0.9378755968040858,1
-46.45237943486632,-17.973664105592754,0.9814615423298838,1
79.90474441642178,38.085829367994585,1.332322928582127,1
16.40977165305846,-19.204518120175774,1.3306085649903792,1
18.18499131619204,-19.772522556791685,0.8096802808874931,1
-28.711792128327712,10.083729613488412,1.4057091253745329,1
64.96481919308,-34.78665845719465,1.158373397614678,1
38.504595440859525,-35.83085861458647,1.1012534956097564,1
8.241236738481245,-32.83404525513875,0.9933485951324363,1
-52.95801929341022,0.36719905426613425,1.12996998068888,1
61.90327409890809,-1.8904154904508699,1.0505893348396411,1
-5.698579386049401,50.81788832940741,0.9862403920378995,1
21.034788937945137,69.85485601454309,1.262161323495207,1
-31.530345357555394,-50.96051240757389,1.1908382354984073,1
-35.04610374952227,-27.948905262135654,1.0491743225377514,1
34.567758841364004,7.983949788250363,0.9515923359245266,1
0.4397220786852808,-47.12248730181312,1.1153853824626063,1
-81.42781950138806,-6.830562048369476,0.9398457715735773,1
-63.50721778654398,5.19677754794035,1.1240083695276073,1
-47.02166075892617,-23.119169711552004,1.087212026202489,1
-38.918885391805496,-10.82724157514224,1.2654538663669967,1
52.632307425837176,37.24546617079458,1.3673703506757797,1
-5.034980660975478,-61.019687632100656,1.2624883972238936,1
79.43906062829582,11.625741937738578,1.5871814504104897,0
-23.03267948479485,27.762929615953354,0.8892333142076672,1
-7.564494310136428,-66.20685036900373,1.125511966280183,1
-62.844304130342465,3.3212824638860754,1.3446086903786856,1
52.40502191527889,-11.44473699074943,1.2643877116146822,1
4.69694393365379,-48.08846981628401,1.3113719230502336,1
7.090865753811928,-31.313571676928802,1.0944226042500742,1
63.79368958935896,-13.02482615010185,1.0783012507873502,1
-5.097570409408688,11.924714328312762,1.1116592509949017,1
25.28943380002715,0.5716335211658431,0.9803757405923038,1
-23.624036179339488,34.08827391686622,1.2406708318096231,1
-13.919786801674274,36.19411231017719,1.4205221098300693,1
-33.74548314721984,8.021210478819201,1.0751828426650327,1
44.635471392673416,-10.609449906577733,1.366988666417118,1
23.818936771553147,-63.94886181588373,1.1489577011983982,1
-42.77578319344614,2.4740077696871627,1.2717631667961258,1
40.208596278058174,51.13521680247241,0.7016154270034717,1
-78.4706577763431,34.43315682519427,0.9222292068295231,1
-38.269529411549684,2.287716071979893,1.2566536624779756,1
-23.345556160136837,-47.751268631720556,1.368924213762084,1
53.35895417182364,-17.736185491781924,0.8856251138251907,1
53.291893727073756,9.435665005218114,1.2969682729769543,1
-29.44094590179697,-41.09079921627247,0.9885601317434124,1
47.4962082107932,-1.7700313693666314,1.1238399877403895,1
19.050374887195602,-51.61333293633721,1.096661303969902,1
64.84942243914473,-11.596841988219301,1.3264339922652177,1
-7.325744006544135,-20.743577711921837,1.099273495424092,1
-6.896968991466052,37.03262683049992,1.2002089451827682,1
4.943627986077794,57.726720783909485,1.0854834496925405,1
13.584650691750223,-65.9434419740425,1.085592201136,0
49.43103511186289,7.212253172006464,1.2762167561465836,1
-69.38568237261664,-18.493755961505478,1.2328184410503062,1
56.63555680055477,72.4130727246242,1.3786734331234134,1
-65.80410777697116,29.892821066951548,1.0389344375969878,1
-52.736673755708885,-14.914438234054453,1.0843369427178569,1
-50.71535656647171,-69.7437984562643,1.290267566615597,1
-15.776091703458858,-17.914558950253433,0.9271403419707575,1
51.79873605163943,16.646960717990577,0.9091103012388135,1
-83.03775847959423,68.80694613862096,0.9445894526762448,1
35.54507877264787,56.709740117575706,1.0144802403891815,1
-78.7403559012301,-29.846780955784837,0.9292425426961884,1
-28.04917039312089,56.289230170232926,1.2018419792739479,1
44.219707907018226,5.561929627153448,1.0390676918982438,1
1.7233069388088127,72.56688855056746,1.0309248479334776,1
-32.08822925078307,21.316502340882273,1.2648672313342535,1
80.14421693908741,-25.26472415138495,1.0462139636322303,1
-43.68113097078848,64.4548127967929,1.3016484488815552,1
-19.202563032441066,6.320284149605296,0.8315902468822375,1
48.96011033190552,73.9293623062943,1.1674621804413188,1
51.48495112840903,-16.910191793665415,1.4441088874564085,0
-50.92841996981535,48.80405250706559,0.9612348330318896,1
15.169422834404848,34.33648558955741,1.1568312619169439,1
-59.53242152248626,11.517956921929459,1.284393272572301,1
4.431071917734789,14.987211312995344,1.1751587058227193,1
75.60728119897283,-13.811521793216817,1.3490572646860348,1
-58.92855198359788,6.742830058757385,1.527165800777522,1
1.4234067702368935,14.592157455887598,0.8198581210853854,1
-4.172619018135745,65.07757236416997,0.9582237365744242,1
-68.81888246373825,0.7977443953389032,1.152779228472104,1
-9.480715006467264,-16.27691198978129,1.1378677179480707,1
-80.72417313572377,29.92914159909414,1.2611809047260112,1
61.39359301639977,15.396964176920909,0.9862601556546978,1
75.37301007359594,-8.641356824685696,1.3067272663273923,1
-62.2159882635618,-16.59043870787634,1.0599781058726656,1
6.055647087858543,-72.80532392303236,1.0068347501391044,1
-42.230419856845785,41.66956178039708,1.2821048485759223,1
56.86172303351578,-15.680099234305365,1.0903089592001265,1
20.779948396690987,-58.88696474176878,0.9976193152375572,1
-46.56728676583103,12.21314627426593,1.401034683897517,1
20.288404705763366,81.82918571170397,0.9561962082797406,1
27.2816001674028,27.34595954202171,1.2383458741531843,1
-12.6490138122653,-3.8285199779505654,1.0658415197210414,1
38.47674401558586,19.368075447584893,0.9677365276226452,1
-42.74159297999375,-31.9201206286582,1.2014981669823954,1
-75.04082167379023,-8.043007246424686,1.0472733353867392,1
54.2576037619584,26.953519541485083,1.2256532676330751,1
-17.56567967837571,-56.59195373878451,1.259096688410419,1
2.754833623393484,-42.59547831782266,1.0771751016416695,1
90.65925071362325,-34.55198221023897,1.2812747979934336,1
51.07065213479252,23.07996973474636,0.8663599018806631,1
-11.902627953305512,32.9660181625894,1.2005585057823758,1
-36.54305934658481,22.761079958033285,1.0914001254677106,1
31.906177985063753,19.914361654196085,1.403896327794005,1
17.427333079372026,-36.92890105600122,0.9877570867880283,1
-70.85563270923284,-17.348759923840326,1.0863163646367424,1
46.11731834899814,51.084155856137336,1.0756295263231448,1
38.09274989691899,-49.78857076131427,1.0222215212260166,1
5.780284801299073,74.46189952618849,1.0284185683679983,1
-27.218249786338973,28.087569804987574,1.074481776815989,1
-33.993907913723454,-14.128878837272778,1.5186126813003986,1
67.69917815918727,-66.11434221780766,1.1336505086555175,1
-11.893629800524772,-14.760184186384846,0.9284183784716064,1
-38.27107195202639,10.640315663209273,1.2968926106460548,1
-36.99488435911283,-8.419322028319428,1.230559512461561,1
49.717506914677855,37.17459945733598,1.2855995457514147,1
-55.93697659106242,12.321644612483011,1.1764656053469973,1
54.12156186759313,-50.82404915458718,1.089171544848574,1
43.385557720071574,39.07554965896993,0.9387320533269988,1
-27.14389195085993,67.71270648796472,1.0765035727001826,1
-6.852495045772492,39.78019071839399,1.291604988988738,1
-24.314294263920704,49.58272445173319,1.1450355238185472,1
-49.54768556187278,29.700331428384228,1.290365391174875,1
38.11249959442854,38.71565702301162,1.152595302983506,1
-69.29898798512261,-52.85736326522815,1.0760669950467063,1
18.85434370161549,-1.7964169301522075,0.9368936211000903,1
-0.6657214054052555,-16.529097486284286,1.2819701949129374,1
13.458206569745004,-19.53678013572518,1.3353474161333982,1
-55.66571531365733,2.3766549566871813,1.1220200227498516,1
44.32842450498305,-1.7935357482273626,0.7925207175220069,1
-44.202924710489654,-4.184767074075525,1.2686491895433452,1
-30.180157472793116,-13.428113581069027,1.2170392252538162,1
66.13462548651435,8.796565834955071,1.1151955369169304,1
72.24545033652656,18.50628910287865,1.3386740388659293,1
37.96267279316153,-10.814614022157997,1.1576245099549116,1
-0.6659767278676408,-6.185473889457074,1.0600422237481877,1
70.28499246607579,29.439916908252368,1.1402201660884188,1
-10.176004784782126,8.967991158453925,1.3125710426241448,1
-55.37913128898227,53.408535830003146,1.2108424455408497,1
40.41938092842488,-46.848882452853395,1.1501905029360646,1
-47.93926575231788,-9.60351957718002,1.192686572440809,1
-52.032589724790306,-27.788481052559273,1.2972288673842223,1
43.044377760469,-44.091591350759295,1.0346977739257517,1
-11.616561034178496,-54.93290964024167,1.329600935120511,1
-16.177778884468466,-58.33425320721265,1.0402077653336657,1
-55.69588769103715,-35.79604433299437,0.9039254287249294,1
78.98537610227412,-3.976423944755544,0.8930155801156902,1
36.06481058688535,-51.38030934488077,1.370371494067933,1
22.541223381424352,59.46975581562049,1.1931058656308677,1
-49.09410520741573,-21.990291763584242,1.2260201119965848,1
-32.556326757409785,-64.64713683524523,0.9919066309340308,1
-18.56247759802636,-49.42981435133953,1.1208979593981916,1
-22.768540161231595,64.42034665801671,0.726613497603217,1
39.34047375841051,-30.377012651055317,1.3143127842176747,1
-1.6443481481579225,-93.58246000507377,1.047039827200858,1
64.09607649233031,8.946275675409202,1.1700876154039643,1
54.7613307556886,8.116802235055133,1.1216671902958804,1
11.832213837100776,60.015179560563354,0.8478354644613365,1
7.59204533482934,55.62815808866706,0.8923252375883345,1
68.03267651601273,34.895050725390895,1.0020983135979717,1
25.83219694133614,74.73001591348978,0.8060095598085385,1
-19.18092844316598,84.0086021958102,1.042091298698707,1
-56.53230080628728,5.322668476911765,1.1541376738332618,1
-0.2980102504283472,-41.66851735194933,0.9772120017534274,1
33.148137457579956,-62.37865749884146,1.1790901205907711,1
-7.351169459254381,-36.42805744497399,1.0673926723260994,1
28.906795352798213,-58.38653431122638,1.1067529924241832,1
69.58532018179584,-45.65801414273046,1.104402456865846,1
-30.077081816871388,-16.251306647190997,1.1107032881714196,1
10.261107796021523,-42.686594066568695,0.98694285528431,1
46.209958905404896,-53.32984985568657,1.3918314923056365,1
-65.39628799445092,13.003647827983274,1.1625228302692119,1
-27.62921933725517,-50.86820639930519,1.208635396291749,1
-34.857623416820864,27.65599589071809,1.376622942496019,1
23.288855424298923,-17.614760511725116,0.9976863355752248,1
-35.29054096427712,-16.407274628723574,0.990899874096189,1
65.50655224369015,-57.36001035113939,0.7551443692206592,1
-73.88133996287397,11.111699729614262,0.955038587540844,1
-30.968795516810143,-83.34539013148077,0.9129645742345702,0
-6.789693109109187,71.67867027064385,1.0349846080308907,1
20.504802223289648,9.120046362000473,1.0013889044238493,1
9.351783706791124,-20.538900033842914,1.2473338502064808,1
-69.88980955326156,38.55194286382478,1.0711320664277613,1
48.20143860757267,-0.35041640165760485,1.0370672314465885,1
-4.4652387990240605,-67.13094566479906,1.0316178397611577,1
-23.11035310777219,92.79841706414223,1.1557985475735149,0
-26.568205097748738,-15.769157383436838,1.103546564564113,0
-2.1914007794880126,-37.81590565227405,0.8830298315842563,1
-2.80384277005154,-34.029269276883426,0.8804689400742443,1
22.317190895581525,61.42293462307245,1.5022590935229903,1
38.1606908853063,-25.86731395581164,1.0309779394306708,1
25.224596111023544,36.30653164097113,0.9861512711734794,1
85.25805648886225,47.12461156306281,1.0107326284951843,1
-13.842854646649705,31.55531669226102,1.2986267560823068,1
55.32448597209506,15.549095180184423,1.0674857819461698,1
-43.201501838899745,-52.315223886473234,1.0517339169109339,1
68.72149290198581,-26.541775298876885,1.0194154994698907,1
-45.76685458097103,19.810718797167,1.157094830850353,1
51.42028433174416,20.844334338647194,1.4396668013786655,1
-16.97124691419687,-48.163317115221545,1.274217768820929,1
27.99068240004616,49.589462699783304,0.8434481800379054,1
40.34247301545326,38.126385745381754,1.3666625432257953,1
-32.33550474273991,-24.921162161989265,0.9783319050977702,1
6.703702202763153,2.6013910508670497,0.9929743117880441,1
-17.09729368987896,38.10423120255042,1.2306506441978053,1
-74.29959534540615,7.309954705892661,1.2852151775268281,1
-14.068868962745595,-54.92022549716523,1.2503289637695691,1
-25.06083355440864,61.021867308861204,1.1837903644717207,1
-17.99759101185057,29.42363823037689,1.1572832131694615,1
82.29610387698408,32.42585994798824,0.9681874291260397,1
-53.00210994788237,-4.587129742574719,1.5538847163459328,1
-10.782418187592413,93.28965448974344,1.1494242250001099,1
47.88286661613868,38.07881677698819,1.295099347953083,1
22.732280758516787,-54.817122673793605,1.0963980042253454,1
39.64650387708031,-50.49662340869737,1.1725070875963484,1
-69.04126139037994,50.39412670388587,1.0238512230128407,1
41.00701972676999,2.806950718855661,1.0910487957916242,1
1.0045794854482706,80.51868470793535,1.1746446772609587,1
1.296074266706254,-81.07467981210915,1.3756583777058038,1
-38.1098317608935,33.44169069871837,1.1964349765974605,1
7.387778739148948,78.44052831841901,1.2272048926476233,1
-48.53743840876391,-30.16499253220716,0.9985317156693383,1
-46.05004878631525,-33.664839573630296,1.1734843787616183,1
54.246221005542225,11.132214681889021,0.9982721179729248,1
10.07943080654399,51.15749794269134,1.3872361526233041,1
-50.773546151418515,82.62921062444333,0.9016176514096174,1
-16.700715082189564,-72.62772904267015,1.4402494688893412,0
4.386599480604251,-27.010941133564053,0.8345654533754227,1
5.363140079262587,-65.77288149786969,1.0368380947028255,1
65.59939032793574,32.0430647773663,1.0761632968124388,1
69.38827056826943,12.994467640720067,0.996774939044835,1
-23.87491402037907,44.85279961530814,1.343861116936141,1
-10.444698112657973,15.157655630998834,1.4374947405233172,1
-25.108059884220513,-36.987511923010956,1.4627089215263722,1
-58.89217430053231,31.192421848826847,1.3160996146053943,1
13.132803983470566,-5.188720528486182,1.195461427313114,1
-48.286015996975166,-40.156184959588636,1.1425993738546483,1
-11.862717779067196,-61.01252583703028,1.1732605384477015,1
-26.126377620789356,15.984977393011452,1.008567132763255,1
-41.67567914701972,-28.671052931731737,0.9801549648092873,1
-22.059999902269222,87.31588931849625,1.2510909113137747,1
20.00776763097828,-57.05364467312893,1.2616572113100935,1
80.13763249887326,-8.342712801000124,1.2018709917180488,1
21.898816108367196,68.00938259669293,0.9973689161560462,1
-58.90389383571311,59.31917105733108,1.1989593916108312,1
19.948583352271722,93.76356389791586,1.0314043626452305,1
42.634797977032584,49.01564142318883,1.2006576212802156,1
60.68711421948841,-19.65237659577502,1.1659966138795559,1
20.837996630419294,66.5949566260957,1.1117288890425667,1
-14.646838729060052,47.761430638239325,1.2178082589821433,0
-71.41332798744646,-13.34651667043321,1.4077331168768312,0
-79.53429204046016,-40.609935832975914,1.025969194012224,1
25.709287390671875,80.08677337446046,1.3893290757350862,1
6.947133739635926,64.35161652790586,1.4175080271576577,1
-55.51178976997813,-15.225260140108698,1.0625831620680104,1
85.19118004279993,-6.1437712205981105,1.4171422780822214,1
-60.33140928502489,69.77434798836137,1.161210954476547,1
-50.6870620503414,58.761443431955804,1.1850918653567062,1
-74.78704502238348,-18.220800291543902,0.9871356458608439,1
-58.26753833159554,-8.077127571099444,1.2172194949519528,1
-16.007240209924284,-10.83347149921661,1.5596926392825574,1
-14.025100257164828,-64.7310998893237,1.2421722521380885,1
21.497321536240165,-53.36134143684709,1.0046511666911269,1
32.96216181139766,53.797256030130534,1.2674556155539127,1
42.15981649377702,-4.687394873559982,1.257000056939186,1
-24.723270456097346,-48.83307662392973,0.9394313104192039,1
20.382980327075973,36.793722174047915,1.0272371215209346,1
23.6781782206417,-67.97928585926167,1.0830257290169372,1
-25.653361473789378,-22.427726667751067,0.9333712849906712,1
-50.938267438037116,22.249310018629465,0.9573003139710163,1
-35.96466654905349,61.84832808056925,1.0184906068194277,1
32.62582940999148,29.52268706494194,1.3077848291191274,1
26.557585747902262,-66.16231248707207,1.382123398783796,1
-39.482737496471096,49.927021974100256,1.2626891226919121,1
70.79658233160932,-4.778260148515344,0.8339784286965887,1
-25.569973144891502,-20.060120428013928,1.0883327827313243,1
-33.797704569608,-3.083152777796119,1.1505269217104865,1
-55.12603287129282,6.655757708164954,0.9275887380382857,1
3.0233455066821318,-55.11723768436429,1.1040915189227853,1
31.995790647625455,-23.202802515827734,1.283517368280372,1
-47.091629612080816,67.38872224639553,0.9790669901078906,1
56.14394330063568,51.067266035991445,1.2795786884102216,0
-7.7215049242437654,-51.64199164929999,1.0051539938791776,1
44.42350350850355,67.268394990744,0.8540985145862431,1
3.1395519139753225,-39.134733937676494,0.9449482352693634,1
-54.73284476056985,-60.27619155151611,1.1623574022897276,1
40.11960173612104,56.527854928435325,1.2540724361659359,1
70.53459147252048,61.81538142799635,1.1314723675849114,0
-28.44094710863729,-88.06775401677324,1.2908472302607317,1
40.983372290216856,-53.98258985818606,1.1863872917169773,1
-32.70801755577534,68.66420758409336,1.2262725348131442,1
-85.68135435337093,11.165162325404246,1.0286426996090001,1
35.268259824058184,40.89743074937236,0.8891892076923733,1
58.86246814726671,-31.79544028720578,1.0866624480295746,1
3.5789081476676077,38.153667482411194,1.0105579243904617,1
-3.668792292869007,-58.13098844166984,1.0280751317693035,1
36.220778568417956,58.60892689499062,1.1419229386135554,1
27.788907712691117,-61.35639358615392,1.0002880050865006,1
-40.91909977035452,-27.32546181947103,0.9298444144482582,1
43.11400632365321,12.442624241015556,0.9010826681267174,1
-0.5244130206135968,64.14659646486622,1.2553210837014726,1
7.913531376880827,8.746720493518739,1.2155038448208018,1
59.62400986329009,-43.094724567694506,1.1083464038296067,1
-0.742347604409948,61.85908674150272,0.954834037576421,1
63.680487022117546,52.29150016786671,1.1341398473554036,1
18.047723577343202,-35.79465176173068,0.7288473763305028,1
32.98395857900314,-16.12779163075988,1.2216662793020967,1
-29.410086134420567,-27.59736593093741,1.3204625976430169,1
46.275938847223465,-62.48308109148046,0.8816120200911691,1
-8.566483512586327,-39.48265068683387,1.3029370319682168,1
-10.421173720487168,17.725061852630056,1.4077908225300886,1
-4.081444734127422,-10.348015420704924,1.0268816324663443,1
51.82363137934571,-36.286168871234416,1.1953274232148594,1
11.69052863775982,76.27284204582959,1.1664137193087603,1
-22.79073426574655,-21.239758020818616,1.1799847080747632,1
-42.692847609041785,-65.21185405464568,1.5044932937303084,1
-7.215999067311029,85.07942749954744,1.252056209506618,1
-10.9775573556634,-53.13314698607536,0.717224670043174,1
-51.19572162289454,34.29758963357175,1.1027555524538097,1
53.53485484586917,-27.575967884690552,0.9648756749158559,1
29.057228156114647,56.16813318133937,1.4563221418860322,1
55.43826200725562,22.155808805210683,1.168621019922886,1
-26.38336198885736,57.37760072499646,1.0896221068266971,1
48.233794574587016,-34.9862641431622,0.9271005873107381,1
71.87756577504393,-50.39218056392107,1.14783375410113,1
48.40299198312462,55.93343103133185,1.399926587126876,1
60.09451392346412,22.449514744460355,1.2061124932070477,1
14.09470304153998,-43.964227535723985,1.2645359462166934,1
27.146784214253724,-31.001978500636202,1.0322996857158302,1
25.705167269965944,-19.7106574570984,1.3277037994342746,1
-76.75186793082096,-24.25435315300561,1.0372564665260082,1
-48.57548199659922,56.010396370504736,1.1739160988147375,1
15.963264275281647,-76.27076164584459,1.2522967496035018,1
23.53007770371473,57.36955941123324,0.8870674739708371,1
-44.409097598879214,-50.887339117536676,0.997177097073734,1
29.719981961096252,-17.162185227862917,1.1667899080451847,1
-1.6006611982286425,36.847435637075705,1.2328051215589155,1
-43.62990539878075,-22.65000967692734,1.0084103237513777,1
66.95746095220404,-25.68955247946149,1.220227308475661,0
-55.01311819204861,-46.3210160279605,0.8714485910249522,1
-38.38769274793451,21.34591867554188,1.2783833982429447,1
25.295336709336624,-12.351626911888607,1.1487491005296608,1
-34.97044851238179,-18.593810451459248,1.3323219975823732,1
-18.704949283496454,41.88820396008366,0.9672836196309876,1
-15.441472896925582,59.108222891394846,0.9553606118578943,1
48.96976848744396,49.192579889633386,1.2606826162925118,1
-16.848122903055497,-59.53242152248626,0.7411442689307793,1
31.332853432887504,-4.399564799266138,1.1208469489919133,1
30.766963110281417,-44.150838928159665,0.8587105202339543,1
41.72893352061993,19.638468443935945,0.980321435003536,1
-19.941620495953288,45.02182895490013,0.8909469918792515,1
-1.4061154499471151,69.94694694297368,1.2570315084378754,1
-6.48500543622393,61.03639848726486,1.2205945254111488,1
2.924399653736158,-67.60469294764053,1.0906320044372384,1
29.69743132687826,-53.93224713331067,0.9667365750786154,1
54.34591272483063,17.4026354184308,1.189270618629182,1
22.442966603722045,55.8329839309619,0.892866890427774,1
20.89453711781699,46.08814066537809,1.1625777701180005,1
81.36923435217864,9.516443391476997,0.9501845900985845,1
-87.9276288920562,-15.77341694767799,1.2804755308919054,0
35.429894130042996,-56.48557163694341,1.0865830133538994,1
-29.708878306025504,6.09590663383667,1.4122626834610896,1
45.09038630941995,-78.6059345168323,1.1656071543512894,1
-12.257412262945586,-74.63485687713803,0.7464911171592848,1
-69.15655481903002,3.90506299626724,0.9059360551874985,1
41.52647508305356,50.63389114754621,0.7581852363179834,1
38.23153038002412,-78.32668439031738,1.0281966861314493,1
13.989862231116778,-57.85996626383901,1.1415205830082147,1
31.6144804919784,-49.119592772225005,1.3229117321684096,1
-48.88760678288662,-70.59166547015823,1.2603458415490307,1
12.132080849214036,80.66956444831219,0.9373620320185982,1
101.01142258518698,23.283158541856587,0.9844703902333919,1
-63.83128901347842,-20.109425333227207,0.9930276478528575,1
0.577419727548931,60.6380236364753,1.1174452316628736,1
14.255287835910734,-54.41240117634183,1.0975433929899692,1
58.529770212633856,28.49251139398333,1.297362726496632,1
-33.6345279838869,50.36405998621827,1.3663501756209138,1
-35.77913453907819,29.6319271036736,0.8052796423723514,1
41.83632218922325,84.58129712800024,1.2167585076699612,1
75.74908371384903,23.550078326533214,1.32762309657805,1
-14.502331551615107,63.547275284395226,1.1479705752031366,1
63.705220356136685,-28.243802706209877,1.2157022868083978,1
87.36884987486282,42.390940475201965,0.927629572815604,1
-49.43664632690008,-54.29818590164494,1.2660610372431325,1
-79.89687729304903,21.39369253181277,0.8861174043598589,1
-54.34479083238036,-7.906777448890408,0.795786733175142,1
-26.950811458237126,14.85974816260795,1.0859299938821436,1
-27.234895996028637,75.68878012897153,0.9273060105067537,1
45.29284474698632,32.97180268937701,1.065860287618289,1
38.94768629748623,46.63847759464951,1.1804917080958364,1
13.955380459413023,-73.17174885161972,1.0132024068829877,1
-6.972007501009362,-11.884998919286128,0.9253949679861941,1
72.62079453496814,47.46826221361706,1.4068064395302842,1
70.58665221360897,8.823331526701132,1.1547027777373176,1
2.625532436376325,61.01711673130615,0.9447580268696609,1
-73.57882366884442,31.801685758327736,1.1228048981072687,1
-5.8206240284163915,-31.49316105510227,0.9697042646534406,1
32.36301651648586,60.40668455485756,0.9413318447875135,1
-28.523003996002746,-16.030292111148263,0.8379798216255531,1
5.878348990384662,-21.657879665561747,0.9689093261281151,1
-28.314278197081862,20.19110317827768,1.1186424304024671,1
85.08717541975001,20.930346093168854,0.9213046584371484,1
-43.161860136168904,10.885602970829341,1.107395866363368,1
41.8189150484272,31.220376523128433,0.9376360788336922,1
-8.20640167224342,-41.59693503206682,1.2381957762171103,1
-8.65362991132667,70.83241703179982,1.369738144933341,1
-69.45809325364004,-42.933932453349264,1.3471047331626904,1
-40.60737804902221,53.21213737288097,1.1026127100239764,1
-27.459807062207645,-32.96827553889675,0.9570626949244773,1
-52.29376816355186,13.123116076818157,1.3060951636894054,1
16.0355846987076,-55.0113756162427,1.0909136610783574,1
20.605623793955303,-48.69125423470718,0.9832938571331457,1
-11.065550947846848,-15.965604929867466,0.8547262460256738,1
-71.31813191920583,-46.07410644069471,1.1086158256116445,1
-14.117149240677852,75.45404111749184,1.3345490981462065,1
57.4257871214666,36.972767050807256,1.3948869991591908,1
49.239579169782715,-44.63364971514825,1.036824156512177,1
33.68729356227304,22.993838297820453,1.1222002572351666,1
-37.22342987827036,64.87413281118266,0.8781071524130354,1
42.83036154520811,-37.658791631232575,1.1208747731376667,1
31.532943935511554,74.97676976898465,1.1006386522200655,1
55.581497908663096,-33.027811599542765,1.0089661517179214,1
-18.57497986959318,-4.836063860882901,1.1234083723062178,1
-50.511376170078286,-3.7754328113964593,1.3802139505870485,1
-21.066867811697872,-74.24319620922694,1.5213149502313164,1
-34.215475948713156,33.4708599024257,0.9236135533694368,1
-45.10856625075246,-55.91571501194724,1.242268459524426,1
-23.235622260493415,-52.77274363434201,1.1528195351156736,1
56.958046537730084,-7.912815742618952,1.249118388701364,1
-26.47166566561979,-90.14336601228004,1.2562206095289445,1
-13.836588075963133,49.756571251425356,0.8212248670480262,1
11.27356066515293,-33.262957204353384,1.0121626777797597,1
24.742255188857715,6.184035365339641,1.3313659460336267,1
-53.704510783969184,67.7102962684699,0.9884940860802851,1
51.939426707249865,-23.628452916556395,1.2328641478510145,1
99.4658863960339,-15.810249650234065,1.13296674726764,1
-82.11528551522666,14.153165943240586,1.1185757045984008,1
67.36981259449918,-11.814574601094114,1.358082034803493,1
-40.63313107924101,-37.57710482660871,1.2244230557925675,1
-31.397212807506413,40.59721604250344,0.9560912001814943,1
-8.500155524150493,16.436319686508984,1.1048737338455923,1
-62.68205444147913,-29.34934758078819,1.0146184916478316,1
15.848066446489467,23.346154502776983,1.2259038387141754,1
-37.48273625150805,-14.093301385468449,0.8560667628283067,1
-25.42610519218444,37.33663244551177,0.8509467568916963,1
-57.46584576717936,20.122654760232212,1.041303632975683,1
-46.67455785011771,18.155964343747712,1.0442225364572106,1
-81.84141316670217,24.638564429607108,1.1747575435119655,1
-61.38907525613737,-39.82041335814969,1.3364565818560816,1
37.1379766416352,23.442671250242192,1.0163401638373852,1
30.211833565621987,83.72834722899384,0.9519791561418521,1
20.135139881906596,31.82985731492641,1.1219009735064869,1
66.01048896973575,-20.491686145108428,1.1578051197470418,1
35.130395268953464,-12.725316207543376,1.141010070882287,1
38.12842034625401,65.87712088255874,1.2489628856597381,1
-0.4162793384655176,-57.213790368452585,1.102931366081433,1
-39.124683777141406,52.116585419427004,1.0825756953158872,1
-73.99399558159071,-13.981972515891714,1.2209936247079995,0
8.324898135168723,-55.145822041882006,1.0230827306183436,0
-45.9440705046882,-46.91033527507015,1.1384191413451428,1
77.64570307008903,51.21812835309481,1.1879192841339863,1
66.46924281293248,13.405012077374488,1.030611896300612,1
33.38470772054975,42.795306443021545,0.9029142934244304,1
38.51472323186814,44.978785843113556,0.9247995573475027,1
22.60477378062235,-82.76886562831564,1.0381643185508822,1
1.7307671420071247,59.37724929596149,0.9344586082994677,1
-7.612391343551995,-77.26681656550059,1.3433305767737933,1
79.8082591217237,-9.975452152188927,0.7955451600361796,1
50.63389114754621,-50.52455948875912,1.4121368159086787,1
-24.76702202372652,54.20711533087225,1.029336874012382,1
50.21126196170727,68.38723163682229,0.9758342748512782,1
82.85017820405366,-38.29333219061285,0.9644819216743343,1
-18.296669536125044,43.781868240661055,1.250093746484621,1
54.29705867040886,24.522122304412253,1.3013260432213298,1
-12.79593304710824,-48.098962231104856,0.8434316529067342,1
-66.4906946949746,60.141627381637086,1.2709227098451568,1
77.74005069665938,-15.247214746376144,1.1176903792907673,1
-14.198258727017016,65.60204284462846,1.1048523497362475,1
-13.398892215700629,7.606652725707143,1.1881046847544385,1
-57.20995369252203,24.9665291721155,1.0116589746788975,1
-69.57700041037697,29.44610755590175,1.5292508757320862,1
-52.31049439916261,5.668290541783508,1.0985591277933247,1
-37.775671420025,-57.519285689423235,1.1934161968910828,1
-90.48244445524831,-4.9243851831614425,1.048732816804793,0
-59.942041264925955,13.416574996774946,0.9686722783598571,1
-4.957257406956424,52.09253547331553,1.0250534751982938,1
-48.2889222326559,51.409492794841455,1.2098051091881288,1
-39.19880260812881,-26.527235494434496,1.2005863192959532,1
-8.841929091319345,-49.41696354970115,1.1596074293143044,1
67.33877814919423,-62.52843912692617,1.3074315222803536,1
12.615502016464305,15.444411069262161,0.902005494046627,1
47.95537979122622,-63.72565253619041,1.2083846171651933,1
22.694626763389905,75.53627896820726,1.0363131563877244,1
28.199568089598756,80.01879701447047,1.1239855189427752,1
-50.90962025775563,-45.5008734696074,0.9758446151686255,1
30.06419259184978,-33.16678452769408,1.4293576375590291,1
13.431946654486977,69.33691897382867,0.9001718008487735,1
38.79007254991473,26.17546575783421,0.9414403081611826,1
-32.696754111730854,-36.22569352581919,1.0439052726401647,1
-66.42160632889147,26.558130864598464,1.1631030563789377,1
-56.11219320565422,-17.33861163123049,1.2729111258744477,1
29.010924083755622,30.369780464213484,0.9514787806144979,1
-54.36782137928428,5.247366171137924,1.0917475909839789,1
56.63345143095649,41.3212221881019,0.7802023721813759,1
12.60834022139392,-69.64917323889698,1.2239718956580845,0
58.8723427435001,26.62874770416333,0.8889355970573478,1
-63.99692971973445,67.43846259409268,0.9191789915931312,1
38.20817670044683,-72.99062809223128,0.939268692390932,1
-11.557200036720799,-71.07113003914831,1.1342013871743903,1
-41.44613443322565,8.667149303435655,0.790047243636358,1
-3.5789081476676077,-37.474092705733455,0.903969600322062,1
9.284419201429296,-13.5720728290876,1.263385987426551,1
47.042250919753506,61.53772414219106,1.241723212202801,1
-19.78957444981638,-42.63570072431035,1.0458066587760337,1
-13.164355947766623,-35.382197472905034,1.097691630341849,1
-4.46789553275446,-64.32888859934775,0.9812778497948257,1
-11.025121459546355,-27.27373280751729,1.1949933357892029,1
73.4564958401914,-12.874730912540993,1.046439749132016,1
-42.68870136230189,45.48297550451349,1.1751238567185134,1
24.07755714909444,24.669399936160087,0.9342888553988835,1
1.110988633586458,19.277670840912133,1.1661341910830267,1
-45.73732246624117,39.851067793745614,0.8503920170493575,1
-24.274632424132225,-34.688245078991656,1.334133349539988,1
30.961036905483905,82.58922393530041,1.1156123550013997,1
-28.070320069188092,-65.26241709402557,1.191015693190636,1
36.65810520356633,52.945855737019684,1.0270495772713983,1
28.071871932211906,-1.0617699012352126,1.063093999045437,1
-84.64118949379001,39.181998750482045,1.1277861235396331,1
82.36022692586997,-51.32467126508987,0.9608184867209555,1
-37.82614723868724,96.94032797602442,1.3429763002001915,1
-14.94281515791821,-6.3966315876196775,1.105753829863605,1
-56.139189543309854,0.5477446970490049,1.0761787013680362,1
41.80018736591556,40.0412258007866,1.1032613515749556,1
2.8085630440751994,43.4558192701938,1.3558481082856897,1
-55.03591603291742,42.151846701314085,1.1989665513810652,1
-50.77289507913938,27.595698550710384,1.4966174899720568,1
-61.36681766892077,4.996165901934958,0.9898215615909237,1
-24.398977651577148,35.70590357146672,1.2650027094194953,1
-13.613124831905598,67.61763102108328,1.0174550819323527,1
87.58357083266607,15.399272913489671,1.2460534267669132,1
-1.069609188421305,-48.695546406410315,1.2448490139532098,1
-60.198468464031066,-37.66746117263357,1.2129237417398373,1
26.280018542447127,10.666362947574553,0.9402768016438843,1
-39.411032736130146,6.824865165927138,0.7683720878080907,1
-1.249271188485454,54.616195745145454,0.8726318038674422,1
-40.74042216513724,10.456496256403025,1.182323181215132,1
43.58023918273458,-22.35411095315925,0.7614604478296016,1
39.791288767243486,76.21393701732065,1.6311573862713944,1
5.104993975807763,-74.3757955528785,1.4237071400183596,1
44.74331470216336,-58.52591386144212,1.1706868640866013,1
25.943602642430854,41.40114366932201,0.9827106064801998,1
81.61581662198535,-4.737527439052585,0.9567971035162581,1
-61.081159706454706,35.468790086028655,1.0830673590473667,1
62.54037545204346,-0.02371134854380368,1.27319452090181,1
33.96481312125005,0.561266765841293,1.0075665100515154,1
-15.261033748571322,-83.99216211839173,1.31988169836357,1
67.09455289033373,72.86261435824865,1.3457024940450835,1
-31.732495110635288,38.76524274153397,1.1088343469026078,1
30.42071925517455,-64.48301236488248,0.9272919971393289,1
50.88455397500931,28.729378156736672,1.3546447408792774,1
-60.64536447642242,-3.6947700768060967,0.8004772116562917,1
-25.558656157398225,-29.77516300508111,0.8189515880862637,1
68.8326551465659,-12.812726834556159,0.9543501471231544,1
18.729759642766044,-54.81063337725112,1.3299253689192905,1
-27.17265908676605,-28.482574507702253,1.1932912688942772,1
-95.75320009090422,2.0724444484895512,1.084283758333655,1
-31.792401949903198,-62.64481829681976,1.1304305463565874,1
66.9487717002532,30.99500353500246,1.0163686599660382,1
-26.864788533357736,18.66811407531438,0.9695437694955887,1
-28.85215579558028,18.622519371353402,1.1304661114037085,1
-71.54109913356461,39.48710802782174,1.1661321650269516,1
46.834209506855565,39.74228560789955,1.003364347513334,1
57.441893541443996,11.690914272878983,1.0808296486193576,1
73.31574374761347,39.141000508363064,1.3129132264007073,1
-72.1245423844561,19.5664454143255,0.8779384344344632,1
-46.43897500559021,-25.24690743080548,1.2174886204094768,1
61.78838696965416,51.36081334718919,1.4183073761995315,1
-16.43234091146989,50.83233255262115,1.2245442289065547,1
-46.382854216488326,94.15458511983852,1.4292714407053406,1
-66.32281324594177,-5.77809953562378,1.2659457354447228,1
16.82859073468176,64.59125313128699,0.9785536957977566,1
45.63912611834297,-17.67172933614855,1.1387903661270735,1
13.995341200023095,-75.36595679057208,1.0065427305058363,1
-82.72470122538165,-36.01189287886536,0.9530441913208869,1
52.625268054614175,51.72009673321965,1.109291334589307,1
19.86502907645068,23.340127366280022,1.0086645794668012,1
-2.7549263584388015,4.235255886664271,1.084336797458496,1
-32.29178448213589,53.23087462742554,1.0195215265727018,1
53.38501840962071,22.43021383126772,1.1777548725513765,1
64.56410916200291,46.02980480193721,1.216554998402482,1
-8.522536133745401,64.33418131107626,0.8666340230973499,1
11.206717244496108,-71.00024587892308,1.009414596184788,1
-28.032459537956697,22.234721176819427,1.1305931750277458,1
29.570213763173584,40.53537915177216,1.0004406161343422,1
-74.54337935102363,45.88714392633407,1.3354474966770493,1
-45.35857800593643,-75.3150646407538,1.0862003536455882,1
11.505423780556287,-50.267923419450085,0.8583582695184951,1
-20.969338088552004,14.725048542193436,1.0322764930310513,1
63.07034828725117,-5.453706946090022,0.8603427011267286,1
-96.10201402550648,-12.673572957215661,1.3262518255420441,1
74.82285399773536,-30.68305825707931,1.2030347617499626,1
-8.364861129373452,-56.435522718667954,0.8311027564836154,1
-8.522536133745401,75.13986875011516,0.8621306168318174,1
-6.025548737093753,-12.629550152948495,0.8822082127509011,1
-13.36488620973712,-1.9939088548201243,0.9273455440473588,1
73.20719557517619,44.68375125801372,1.452710902885998,1
-56.82404024038496,-0.8161826211298487,0.9478835255047751,1
-15.576904278064067,34.67204038444951,1.103652751168254,1
-95.00121160851492,7.28135084292004,1.1657113106395536,1
-59.663721098776456,-52.08813342433609,1.1573414128857158,1
-74.23991718968165,-40.11479644621681,1.0267509481895232,1
5.470109767057663,78.20275921965717,0.8239067762083506,1
52.990121725699346,-44.028925643893515,1.1257991323348457,1
-31.420852085081993,-21.623668807428505,1.0090998513926241,1
-2.485345581733197,-5.275743095001652,1.098596979142312,1
46.160104596520014,37.5612797761554,1.0370389053840805,1
-39.10103634058831,-44.92303521996709,1.0675852276263171,1
100.59855984063906,-9.399856029866251,1.0980344052410445,1
21.810580673329973,-74.55470306603065,0.9863282073418861,1
22.09330502523602,-72.3395431954265,1.3283292656012562,1
-69.94019488799195,-25.958347514634553,1.5660894506587573,1
-43.11613058490289,-43.902107247287205,1.1387728001771698,1
32.40486290373698,58.325346159168824,1.4739517850551547,1
-50.21611976844104,67.35234215500935,1.194958999224906,1
-30.138027288646732,29.7592479049247,1.0076396685387463,1
-3.2108714565511494,-35.7642141326816,1.3497152850903038,1
-55.82619257356757,36.5162026150709,1.1030431809646195,1
44.23665579558901,-36.802102998066424,1.0114264955732333,1
-14.077224390327691,-66.99214726778811,1.0798950742297757,1
17.2720237464101,-21.428284412588788,1.2670351313967196,1
-39.988316823620906,25.46886243890226,1.2071798814298518,1
-23.28657667132199,78.83763695093602,1.0845567704628567,0
-25.779105161908195,50.986385748666194,1.1479897840812006,1
-25.651162677057247,45.286417495000066,0.9427875085565662,1
10.7552920598519,74.19155502486534,1.0922180732026046,1
-45.825541512797706,-8.942296900370106,1.1784783043871665,1
-48.246167034660516,89.1781213089875,1.2637342523213202,1
-23.36972336530976,-76.00891713256077,0.9564220102449137,1
0.4604873291035554,53.420754830408434,1.391357522726755,1
-91.2193361991654,12.110147851811021,1.2601527033327908,0
-40.75777574550007,-12.190568842288764,1.1411569406994004,1
-25.036030336098932,-28.432943825512673,0.8428280506626787,1
45.20939089697756,39.21698267793782,1.158667236796209,1
-21.87033169615548,64.6292323475693,0.8969071380664183,1
4.081305011258165,104.24038633872533,1.2475509475522641,0
38.63539137473971,2.3305297059702217,1.2759676712142143,1
-66.5939514618753,34.774095964202345,0.8777891534321,1
55.199535504909804,-34.5496930519973,0.7996245949303481,1
51.29353016718595,-41.93984886869446,0.9563500599926568,1
-0.16511916412250924,-19.963503758668317,1.174465818862933,1
-4.2659099710849695,53.56293270549467,0.819651759625046,1
30.21489722240207,-12.317571341536732,0.8248495402877327,1
-26.776574499846685,46.55579976228117,1.1763022553611393,1
-7.625427067035362,-63.82667154034095,1.2904925169251746,1
75.69280145775436,28.80902280735216,1.065335973687233,1
-72.13304904149672,-7.196915411584774,1.020597936843636,0
-8.952243837967847,84.17347268649277,1.122193204210206,1
16.04371303406861,77.33206642522681,1.44615270913554,1
-35.54538150553127,7.69395623185349,1.2434931449802444,1
28.009250016895294,70.5569440266504,1.0873856996094753,1
53.87199912777406,42.3004915108866,1.1201652524481838,1
-63.71790780431198,-6.584271246966792,1.3366161205558564,1
-45.16944150885064,6.780429482876845,0.9460180901095342,1
-37.363084882142644,4.186069218633782,1.2358167111462541,1
-33.641736588075396,-43.373024578698406,0.9977881599806405,1
-59.85249867140068,-8.89467402374831,1.1676115994962486,1
-70.0420963029319,66.63816776187501,1.225882237007101,1
49.87226178717756,-40.54953278114609,1.3017182687159399,1
-26.761338751695714,-57.15317927492668,1.1521108208405761,1
-47.46927295082457,-26.66425827138727,1.1616580154064389,1
24.407282087011854,16.103065190089154,1.1476297013634562,1
-41.65180649678511,49.61731412505697,1.121921751878747,1
-39.418890505016115,37.569171709253936,0.8242061490972136,1
-71.40130640286405,14.500844568740343,0.7136096648590396,1
86.4209832367026,9.64256130725116,1.1821602991991957,1
22.312789565844128,1.8799712059732503,0.9295916442180274,1
18.886899130154447,1.6402067623129073,1.0491235781632369,1
-3.1140035873300462,-71.65100514252921,1.1035164122713277,1
-57.26939515060109,-52.31615646143588,1.220063814443934,1
-24.795405174696644,81.05505961925743,1.600291957674697,1
13.805737266429206,23.885275193839632,1.0995714891162762,1
88.32763684641742,-13.655955791018062,1.4165130018442629,1
-24.25162855705493,37.93364122274915,0.9160503182051994,1
35.250620588051525,-47.50524770846974,1.0962613737133742,1
50.51320163802693,41.00658181127826,1.0759012758229762,1
39.9347661286629,69.57982318996552,1.1252815052984737,1
-69.4319755265809,-1.4502635017508052,1.2795651786333213,1
88.38143421051211,-17.45524780333951,0.9562042643616037,1
-33.58533745189619,-51.3127696385921,1.2567852635150782,1
43.995242826453165,28.85755801168939,1.1812241313944913,1
-18.46628320433346,-29.504906587331114,1.1265457570564543,1
-31.997654844854864,-66.07145180413235,1.0204413944420805,1
58.734392928930276,-20.54667850011309,1.0396073562365258,1
49.18293901165403,65.37479357797235,1.053196470695067,1
-1.693036216000781,73.39959896044489,1.1022994632144154,1
53.94514709833377,3.1934444218798967,1.4474279146279774,1
17.865423339188215,-75.55775183279763,0.9665841219761084,1
-57.46445319591569,10.590504460315977,1.1417475419709635,1
-54.59512340578884,-34.29143438127772,1.1975151340253356,1
46.61364503015726,-26.271392493728744,0.9578291501867933,1
66.19341754051307,24.509663820619878,1.2063402915187287,1
28.412631492942396,-29.523903361362127,1.1543041604178799,1
8.055876614532188,73.29754402636415,0.9903754567015821,1
86.6225745053502,-56.57088663505185,0.7791911236886675,1
64.93957680061884,36.17601734922811,0.8224713336232691,1
97.63317129687746,-41.88662282366148,1.082129347607895,0
-63.26698035696815,39.16844650149668,1.2892587521674141,1
12.385821992102134,63.50784601418174,1.114106787508154,1
3.349610797126755,89.69780425212097,1.235886410718659,1
-25.581105630407297,78.52495114180574,1.1701183069752006,1
4.626818023589731,-20.57524042092947,1.0275219760619687,1
-75.601795472325,-10.232703488856563,1.3994882518483094,1
-43.155783461563715,50.364660703234,1.1039512748933613,1
29.289659920659222,-19.426369128390252,0.9763315452705068,1
78.88542592088733,4.921550636775499,1.310478098331715,1
21.925164189663032,-32.19450690229191,0.9065895498488487,1
48.46147997619935,-15.791758130175303,0.9891584048060045,1
-14.568696403070874,60.08560845206001,0.8348098268926841,1
64.10795343274553,-38.39443681850842,1.196208978865696,1
66.7715639796206,22.65490634611498,1.0426416723908654,1
55.29726416680762,-11.817707886437413,1.0478008063262176,1
54.65924125915951,-13.417833705377701,0.946887642308862,1
-11.69438498895156,-52.39817181776726,0.8572778664014097,1
40.3301297701615,-26.091721585931786,1.2072464232339846,1
-6.126494400642253,-46.896066043905286,0.7269619847822427,1
93.90108031020463,22.62928303486321,0.9414705851142846,1
68.48713494496116,-42.24100820041965,1.1251945606290128,1
66.5151717161012,62.055326604095384,1.2752829231157412,1
13.449627336066962,59.673419362934254,0.885515194549593,1
-6.175540501867231,45.50585740886688,1.4135353399395458,1
70.27634892030119,-11.966989124919394,0.8601832251454057,1
33.31308976984599,21.2239796910542,0.935683387806857,1
35.9792307528626,62.5061941573894,1.523218682589553,1
63.28372038865817,-23.177667994562164,0.8672899351008267,1
-47.214134001442496,-29.605070372159716,0.8467483314982934,1
-69.24560608668139,53.70121258887097,1.2890601478472983,1
58.746559685034384,68.89501686178367,1.2641998942810855,1
54.347658828117915,61.62567601147636,1.102760248084556,1
87.35599537089037,-16.044978741592107,0.9903256657471944,0
-63.83825186979685,-37.362687004638744,1.0104031780844898,1
-64.91086788072467,-42.51760166520653,1.5191344315079158,0
51.61565388844334,-65.20018656567969,0.9610645548544093,1
35.87542089502436,-11.204628387600584,1.0261567774247797,1
32.1812506950703,-32.36924781566763,1.087937319374174,1
-53.52270286898823,36.94491562553358,1.3194349238007579,1
-65.5032100726573,51.64656897049712,1.048506004083795,1
87.50031639276304,31.70504975245393,1.20204182083932,1
-59.643370642838775,36.93167478401003,1.1705262399567897,1
-35.51115563433227,64.91637661940497,1.2273243152477444,1
29.38933390445882,48.651536533172525,1.2326147361205648,1
-7.09689130254902,81.76699763979906,1.1902424164129761,1
41.582783399367756,52.90620417041823,0.7679426634520198,1
10.247166995938692,70.8863884678571,1.2573948978675804,1
2.830245208594556,-58.34270840109423,1.2275343835519952,1
-7.6997081566382795,-0.27245959506858575,1.0661866779593676,1
16.271685738854643,59.57521761497995,0.9644348972942265,1
-55.68295667216009,59.886035154086,1.0897263981072594,1
-87.15964282271094,31.70049224650006,1.1391526552887346,1
-55.75531042372721,49.650125393187615,1.2628455391878817,1
-40.612989903368394,2.4710865304384657,1.2258889343800445,1
39.852256281289606,27.67317615192624,1.3015574475659797,1
-77.56198112682489,42.81066797447684,1.2255482052852023,1
79.94509438502479,-21.18645811253332,0.9871880708055834,1
-55.53881037307415,19.03125653594843,1.1071062387098574,1
36.528610110916496,9.039253365796533,1.1090667165931922,1
-18.59552043061931,-43.96034542087411,1.3627547667997466,1
90.42661500731334,26.92275431220859,0.8921170949054471,1
-29.66686268938276,-17.775662703633245,0.9784536124794911,1
28.82077596635514,91.72079808388911,1.0337788762225941,1
44.05522066599014,-50.70024307246291,1.0316451314125943,1
44.78289304334174,47.24730442071581,1.416181718220554,1
63.82007515014454,3.166267294270742,0.9698873883698689,1
58.93810804446891,-58.925979197978755,1.17808634463728,1
41.89117820589404,44.567173255837936,0.9251667753696949,1
48.414312239848755,-56.387007332707356,1.168566667471551,1
-81.35936926773466,1.4879088348130227,1.2990395910044188,1
-62.04163394997771,-46.10516325961753,1.3981220359627056,0
-33.43883210624553,-16.75126255989061,1.1671241062695283,1
4.676326644814856,70.55833056946705,1.3110445799533101,1
44.219952754712935,-33.56815985581393,1.3959039211408486,1
-42.2554861395921,-30.255003274796188,0.9218937942315903,1
-62.18769868317096,-8.557512342228616,1.3480011757631443,1
-0.4152546840503057,-67.20632808373611,1.322880596779862,1
-24.128458029767014,-56.10957739574876,0.8432012664577974,1
48.884700547205874,53.31307716572066,1.2537214952195563,1
74.48266873189257,10.398031217799677,1.078307878803351,1
-44.38730083127373,77.70366011626055,1.1902969038773477,1
-41.52512743344355,-51.90742002901195,1.1398076916044604,1
29.651520693960496,-81.83668367939154,1.0941204999638963,1
19.158615653600112,-49.77366189875239,1.0111135843432821,1
55.769495029260426,19.715825012484554,1.3528455999255242,1
-17.744502415089443,-14.057333082083863,1.1493467639798403,1
8.449669032738674,-59.200147541895646,1.0013510750752739,1
56.74970085818575,-5.465539477075865,1.2174604167821688,1
-75.61539087868488,5.444544061220577,1.1939845762599846,1
-82.14510082305169,-2.7042662732076774,1.0270159138241013,1
-15.666426716443752,81.79128060120954,0.8589316809254733,1
-48.74815757772323,53.55396902839507,1.3540855796648892,1
75.56768068505428,-27.132460624112984,1.2182890140889215,1
-7.970544588161772,57.65511694233708,1.0328741487017772,1
-74.21376675343251,40.51718628400044,1.4756509336300798,1
-40.842849189972405,-46.501752416033284,1.1824746436021611,1
49.634154521734075,9.621372016926673,0.9757504284854243,1
-67.31330578528414,22.610045452457673,1.4337167519417247,1
42.38708412401022,-68.51331254073561,1.2341339182450013,1
17.362578515610725,-44.2545221886103,1.1653470058970365,1
37.602811454971274,-60.03374717741246,0.8860157237753715,1
45.79830220676081,-35.50459906138052,1.387804883315076,1
100.82696146058836,-0.354385376758171,1.0988098944427613,1
-30.21553721259985,-64.30834837340555,1.4057541128362359,1
-34.419405028683144,63.241381664440254,1.1296027594482891,1
8.018652694865496,-57.27645607531836,1.0559288915891591,1
-56.52446759292906,-13.889990156596566,1.028647283754237,1
25.79216051750524,-59.36009082860538,1.0102413920003763,1
39.07481672672587,89.82744289780725,1.0955686722104119,1
-9.30815011737975,6.593655107779338,0.9681104808986317,1
54.873041906113336,-16.59043870787634,1.067548932502046,1
-52.75155986232067,-11.258218371403023,1.1617521115754263,1
-73.53255682030235,-45.355589477442074,1.1308391547686512,1
-40.050577833919746,64.82099625928969,1.1648269234494466,1
17.5791769075468,85.02675925107938,1.1667514171376019,1
-9.009288368470262,-43.74066339231096,0.9998144359079697,1
66.58492461600535,-9.56435351038891,1.3898507834846041,0
38.501198925582266,-5.321999787966555,0.9715866378033604,1
67.23350839032848,20.631362720652632,1.3317945924831989,1
51.988664048358686,63.8533712149454,0.9460598593627452,1
-23.032964869418148,11.434648393978478,1.3549974705368413,1
43.75030427029031,-26.984817464200663,0.7938164739119618,1
5.802681687700971,-19.182217023718408,1.2876330967847311,1
-56.04104642567879,-67.21600451941639,1.4092551475440789,1
-16.67576236836183,55.46165720448551,1.2967485606843947,1
-36.5271442464284,-10.536194181032297,1.0110154389236141,1
-46.03096621310395,29.030532531325733,1.2492891123716232,1
33.742634705998675,19.10734371161904,0.9583343560069209,1
31.221194537017567,39.488510337346,1.0943745336764938,1
-66.05600093089302,46.83745984299433,1.2825481474408613,1
5.731425443818986,59.954171676630516,1.172683189056244,1
-7.997023714765755,-17.610163027648856,1.1202948200678837,1
63.11542546798821,21.298967898261655,1.1086194752380025,1
-18.692610669816464,-26.83687380939028,1.0839334824401383,1
23.864575661707505,-75.8490971031137,1.306328104577647,0
76.47006686392145,-29.31412244742575,1.1100926056788816,1
-37.56980033076482,7.408225928023063,1.142392990153378,1
-30.632472003211205,35.17389264195443,0.9242940854790691,1
-30.74006971929233,28.07084934036094,0.8995322485208683,1
23.109838135348024,70.57008297586142,1.1583744854159486,1
-22.889097044916216,-70.31450400093475,1.1995479593703606,1
-9.587853150463577,76.74758642289845,1.326126876923753,1
-11.350961281470912,40.983372290216856,0.9205237157674421,1
-9.357190016681043,40.98603891604093,1.4061877226353052,1
-68.40281627393556,8.381858016291623,1.029384003378361,1
28.13208194374332,-27.543988387002948,1.0401558263765727,1
31.59744197298744,-25.33087128640994,0.8432305001666331,1
-3.5978471168537007,69.2614813990874,1.2833169549078611,1
-56.60362427528583,-50.581120025975025,0.9293013904104123,1
22.141094844688748,30.327837379379805,1.0844803042203681,1
-10.00251346610731,69.2176065155286,1.040889621130399,1
-4.693380851529246,88.52326107489765,1.1912279331787188,1
-1.3368684131365431,32.201221085170374,1.338680892617062,1
-0.7058137510145065,-38.3975873332291,0.7298170582468261,1
-50.62792298498756,-15.371997363550598,1.218920325153592,1
48.37155291662926,79.8955898619886,1.1208873104649866,1
-52.64197890977838,35.20698668845608,0.9598078447222128,1
-40.67284968306109,-77.88318523452365,1.2048928135443233,1
33.29412069101097,64.11887379795974,0.9126513481630911,1
24.79055363610059,64.92793888362948,1.3093248063267773,1
-61.07556455405597,30.64744726404309,1.160948659206977,1
24.506469098309076,84.42045514704469,0.9976116133334704,1
-48.726821257522886,13.102213738206375,1.256384902883469,1
57.57033663165442,5.945318901955246,1.3605294967742116,1
-54.37503384743298,61.13039704756352,0.9360841963903834,1
15.36006103843331,-29.460839776992447,1.1664485923298757,1
-48.14815144187046,27.96979383109092,1.2677867589342409,1
-62.317564049854035,-19.906806214361186,0.908481029173378,1
4.208856748403134,47.47326076853421,1.5544007830526754,1
2.3240025003364635,47.40750246834258,0.9114063541245947,1
-12.231206603710802,-28.729378156736672,0.9967550678690088,1
44.21284220683448,22.014608556148783,0.9807943389325975,1
-29.909735444709916,44.73118585567322,1.1530366202253108,1
45.46224874576631,63.72207163865521,1.3630651561218987,1
-74.90342419227707,-12.559998104668914,0.7966061497969925,1
-59.1096618284067,25.88374286273819,1.175978166114227,1
-57.004904678900004,34.60713661662425,1.0574288968889467,1
-48.61401510764007,-5.193966959758642,1.3578160090807871,1
21.102229174857843,-55.38574217673955,1.2115355898127893,1
-6.744686820442299,7.821608597691175,1.0722771217397202,1
40.79055473062987,6.729332829586292,0.8089309795261161,1
12.045741430865638,-95.05227255484999,1.2893194201141531,1
43.429495744425715,1.3181407306249089,0.8121149056381505,1
-26.25826448967178,-9.506521062829286,1.0018807917949686,1
25.140007107328554,-36.81057345656643,0.935112214566049,1
-24.16716608258367,-11.416057033373809,1.0076884379128288,1
65.19984691415196,-19.090114115939745,0.9654396810374783,1
54.20834306717001,-36.110486924334175,1.2752360579626738,1
64.64116867268659,72.88519055369522,1.1753748288679402,1
-48.58681138993089,-32.939374281628275,0.8626574957009832,1
-28.58852764945529,-42.617002441614304,1.0840029400291782,1
59.51722983597336,30.071943452315555,1.1925697567639149,1
52.34580432147035,68.68731160733175,1.3376635502346852,1
-40.5656009111117,57.72315008836157,1.291299348352815,1
27.924803067187288,-73.82502312687264,1.0675264134128677,1
11.029164408376403,31.1885324110148,1.2023267932396309,1
85.49642695319902,51.79393539557311,1.344687052397474,1
-46.81503225905924,76.90528364127495,1.539071864225625,0
-38.97138532844638,63.442761630910624,1.2616741899526585,1
-49.65630612044012,-44.0602584973264,0.9834185141211768,1
-57.650903015108916,28.923705146714383,1.28281081170568,1
-67.3678466115387,18.792339623630653,1.3198925355662479,1
58.44792112611529,-22.485478737021545,1.0326022109742166,1
-73.80826636276568,20.745333053850864,1.323656381859678,1
57.05264997936917,-38.60207542931741,1.1153096528990336,1
-48.64880327199165,-28.42597322408155,1.1653690370176641,1
-51.64391489350046,-33.001481470607544,1.0463551911219595,1
40.06181777748488,94.02805004306991,1.196969269977644,1
-56.30754783839368,-21.691975453537506,1.1032348678495791,1
-45.850408856792036,-20.09480333495851,1.2791286037295022,1
35.19989723475005,60.47126774898442,1.1110047022684768,1
15.06065821674127,-5.619025048964483,0.9319242795974366,1
-56.08853224081932,16.346485865734934,1.5443175951459438,1
14.162449751665152,42.99703033750375,0.8670353233958279,1
31.025493061117274,-51.31724576051109,1.3374923452825684,1
-93.03768612672064,-21.42371419801686,1.1498291958822466,1
62.24056305056798,-37.73950040540026,1.0158642320599742,0
-58.428854009369495,40.384385793421906,1.2805975423700249,1
-17.17480127468661,67.93182503923224,1.115801891415793,1
69.3584043590398,-6.227831885969574,1.102103862055216,1
-80.08677337446046,-35.7736502815919,0.9124319930278684,1
-10.93829913342104,-49.280311879245474,1.3099278752306949,1
17.58817506032751,0.9380866421725125,0.8487048363203359,1
-26.73056733330337,-63.43226876836565,0.9966932395097539,1
48.97593558875455,20.873051732605866,0.8714268561531598,1
-21.258135944466744,68.13979738244993,1.1904724576314196,1
-53.19501134119092,-26.068934056162405,1.0271615252194268,1
-66.2794292950347,-19.802363369584903,1.0207401045384057,1
38.471294823684495,-61.7229966668377,1.0146326960720706,1
-52.54867663511156,-7.199593433245694,1.242437050151301,1
33.702581240211735,31.31549985252467,1.147446048612208,1
9.322185857976287,82.35686067106289,1.2025252321297584,1
-82.19037514219,20.497829841859968,1.046674082489199,1
4.731260868366014,30.674863510796868,0.7930885293096641,1
71.83483915672637,2.5579002166120994,1.3622102373425014,1
-52.559437413058205,51.21497315666522,1.1123666216711252,1
-44.391193111203286,35.3971721353249,0.9908871574861288,1
33.0686076696354,73.05447925604363,1.2436242230281118,1
69.09783880259049,-64.02269019716475,1.291571265808287,1
25.858632192443366,-15.555965131460011,1.1601356897140733,1
39.96017484696583,-22.508289138182477,1.122508161027146,1
-76.60698353438448,41.15539579926015,1.047237464333471,1
29.743974542677847,-39.63302738098016,0.8859446559846273,1
-28.5167332998582,104.46245445327007,1.0189427286913229,1
59.86519803480795,-35.82749723567412,1.1495478571845645,1
67.2570143221408,-16.11761980587732,1.1582243251847022,1
2.765646529676196,45.38946776851268,1.0156084055716121,1
4.249874301988025,-59.43367556015232,0.8701976146880951,1
13.048928345050216,-56.071346327899604,1.0767730536995037,1
36.41295340280633,-42.21162014478604,0.8541376330955951,1
62.2539036492285,61.55920952740218,1.4968082721127507,1
38.86486710327065,-39.657285073960466,0.8526256218932522,1
-40.66308089956955,-41.09941989552384,1.065453230882308,1
-52.449967907303375,-30.951944234291624,1.0762694410686353,1
78.72655891366806,33.24231438326818,1.1924171164378905,1
6.167905531086717,91.83592675533728,1.0279932192912296,1
88.72696757007627,-45.92756867272881,1.431538052823878,1
6.099462134935444,76.35816381594685,1.256075394602314,1
-46.66202470874453,2.8871800217795207,1.0992580204685711,1
33.89204004230916,56.63767016017047,0.8885208768162337,1
-39.052485197415166,54.37425052609716,1.204640201102745,1
-22.051901564766577,70.48124528103475,1.2713526558767212,1
-15.18920325646592,-22.270428132298495,1.0815279103970035,1
-33.74757200411537,76.79055719332071,1.161788514172553,1
-77.0385343476324,6.642564927772151,1.126717858454568,1
-32.822369080697094,59.5034988885482,1.0591236974746578,1
46.23563293078089,69.43068852323844,0.9797796403202929,1
-19.49093379607014,-68.91328794421138,1.1876566044338757,1
63.13788568029853,39.62221484341141,1.3363150581834256,1
26.651118687689618,-45.31741343603045,1.1381776107837824,1
58.210744795862645,-24.348475558574762,1.09272064177338,1
43.96054306552419,-48.683558446144716,1.1209333702159436,1
60.53507283233866,-28.70634293642632,1.0499645221300689,1
22.34585382472518,-40.88753062089273,0.9537539239127703,1
-1.5630955561614128,26.47803470853144,1.0895744027060403,1
-33.19754032011302,47.922453001695345,1.3043883361375035,1
-16.9496707436056,-27.86285682882744,1.1686394850285111,1
-65.71859092478314,-28.611033485623086,1.0876576072875557,1
64.42671944176575,-52.38640667853823,1.1475272925005904,1
14.36473905102133,38.20409322080144,1.0947604779275804,1
19.061117579801152,35.59054060222501,1.212382559992576,1
33.10141893776604,-41.54597108074514,0.9784032248841387,1
70.85924803847509,44.77151427025294,1.2975749756670212,1
32.32586386476056,-37.04989407464205,0.8142968267631882,1
-61.29959445610112,54.61943010420949,0.967456944658582,1
-51.82633002676353,17.091623935448244,0.9344102310220523,1
-1.9240065675545919,96.8777954789819,1.250740888989332,1
55.90920428915599,25.856250444981587,1.190289526546381,1
57.71127934744821,92.11858909268926,1.4060447161291385,0
-3.6130021337784717,-85.78719181280235,1.0997803768048904,1
56.46717323236607,-29.23802837480302,0.9047525691820438,1
-56.30961374081784,-47.727395981485984,0.9732678294113651,1
-55.36453764623707,-49.66318706080185,1.1024200219806775,1
-40.60737804902221,30.432746006997274,1.005512778427314,1
-4.9076401893758765,-83.97908829079759,1.3415208412572919,0
-74.30034556865735,23.235738013357633,1.1897536710945777,0
-58.79007391807631,43.54784583272397,1.0806632113246248,1
-63.47140881119212,36.25007682097859,1.2759289093257429,1
47.23229066500118,15.31338048058022,1.243960966465052,1
-46.73817303739054,54.41472212844798,1.2408371324692344,1
64.81655564336162,58.3559234129417,1.13598390711156,1
77.33346104740546,30.05367725781788,1.142352996413999,1
-48.71267162819296,-18.38881539952401,1.302866189391539,1
0.7502232512099769,76.71518182196385,1.2024100436433465,1
-39.80167610360511,-7.115243402416843,0.8907687702294612,1
75.81598646603852,45.1684896246957,1.2974244457683348,1
-21.03858685957336,40.32823080934739,0.9672836196309876,1
-1.0722798730366072,78.88717270017275,1.6174401051351244,1
-15.555021015349038,-2.353445435625779,1.0921503278897298,1
-44.290412547997086,-24.787135506635185,1.363180966999714,1
-14.33520386248431,-0.5013256549262001,1.2975667364277734,1
-17.127185952349393,0.29820232922335393,0.8620499059350101,1
-77.38560081582824,-26.28779637566377,1.1733720444514015,1
16.125975233459446,71.54334867175979,0.667896236160195,1
-4.63270480211348,86.32144151936082,1.0831841145649403,1
64.40305956646753,6.880262436573363,1.1244137347301315,1
-58.54998495678411,-0.46898206428580097,1.1777915160768915,1
-15.383627629049498,-66.17820007625153,0.9226779837344785,1
97.72090328648953,7.549128820430365,1.139813199760132,1
-23.705978377760268,5.646027345418846,1.0217444365145119,1
-90.19833278944516,-32.66226164282573,1.1072221864395289,1
-55.75829064860788,-44.90884675803522,1.094410406901746,1
17.789688313778253,-46.35050577236793,1.0958094091075674,1
-39.185138962764185,-8.75685138550438,1.2084302542701595,1
-3.2092437758533143,-30.660621304691023,0.896376976203494,1
-33.84253857126805,-56.78124414789125,0.9802975749400997,1
-43.95318187646445,-8.271873306282302,1.0076728069602097,1
10.92437912804348,-45.68843683849963,1.1541753401133505,1
-42.155964500044234,51.90632363610889,1.143401806685743,1
67.78572721191945,27.628613871488348,1.0804193023199704,1
35.81586169328525,51.13521680247241,1.078908959945543,1
-57.385719359084334,-26.46421005331576,0.9610720221209245,1
-77.65400111149269,21.90837873246683,1.5148224928947198,1
6.132883845263855,82.97775131786821,0.8057604467944732,1
49.55442380992287,-36.402711265770215,1.1325816992356499,1
83.01451519922949,-16.662393684230477,1.2618023182776061,1
-6.85980604490684,63.52631590673164,1.0045923721457168,1
79.18551377009875,35.78704738381888,1.3452139291049263,1
-32.46083615647146,41.573642819404164,0.8686919799608868,1
61.729637869467496,-49.286578449932044,1.1589954701969125,1
21.28772675806675,53.27329626642748,1.4695896707595506,1
28.951556571988053,-7.416834550380383,0.992257069887591,1
-78.2862375715565,-1.1067999494321286,1.216290296012159,1
73.66252768351102,49.80912958621602,1.1748811744191396,1
-41.65560441841334,-33.833784825076165,1.3883284543570245,1
60.43480770135343,-17.703631877825675,1.0869354242232692,1
52.892363222988735,54.012826061748804,1.427114675579004,1
-11.760750102483826,72.85835695459431,0.9901259300507401,1
-29.430894259592936,31.348245010012437,1.106999814231982,1
-54.70855466508526,26.277819745714996,1.3896080687292243,1
49.65022944583497,76.44076861136084,1.1897682916946841,1
-3.064555213177906,54.466606638433596,1.1732332182800516,1
-46.01941636924824,-14.549837757744479,1.2970036129385911,1
-18.821595322447532,10.068290236434509,1.175741872867027,1
-64.94256088189816,-47.137144704435954,1.1556285962332022,1
-84.85579434824561,0.331003477291016,1.257342785717692,1
-58.15377597143921,4.67486173218681,0.9654039508446324,1
-20.661115648856647,-58.523581007017484,1.3104576804144457,1
-17.720469330377494,11.419084362207888,0.9664377973408355,1
35.95817941583757,-84.44950020483014,0.9558836983150646,1
76.22935097405609,9.330227466682045,1.09907214278125,1
-80.04820986254308,-16.238452143218517,0.9661721135257748,1
77.26883803991561,-0.5538839897168593,1.1680275382361867,1
-56.105177045172596,-27.57974727987181,1.0512426192876805,0
75.40130667649635,30.64353065736398,1.0916705372796462,1
-63.71941912196248,9.68765409102759,0.836953755569375,1
24.743708451951747,87.03136646319227,1.1562149513473219,1
-6.196071766353504,55.6784805502411,0.8278752286143194,1
-54.281694926153946,48.008527849380044,0.9453833534497069,1
33.55924629928728,-52.51386235351946,1.3699280999351342,1
-88.07280310556554,6.941601283342174,1.1239437665976686,1
70.76569709036832,22.84612627449397,1.2276581684259595,1
19.027587357426224,66.13510827316202,0.9771929416634507,1
67.17425042460455,17.526073909379466,1.2817450545855795,1
79.85577037660232,18.87589389945167,1.063577702593634,1
25.166547877295237,28.09930295861352,0.8626621516579969,1
48.263988051531435,35.03962494203879,1.1869967896031504,1
-29.343898388886828,67.15039180060396,1.0290483891428774,1
45.68254529663353,-71.94476153300845,1.3027815449910263,1
-79.96144196072892,-18.218630050613484,0.7443613907930184,1
15.18153796823645,55.7067314836642,1.1656141896065173,1
-43.96853869000468,-15.725674293844126,1.0979272190939549,1
-1.9217483438837575,52.93998916020674,1.1227166568338702,1
16.01440570045135,-80.16344670991977,1.3351570684254273,1
72.00289718877549,24.208244606147858,1.0579688538435776,1
-52.690800819964,-60.380251674199684,1.2179121945863898,1
-41.313048400249855,13.900888540399295,1.372774959237538,1
-11.457622962295876,2.317173812013527,1.0026326233567937,1
72.17522788265637,10.138789156658506,1.4093408852086533,1
94.60283675772533,31.14485631229018,1.1036166387002644,1
45.25603412197423,16.55514037744928,0.736716839164721,1
-12.299680896596245,-50.85260675190127,1.054536988961828,1
39.585444983211104,-63.47072017705074,1.0777270697958428,1
84.18511060348213,-1.9509923404211211,1.0921793788491814,0
-15.353098182114877,98.52093547747596,1.008109947470442,1
-79.29413686599607,33.51091016341146,0.9234879871302971,1
45.024229939837525,2.264608992942492,1.1373712152371203,1
65.79697073464874,-44.630112134921944,1.586435792925618,1
56.48269045501855,58.565579187985726,0.9873961375747082,1
67.8182205414054,1.8973783467693022,1.2506401775509188,1
55.54015746557397,70.45765256337798,0.914569229673884,1
-76.41798108159145,-53.06456098961263,1.1906947199405646,1
16.540060394513677,32.61565731461043,1.197928529628013,1
-39.88733678974095,83.24217602605476,1.07522907949872,1
54.766654853504285,31.099641814931328,1.2860793622510305,1
-82.65238113790632,-21.70297739664336,1.3288066473003997,1
-83.69926706436985,35.92096616694247,1.0688243126989105,1
31.704118186771527,-38.694300431874574,1.072046474810301,1
34.88967251913116,74.09679615266984,0.8438035517279826,1
-60.779051317736084,52.70436610239141,1.2291036894974516,0
-33.5470417421449,79.68866182496023,1.0592091507405745,1
43.96465996153329,7.250555615661385,1.0435764415290743,1
42.10398257769896,3.973743058900326,0.8912117832144614,1
-66.62693912401764,41.1998538230259,1.208356869093165,1
-59.66434932641421,54.9281411654009,1.2617393558563874,1
82.11907045250744,-0.9968667830647888,1.2006521032350426,1
-68.34418399561216,14.422753457107605,1.0844222429166723,1
1.9802363369584846,56.25269631683748,1.4275989228336328,1
-73.82803590124118,59.05459550763472,0.8909554998337175,1
-39.83128737168454,28.831045597246167,1.078119302228968,1
17.344250480914514,81.57457854391888,1.1408633806221806,1
81.75980201357466,-19.449686600712397,0.9922928450869524,1
-29.418700932260197,34.37498865709876,1.0010465793519447,1
29.240456101945533,64.50319284675452,1.1139044220066157,1
1.3062318453354873,-30.82874263543395,1.034041310321586,1
-45.024177870284674,42.001123770398365,1.3227241943635828,1
-17.081458806961248,99.77189122797391,1.1327762873104987,1
19.36247468217417,55.53656115528036,1.1054156116118166,1
2.140093008057603,-76.43560917065832,1.0910228637851187,1
-29.576894362606517,51.72757264210888,1.4010859483548337,1
6.332534588541484,-49.1431069631604,0.9654473489887102,1
-42.27177922337719,-80.06672034826342,1.0220927886674545,1
-24.089863592820016,-30.024160298806915,1.348502940839048,1
3.973743058900326,-76.1867546765787,0.9057211984390627,1
-49.17313191164055,-61.22223472141854,1.5460684654059516,1
30.694802599345078,-40.6472562261186,1.0174433164642207,1
53.08998256180157,-76.27831557655337,1.5853636622241234,1
74.70243754140505,-34.874080240478946,1.4567744614480163,1
14.810504866569762,95.34663721221409,1.3127051295995293,1
-36.90798901674375,55.144413823750185,1.3605282232908347,1
65.76161266461752,2.957381604718149,1.5271917399707917,1
65.82907174835934,-36.91260797221611,1.0467375857695524,1
26.041688096655555,-13.96627884321578,0.7808531250001923,1
32.74895434895777,-29.645921415880085,1.3655314567135173,1
-80.80827583729344,49.3162176356118,1.2161614686660243,0
44.657982675792944,-75.41484493068013,0.9883652385259888,1
95.28393596042099,-10.093550831450193,0.9758723544202047,1
69.58400090375657,-0.8898530374939938,0.7604500005352066,1
16.404226736901176,-47.268860926036865,1.075427463304993,1
48.1420077451189,-91.48455958792967,1.1735972957853973,1
-83.28425285648976,21.71901694055275,0.9352647664387405,1
-58.56149968446463,-10.941908360841767,1.3210419522928456,1
35.958457004793786,-43.64739350302236,1.006771272264574,1
27.84864013115042,65.03984193160407,0.8914789253084624,1
27.81812465650274,59.8702714203713,0.8083590487453564,1
28.736702719876817,-49.93561612818472,1.0361830630838085,1
-42.22554585742288,53.72261421039707,1.0266285130613777,1
-35.063462960769165,84.34804144133317,1.003498577715128,1
15.425995024795471,6.310053013790478,1.068642113966085,1
-49.67013579367946,-38.49619199357868,1.5470996089782774,1
73.15565472670173,-27.634119385786633,0.9804343607418392,1
-4.234411335358789,61.41239272845951,1.112563143822363,1
-50.5385302892722,51.222403872894354,1.372688443714746,1
42.48018745992507,10.087388356622181,1.2377621708277462,1
-36.384405691900824,-23.96963287615894,1.2331919350978093,1
-12.573741690279293,88.82819817444125,1.229337910020498,1
-25.666751161352206,-47.30980275648704,1.1934303849279666,1
-23.971894009911843,76.41469215976907,1.418699595878817,1
-22.51265519152967,58.34177309203653,1.0436002886641844,1
-43.70209988039355,29.163655887533746,1.174749029477371,1
-24.1133661244463,70.46609532992433,1.1307143737300076,1
19.673399161252426,68.28019092148834,1.2290120265342745,1
34.53112543514816,-44.11201572929334,0.8035986898537508,1
6.339343765518392,17.8294043405205,1.1806103192020696,1
47.60504864903374,9.92207025374772,0.8830118155672831,1
-37.92626878664727,43.372041587218156,1.0504985135715792,1
17.840444700787174,67.55845244029513,1.0802043922831595,1
-12.32425568360241,26.179073783381053,0.9020921024431487,1
-72.529289126448,24.021854298547098,1.1285917964633265,1
-30.08159390891187,-61.99795753032003,1.1659052920154185,1
-6.646886700659447,-69.41199434284223,1.084960180430566,1
-47.073004510349804,-57.42881975475672,1.0865019238393088,1
61.73923739564177,-63.59709129330946,1.0908639739281834,1
-58.2466140556848,-55.90245242848359,1.0748235192780318,1
-61.0873143740933,78.0971371814721,1.1575187670208662,1
84.08858342694155,-32.49161931072132,1.1035790264222989,1
22.41504130198875,-0.06748614585543686,0.9449075628966728,1
-6.467996172931782,-28.58003845271238,1.1282692194026995,1
-59.33547215805097,-4.212030725763881,1.1373849252763688,1
-7.024889038347186,-59.737509290410614,1.4234555642687001,1
-51.19963949177368,-40.73739474924839,1.5070697182229535,1
-76.24192903708291,-0.812632714840052,1.1488089151434486,1
12.805413065054582,65.78602689040187,1.1486773874432064,1
76.52247024248516,-46.00885629447705,0.9337022740692923,1
60.3268952298693,25.80764992245086,1.1284154443601562,1
-38.3096354639438,0.6350124962398458,0.8585213869055172,1
13.400566683981257,-87.10863073852546,1.2879527160121869,1
12.938625358757077,-50.02935138719402,0.8906349037366602,1
85.51230431099728,4.2975482129529,1.259659056742167,1
-74.60689833099792,-6.1682337311881374,1.1712013184554462,1
-40.4028899529339,-29.624388372020597,0.9381954745616067,1
69.25008220860036,5.223634279454234,1.1312335352905212,1
0.6353006144323418,-25.105178702295667,1.1165035338631923,1
59.323535832933665,-54.583729640904146,1.1758328158904483,1
-4.599662883947891,-72.07809603701442,0.9476208985208603,1
89.62670569026196,14.314813431103511,1.067270587368847,1
-79.57983586518807,14.596433154437083,1.6860922527558646,1
-3.6426968958750434,90.40437878874809,1.1712603058543485,1
24.909048790901334,71.13127417509698,1.08206921551828,1
-52.26319952605636,-42.84543900851418,0.8455675055854542,1
-30.62264208840871,14.837311210219664,0.9662109024765192,1
46.237397081647366,77.41523534491954,1.2746062798241826,1
-23.49330309307246,-43.06471868903969,1.3799703969183228,1
-15.887159654060504,36.88297738126824,1.2249876562906556,1
-97.31984276254859,38.70812508709025,1.0636601140280249,1
11.386591032721947,-96.73264187969521,0.7694136937262365,1
31.983612696493623,-56.65943988463996,1.1133640939040215,1
4.068450507285714,-40.814656925578234,1.0845169041202396,1
-68.95978932609846,-30.058141249325146,0.9340163982069217,1
-30.365451583147102,-30.236203562736442,1.1877403194857958,1
-64.29926376678453,66.10488582901873,1.1386235132449527,1
-34.08090958870664,60.92557913196537,1.4132327754195715,1
-66.2551985550466,-9.104073893459805,1.0799516287377289,1
-1.3003134174648314,-85.52302344506644,1.415554163892983,1
-76.2719984690064,25.951435855789075,1.4305810655044267,1
-37.66318922469686,49.4267517416055,1.1274564355720655,1
56.662332148033755,49.1382696103497,1.1123781265361767,1
68.33347190896843,8.271873306282302,1.2347586110227846,1
-33.5470417421449,69.80263459215493,0.9191261470788047,1
-38.83564760945347,74.33007366647267,1.3380536731792252,1
24.820842061085727,-54.64449638695581,1.0478068192869923,1
72.22138032892914,-15.825631485237876,1.2394863739243405,1
-61.005065633831975,26.803018050875774,1.1474666389485852,1
22.132388288503254,-47.87090316300977,1.0055069824892557,1
8.985298276754193,58.394797920922954,0.8061908033406955,1
24.54283978307823,-16.73542995121285,0.8945483407121971,1
-20.763237541526795,55.43826200725562,0.9574506877935938,1
-27.955501652332043,-38.52291874696065,0.9468289206822409,1
45.42567462136845,12.240701407781394,0.7987955193627561,1
31.308535397387345,-53.299521961985896,1.1868083459005307,1
75.09531359280395,43.04679962353629,1.23674545577964,1
-7.034906744670923,107.79046500103438,1.5353152524004103,1
-42.84173463175363,-5.639913617919751,1.1053759988303926,1
-62.18337081898995,-57.405585410678135,1.1724335530437895,1
52.45438303852822,26.491662044850166,1.1563151136853047,1
-6.3457273689342575,-80.68044849213622,0.9793896074181472,1
68.06652670980688,-0.34514343166072303,1.2038362934579319,1
-36.40049908622169,-42.62923387431418,1.0631000736680594,1
-20.95638898433385,85.06747630976622,1.2988156207711026,1
64.74992185708855,55.98136480009235,1.1044520251808698,1
54.877254726742976,-8.558345109097266,1.250150948547087,1
40.5831203560419,-65.10764795912522,1.1182700456666301,0
-64.58601461869634,-57.72880163752188,1.3358566239549499,1
-41.04475910510577,66.79141238310135,1.017769138683832,1
34.682928248576786,-91.46483333998144,1.258359721645327,1
-10.799711512467876,82.96746771469027,1.1918878174687428,1
15.617790645443458,-78.309686164834,1.2040634268276948,1
53.29042562291495,-15.162643582816935,1.4664921303391687,1
-32.1759920343543,43.398850445770364,0.7545752583834857,1
25.785777899213336,97.36394085256524,1.2777205221275776,0
71.59372698512249,16.06453826594398,1.21858582305067,1
100.06874554167642,-26.377821713626762,1.616504958378531,1
41.72370203644508,-15.345811472014194,0.986677574534195,1
-55.86074066950564,21.103338748741987,1.2181915594040142,1
50.07498078901363,-45.895008774291114,0.9091849287977678,1
-32.6592775615464,-71.52768224504337,1.0284193150108418,1
-12.809607726974603,-68.0733887464863,1.2040093824883258,1
-52.869641850563866,-33.83543875868846,0.8836383252033171,1
-36.51050573262856,-47.676395319621186,1.2894189084512966,1
-58.51674876705136,-21.835336561152506,1.3118681875024638,1
70.93565199646144,35.82357439566873,1.1951778202641525,1
-50.30489618650089,-20.54260203193687,1.1831734904774145,1
-51.611476174652296,-0.6481424538688738,0.9029160378859992,1
-49.817446509523535,-47.368112595455536,1.2414344250517566,1
34.3960609964554,-70.66400730122393,1.4124031767682,1
-22.87780344499754,-81.13762907420961,1.083402549734812,1
-40.02115046866495,-85.79541712249106,1.3727313686885259,1
8.88687163877898,90.28233814732006,0.9801709442018693,1
-19.008597749285094,-54.81481856459099,1.3063746757139492,1
12.819613175969966,77.47271817377384,0.8239475192959296,1
59.832321691058176,-11.67820208662906,1.0869050647170744,1
-51.04486159722409,-57.5504363751036,1.0265054016071713,1
-70.99477023463385,47.931356488344534,1.4573940067210902,1
8.593035053969398,62.736205785999005,0.9163677592602603,1
-51.40116394868326,19.181820028426248,1.3184475459613718,1
-42.616478590355236,-48.13485871617166,1.1737125378352808,1
32.758793857040786,6.774990572469626,1.0906574944322607,1
50.9376605062515,-38.11561960313902,1.1255503106321267,1
82.9812196085627,-12.388892010180948,1.0699138539746476,1
44.031432272168146,-18.13796219522992,1.046378523342711,1
41.79522055229882,86.83596353481019,1.2087204559927063,1
-42.80213513134448,-54.28016088192223,1.047041279825317,1
3.7647628509361626,59.62400986329009,1.0693621796520245,1
36.220778568417956,73.7500170961933,1.087626996402672,1
-29.75269462838974,-75.8697399241989,1.067391962168034,1
44.181484226815016,75.75635694139106,0.8385899598885994,1
-8.819373692583294,33.29857771141393,0.9695281734081952,1
78.00189525397371,10.155823287294648,1.1720561519930968,1
92.47108369380925,3.8382745455287193,0.8553721585023649,1
81.64335858697825,37.01918609293006,1.276102703684745,0
-8.18510540446816,-29.028683595822844,0.8182442725226441,1
-4.4949942168045,93.69708743860554,0.9358657525915323,1
51.97321703938337,48.29191394585665,1.0307822894657148,1
4.104603799708263,-36.95710062409081,1.0528989838352294,1
-70.74737132062943,-8.71274498517328,1.3263226919533853,1
8.784192944869174,60.996820146086485,1.1188019507220577,1
-43.81739691092212,36.972767050807256,1.0755027425318429,1
63.67141503937696,17.635046971153958,0.9620874806578047,1
-84.68670292099075,48.35925931960979,1.3782353169309047,0
-47.80468857855695,-44.55018104821638,1.1579450984647026,1
-8.187189918625856,4.772755728317669,0.9441564762330861,1
66.62301023957464,-48.65884093805248,1.331027884861804,1
-38.41889874770974,29.71800637134637,1.0849246480449461,1
-23.873843867092685,9.922667070003575,0.8863492084696732,1
55.53061147000518,-73.36725056106367,1.0848888558840082,1
-30.311634506186,-77.58942890825402,1.089073555027297,1
-51.114557778230946,43.84809031836657,1.3805170201571202,1
28.97829394025079,28.286464536452637,1.2742931706155274,1
57.93892211932797,-43.93045096167588,1.223824442888377,1
-82.78064376117233,-19.12738575587403,1.3288066473003994,1
77.82717513269164,22.10737154386514,1.1991942951562278,1
35.31003696196869,-60.02539174983035,0.8777442475389285,1
-64.21981639604623,-14.507111139426915,0.9865247104275933,1
55.88972462661122,-53.617587384123105,1.1584899395148494,1
57.964550111491576,-3.3495434689431924,1.0588224276127207,1
-40.523823773201165,36.17900143050745,1.0028600732968056,1
-68.97405469026303,33.42767849097199,0.9613234784093764,1
-25.116415311802637,-12.577007367961032,0.996583124173327,1
8.442779779552584,-8.210346975904994,1.1217493358948822,1
2.5692939814967755,-11.881418021750937,1.17400438258234,1
-0.9118940792192166,22.60719397343926,0.8201531623284769,1
56.881894217274606,-17.606742677176644,1.1085006208893444,1
63.93235413221088,37.56475798375202,1.0295297388200546,1
77.83080792729257,-57.13608489193902,0.8154152220986022,1
76.8917049398956,-52.083145945765956,1.2419787290960027,1
69.2073555902828,21.594439817876275,1.2830528597360944,1
-85.71325862662326,-12.524189129317023,1.0865307634070263,1
28.210012374076374,-64.46560522408643,1.2595167901750328,1
-6.05350728323386,75.21138138030315,1.1091552627677375,1
-30.532660560601443,-42.892266130128164,1.1920575212935576,1
70.39149329794127,-41.35936653141151,0.8403529729655909,1
96.07301128456405,-23.653063012164587,1.1182816790646681,1
1.644974805226594,91.94625839880838,1.2891591636533108,1
-39.06551019172012,44.75497343832443,0.9962979609615292,1
-87.55348729555827,-3.2662126002767513,1.1650503561688808,1
0.31199522141682395,-61.42039260593173,1.0373824111122427,1
-38.44949805607901,-72.08735966324674,0.9930365203961261,1
-75.61139747579637,11.890817877780808,1.0459618143419294,1
50.88455397500931,59.15964090728474,1.257061925423626,1
46.04220389901759,-2.797169279190495,0.9984094583749457,1
1.576750043719491,49.1380000804277,1.1743633527465656,1
53.182296560087714,32.43696350623688,1.0151031537742312,1
39.998128121160505,15.401838176343817,1.2407881332170347,1
69.45203429753336,73.35942543151697,1.1991486985522537,1
65.47671143089691,63.63613009781074,0.8996123049699689,1
-30.575253096152018,79.70142604268882,1.200225644790286,1
16.42980896371773,25.237189219580287,0.8163803124255974,1
-2.1031641345362853,-50.72145145029016,1.2505046864230795,1
-71.44089521450306,-37.80433103397851,1.150196134686798,1
-20.452229959304056,63.71477721775022,1.0799763498941133,1
-39.522366095860505,-70.44699720973668,1.2237506454854552,1
-11.163954796729204,-35.64851060383239,1.0938047221333689,1
-55.52929875553825,-58.428756834402456,1.216132376209174,1
-40.54281338134232,51.176993940382914,0.8438190682602892,1
-69.62032143589919,7.062041496179778,1.0575927354862056,1
88.75173156926442,-42.12559721990665,1.3362621597523492,1
-61.48055542715562,-64.36977433317766,1.076996372274932,1
-64.22817182362834,53.08760171415722,0.983748920845196,1
48.329721310481546,29.573393201656142,1.108893722273849,1
-34.869803589233705,19.445901296763992,1.2673593005829673,1
-88.62924859675407,33.13591672588914,1.3396284021781295,1
82.89023920792935,12.421002739816254,0.9372676858497969,1
68.04176487583887,14.182238922254342,0.965426425127076,1
-48.41657931395906,-73.14317878940786,1.4670314644646423,0
86.90941217253656,38.831129392344025,1.3189254403765631,0
68.1537036185656,-44.33693708794288,1.166766925025573,1
-103.43852238092288,-6.462087691998712,1.0394052896090427,1
-64.44174470426356,54.94712589816127,0.9775349190791733,1
68.14423482765689,51.06139144917847,1.2279601363990358,1
4.743604113657746,32.34689850762458,1.212412700548609,1
-30.823527900489083,-33.69815053884251,1.0463842434206476,1
75.1515921321132,-38.99039735055122,1.108311319205801,0
-80.01804324434961,-37.08192666921859,1.15896478136602,1
-71.72438293603872,28.97244514094332,0.941822110246285,1
-43.025657950039154,72.74358529779553,1.1234054980524173,1
-59.01840407882774,63.70802001541589,1.292738557315638,1
-44.47565778470277,27.409342904715075,1.1651169382678597,1
-31.603305430939795,24.531975140401812,0.9454941424393233,1
-61.73324114761227,-12.147120618861837,1.0465020249169186,1
62.11768911553707,53.68362221501392,1.0522551664376978,1
13.505306663451067,-38.300602569260434,0.9398136772700458,1
-21.74588289801359,-65.29766655413756,1.2111587336928895,1
-56.617570928843925,76.69924430617343,0.8672618075181907,1
-27.596120542002406,70.90199223976316,1.3074804408963692,1
60.47609334352381,47.13198399916466,1.1946719108911612,1
41.09906282596906,-30.976140947651558,0.7946389009247465,1
47.07275028841526,65.14640450308224,1.1185824108008262,1
-28.864788670173912,38.949147036574,0.8177189703780336,1
72.61647020874696,-67.15146966273828,1.3881250713440312,1
4.399132621977395,-56.59026658513812,1.2960827593765678,1
45.37196115834065,91.13981043307145,1.1684479943621282,1
-66.9733939747705,2.436999711446793,1.1034438649769218,1
68.53170852415167,31.964425458946486,1.096815961299413,1
-76.23647575726564,-22.072902236954143,1.3600451976931107,1
66.34929795671263,49.531839061286036,1.3321270644165133,1
-30.145891220488704,-51.673404637907886,0.7148309838230678,1
-23.58235880772846,-39.00313595325837,1.0672932087044975,1
-47.10482239247362,71.74233977601779,1.271305761991876,1
-63.743557023866344,-31.96452375809451,1.0781251826203526,1
11.865935905937054,-37.625227645821504,1.2081575465385395,1
50.44220780889796,79.24140070144766,1.4446768640951884,1
-67.3556083676096,-11.452784586789054,1.4792236058346302,1
53.85564572405723,64.93273096709568,1.2116127962271235,1
-5.787362339956877,-73.5990296048273,1.1965177483648863,1
7.352776272250944,-60.8460804145614,1.0651945641174532,1
-45.93628408471922,-78.99592588457475,1.0582186119243404,1
-23.321669467166817,-13.07457308047529,1.0658438841987314,1
-23.765621186029257,59.81093577522303,1.016605141195346,1
-2.4509254240836573,2.207225452938961,0.9673604758943556,1
-52.27811993245297,61.73765758790567,1.337278466541865,1
80.87009471028266,0.6423234953741939,0.8938953325382237,1
-15.087974037682763,-68.33775674362593,0.9459495529046988,1
-82.72708849040512,16.997724844525557,1.0060526723719114,1
-6.442034665801683,70.19812483104116,0.735937928052743,1
3.2539748528080317,93.3579775173679,1.0805081826067577,1
-9.461129165468334,-36.26534084885585,0.9896560527893279,1
-80.74276332718304,-8.311872693643435,1.0027802046614496,1
-69.99486997312,31.835995485114168,1.1993066240658328,1
-2.302140178542694,-59.29495147541595,0.9129453643462058,1
23.367345804615645,40.64915518693272,0.9334586954379315,1
77.21554462351949,34.68099262828749,1.2801608119974797,1
-13.205373501351485,-79.27781606764772,1.1969133446596938,1
35.714632474502096,30.701375925240093,1.102425558436998,1
-52.62473245028198,39.15160547414037,1.4865598309682408,1
-58.16972724227777,-2.4861194978385552,1.1135960134398644,1
75.22594692298009,4.498381552310766,1.2722590808431105,1
-47.24257054069251,-52.926718775223385,1.1817428953843094,1
-76.28751130330406,39.48431028283949,1.0622664146699994,1
54.68836238176184,35.10532898620715,0.9656420456006607,1
15.759957622213568,79.87352290930528,1.224957535832035,1
-17.072923692764473,34.24332737398683,0.898018091095865,1
-77.91668315521974,46.92036777772251,1.514404178672584,1
63.24125792106649,-43.920751248934934,1.466468044341759,1
26.004739917421855,48.11197855416747,0.9351487652804875,1
57.60711767750373,-54.41249994026124,1.03861053488925,1
-58.24996054476808,33.341070736632574,1.0148547016810663,1
-56.3225447596949,33.2615646330897,0.9389051968915588,1
36.4605430120783,-71.8512280141873,1.182475292970362,1
-71.38041783390878,-49.92367980306743,1.014291434111875,1
-82.06422456889159,-58.643496865834706,1.480804056393184,1
-70.8345298985447,61.52101328702684,0.9917222723429991,1
-101.21009005702551,10.975450945348607,1.1516731513927405,1
-25.347197983984174,-56.13550803307252,0.8489855393011826,1
-28.766066079665357,33.01229437689029,1.0681585564010947,1
-18.294588483178078,-24.713076034884736,0.868485252070808,1
20.582411123705135,-76.04249700897373,1.1916123978843935,1
1.5618222326547133,4.656544064026055,1.1072980045894183,1
-82.34273882162836,4.827420315108309,0.8360097218763721,1
84.9242404083587,-24.800970792566584,1.273435142178187,1
15.962208852850198,-17.145337398476038,1.022453317413706,1
7.045144620364407,44.84585858612553,1.199491134546145,1
-19.494008304054912,48.37195753781966,1.1888404997605555,1
12.368022209032492,70.41835002945518,1.1499240844836531,1
-37.48217860339355,-41.703017181965755,0.8640269071155927,1
-14.324643345905976,-39.04687907412937,1.1039455677397432,1
53.94747782286982,45.59644783423076,1.0936690278207026,1
13.924320065575197,76.16390012466296,1.1424527928744082,1
-66.42185135609328,-32.27094007506002,0.8615762222923387,1
-55.61059270113651,-32.39817044960568,1.0522394303581166,1
-58.59857961625118,-29.67405530996993,1.0433111431308588,1
64.77355336944198,-0.3759942411946501,1.0181557721121326,1
95.47993651670262,1.3375532842498221,1.123972755607284,1
-68.06661639239273,6.56095377464462,1.0186736192423433,1
-52.72509507329173,-64.21052215637626,1.3518923677960797,1
-20.028768504067695,-90.27500442618646,1.134936182857926,1
48.020921067324814,63.421493269792535,1.168758743040207,1
63.07208447999549,-16.66907802629615,0.9047748526689688,1
40.12637640713354,78.8300719016387,1.2532596658470334,1
36.972767050807256,-62.20327716683446,0.8665440979921933,1
6.471058782665808,-55.541605453665845,0.8936074144664952,1
66.41382555944496,-1.4259404241532831,1.0848534708896764,1
-37.809886304787796,-39.83883636104573,1.1036964217259249,1
8.924915935725627,-73.05502142510088,0.9229415218730596,1
85.96740288224555,-8.472801445756703,1.149323526368808,1
67.32935473462794,38.44376206460387,1.2847674658887511,1
-70.83153051428447,16.268017502355185,1.1834220421999406,1
33.463487466323855,-56.785796923688466,1.0226898355552159,1
38.21679737969819,-56.58945425190097,0.795201931996647,1
58.34409404414267,-12.69560802058479,0.836365817688628,1
91.82769642871973,-5.3768723792238955,1.3203648668692403,1
57.68270272672408,-14.119232022792195,0.8629421019515428,1
-68.10970011280405,-27.790440256268187,1.3593074753807382,1
31.79779254834326,-2.510671223461047,0.9041396451786902,1
72.44560008566596,-30.754711750190367,1.3908232857456493,1
-4.949062410521452,81.47458951675615,1.2981344387401863,1
-73.45510683049106,-30.493677880076262,1.0334172188658641,1
82.46342833114764,16.57623994205057,0.7990870896740904,1
87.92638119256661,7.770547651356101,1.4080227890966892,0
-29.100685089592698,-83.48182686035308,1.260684576292148,0
-44.40189464406707,22.244165050906496,1.1569674103922027,1
42.92421875428828,-23.94546181779644,0.8937249742717691,1
-62.10923538880692,21.070717276548176,1.0024462895876447,0
32.608284878508584,76.68070789540303,1.0956238089248196,1
67.42524372382437,-40.261952445323054,1.335921435717394,1
-43.591832338504744,66.5313976580575,1.1841898633920338,1
-67.81293837454315,-0.5747957940102004,0.8061097183536367,1
-77.92664959661668,-5.8537142648735765,1.2088414155894531,1
-39.99464669300129,-50.61532353069709,1.11346609069653,1
-21.273358383381513,8.155337079479267,1.1186604532553137,1
32.85431850190771,-69.24414874466125,1.3393288989533234,1
27.021127264382624,61.2154433640242,1.2847561561620648,1
80.0603878136749,-28.560170753668473,1.0748814396536779,1
10.31381126230864,-59.5941231415541,1.1748389935587988,1
70.90223028613303,4.669398567998506,0.9557159843696829,1
62.4816263518568,24.83911955892157,1.1730529697798113,1
3.6385897732540466,68.38519598447671,1.2032747602644522,1
57.17252270783367,-21.57228748057434,0.9303881796425215,1
-65.95763956821762,6.731407448898323,1.29421352924243,1
-15.133768208084666,86.98447725161469,1.083847053838261,1
20.465348384251797,39.344981925204415,1.1897302380432617,1
-35.83704782020285,-51.90732020311492,1.2869445883517503,1
5.379420875654185,63.25304427522287,1.0295356290051836,1
8.546408783979977,43.704854416959094,0.976533507634137,1
-49.75259247638626,38.12661181214533,1.1474820128254852,1
9.193059197209182,64.23234953741938,0.9918742758702015,1
-60.0700751234216,-16.062401327943423,1.1905669885748698,1
-10.203350572693166,61.252723941102865,1.2500541822934357,1
-20.65301700746499,-40.82870799242047,1.03384448801703,1
-36.033843578445484,74.24080641532105,1.1075880442798303,1
-32.84822416255078,57.87462873176439,0.9800268792088036,1
11.78335168749783,23.164323573015437,1.119018597239432,1
-71.72374994910066,-1.8024936047573965,1.1324993657870315,1
23.89130074257672,-77.86997399408368,0.8744600125806543,1
-8.773198961208502,68.86961184548673,0.7994350284215236,1
-1.5489070942295344,-61.164094644651726,1.1210742295563516,1
23.59555697292956,9.282197967995815,1.033402567703145,1
18.30767021323087,-48.34079046668007,1.0982353307619623,1
-64.11430483378851,10.979614779691847,1.361209713850365,1
72.13682977795919,68.89295789314262,1.4487856013255311,1
-32.71597510585353,-40.11948075985296,1.1445669015558066,1
-17.327963172770573,-83.18066884486215,0.9174116574842672,1
61.66498373151848,-39.40612465279521,1.1742037010362294,1
85.98699069782263,23.395197229889348,1.2963704976612025,1
-33.99155048951279,-59.76637349478516,1.2414934216815592,1
-60.47810400791522,3.406735700521231,1.0308491400766382,1
-33.05724081491813,-67.17331598722352,0.8087631917876889,1
98.33852483462248,24.49791935845761,1.0053571160292574,1
0.6015907859114344,-58.31252909549917,0.8762278072001984,1
49.57868150290315,0.6913442499385483,0.8778709740483456,1
-46.42004577776112,64.1290358044785,1.2656946914304719,1
-30.59225871538288,43.35327538623163,0.7258120799512866,1
21.61252973753047,-66.88731309285924,1.2540588714146341,0
28.27222398161704,-89.80086613730582,1.1939453418736932,1
44.904852968750674,-44.77673641249177,1.3818586957938481,1
68.12499579919928,-23.746616684077804,1.2045899256015908,1
-24.332785783979467,83.62481754570193,1.1118708082229665,1
-44.65596250471409,-37.014544188717764,1.1825550959424584,1
-3.9984763929194616,15.844316464965962,1.151480463605214,1
-9.274524616134702,-9.399856029866251,0.8904171729787456,1
0.30915082053782716,-39.892988990752364,1.1761506677059372,1
72.13240631629809,-5.595351337481859,0.9977574953520628,1
-68.78307348838639,-31.852083575489637,1.0068553023455566,1
-32.95646492895532,-28.205264972041093,1.0556005232651746,1
1.5439763521397345,26.62625885339418,1.0111450511752011,1
-88.43301916801204,2.7807046629010945,1.397385084486271,1
7.597793540536944,-74.65348722242246,1.2263925940467921,1
2.4927025619941645,76.1263007005435,1.0135690263218005,1
-31.914749282355412,75.59722308971956,1.095184902661697,1
-48.87342198722397,6.278229422738573,1.3447159881215165,1
60.29464114069038,6.084968025864452,1.4451504649798208,1
49.469353428290546,51.27099250068158,1.0365318290997465,1
-27.230957410636403,-70.59253195894452,1.2968829855467134,1
-62.050799617154595,-1.327729664218608,1.181073575534807,1
32.065956359783,43.66855490769828,1.2652594304771039,1
20.930346093168854,-47.37527439052591,0.7280635617164078,1
46.330845942763,-46.42368402700858,1.0969979855920935,1
52.99984130472343,-42.13949063729156,1.0473552250740377,1
-71.57546094940743,-23.78490933726357,1.2243394689409512,1
23.169600685172533,-50.42500545799363,0.723619331552133,1
-68.06609822634113,10.338449061589184,1.4161538013088961,1
-77.92239626809639,48.97083969610834,1.0572027951750678,1
10.73316894190402,-76.81215686249571,1.0297604061822316,1
-89.14355048391005,-11.005110904730955,1.433352961671708,1
0.3054953209706532,71.32140762661018,0.868531271417686,1
21.912108834065986,19.462924124061963,1.0373591043078054,1
-72.2373133514956,-3.569624339243041,1.0767026908463513,1
20.197157322839296,51.76814044181673,0.9783174151152144,1
-3.418129465405907,-65.99268621210342,1.1992806852636,1
-60.76136566268729,-10.70191016141069,1.2514750621363373,1
41.66199604261697,-45.134593262105746,0.9825261054460778,1
44.255914759873995,-66.83645780050827,0.9372563317409939,1
-0.46807446352804133,-54.140612948075905,1.0636241384829876,1
9.95632750683434,-36.81234284123087,1.0145948559765934,1
-38.69398513272054,56.58128450048737,1.244380260556579,1
65.52925720994585,-14.388591215572085,1.3604552275467288,0
-13.423654049668654,-60.02715078721606,1.2590671024603648,1
18.636781221881495,40.16871810096178,0.9590267112353426,1
-50.248256028372204,54.98192711623305,1.0940336613732264,1
-9.98591278139971,-62.83340382781019,1.2437294206232103,1
-51.270992500681594,-22.799873014664485,1.240276826092747,1
14.937225763823832,29.384519637606143,0.8936992428627909,1
30.855239126505108,73.43404644016954,0.9376930979732219,1
40.05830709362686,-56.20218681476222,1.0000925722650729,1
38.23514129032022,36.26909911347108,1.3302377644919705,1
79.2300776350296,15.10481506503908,1.297569027639519,1
18.563510549238416,-3.234514562071934,1.0597925656740723,1
-14.479464504044952,82.68187088231372,0.9028442068930497,1
0.14771202332645744,-99.46838128366088,1.0443142876666993,0
58.754322328902894,48.39881426933358,1.0539057175714088,1
-43.65956659519053,43.676768946094874,1.460556245534867,1
58.73447818839541,31.992932211873665,1.1446997615544372,1
57.97473109467987,65.54832938160067,0.9797011156093142,1
57.32273228961925,70.26464688909867,1.1743803109026478,1
-75.73906984984185,14.27913761962211,1.104483551290163,1
-22.64059767638062,-59.70736328748655,1.4097446496860673,1
37.00574900178925,13.027870637884815,0.9198766955851319,1
-9.341368036791524,-28.078414389658253,1.1706626793705046,1
-1.137097735491691,-65.05611873858221,1.1119008756213957,1
-10.562653035042306,71.84275149345183,0.9446083004239447,1
-32.524959205357376,-52.82281886178793,0.9648564935654302,1
-21.567276228525902,-68.8480384054182,1.2061420722023806,1
55.84193989405363,28.543851973102303,1.3364952087621955,1
-39.290119312864064,-56.39657839524381,1.0496006735138341,1
-43.708319801670555,-57.70096570247361,1.1297324646385234,1
69.01717947778357,36.35823882863964,1.1310889975764382,1
28.373103893227064,-38.99735142647076,0.9430130240394559,1
64.16647020456048,-46.01591059543756,0.9583262818778252,1
-96.72488716912882,33.49002823629054,1.3382266306787924,1
12.509039178206637,27.59701321588937,1.079695997760764,1
40.29655614296796,-4.491877868138743,1.0554145865946438,1
-75.11330457558944,30.745984114620715,1.1691107182263514,1
15.896200974951585,51.83846529063277,0.900128099082593,1
-0.8448265666348811,87.67628676153767,1.0504587603974922,1
50.04304305424032,87.90029179623882,1.1801485639501483,0
-34.492757837499774,45.11154505047198,1.5119075419226256,0
-62.063307490097564,50.51664563147475,1.1209381477803126,1
-66.66831222771239,-21.61300230413218,0.9962708077141497,1
14.021834019185865,14.241928209153466,0.9303490716721685,1
-58.613324488454886,41.902469324248216,0.8082645888972894,1
-57.76259004373164,-35.97391366258308,1.1980537629006314,1
16.13718373387445,-68.50737349116507,0.9803827695721526,1
23.396868315405765,72.47664993268074,1.0513752499486593,1
22.202941986443058,73.68523039617206,1.0667766862960901,1
-49.87453022905506,17.056130921643575,1.19809366387579,1
-45.40339348114952,4.0607378049022325,0.8607216355308763,1
-67.60376456679808,15.766691847428987,1.0381140696342332,1
32.36756626718285,-18.98333715426941,0.9767322029967788,1
92.57387463644878,-13.12398946646089,1.0183643800260753,1
-8.525321276272757,-79.03398949911545,0.9586095137154446,1
-5.838112132658028,-52.92191811915707,1.3799660595843597,1
-22.898049288754194,25.763960949415626,1.1293509054947886,1
2.2197585943121334,31.502747127056946,1.0375850140062226,1
-73.41782288590272,25.58739757182539,1.2748298777632476,1
-37.18165274035985,-27.928016693180385,1.1311294156904799,1
-39.34047375841051,-62.06623010370964,1.3199096302708015,1
-51.59306013018562,-55.695745591928606,1.028183559527009,1
37.63360541411906,72.58967608033684,0.9759787267245501,1
37.56736259502206,77.12545438954756,1.3449683705499127,1
93.9500988186863,-11.532161148819021,1.2466359999576682,1
-38.71674033975266,-68.44961827819485,0.9902270008911205,1
68.5126897759469,-53.79987164224319,0.9983510012808192,1
-68.21092563776425,-24.57888280402064,1.045163370401538,1
77.78971566049533,8.068466585636026,1.1780955698974327,1
1.5772476374216484,-53.01518800844566,1.645035258899978,1
-19.25680309804758,52.24108221775078,1.1942217443158258,1
-5.598896064334888,90.57359457432577,1.0841372562744327,1
78.99499750373228,46.79874988736079,1.0040832977823253,1
13.32690699345481,39.5815172181084,1.1120094514711893,1
-50.73701193099622,-72.39872234986437,1.2518711266457463,0
23.692457634252616,62.75247476758915,1.1128889288213402,1
10.489099952842276,25.132366582641183,1.1299197980387652,1
-30.696555486250404,-5.447096058332764,1.0662977667702969,1
-65.728581302473,-66.0440221639996,1.3533907039679611,1
-31.01952489855863,-14.889371951308137,0.7231596846032485,1
33.85291007327546,-49.067248475901835,1.0772644414976713,1
-14.12152520840588,40.7020160553093,1.0390485916483505,1
61.09576599903243,-45.76575518260495,0.9615292278897003,1
-34.44865067193465,-35.39300830098166,1.0071019547584033,1
-28.585203208772757,80.35671795788227,1.3104355644012153,1
19.355235082758842,-67.18102509561706,1.2745976372348697,1
58.16404903813851,13.410461269275853,1.1274479136009028,1
-85.71751640113156,9.668860039826663,0.9509974374516164,1
19.33829840522754,-7.4352014362365555,0.9367375932182728,1
-80.77393526354034,-25.303980255111217,1.1288615489531268,1
61.46013802892866,48.977726037522146,1.3357640692227282,1
14.310100458252995,89.41280405103278,1.2319868227665713,1
10.690941278169333,14.670642881316382,1.2253496867583014,1
-43.78808608939856,33.82931970099974,0.9122389706190509,1
43.161005603802536,-9.284968900612322,1.0540469605096567,1
-48.78779329663554,63.654808833602374,1.2417661019351747,1
-7.221682494669647,83.31945949415699,0.811802924844002,1
0.3489997828524639,-71.46397210972982,1.1535387717621943,1
-56.21364568687481,55.1859280942761,1.060091479690535,1
-42.79699157127341,-7.143890582698351,0.7086950076805097,1
-42.203704476550364,33.41071634475267,0.9001357984466224,1
-38.439144591466395,-4.248734925499557,0.6995322638054844,1
46.5136209211215,-19.32453735473337,0.8362950979931663,1
-58.76115128413826,49.732469056476994,1.0657519612665594,1
-27.28538601296863,29.939463009636757,1.070270447431456,1
35.23571763242261,-21.378900626523873,1.1140478313629452,1
-70.45927457271445,-3.0514362567701774,1.0407063533781582,1
30.72436033723434,41.93879727025735,1.2121338718084906,1
-36.929549321934296,-55.299965274862195,1.3566325576298537,1
95.60575136886712,-33.66991567717583,0.8363424810267687,1
-22.26856215591541,-37.94307477001926,1.152270833874023,1
26.3989734456555,-83.7924055071233,1.12314539583633,1
56.444066308648445,64.68756269106699,1.102533058405841,1
48.09593001948232,45.73029958529931,0.8833033712378204,1
-27.508551646322097,17.170403681222353,0.9984741382923653,1
-52.00919452756042,29.81383669846113,1.2738857006127997,1
42.44222994605211,41.775466825000244,1.0167776492696945,1
-53.586466080338305,-45.65852549080769,0.9456539306092844,1
16.550709468883035,-39.62561530812508,0.9040953947802631,1
-7.895879065087652,-6.7087777501208885,1.060023204249961,1
49.812274101972704,19.347456756781508,1.0558123854865238,1
-43.554273084710196,48.19796264476377,1.2540051761674647,0
30.92600838215893,-15.311642406803678,1.220080952331399,1
69.07689072204276,-56.21210314639812,1.1847239061652406,1
52.028813505571385,-61.387977517992326,1.2844729667674224,1
-30.0529538441744,46.57391292696962,0.8888811096069638,1
-52.05895574071605,-36.20221095156885,0.8341407903435162,1
-41.22833823523762,-53.8526297274701,1.013306169561372,1
35.480539906065985,-65.86557452260865,1.1860885008419895,1
7.576283960072204,87.7633224655179,0.9259671809513953,1
-77.90022224874389,-14.10460448378904,1.173309219798676,1
-81.16918103850567,16.220923274165166,1.1917398478620742,1
16.071607725219724,-70.1564049220867,1.2320408144304051,1
-22.311658270039977,-8.413204474958293,1.0099267879086358,1
9.860257141533179,-44.14990882490377,1.087995229287141,1
68.34739762160527,46.808298947454595,0.9862885626647094,1
-94.34897670032012,14.937458289637792,1.4297604451027754,1
45.99662883947886,34.41722895618344,0.9660184401780778,1
-29.733797464588427,-35.79724482546305,1.1124960356942626,1
-82.74223270289768,61.67088876928083,1.1554419122709159,1
11.097052257481002,-24.904396336906743,1.0891498886005893,1
78.24716313223128,55.64077491305916,1.0681447550283856,0
26.003620502527646,43.49706148956512,1.235257570355642,1
-78.07624861251685,-20.601351132123536,1.4100455330832007,1
55.72513168757451,-27.09665164876112,1.3704294224494997,1
-75.6751076111099,-13.021933886708059,0.72619523593646,1
-14.126121805656009,80.95137848947812,1.2109892678840728,1
30.873304915871813,77.0444147430946,1.0661555706487307,1
-17.373145674023377,90.60723969180881,1.2040868916176621,1
-22.645819818619444,41.46903151842661,0.8387283360982707,1
-73.2070428483963,-17.552182449204615,1.1779572335520427,1
-70.84763645161466,51.806108487741284,1.3649532723635025,1
-56.019754602496604,30.211645380316057,1.2804442785233487,1
-76.4270960934992,-32.60049116034374,1.2369209990921686,1
32.387471426482264,56.13930276048577,0.9359189877807184,1
-32.105730484232076,46.47010306913138,0.8725823454532831,1
16.553908619083373,-65.48735734248802,0.9359428853041122,1
-65.4583478537934,-7.587370969748438,0.9532865245206373,1
-43.85429720742757,83.66289637960068,1.2847179199666834,1
-7.246434466660521,-49.99014343156143,1.0084351586760567,1
51.10958083148186,-47.31260868366013,1.343779479702869,1
85.70878250470426,-19.636746858582487,1.067679011980996,1
-36.78476993020993,-29.567769356168185,1.084986493245036,1
-56.40180280502158,45.665967237293486,0.9883293908808969,1
-77.78657331068142,52.300061706565636,1.1929359148337186,1
-9.13284562669903,59.161876473192976,1.0455874966762055,1
-11.906484304497251,-82.68252620996724,0.9914915227124272,1
-39.60104052111888,-92.09278556633276,1.2033714984805144,1
47.40859033594821,-23.081604283295196,1.3050816419817783,1
26.252110737770067,-63.83225310127636,1.076851127679422,1
12.11355359674938,-77.79266358398296,1.0089434959459171,1
88.41398782446836,29.941186436257944,1.2739067124261572,1
39.13821536583571,-47.974080033909985,0.9261965581150087,1
26.79832179181324,-8.467061573569142,1.1530584767506,1
71.5174468462553,52.86813248300063,1.2592332407658453,1
47.97244171477623,-8.539738484649744,1.0625160103157922,1
36.69667466113774,100.73921068065934,1.1740449908442678,0
-42.395643342508954,38.64181465806155,0.9415309844917688,1
65.15562428524179,53.80477591495442,1.1311494153342216,1
-27.42941563420487,-48.48146034650437,1.2232549597579967,1
74.07086551534606,8.530369347103623,1.1745520330166603,1
21.53801355368545,-33.43310409329803,0.8951309684089899,1
-29.431699452762434,-60.005503478543375,1.2244898825756787,1
46.84793655539128,53.672586744622464,1.494564138204039,1
71.03283204649328,-56.36404338335268,1.0418488998653062,1
4.736361565436489,19.187365037088224,0.9977065434155301,1
76.2922567794156,38.68995147802575,1.3360506961334058,1
9.399856029866251,-64.16968383055361,0.9038261436574216,1
52.570463637140165,-31.838222036643753,0.8870987244525723,1
-35.24547229428881,56.410529944082185,1.0748004198642136,1
-1.1543682843695262,-47.144400733652,0.7315829301380271,1
65.7781036401085,5.55287791393952,1.2278454418954468,1
-67.11097211450893,-43.30867000881073,1.0277665422337658,1
-84.96773565367249,-6.350124962398544,0.8837150703910839,1
48.97083969610834,-3.036876563495257,1.0879620762391693,1
-89.8115626991863,43.285756779507565,1.0516035969237518,1
-64.99067500140185,69.0435267847659,1.3901771603548678,1
16.518680329818288,18.78717891835936,1.011006714425218,1
69.25042652567105,26.064113617172744,1.0501379622665374,1
0.1969493644353051,85.68013532442278,0.8993702425043291,1
-64.44284203996853,8.255805176316724,0.922694585103331,1
46.247291666941955,88.93804764258368,1.1092029923124493,0
61.24528417681746,-42.33416641599023,1.1030951217624958,1
-30.113720590226063,56.080110762426294,1.1774377380634993,1
53.35984939620742,58.937097307261396,0.9539083036918657,1
-53.27952335377039,-41.58040557017442,1.099846273738662,1
84.31796190203762,13.044493541179717,1.0308560827415836,1
33.035432484040705,68.21692440628475,1.1895278936422569,1
33.22953549402497,-27.43922417962736,0.9024991901971039,1
73.64381032781634,20.317614737147938,1.0797263046805523,1
-44.31440275294872,46.247291666941955,0.9967282036217964,1
-10.285531353569198,-43.88270566120673,0.8786627686938191,1
19.30409457840825,79.16971424959547,0.987274575351026,1
64.12313216259618,43.719178007099835,1.4736160919115482,1
60.91273815904973,-61.83851953514678,1.2601860525468949,1
77.12895201039589,15.712381568145307,1.1299370660007768,1
-32.5436238793033,-55.02968926402066,1.5059127207377505,1
44.993977529626456,0.4762593721798844,0.9637545173213103,1
-92.66447702805335,-22.846524151997873,0.9552302759932708,1
-15.146233966977308,89.78715526736045,1.385983086609787,1
19.559700419594023,-65.31366630908202,1.0093526069871845,1
-25.080931872590323,-51.879066881372644,1.299612588637209,1
-83.66486236256118,-9.20325773381677,1.0350333063783357,1
65.01477564885779,-24.49333914068005,1.2026529171745548,1
7.454898164921092,3.964186197286796,1.0857721720864768,1
-65.99221147189989,-55.78292339501739,1.0314689730403819,1
8.097905821550457,69.15488110808468,1.1569188752985837,0
75.06472163826994,-4.465756162961007,1.1242712798623165,1
-82.76139907600822,-46.73795081857186,1.4245283657848298,1
19.443305805921554,91.64097478630687,1.2581385055757592,1
52.57556397258731,-9.172331309553597,1.199374915950828,1
-82.64013539658458,7.356316707667073,1.1292669591298254,1
-60.412656102647375,33.06709043684733,1.3350808126138383,1
60.136697981549105,60.80811626939667,1.0762759718366337,1
27.638382654979885,-77.81210174613861,1.1800106539070458,1
23.26083292147443,-96.44421653418087,1.2145228165247481,0
-40.33713218816355,61.45547540192973,1.1915771212079602,1
-59.72151804144965,61.21669981929972,1.0762294140953779,1
-46.45852438671424,-38.51335768701306,1.3521257625017415,1
12.94924166674374,-42.326925045419074,1.0842083805708045,1
-65.34604008224447,23.753601097226937,1.1413327731174194,1
-28.979407997261728,-57.8381264850042,1.1005590902990556,1
-56.43639686976635,47.548028501345065,0.9193102650396296,1
-20.279502260457658,71.43670703025138,1.1135016671301294,1
19.262474202741295,-74.73608609592121,0.8248963112801754,1
13.852807435387202,28.65174417051257,1.0744735676509742,1
85.66402128551444,-28.032459537956697,1.122831051754891,1
-29.279805512713555,-46.95451893014141,1.3275849233968406,1
-62.695786405070585,8.587708468885806,1.0795544812672313,1
-58.69148816583586,16.66099212863606,1.136863411909572,1
-31.3260171739567,64.26311270260804,1.1046041212203135,1
-61.51683557323581,-5.041107974535672,1.2069847362240258,0
18.50501387068806,95.4675347965431,1.4844928261279304,0
5.529043521157215,-39.513138398365975,1.1013297268932112,1
-37.82987220277785,83.28474589903001,1.135492571464593,1
21.196109090961063,21.455832020621628,1.3465551178781432,1
7.902841921406083,-69.0715346787209,0.9006530361393522,1
-21.07466711504156,-20.968325309451135,0.8982467802479359,1
9.791302089192191,-83.77117356443179,1.2252810910991399,1
-12.329734652508726,66.50988842465583,1.1480932320837076,1
-64.76934644086917,-54.02555202068154,1.1503404196387477,1
19.389233894692016,-70.49659927189076,0.8278972744938813,1
37.97541836065966,53.62617865038697,1.1544252574988005,1
-47.66771435589953,16.850112290575044,1.1120468450042182,1
-21.83405155007528,-15.640041155658176,0.9515982947210989,1
-78.54798212808976,29.494659364824763,1.25383880050474,1
-62.641834215540435,-21.59878029973711,0.9860545547429959,1
1.9984663607739948,-19.904907253547073,1.094595871071926,1
-26.5114306801534,6.2230883593645245,1.0610830209834303,1
-19.503496152225043,-51.044592549466515,1.1921961207040284,1
-52.17815320959566,-46.78442629722002,1.0870341773244012,1
-95.18281426922798,44.85585719612639,1.0461354005295629,1
16.74823470865291,-24.791433154793456,1.1508751491238873,1
-97.34018877127124,-26.412374683400806,1.2351395544163584,0
59.463612118868944,1.0444284477629073,1.0879580949100056,1
74.2412188932336,2.0065194295468447,1.452982210943231,1
72.00417608075236,50.75922256127776,1.0386983012893023,1
106.62017090503977,1.349155806639625,1.1626383539991378,0
4.095067713880861,-71.53426668525752,1.3798143299210184,1
13.049918846212492,20.394683064617556,1.2318459954278254,1
95.74837965191455,8.3875638420345,1.0583675506566323,1
61.83225296446019,-16.393348916086737,0.9615364151168379,1
-51.824539577995935,-17.036120023652824,1.105749556478858,1
-4.989383899027425,-57.00788876017933,0.9717407982231809,1
-44.97607304195053,-53.62841671134645,1.501509499626857,0
-22.47719959422404,74.82945038793174,1.2733517497845557,1
-53.7106890930968,-52.227894902470005,1.2304631576293632,1
-85.99470340020615,46.039048702588005,1.1735011734528529,1
-70.42581023265348,1.2742027062707681,0.7823109731234404,1
-2.491436588118099,-42.286059408699344,1.1669265143612584,1
5.646340869905976,-76.97598341312353,0.9261888840724176,1
-21.005544941407774,-1.1467824356436942,0.94691242739826,1
62.732441774385315,64.36012247219766,1.2490446040154115,1
-43.4940435136779,-20.259216587380564,1.1536935011329543,1
-71.90336930140043,32.73607377094075,1.0671314498457851,1
48.58241379646662,59.7039276675926,1.2684531169565507,1
84.00567270138359,28.723310745354997,1.6048137362202248,1
-0.3168490796584021,-90.44562595209284,1.336945589456443,0
-33.3813029327294,65.09631444683113,1.1451814647458907,1
-56.83528949898331,-39.699978613605786,1.0663413792599177,1
60.22971993342906,86.9913948945804,1.0525048434705868,0
11.120507642112967,53.67370899584871,1.1161331520950402,1
-89.11063516313206,29.099383367671408,1.3016767342310687,1
33.36948890602519,71.10207765257996,0.8782706146845822,1
-53.92668919922057,-27.567214138498667,1.0028237130450874,1
-54.51916497322426,1.006038645358666,0.9506021608674904,1
85.05361088159965,7.784473363992937,1.2972182354646729,1
-41.12487549926862,75.3039649085113,1.1656509783168243,1
-64.96505626384999,3.7551219729568386,1.0732110284293142,1
-60.68289962802203,84.83008534030066,1.2193380815324808,0
11.01478211499737,66.81808042563506,1.1626339944021409,1
-42.79134459894006,76.2468321877917,1.0179202120449757,1
-33.501724168818235,-62.03480127461788,1.1418785229786408,1
-65.13055800249549,-32.22945508496706,0.9608713383661847,1
-39.371471052502756,76.38949666937974,1.2440958408882654,1
78.49924213386082,26.528482573178096,1.092201651028574,1
29.130058888514817,72.08835042541064,1.1663928051236494,1
-26.046816747856827,74.74912963671682,1.067171153879899,1
79.22996225513207,41.61230811185154,1.1141029614621012,1
14.31911401882959,78.16920274436775,0.9628263996402611,1
75.20090285226988,-50.25789690635156,1.150478106355939,1
-20.695683020650197,-4.167936163030063,1.0066863159443702,1
60.177744971912524,10.610504153996544,0.9856549698073981,1
-90.31099236506805,-26.20132639461122,1.2207053770140344,1
77.12203717377622,-9.481969714724844,1.136836446697493,1
85.86808653607734,-36.201496812459254,1.2702011104969029,1
59.09674565570517,38.70353419281438,0.9842059346623395,1
2.6898049562386634,80.20246391021266,0.9762459970979503,1
-56.500012682932656,-37.55968489072087,0.9788011437761158,1
17.03445096124236,34.98020999860058,1.1597207064355821,1
23.644419466389994,-70.6869173445942,1.1299626973730599,1
18.571836762038785,93.36050946512009,0.7567100205803077,1
-65.42742142953023,-38.5150806833155,1.3082967510220425,0
-75.8846046734124,9.116586655741285,1.5912068824850751,1
69.7660039132624,-29.719892630081475,1.01007739686433,1
85.9077212566591,-52.729710899390454,0.9064305401672249,1
-4.395551724442231,-22.801365055304124,0.8423322916261188,1
-13.302581065051223,-52.954902011967185,1.3056082261619393,1
-69.55401966360903,25.889538111017238,1.0367976088678068,1
44.57840494725343,-87.34939898069396,0.901964683396289,1
-11.297731723515433,-86.50016085998064,1.1923861154340691,1
-23.698535579065712,100.76100744826485,1.2311631745037865,1
-37.633167192392726,13.208002831709512,1.0819379454210405,1
26.657446781510547,35.64316422687254,1.0175024520458553,1
1.6634896731642068,22.257719702234805,0.986325352818671,1
-35.33092553092396,80.48156732771486,0.9317585658380481,1
36.89940232081807,-81.44402087926066,0.965495409952824,1
-61.86716671542827,1.8620667182973187,1.2107446191340496,1
8.79459700745536,19.49362013088035,0.9668836079333935,1
7.187274533605422,29.202219399451156,1.0364026941082352,1
61.2148364322386,-51.247802648705836,1.102929634503852,1
20.253556459018473,63.18792108965648,1.1573631711042955,1
-57.01242456372389,58.07857712320029,1.2784860283544495,1
56.5283239441208,32.32586386476056,1.1657601890167344,1
-53.269960062588474,7.283604289808933,1.1702363543318766,1
96.13656676820071,-19.511152143561603,1.1812257773680634,1
31.306621276525092,62.056537901358865,0.9817225970188587,1
22.6903191370587,23.324976083188673,1.021380558835791,1
47.53641477960932,100.5008734063065,1.293019531965839,0
21.72896952020244,-11.195301398671702,1.0019575094815265,1
62.18825386108339,-18.459526793889715,0.9627629445503018,1
17.845265139776863,-65.9018282408435,0.9303253267452477,1
17.87763094442181,-64.50986909639639,0.8283419432058112,1
62.91636969323811,47.2947041959842,1.0901344691882129,1
-58.04724426976739,47.13087813374938,0.949204157842824,1
-65.65672411780092,39.43197262835065,1.2762822902379216,1
-34.33421097224832,-24.690288505115355,1.0752909513430724,1
81.5964472216814,-14.151055986780475,1.3527294427376984,1
-0.9358078891955773,39.45432904269194,0.8617406954587072,1
-64.36000190325707,31.31892772025067,1.078048296710444,1
65.1921243109952,16.919740853759254,0.93526746103149,1
0.5603051437410506,40.216638935623855,0.8795253084165,1
23.371987708827945,91.14378920811053,0.8197100532357018,1
-69.14257941607156,-41.03010603770997,1.1122546996745173,1
30.764862132359404,-19.95436104155722,1.0331586686842391,1
27.733423182386677,33.969210714714315,1.1310717646080253,1
-32.355796495439286,-68.94063297993462,1.4765813810876585,1
7.117959945374576,-59.03109586756006,0.8685141788020637,1
47.04941271482389,33.5470417421449,0.8182791138513235,1
52.18273985304351,57.42190240730312,1.320512427600181,1
44.23807244055805,-31.44643502658172,1.1838438516632708,1
30.715148608067736,-18.396861087023943,0.8026504418829051,1
27.887933223023012,-44.47910253267522,0.935116509770164,1
90.79216496403035,-12.282478545691902,1.0280092068136817,1
-26.009954567347553,43.110320105602284,1.2395836157042965,1
49.97533153721134,43.253010255246366,1.0664665198465428,1
32.75107732511293,49.096932231785615,1.0807013979785114,1
-28.96138648679052,-56.11652612862637,1.0652788465548853,1
48.498436675120196,-6.560617464947672,1.0881993371524348,1
61.09066569733418,31.814797941360382,1.4199489014793607,1
9.173065852637727,88.37058300586006,0.9435134548875846,1
-14.334780445546034,-85.97421653450003,1.2885391089822291,1
-33.695444112632984,-45.42421969616759,1.2083684702436548,1
70.85402589623627,-3.105433918015079,0.9522966844630877,1
58.68402426030347,90.07472296106705,1.2724374604240165,1
-98.45978459049624,21.665113465274434,1.6454547644931996,1
32.13794844651899,51.46022877367455,1.1852194517006023,1
-51.305443050973466,53.26959207213956,1.194077444113355,1
56.47889253339033,55.41547447748626,0.8711039548982642,1
16.761427489045712,-29.571617250449417,0.7226245497624206,1
53.14811526543366,-29.67695960297975,1.1868980594508467,1
-75.0028170533499,0.8837471481070754,0.9588547370451952,1
34.84810117992955,-6.582883302185713,1.1921143371094467,1
-53.23094841689492,-49.08073350142992,1.3080799349349364,1
-29.319550935710485,75.06285032190216,1.4047566555601971,1
-69.45977130465124,-50.57466861138735,1.3734939085951678,1
58.15377597143921,78.94244307517239,1.0066983024756313,1
10.719382989530489,86.8995998454151,1.4757783616174842,1
59.36370615784764,40.48686707428032,1.0743396467892607,1
-98.64925097248683,17.344972436062722,1.0886190041322907,1
-24.57697517215258,-58.052480719245224,1.2413330457998426,1
-38.306482472403374,79.78408618658051,1.04787480092436,1
75.44291467619672,50.77241534167056,1.1020195463559712,1
47.02935968862683,-43.266075105647495,1.251174725225982,1
81.78243367788731,23.444346803901702,0.8908653003318802,1
17.013010743047854,-86.63898309698429,0.985978212145406,1
26.13159976302818,-76.14405598415544,0.9863206218773889,1
25.09676876586634,-77.2210875361661,0.9311401170219759,1
59.684231403907575,33.72121121850422,1.2440887825800409,1
-22.434323057947452,39.619471611373505,0.9118148112418313,1
-32.177191378026365,-6.7876855120928905,0.922305633427222,1
29.503014792406887,-28.69253831694286,0.8490915152147364,1
12.77472221411581,-82.91308757397194,1.264596877743773,1
24.028160281627923,-90.38286724969007,1.0700568248528466,1
-57.19290179949733,42.62232154670636,0.9389909179818486,1
47.02809196857988,-75.86007949068612,1.337701943591248,1
-15.791758130175303,76.41258403506714,0.9467402491149984,1
84.49549016337026,-9.78322270716275,1.2209763625649133,1
3.0639530718627768,29.756877570858858,1.0780035871326843,1
-59.142877939266576,-25.720038499017825,1.256703860499325,1
-29.037721918928497,54.256752325723824,1.2039873061904351,1
-34.53960891526025,-78.67787541320234,1.1090866258970329,1
55.88174239430573,4.637262308067351,1.2836660319579918,1
-34.53169674643582,-84.9110687153272,1.1315117453815182,0
8.397204720013852,80.57556588801351,1.30657333044016,1
21.98959868664196,-17.218919067182966,0.8733206811342284,1
70.01468521639772,-39.98072098036446,0.8666579000756801,1
34.18762452343948,-83.36817766125013,1.4099884433486354,0
56.31435316402616,17.435811380889152,1.227708365264767,1
-70.94675076330597,0.015284318747736102,0.9786860781895846,1
-77.61762739178656,-44.80656606984097,1.4994702591232505,1
58.07664894760442,41.634131553822975,1.1171374128744935,1
-51.45883373643596,10.873903104798504,1.1854279460694948,1
-19.400438491066478,-77.969104659686,1.0931010729752455,1
33.25839969839949,3.8567894134663323,0.9842529046144127,1
-33.81859313856324,99.05359398583505,0.8539863414889621,1
-11.233872384137946,-64.2991929580762,1.1502986482721336,1
-11.692585358395402,37.54093612639028,1.2740390116577123,1
16.203561346721816,27.766279487841118,1.2267125126571568,1
50.1416474791223,-57.46536139456592,1.2168046599677005,1
-1.158235133795021,-43.40788687998926,1.1704234289453346,1
68.6434703815798,19.273791755151855,0.9986198696652262,1
-32.674515943817056,34.84418763071077,1.1425622909538196,1
63.94223052415191,-74.97603683674059,1.06242553913287,1
40.4624636018951,-70.1464256228769,1.1737131920512018,1
-9.809763477129437,91.39903932914815,1.2970428227743045,0
11.22567168669624,35.543060553425136,1.2950189545878827,1
-84.60256061998801,17.486624478945018,1.1918595036164485,1
60.46170810234947,-57.61271108776885,0.9540195989232939,1
-78.98797741845783,1.5331637323599228,1.2441018863132498,1
25.762354136419063,63.21909326178971,1.1826723014772147,1
-37.404140288766996,-45.48947381647212,0.9793174447083305,1
-12.918776492329004,-46.290675617849026,1.074536600702818,1
46.55872124045672,-57.89171937909142,1.1923917377798139,1
-1.5615616683849765,-27.96245460416069,0.9727110746143444,1
-85.17836205730468,64.80574075524123,1.2891539175184352,1
-23.715488620536625,13.452238407186359,0.9390846821892878,1
-37.23409638156665,-16.914407602111105,0.9986823476218976,1
6.098754047852207,-70.88447364081513,1.136210490447872,1
38.22976740617368,-68.98757082311644,1.203967666121473,1
73.69742905810512,16.313546056731138,1.4214201627625118,1
-42.66692859407349,-26.32894997420249,1.184178424405112,1
-101.65652210378519,29.423142569418637,1.1019785429589137,1
61.32582360763464,68.72942155280764,1.4016507695922362,1
46.271164317176535,19.062311212312892,1.025669468134288,1
44.07952239980737,72.10734003355176,1.0769807326154315,1
24.96127534561599,-65.25701852806246,0.9135028097616978,1
43.000068674806336,70.28433765200195,1.1956441434556113,1
-46.63017224955044,5.46637781429144,1.3816025495194542,1
-74.45312632722728,-0.6955893462100969,0.9870161061759726,1
-38.35432728589458,17.473530821410275,1.0008590060542852,1
-73.69487127415141,-11.688165067674552,1.1638399264915813,1
-29.11688737308074,63.83102235089602,1.039780213864993,1
-74.11044385652444,-20.360417980200122,1.404620499675917,1
69.65052296181409,-33.12605673704662,1.0946784293961642,1
8.520770902566078,-53.19877205109469,1.2341216818469707,1
3.2812670125139642,87.44055632473332,1.298056781554672,1
-38.66474113618318,46.489002250567076,1.114832526660379,1
-5.804282685108664,30.97329609841175,1.1412226394981786,1
-9.328238079162496,-101.40743729896472,1.2063790432285053,1
30.07431715333318,70.34225595683245,1.023626340771692,1
83.46176930137436,20.590160827326066,1.1205863012220914,1
-83.83225446943794,6.4497473681851645,1.0789597724455084,1
85.57205732608803,-50.68760461057402,1.2595229139941604,1
-55.49266944267398,-38.7507243153711,0.9570538900383164,1
-66.15649493019966,11.228461902342973,1.1385508511149431,1
84.98344256211175,39.969062244203386,0.9658106044790274,1
58.61955988217287,-29.782111015223997,1.1997887866455677,1
-19.01147893120994,-52.53979299084323,0.8106448851305302,1
53.78361339755386,-74.05442860862716,1.1409845237496445,1
-49.553255846927506,-81.97231486548846,1.339383388800376,0
-20.417084113125366,-61.83613227012332,0.8070070116859356,1
70.07617537609285,-14.341494628424497,1.203955057715172,1
-59.46444516249626,-69.94555016845335,1.0893000182834736,0
39.95732578313456,81.21642718356084,1.2373287237772266,1
-56.812391110960995,-34.303546671875864,1.2351742384965458,1
42.33695155851759,76.27168514047207,1.035973182664649,1
81.40889691539329,44.02081596418148,1.0810882805914486,1
24.78367269573886,49.068477215252145,1.0753783971591488,1
-55.75855339790292,-29.169726069965186,1.096132557641336,1
42.13642129654712,-58.5172370712607,1.1118212607595617,1
-5.375882106325298,84.09069427180438,1.2654700161477979,1
-10.311990207579205,73.26317418240941,0.9237167223588075,1
-47.82342914265691,-34.32181775430355,1.2017330657808698,1
60.33045011604224,-78.82834366923755,1.438551669643531,1
-65.89463986691153,73.86637741925776,1.2364307446549876,0
35.94468617874844,81.08942468431286,1.2357878344574573,1
36.229227877208864,83.28342853368088,1.3741104891198417,1
54.00055222674887,5.648557163694343,1.1054448215664998,1
31.999088842723634,84.40740895310073,0.9207931252159252,1
71.87617320378024,28.271981795310317,0.9659219704309262,1
-13.492645802870308,53.03984336852399,1.1673621438953574,1
-4.135936653141151,50.12755223607075,0.819651759625046,1
-61.96192277328246,-49.766212129404714,1.0594970052080503,1
75.53060786351354,-32.52473060268754,1.065121125758836,1
-28.42597322408155,43.97515442445384,0.8597336128596021,1
-61.03296474990235,58.68428839394673,1.2341591404766787,1
-33.80367273216664,-20.870664467582415,0.9903707252272095,1
22.09897684282791,93.99856029866251,1.2419329812224638,1
-73.82688702994864,14.510035539080649,1.2435007766694708,1
19.62491394222241,84.23387817337965,1.4545107463711513,1
-0.3545088559835264,65.94938990554162,0.8977983789155809,1
88.0181235943778,17.279181889366725,1.0555861147170256,1
15.867852202798034,-22.94012483479263,1.1175999901141689,1
71.21417363684418,12.351626911888607,1.143381900818321,1
-75.29587901085121,18.747153724941843,1.1548306867547844,1
-2.9858366212516243,80.82401698464606,1.080169396099112,1
20.842484895913746,-82.71485683353235,1.406467543097149,1
76.52663466556426,-40.43482030547876,1.1874881783950881,1
42.41022223116067,-47.72716643677218,1.0810872698259866,1
45.635918917031944,72.54854736807015,0.9602084153064515,1
72.59195483331378,-1.779706074988016,1.1435239722182327,1
-70.09694264093106,14.32140666664175,1.0098555108141685,1
37.10692462043539,-33.848307863415094,1.2371555300137105,1
71.19544595433258,-7.890116701237933,1.3810029222708076,1
61.70254353559145,72.60809339891756,1.2448392988247599,1
-53.079082454661744,-1.5949036767014924,1.0568791073630959,1
-30.66933418372048,68.32773779200033,1.209853019848715,1
53.124568151338636,-66.30943287589771,1.0985767542821525,1
38.16341548125698,-80.36250248466988,1.1484771961402396,1
-50.311067809146756,72.40737584218185,0.9027354246122035,1
61.25456798524199,40.95087896073089,1.0904331186921516,1
17.155658809018654,17.524280614111426,0.6849319706623941,1
-44.06728465233862,4.151128339654052,0.8843951254406618,1
66.57764694969383,-35.14879498713958,1.0470457176040564,1
-82.35641133949,52.27687204391797,1.1108556006005235,1
-14.851772527188677,79.03398949911544,0.7283581316779103,1
-15.22012460900946,-63.03558737947056,0.9320719033497835,1
-80.31236991917724,-2.972144954205337,1.2202620634634938,1
-69.82125618463444,34.623531714350754,0.9552221112149815,1
45.03273982253314,55.682033760424204,1.4171032235228647,1
-11.414988564373518,-47.30400750820796,1.0947095445345905,1
62.49548061727394,-24.682806032653783,1.1992738557135076,1
-86.21726995470085,-21.3600537973913,1.2085091131130965,1
32.802016116074,-43.42733485798208,1.234553503834727,1
-2.592895351615045,-79.19805971345492,1.2844669427396256,1
80.10134679466181,22.807402615101836,1.332239697589029,1
-21.319610719346834,-49.39089842077331,1.323744436119453,1
-21.892891350627167,-53.0753470870368,0.7975899109684225,1
-17.220536246714985,-65.85469505961112,0.9906233702413441,1
-67.6120055364681,37.49812886727101,1.2516322508351247,1
42.25368051752985,43.25633182738225,1.114623333306447,1
-43.845106237087236,-49.345762728638604,0.899246480104773,1
27.021452800522173,-62.47353203138664,0.8515234712867294,1
32.17960469151286,41.23403511767996,0.9950341355690028,1
42.85789430428874,51.380430438034146,1.216985838039982,1
-45.15161085411356,31.197185407714173,1.4194625715162155,1
11.757280240531127,72.23863960984197,0.9763596966837791,1
-45.685199265964094,34.72439744689581,0.8830034317508901,1
84.96873034743224,-13.541760845566046,0.9905953757368201,1
-53.62589380626485,19.759067063023107,1.1129184379804025,1
65.48118755281591,-8.007782113062245,1.1214316377830307,1
-82.09207599416527,40.429275513719475,0.9475862417795299,1
37.27356244376299,88.76639154674943,1.2675808412571992,1
-53.727856831625054,22.39500339873756,1.0572897630948337,1
46.955045532720135,-5.90532131758655,0.6452949867771071,1
106.29106535745294,-15.811811156372361,1.045814009277376,1
11.906484304497251,-52.81010024052131,0.7611567276271576,1
51.57717494563104,-6.471058782665808,0.6542312459562547,1
62.31955343737358,29.730401785891267,1.3244311178910955,1
-65.00522658876395,-40.35671522155911,0.9752654895014865,1
-62.22078034702801,-23.28657667132199,0.9761909373784066,1
71.7292304942351,20.936691987534996,1.3021258292796323,1
-11.655821477034152,-88.67949509989553,0.8163186847718998,1
19.545536702102208,86.43141936795269,1.170175708485072,1
94.50983289118648,47.23800665167707,1.1332688505683468,1
30.48772876231236,-69.6325237079719,1.490727889826642,1
7.072272631994596,89.7689694022934,1.3820454391902566,1
-83.91544591651781,32.16570089187782,1.1419809039360511,1
60.162876512772236,-7.35657419387917,0.9001297614508553,1
-44.563351646548824,-32.319436612774325,0.9395697917925888,1
61.270889519407746,-72.6194468853581,1.1599360204583664,1
91.56966923001688,51.55880525141322,1.3115891237746564,1
-84.02757377584237,12.842503723505038,1.2995195130313344,1
14.631945206278585,-49.27911824673373,1.1493300445960912,1
-11.68034284059032,84.77852760154151,1.3689982824141784,1
91.47344050397275,14.692539993349415,1.1672796618985506,1
3.229969576738793,63.188517905912335,1.232550458423687,1
62.65575992817727,5.723467893740794,1.1842479211976045,1
-22.152756594221774,-84.83906588417183,1.2411180395102184,1
79.07855177955332,-40.537749485838,0.953911084940905,0
-15.977594364328993,69.0316783287603,1.122682985839508,1
22.816101825929714,-61.75367980892851,1.2005807435252949,1
-48.508479256348664,46.29429094709129,1.0569276910712455,1
-18.84875478684484,25.000892443493548,1.0089818406882658,1
-77.0837344023045,11.007047100070826,1.0597482935242162,1
-69.92100314956808,58.01800027323004,1.2417509757439473,1
-40.84749898187237,-75.40617216631772,1.470785777608816,0
20.561724288076054,2.491883402427302,0.8607055315825227,1
18.983531466538782,8.230096168371794,0.8703954306205541,1
-16.505450902813283,-54.8220492230755,1.2295430385591681,1
43.28864845754142,20.774195479339376,1.1392818262559359,1
-15.438551418750032,-49.175489242306355,0.7584476781850811,1
84.53353193365587,-41.76042705535247,1.0687192620644503,1
-51.69025592042642,78.45258195385686,1.2750886658270946,1
92.34418563740608,-44.71407070562599,1.1153401527606834,1
-9.700651422821982,-42.219975572368135,0.9017634353569406,1
79.190725795828,-58.67671049080189,1.3577234032850531,1
28.570679288699957,58.708815089393205,1.2989890585931467,1
19.933662945875096,-61.800323294771445,0.9595566478501629,1
84.54421234978257,58.62785566685856,1.0192397651969967,1
47.6836294560559,-65.7552256836337,1.1811147669379516,1
-70.87149633572614,27.260721863100596,1.089590448870642,1
19.083796597524014,-0.1671085516420572,1.1551689584561242,1
11.21146464653139,-55.447756811326194,0.9919445425800818,1
59.712384578100796,42.29453169540847,0.9490264619221133,1
-65.65499441456367,28.018237533561628,1.0163331898160883,1
-72.53663614035639,3.366661079202667,1.0876665496306532,1
68.0974428812254,-28.237804792093133,1.0956817258813845,1
21.057666894419953,79.82019544684098,1.1538476125299173,1
48.64692971033872,12.99472779933706,1.314075235592825,1
63.95818706988162,-1.2924802041066097,0.8562319263897683,1
53.32723765079767,77.65176305053322,1.0419585019411688,1
-49.94127017692449,69.59851296218864,1.1026780984427178,1
61.072207462616724,0.8773198961208502,0.8682040503588172,1
25.354206264341943,-57.36452679848107,0.934607348525205,1
68.1518046577515,-70.20553077821621,1.3392779424907522,1
47.70235881172775,-25.026543517565862,0.94015333528674,1
-14.66105081064067,-92.4019470715606,1.369253202555499,1
96.65871955511466,19.401302845643936,1.2908240785321556,1
24.03856515371129,32.90817289471328,1.1752696799307285,1
-27.322248193477904,-46.2960316611709,0.9476365642817315,1
77.16803841739012,-25.973342299926472,1.131320572757438,1
63.97777010327717,19.543867328763582,1.168304035042391,1
37.369649860957175,-1.1349455799023822,0.917957264427104,1
67.75577944280795,-33.734365037937216,1.1318938850488822,1
-41.11765594778639,-44.33598760753582,1.1340892068673558,1
82.55230938229421,65.58120319503846,1.1275092849801904,1
-76.01718864623601,-59.47344203367141,0.8681640830524839,1
-88.52287405045996,-31.564788577839,1.3366174241870148,1
-62.72667890488765,41.42711324153668,1.2556688492881138,1
-66.48831498458729,-16.472128661860847,1.0948940229524233,1
-65.29423281677505,-51.86831972936792,1.2310964300873626,1
65.900065929815,51.88720528486171,1.1584046035079427,1
27.49421455185374,-48.81804299045886,1.0070364213029344,1
54.11130681328431,-54.999248015653585,1.1100024846832506,1
-63.02695623476595,57.84413365516126,0.9037342985267551,1
-60.04254236434099,-48.80229346967987,1.1199763577686137,1
-29.70684324947556,84.0643966628881,1.2818142689408778,1
-31.06690628667667,-40.506501545287065,0.9621009462872115,1
-18.596048512418733,92.6708306344439,1.158660116878118,1
-18.46819025566839,49.91424625579731,1.1535517776107818,1
-48.58158924769208,0.015666426716443752,1.0590896406515606,1
-9.289098036336041,50.065527759693815,1.0267257796572917,1
-44.43069027690039,53.018004444709305,1.3505072038538848,1
-62.49217106214672,-25.167511965093187,1.0270411806833875,1
-101.65852140849078,-15.887599799499428,1.0103821743472583,0
8.072271425154275,51.89184718907398,0.807846085203745,1
11.217161528973726,49.3537202787168,0.8014316669148128,1
-49.85165025494584,-27.158020823760694,1.1525656480585562,1
16.37604965052944,72.7716553673683,1.2336567045443783,1
-62.56161806454033,45.503800229551416,1.1110720776773755,1
-73.16960591098434,-25.056425219387307,1.3490906272053242,1
38.51209390151014,70.71905360452537,1.2484462211784915,0
8.71408036982569,-81.9265439382934,1.1140249797158555,1
73.6429663452323,22.700177571923454,1.421000124101513,1
-73.0004674953685,5.575554243300843,1.2490657105691085,1
-42.414239263652064,-12.585362795543157,1.0392792870503602,1
34.97462622617284,-30.297974045218435,1.2351042915021606,1
17.28877223863547,65.86165791592954,0.8928856337260063,1
14.804773247039346,-27.894072768628103,0.9165687569900572,1
-3.434080736244482,-52.59532777244496,0.9618561616508047,1
87.38732822432326,-37.51795870053949,0.9664491600394073,1
-91.03912175506592,-38.00371900247001,1.130645976856875,1
-83.13270652029995,-33.99519649427589,1.1822387203525317,1
-64.9367120825907,37.64955668495764,1.0727683665386183,1
64.51245769702425,30.500834047753955,1.3210168537811093,1
46.79039445977867,-47.813934338586336,0.9150668679019206,1
-45.26107726380845,68.2439820834989,1.1459710251458162,1
82.87793783161716,53.95009260817289,0.9150505127556176,1
57.10753112637584,-32.97306019520041,0.9791107478742103,1
30.934871224371538,52.84368186333931,1.135903076917733,1
-11.19233172059296,-9.56538808573811,1.0667868925861042,1
74.36330548071967,-2.8157790951688275,0.8647871868067895,1
-13.125461068187656,-27.032097386345963,1.2519118443920034,1
63.54302676189586,-7.122093815092866,1.0282442985864668,1
-79.94460639769035,-13.32815407219841,1.2140846039161308,1
-33.47634197029633,56.318795529369595,0.927953579260338,1
75.49620316170486,66.58047043586049,1.043206682246972,1
8.352642439575959,33.82555599488167,1.0584683947770495,1
25.015472713716132,61.5512734842161,0.9129317344076089,1
54.63387508070736,-45.18091251959893,1.1313014811289699,1
-44.05936327294262,-39.37554929691783,1.2349163012809052,1
-46.29742423243459,44.774647555596246,1.3516571556915633,1
-78.3763681988299,-38.69791709864153,1.2378700853957774,1
38.09415338419482,86.702952741447,1.2419649411029132,1
-63.977314683895884,-4.506101526255265,1.3842244648002573,1
8.819373692583294,2.5264174452201895,0.937126269592987,1
-44.41135582255005,-63.6039988010085,1.269855239365498,1
-58.74186952817956,-33.01036620129442,1.094573890442336,1
-59.10561724869773,-34.51356147326386,0.9456326104233864,1
43.74636027475329,-0.26205659234777606,0.9976102367537035,1
-89.15059590374211,51.25691542160303,1.1709040500475707,0
52.287072176290934,-52.350732576916485,1.162243857002515,1
-72.38995008412293,35.87181659293012,1.0371648858807367,1
13.410461269275853,67.62077383009022,1.1225439419967815,1
-61.81917012390401,10.349736218147472,1.124582205687408,1
-56.128258607584165,9.375598336885945,0.8679424478281462,1
34.32552304369697,65.39548619412315,0.9880072316311843,1
-46.128556643406796,-67.55363200130546,0.9550967219600668,1
-36.11424686674615,91.22873605519527,0.9348735576033116,1
-37.93743914437737,39.91615631268457,1.2126340547776193,1
-15.591227868204834,-70.45296537229532,1.147878471027728,1
-31.841141944132136,84.66833283198046,1.237512887121299,1
-27.289072231019556,-95.52465457174668,1.172626613384989,0
82.11318444279371,18.798392781693213,1.4063162926802448,1
-23.69957352038024,-68.00721235576249,1.0219871101999227,1
-8.242950672344245,-81.53290507136296,1.4617780621597563,1
10.711015435057865,8.94030751285056,1.3053974490552491,1
51.157100065187436,-43.74066339231096,1.154871058187133,1
24.885248482031113,-69.11331181663142,0.890253839964507,1
7.378886983445008,-88.14323331339166,1.165572864264171,1
5.785753808443746,81.48592770229993,1.0900354189620172,1
-89.84216137389173,-39.22873249797516,1.0199106254244104,1
89.50202098145165,-22.377154342912014,1.089624627497705,1
-54.54985838066872,69.93748664615862,1.4397733054612774,1
28.278347835372866,-18.051304474878396,0.9382967044837878,1
-82.18427381576089,-28.360914277391092,1.3420816798595065,1
11.582711485690757,-18.19394356003002,1.0545253384893591,1
-91.37286718098653,-3.7223429878270413,0.9743074972673277,1
4.720816583888394,-78.63385735601693,1.089208077493036,1
3.6771763840105574,-66.46584991986182,1.0811258057286703,1
6.3529101049259,-94.73105278336024,0.9742257602469981,1
-72.56172024484657,-27.269273059838792,1.4313508304125597,1
8.290862914423457,-96.88118281448817,0.9168466433448484,1
77.57622849315035,-33.43998782624919,1.190675782482106,1
-48.17173531004576,-43.10187747716307,0.8789740005249137,1
-63.081579284066066,-43.29060967936586,1.0023428366129756,1
42.504837359237065,37.94627152025698,0.9777814569835842,1
5.451916497322426,-49.9863455099332,0.8304353803077742,1
-18.645233805598274,-84.22562471164188,0.9782261534801371,1
-40.69690048740189,38.20459580291163,0.9263333622318947,1
95.6875503027591,39.01089456458461,1.3043289823200666,1
-37.37600725150875,-19.63343842064238,0.7735927161783381,1
10.908390500598722,64.8966060301966,1.1027568379516668,1
42.60251866220824,61.083821184352466,0.9548839987379834,1
-51.27529308840767,-59.23752407841202,0.8692806355830528,1
81.52629418360573,4.801983594685956,0.9048073955840312,1
44.55531758156603,61.67809532557038,1.452159837075194,1
-33.002591299698146,30.71428226188985,0.8814380089998702,1
-72.60146273366581,62.294034397467655,1.1121963888615347,1
69.4085369245324,-4.110870370394835,1.0511686369951239,1
80.85893013032381,13.502659090871486,1.3538981572478193,1
39.80785006487265,-93.44969514197608,1.0843841941013057,1
-24.073272314436956,-65.99180976865077,1.1659700353619113,1
-58.99121769046365,24.131994025765717,0.9962359856544407,1
-5.240709855663699,-90.45059817907678,1.2920978589894396,1
-2.03131479991323,-89.0396928534727,1.0814420359894965,1
-65.49103502103766,36.08470446208086,0.9034350399844756,1
51.946121761402175,-87.26815626041184,1.5401761586852878,1
37.76331904511397,-22.46645931787861,0.9691609430160275,1
-81.26356938549776,22.69026299756768,1.4035398952830496,1
-92.00635200576549,-6.410608281463026,1.1989922670839794,1
-86.92249612810123,-6.9846459628982664,1.3194587392818677,1
-54.80716056222442,-0.887986399417145,0.9868442213120919,1
72.19294892271267,29.999409375317413,1.145864412991848,1
81.62593108695319,30.246647847214064,1.5342137088991306,1
26.745723690312786,-72.41290995655442,1.216304379099198,1
29.75237547531173,93.55745882955537,1.273863780416804,1
46.57131922439425,-33.84253857126805,0.9630725118361594,1
-42.66088505862377,57.6331685605543,1.0648784455657898,1
-68.97882922030995,72.09421007592277,1.1923653678406914,1
50.20255576262593,34.97397515389371,1.259233662924676,1
70.27049361509907,-54.50703612673411,1.119773778262642,0
-102.18687932912378,2.9452882226914254,1.0020910341604097,1
-41.42203223827728,-70.84073317053748,0.9962712918942527,1
-13.095111260531954,79.5005457941032,1.1432670392604865,1
73.79485476151028,-40.55809041440869,1.3503338509222529,1
5.0180769882516625,-2.1065318384879843,1.0596403642806702,1
61.549248869890526,-54.06681941102074,1.3415814829673884,1
-12.312558084987476,-37.17831056932701,1.0828128272936093,1
-53.17866376548682,46.71592217045991,1.0032711744065674,1
-93.09209356213898,-16.470879511557875,0.9573412876260737,1
66.6356640791095,47.209294950719254,1.2406064477923238,1
3.715707795335377,49.21101097988804,0.9317694481122781,1
32.34424879486071,66.00593477592284,1.3671759792141125,1
45.874082568274666,67.85999767931591,1.0197882837070447,1
-30.64353065736398,-73.81323983156454,0.9033498135712213,1
11.607185406033858,57.272714839087556,1.2076847246500986,1
40.9990387169333,10.64533695382353,0.902513501261701,1
34.40855407256988,-64.19678251460368,1.2466452904562269,1
16.65924811149369,50.17925758793175,1.0506088624482508,1
-79.43799899749715,-14.980790158971152,0.9128477613018156,1
69.37477417634351,56.43750293850308,1.0483817714054076,1
7.016842300285544,-42.51825289125804,1.255047771709965,1
88.71614940187865,27.82562846174397,1.1565085175117955,1
17.268064523091102,-93.82114310260097,1.2759783606162447,1
-82.79848941701582,50.03002160865784,1.3454584331324573,1
-39.479395325438254,40.012053833797346,0.7934201276700252,1
39.12500994868009,64.34255474604541,1.1291448727183564,1
90.84980194133284,-14.156260546048774,1.274097943408942,0
-89.14510130190824,-8.35333872520782,1.2907177559932665,1
-61.521233166700064,6.8041764875839,1.2817534416105925,1
-30.65513541789468,19.760586231674395,1.0925771361268106,1
10.752390869719239,96.6827414094132,0.9986405071442988,1
-33.23941009025836,4.534718424105181,1.1637610226081199,1
72.54555554397484,-14.258448281331862,1.0297871734823758,1
-42.176181607110216,-42.53056698386842,0.8656613004790954,1
-67.24726632329501,-18.12354134614376,1.3056967134484305,1
63.373564568681374,-59.7760234252321,1.2161482095858613,1
-53.19548934048052,53.2350676816589,1.1042438696635275,1
-53.5222105458142,56.60992082956422,0.9976199467811866,1
-58.42950508164863,70.23071099861136,1.2271227467678358,0
33.29303674364896,-34.140277100474236,1.0762786609648798,1
-31.543315618210297,49.78494817528912,1.0500756021169424,1
-46.82918751640987,-45.63853908596014,0.8100273032317076,1
3.604927242331167,-80.34733078721816,1.2510331384481466,1
51.17003108406451,-32.725424696571395,1.242175992795131,1
10.134809174466787,-74.8033850402625,1.465451077057481,1
-16.915419080871956,-69.01871301009841,1.1235223200291993,1
-31.174100308827544,58.3348102357181,1.020295248520347,1
71.57720255937694,-45.4520854556797,1.0888118470811294,1
72.95650577151555,58.077487284819995,1.3953175445466364,1
21.964996912910166,-51.452545275537396,1.0110525172018976,1
-7.297912320055209,97.01406431338427,1.329032948365627,1
-44.272682454681615,88.39445565609462,1.0237080353003627,1
58.94027600253719,75.04808726299204,1.182648357696843,1
-74.33719476952561,-42.0016900267857,1.021742866028662,1
65.73632650219798,21.3600537973913,0.7957952193793223,1
44.2458453984289,68.97276923986578,1.1843013046003479,1
-28.951556571988053,-48.80166524204213,0.7084850579715416,1
50.55355049771829,3.93669184156791,0.9765352818787476,1
46.60365568670876,-60.311590311467945,1.3079408804101724,1
40.86400903904395,49.69092146328025,0.9560680533998764,1
59.91561871849308,-3.084305250566074,1.370327873759696,1
-91.31646804480735,-8.430626430342263,1.2080724757243588,0
-66.52918392384757,-24.48866840476459,1.0166234623688764,1
-37.25685158859877,-67.87113824942539,0.7171239029141226,1
-4.223123723563093,-69.4848256111516,1.5430917098311199,1
64.63591668963498,-42.131408039997865,1.03663836570303,1
6.402133236123869,27.294112569987156,1.0356108918676012,1
-19.896361929883565,-48.06459716604943,0.9119065334263278,1
-104.41474015624279,12.991170721519405,1.0694250030803034,1
75.45571559182537,58.631524429722845,1.433334252904952,1
-55.57808753005817,23.114693589633,1.0561068332063428,1
81.38783281224511,39.89418262326411,1.3044957952045524,1
71.56019429188501,33.74649388442735,1.133125321796595,1
-5.771029558438912,-42.38708412401022,1.1736796588218692,1
3.671293363209546,91.81901644523336,0.9241811704995799,1
10.253073731038736,37.671730704310136,1.059991108072854,1
5.82317131530874,-68.21293842984285,1.5634129389387372,1
44.28291359049643,-16.050094309499517,1.0573782507319394,1
90.93804803431466,28.97581426496836,1.3801354266286259,1
-3.5197238689610204,102.1311764785764,1.227211209791056,1
87.11329009350546,-24.7420125806236,1.1765740925174675,1
-72.4164908540896,15.649715861279534,0.9906466238608537,1
50.405829066821575,26.518894377592076,1.1314507596765069,1
100.6079492639763,17.50216330580588,1.1971812439019636,1
-8.450679456539321,73.0715563765265,1.255731253733369,1
46.53376346975692,56.63905631405506,0.8905991569184809,1
-16.214171413492757,63.8308248230572,0.8605217788381755,1
17.849282172268257,-77.39214797923213,1.0417545808835227,1
-26.977586805716143,85.30593153199575,1.1143069959733567,1
-26.170947997571812,83.42117191652773,0.9950211947739441,1
32.07982865872755,-59.036109124109316,1.0801649850412858,1
-59.13776090052308,27.72490869291332,1.007242547951186,1
28.20616447979514,-56.46510008116148,0.9396198311909523,1
22.412041917728523,13.683405236957883,1.0316061213060432,1
83.43822821572637,38.59279162089284,1.1057592338910849,1
19.818029796301346,-53.34418296949098,0.8896333613579847,1
45.695050125187315,-24.83128634556335,1.1840141430436462,1
-18.186423675206107,53.850730766656,1.2849454966789202,1
56.67913189072545,-19.863695763538626,1.0474898892325042,1
50.665224000979094,49.17691346291694,0.9920058730127085,1
23.186311540336753,21.91071626280232,0.9711734774936299,1
-70.66512057698873,-54.23580699435293,0.9893061353503053,1
16.593879178057236,94.14060256755826,1.1269289910306313,1
53.63997445898802,75.58980742504784,1.2175067890859879,1
-45.298353820117356,82.77244652585084,0.8030737738817119,1
60.012504564915574,18.436463386035978,1.1210615845531642,1
-25.953243520410208,36.00867925287226,0.8064976801358443,1
43.61912990020763,-83.54794595165298,1.4029098927968084,0
30.662978635356797,100.51579381270312,1.1271371221548083,1
-43.93726168836044,56.49989280592287,1.0565151055932624,1
-43.66693903129241,54.58551689814096,0.911272580918491,1
59.62028271974137,36.30347145995218,1.4184146234803015,1
-27.81875340941444,58.539411090613214,1.0937589285349703,1
7.997337828584626,76.56555746485978,0.9689726834983021,1
45.56445155074936,-48.52918775143363,0.8373464253451415,1
-89.29332163060516,-1.1917105610745808,1.0905254526964498,0
73.88704610853979,29.291343960326937,1.0176374099464163,1
-86.86660604108145,-30.105401333326128,1.1560893839034163,1
31.533383694857974,-65.70708250566062,0.8569249118939624,1
-88.6465701987747,12.33667591379204,1.2425426572443221,1
-4.42939557309794,-16.528462293816865,0.9743316050569623,1
80.85616899764581,-30.946414907215235,1.249018626228925,1
-31.266501507970805,60.947929254042585,1.328194851104291,1
-21.645652210563558,91.13427896533415,0.9918586537529779,1
17.646663053402236,107.69728381952096,1.1274590451945632,1
67.14152531886612,-56.69015997040467,1.1130060320536532,1
-99.95786687415621,-14.231179881775997,1.1329669340817308,1
21.594894054350085,-39.43276038079397,0.9868640127378591,1
26.324238787837775,3.0636567801045436,1.0996826430032196,1
0.8327576156829587,102.63528727602998,1.0203765585208129,1
2.0838436389765858,98.7327455666823,1.2660891768149238,1
-6.722563702494419,-48.24192778335045,1.0211502929867404,1
48.981265296713914,67.54197326514439,0.9854736372706879,1
18.06751274793239,47.51379858465026,0.6981213088676983,1
26.74665207115523,66.17962835447068,1.0808395400465751,1
-34.13888452921054,90.586760702637,1.234873524407548,1
-59.92899256295027,72.18528245502662,1.1868957702470782,1
-45.50436328675012,-58.43916919065925,1.3503304098818798,1
-2.5681546050083077,14.025724573048926,1.1066241166194761,1
-27.823573848404106,98.1743751289001,0.955391988120026,1
-71.57413182600966,43.98143163447946,1.26776302883393,1
65.357348179724,-54.24065072048749,1.1869973784428303,1
-48.67036566575193,-31.844623372291323,0.8125321798838235,1
-90.98596446489303,35.929885904448426,1.2958861428718387,1
25.600303552644448,52.62557078749757,1.4114405773989103,1
-64.1291354319934,-69.4594067336352,1.2034648014921452,1
80.3545268492506,32.27853591831647,0.9767305802935491,1
49.79166404727019,57.61735752066818,1.0428994007842842,1
20.551138225981077,-41.05407206206542,0.9735045267013592,1
74.50296048459198,-0.5765245031651187,1.4706167090422486,1
-16.151041516205733,17.020005984744486,0.870593744373295,1
-70.84208957111898,23.138566239867604,0.9987238265676873,1
-67.28318000325318,30.758967485800934,0.9415314863659756,1
-8.447337285506483,22.312572541751095,0.8958517752540225,1
-7.008918290987449,30.10846192951006,0.8517682035510745,1
93.75416404188601,4.555796889141832,0.970579431456692,1
10.18910520282439,-68.89501686178367,1.2649279367741901,1
56.41013016285818,83.29261900990961,1.064591692482748,0
-8.1441546275273,79.02205317399815,1.501579676859539,1
-19.08286821668157,-72.49725998738327,1.075132208762258,1
53.39522519847036,-57.95567147876675,0.8950155071290608,1
-49.26369490529005,-56.28225407425685,1.374187838634792,1
-45.05536434451537,61.39448824078358,1.0383640858573435,1
42.150521080591915,29.319717599824482,0.9001389481674713,1
7.394553410161452,-70.2881355736302,0.8843888474209308,1
-14.284393829890437,2.455818242037127,0.9665499211111517,1
7.904097518447085,-83.83027887968807,1.1396462569213228,1
-18.64039246600597,-74.11759926283919,1.1415053703152835,1
-60.63032470677464,64.87655300399956,1.0678978531314454,1
42.988674909921656,-64.71686244172307,0.9787159522862339,1
10.47770618795757,77.2918828482469,0.6997827992790515,1
-48.4164892122957,-20.45794307218071,0.775812630829911,1
-6.022744118045207,73.01808164000103,1.1121425185662082,1
88.2594259782053,-2.543183270302712,1.0369661834088966,1
92.38317763278923,45.923518848135465,1.213770390084514,1
66.87386840140552,6.952707070226488,1.1240819717030546,1
7.633822472739875,-25.385308163081216,0.9742746992076219,1
-37.09405551570876,94.49988595358872,1.1431936819770803,1
-53.15950903031835,86.39891912057672,0.8926921233097427,1
0.4595485170156929,55.19595460737464,0.8547037634089739,1
17.69352610375404,71.3081252213506,1.020232222179024,1
70.34117551361064,57.95929619151096,1.132286333240074,1
-80.53335657281427,-10.405388521643525,1.3512267378484488,1
43.36466915111631,-62.50904259861057,1.1685925466973224,1
19.87818113838546,-72.02842766194303,1.3114420359221448,1
-17.90311040765295,78.9530061240889,1.196472167006542,1
-96.41360023248969,6.358159027381332,1.0484367676130653,1
69.31722403738515,18.173054991074753,0.866062483158901,1
21.181008920631953,-87.76912484578325,1.047640538809556,1
-32.9663395251887,37.19418588173299,1.1295863055889785,1
60.631481612132156,2.3684423569269715,0.926507080293316,1
80.58809902938667,-6.1276899308209165,0.9563334149358726,1
-58.52031123801261,-14.63066899541697,1.082126675293154,1
-23.10275726451571,66.78645183240326,1.221500463387718,1
48.487590687393414,-29.695711841019133,1.186624119894452,1
-28.894587747564618,-34.112932064750986,1.020160005338332,1
53.45921930280887,-46.96347117397939,0.8869144461293903,1
86.21607632218912,6.463520051012806,0.9551082814232613,1
92.97084270606383,24.096613387439596,1.3745211683151677,0
38.01998064109755,-65.467560248307,1.3917611003449597,1
-25.84719386263736,95.6953548230281,1.0416897815395574,1
-26.83231630343638,79.80876551127412,1.102409127582214,1
10.11797115719298,83.84671578640696,0.9215001352210566,1
51.24220703370665,38.864965711778694,1.3217870595318741,1
64.86470348851947,20.805014679437303,0.7900998500964719,1
-84.94963222724459,-18.072789860089518,1.37368752942231,1
-71.59921344919829,-58.06342076619089,1.3399028071720502,1
3.283683039766616,-27.735841858792014,0.8064304936750698,1
-54.49445173671382,-80.02675551436366,1.19988265335413,1
66.68466753276671,59.57921191694602,1.2699281482558638,1
-82.64231146908426,18.649925736004548,0.9757763771379263,1
88.5932413782403,1.4879088348130227,1.2655353210835265,1
-45.22754970976251,-61.26617274577271,1.6514915906283791,1
-72.78380830510284,-15.343457304135525,1.0694448449245306,1
-64.52839098019908,40.724065916979164,0.8144271886825177,1
6.699318775499636,-82.19139522768839,1.0799133973395716,1
-77.04098354641827,17.544033178761705,1.0718750734740723,1
47.64615196213927,-32.95407591373756,0.877408030833171,1
54.960331549559314,-85.18274865678528,1.4446667278723098,1
-0.9847468221764685,67.27909652360779,0.7394851588444458,1
2.9094792473395623,-48.52116160178579,0.8061919755939527,1
73.34802387335944,-21.25679070567895,0.9672291285858561,1
42.835831722444155,73.43503785543967,0.9558521991562182,1
5.657818105595682,-52.69290723027882,0.7989571942765609,1
-54.663913929928306,-68.91639047173867,1.2077438456601837,1
66.97634791381469,-38.06656847973715,0.8889863161133994,1
27.627743514448557,62.79103827950656,0.8895837636886281,1
45.600419854133946,-70.06834617359657,0.8796597800272037,1
20.40116901296898,10.562653035042306,0.9324014585138126,1
-19.99169380309428,-64.09768493330358,1.0293495364160463,1
63.91506316897267,-55.68540675994731,1.4094669605351402,1
39.810628347443064,52.77347742482054,1.111575863788714,1
-85.47072847137916,-24.94801225729572,1.2277128636352606,1
-78.57429936468311,-24.966442467574705,1.1066608470413237,1
106.93520768675809,10.585919164691656,1.298164945784629,1
-28.546318334256043,-54.038727887253316,1.1421631944922694,1
70.57381338586084,14.278610574148061,0.9400837631449687,1
87.4251437370871,61.45993223021976,1.0811353780269617,0
19.010174245055296,80.78200800912228,1.062386948074111,1
59.67060744019029,-41.10870370394841,1.273886411573531,1
-0.568169075583023,56.45344645848119,1.116539930468503,1
9.585128554512895,-40.61282724092357,0.9836689416127363,1
-45.21438794687849,24.997134380113298,1.114456642885192,1
51.197882509338186,32.56945671503878,1.1432233991759222,1
88.17448623607598,22.444554193762272,1.0254650438624497,1
-61.88961618843733,-60.843580927677856,1.070410809368403,1
27.779707853598072,85.46975759423051,0.9715650304931553,1
-62.35904489600632,-15.202433823054614,1.023122373609833,1
31.357171468387666,71.88224232033244,1.159736308337578,0
-3.627128525753378,97.74914962003203,1.2140466313131182,1
-49.71699291024698,-58.70567395120446,1.0772592691998912,1
33.16345165769377,88.67387417588576,1.1750404073434368,1
-22.229235290023087,80.54577933124355,1.2733517497845557,1
15.391661694032287,-62.7042703776924,1.0687847069208818,1
77.69888012336463,-17.85642826164767,0.9665618783111144,1
39.716323203451324,40.286323605627686,1.2568875268059103,1
76.07616813505086,-16.49898539337476,1.3264811636791967,1
-25.49164996867164,71.73514371398534,1.212763549051181,1
-86.79200400909839,5.683297568826822,1.052197965316268,1
-57.95131753387285,12.936130072691839,1.17262059614351,1
29.09134930268862,17.705472409076272,1.0768264444803652,1
-20.290260658754146,-84.2808996125484,1.1048969975045062,1
67.99382038124067,60.91412393728286,0.9698207562500276,1
90.54555196116061,3.345581411446283,1.4557507189955856,1
92.52591618731681,-31.09561897118136,1.081323296607072,1
29.781877187959573,-73.6557052073603,0.8682126564548318,1
52.197400533847286,-56.455535315376714,1.2828775743778855,1
57.82552703071371,52.28110401373229,0.9408255658732284,1
72.17990032571214,0.3144279326949538,1.1289499639236942,1
100.84456172408586,39.48302812003919,1.2031277809702057,1
32.197208010346465,-73.68190595548953,1.1034841002312517,1
52.86155595290376,85.1027252229425,1.385543192802844,1
-8.249492696687394,31.131427946533226,1.1149144694520359,1
84.39931338331427,15.358795064557215,0.999066070550554,1
-79.80952509559975,38.42357311279064,1.1562973712506013,1
69.93287424886505,67.74676565525243,1.1488896642165805,1
44.367320460968706,-54.76982780068736,1.1129812042610023,1
-7.8000373957635265,-72.13560103860888,1.2200118506393955,1
-40.60459290649485,-42.621036096309105,1.020999427594925,1
11.81248574419859,-31.5271171241714,0.9657269428910948,1
29.04764398918224,-71.84414406471552,1.113378930703353,1
-59.001412111676274,18.68097703619734,1.2561617285630091,1
-74.5414977628278,55.092108578854216,1.020056592419696,1
-97.43744826721449,18.95938084708915,1.2359619845103222,1
54.72805066277685,94.11344742791641,0.7881443581071516,1
74.50256260708805,80.27128906689858,1.2192785124582246,1
54.82631519842553,-42.413209545464106,1.2478726226699703,1
84.0528163334322,-7.734340798500334,1.0395296954006064,1
-14.941783269777703,-19.180263806881023,1.1039084705220303,1
69.75476495496581,7.038142202362356,1.149382634459973,1
27.22583941368441,48.60930677188271,0.8170274564953866,1
-54.11678517124402,-43.6615067099542,1.2595860380089692,1
93.82224661493846,26.54264431484267,1.139311269621711,1
-74.82936472052661,-16.19705062393059,1.25948121125205,1
82.89723537934978,42.973483223408756,0.8877116982489399,1
1.6571598037838218,74.5944723104912,0.9964369961256736,1
-66.19520119440865,16.693335719276458,1.1931962937477079,1
48.268260713363205,-27.379691758104855,1.0278467487967584,1
31.987361926818927,26.89983491016045,0.78410968556186,1
58.072916994838195,-66.20733004089881,1.1508481786101918,1
47.751268631720556,81.46946187433755,0.8378352119290198,1
86.16269909367168,11.8711796809109,1.2376926166562154,1
-98.80293115837193,26.29747957531993,1.0405497613838792,1
33.85911192894635,75.32719968672738,1.30825095564306,1
-74.08339865671923,-32.43576987372514,1.1116564260634128,1
30.579237269800398,57.673610165584584,1.2918922081855426,1
-79.04732752112723,56.7636321255544,1.4817816107852837,0
-34.55198221023897,-74.31809460544665,1.2709792378206752,1
-98.30458958472506,7.694453578733371,1.5143270613114443,1
-84.04937934903671,46.45528848121985,1.0196538035815081,1
-30.38685878951649,95.42184443542214,1.2339439213205432,1
74.14877423199,60.36909339253201,1.2448392988247599,1
10.583541603997544,58.64813877004698,0.906753371048178,1
-72.6433619555562,-5.542197600434136,1.1114934622991877,1
52.5020664557565,-49.05176636008794,1.373957575437746,1
25.230177671958963,77.99791647893463,0.95001947094792,1
-7.852430841660725,67.27957397661247,1.2710851454865513,1
-64.55049851073794,76.63051861886349,1.0507322228189417,1
79.9633125788443,-46.999280149331256,1.1747111806623454,1
-75.23571041943929,-34.35800971334905,1.0848218643399556,1
72.71012445197495,80.36429293343747,0.8341341156495918,1
46.40877637309606,82.79586008665783,1.4622172016761776,1
-77.52402655636759,-58.507322795249095,1.1657058657418362,1
-58.24127148668576,-48.28570069782113,1.064224059309066,1
15.846590623682856,-82.81273162312168,1.4303391918765234,1
-8.02622373536846,48.78399948086853,1.0941600613801077,1
-77.87329315228631,2.997332623308757,1.1418925237456692,1
-37.06634783972682,66.74482661135785,1.2657584059518854,1
-37.1304420551792,-92.70885962187657,1.1515759449135907,1
47.39787513726437,72.79700524463193,1.1381908181083358,1
41.150480841858915,-6.397124242547875,1.0170069692008983,1
14.557725748818507,-17.90793084664264,1.0762499765838518,1
-77.8357228846938,24.19879276499162,1.0439943666759792,1
29.34147652581954,74.3702683370381,1.2174091666609128,1
-56.66663456969917,74.32152834280916,1.197452688166904,1
-0.9544469199556392,81.17040805933942,1.1571620408504786,1
48.38967552041564,-58.60810234621608,1.1724249717530253,1
38.64385256722792,-58.73030047460434,0.8421624382829136,1
1.098492979176525,-88.29229475582606,1.1971758270111994,1
45.6939416515989,-39.923967132636974,1.0709588273971162,1
9.566964581508309,52.852721361015874,1.0810441429525732,1
-6.526185757878581,88.6809274589096,1.113949263716504,1
39.00592109578573,-60.145152878507176,0.8298146848328849,1
-33.31474249178531,-33.79127731762174,1.393808538840071,1
-36.07455858573114,32.74909840805402,1.1462267164413127,1
-31.235373444429626,62.610004015227666,0.7152391682453683,1
26.37398598769769,-26.828016769517628,1.0797199224276004,1
-52.83972402922149,49.049702077979404,1.430542198910205,1
32.45248072888936,-26.411506587028644,0.8508471673677485,1
10.882944425689583,99.72202819240329,0.9555083829901111,0
40.177670344799765,-45.19092689406176,0.8133756718878018,1
-32.98032578440224,-85.93193988733188,1.1953523401211459,1
23.51008435914325,76.95871017341054,1.0524684877846493,1
-21.16847577925881,61.26826160266822,0.8831179442336099,0
75.27776061053876,15.5178857816508,0.8276886474975363,1
-78.02775729172785,8.151018014469727,1.100075065311237,1
75.57484248012466,-41.8189150484272,0.7808594664015336,1
-32.33028260050108,89.43440798193859,1.0279700443638156,1
45.71977735840021,7.024171023312988,1.1939296964057964,1
-70.69071526622244,5.3740591039437495,1.4308645505061277,1
19.09215202510611,17.175318638623587,1.079817366203566,1
-31.722040454474957,-34.96746443110246,0.9434303360031963,1
81.24098825440686,42.1667340105659,0.9860916880658349,1
-50.689036969588095,-18.554062488818662,0.7832612216757795,1
17.686052926289292,78.99101872869318,1.2414371211954365,1
52.66351180275117,35.48749626718263,1.191106180813337,1
26.985420019074365,53.40684867635675,0.8587979184111463,1
57.203346083974964,15.332209613159609,1.1007763223492426,1
23.346457235660406,-79.50189344371323,1.2359943536584874,1
-51.9568338480459,67.5592022863602,0.9708781742234404,1
-11.675103232992857,94.75054878105182,0.8002994530648947,1
14.246004027486196,79.48995711859594,0.7143816399216516,1
47.385131917448604,31.50324782683714,1.3434765053634763,1
79.64204900315497,-38.37701794444463,1.3878966842262195,1
15.039769647786002,63.84068886950829,0.9148345064923652,1
-77.43015832601958,58.57291709277095,1.5911621393670001,1
-77.0064057391917,-49.55604098945488,0.9780856921417866,1
89.64842086568929,-30.662900057667958,1.5005723283868895,1
41.74147450010525,27.881654259645558,0.9501749029889902,1
39.66321473224453,3.977183529081189,0.8459666968727089,1
-30.523019682622092,-67.49578673342936,1.288836307134329,1
55.84409706124352,-48.92102849321503,0.9792206766125385,1
14.01100762673954,-77.12059658281379,1.0490698847897844,1
-42.799713701526414,-37.51651256884261,1.2025716155070958,1
9.61709714700094,-80.19121621923676,1.0847472772175641,0
1.463284947333288,-59.89051127600498,1.2734200906686302,1
-21.91371564706255,-34.244398582651215,1.056088935992502,1
47.042250919753506,42.35843694372871,0.9062128920378153,1
89.81658353435468,21.204028976215294,1.4287048433649012,1
37.512237049043065,-8.304568457690545,1.0515865030453106,1
-4.403536158135552,67.19796177314835,1.2454482398093911,1
83.2398478883384,47.15319592058054,1.1359093818276753,1
81.74231390933305,15.386617048577973,1.015181112287203,1
72.1252445212277,-19.712840931205218,1.3729499815964432,1
-16.000643819727895,-82.20174098118036,1.0369732417602364,1
-27.45637479413797,52.3203682410918,1.1459029182194422,1
-40.77912850487656,-31.41176580449625,1.0784028393748515,1
-13.995341200023095,-75.20349014314229,0.7765664424958246,1
40.57228525317738,-51.81701969317205,1.051466594689509,1
9.721093828168472,-88.98165331987435,1.4526434542360245,1
57.21916171475537,3.2621976545554925,0.8690211016719838,1
5.39389269466892,-5.5610012463110055,1.1133785947112755,1
-26.42105564712248,66.4256492777215,0.9921907146887075,1
80.29357020711753,65.8177919211235,0.9308868235194627,1
52.82812619690603,62.54785792450503,1.182509259425258,1
-39.309591474576166,59.84372858240011,1.1563439913845934,1
57.65954454747894,-11.405158649571051,1.0572633941343952,1
-87.61859452347075,-1.4263908515162014,0.9885645532194793,1
73.80587909774222,-9.593224496766364,0.879572115599282,1
71.85304441148777,-11.79205127456846,1.0489029692426546,1
47.67685310481745,47.52018883765301,1.1830651882577305,1
-12.841388904224479,-75.9271253727755,0.8891940568590784,1
32.74730795928642,-94.99046891590936,1.2172491659597195,1
-52.210242590676835,73.35771211890176,1.2369405695732543,1
65.30646174106607,39.29029880647485,1.1027513388669947,1
-69.99429637397249,80.97508725424198,1.0602064663208512,0
61.90651542857354,34.12615930904239,1.3647694342338192,1
-59.121761145578624,-63.567026394312535,1.4049258578806134,1
15.897593546215276,100.0395344405232,1.3800145363632632,1
-50.94152279943275,-29.34654042132386,1.2103760730265616,1
77.26681656550059,5.566189256901202,1.2039978865111207,1
-14.102290673074005,-62.219527032890696,0.8067532402789517,1
22.248832565624756,16.523693586367543,1.0455394405636558,1
-32.108944110225174,-10.98096001847964,1.0696203539634381,1
73.4394490259137,12.414155853789595,1.2756212104916584,1
21.464847710553403,-64.67469570353073,1.2000432488636,1
49.571298726778714,5.44374270947038,1.0066273273207131,1
-87.16056333591914,23.815092870244186,1.1423692405386245,1
-52.584701848237295,58.19192031474881,1.010969868168547,1
55.423996643091066,-51.847466056117554,0.9792206766125385,1
-36.670832281363055,0.9001074258902306,1.0011095155360106,1
-46.375408223200864,-64.36185866494198,0.9973109360362858,1
-11.39148613170944,-2.6820922538551817,1.1111331763041892,1
-86.59663445239921,-13.985511285220602,1.2089470911019555,1
59.81282400744498,-52.69654882099256,1.1507370308418288,1
72.15131596819444,-41.59024018828542,0.903770745778417,1
-9.511261730960966,85.81488317241356,1.0557358327851152,1
35.61733102082161,22.97278394657189,0.7947340388710593,1
75.84921665613156,-24.625929130496445,1.2248906702672775,1
22.353122423698842,-69.59776970695525,1.2005720846301169,1
63.56230851785457,-20.008035433144368,1.3218497981468382,1
40.079020128389196,67.19484011101515,1.0748445116533452,1
0.09019176502176911,83.25402704483533,1.4887724284201158,1
-63.88603905210852,70.48902563870229,0.896257281900885,1
-51.53399857343643,93.24657181627322,0.9540470002217704,1
71.73552350614817,-69.2623169418456,1.1263961059467884,1
55.64018484048978,44.645834713705476,0.9041158216604724,1
-7.363220556728564,-90.14461932641736,1.027080493568541,1
1.522544581627705,-98.19019980235102,1.0699089842835279,1
-64.99040244305375,1.6778237644707632,1.3885145048727006,1
31.567296900926507,-34.97631135442467,1.3160909976566415,1
-12.706677176783312,64.22270865944003,1.0788533362646295,1
36.557876853626944,2.5023065017437047,1.132096234902585,1
-8.10998689687904,-91.83137126955447,1.0365377317306184,1
55.9044069144677,2.4472607628634333,0.9464024558119613,1
-69.51534108579929,-5.247571801020979,0.8061097183536367,1
50.61728096018419,55.391954818246376,1.3189236229059764,1
73.22811980232358,-56.991219064756905,1.119820305784512,1
74.8051601510909,18.6979724415269,1.3396375731872074,1
38.38955694516391,68.1130823698463,1.2254973576578896,1
58.991665759869235,-63.59653905090483,1.3652381985011335,1
-7.991130939523628,-22.83538358188842,1.0251204689237368,1
-4.88400852885134,70.92191374534087,1.1234593365121566,0
35.9956935804919,79.13016217577474,1.0378687642438538,1
40.237213175908096,60.84402934060712,1.3356601355628626,1
27.351646920155684,-85.94795109316554,1.314498429080132,1
-46.45177976303027,73.60911820159824,0.9389662173548334,1
49.79303129905635,-1.0277175925987159,1.1335571454123017,1
-54.85789852385007,-54.149945403042125,1.2457052290839488,1
-12.82702192949106,82.55450569310582,1.1350905209723916,1
-71.75705480030206,7.862824626301305,1.4252172920776114,1
27.64726016468005,51.5027139986683,1.1299029305920254,1
79.14196733248417,29.555718258694004,0.9300378317122694,1
64.55343053032959,-63.87638248089318,1.4151905462609993,1
-40.42592809182876,-72.62674833026014,1.2242777319328784,1
-18.047723577343202,-53.35984939620742,0.817776273203189,1
51.52886335546023,76.57749378997707,1.2340858733332918,1
8.271873306282302,-67.50542761140872,1.02807685536602,1
-1.5440830171726883,86.35835731758722,1.0478837633484852,1
-34.35009117086927,2.8501291863396814,1.0776996297370856,1
-81.1821355931006,26.489566883069667,1.2313343649457398,1
83.47313176470718,36.143651544583165,1.4611261832075721,1
41.23097825393041,33.478771785071594,1.3382162876983823,1
88.17064956014543,24.30323560976793,1.1715520682402984,0
40.231383807827555,19.00024232170297,0.9672686384617184,1
64.3106816710016,-26.225598323326842,1.297340872891062,1
-34.98907329553894,70.53565529353888,1.1010554555422727,1
-44.41135582255005,-30.841689784480074,0.9253862873124625,1
11.499157209869715,-47.227562367199454,1.1116725696974388,1
27.12855419043824,68.24991763314742,1.4562077893906475,1
-38.25906313910475,-20.534562681385015,0.9404516706126049,1
-30.041939871452545,62.471443174491114,0.9488049903843256,1
-74.55225208172406,27.490306225527018,1.3568915022547223,1
62.959204480209664,-14.708196667154438,1.2974197869535447,1
39.61791951956261,-6.3853057101126645,0.9767193019276511,1
-78.97445707759296,6.052462854786112,1.0272506339654062,1
17.95709932433732,31.404195929934684,1.1645024809873823,1
-51.48516815250206,-61.79815305384103,1.2921926043069032,1
-61.11995276308589,62.69853175984757,1.3159396532968002,1
94.49372211356915,10.570985633587295,1.118160875977096,1
-63.96231730965232,-33.90556554384968,1.0923982502374956,1
-64.74356977764018,79.249031819518,0.95853837468548,1
-4.331453658562362,-54.08802490998772,1.0613850589901614,1
64.97902736668446,69.69913586348962,1.1175776118946756,1
-60.521523490313626,9.027249124177867,1.283890866097403,1
87.68294688497268,-8.893081183038687,1.022660836914278,1
-48.21444994333715,22.62504477449546,0.9714329393453439,1
14.47028129416369,103.67106712331321,1.0698782244375575,0
44.91042325380541,95.12011577026021,0.9179901751424601,1
68.4507410680155,43.93415750473862,1.1205214219252624,1
2.5855406462397457,66.45814260720748,1.0953317335870392,1
11.365052597176964,78.71982542202835,1.2386406428060743,1
41.32702294077111,97.94852130562137,1.1270486610512107,1
25.83915979765457,-74.14745693484868,1.2409840868867765,1
-10.10171194676292,57.822901039187904,1.03308777473281,1
90.1702552974079,-54.46219614880082,1.7581167719407957,0
44.044800956299525,44.83355332005008,1.2491150471264114,1
70.12174361097458,41.978929369103334,1.4796408749509262,1
49.12394602020896,-38.46480769046857,1.160826139483787,1
-48.04370859709418,48.0506714534126,0.8898394243394976,1
55.44970779846398,-75.6332160152873,1.208634475902216,0
59.7990841048938,58.76976653680067,1.028990816401869,1
-1.4087250903426234,84.37812098062871,0.9948232429508237,0
-18.84875478684484,36.847435637075705,0.9880510916331158,1
57.213790368452585,63.299326790751195,0.9059472585091985,1
55.605370558897704,-14.631282077105384,1.0759764121091546,1
-75.22013093182781,16.2718010922037,1.0730428956698552,1
-87.9492307292197,14.400579437755109,1.1593592488849227,1
25.332337150898034,73.02863586431529,1.0788044076836956,1
77.88302934968071,73.61653914056919,1.0105227458967039,1
-25.34081822400768,-62.46875750133972,0.9974818265660828,1
61.71071679776419,-12.803221743590601,1.224672206596046,1
58.21644167830498,-46.83976744094565,1.003864583122371,1
9.52738624032993,75.8826740226232,1.1097972773663503,1
16.601331316170977,62.80120028602533,1.2675118476851142,1
-42.57629412925656,-77.18797906331461,1.1394646090847078,1
65.1305580024955,-2.7911106899264158,1.1495563865955705,1
-16.756810015908243,-33.359044621547575,1.1397896576604127,1
-15.458129437284267,-31.66648212577854,1.2008429079259653,1
9.587853150463577,65.7631832337119,0.9028918767933471,1
-51.39800847642566,14.776977973832764,0.8912983801283006,1
72.0377114703676,26.310313075200938,1.1141066284580023,1
62.980934360918,14.86126733125924,0.8526331498249549,1
-20.845820256001055,-93.60799263726652,1.3491990971225238,1
98.07335967681267,-19.915467328318265,0.923300935857948,1
-95.08824731249516,12.609732792657613,1.240975979619833,1
101.770978568134,-18.932525945925626,1.1915295559373578,1
61.04753905737434,57.78892230035404,1.0384035910288507,1
48.60697966340493,10.921120086194035,0.8614560579730851,1
-15.07813640709157,-74.20387028093873,1.0618294811141633,1
56.27380476546596,-79.12400024170446,0.9955118329080912,1
-9.836962282715128,-76.09481247758944,1.5497533246660389,0
59.50019344466959,77.31157778469043,1.2102991252745983,1
-79.15314516202544,31.668886933472084,1.201180810270316,1
24.406203967323844,-8.12983103738653,0.686758214190447,1
70.3695196085208,-47.35411454145435,1.3198630444429227,1
2.5908674215653225,54.100023851892516,1.1488286241477679,1
51.155431546622665,-34.49848236681665,0.8797959542524219,1
-94.55724100733026,32.97065885639642,1.1139346996381467,1
-74.3931462935129,12.61371156769671,0.7801240878795527,1
75.76423217198568,-6.436464380746942,0.9596170321931954,1
43.167719786681005,30.506689215840744,1.0571996291843602,1
-49.09385994046127,-76.80755419326512,1.242672853230063,1
54.474930356613136,55.44071948595623,0.8711039548982642,1
7.542380205844804,100.33261713109545,1.2757764079785163,1
0.578911768188599,-64.70085029827302,0.97592309712755,1
93.8593031722941,-1.4239041171167734,1.2328077686995078,1
16.66907802629615,67.98659506692354,0.656568393144614,1
28.204901341246902,7.8532130519024435,1.055986916081564,1
8.113846741142508,53.707235379919865,1.0189110920527047,1
-19.30741049840775,-6.761523557754653,1.140471570546925,1
101.66656406605642,6.5343241613676435,0.9887218699621485,1
-18.77692452996312,-8.043998008588582,0.7716858116717369,1
41.11497027463498,-39.02193566531809,0.9479363661842771,1
42.55571184430357,-70.92293104577699,1.2795915671877485,1
-68.68961460236163,20.66901676240946,1.0395552357646103,1
-48.68498766402061,-67.94633709766431,1.5791841727691633,1
53.620562384205606,70.77914234715138,1.0778537289478436,1
42.40927394808073,-54.87666769436016,1.1209981115073246,1
23.4625522073369,52.19669714326001,1.0769895259528126,1
3.475098289829344,74.20759069396229,1.1737654778214275,1
-8.493613499807346,104.53121949110238,1.0381121303698921,1
90.35611608708935,-20.32718866458577,1.4095147335019655,1
68.70903097164319,-38.53157650909341,1.1858942015768648,1
-15.888442363625344,78.05282357447416,0.9502616793939295,1
73.8528978392912,35.41793096161586,1.1996392312771424,1
31.27018772602173,-61.21743275154377,1.2193595327510443,1
44.8537762871471,-23.029116207859904,1.174052546762897,1
43.7733585437192,-25.703838198770512,0.7671730769454206,1
80.74705594436327,-3.0048970658076533,1.3109595024154017,1
59.430456982501276,-45.18516104209832,1.1389034663748854,1
-27.82761679723415,5.308391813855639,0.8810419280784746,1
39.54820472905557,-72.17369195846848,1.0500488832406942,1
100.08477602401656,29.562929321898068,0.9323441461112265,1
-84.34094721036722,-26.593907147641737,1.4802739533199452,1
9.269075424233337,-61.07999202247583,0.9592305929197208,0
-92.95097885935918,11.121389410933569,1.059909307648115,1
63.615251644385225,11.124756164612334,1.1386677791901774,1
96.51354400087561,31.909377936052625,0.975482182189565,1
66.1158678588756,0.6455750179002546,1.0748724825320464,1
54.74834241547624,77.0430104695514,0.8982326149185333,1
-64.26368239085227,29.066443701241987,1.021823670655197,1
5.2760482232152395,-7.475412386762463,1.175049329781229,1
4.901597653392062,109.0725112411026,1.4664937112206489,0
23.57004228855186,79.0531760365262,1.288751505129379,1
-2.942967270585291,-82.57019212803006,1.109926228198891,1
60.98626592177223,79.35627027728229,1.203643924717657,1
-54.20404599012779,74.80853040759462,1.1969432661298651,1
32.090925964487084,-82.08477513511293,1.4360574357468443,0
-31.325480996785657,73.56953986041987,1.0465354378285607,1
51.6678753108315,-28.525429765300775,0.9476718009088788,1
-76.78723207418088,-7.9470347441617415,1.0091552617104438,1
-66.39516325816518,14.446985934190826,0.9570460725481363,1
-67.00673128684052,52.80630231889307,1.1802324966800901,1
-13.051557675408244,43.524181859501915,0.9870903090527121,1
-90.29409244689228,3.794870838724132,1.120704971857686,1
12.201013126766384,1.1467824356436942,0.9610037595173213,1
45.77845934150173,-0.9887255972155644,1.1175073913210698,1
74.78401891179037,37.166942480532185,1.2377916774773183,1
80.21210478819201,3.4143315437776818,1.2230180690803734,1
-43.55360158077133,40.066769413672674,1.1801443451557891,1
-42.68056851783161,74.410304760869,1.0314569761136714,1
67.76006021215744,-36.48618626808476,1.0677901022649199,1
57.58978460964723,-28.33629326821498,0.9688792512631279,1
8.14413167305592,96.41601045198452,1.457810305324106,1
80.28241265443165,6.049533360359449,0.9805533273827868,1
61.707816775112455,-6.338188637281256,1.1130058286219062,1
-71.87458169376461,-16.28711562254286,0.7434941543298585,1
15.297028865445489,-20.70606882649133,0.92138433497749,1
79.1925168008083,0.680854436757889,1.2166655869309715,0
14.650810087929464,-39.23737604374975,1.1118241649605785,1
-10.465173046584427,35.76502797303049,1.0121390236651175,1
-6.747843315306643,47.475539521511145,1.075725913009128,1
-70.15141039501395,-6.651679939679892,1.1265165349555195,1
-44.91945614848878,2.604861004312481,0.9371104701507204,1
15.957737569981957,-72.43816980132966,1.241300847590457,1
-11.491002083633761,102.97606663294025,1.2301715150788624,1
-75.49435441626036,48.36527757605679,1.5203567122586776,1
-73.39224176294597,44.02189485726956,0.9471852700163058,1
-33.217837895410014,-38.45167773283954,1.0628914423617943,1
-21.189652466406546,-26.97218458960703,0.8420622307188499,1
-1.4510592567586131,40.7382797478085,1.017803959116646,1
77.16409648929793,-12.097711616170141,1.4321044812923545,1
74.43691281894297,-19.58154135491502,1.1565793109402058,1
-29.168797689122744,61.420748156041604,0.7233118076031477,1
69.66636154706588,-15.885259343594086,1.1728926361081198,1
-2.1349558063236462,-74.84446286217184,1.1011067033454038,1
-8.365430558786148,62.62510654865072,1.224815731491406,1
-0.11393764884687402,-79.03095116181287,1.1813813011063747,1
2.203744024779745,70.38925523698178,1.4221062821469137,1
-28.684546168820834,94.55982706450378,0.9993327714333745,1
0.04973468798869902,69.1491207919833,1.1481680682959259,1
-61.07749075406209,-62.48284627852733,1.1538387309072906,1
23.447418652277474,31.186633450200688,1.0444710904907502,1
-48.37247650847693,60.25898044266915,1.212538321434642,1
-38.69810859048832,-73.99924756464232,1.2613297503429692,1
13.92713362792428,57.15368244554051,1.0108057185259738,1
67.0728524797779,55.63892924344878,1.5974671281213755,1
80.46740951986739,-55.113328712396054,1.291358350038845,1
69.22314102195593,-2.2204942923382185,1.0357110788661374,0
-39.24663698565109,66.78970719379888,0.9994068774041903,1
64.52142037876796,60.446127958077554,1.1637570214432131,1
88.57512821355178,36.05556897759001,1.0050741483676187,1
-52.195948523566265,21.156554010635546,0.9505370404789889,1
-91.78437198940513,9.355621413255127,1.051969111011175,1
49.76246920030684,-62.180600570272894,1.3449066371972318,1
23.828855689608357,-56.44326695868045,1.2778809708676309,1
-72.00658340682641,-21.22155731919215,1.235355782517797,1
-36.687289941752056,84.62655569406994,0.9099773550478195,1
41.46835036943894,24.439625677652256,1.0466383037665203,1
-33.907644406214615,-63.86844867825146,1.1298596804716095,1
62.0838110163071,88.19750629165935,1.0796991787052472,1
-32.89379922208954,-80.26527569098721,1.199627192842916,1
-21.79046363838536,-82.82931960435086,1.0628775401790462,1
-1.1454708278255579,76.50754137301061,0.9756675738138,1
-73.03991356368331,-38.832523512630246,1.162748212775649,1
-90.59969172151405,-21.07059791329703,1.3286319078297142,1
29.01567962087398,-43.3384369947539,0.9843199549381739,1
58.83229431474451,11.39651510379646,0.8373630255555362,1
-36.785832060834785,28.67965113202807,1.132165798441754,1
6.7202350996621165,71.06644204814751,1.2367008635711458,1
51.873279572224874,-40.02448750579451,1.1521406241831367,1
-101.27852498769798,33.932585043433384,1.1829185201318295,0
9.304777026345771,78.14629734806508,1.1598268767133024,1
-50.07298170576403,-51.59750480394125,1.1395418865998244,1
-48.957583488886726,41.14786977073952,0.8583676280469875,1
25.651162677057247,-31.604404829305874,1.0652212542774784,1
36.906803148843274,103.39313921637167,1.396595293819956,1
-7.094741008685967,-84.82970726665442,1.0598284111983334,1
17.582206897768867,-89.37472635635213,1.0618265467912393,0
87.16399831155694,-34.86079939813942,1.0299995043401098,1
27.296444667121403,81.88933400136425,1.2096873343112482,1
-15.935253516911438,73.68942208225005,1.219311414323988,1
-35.80490615012691,-56.80931171504621,1.0309955850639423,1
-36.019353082063674,36.2655397876078,1.125437862818059,1
-37.21149355315307,34.84810117992955,0.765642486633739,1
27.447579607209455,76.1716587359892,1.3424626798581571,1
-30.86619391367429,-36.7381039782886,1.0336674378037534,1
-81.97429466559826,-12.368549516567796,1.3331268626495352,1
-44.357679582989356,75.68410576389064,0.9450295122613016,1
20.28659837718406,13.735183568489404,1.011578632952047,1
-73.9212764086342,1.9850878755545402,1.155528361608147,1
17.05899798012764,-84.88650232995761,1.0841004619436376,1
50.11306949492843,-15.176241631627033,1.0291158880751379,1
-87.97125867466342,53.189892403344196,1.1935175056752567,1
92.74060425713475,16.381279965134816,1.3181250333093673,1
-9.076632910242783,97.81127383218016,1.2717268080500663,1
-64.36215707306992,-30.182490099708648,1.1082239669909102,1
-19.834856699070873,-2.6505273052116554,1.0767849022931266,1
-76.13401340292697,-27.578695547728614,1.1832276877894947,1
7.0235724255160585,93.9066505952594,1.307668102142258,1
17.766808339669034,-56.364561996099155,1.13840786506325,1
3.977751373674143,-95.66680659211839,1.4676641698530966,1
-48.232048153248144,-12.185911718718415,1.1531344249549103,1
78.99210659629883,-32.203827434642214,1.322131385163565,1
-55.382987640174015,-77.74211184988253,1.1709039869912916,1
-53.93140386055216,21.189652466406546,0.892689140300057,1
-94.40797625018558,16.903029998595034,0.9767566944013932,1
0.16422736971721233,-50.327045272548276,1.104903813458861,1
-67.89501089965998,-37.357116719584,1.4583239517027136,1
-60.10149388753762,-27.251114147846494,0.9570357862795581,1
24.846498672954684,67.25211004942956,1.200494184564148,1
34.53049815079516,54.735954445624785,1.2520918736178244,1
-2.8408453779151435,30.138027288646732,1.1083967461041009,1
-86.68029557512027,42.656274203937976,1.0088760134658998,1
-86.13849020892674,18.723617987109773,1.0709718433572755,1
-41.304874612397775,16.02607338193428,1.027889809112528,1
-4.658150877022619,-59.3722758271626,0.8830864636992969,1
-90.48928071417912,23.90822048343048,1.0528289516100204,1
-0.1910790406071093,74.89682007797039,1.1479222085687537,1
46.66245197492772,2.647626115078994,0.8830003992870598,1
-31.70242042209593,29.382182455065692,0.9569751361923133,1
72.8502465294388,-6.795142301010551,0.7962980942630086,1
-79.04155667881244,50.588961018095276,1.0765912492064529,1
16.93508755748148,74.9967833065873,1.0363131563877244,1
-38.4292045138256,-64.29069347139786,1.101861107576899,1
24.200103420298635,-87.37270622605458,1.000914808652709,1
4.340180438481446,-25.103417980008242,1.0813647850688795,1
-38.32356117658063,70.60800497298547,1.0883256911328543,1
-5.799426326305357,-33.15965373606554,0.8920480637184571,1
-6.89573438350988,99.46802319390734,1.4454175187979008,1
90.6204414959912,30.758660676954577,0.9378079078954497,1
15.543084690231751,-91.90771401561715,1.1525811717211445,1
86.09803932936259,25.442276987504655,1.0826928084522105,1
-15.286746257198178,-34.96746443110246,1.1894582749736056,1
42.135227664035384,5.610072805126531,0.9702138393948002,1
-14.198690160454985,84.87050733472012,1.3151885086868755,1
-84.97277033439504,2.9443241348935043,1.2033318972710223,1
-1.4860724771026685,-98.30996093102783,1.1888604518354307,0
-60.46626342872134,-32.131534010588545,1.052845165092301,1
-47.020678195578114,62.00542429587221,1.2871943635819145,0
-62.07247150744567,-27.698242434672554,0.9565221139950011,1
98.77905850813738,-3.749199719340953,0.8640875517148429,1
-66.59540195201615,-76.1681836033601,1.2618714367877084,0
-70.16470312071276,-28.345788072285572,1.1401257089108283,1
77.12719297301018,-64.08832835146471,1.1135372755794897,1
-13.39726848888305,-57.75799255965537,0.9044959213416979,1
-13.440302082069072,-73.68890311159277,0.9356632502834141,1
-45.603281017921375,-83.31068297075511,1.1471195866453334,0
-76.28426557671834,-36.06943497447798,1.0409478124852185,1
-77.34201541373952,-42.236686427532355,1.1036704568620181,1
-63.560931249571794,-26.543402979574694,0.8265671448966878,1
-87.78164922884658,-42.58430374486325,1.4840115250283261,1
27.70492677673823,-99.18728082714868,1.2492621684407852,1
94.30666669075259,51.54254389709995,1.4419772146842254,1
19.431591270629077,71.70001293892423,1.0338979437557114,1
-41.42740358458007,-82.66024506974829,1.438914997333092,0
22.27318266886404,77.06091495722733,0.6727087000925297,1
46.55544596859383,-82.84406447655456,1.4702736324929182,0
-12.59011019757844,11.188677116762008,0.7652548068158888,1
-64.56495982770697,-45.3474763888693,1.2740557325731772,1
9.85104911929982,-95.45977713405034,1.3069625161787917,0
-94.2850321014775,0.8116701079757389,0.9778112379049748,1
28.856477568467575,9.019540015784306,0.8861942347895135,1
-79.39464467176384,63.05666605189283,1.1590854679611733,0
-26.166414044620282,-25.284452244287134,0.8236647613640419,1
-37.99957863318623,-66.2610574211343,1.3562339150041962,1
-6.186000492035794,80.04201215527063,1.093082997945788,1
21.111056503665495,-60.70995387475478,0.9841193504434872,1
-99.40827336074881,-12.494774613849435,1.042386073664813,1
-13.303034343220235,62.42101220087056,0.9842444229831123,1
72.41193334813572,-35.933655693323864,1.0612526589300766,1
83.09472730401767,-26.42564654139835,1.1580120465884907,1
68.34494014290465,-31.77765707769947,1.0158096528789373,0
18.851319112445506,69.8833218094919,1.0666814290327336,1
23.489999196686277,36.910101343941484,1.0465711824426118,1
-65.44806425061543,-67.91458647285232,0.7803861056507144,1
-73.40707321299007,18.70687397548692,1.1107292393037647,1
-93.79199556121607,-9.806022648440708,1.495202242170308,1
23.562305781531403,10.778501580913302,0.8945272111297623,1
-65.10827686227655,-18.36244468293577,0.9964681360784848,1
48.119176975255115,25.86678661465992,1.1671443494528169,1
-77.50436331478248,35.35803209249845,1.0067627456647563,1
-64.20968321791474,-22.188993482132503,1.0228513465514468,1
87.77941230917263,-20.506929154886596,1.235602147203173,1
-25.652833762573668,-73.64640979417521,1.2812087854799001,1
102.97268739934539,14.930353334210837,1.1347473645277741,1
24.36183376568096,95.09629061203542,1.1050786238653092,1
-56.47804855080627,68.38298555389943,1.3097738946054278,1
-25.34964072518135,10.811196732321545,1.01405943231057,1
-32.65680891248805,62.945993481938295,1.1186984692583308,1
-60.208451572310985,-2.088856895525843,1.2017105216828827,1
-61.157686952166365,67.73960764748776,0.8951548550902862,1
60.00794365105596,64.91061365879014,1.1703097367357602,0
70.56158593086266,-51.420808056713156,1.1572749703831475,1
36.5352464792353,-79.28009482062467,1.0711615036157456,1
-72.60512525306183,-36.43320469338668,1.1592751572357332,1
89.34412930378265,-8.040096034313006,1.2532445841174273,1
77.34087603725104,57.57839084476256,0.9824907411290614,1
55.083991877774444,-80.77860277825862,1.258485496517096,1
76.43697068973262,1.1811536263791618,1.2063950474540388,1
-15.48325003483609,-88.73464092193741,1.0425644878072235,1
-16.895285943762847,10.225209242244741,0.9980272880747837,1
27.890417269060926,-46.95750301142075,1.1494584487063384,1
76.65980098705451,32.14283107685409,1.220300899458495,1
34.97506027435891,6.258974843321051,1.2014896457945745,1
-13.154883484411519,86.55485731448869,1.0478312090052926,1
33.5695371240967,5.369969034497947,0.8311563887381863,1
-89.69097410062817,10.28807430978986,1.3763999314155793,1
-67.21853537932847,63.75674980425913,1.4029068964855074,1
-59.82266269112774,38.56909347833542,1.1022386608734784,1
-61.60184719107697,-77.55682762750732,1.311997990622415,0
-99.15385911682027,-25.328086143882583,1.3264998970781527,0
-58.42234328657824,81.93451650261704,1.2388950870559245,1
-46.16504292668063,89.99578827261114,1.1928188677313656,1
37.8591689334304,84.58417309039261,1.2017406309021188,1
16.60034789618531,5.106244372353152,1.1468311881848658,1
61.76451431941958,3.785804449700624,1.1616969970927862,1
-42.89433943722049,61.772215174333944,1.3862350289339445,1
80.35343595686801,-16.38641568894414,1.0100143372143287,1
52.88985659471411,66.35776142861691,1.0419403191875767,1
-94.69927683907073,-29.250642900211083,1.3561266610951344,1
-81.9832977860209,-26.32669111459143,1.0755783185270653,1
-52.780440281138944,76.6610480657981,1.140477889043952,1
-43.37163200743474,5.890576445382851,0.9240500243929551,1
56.95912760225336,-60.35374227630152,1.4131327700115046,1
-11.328869962951838,100.81549936727855,0.976908482058525,1
-27.89519179910786,6.97081386849765,0.9865884931615014,1
73.41214692224537,-8.059101371342685,0.962207150345696,1
57.11233160495561,39.57190184509725,1.3387163080079971,1
-64.83735845279624,15.57071909141239,1.1206004362401334,1
-43.69888625440045,-27.62513244332916,1.0650296026099237,1
86.84897283352183,-5.047437843916057,0.9874785365259939,1
20.119691842649903,-39.23939900127145,1.0262528608855501,1
-61.86149696099757,37.62031268842028,1.229579419718433,1
-25.86503668158421,-50.037163968734795,1.1686603758546381,1
-41.596600993117654,-39.38987288705857,1.0675704736596112,1
42.66570549761343,81.73054306993966,1.039781913324888,1
64.85463458001672,25.803697808497965,0.9603439518851321,1
-0.045332639009281625,106.41703676138226,0.991475504850426,1
-50.08150454628493,13.79573931889507,1.0674800273873677,1
60.97171130598406,24.43153977999216,0.8893423754443878,1
-53.36304662614956,-58.70369952148581,1.0481183374057141,1
64.93838316810714,10.561260463778613,0.8789977214945549,1
-79.00548274618826,-11.990038580318295,1.056741708446025,1
41.57869650544172,-63.358162926641825,1.3132558007718982,1
-19.913769070679617,94.80625163159915,1.2113670137721062,1
-28.66024571844985,82.35628816365337,0.9623097417476733,1
-79.42545017008973,-26.78092315119057,1.0275704245208794,1
40.31114016202037,58.64940474392307,1.340120696654884,1
58.32240369173255,54.48270492559327,1.4902796662012405,0
-68.19819355763914,56.57004265246779,1.2600602911662389,1
-29.118665123630112,-14.783138657764258,0.7293779455810179,1
60.84567677071685,55.0095922443477,1.0275160934951837,1
22.04657899671547,100.74687360677066,1.1741800393994273,1
32.33942134941902,78.57104658964452,1.1482605178940657,1
10.996469256968158,-3.645509382017708,1.011912414130264,1
71.76181852824479,-9.904130659233191,1.304857441366013,0
103.418631072679,21.116321739351154,1.1386131976059342,1
-0.2924399653736072,95.43402275726787,1.2338300702923266,1
-5.674318319728409,23.038862818299627,1.056379429939815,1
-32.419862425059215,87.10774276292213,1.452437212576418,1
27.37446961586606,-81.44453035655226,1.0023374250234056,1
-63.467827913656926,-39.42299618925905,0.9341276079400511,1
48.90350904828482,98.4781476023579,1.1230961825167864,1
-0.6435937461890506,-82.54597895200385,1.25775347048922,1
1.5762835496237275,-74.49024370744779,1.0640800595692277,1
58.92366894150444,-15.144638789887916,1.0479587102635808,1
-55.423341600859004,-12.819613175969966,0.8314692061805993,1
16.322767540985286,53.612161321219624,1.2728980093620452,1
-27.660406536187544,77.90175023695193,1.0471848963565253,1
13.568774633989394,-79.36446864795495,1.291856149251075,1
-81.29509674787234,47.17924320494579,0.9459634980162331,1
-76.55915260747976,44.91449907213814,1.312668059996829,1
42.97884499511919,-91.15771492074738,1.4838322006019273,1
-2.9067247107740166,7.105327070780943,1.0778282375580008,1
40.523823773201165,-14.336521159625642,0.946094343101343,1
-25.386093939969808,-83.96340365436392,1.1220775203793925,1
72.48713219637465,35.787815502799866,0.7419803801618348,1
-68.87755538579366,-16.18187422080448,1.2201940692603879,1
-38.92277639974813,-1.327038498334049,1.192974435615541,1
83.40387812455549,-14.55933256181507,1.1411113047225452,1
75.56344871523999,35.38903373183584,0.7384941395993065,1
50.16121267290151,-27.72688961495406,1.234222504871879,1
58.392151405399225,-9.724243218347901,1.060043858220392,1
-40.93881000977897,-88.23888555206595,1.3572075664110521,1
11.704336862994765,-62.02018270257703,1.4069831198333231,1
22.618483502614207,-25.26323211074531,1.0724357545236043,1
62.9717486900032,41.85777750229744,0.9980454768273318,1
35.00120750403018,48.09834023897715,1.0659749567259558,1
102.77984515753111,-29.109231576360003,1.0960550105923565,0
38.54669643255232,-82.27861577274246,0.9864832125157789,1
40.68172719276125,-81.8031764642078,1.1062523626486724,1
12.407809959423451,58.7947566302377,0.8898758875607734,1
58.9900783139752,-60.922460838418,1.0807723567124286,1
-92.1096368488513,40.36566746539709,0.8241513120247576,1
-26.939657562086868,-18.67438064600095,0.9082687470872597,1
-44.83776736178713,14.296863151898995,1.2362571145298873,1
-89.97445783008182,6.253073457406408,1.1557539071019682,1
15.626141619172884,-43.0871495921393,1.109766656216506,1
50.559831675795756,83.69859684290606,0.9692700882423597,1
48.2713939987065,-72.61075454537351,0.9516914684802789,1
60.43480770135343,16.56881289531092,1.1870669175254729,1
31.044591181304945,-75.21555909409422,1.143960183484833,1
-66.7840531450591,0.3847894281231659,1.0943438048233323,1
-87.48399341044599,21.61300230413218,1.3991509600997778,1
-28.31097379069347,3.874133255568571,1.0231715595747133,1
-41.460986596599255,81.74318043702068,1.2176855909468811,0
63.914978054260466,66.13859991078796,0.8445674838266347,1
47.48827812421829,66.67836671852447,1.155045382467476,1
-66.09757587118892,57.83676121905941,1.1859773437779482,1
-18.99279018358923,-62.66231953026876,0.9884228968203042,1
62.33148976249087,-10.869651699990795,1.2013734238689435,1
-90.48331255162047,25.8719846917271,0.9531377040070723,1
-89.31770445538419,19.726074682965688,1.3960927698585637,1
-50.79419876976099,79.7486700257893,0.9569894349818124,1
20.80779982196466,74.93425969883008,1.0413760662354854,1
-26.082267185282774,59.2977584499676,1.019916954834086,1
-19.09941761430794,-92.15491703869841,1.2016183215867784,1
-31.846115412930992,56.73335328248165,0.9819998226647917,1
11.312522387247745,110.6785367087614,0.9394823932571812,0
-56.819365037003294,-56.98155863124412,1.0773820817205786,1
-43.2192847111877,-67.68397667158627,1.0479511669648367,1
-35.23347396228778,-21.94322853883607,1.0614332880591075,1
69.9185812865008,-73.03006986218405,0.9890723710801107,1
57.334944068393085,-36.755525933672565,0.8310775026423023,1
-73.00733894739548,56.00881834786212,1.2292183466844129,1
2.296326410911962,-86.14516645856861,1.1366385523477458,1
25.248069751812526,-95.0587963121213,1.5099352242850035,1
-27.36736750242125,-59.27925206674853,1.4503685810569942,1
16.78476856204835,-60.48044119045567,1.295185208880325,1
-19.742995857817338,23.24787784883645,1.149171335382361,1
-63.101518372614265,25.009313921886566,1.3793063978365536,1
-0.7194951529033311,-88.10798385327966,0.8202578586832218,1
-16.034065530056306,60.66040424607021,0.8386650463563025,1
-62.57618442739534,15.012099075923201,1.2578298122931837,1
-8.278709565213108,-34.56184640120762,1.0802700435240506,1
95.6760730670694,15.473609156856766,0.8166911096621133,1
-75.23394103477484,-69.12779455777373,0.9843606714786847,0
53.199886933944775,-2.6385560785589375,0.9129313462101745,1
-63.87973802266719,33.654290514094285,1.2031421500662705,1
68.890500414442,40.15827381648416,1.2440857756652703,1
47.35920626056033,-41.34972565343215,1.288573068132062,1
27.878406341911656,10.347674846211099,0.877414583196809,1
-21.08460014083846,78.63100079957863,1.0565336664568825,1
82.88751269998151,-20.856818330446355,1.2656423921046953,1
-25.2104138721013,-60.11207931099468,1.2827407608815469,1
98.32618029045192,-2.1306340334363503,1.032239507154567,1
-20.27862274176479,54.02500111336844,0.9051477585000798,1
-22.94233305493933,89.40808838505495,1.2425530756435668,1
78.75100435969,-29.947611491644068,1.2827776285975667,1
-94.16399776478816,2.777344128291159,1.045046832199105,1
59.26962984853302,20.477535824203265,1.1894147074381254,1
-18.93432728188862,-94.40240596513084,1.0924606883629042,1
91.81386173381254,-32.56896521929866,1.0517515091528924,1
66.80923936217262,-60.34517675092722,1.180359332235005,1
-79.38088380286898,-49.39066114696774,1.340707570923673,1
1.0477706187957456,86.72933830223262,1.072829719618092,1
-63.79368958935896,-2.2039987634255405,0.9550240533831056,1
-30.10925705346711,88.37673575076585,1.4080098195558401,1
-63.21658214938578,-41.18740017303567,0.9779562634652845,1
18.032332000218272,-61.53772414219106,1.1335438754145704,1
-92.56262038705246,-25.43511519243427,0.9413041962360522,1
-42.33801820884722,-2.9946208004368318,1.0067119756991572,1
77.58014509982947,-23.393380832588882,1.0184028195465469,1
-19.738090849722564,105.50334135402016,1.2504018145132831,0
-4.66574672027907,-47.905084457663826,1.0300374714253322,1
13.848327980540509,81.54632907867601,1.2815763346951514,1
37.81219605440462,28.13544504071283,1.0404032324482078,1
77.28544691078503,-44.09633362046807,1.2247010720768876,1
44.46042379688359,99.51314250285071,1.1992497129011335,1
41.59986735235584,21.22843161771956,0.9563359781082,1
15.424716132818633,81.42960995015565,0.8486341008553452,1
90.39793748044255,8.919772987436938,1.1129615636429284,1
-28.57924854884433,68.92859133430159,1.2191305495618416,1
69.68426603474181,-52.78664248928812,0.9171754250420883,1
43.60458928597386,59.91915845628646,0.9065740652165508,1
-17.074562011898227,-79.1025531548627,1.185965473792421,1
-72.45255112049657,77.8264103338283,1.1162566351585548,1
-28.459183160899833,65.72737425836,1.0830759393612959,1
24.165753329127753,74.4282921396916,1.0989494609761195,1
-16.726521590923102,-67.34474631175289,1.0399499757156094,1
21.35368775732875,82.92204846732086,1.028964769848835,1
74.22126321182392,-6.199727265920679,1.1379603036392498,1
93.37794329813642,38.660966093600905,1.292359936320837,0
-45.76601903821282,66.16997319370915,1.2688764983418634,1
89.93280923721103,-32.84685691076462,1.0296736442779688,1
68.69816793047659,71.37032826097945,1.0769833262917952,1
-50.054979379357626,65.41702980531046,0.9717206987768784,1
73.98333246448593,-37.251281303544026,1.1572906818147217,1
-46.773683604614476,-84.87721852153304,1.358425128572169,1
81.56067079994352,6.787949367700759,1.0262055013822808,1
-20.45876009573827,50.47457155381967,1.1612603952796818,1
82.8205648364799,4.269101280230923,1.1563146284112014,1
-15.688414683765071,104.58576656388028,1.0936942107567342,1
80.54723009012638,25.308771785921056,1.394294144081226,1
94.2421288951597,-18.698028082554085,1.055768277448788,1
29.47946767831186,62.90497592835344,1.1973663963767893,1
-52.602638771579315,89.85217936104371,0.9828591609407007,0
76.19075685617686,-22.455808443158578,0.9351810828385437,1
33.98373107049256,-39.59763250820388,1.0713645274157653,1
33.217002352651804,-60.555961401293914,1.169049348739508,1
-47.480552778060414,-75.17879521273296,1.0509413664133833,1
-54.66751644253915,-24.695404073022765,1.0481695624771776,1
-70.1704000031551,-59.6311674848202,1.1455376291864656,0
70.83091513909427,80.88409449585905,1.3904824602300065,1
-79.23224100810899,-61.38390831624779,0.9756533192153363,1
-50.987097858971495,-53.721601431296214,0.992798480760154,1
3.4235265119302287,-23.938300022726054,0.6978500610168896,1
2.907688798571966,-22.860449864634734,0.7070346055659006,1
-38.93364840994897,68.53407268087633,1.2897420923651757,1
-45.36997177082111,-71.34406043280828,1.2734161712170697,1
-35.42086925136658,-61.44556869091786,1.2315801991938358,1
6.864080914832572,72.94579747580238,0.9978523276984009,1
-72.46662341958223,13.945208634530463,0.7127050099442164,1
-92.09826507965171,6.439324797396658,0.9257145218057412,1
-29.82609132558155,70.60057792624582,1.0084894341340676,1
-30.68113008148344,71.8650326336708,0.8855211533066885,1
-52.172682393916915,59.92930433263618,0.9256882758370406,1
-38.48966477988808,-76.36559325542062,1.422396148622589,1
51.92406746537098,80.97146570668316,1.0843703110009906,1
90.12395297628076,37.04743257388138,1.0465117281288534,1
58.84479241471587,-33.944489108212515,1.2482926217462011,1
-78.41011757298507,66.47299670068676,0.9828070810372802,1
5.1831502434314425,72.76184852748322,0.9955868314018917,1
-10.416433052355487,-72.21874573464649,0.9263072400729516,1
-69.73797949776962,-10.307016738780321,0.9445351167407844,1
1.625510456881925,68.13471401042447,1.207823617348559,1
-81.70433193293329,-44.8647295092158,1.1570313988953913,1
25.234831888914513,25.338554438209584,0.8600310911952891,1
-99.92901492114177,-3.215890138702737,1.3341365224449944,0
52.709692687475005,7.167390222773017,1.1599813104636478,1
36.33951359195312,49.19807688146372,1.124402212929829,1
76.8309730537038,41.35232544075242,1.3614818298906628,1
50.049653941997605,-81.5560431785134,1.1592394697256019,1
19.313055795427477,-63.36790615640794,1.2306905122104075,1
25.5357444824909,-82.3214962091315,1.1557896298380785,1
-55.053912338478874,64.89939117272398,1.3545350899772906,1
-27.887933223023012,13.755969490914167,0.9696737271354461,1
-36.13722429259691,12.333539492026976,1.0762581721992979,1
37.551503284802926,91.1196240008878,1.2266476327490154,1
48.91828900876187,-10.46825496659421,1.1170121323560502,1
-26.946253952283254,-93.58078891955735,0.9403439385702762,1
70.33598938614588,32.41070359097883,0.6694143184205057,1
-1.981200424756434,-63.15257120373218,1.0717190031550985,1
82.90533761215667,0.6600787789861615,1.0011117870649233,1
-62.72369602735229,64.38854615005498,1.1885553791215921,1
85.25129197477779,27.26606514594306,1.1024769836438453,1
-93.89961444571655,23.063178923337333,1.1472359889105095,1
-56.08238951540323,62.02081977330175,1.084106028392213,1
27.590318161737056,86.9277797073076,1.2378353038775134,1
28.012364205797198,89.38033567369365,1.2868982894026504,1
-62.87288736602512,-13.333727750664687,1.0750868101904756,1
24.055631558985382,55.9751426731695,1.0300884679308293,1
-9.072904515783938,-55.216661536599844,1.0374081466820997,1
-58.413182851023116,-53.382438197519505,1.0165186243853326,1
-68.13741253368663,59.07727059893485,1.2357289876515545,0
-36.51131957297745,-65.0128224320204,0.9777695967156913,1
29.41790601843104,98.98267000752183,1.3332855574959386,1
24.323464855169345,-24.445739405151347,0.981357221386644,1
23.436974367799856,85.88782738146362,1.0460651837040589,1
93.04556860557165,34.877604172200584,1.0495163303102337,1
-58.74910018666407,3.1959510501545254,0.9394945181302279,1
-63.25121033589404,-59.68581220794876,1.1822970196843503,1
-3.0643530657364035,25.812004658012732,0.9499416365773217,1
34.77287092030874,-67.83068038955415,1.281770246217182,1
-34.63623140909765,58.22987004406194,1.0932501738121467,1
32.85170022641392,82.28325950663712,1.1420456847195763,1
-79.6459525399564,27.901365760375402,1.1259650178944909,1
-71.77909109282628,-18.98233783402704,1.225739913196672,1
-89.06640054652092,57.994039855899004,1.0606145899897907,1
63.268864294358096,-2.5849604082132194,0.8598784723861652,1
40.69414595083635,-0.20245843756633908,0.7941471733015784,1
-44.77388333965886,20.61854599071475,0.9888758789819025,1
-10.327748250826152,-89.52840654223724,1.0810338845863403,1
-7.580943717762213,-95.83354074073213,0.9716275383912776,1
42.03615616556189,-25.492409552997287,1.0557122784255741,1
34.099785412960955,63.03206022899031,0.8091927178090352,1
83.96114881633578,33.77409140470205,1.3818829599708908,1
74.6396773161277,-46.53651800632247,1.0877125182684533,1
78.84005562734134,-11.46452616133862,0.9077116771055427,1
-77.00272537228054,-11.633440867439244,1.0965678168164001,1
26.277819745714996,106.71969879241485,1.1263140119121957,1
54.62099674688114,63.723190669134965,0.8363313414070352,1
81.6866561167032,71.88682940127627,1.5337776013072415,1
52.43329215897775,23.24897724720253,0.8558708801318342,1
-6.946941218263046,-62.08082693502778,0.9579295385131531,1
38.58059004410628,-52.191581575352615,1.2182944118485852,1
-4.51830367808485,-46.111338946961965,1.125372642136514,1
9.054347808227936,99.25231766886881,0.9278466984210435,1
-57.425498837593715,38.283665891729136,1.2245846172800758,1
6.566783142725156,-64.42326134205697,0.9811747935788038,1
60.29593473257503,-65.21123109639166,1.3354624093334266,1
59.37008750089111,-50.30564220682072,1.4754197980639583,1
15.474512989167316,85.2214447307749,1.1755654089343242,1
91.16267153033,-38.561714465573345,1.1012052538918131,1
44.05399192663983,4.000160954931981,1.2243432962435041,1
70.43413025588143,-31.288243946644076,1.1214344468688109,1
90.04041937197773,56.62939621837874,1.3330397069289162,1
82.03738592271876,26.718378654589536,1.089304609245044,1
54.96629326005032,-70.72417803516305,1.2490605009562583,1
52.82301317405729,40.80373059720163,1.1484136353675658,1
-80.56330820029692,-51.464383922053074,1.3985730084204138,1
-36.24984092522527,-75.22246140383596,1.1804459916066736,0
-27.13174444460595,-55.496750000330344,1.0492415025125184,1
66.12941139071968,-22.988819615668866,1.1826377736672364,1
67.50805694176672,9.878394155023072,0.996774939044835,1
25.699807289692785,-70.8294174451383,1.250822782387043,1
92.8979609091712,-25.486511604115776,1.57740215637142,1
-51.96764186382375,-37.93052352589014,1.2203848758533724,1
24.7266750445858,-44.900989706535306,1.1882613751890152,1
-60.924032392195194,82.16986790613659,1.3516458375621334,1
-89.9827329170141,31.33807557512633,1.4122474873759705,1
-3.251066671855746,-77.06673930863998,1.3386776863601708,1
-53.12185304140868,65.90032399037862,0.9943507738426637,1
68.07774518600104,-30.102326825341386,1.0138627313294448,1
-83.36627870043601,-30.91508205378235,1.2503442145142916,1
28.508420502008654,-79.9122046196201,1.1026374498721692,1
88.90473355485878,-19.041422643357624,1.1068422484470377,1
-24.690288505115355,105.49530728903737,0.9913007858680423,0
55.90676276810929,-65.76318323371189,0.8672630050589643,1
-85.08556860675344,-10.286816803966454,1.0859368201001431,1
29.452882226914255,-48.75391994157296,0.9056761774815754,1
66.08098788995974,-55.686313763599316,0.8190776395775867,1
-11.304893518585818,89.99631048683501,1.0047622299974042,1
74.7203101137732,-60.31574285830845,1.367571975749417,1
5.009458627633776,-82.43009101907764,1.1769644021031413,1
-56.63917770041217,7.568742832635823,1.1445693786310915,1
54.65232960031403,-57.1824575150197,1.1699913288359762,1
-42.84859862398641,68.18028906996321,1.2041792092725707,1
16.501969474654096,88.73663030945698,1.1532253154716428,1
36.394849976378445,71.27527870350065,1.2479778092322575,1
0.9010669008278771,-84.15014973544125,1.415554163892983,1
-12.026118835786464,91.69132290951352,1.0379330813087975,1
-2.6319596883625502,-12.183532692745928,0.979253027534486,1
1.8343961464345178,-72.4529509017206,0.9829228560343845,1
39.385396765139596,54.863826360986025,1.0267962691678356,1
-10.788448518511041,-68.58413473643154,1.1829268838245075,1
-56.65348522471153,-63.3107950246874,1.1936161749030259,1
-12.798265517587117,93.48277332676727,1.0748549985284575,1
-26.351658408068452,-86.28047696003125,1.324844405081254,1
63.119371278859624,-32.19252101721518,1.2342673620893119,1
-51.00466324650205,-64.46212379592723,1.027814816338993,1
-74.26703642379545,-4.005156047508236,1.2090778840244558,1
20.09763568329143,73.53980020292424,1.1574734359432517,1
-35.3995279889665,68.33200604448034,1.25230206366887,1
9.868953606975781,107.78859670666822,1.2217626329425382,1
64.33750046927891,-22.11993239299372,1.1455044700049728,1
-7.502794176565959,95.0126053733996,0.9927346706086932,1
-49.03243419430973,-52.42334522138001,0.9078150158201643,1
96.54922393487486,-21.52651714227027,1.2148854008262817,0
-83.58101318929607,-54.17325027132518,1.0296442495482627,1
78.60273549823007,39.85254112541174,1.3567943239999778,1
-19.817555056097806,69.66147850497244,1.186672833730711,1
-22.50482197817145,-86.87555828491942,1.4352808944810054,1
-39.03321549255394,91.1109245262876,1.0405073574431691,1
-58.27223991044574,-38.14710522878508,1.2383222794540585,1
46.39052756834944,48.926454095541075,1.2830022808126718,1
-31.105557479170976,-28.186822522100627,1.1580369800560704,1
26.307468037135365,16.20009596201035,0.9020543869055019,1
70.8297951562482,-60.03876043396172,1.4376357467352503,1
0.9077032691466813,66.19397605839957,0.8891333185837225,1
32.5165390070188,-67.19156347274765,0.9288204354979841,1
-88.77911335906796,38.779965177839614,1.1129581007373732,0
38.23356366058433,82.2192780260122,1.1823539173599877,1
-69.87978304016302,70.21065797241432,1.0364578415429353,1
52.569093146011326,60.522327264840534,1.1286328099050718,1
66.14200449927642,-28.133604187634774,1.4058735495228327,1
18.11520972319864,-38.83827693981149,1.052964205921351,1
1.2698673429026774,-66.4611204325512,1.0701376196310286,1
-26.60840405439821,-75.2587893498451,0.9976914467766284,1
-29.178571962898022,-79.18344129813119,1.0533704347360078,1
98.42025257511162,4.381586224054994,1.0348407609428314,1
82.01687714592634,-35.82285132982029,1.2922719851120728,1
4.439624309490673,96.37985715956196,1.056698081717747,1
99.31558620662977,0.847580238625232,1.1042112557309527,1
14.325579528268113,-34.820249754655876,1.1704559957141434,1
-42.979722666083674,99.50419025901276,1.0888818297646556,1
63.37500003139861,78.73429592078593,1.3719487335462486,1
95.75491695958544,-17.15666873177232,1.228020257341614,1
-9.772636645067776,51.73616486318523,0.9592211511084631,1
-3.107174632094687,92.57291546746613,1.0272290618860953,1
36.100089058898675,39.45618580437685,1.1028226820044618,1
-39.107444033073655,-17.50596843411651,1.1491058168973742,1
-32.66673776474471,27.51919755791321,1.1027161297918842,1
58.00337827496134,-73.46927472943463,0.7114161106923271,1
-89.33471253919755,-14.481475168436365,1.184633774507215,1
-19.487013360841004,90.83293136473334,1.1310470635620797,1
-36.575374763365744,63.426865939412956,0.9980144255464257,1
66.61782411210989,45.147717397137164,1.2250107042097163,0
-10.07943080654399,-82.88862675699245,0.9948812394140452,1
-23.165422971381485,32.037842635127475,1.049303724596259,1
-6.759540913921605,-24.712569645334284,1.0168130458256628,1
23.32692727281604,2.888736243324745,0.9576240654904332,1
-40.59305445888147,-60.03016627987727,1.2428525811343913,1
4.248302748210813,75.66992148364514,0.8235151574753892,1
44.71154054093565,-42.37084399716049,1.2418584406415647,1
82.43544973041611,-8.853891789227438,1.2273668419035493,1
94.02274706271596,41.088914533359215,1.113980032799041,1
-19.758881042371925,-86.48123325872322,1.4176846028503538,1
-81.62610022516334,-4.8782842575510985,1.273808419906602,1
-30.05603965549734,76.56966057661884,0.912586561708457,1
-59.6109874833329,-13.08123248096611,1.2012343754228563,1
-94.36062882722032,-5.960205008567058,1.0960711078323637,1
-71.67228156289742,-44.263597911673635,1.10727379562329,1
-4.573367861851268,100.06116025308869,1.0455449722133956,1
86.5100083282024,19.188239442300297,1.2847382488911956,1
55.89993478552099,-25.1661230250453,1.1477213108630668,1
-9.630729686740162,-67.06220093167386,1.277428099402506,1
90.3680585271273,12.58450670665153,1.1432663460953683,1
77.39487257518282,-61.1235855576868,1.003744699075435,1
31.512495125902735,63.969153568583145,1.120833142057119,1
87.39436213019596,50.34230377682383,1.453235337550238,1
-64.6098722104888,18.23113540231621,1.3174462769085777,1
6.8691915936977015,85.9893679006121,1.2166595589135956,1
-62.685202863466586,53.57778679897394,1.0200436602422338,1
-0.6266570686577501,38.145359260634635,1.1561622678136887,1
-68.30930670174568,-70.04551540373275,1.1992044293236916,1
22.786170879982823,81.38378103215943,1.5161884176317835,1
-69.06379817170044,-44.823774375176214,1.3088384535889828,1
-25.309573137671254,-64.65872209197671,1.0319933705747593,1
6.346327040770318,54.24571461599178,1.1057985569662654,1
-83.43203901010997,26.71415874166926,1.3097859202961373,1
97.79338877422501,44.58309722481581,1.4152441411999341,1
-37.858671290334364,-84.88027073252195,1.2327325725219398,1
99.71274438397874,45.787743149926264,1.03120971362344,0
42.1956688739475,-31.722520191943765,1.1178530825259947,1
-80.30517266967584,7.645216237624552,1.43987140587225,1
78.04159257765927,-54.55904315032067,0.9793974124127932,1
-66.61733261636977,-26.50759400422283,1.1948710443499615,1
-34.69348413131721,-58.10422634275464,0.9862029398958647,1
-79.8058581367863,-31.147017198733813,1.1026972839046358,1
9.477647941837548,44.76060179371254,0.8677791047246717,1
-19.40802794589294,58.56033885012936,1.3123588633793248,1
-38.90757075028806,-58.74518357998496,1.1397723144029244,1
-90.16777839199818,-28.101482635374055,0.9812251241276656,1
102.07348424050954,-24.048114213805125,1.4340015220858637,0
39.71720364892888,-78.75633221331016,0.9285697984055579,1
-87.02923847080453,51.37245126417855,1.0652919503962757,1
10.957546457672647,93.64047054514383,1.000093039829732,1
-13.11422338227402,-87.87359783279469,1.2838365399002978,1
-18.685774410885628,85.73238387482255,1.030261202701189,1
-28.59585408349279,-73.86556072332866,1.4663875937059538,1
8.335817905124943,-78.88973048412647,1.0532989851913415,1
-32.89132231667983,73.83655026358709,1.0384903606113207,1
74.29646206006285,6.442034665801683,1.0198858937783655,1
61.37525749476127,-31.397840091859415,1.0783184871959657,1
76.3572143355398,17.31472470309506,1.1653532064155856,1
-11.744872744685503,-58.34177309203653,1.2253109947152676,0
-87.9492307292197,-22.75182930606738,1.1002246481866376,0
5.3135789934866615,-58.364238156762,1.111589396037507,1
5.525975969072877,84.2894449362119,1.2581796073172973,1
59.16732566509437,-74.98632975477652,1.375464715817895,1
89.19418943895307,-24.21402913293547,1.149624748052332,1
12.002191929528616,-6.423804641986172,1.0848944500465942,1
80.44187904669984,28.008959897882033,1.4025120431521934,1
22.219469205836216,8.773198961208502,0.8608987590809247,1
-12.266306750371688,97.77871745475925,1.1452898724756546,1
95.50823414588345,-6.186814332384683,0.9796663753341457,1
-94.15363136988968,48.81764777906359,1.1052131244401204,1
24.193877807590386,-51.07869479235818,1.0764172425881593,1
-96.82333754661207,42.14991852571821,1.069615209127089,1
-28.88085680013949,86.89966047986778,0.9004880614088653,1
-79.19805971345492,42.248080192417035,0.9912178157784012,1
-81.02675897744709,-17.969391443760983,0.8502755169170659,1
56.90046183412371,-50.527127350663775,1.084049563482296,1
-38.96985121715262,81.64006105939572,1.1386132592082452,1
39.427370965021396,-37.937582462174646,1.097732811802962,1
-38.42750667447704,-15.299384719087083,1.1096900109322732,1
43.686466024210816,79.91401926364131,1.2456434208771394,1
70.32206367350904,47.308430969869086,1.3872860252128807,1
26.022893944995722,93.26447630394918,1.4051096091476536,0
-53.22898865539948,-35.50565226653793,0.915626290184039,1
77.43690919842199,-2.710739434136661,0.9148164496387865,1
65.33153990920013,-51.15892815101621,0.9366695645767296,1
17.006508755573392,91.85346494825713,1.1041021381513938,1
84.01382433804905,-22.895418876367227,1.321146238656047,1
-17.57845944685995,59.81806055843258,0.9711452568380311,1
17.306729078614577,60.96163939837236,1.1206877900342358,1
-32.075201037297454,-42.313813451367146,1.1986890625804338,1
55.92967444301661,62.527629884545334,1.126491629157519,1
96.21416478208636,-1.8757226834738845,1.1506557013081546,1
-81.20293237976784,42.09953129552426,1.1155139167724757,1
51.17319601875469,8.195914873717738,1.1757492410041077,1
89.07573274411823,-4.783217878488894,1.2971962921517721,1
83.62818921887502,-40.00000273632316,0.9763905443365926,1
-84.59870426879627,-22.414533887358264,1.2466411683736134,1
-72.34038599563092,-53.03028817877477,1.2970487656250556,1
-42.03422798996602,88.23652889300435,1.2955836245639876,1
61.93460695234098,-27.0367710844227,1.21980949346723,1
-4.027541916940901,45.0481748977266,0.8882138769063507,1
-36.56628679005627,-49.9631987173071,1.2412398431754623,1
9.1083876258394,-22.504275474913914,0.9967664454495675,1
2.2710052168156727,-24.06864469300686,0.8167645527796877,1
-84.62257691903083,-20.1306123103104,0.9449892496674881,1
-35.069586323772604,37.70618791634745,0.8335464277275739,1
62.18554105992038,-29.57984132134361,1.2866046032056129,1
62.114908284375836,-21.342620480443703,1.2653686643041138,1
14.392944305654195,87.1658373638494,1.3600056327109427,1
67.46204366050164,33.14051805401563,1.0945900791648973,1
-87.99860371038667,45.05550386000377,1.4973687702088996,1
54.7390446464375,73.9653232722037,1.0563399493382264,0
71.47308712163756,56.36951239049732,1.0560461026267765,1
41.259101400426275,-29.044659907902933,1.2210844061800508,1
-83.35985144844979,-5.79898810457902,1.0655547140049986,1
-65.36515269999302,-12.964570662730907,1.4655305849463687,1
-78.69895723216476,-7.498486777646142,0.9660380060760763,1
39.79451430853473,85.6693926318172,1.1920592018583713,1
7.336363825214652,-4.941638598558246,1.1082966988043457,1
27.916561671495256,-52.94645787833481,1.1497878211957733,1
-70.45874989908293,-30.455533536766655,0.9193964639511527,1
-80.60396376530205,45.55241623384806,1.2874207837554579,1
89.89917864119305,7.076002733593752,1.0500847098171084,1
14.789106820322903,72.5310795752156,0.6701839829520945,1
25.330039900580893,76.33057219874476,1.1929684776838991,1
-57.91550855852099,-71.26123821850693,1.3619601753761683,1
9.650518857329352,32.21981420698771,0.8140230761768186,1
-13.555074438966107,-83.10436818199702,1.0459556307731643,1
-53.42738910249609,-55.80590082086817,0.996851713911704,1
24.568813442575546,99.7522362767386,1.6001947807375514,0
-77.36466302008049,19.443959502247314,1.0754804082915312,1
5.314051942217732,-87.9575861568018,0.8659822239773826,1
-68.45856729367225,27.133188942255725,1.1612483235082702,1
-71.31879655549078,-42.132243582756075,1.021190213438417,1
-97.94564139686571,-19.28558589652741,1.19672147951351,0
78.88568065953312,-51.850650289190014,1.0461264654732008,1
23.367345804615645,103.50982202962345,0.8965180108354431,1
-10.327006488073135,-80.18643449863254,1.3138302560533537,1
-68.442345662311,46.9650988546772,0.9448743069303728,1
69.95213121310925,-49.20609602248679,1.039507421645448,1
-49.70142542938347,73.97060038436082,1.0642711977375114,1
-71.16975147946167,12.94611865446715,1.1496860669527686,1
80.78146749628678,-40.3602961190943,0.9452254671178886,1
63.55555990326901,-34.12774395910107,1.156701327292157,1
-92.58293170749795,-27.51538184742488,1.569187406012122,0
19.40937503839276,44.11028484975656,1.1229526060540187,1
53.24159314292845,34.11844517679196,0.853954772678402,1
8.278469696478687,-101.88124658335738,1.2606173703822539,1
17.378095738263205,51.711741305637524,0.9335201140989918,1
-87.54030627343677,-12.135029823654776,0.9066912738324735,1
-50.85563134107125,76.40395798634876,1.0887326777317534,1
49.18609723030245,-19.95362542064023,0.8500678192820922,1
57.14567546968544,47.17365429017514,1.2170425578325366,1
84.44830657231843,5.632751822849367,0.9154404742053055,1
-46.504068221904156,38.71517938805077,1.0006657310220568,1
90.73298068532378,0.8633941834840144,1.216294144596102,1
-56.80855213072057,3.489783586791825,1.010463777861898,1
22.08725145069086,-80.99301590451937,0.9593569708265596,1
-68.66967839977212,-60.75589484700854,0.9686968160235128,1
-84.98269838746313,-3.7946085476594873,1.0357732393612928,1
-50.17615902783098,85.56866042724042,1.010633019052821,1
-91.92536982985312,23.107979406754534,1.0496645061836707,1
-55.89781052427131,-55.52181628307666,0.9613937048149088,1
44.56101446400837,49.88949850841336,1.1995824600155571,1
76.77538549586899,36.57038724882703,0.9177252379485202,1
-2.2153651300436086,-7.652277162341815,1.2144833296774702,1
-20.004286202819063,87.16451682213382,1.2440125313072017,1
-59.35888571885796,-36.08580627670705,0.8173059341796958,1
-58.633891694810835,45.4991595357444,1.1724064655071056,1
46.097773489156964,22.81691368933849,1.1257342473986003,1
68.7934696425208,49.020754564356274,1.4056503257679689,1
73.71415303011011,-48.61412721087238,1.002120269476014,0
67.34605184731258,53.128769602139876,1.173696517818802,1
-52.47270875498074,-79.8697816730745,1.17392793130451,1
38.481473502896485,-89.90045954400637,1.0472509701736465,1
-77.07881944490326,62.861738051355125,0.8965786674487191,1
-78.47211412223064,-16.75371742258239,1.2601080879067954,1
34.60340651502509,17.677697498707197,0.9432374836724914,1
66.3146414541307,15.258204397432431,1.2645154871383175,1
-24.073272314436956,91.15835764594601,1.1834516393047267,1
51.77066905805867,42.315843109889116,1.1230413196741822,1
-28.898385669192844,72.12632964169292,0.8874997337857268,1
30.23329639076845,85.7538205974149,1.4041895116743555,1
20.390876094933045,-30.34110050683786,1.0170416608572757,1
29.486303937242667,-76.90057032315173,1.0001224073740047,1
-73.43192105318522,49.42726910554245,1.0361522806224395,1
-42.95083901143665,85.25137351766244,1.0927863878767412,1
-42.01387502534293,-16.41284491377831,1.0127949092613853,1
77.27195309885023,65.7496814889071,1.1239214993599151,1
89.64252945555374,15.941544453903258,0.9586375026574747,1
-88.40224021595374,-13.192493593220995,0.812895284439098,1
102.303684796343,-12.745437441312534,1.4114859523491774,1
-47.25419149929374,32.736990118930805,1.1493040057272086,1
34.39651021299205,92.7104318797549,0.8836294446006446,1
22.426727214691002,87.6788187092898,1.1924740265689933,1
-75.95083672131932,-38.46499419554852,1.6102643100585738,1
-83.89201629739428,-49.167664608590364,1.313090068882389,1
87.08880532403411,48.32696677391603,1.3964990077199562,1
-4.27171235135032,73.37806131166332,1.2491221085573057,1
29.963378473089097,-66.31254531898817,1.2895606625393412,1
-96.35093452562391,9.110629690485743,1.258847910996296,1
-83.18942214994817,-15.633005006115342,1.3497465745787784,0
-57.18454637191522,-49.23017931375284,0.8646762124818369,1
31.035425152539496,27.799255812903944,1.1668725216812676,1
-65.22107513463494,48.73303137261769,1.275486273691314,1
-4.628812999276446,-81.16828489969451,1.3519477966796738,1
-85.83828345666173,53.18000740184605,1.212854605638203,0
49.91238868471324,11.500004043746266,0.9797095662355043,1
-80.26712833568392,40.378113267805965,1.3265407415385488,1
24.945060559258184,-85.56026331185143,1.1433407706856296,1
88.21792368988628,-48.87705255857238,1.0958882985311567,1
-3.01839821403482,74.49908117892886,0.7441111530813843,1
89.98377734546187,-28.12019152756876,1.1143546439992347,1
76.7565386667364,47.08164079264056,1.245064048024001,1
12.442786167906668,-81.11274215663501,0.9793181986295667,1
-26.2983141907277,-76.94166431289514,1.057486271213084,1
-19.080627297406675,-88.64388369130421,1.1155858335705715,1
76.27496968786642,-62.14277234641233,1.078871857279675,0
71.95879909875882,31.85738860887511,1.0866219160522335,1
-78.40435846470812,61.558966754687944,1.1130871452885067,1
-9.510614023396462,-3.30233701762432,1.017557559598839,1
-2.523718921958043,-81.0666371545435,0.9875475908231447,1
44.92561494031835,84.64427932833503,0.8786035405008971,1
-19.03188336713684,99.81927989049011,1.1126638426633528,1
82.60906807580791,-30.763639928856705,0.9877595484852131,1
-55.85823218309293,-61.4255855088523,0.934488073806681,1
-62.496509457237416,-47.93299918163131,0.9231529252511056,1
43.656064688042164,85.83008540870873,1.31419715766434,1
-57.30879966595876,-44.169215968296264,0.8941043824964585,1
-20.90110209663149,-54.92440321095627,1.1466469954424603,1
66.39953856652745,76.29549810908108,1.0199096360735627,1
53.08496013567765,-79.0918745231894,1.4112204874084504,1
-4.748380881066466,109.81486788101203,1.4133361693632425,1
20.320779671838146,64.93306607782759,1.0051815339552397,1
15.92916968017014,108.84655778326895,1.3088880021691767,1
55.13248891276164,57.0551261319201,1.3958341012926994,1
87.40132800989964,-10.786501458385523,1.3893811759685615,1
1.4851772527188563,89.90022306964086,0.9373510361322651,1
-53.48070468801998,-61.99428857792741,0.7944972258550482,1
-10.243432853059383,95.57966428727593,1.0369925700998355,1
-47.246362079259164,-55.206697299980185,1.2346085234904052,1
1.5655032951559076,-68.58362834688111,1.1024928152310356,1
-60.816518814051605,17.17480127468661,1.139131119608825,1
75.5797574375259,13.867552307590929,1.0690174389200533,1
-63.79107851823955,59.506310811292195,1.4205588666787234,1
80.32826561067492,16.94419576375566,1.336696589777362,1
83.42624910808175,17.720244722109165,0.8205966649708163,1
69.15044705032965,-40.983372290216856,0.8238916971707002,1
37.46143296697269,93.8124621388793,1.4440601013181789,1
-85.02841197301872,21.574907649502535,0.9773866683512411,1
74.46078546917755,46.660421141834846,1.0720904962124325,1
60.367964280696604,63.11882813080445,1.3031411815106775,1
59.17480922197225,80.34077837295641,1.2474686578621648,1
91.35554195614719,-42.343586751009255,1.1768567121261393,1
-25.20164067314007,-67.46339338341875,0.7944776111283185,1
-47.73652375951684,-50.57859787678228,1.2087747335532677,1
-53.38491567895374,-67.42830058757391,0.9480540528116779,1
-42.48734925499546,-50.383228320083106,0.9972619158250314,1
-77.64335572588537,37.64410749305625,1.5296580248980534,1
-36.27484309983157,-15.342039527962104,1.064354406398227,1
23.241457362378643,45.540422493496,1.0724060861017304,1
78.81913564700422,-35.05340597194695,0.9421917942948866,1
81.08544590927377,-26.71150622497654,1.156419298171267,1
25.32354196396949,-40.83385411243186,1.123343174009041,1
75.92994815236405,-2.159878029973714,1.13218400599234,1
-36.13544654204754,14.402446075831957,1.0200929946538726,1
-63.979365757850154,63.19952585018718,0.8540943190946523,1
-67.12603070739783,-54.005551924794965,1.4609271363052934,1
48.273056558276394,-69.28780952191752,1.0397259622371025,1
77.66369937565051,-28.148150073708894,0.9363415011047003,1
71.25528073244661,49.15614633913002,1.004116029057877,1
-36.00709878107235,50.960574668584194,1.1322565028766298,1
10.702319741194136,-65.59747895561303,1.0694258821862723,1
-35.5523443618497,-63.403769635527475,0.922776926038634,1
5.491168643381207,88.22367438903188,1.3482783963063865,0
-44.35212877445581,-73.5087731143682,1.2018100254582857,1
-35.3518140998792,-71.07962244095307,0.8488087944585264,1
91.80293960625423,-10.810994910399272,1.0566081815013397,1
92.30426526118043,9.803701696334572,1.0677533669487487,1
53.02873735047069,56.043465951040396,0.9464393818228384,1
-60.66875967365232,42.56087701771796,1.2662375309865788,1
-72.03258094465927,49.73018569063978,0.9079933610298986,1
-65.89463986691153,32.27613723097234,1.274208868642568,1
-35.46544791499582,48.92437066424785,1.2919839512323241,1
-53.43106042673672,-74.5494036405029,1.0086923799176974,1
-57.937779279689096,-80.73209682388675,1.0290245133011071,1
-36.64994371240782,-79.57785187627782,1.1870914231723966,1
-21.58592579576466,76.82172936545393,1.283445024257873,1
54.377661764172494,88.45972040149404,1.129027758400368,1
30.102748816633408,90.15042170668268,1.2981947374023206,1
81.67430461506008,-45.840660857946254,1.3907143000391426,1
79.08048927000713,49.7456728676226,1.2230034354535795,1
-8.480758995834893,-52.82301317405729,0.8610324924908345,1
-85.75371925808702,57.39441505294806,1.0110118653937534,0
1.444609453011033,-48.683558446144716,1.1211546624876096,1
10.94046833096639,-86.29935514435361,1.632162639333876,1
-20.55740871572375,82.2856773649701,1.5940202273280526,1
-76.83163804559938,-18.13824070948265,1.2304934793341773,1
-35.0542323329166,93.12365062203652,1.4526093458343448,1
-52.657624857505645,-21.03724641664575,1.2041512171358701,1
-73.89367282696698,-28.59284942234259,1.1361577241100387,1
39.410063054012284,-83.75071725674024,0.99976001936334,1
-45.06234011893457,58.00565702793828,1.0650298983952398,1
80.80162662315152,49.89118647358148,1.0403734028090708,0
-50.931319427894216,63.60662777781933,1.205919199793838,1
10.967560832135483,-72.63911343305682,1.157360074963674,1
73.90889876529297,27.567126494153392,1.1753950995550069,1
-41.41721179928762,71.535314606777,1.0568247833637434,1
65.23716173371542,34.96746443110246,0.8185398473677462,1
72.71262275258088,-52.52552108968053,0.9969133497575128,1
69.52104372848677,76.76403356855424,1.3244193571137577,1
92.28569764433135,18.35060782719446,1.0083292106178556,1
75.81157959495093,21.111380357447747,1.2326144645767092,1
82.66221105270878,8.235011125773028,1.0571725782006998,1
77.04226444923155,-59.192982276963306,1.433177420017248,1
-78.89175291795034,53.49319619104971,0.9824919785760098,1
74.08929660560071,-17.199893425629778,1.2200756270249153,1
36.10773454818949,75.74195103176672,1.0932658598713987,1
-96.14847608805756,-6.150880150825303,0.8331742513437983,1
5.494529177991143,9.079007610713491,1.043658847671283,1
-58.509307941004224,-45.13209786312653,1.0303422278431493,1
32.618114793311044,-92.46263611077588,1.0698592233729136,1
16.12299115218011,-53.3956583715593,1.1121418812418051,1
30.683815754634846,-84.07499800427514,1.093752389650312,1
-72.00588127005481,-31.5417391224401,0.9993414008308363,1
-78.67749125561237,-18.84148919764301,0.9991535172690132,1
-102.77175925987102,18.957629641034256,1.4226886339115747,0
-22.45670366754236,-95.30558789900583,1.0783835297898334,1
97.31200954919036,-10.347674846211099,1.132953183613396,0
-13.526508874582836,-71.40641249749756,1.1302126032759479,1
10.135672716935337,29.622686077776343,0.857728444600853,1
-59.16571108971616,34.97210633531473,1.0540678810125212,1
85.57516692503309,-33.7440801836333,1.1735765117151533,1
-16.94384304870762,92.73078484437798,1.0694781853898025,1
6.3467006068320915,-62.13356201075088,1.1697057880271928,1
71.50230877745948,-24.442574652092993,1.3322016123555214,1
96.46006926435014,-35.41364426398677,1.0544194117722,1
96.32554688027828,11.864707166586745,1.1209788067515556,1
53.60717894139042,-12.343810939645627,1.050687044209131,1
-81.59530784519293,36.47599890183493,1.5238734126138251,1
90.6563892658212,-6.776251769085797,1.148591575240321,1
-0.28523701056146655,90.91713623002131,1.1289071481885986,1
-18.020866845829293,-98.18373429291249,1.0874293603185758,1
-0.6116172990099777,-59.457222674247326,1.0522024561939272,1
-27.22979059318415,-79.81145518691903,1.1586852063233277,1
61.98334694656992,27.511240007835017,1.1461079140091472,1
-17.29028590305254,-84.40253336034688,0.7822730385882433,1
-17.542354973586956,-87.99073833720823,1.1568935645967133,1
3.931550039978941,12.916848316733134,1.1951430606767672,1
4.282753452083824,-86.46435188462875,1.2108429902635067,1
-14.125037389357232,105.9536806741601,1.1884006306380246,1
-13.436846830061429,46.69584620029698,0.9174784101353516,1
-51.03853256902235,7.040044554177925,1.224126375446781,1
-68.03406908727641,32.0430647773663,0.9152547280609259,1
-67.03893766224789,-39.87042933628068,1.2624275900715438,1
37.10115532828836,-21.260487378120267,0.9560210167542241,1
-30.063471165606426,90.6820982737661,1.2732013405352591,1
86.50228863967547,64.3785695201062,1.1881737799783103,1
-90.41918009293944,-45.13842729460518,1.1523013186727222,1
59.988985958222614,-32.693594496258626,0.835487047009556,1
-20.811611069633692,103.41820549911796,0.9425313003263401,1
-17.572508633611065,84.30104216118383,1.0388650370217196,1
64.15361570058803,15.929944047879331,0.9556956921124805,1
-48.20701922710801,81.30818497009881,1.1111677111357359,1
-86.7989668654168,-26.60089627888966,1.0023009426829959,1
-66.1666310226763,-30.405400971274023,0.9675623776791211,1
-49.71360048100311,-33.87887158040556,0.8938015472671519,1
-104.0983804505012,4.083912292724292,1.0388098752292017,1
92.008709497089,-40.554155119903335,1.2568809750300427,1
26.695591124820155,-68.79730526064161,1.2651068919101753,1
87.08543866823179,33.69027764355238,1.1421399529441336,1
70.65273604994016,65.94331323093647,0.8589976461424661,1
58.27910738517076,-35.51056722393916,0.8230391512136139,1
27.430868752045235,-10.419218194882871,1.159266444574366,1
-7.931183688674002,89.97559844099771,1.240082237223839,1
59.37941953689191,-81.4247269080622,1.2949325314752569,1
41.440931419713,-83.00719425315754,1.1554586156355442,1
59.98027244088699,-70.57161244396119,1.2325524951069071,1
-32.11950805098979,-44.4446526098669,1.0099986837762758,1
-102.63528727603,14.374120583745102,1.360821413193742,1
-79.379546111261,-8.934339350291914,0.8548271340940515,1
-76.07616813505086,-6.729332829586292,0.8457219154164731,1
102.48976357897503,-4.222102000081591,1.185341467174217,1
-59.857957662048726,89.41989449571643,1.2600607521111002,1
-81.7839696020752,-54.50872068874663,1.0241928392039,1
68.99371451986798,54.642038908255195,1.0682472680130797,1
84.92456594449828,-15.920670441442045,1.2244353247943691,1
6.6562998772221835,106.90426217564965,1.2193055184750519,1
25.12644182490115,69.31328505009643,1.0425942736416753,1
21.042484726507602,-93.16741513391645,0.934566866034814,1
84.08171218715363,55.38604058486749,1.0047362142618093,1
85.62920700392233,43.398850445770364,1.4198817269110908,1
38.52605473574252,42.07642658702318,1.154273321272555,1
81.17638933873882,34.22314930057427,1.4174900121033465,1
-80.74276332718304,32.95149530810136,1.001897102655481,1
-28.7565965950723,47.77912005699423,1.0528367498212448,1
-72.88977626051992,-0.010621306248443204,1.15785116903558,1
86.32549263576429,55.79336767949503,0.8968914176687544,1
-92.99232809127493,43.160557991610645,0.8822805299332078,1
-2.2582442001448357,99.74101780054447,1.4781738506279056,0
7.64135988643281,-1.1395517771591728,1.159991222853318,1
-70.9292247444752,-4.971479411351494,0.9824769287105735,1
44.65612763174141,74.03272117203646,1.0345952337022997,1
64.01060934389434,-70.30610266440989,1.0470754605784192,1
49.79434236241294,-64.77917221239882,1.245197158544232,1
16.820340077351478,96.67373771589803,1.143532215123624,1
36.99680321234481,-58.09025183023281,1.2185591636157076,1
-79.89369525060376,-0.5284243389762696,1.2535449041573528,1
13.009400745334887,-32.81562046611153,1.1787848701782913,1
-2.336535641709607,85.27907480048184,0.7848334901721831,1
6.570946977068396,-53.93087466387209,1.049848629401985,1
-18.10709108911077,-45.44253206298148,0.7157790544140623,1
-46.311856334621844,52.12647434744013,1.2140306164597214,1
-18.084585757852476,-41.70587102819873,0.7148771447998907,1
-2.146549133592734,-100.37056852377609,1.1462190619058872,1
52.08239355214855,-54.39177894615284,1.1372736822336895,1
-81.19908967132797,56.01791979576404,1.0178476087154515,1
67.16371204747398,40.72574660643532,0.9120116959811025,1
-68.69906593439633,42.097076751476955,1.2687804153751234,1
4.325462205613249,44.688291154671454,0.9499621968284845,1
105.32592703626224,-1.8756494330859546,1.136151770414337,1
34.49956048650467,-42.68787951696593,0.8257739183723918,1
35.81453191701223,-45.08041298737235,0.8249922676507025,1
76.43055351180904,-34.15497112829102,0.8657830074252434,1
-3.710899684834165,-62.69295282528187,1.0405503006464287,1
-83.88928117220259,-37.50719911690784,1.0717561169215988,1
44.32677206240851,-81.59812277534091,1.1743610642569227,1
33.85597268300949,80.34073439702178,1.2662150702195554,1
48.159063380876944,-61.18230670026577,1.1833793838000495,1
-19.25700235307736,-30.89588715258021,0.9122299920895598,1
-19.33977651526663,67.54907449535159,1.077242070674281,1
-21.572669588543047,59.06242872099295,0.7275008573739453,1
61.31839416816085,-75.63750818699043,0.8299484896400587,1
-63.727187206562625,-48.646493015517336,1.0494015349065307,1
32.83009214961603,86.24014149379656,1.3838622755171457,1
42.033446297156864,-22.976296738948758,0.9009148436137154,1
11.051951938145782,89.47238719822084,1.340264477404587,1
30.695965228414938,-72.55154184684524,1.0272211555241262,1
36.628105663045496,-73.78886983445007,0.9770046781187903,1
17.24956036357911,-67.53384283071627,0.9227529222490324,1
-63.6211020688106,22.29050012415714,1.1662881610462894,1
-54.9980432107657,46.36701122632732,1.191409365080522,1
23.550912016646727,-73.92046781886819,1.1091720729611618,1
49.13371210439583,44.70533548588107,0.8781757156603586,1
87.00638669048132,-47.27303034248175,1.2522024093979969,1
73.99222619692625,-65.46969006318086,1.0112101212242137,0
-21.81968407005848,-30.25294303237868,1.2484476247621081,1
-58.76372218493275,73.9984518096345,1.0120299080141815,1
52.605012472596954,-50.861766445239944,0.7950972174007596,1
-23.133753205546096,61.70752799305315,1.155382193956989,1
-21.078465036669783,59.897021998796234,0.75671348433804,1
-47.46673244919487,-19.351847747252577,0.9115855517974955,1
49.12991418276761,91.67575143083779,1.1207755037329261,1
40.54471234215643,-59.41335667944128,0.9875656735384152,1
29.345455300858635,-62.781272195319694,1.286879933827416,1
-60.60374757958882,15.024317829654713,1.2694450265384398,1
13.379128415842965,-90.98120651307545,1.260922365669191,0
-0.4378862973583707,-29.61999077855631,1.2889603759644455,1
-34.778284938677466,-1.4968827338126753,1.072005628972327,1
43.76304400190587,-77.11462842025514,1.074901963819633,1
73.73461050289555,53.57765093836286,0.9459226507467677,1
49.10007336997439,-67.17962714763036,1.1590596142792169,1
-34.3961863592098,-67.89173534997661,0.9888823099698175,1
82.90235815735993,-55.94153078487534,1.346024158547113,1
-40.64915518693272,-68.94620326498935,1.029707930695162,1
-82.88052452418556,54.84730540190321,1.047177544901935,0
-90.54124739792147,54.806510165681956,0.9781607586636971,1
-20.410679255745343,-76.48578787749057,0.9353448325295022,1
51.11955037575596,-5.055033687172508,1.0264124684762548,1
-73.66237794466545,-22.641661446095938,1.2981551566495584,1
-80.09816713934515,12.09638038590869,1.1481761106691581,0
-50.41740961473717,60.47810400791522,0.9982866338767578,1
47.17474412855544,-70.8310484703855,0.9602224404007214,1
-38.902601292351136,-81.02204220381203,1.3959881164118122,1
-10.475617331062047,78.76034924580156,1.025031002125063,1
90.71806027892715,18.873319397955807,1.1729623609523985,1
-32.768793344497546,-73.38333318859013,0.9043312884267288,1
4.826538320641542,94.62010179941285,1.027444934763165,1
57.56669724395984,84.84277070606295,0.9214646442975132,1
-82.22163206229227,43.61674019671123,1.369259518602745,1
13.265340684955113,-14.195431702647143,0.9635258462810361,1
-59.35453177396406,-46.48986859674496,1.1595293580945796,1
23.406405730304353,-46.394021126920364,0.9866675173626224,1
-66.0600993210045,61.913718383385714,0.8321424018024204,1
3.309426789614174,84.19222400804527,0.9345496038919239,1
-44.7057152780439,63.029167965596514,0.9509159355229179,1
-22.368765087687887,-79.20752530274375,1.1839190473078545,1
40.57439609804022,42.038794721640436,0.9286469593721747,1
32.089662354266466,70.0506193979571,1.033037135940098,1
-23.62246486012255,-82.97942240338465,1.0381558838441005,1
47.596253462105224,90.42001861711692,1.2532251248832962,1
99.09083013049438,-28.774457835193488,1.360773835195898,0
13.123243446141041,-28.664338748853243,1.0457081544842268,1
51.49674972669804,-63.49000193300944,1.0348132895802045,1
-18.61171493913518,-67.38009619767716,1.0492912279358646,1
80.6883641603719,47.45047323876483,1.4364760046601568,1
18.59630533908623,99.97132127763982,1.1367704922370303,1
-92.17230255571708,2.470819299279137,0.8028841021526071,1
26.106955945721406,-79.06722344702628,1.350246612009597,1
-19.67006909953492,46.5536573449524,0.9003114660422102,1
-44.06202599162262,69.42396232929936,0.9524711036965848,1
-46.72829330883062,99.59443855500092,1.2084869398021907,0
-75.948471977664,-43.310280047044124,1.0785700362007735,1
14.213510698000226,-15.545737206924471,1.0733236648449043,1
-0.6147207435404624,92.97800450113415,1.3261619594829614,1
1.4371335441217774,94.29935569161825,1.1381214844318317,1
-98.56507100220398,-8.496256966350073,1.5785585610169914,0
57.58887641099702,-52.35401939107921,1.2050976019724287,1
76.3825338130613,-69.04716468160643,1.189557022284463,0
-90.01033566884783,-35.77316637651955,1.0941069428543058,1
16.82995118422024,86.82473982611782,1.1490339118859918,0
93.21523896284033,29.21564776520811,1.1184513377404883,1
-86.94961775666988,38.88312162980634,1.173208280520048,1
-28.391565148932205,24.42895917435596,1.0268251845749545,1
39.99237971652553,-75.56318374396359,0.9387533939061352,1
24.41177425237858,-72.42763142419908,0.9409862514287863,1
-42.64610237905542,78.81396323945339,1.3673733744615766,1
-39.91274462037446,-67.27322951634675,1.125718908822674,1
-82.08650570911053,3.2558316144929447,1.38392335950453,1
-96.53387889691881,25.73220025782341,1.3391152106207955,1
95.43987155657534,33.53212133574827,1.320630596627661,1
-29.762210822507004,-69.7509316803437,1.0250025163164778,1
26.194265469893953,4.735081948052947,0.9904114390233785,1
-17.60906362928278,94.79363145452204,1.1366293024057639,0
55.18342146600147,-18.306741832388397,1.151569509925249,1
-12.889475784744693,-96.80254349606837,1.0624656506655445,1
-85.40798711174857,-8.368557539732343,1.241474723859618,1
88.03962126397155,12.968952879994259,1.3489347459418384,1
-17.14429297002829,-62.885036839805224,1.0558308095223694,1
-81.95535081554902,9.432409643822501,1.2920671086942073,1
86.70533866981592,59.455089373588066,1.4227294275955067,1
27.174799471440778,57.26908363921651,0.8782965515184823,1
33.06560996241418,-87.23663211971746,1.1597419743735362,1
-10.824076640452034,59.3387275194466,1.0069777660257115,1
-46.217212127646384,-73.43418193358978,1.0398326544147463,1
54.00309444609436,-60.57193501284794,0.855211677937913,1
-46.23506421194377,78.89459651213596,0.9486918693210147,1
-94.96121222115379,-36.83143588213127,1.4047634409332477,1
65.47671143089691,-74.08518910548682,0.8478376444597584,1
90.46999895822042,48.426130090275066,0.7761385696627403,1
-5.870993411987296,-86.29067835417219,1.1753304147191217,1
102.01698563495434,10.636459312017532,0.9706116963923868,1
98.5441166942434,8.88018919244274,0.9228671840342237,1
-40.15305167424534,-65.44910867906319,1.019440626379573,1
2.9609546494078693,-46.92094801574904,1.0498892870778977,1
-5.882221017800755,-65.52744081264541,1.1436504975006268,1
3.910703387884465,77.19870166673344,1.194874636489269,1
80.52943326125701,63.12169988169193,0.9853272728661099,1
-6.506239530379927,-82.80448613537618,1.1386186196774026,1
51.07804808743697,-67.47447531894869,1.507251235271431,0
20.688478452634268,76.56430100958426,1.0988600207483474,1
-91.33590720285551,20.920114957354034,1.026042551494476,1
55.59894330691145,47.41383790244332,0.831045495967837,1
-15.011918222512332,-59.476718671938904,0.7297401138902477,1
8.410397500406654,102.20227090624873,1.087582171443514,1
0.0656497881451112,67.37458712454611,0.7403570913632425,1
51.9135094087313,71.81799467098635,1.2966825349678417,1
62.104699585262374,83.62290969045777,1.2709726986586007,0
86.75917911502586,36.68629524799229,0.9946760002625674,1
-9.984735960613495,43.05656275902626,1.0217752676496996,1
-37.99241245065715,62.09003206710977,1.1275943149076537,1
6.6495277840905835,-76.10401956032453,0.8855517246574751,1
-29.17715311670484,-91.44681271508816,1.040632537279401,1
4.659709725452098,-100.0687160831234,1.1796334967978566,1
-23.247078286388415,72.42256752869476,1.1928072721559106,1
-24.323038316041508,-79.6379120322591,0.9792869958575827,1
-69.90707743693125,36.151150005233745,0.7187246883691675,1
-82.65606735595723,-43.26858173392212,1.1493475905209347,1
45.037953464269094,65.95290798031304,1.1011434658270625,1
-2.022239297236101,-67.09295437245437,0.9283621788156922,1
55.960476231137086,12.23861255088587,0.9667531937631151,1
-2.4691916185813305,65.96501564024062,1.230577816146829,0
10.254795316392194,62.858180108291315,1.089513829918943,1
-86.0724288233638,33.10478031667839,1.0852044839804975,1
-38.88281779607608,-41.564910049931264,1.0587863527768862,1
92.08220255321879,36.920208716016596,1.1612116962736982,1
50.97262469817202,97.61284728383993,1.2474345908432465,1
55.4294668203271,42.117951403997196,0.7609456762493673,1
-27.843467723599584,92.12256786772836,1.5910763369587804,0
19.001776992075218,38.12376982997455,1.0222003341740085,1
-89.01343937289127,23.04819120683668,1.0016625347921935,1
81.57960976912959,21.11973578502987,1.3557611951533788,1
10.80011044534978,-81.79819543782922,1.113273671804978,1
-91.19829842614617,-17.990429216780218,1.23710308253832,1
36.16917151570495,-87.43709216801078,0.8795855853540084,1
48.9193574076986,-71.05288507269033,1.0394588571435976,1
3.649355870418649,-64.80617081401384,1.045941823494524,1
11.224124385292159,45.11930894335801,1.0758231329109904,1
-0.18799712059732504,41.70402791917327,1.0372679977679433,1
69.3261762812231,1.1727439427737936,0.8336388022751531,1
70.75174393790363,1.1279827235839501,0.8351851877398462,1
20.006026916898673,-44.46131902126737,0.7382511807965942,1
-74.11195778214329,76.98019800458991,1.114521380590594,1
84.63368047727948,18.91338473730298,0.9873738941625468,1
11.04225873518419,102.26856298682944,1.1631370087909205,0
-30.79655156947809,82.36022692586997,1.3447243337934054,1
-71.33678393431336,-34.68430827415339,1.075631631327831,1
-73.51707554769503,-2.0431935122282834,0.9889751066597754,1
-72.87269720007245,51.36582660373845,1.0775716277952017,1
63.02695623476596,74.48077296260925,1.322246027529623,1
-11.585869060067694,-45.12805299547881,1.0068875084323312,1
-66.46026462056165,71.30402535315812,1.4819688424779862,1
-35.77605419711246,-96.03216356017766,1.1585119544537719,1
-83.49161011416757,30.041939871452545,1.1180012685893985,1
-30.613846901480198,-48.63518491803781,1.098400109203909,1
38.30555964561107,-87.71364842958772,1.311580490327486,1
94.9395405954089,-25.179677834924266,1.1520957373040723,1
68.47849139918657,-60.42702851015629,1.1118461144540317,1
81.48599572477687,57.06694684639398,1.197829775932801,1
62.87288736602513,-68.91948863258399,1.055249057118324,1
70.9437440120769,-34.78254923051492,1.1984593171038322,1
92.27997474872714,12.25329177811058,1.2149445239099452,0
-8.215474170103098,46.68595161500238,0.9778043313893858,1
-70.75613021486389,20.76573169901397,1.1761189282410587,1
-49.828189202129096,57.14664853966784,1.0839622541153087,1
72.73399710220951,34.19458737975789,0.6732583605340308,1
-73.278144323494,38.128949342480794,1.314293968864155,1
-56.440913317108034,40.72077313763647,1.1570831240004913,1
-84.727616580063,-29.9971786522627,0.8802188171667086,1
-59.37844292847322,57.151124661586806,1.225423853803953,1
29.62725636775814,38.48764239938861,0.9991500293999753,1
-67.33715046849642,-4.5119308943358005,0.7513760320872956,1
-73.44420844668831,-7.645216237624552,0.7717082891421688,1
-97.69333037546862,2.6687235697238,1.2196748552204868,0
100.79483356402997,4.561590511097361,1.46066045645697,0
-77.81290343961663,-31.392535058473943,0.9467813522471427,1
-61.2642737849586,-55.79526664030912,0.8849851160620973,1
-38.799024793752714,-78.9050771878487,1.3201266734924457,1
12.116717643659861,-89.03786208419116,1.0961863974881372,0
-45.13632925880303,-66.0620334477596,1.2836063660832118,1
34.63704524944654,58.313288679824815,0.9958668602285062,1
-68.56110375014754,-48.440591407244085,1.0364315409708318,1
27.933040526220267,97.1572292194159,1.2532494758806019,0
34.04239923451245,-74.08280184046335,0.9788941418876191,1
64.73520362422036,48.14254719166294,0.9567437644243326,1
-34.70963980856897,-80.38040697234581,0.9135164904496464,1
41.69358363469565,95.69314545515786,1.425740310600355,1
-70.2765184015909,-20.443765310446352,1.0560895698573396,1
31.88623982890221,-45.271634815431746,1.1994011810250622,1
-18.52143383602347,-47.15647548180811,1.1133903366899873,1
-47.29936944981525,34.90391610864702,1.2622035343385507,1
-87.15639348976234,29.991343115538694,1.1113451879996987,1
-75.10524629702924,-48.7348822584745,1.2740891814723818,1
-51.48113150437148,86.72432504568336,1.0265876149987743,1
40.33804884079059,22.380990541465952,1.0014817021785065,1
-34.18563513591994,-53.438927550109476,0.9886352543170821,1
76.04796856696127,64.09761826765796,1.3011919752305237,1
65.79899220906375,37.483733583712805,1.06070390469606,1
-73.96452370975565,36.387887120060014,0.8812420462635695,1
56.63244542629778,-64.53796536936478,1.1863828938857381,1
-21.40159220879948,66.19002621990619,1.0372953305701083,1
35.92744972776965,92.95057634980084,1.0292856657206106,1
-9.505134417400743,-32.84685691076462,1.0651970039659484,1
44.09454032520003,34.53003322239234,1.0911344013246023,1
89.18583401137099,58.28537395585733,0.9011134748968632,1
-29.393022447221586,-71.79245265079341,1.2165131943400722,1
-2.0736652090129133,-91.60586967287837,1.1912994151597405,1
-20.649114628210253,-96.58772389453136,1.5760350855145948,0
18.434941527230226,-69.11372750954594,1.1959024345399032,1
97.48842234017341,0.1712274243938114,1.207273085815518,1
23.327990529772425,68.87233644143741,1.0503008386593227,1
-42.5662616266042,-45.968777414205185,1.0891234232855154,1
21.59878029973711,91.89478299674008,1.3214645275564705,1
91.41323555494425,-1.215423244792017,1.3267017657375049,1
-48.23802086644542,65.87185931007049,1.3235031058785287,1
-87.49177106909954,19.56214482659942,0.7750268016551132,1
-65.70214520754394,54.21723020378006,0.9821439691224714,1
5.999197003950181,101.50173426739133,1.1147221371958917,1
-90.98769168506504,-11.848190623691893,0.9749236702522631,1
-93.80558970926631,-13.42239759439314,1.122601544330965,0
64.67589252757325,88.63209703797521,1.2760607202081191,1
62.60762645453356,-46.30842894193296,0.9358464710498662,1
-58.775419783547704,-17.922392163611654,1.0423542253711848,1
69.04849395417632,-35.10418960971868,1.1142109428091118,1
-59.70301150228753,-54.57834925193082,1.2008538766548893,0
-72.1893842923399,58.182466295064515,1.3055750192625204,1
9.997269101986639,-78.22769073744247,1.1306949236065496,1
43.22326960741918,91.12557866081619,1.274861057342671,1
34.97423910211496,21.736531943658292,0.9580828550059883,1
-68.51689343827081,44.58575521061513,1.1938541005530023,1
84.64768436151891,0.2060045076277195,1.3458242427440366,1
83.83581740260423,22.572369252782195,1.1926910543293803,1
14.697648761653925,-33.24669799392333,0.979149436476162,1
98.80398880743294,31.61048631140677,1.2910919062367092,1
-59.42499459643064,-60.58111294350535,1.4527872726899698,1
32.39033723624746,-54.76982780068736,1.1565656581983368,1
-79.20050123450164,-4.377647236766271,1.0951539088974451,1
-18.62096069916456,-76.3514863225923,1.1646602336588956,1
-51.113099494166846,68.90278780794509,0.8792017760325604,1
-83.73409915377862,10.664068550984508,1.1929416253623382,1
79.04592582423273,45.15392428619816,1.4934547086104766,1
43.985629337331716,-13.245251678447907,0.9571956635434711,1
-96.16795662500553,22.64880774536432,1.4239105948034063,1
107.27904824999455,-0.6080894518086453,1.2735974728441393,0
3.512064727010756,21.782599706543387,1.0067188599123376,1
43.93348095189794,-60.26237371235133,1.3834941708737625,1
83.55427582103333,44.255914759873995,1.0826936813314756,1
-89.6955150938793,27.104078695500775,1.0761627296571332,1
-37.89541958593739,36.498107654121824,0.9996382914382828,1
-74.29486208456841,4.077270885011501,1.0394263248558777,1
-87.22183780126223,-50.11314794964751,1.1928575841699067,0
78.46247825249957,-9.951314250285083,0.766478229208461,1
6.627568006470931,-90.19469833147676,1.552473189828011,1
-28.961015546609307,-52.12604439404824,1.0704003893158616,1
-74.22484410935911,66.9305558301829,1.2074954494827845,1
-101.71625735386677,-21.153828614039558,1.2770560434995308,0
16.10178846940597,66.79504712871977,0.9739276551648652,1
-31.926815350137012,-2.2668638309706575,1.0297013053433395,1
-89.66719161055013,-6.4853695952953,1.155109439092333,1
71.63326033813244,59.75402199314205,1.2224280776219005,1
72.39708469970537,-38.941683131041614,1.141080040005545,1
34.58182931192845,82.47771111333924,0.9586075984635242,1
36.421308830388426,96.15426061484516,0.9390695328904809,1
-96.85280589062442,-20.750625575365117,1.0726461293846405,1
-60.04320615203371,46.549978854821916,1.0248968833359502,0
89.00832380498389,-51.986958859056216,1.0196325800705808,1
-24.47543465300412,-90.62437821209754,1.2902923438928469,1
-38.53334529920656,65.50789989330016,0.8617917813165411,1
94.65694683915103,18.179400885440895,1.2729790496134419,1
83.29525756598814,15.465896454473285,0.6930777945103335,1
70.8692175827492,-1.3102829617389373,0.980337963983077,1
-64.47047922350933,-60.9912791783215,1.0758216413692978,1
31.57245760619783,80.4590813976042,1.186038659077061,1
58.48202491216471,50.29768465674252,1.1449600357623433,1
-61.56051167196043,60.42569268944568,1.0763226007344555,1
4.20076324645056,101.87715227220099,1.1145477595309878,1
20.754348788779875,-50.34322893272197,0.988357598972939,1
92.03592369214296,7.141223956874278,1.3936352565993781,1
68.5164955607669,-17.45289670899822,1.1731676338558685,1
-33.87366300217256,-66.05725087978331,0.8560418084474375,1
25.56494177541213,88.33198042250203,1.0240982951624233,1
81.52326419338362,67.22584215000757,0.9973083584880338,0
35.793974294629436,43.02254826498423,0.9021547835755253,1
-20.65510847869956,-79.32004001986745,1.0532835544440142,1
-61.36133178212444,-29.56428792800897,0.7841712019172311,1
-70.59693581678694,74.31510109082294,1.2790342914922015,1
-18.055096013445052,46.93292822441456,0.9240057047111156,1
25.410944134071766,59.81963934562107,1.0488730481421098,1
-50.22805609355834,20.351434324980254,0.9865080256528032,1
24.05527600887551,59.866638625770406,0.7037248225564045,1
-27.580283457042853,-20.198017440384515,1.097188718807018,1
-75.13062987449385,-64.35212829358055,1.263862012123395,0
-70.75722521083385,-56.23100867297226,0.9365335923284209,1
98.57652602388913,-13.623389907658492,1.3862114339227354,1
66.03771871140957,-65.3931571550759,0.9760623265482602,1
-95.24081578182523,28.86308733876578,1.2047803436096745,1
-74.83956485289957,-56.10669621382389,1.246284157733549,1
-90.32062486113296,-47.6708089587077,1.3084773002020003,1
-62.98222179197841,-62.67207964952407,1.148233683156567,1
49.37361415391228,-16.96151799166976,0.9012728314632855,1
-70.8355662306479,3.232384600657889,0.9963258248783518,1
34.283363797817756,-54.9264920678518,1.0192813371706588,1
-12.721138493752328,-8.488354839091345,1.0145066733750703,1
-57.17362004353863,48.6060931458896,0.944236716247816,1
-23.420537461080958,97.20581172218625,1.1409855849894392,1
50.20662496437046,-76.01919931062743,1.0086298290456572,1
64.39796604842181,50.46827463654379,1.1391064550514949,1
-32.927587628299285,-30.044965112473637,1.1351249686957006,1
45.11498717047071,-61.69330796613368,0.8808799188246869,1
41.492916398502494,-92.67333469445185,1.1571272686703933,1
92.20214336851028,-18.408972946334156,1.0775438685880476,1
-1.4604946375656234,-72.93009387199359,1.0233964070794639,1
-90.41545536088519,13.987329146177245,1.2295754565942174,1
-73.16540999573446,42.12414393356933,1.0149202734906373,1
-54.445637210501744,51.27391690033531,1.222508292281708,0
-83.61124464545678,4.242278458731546,0.8920125832185293,1
43.66693903129241,-73.20386702976782,1.3253810453071702,1
55.69138231341933,46.004001275580706,0.9119314488292898,1
9.537474837100884,-47.70703401510942,1.051424425040882,1
-96.70160347541012,-1.0793466525836561,1.1693329788218343,1
25.696195176363368,-97.71455533176808,1.2261054530214053,0
-28.126261036284063,-68.10461727299322,1.477579574828217,1
40.3149380836486,-73.46741796774971,0.8111917949034538,1
-47.22308624528045,47.00823239316924,0.9119395235192014,1
-91.21078317701209,7.638441566612048,0.9243025261211575,1
9.465819931830234,-92.95852944436386,1.0781208499437855,1
76.90207001528185,-71.84382270211621,1.2824097001757986,1
56.745926984182866,-67.89433875708055,1.41997268116662,0
84.27467671134397,-29.972549064337766,1.3082336860196633,1
86.31852977944587,21.47344888600556,0.902199292828681,1
65.44249396556069,12.257412262945586,1.0031721832185347,1
69.62063624007811,33.883829746223526,1.171736382930747,1
63.524037153754705,-50.54274102846872,1.179411902356777,1
-52.51925295195952,41.91055522190833,1.3889035421493843,1
-73.58250517908175,-57.56169308587981,1.1019122017699468,1
30.074090103670642,106.32644877686583,1.1937482424418338,1
-34.29732503523173,96.52309306096947,1.0398599908073924,1
5.518625153018247,-91.85984036756606,0.8657959526352967,1
-69.07014210745722,-39.542061032304034,0.937574530807566,1
50.060947541916256,-84.73119747759819,1.2040110463706697,1
32.351852318444024,5.269368568626465,0.7800781533943949,1
-5.972187598510382,65.2393728733322,0.9903629321613192,1
-92.55155215830736,53.45726608597149,1.4806439872563646,0
5.389250790456651,35.5709119786988,0.8413533764312342,1
-80.79959579005866,20.17052439742133,0.8746672304293079,1
-43.12096917997164,-90.60068641527383,1.2385109668340202,1
-57.38458513814558,-41.38639879711832,1.0777755175147563,1
4.44090975988793,85.80606355441019,1.1315632015525365,1
30.361534976467993,65.89299076936243,0.884492518088146,1
-57.627384033766695,-16.15208594465351,1.2668144550040517,0
-61.884795749447655,-6.873945999276547,0.8004772116562917,1
91.01890701091564,42.32158835296342,1.133512886151598,1
87.96232842651058,44.34699644793117,1.2379847139403342,1
18.558219823518044,57.105271705343576,0.9523176280355798,1
53.02327390610575,-38.14522221152174,1.1363888554523642,1
-41.64782772174602,93.69418400817159,1.154390575569605,1
5.8701141737532145,69.10876464515815,0.9975290003818407,1
50.119710988647526,-72.74042435419575,1.2767705274541936,1
-77.08690534256337,15.872617106776314,1.1492304769993162,1
37.55882380234071,-37.8200780168797,1.219328853436405,1
-35.225723101822005,-89.3106590355521,1.4178571260660606,1
-94.21708686619445,5.2896283846700305,1.2823286360058874,1
32.83788360282352,100.5168470178605,1.5472104107866496,0
38.26126193583688,-92.43961341558061,1.1014473239482978,1
-80.45539517955326,-47.268374067048995,1.1613447627771116,0
-2.4570786459464453,61.42113678058031,0.954834037576421,1
101.75771418513393,40.84664711160063,0.7643228972574093,1
15.290432475249103,-56.46382336047831,1.136990176204814,1
-24.37695997078648,56.393914036958684,1.0485868586824754,1
-92.10159500269177,-19.7704994508396,1.1612746413344426,1
-69.28462435699404,77.40042458202572,1.0465888567625377,1
-72.01641332162889,-48.39512805128264,1.0761700386195467,1
-66.96084828771029,77.07881944490326,1.2353867172536692,1
16.457311154818715,-96.56569339371565,1.1068167198247738,1
98.97763555327043,26.422140767587674,0.9614277089666537,1
80.67009154304282,-33.838310385894836,1.4939552762303323,1
-62.32313433490877,-32.90367381832293,0.8449417080753823,1
79.0770611398908,20.379593965221773,1.1992032431092445,1
-69.36821290446225,-57.45627940806362,1.0257955253763555,1
15.144777048480014,74.54170515071593,1.241177249465881,1
-90.15026951310197,-42.83252429609218,1.1235994608265591,1
30.075741373943778,-88.37004044562745,1.1612100176920381,1
-2.793846097765812,105.50293965077103,0.9968293926288135,1
-46.097960620793714,-51.54321055355597,1.0081158895679436,1
6.091866291678965,79.92726066607486,1.222991932881449,1
4.215093335497907,-38.305237870479516,0.9597855260673402,1
43.058303473105866,74.99692540569585,0.9249804919579373,1
93.6313101095887,-42.46694646671358,1.3297282446978824,1
-17.734395043014327,66.27621566904159,1.0936094379725088,1
77.23245150044517,76.03169569792033,1.574409112287031,0
-27.499440881857005,100.7102735926314,1.1247363759921944,1
-71.72449708122426,-29.51041140043038,1.1396570026689268,1
65.62428781416523,78.38150656338576,1.1650375272707927,1
-13.105488162529072,109.68169787027045,1.1212966331644898,1
-81.6583895149037,65.81092853418104,1.1739024045086548,1
42.132514862872384,78.29306924547126,1.2470669264603549,0
64.4942600558584,-16.424842450819277,0.9803865852829664,1
35.95507597130708,98.82632635560182,1.033313349974829,1
55.16633081867445,40.53217920078329,1.1084408692096477,1
-11.887778123343278,-77.85325534467732,1.2198710692496137,1
11.570368240398997,84.74112632985482,0.9784463482937571,1
41.29043425385916,100.96072033145015,0.9372216219498726,1
-88.74060908449606,35.5284717116151,0.9770985020968316,1
-85.90410418844175,-40.81083813624874,1.2649556462825393,1
93.39975465527844,21.25063748381616,1.0651825658039082,1
50.29407504639779,93.58638791742163,1.3989082104915525,0
-53.82287934138232,-84.20480553992569,1.1444030027302896,1
-57.40398628578204,60.288807598339815,1.096660801275582,1
50.78465212348417,-89.70641347768203,1.1770280917649456,0
-69.97131540167535,-22.12705894686365,1.1494049030582556,1
-15.787800296057465,96.2109895705342,1.4406236469843348,1
-9.901181684792451,-96.86685922434741,0.9083104179165736,1
-74.38050783162402,-36.75896640385343,1.2031073423766914,1
41.6871563827094,-77.88865319516866,1.0796182298136152,1
-94.43582767545927,-2.1250637483816104,0.998701727020587,1
20.1112157819948,-32.21912557284634,1.1124201448324267,1
94.49988595358872,-37.26157422157996,0.9840849962239056,1
88.07456214295122,3.7070247039265136,1.3525241529798457,1
98.7342972889475,-11.51258557562667,0.8184472947349134,1
72.7969489538555,-58.95555364558488,1.2383371573633677,1
89.35070660351928,-15.786462436637361,1.2335138492019826,1
-72.01464700881282,45.92612991925486,1.1633658136549354,1
-44.00429153843594,71.11045108754911,1.1330946534043624,1
66.31306343148809,29.083260769468655,1.1214403459260465,1
64.03002882668132,24.754744660748724,0.9035784715836543,1
61.67222614717125,-67.29685544634327,0.996284512884563,1
-56.988460486318196,-54.44449945015014,1.0303869227122602,1
-42.86738644502015,-56.128258607584165,1.1777528999204927,1
46.68713398683005,-55.474521409970414,1.1171968051721504,1
-63.33595746964373,-71.99472340092342,1.0263174598683098,1
97.31089051871064,42.29807324242127,0.9980254324384309,1
-59.31309154845605,-79.91444268057958,1.0101221624404948,1
-84.63341142952191,-32.76548790061893,1.1597299504605256,1
-69.29209999822696,-72.51028726694676,0.8491843970376151,1
-42.622575254021605,92.11199270249286,1.2667881966165062,1
-12.242739316947759,-69.66898171599406,0.9350068916723414,1
-89.68452111021864,46.24069527674557,0.9138076589367581,1
-54.826099047668876,66.82210579054579,1.04866639279467,1
19.760586231674395,-89.12920277998118,1.0475277204675912,1
0.8433317161258661,-77.5249143073376,1.1370626783353541,1
3.7018620007050465,-77.49455291484207,0.9653723595212862,1
69.74803113997366,-61.7839893761899,1.0976616311141056,1
-101.22767624269831,0.1228247854569213,1.4511348098395496,1
-12.630273218796965,-63.057367533686104,1.3122591824964769,1
-40.70356262235108,-10.19847945689984,0.9771381770952712,1
-78.54347675047195,-28.258547578413605,1.0350772185290147,1
-66.25765185080475,-44.52465138458917,1.016404574410967,1
-49.56409800890904,87.21723559140189,1.1122884296857165,1
-49.27315008417509,79.63020893872411,0.8110676371937583,1
97.56708746054629,-33.235612168630134,1.4867919808654477,0
-32.929818220757255,94.57131138291959,1.3787826708879005,1
-24.60134363085425,-70.43221156830107,0.8337543328147563,1
-26.56429154852996,-64.92764047550155,0.7730758614051952,1
-56.577492421815485,82.94047325634808,1.0646927792328984,1
-30.501429547428916,-81.57662848980452,1.1894328745660674,0
8.907173920714643,-85.488989483579,0.795302368540489,1
74.27535361143437,74.59198034086145,0.9299383056056388,1
-39.42490340642453,38.890882600090116,0.7852466320752144,1
104.71747809271986,10.040895391903033,1.134320871432438,1
-54.76460565844855,-56.87435112292963,1.0346156626339122,1
75.6764625453124,-18.355971108412678,0.9567648884596933,1
90.88419290461627,32.60272077579018,1.0518349594828396,1
-45.10856625075246,-35.06772956208769,0.9222424431741967,1
-13.30545386858184,95.38059318521583,1.2491250008952661,1
-69.2847721534725,-55.05574008826246,1.1513740110462432,1
71.75919721763081,-22.16973451784752,1.0186636846844646,0
-67.97349223730616,5.151121104366695,0.9186653049616594,1
-84.12016614363942,43.178570991333096,0.8714606782710623,1
-17.369910829611364,77.02254819792176,1.0583639998123322,1
-53.64844146729981,-47.494009414061054,0.9632732888736371,1
-57.170406417545514,18.120030162188332,1.0265226446208213,1
63.118434625580825,69.56405018891768,1.0557322124787987,1
45.24946079607922,-56.31236827738336,1.1262346915244217,1
52.145240548426656,78.50907204866331,0.8785970166123687,1
-76.82128914271514,-29.76191858954,1.2613467021747637,1
-14.847187231564357,-77.94696874977545,0.9631051700841748,1
66.6345349672741,87.19724224683037,1.177452962027402,1
41.66139469237113,68.40013269732839,1.1406564670593058,1
82.22623356379343,-53.58006198582729,1.210974175920904,1
-60.71848465731166,-35.52992736101966,0.9464424398560431,1
41.484697945143054,82.79554909059395,0.850431138203422,1
84.96330474510624,-47.553776707052656,0.8622769659937196,1
44.54278444019289,81.6325274771496,0.8304725966154419,1
-89.11626803565933,-18.375838402056125,1.3596506328014626,1
21.745000282423927,-63.005892131617784,1.1590209685742188,1
-86.81043509935303,-19.30841015076055,1.0668486173350442,1
-39.004926402025966,14.296733409234683,1.1244824078142952,1
-13.203564967242807,101.51645573503595,1.1953266614106657,1
-38.991262450904856,-54.46969204675127,1.2684001707645418,1
86.41930796300194,-42.408192572638704,1.110848169805497,1
-42.21057571633829,-69.1829403798156,0.9949752971261915,1
-26.921540715772814,64.61275685656234,1.2320559319918913,1
-45.25428123506891,72.38853230794949,1.0960815443041083,1
-66.64945537367072,-14.878629258702588,1.114748352427074,1
-13.434916179272259,-94.46014672484456,0.9951913582268107,1
-24.576706911421137,99.17239772176806,1.1668629799025885,1
53.409086737316244,73.05030971781773,0.8303026410078918,1
3.098711160190384,-88.0820532159559,1.1207022795290336,1
-53.94174524567533,-17.66725321422958,1.0914533779829765,1
18.67438064600095,64.67100948547981,0.8768452874595947,1
57.85456133505307,-80.06644936142291,1.502736387786664,1
-69.34855689081802,12.488380153965158,1.0968447361071547,1
54.16667037210428,-31.575683046992385,1.173398270735079,1
64.21146096846412,62.56042847824052,1.275788719409007,1
70.42372137575796,-21.005544941407774,1.1473390758686308,1
99.66796366098966,-31.53436668633822,1.4754667082889494,1
35.174261263759526,52.71439261548993,0.9509935348765471,1
14.227840054481609,-71.08470835339435,1.0457896019310124,1
-58.99767415723165,-23.83803489174082,0.9912393869814696,1
99.49054175611222,6.4165574603873825,1.1489040786594564,1
33.240676064134426,-79.6341877137632,0.903845634494525,1
102.02290406282502,29.123887265868937,1.2840024384567361,1
-46.832171597689204,85.15971154930891,0.7863015927500084,1
75.77341952525778,52.71243939865257,1.229814029924055,0
65.7471309344162,-71.82930597780248,1.338299084472648,1
74.46751878078219,40.86768175446466,1.3658977355310602,1
-54.76425751563262,87.20002738935776,0.9934280180361604,1
-57.09353995798042,84.73419768904661,0.9050730862949067,1
-16.355749491967277,-50.34741934473123,1.102417557355694,1
-63.003137595052266,85.09038904574314,1.057159466838056,1
-67.91505282229878,-33.45765809824332,0.9887510139581648,1
57.71588967408084,-77.47802320715931,1.2895655444105878,1
-37.83293633241747,92.67532442526519,1.411157055109718,1
-60.805318693197314,-68.96752701246452,1.1664331730466522,1
-59.35743049199315,76.99841816062265,1.0560935408254586,1
42.05764155077301,55.978380718813014,0.8157358168059332,1
-49.89980715283284,-79.40640284277491,1.4257008511357234,1
3.965195306898165,82.26281734040822,1.201792930104749,1
8.339080006399223,-76.77003190382554,1.2263925940467921,1
20.60189135373446,-84.87529773358314,0.8051596531642191,1
-29.349831953401637,102.2815741750543,1.375489890792944,1
102.86070413413209,18.642037055360554,1.1512477862629351,1
-10.151844512255552,-84.72403568252781,1.1629141523342583,1
77.45794697144122,-49.9947009375153,1.296292431032722,1
85.76846413029075,-31.508317412111687,1.1037434352171684,1
-44.456842899348395,-85.60135557864866,1.2758916392459079,1
-13.855603876667207,12.714655834421398,1.151064549351667,1
18.19715718602312,-87.79465531895079,1.0483742264556204,1
-94.92030145534645,-15.082604434757553,1.2854930150920252,1
-47.625937217989005,-65.86647835491921,1.2639553808185064,1
83.84285943521522,31.280792691799004,1.173744870762742,1
-7.49302809237909,65.2618575787857,0.8696067043856541,1
93.73285770155164,8.778212217757758,1.219190459948886,0
43.20591602705635,-88.82655062534056,1.2793584327869865,1
-63.88918019029729,-56.01120561288557,1.1623360170529518,1
-42.62284267524578,-63.048475777982176,0.9072024029464268,1
-101.93024833910205,26.114689969112007,1.1213299704771278,0
-66.20059179284873,-59.680662979588085,1.3777234086463266,1
-4.386599480604251,75.3429793647213,0.9756675738138,1
-57.1625184264715,-28.917375277334,0.7841712019172311,1
-55.12791755420608,-64.6255596321486,1.3659761194411546,1
-5.239919744308409,-95.14254277719093,1.3878705497450468,1
28.252592918485178,-87.77537356299209,1.0517369636331233,1
-43.82594043670562,-79.32186412776893,1.4587861442690566,1
-63.46387007953909,-52.86566983066065,1.1036977953224618,1
-60.020781858750574,-56.9091053798983,1.1090916586426165,1
68.40906863471129,58.24727718485799,1.1440483092905815,1
42.96622749253691,-46.198655595941666,1.208185576222751,1
-101.25584596997513,-7.719818269607614,1.3344387255076668,1
-82.68455176816896,-17.39827897891607,0.8502755169170659,1
44.60405757579497,17.738572756805375,0.9717283171643221,1
4.354255889963851,-89.04594798185127,0.8469619631857931,1
-43.63273911937546,59.53938437880469,1.216326426087317,1
13.904625129131668,64.86079705484474,0.9084653383829915,1
7.208346738331723,-92.81328321451556,1.2345193864296327,1
64.05270784440415,71.03784530304254,0.8506010330164292,1
89.03304904986966,33.15911117583296,0.9065357732781584,0
-25.38352788731799,-96.86159978109261,1.182948726931045,1
-101.13234350928573,31.298488367832082,1.5798771488253363,0
-64.58596316901911,-76.07169201313187,1.1080629016208547,1
91.67116942216374,55.106740203191535,1.3768623390055041,1
-61.43285500008915,73.62325332344766,1.3876259739655847,0
13.997952271142493,-50.90805361508397,0.8665866761252922,1
3.0232382483049367,-73.31276330545766,0.9556328348839532,1
-68.42220784530551,65.30932529029863,0.9666001322093698,1
-100.17278152249045,5.831208933615284,1.2661321508534777,1
82.8076779370841,-62.31397031756067,1.0895782855200764,0
-54.22186720111686,54.82229211341218,1.0193706519012755,1
64.92804509669196,-68.33536014119038,1.1188073665163767,1
49.58566477815508,81.73127343948352,1.1669042047200289,1
75.35324200946887,33.69235352618147,1.202727583477623,1
-70.61977551580945,-32.2549345481982,1.0840927705720669,1
99.52404088665344,22.145515887174746,0.9696963346864585,1
-33.50336564342025,83.1346054811141,0.9833024470791925,1
-36.684771461807095,-90.87594145867007,1.0076812550317447,1
32.63342367701983,-84.77540101602436,1.1268729639859765,1
76.13223745172026,78.43767582536113,1.2717253053362818,1
-59.65775293621781,-74.58693604247597,0.8691996740542702,1
41.23403511767996,-76.41966904675955,0.8080042312983926,1
-98.74772565470447,37.04438500151101,1.0769215082578227,1
-78.531378393792,44.71760569421843,0.9566492304528249,1
-6.472472294850758,68.08181438774557,0.8193622087840338,1
70.84358161175865,71.24046442190857,1.243283520423473,1
-67.57808691130187,-31.36647893413255,0.9319418782185375,1
-88.05785128778705,-36.206454978277215,0.8702193378398313,1
-57.602317751020394,50.56495886999386,0.9266497453212881,1
72.80362566539372,-47.03641538302949,1.0870327826713808,1
-34.77143324552234,72.746851606182,1.2779367134461481,1
-69.64959989902883,22.252992501910327,1.062336176886461,1
66.73509586560739,84.92256951489905,1.5246013295752974,1
-90.23408783561729,49.264305698696624,1.3037199274600755,1
69.05417522872155,-9.880579260617388,1.2333372143188364,1
-80.01400029551955,-29.080930934549652,0.8468554766620006,1
-80.90610410900403,61.40678087411332,1.1857058981372572,1
60.15907859114401,-30.455533536766655,0.8631505224146812,1
-51.157536095328716,36.75644159696925,1.2600293215354106,1
-14.632442553158464,-58.393994514424676,0.7827036375595661,1
-29.116375965388446,-86.13701860719995,1.1940022657354914,0
71.2945848051108,-63.43288703467723,1.1278776296943114,0
58.59494254777427,-4.958110727220112,1.0588224276127207,1
98.88648543419296,18.69470465903849,1.235372881585597,1
-75.7315067472891,72.89196690493367,1.1490978581344877,1
87.801321883511,-28.111569437404267,1.4055562174678016,1
-71.47758836208584,54.07044756603724,1.3123723656258612,1
33.21730076077973,-65.86613403784852,1.0867379998034028,1
-86.54134118163529,1.5509762449279314,0.980563015565513,0
-15.952898519258715,-61.73467350662635,0.8075525452137668,1
74.74858353033889,-52.44423379033527,1.0857422470019025,1
-78.71217077224345,-32.84087334649615,1.1830684584376387,1
80.11525778667219,-36.197991038648574,0.9671955917602642,1
94.68419685613512,28.97367388029363,1.1741700602456848,1
52.0960909744143,15.099451273372441,0.988233286082667,1
-38.505228427797576,-29.452882226914255,0.9728875611565804,1
-54.89907582109802,79.73427877334048,1.172269540438968,1
-57.48094417140668,65.09977484824564,0.9415379688837691,1
53.215718270416126,86.97642023216052,0.8728454545133054,1
15.73873330128888,102.45361028655248,1.0818073100408427,1
-41.91229923905071,-61.676325940905954,1.3159934845721852,1
72.268226458271,54.74316154244659,1.0288144523308462,1
96.22241604479177,3.7009019939076837,1.5866938118711962,1
-28.55467376183814,-18.834526341324608,0.9279445830401317,1
-52.498897408596285,69.59634698331818,1.2030302774819366,1
69.67486617871194,38.11641620110765,1.330295042869671,1
17.38837135727721,-91.61726343776307,0.9966353731849578,1
9.284165494114054,49.660162471631864,0.8056468893269804,1
-29.806759159803327,73.15668343871594,0.8816650139506358,1
-78.788257743668,25.98058568254835,1.1506199432393844,1
18.423717818537853,82.85761381857957,0.9295098751941225,1
92.42919303106743,-46.585141564827,0.9984947812483067,1
-91.36660061029997,-1.979191908510737,1.0319892496367862,1
-76.10459381651575,61.17852689458929,1.4015625561908662,0
-26.63292541795438,-21.438634604413487,0.9340622453700727,1
79.77221610078128,43.20984799297733,1.0594884290634197,1
-85.44840876867119,23.305270170319254,1.148966234990458,1
79.73337988000428,74.84750935781369,1.1557129180756185,1
49.08291490261828,84.34804144133317,1.043938257085403,1
77.47271817377384,43.5095327332216,1.2689178186078476,1
-54.31624744623032,40.446237659938795,0.9836212231776297,1
20.063768889653552,102.17374937149475,0.9046444829470492,1
-25.763301310395995,76.77978308933324,1.1182428961988349,1
88.53600245489118,10.440343238203662,1.466819836476222,1
-52.03110431544238,-66.45814260720746,1.0799940426752033,1
29.960804272036842,-3.443315682519418,0.9463260612034722,1
82.29051739924024,-24.638067082727197,1.2462621391179696,1
74.74948926774617,-28.48691328205645,0.9754866049149115,1
-73.6411578111236,69.17577858474523,1.1991852486257626,1
62.387532264565955,-74.27261852281636,0.9604466167471936,1
-85.59475918845226,-2.100950277552567,1.257342785717692,1
35.28323448647806,89.55336431293699,1.2786373634760244,1
44.525145204186224,19.454220553663923,1.0891241463901011,1
-26.858302082997955,-82.53183534059175,1.0932209531992272,1
-68.28055420094844,17.44613279143177,0.8683327133701975,1
35.714003721590394,-76.47940833575238,1.024364413038307,1
-92.27050595781841,38.978069670512056,0.8773596383173293,1
-73.1828791159289,-9.463855049644078,1.3927587890517121,1
93.0854314271898,-28.687465378768,1.1122059194542417,1
-80.43579756459896,51.8824458640871,1.2916357502857696,1
-103.34124761349332,-1.11039234972689,1.1104890529457796,1
-27.37129092059024,73.3325000127102,1.3672857395580258,1
44.93934588774347,-68.30240685770165,1.2762809172653407,1
75.98898106462892,7.085765869083723,1.2219332491426613,1
44.31035163654527,37.56524282481095,1.0030659589699604,1
-71.95450974423356,-60.82381102599869,1.2859030999506853,1
-37.25923885362222,44.91724401101529,1.0639239746289628,1
37.938556180150385,-63.39557803985875,0.9009579827429932,1
56.64979900666061,79.92634916488409,1.0276186551501711,1
50.23973293334697,-52.95343050023011,1.2336546936236878,1
-2.1597808738390296,67.83344166917124,0.9656015108323659,1
49.43697614640991,-83.27645785392842,0.9447037527329811,1
-97.98479554095765,15.297395331567534,1.2166231878931384,1
-98.48542491025201,-22.948181854246798,0.9015010894506055,1
-79.18526671428616,-42.403794979174414,1.0762894951567026,1
-75.28363125410135,37.890635345488306,1.1907681312663168,1
27.572911020941003,-51.23548193345764,0.9355344819326841,1
57.644094888930915,76.33518639009606,1.1212251309544945,1
-43.90635576978657,-81.54401659174594,1.1120255501432788,1
56.82455689341304,-87.25008150013132,1.1929724200720517,0
14.200049175784612,18.48220581161258,1.1614893282666787,1
-52.28777431306255,-76.07125317764962,1.08896681463705,1
29.14651654890381,-11.674389093883256,0.8179030955989246,1
-70.94259342860657,63.20212531654604,1.0266810021147255,1
57.95552446244567,-48.717459893941964,1.0867995968830908,1
-37.998205890429034,-70.55019216597798,0.7269527085841837,1
38.59372000173531,-76.36025267284238,1.013600989950359,1
56.6533799041958,-47.72262145143907,0.9126598047968426,1
78.06686903665101,-42.129607161431615,1.4630279404280784,1
-12.832008590514864,71.9177360999579,0.9343072313324652,1
11.339768346754594,-20.042127813245248,1.0286985788504828,1
76.2144648674443,61.54060532411594,1.364508315993215,1
41.484697945143054,80.33173931948123,1.007640796943367,1
38.64719473826075,-7.504845054245229,1.072431642118087,1
-91.34869612262403,30.019857669985566,0.9836381770981814,1
-0.0040429488300463235,-73.62209819521051,1.1729505480970674,1
-43.490000564847854,96.37985715956196,0.9429049347259482,1
-65.14482336666006,34.533389778666354,0.9105482399511858,0
-35.878035518621466,-35.878035518621466,1.0331992208864136,1
-13.990943606558808,58.54955938322305,0.9506217126833231,1
-38.127995733898054,9.029310980572966,0.7692112765054927,1
-87.2817249034939,28.691609936100388,0.7947938658869342,1
42.56734802971773,-42.434016738513954,1.0284436093245244,1
-61.020973082497896,24.748133772991466,1.1599591770138602,1
-66.05383275031791,-61.71736583520627,1.1465468256435756,1
83.81997841814426,9.566964581508309,1.2877340647004032,1
-14.289328466800782,-42.19336198821774,1.29950508181432,1
-67.09339861317649,82.95912282358681,1.117783958122049,1
21.531250131607795,89.69437051475846,1.2425172605446342,1
-81.7135239690169,11.149380254200542,1.0599385224785167,1
-61.421676536884064,75.78837007388952,1.0618811757863416,1
-23.346992839992584,53.58721343522042,0.9486504235006903,1
-30.682323713995178,12.849453988763214,0.7531553249817537,1
-86.76168189287301,-33.277511820141555,1.158535506979847,1
99.81049742562558,2.7007690919798666,1.0415385441566842,1
-15.829357554294761,94.00482686934912,0.9470643206663332,1
-16.59922117274086,88.28057137382804,1.1570901004805123,1
63.037224985050685,58.78043304009696,1.0821758630217047,1
48.23047697834118,-51.27529308840767,1.4481695007745918,1
85.07054017931507,-26.621866763801606,0.8550678986562139,1
99.91420302679165,-23.333128339279426,1.2248393090877372,1
-27.35117082741596,-36.53892754173649,1.0964905182687135,1
87.8990981637271,-31.61932523570247,0.9680645530856296,1
21.62930974667173,-97.72958007667096,1.043812367884283,1
-25.614300496547944,-80.91740117526956,1.0252709103503352,1
1.9933662945875126,-82.74857387561623,0.9259485225568033,1
68.01960777030737,75.0253124353017,1.2494087070965179,0
-81.37047088480179,-20.85438766060429,0.9205322818821311,1
50.87341340489983,-79.25123061625014,1.3637926385105406,1
-44.22342143038805,-14.181017368514258,0.8363350256934098,1
100.5767658518158,-11.489842037227497,1.2411112399008033,1
25.47926002762215,-80.57577134934749,1.1662607703984018,1
-30.330202123035104,65.61315597491007,1.1440541691879162,1
-87.53732592692751,-38.146082413400485,0.9965937159444991,1
96.31596271334588,51.073779834956945,1.0458693475866543,1
23.787902326248187,-7.029301861572349,0.9334549831915498,1
89.17057627404714,5.607218466511508,0.9669999735759189,1
-21.75196313874236,45.978061222629755,1.0698747854078907,1
24.902387820661044,-67.14228787418654,0.9233373703969467,1
-16.201740551364935,79.90408690698736,1.140901528289356,1
60.70113695553297,89.59629439134181,1.296904003354193,1
103.88204813681052,-6.21201465942376,1.3249597730235751,1
-76.16221656835909,34.11446257048177,1.1810522374563992,1
-20.479153003735284,-81.20974284149516,0.7729391812230875,1
67.06022201461494,64.72509988509027,1.4123118918633049,1
-93.04442437477071,21.346769822663994,1.131950398460134,1
45.75476119894427,-12.78600299735023,1.1266494963836697,1
-39.62435696059765,87.31371489396886,1.3200640841651872,1
22.191493443842575,-76.35816381594685,0.913654121104683,1
-93.48156821701987,27.792240994971216,1.1591169604320142,1
-21.540935031861025,-98.9121944421379,0.892780912908834,1
35.60414801285872,-58.84059211868811,1.053760233060733,1
88.97933558684184,39.83151691639833,0.9514546913037932,1
-67.7769497930453,54.64221763397887,1.0966269406919462,1
41.33615701035011,-41.322231297713266,1.1052818059045735,1
-89.94319384006307,-16.615364563268358,0.8176433690474062,1
-39.405670964419706,72.16877700106724,1.0631365206748897,1
-43.09239745921673,-0.9205376249938082,0.8902204443373037,1
-39.517374541720535,-83.50490283986638,1.1837935702786615,1
-64.91828497743666,5.7889563801951045,0.8890884098922986,1
97.23346570713902,-7.049045188523136,1.4949837072317609,0
67.90612660242545,15.846590623682856,0.8502749264454492,1
-19.78445888190897,16.848122903055497,0.829927853452012,1
-31.721135067585237,77.77182843847771,1.4369948380444775,0
-66.98595442146257,-72.8249238141324,0.8980339562029309,1
60.4498474710012,-82.85910424620235,1.0069304849413367,1
-16.763923420471368,75.33095432367406,0.9357734437373223,1
75.07755977402851,-21.544874315336465,1.1671729254822492,1
-34.42815955989398,-94.95943447060439,0.8495723958975891,1
-30.727084933185022,52.94207801710226,1.0377107005248813,1
74.38229508886083,62.73406945508312,1.1938974030170184,1
48.264163340221984,77.98120562377044,1.191393954854574,1
-10.004716330918516,-78.31578600651464,1.002688292885174,1
-30.219492707572222,97.56006130553405,1.5714929336899772,1
-80.54109974923733,-19.70836480928624,1.0277997213465624,1
18.04971296486275,90.10135014786718,1.165385488282626,1
-76.95348803117172,-65.2542826032305,1.0358100325298312,1
40.70571500441157,-48.91203034043429,1.1702362870334693,1
-73.82471913522464,52.92937550895378,1.5111623171052964,1
-33.00990711186681,-75.08545315031574,0.9563416088281069,1
-5.7058775198837335,-76.16851759780042,1.2600569161072028,1
-73.52725938349838,-67.49927138812069,1.3394255841090994,1
6.374413996067443,-46.684494272982235,0.9870172232498823,1
-9.018412596770236,-93.07219767542932,0.981222485512563,1
-12.469448359619308,-92.90345138851634,1.1155088821140975,1
40.85339897227304,-71.73134579235713,0.7894260056783455,1
56.05178911828437,68.34142945904662,1.1749295456394164,0
9.88598999827955,105.22901455333503,0.8446022576881135,1
91.11593778283687,-23.917411453770786,1.1731641346862012,1
-40.96358311962767,85.61784655413965,1.2335321010688762,0
90.58850141671657,-25.94882478466968,1.0287125792878202,1
-31.2311138146819,-87.37368921753482,1.3258580146824195,1
-63.80508335424365,73.4954803886694,1.0090747011282803,1
10.440343238203662,80.46513235931042,1.0929907719166367,1
-5.186508797655628,96.12182189599702,1.1974594869985085,1
88.59165719641268,62.879299838472434,1.2070286747838785,1
-19.15678835168465,-65.56251784353253,1.0751050138012435,1
42.85498806860801,-66.66238639254777,1.0040552030358783,1
82.98013858289168,-33.78576824449071,0.8835547100342557,1
-90.76587417896599,37.91059176735025,1.0950323883404467,1
51.48051763622261,-74.37268402188327,1.0496883744408187,1
78.19540840360254,-36.70387419952865,1.1117985050194903,1
-91.17253906645757,17.83344728935055,1.1313090168786026,1
72.28141144151226,-75.36595679057208,0.8494893040038878,0
6.175420567500008,-32.77986157324267,0.9680623209577149,1
-66.19289093793434,-50.41306913287633,0.9568180720440775,1
-84.24689679165508,8.542325304334591,1.1395041340135343,1
-79.93894657877709,-38.58600729935183,0.9121225936088737,1
-8.611253876049744,-86.48290012916496,1.3621061028336638,1
-73.82476019383684,-61.13210611229622,1.1066917097942448,1
-43.63226865611071,-13.010755679537398,0.9615392408495466,1
-73.82542483012178,9.410300314343871,1.0090603599288843,1
49.68426466658023,22.39093910704038,1.0697592091797892,1
-97.80027984851954,-6.1830164107564585,0.9005827517667194,1
58.468798173521215,73.49501847928218,0.9177381584521724,1
-93.05509326751667,34.38606592851443,1.2303306134058956,1
44.23059528235248,89.34420734326815,0.9801808947825058,1
81.35888722383571,-11.825018885571733,0.9655867788362842,1
52.74173765121318,-81.40193937829284,1.2783421798622026,1
28.39452806651451,-91.96695355508812,1.282852615521177,1
46.67811840164416,80.53326653587911,0.8366793641994379,1
40.489529107752226,-68.15971227069384,1.1746747301747622,1
0.31116764788524137,-37.24503874270683,1.1339801754468262,1
65.58716446754566,66.45918867012854,1.245174460554198,1
-64.4870123036186,45.23930710544141,1.0188991888089889,1
-0.15144212492561343,-92.79746758373516,1.0097119421876806,1
-94.91854620796857,-11.463824417700701,0.999875170392049,1
86.00941134428629,41.321475638888025,0.9991769812466519,1
12.475192439924282,95.62786867717267,1.3914373802235451,1
24.984817327384484,-88.94770432528105,0.9657968440091493,1
87.52708269757154,57.3361377009048,1.14507135525968,1
-34.16432026963906,38.68648229978968,1.0403157234395013,1
-73.56194401716341,-62.85180502555822,1.1755268243306323,1
-39.3540639117067,36.34610998214951,0.7156089324157514,1
-51.50629608626583,56.65717144276246,1.058909820315428,1
-100.20873184906081,9.274524616134702,0.9448144494928561,1
30.110175863373062,18.86934062291671,1.0269178311115301,1
54.47984531401437,83.72875680877726,1.0593030888642183,1
77.47987996884423,-38.73098774058415,1.2154114315825861,1
53.52579747179642,-0.710211344478793,1.0760367222923877,1
91.40346279080927,-50.07358600380516,0.862387029053873,1
65.15443065273008,-60.6639851436054,0.8698414088770043,1
72.84142402826514,-34.102080860098894,0.9919520651899206,1
-44.766709899393256,-77.20582194415123,1.230915833395991,0
-31.905313133445116,-60.43345276715091,1.2618392828549931,1
-20.482191341037865,-8.351629660475119,0.9117816438868512,1
14.57291013163599,-84.42637357491539,1.2824307584801888,1
-82.22400379809322,28.49640564843665,1.2509079993479206,1
81.27093914557923,-10.134557420706368,0.8420339268194919,1
-90.24757013055398,34.26471328982198,1.101997687000614,1
-47.4554043107805,-59.63104296279961,1.1018324816428733,0
-59.15422848455948,-67.3117643607709,1.0999092400211883,1
-51.43373344245119,-34.78972169890134,1.0968476440619455,1
58.34409404414267,-37.39053842991241,0.8426414742390993,1
18.135919757376517,5.04574987874797,0.8487048363203359,1
13.516375140034905,-96.7646775566532,1.1890134266285735,0
48.34066500980947,-82.28854145352824,0.9111887006972768,1
24.08869771920392,107.63233935967824,1.0894631832344297,1
-31.007920138027927,-79.59473152795881,1.0912742988619173,1
44.63697289657296,-47.242347133537905,0.9199889297140195,1
-5.497746641149641,101.74853115074926,1.1775876510975631,1
-103.32083021526638,-16.991358804463008,0.9577530515895067,1
12.460980862218664,99.06878567234796,0.9020207487938967,1
20.996698018085553,-34.731546475843054,0.8994450433954743,1
-2.8020523212839437,46.13538861896736,1.0814661587027683,1
-92.05818841137285,-36.284199283800184,1.2988104989102145,1
-67.4644130288186,48.613718699093596,1.1508960202579237,1
34.839218333330635,99.92411295252859,0.9838999237124513,1
-45.876994308189644,46.27577607915368,0.9863173680944745,1
18.686039382162026,-32.181026488605674,1.0230102146085926,1
53.4821089615632,-62.456821176222434,1.0366819724649114,1
87.10533254342727,-32.87369257817538,0.9265199952086987,1
82.6530832746779,58.96843016069428,1.30494011416831,1
66.08339810945458,68.73463955377584,1.0608634839183766,1
104.48236369053137,25.23903685712916,1.2150221082103079,0
-21.165817234119054,-91.69322187032765,0.8548767531805099,1
4.5240597408259395,-90.29117622150666,0.8569955316552572,1
95.75320009090422,-39.12618861401299,1.3487717632214247,1
67.48460890388807,77.85987028409988,1.1882039256716428,1
37.64802201458539,-43.3058401201811,1.0118848626708428,1
-57.622307318273776,-65.62448011399452,1.2827177141836184,1
-73.28618188154853,47.424317117638246,0.947014970890482,0
-82.97775131786823,-40.89026895430198,1.467684074270113,1
15.308336962925035,93.03427574811572,1.0498699992577418,1
-64.68667591219625,-63.268864294358096,1.1841923656556939,1
87.31944037521868,-0.7519884823893002,1.0270614962827285,1
49.739860396261136,72.31622572310437,0.8452142906901479,1
70.35102915579365,-68.3256735098918,1.0571082560038245,1
67.05890273657565,67.53384283071627,0.9347825566866536,1
-30.35821738022216,-89.70337902572128,1.3244998668269554,1
46.06973883082225,79.11023277580213,1.0477016203777108,1
73.23328484796936,64.02601123432476,0.9688151333097044,1
-87.4479050742935,34.80871130704249,0.8086123892389543,1
-54.78574290084374,92.23397356882305,1.116393618259354,0
-4.162706469666329,-92.72699401371621,1.4657756847339733,1
-90.01434062003851,-23.215995296220537,1.2898214751537205,1
-76.20348893630197,29.1306014487474,1.1926585086672254,1
-84.26335805367671,58.550094225671394,1.2346213929516727,1
-38.62247821759928,102.22088397626024,0.9623236799528959,1
35.00120750403018,13.410461269275853,1.059996457503195,1
35.92946771487975,65.12829977882467,0.9679378221028098,1
-76.61851134356193,-55.21646338416707,1.0582426128370026,1
-16.26595018006684,-96.36952054812018,1.4164376265640468,1
5.969215763802661,103.08385905484958,1.0199285928340778,1
-28.500363482554487,76.89977456814391,0.9083268835857127,1
53.97682176471319,-53.15647069301577,1.075310414877593,1
-97.75558802656874,-33.900690072364135,0.9334847242508358,1
-82.81019112149198,33.832707036506,1.249357666364192,1
65.83979778562751,26.934595216122183,0.9829198714362668,1
73.15715907975476,-63.154903674211056,0.8728692616743781,1
-64.50912307607656,-49.845347669485214,1.0543083809347924,1
71.52465889953669,-28.749267272631876,1.1224407704373915,1
22.989362175901448,-21.700239063234086,1.098898596322684,1
-13.698456858276012,91.83592675533728,1.0213007408914792,1
-19.284202151620143,15.064087683286164,1.175741872867027,1
-13.191934701743907,-91.05166526297452,0.9884439065511161,1
22.942516187598684,-93.87322888493097,1.2423577458338637,1
-6.953386833826397,-70.77214270593166,0.7805219137540503,1
-81.98067029307055,12.70721278111549,0.9022602426098482,1
103.16764737626114,23.289759691353275,1.1451107909018348,1
60.40010054062776,-5.254278498745749,1.1056198513939308,1
104.83531450849331,4.29127699692111,1.1679828078217775,0
-82.58623985402109,59.59329678058444,1.1848019623766766,0
13.714837559766748,97.60631456536356,1.049694943977842,0
47.027657073195016,-79.11722847578243,1.0482923224611502,1
19.391964426581595,-84.20550767669728,1.0641378708769813,1
-77.94385194752101,4.760136243098285,1.074548473956867,1
26.729995826628812,-39.54328977165434,1.068778590921084,1
-49.32273174235461,-88.04049770742421,1.0191108057139773,0
-47.64384170566494,-80.1703276502815,1.1904510358036584,1
-99.72833417548414,14.096236929316415,1.094639893959791,1
56.77513042039216,77.85205053978945,1.1321050849263865,1
-88.84922964306341,-29.17715311670484,1.2041972640190444,1
-95.07641045675385,10.591468548113898,1.1396892608982694,0
-31.098743811011584,100.48032265787343,1.0388577688341927,1
98.67514226593978,34.95763451629999,1.0755123328404423,1
-75.10718795127559,-46.61393281755962,1.2059357631837666,1
-65.2634852594835,75.26151394579578,0.9932868917041681,1
40.74294059856857,65.99338378954536,1.0682215013021512,1
103.99025911559441,7.69395623185349,1.209934669262506,1
-43.256428384711796,-29.145250575027717,1.013486737921873,1
-14.82636751089174,-60.914454409039564,0.9223304813812978,1
28.458188467140047,-84.43557449219328,1.1591165952329678,1
34.79766058024037,-85.79137417366101,1.1433903987375065,1
21.742016201144594,78.06356626707974,1.0004619392832277,1
87.05929243226058,-3.5322996400667415,0.9874785365259939,0
-53.522481825930505,81.28637404874814,0.9324039713362376,1
-52.146612164445614,80.93203174613836,0.9461414362432765,1
45.920340152859644,-66.34936059110231,1.0133294272657698,1
80.73581105271312,-41.990499721988236,1.0538460605152211,0
30.242706607788563,14.635398482727595,1.0687075543353832,1
78.50446427609964,-24.873063483473857,1.04126897440282,1
-78.08895322721725,-56.33366454515864,1.1384227948711088,0
-55.22782901629894,72.7401863078259,1.3027357975490186,1
-51.467993314794114,-81.46974069839482,1.0990561230848785,1
-86.48494204545608,-36.227045139104526,0.956626634863903,1
-35.94783460073592,-67.39766401977288,1.0108609379506497,1
54.54701639849793,-82.62125307436513,0.9728484995707695,1
73.12448545247516,75.88177655456926,1.043966425415092,1
79.38035995160989,-18.116086166651318,0.9765640524181071,1
60.679686002028916,81.82855866272972,1.2469513742595522,0
-57.94823245291947,75.81046553793999,1.0357548957499696,1
-34.37468071750728,88.36203401624903,1.2227981035019153,0
-56.3225447596949,-70.035890278822,1.2508448899306142,1
14.709815517758035,-47.219249569349905,1.0627546540180686,1
24.009383511111125,-83.94024669217679,1.218822008250621,1
-45.33472231070911,-44.46915223462559,1.1651656726006034,1
19.149320740141576,-92.46819777309832,1.258669857039161,1
-39.122818627216105,95.88912289171165,1.2304424280338573,1
-99.85875337101953,-10.82027871882381,1.19222792965429,1
-57.85576572101086,62.03904979711726,1.05013612488874,1
-37.72475553319656,90.09882515601542,1.0594223263080975,1
13.930586636261797,91.71439528340503,1.2734451300359995,1
-80.66388081443364,18.2896423526855,1.3121811608697496,0
96.63390732253133,-3.908985174221854,1.2529225812339155,1
43.33048785646225,94.5796423077815,0.7483497553293977,1
58.07364605118462,-40.15330850091283,1.1322456173369781,1
2.806664083261087,-99.50174873796603,1.1831831149664584,1
84.25728421069998,11.081025683023952,1.108945912801371,1
91.49738121593288,-9.01114700756841,1.1944668349844343,1
-46.14124200916911,88.12244517024871,1.073549314870016,1
95.25924687207987,25.216188947047748,1.0571487462227243,1
56.986897291869596,-57.80803414045563,1.1090556211952143,1
-61.51153548857551,56.64044591608362,1.2077386534304009,1
-31.440897755069873,-95.18704784266859,1.136301987447358,1
29.362216948895693,6.418568358549817,1.0449782709193132,1
58.02464663607943,61.62507633964033,1.1997107864844418,1
11.683672902307823,-48.86532564266767,0.884091414124243,1
55.96791114551099,-55.797970245536014,1.1140636310675913,1
69.13420038558667,28.255270940146097,0.9470354907304687,1
-65.06371458183867,25.38100385190257,1.0201348382471875,1
-23.24271067651596,-92.81208958200384,1.5531528476593492,0
33.88768609741527,24.642084115218594,0.8293928593380511,1
15.018160783349524,-95.17264193304429,1.2979107787764692,0
-5.5337005554353755,-63.1861508719484,1.1329392657103337,1
9.023861788671601,-90.8380289958669,0.965746937726793,1
-13.797560825611281,73.36329829351985,1.270911029045682,1
-98.33592243815795,35.02565401604925,1.087141605510604,1
42.17402072066658,22.684985885410555,0.967549008406979,1
-2.669292449899611,-84.10804511716637,1.0187757231006758,1
-12.282478545691902,-89.8921133899288,0.8735847919098115,1
73.85688505287756,55.98951643675781,1.3153220444250928,1
41.01846508606169,54.378793789844934,1.085440715156253,1
6.194010394417131,99.32844357735159,0.9368424036726863,1
93.14463559977153,0.6333414107234266,1.209562235280795,0
-71.94619964446835,66.1093366621133,0.7315406089335623,1
-79.90573911018156,24.85739705675741,0.9249468281769567,1
53.847097972055074,15.201429007526695,1.1794654712551043,0
-19.973269842855185,79.6424165439577,0.9842134163976375,1
-18.452364998819363,82.27112087092463,0.9344475255729292,1
21.52119418647474,85.42231070188929,1.0939986351541278,1
23.65738478505188,89.18842707510339,1.1478145211703035,1
95.35097369334713,43.44336562020357,1.3165251839011325,0
28.969461059663985,11.244018260487639,0.9907269142141841,1
62.84117084499919,-78.66635068550289,1.1030190102568758,1
103.89974198345497,-0.039878177096394504,1.6397495128905542,1
-34.188130912989905,81.7821655893018,1.0850842805885215,1
81.82918571170397,-22.85617025538534,0.9440491487233956,1
-10.312268721831932,74.872986563228,1.0328605763906697,1
-2.2476100195858044,-32.56945671503878,1.1632335961420261,1
79.67779718228383,9.114012454689032,1.1251773598712331,1
-70.82418508344306,72.18094737177508,1.1396319521354639,1
85.05616392891643,-11.759219893362687,1.2727197397725702,0
73.65538329448258,-54.44362275124908,1.1917822483104095,0
-47.84989007203391,74.30098220941053,1.1312691795179348,1
-69.88907590596166,-38.34835573810476,0.9585390935991537,1
-21.31271311811255,73.11919647548616,1.1347369290656963,1
2.0759439619898488,-70.35649816293831,1.1121064383487305,1
19.723130866651157,-94.6684350961932,1.3307982576511603,1
42.55001496186123,-75.45995535087074,1.2237657689259895,1
-96.70101890724906,-16.91190764040103,1.1370081181853235,0
-1.2512595239756346,-77.02539949806688,1.1340125040090852,1
-62.058709626722205,-36.58448541610952,1.0357068966805343,1
-64.68772034064402,-27.20527220732845,0.8420330733620649,1
-22.424161051428683,102.25349692741355,1.260550898895341,1
19.535352966417683,11.655821477034152,0.7961712183135934,1
-37.76099594198639,77.59222523609274,1.34430719177456,1
59.606691989882734,-13.512583161945999,1.1144540282119977,1
-59.56191126689369,48.21327462743687,1.0706166788746778,1
-61.07999202247583,-42.10045662999805,1.379219064342029,1
-41.46155983799261,63.45818703567759,1.1614989565681206,1
53.28863836567814,79.68799160349643,1.216446520118818,1
-67.51270745804618,73.46211293436424,1.0364578415429353,1
-68.48890083065703,61.85576945015499,1.3858479418821887,1
-18.725798661890813,76.13401340292698,0.9617342373002732,1
21.769231022412036,-78.28868535879182,1.2905130676438457,1
73.61018788649497,-29.317388806663935,0.9476421947505544,1
-40.106052394096004,80.21947722429387,0.8902791180731435,1
5.205431383650374,92.83715586475013,0.998667433311802,1
96.69318569389084,9.865372709440589,1.122129284150196,1
78.05554011743189,-46.96182478430805,1.3207607069331404,0
-37.326265910050104,-36.612840939578184,0.9341527948105682,1
-35.006456426485606,42.39265440906496,1.0102841892978094,1
-58.484195153095115,-31.406912904637956,1.021589071976016,1
77.99194831637598,-21.557003161826604,1.1856874663376102,0
-14.785893194329775,-72.3997799989254,0.9397912818359158,1
36.15727731879397,86.26310544315128,1.2156187441207855,0
104.33143907519695,-18.84148919764301,1.093486024002324,1
-47.161746796761044,-1.4157807847452883,1.115460224345422,1
102.06990334297434,12.622265934030786,1.3505438671891612,1
-20.54838368941556,33.00990711186681,0.7581761993056314,1
-51.60236116274455,-74.2987408130398,1.111215701960689,1
-85.03040136053828,-47.25458488100664,1.109133608395743,1
-79.68727949319114,-57.938362604088105,1.157374324371872,1
94.59287377667984,-8.219314971491642,1.16974136661809,1
-35.473905653936065,-69.33896520099161,1.0251709802196147,1
89.08945238898025,-0.8808503584794966,1.1862181003772605,0
-1.844721745861252,-95.92161417810598,1.123000939190265,0
99.89564746683659,33.70112884820445,1.2524624792634895,1
48.70787983040628,-77.7412854889129,1.381827228667824,0
-40.99403879351315,68.5189505496208,1.0084039977765986,1
87.0082006977853,66.36298357085573,1.2893730018421947,1
-92.57734936181984,49.52482637320476,1.0753113212142191,1
-54.77330922884658,77.3782222665953,1.2278077585725895,1
-7.390510461331405,-100.36216175716122,1.151658863499262,1
-65.82448334406001,-74.08785960534355,1.0863063373029536,0
46.51723625036376,94.1528143463321,1.0563003728992568,1
48.2729182996843,83.1624740141428,0.9193441405696533,1
13.471598544266854,93.82431906493815,0.951751674338532,1
75.02928220858733,-43.13243741390786,1.187253189214971,1
-15.2965963152687,61.9938483036403,1.1513376468334957,1
-7.074262019514144,105.1739446897257,0.9000277142376402,1
37.937582462174646,96.39404562149382,1.0466135746778331,1
13.318111806526293,109.38266151470046,1.4036108029270007,1
-18.278756183378462,-70.63708678250818,1.3169658984944634,1
6.690564192605507,62.20971384985809,1.0065847657425435,1
37.166676030542874,-55.60221756735727,1.0818225659802443,1
-38.00276339638291,98.9502905175472,1.061732801799696,1
-14.32398801825247,-3.1945584788908334,1.018997966062092,1
-17.077767418899047,-91.73714565959324,1.003464354741483,1
98.00660775411838,-17.679402688009667,1.4362141803352968,1
3.8896714191423087,-69.40501884976099,1.1035693298914127,1
-66.60927437225844,-64.10264609762743,1.3132287018616935,0
-12.161395654459717,-84.35228996383255,1.1409577767296881,1
17.317133141200763,-81.84141316670217,0.9145947129771594,1
-17.88251398651526,87.11672630831194,0.9782960419992015,1
35.559028703915374,77.3896413509575,1.0440664718299864,1
-59.61075365606848,1.707640512092369,1.028342675995781,1
-13.195607417164615,90.4445194949893,0.8053192375159309,1
-71.45365069918722,25.803526356495606,0.8730824863515295,1
93.41613784661591,32.74836116444383,1.211731102951981,1
28.692807846864863,83.72542732150546,1.1598431307388466,1
41.87113647081533,11.718487183899928,0.792307832290489,1
-89.55824735503046,-3.1690943186406137,1.064607396245249,0
-86.26336253323069,49.698725983549245,0.9452599083944174,1
83.9624063221592,26.020729666265645,1.088100897886111,1
62.8452356476067,76.95687536667798,0.9136027861364887,1
-95.12222124935917,-7.735973468257735,1.1387957430516698,1
-2.89694610596639,24.031403358640933,0.9030805254703745,1
54.49666959127246,-68.04531677825231,1.2830532817302536,1
44.01122009496954,-85.5496315031404,1.1412994572661843,1
52.13924538060758,82.788973745244,1.3780728492470846,1
26.695591124820155,84.03198831105358,1.2255827692214047,1
22.368575431071893,96.07577438526248,1.1125336053299968,1
-80.58113617306824,-33.630596017965914,1.2375076447838187,1
95.93117069840302,21.70740085830447,1.4380325011641968,1
41.8737865131455,-60.77077071487859,1.1652753342934292,1
-36.474425477160395,-72.79069464651667,1.3576489986798426,1
101.7022645293618,-21.932997403021254,1.105808291815459,1
8.34707215452122,-62.57936744742661,0.9779043200891204,1
47.67674725058288,75.61549050619976,1.2339715088673147,1
33.621046957872075,61.31570849500947,0.9564240688277025,1
-85.19643870351595,50.64995927751178,0.9370338432789292,1
-23.64767645465288,95.17740214665929,1.207663416575303,1
-34.82064763215978,78.46820768855586,1.2080686946602432,1
-57.98886621652928,67.2106197110928,0.9204343496475264,1
0.3759942411946501,-86.53415003494577,1.1543763682134303,1
-46.40103153445266,-69.43527429279513,1.2593216408640981,1
70.3579223835489,51.015107530979684,1.029495946100209,1
-8.263517878700206,60.69661109892598,1.0331731517963054,1
-28.49446553367298,-81.10048333846565,1.2034529281177855,1
43.65710911648991,40.681291446863895,1.0083352685792848,1
69.64502084458344,78.97778025901766,1.4216833007710121,1
-81.91513752772073,31.50241946323018,1.2092105596922853,1
68.51830409487557,-51.45804014087186,1.1907959667779646,1
-30.75058457325969,104.59689797233672,1.3829140502282657,0
-84.07052188235616,24.77085869965706,1.0968463875392163,1
87.43954964671138,35.212159096006914,1.0172071244537537,1
82.14730678665714,61.38052880971421,1.1315770450337463,1
75.15423875268658,-55.746987975543504,1.1369728205487906,1
83.67252636393262,-44.95574082713208,1.1217546321488128,1
61.78838696965416,-47.55202382014733,0.9415167436996591,1
-77.6706622319689,32.829867541347674,0.8970508671845256,1
-76.44432916288729,31.94384407482881,0.8744714165234394,1
27.14320331671856,-58.03918725031322,1.2244579811207077,1
63.17125717509665,-61.822184204817724,1.3460299180519826,1
-91.88463712039037,45.82395000278206,1.0099146423041871,1
36.94610079256649,-77.38281478884788,1.011689675289025,1
-56.63840524177592,86.48095422774645,1.0639298131915946,1
-70.39899382656228,68.56305798217036,0.9383101233437053,1
-58.54705730418304,84.03255202056066,1.09323943116296,1
-70.69351373479061,56.066018474279446,1.2585233289979219,1
47.020613155923876,-44.86064623842269,1.037446217453142,1
33.84214833334258,-76.51349477019924,1.0087559564788573,1
-96.28870704048447,17.064061875631957,1.4282367071570485,1
-72.04328175542231,-70.049119705827,0.9505480521239895,0
-7.346038024200839,74.42664501239045,0.8666089867770128,1
68.49988417497866,-49.76910439279852,0.9463059941132584,1
-58.585953260168694,86.05514173181464,1.1036646590590655,1
-75.44951106639311,-50.84390594893421,1.2764921756920524,1
-18.510310431661477,88.80528226422247,1.1039122694771004,1
-45.18128601608241,86.1081903067059,1.3575909020285208,1
-76.32683096251397,-4.778765517119115,1.189744139061593,1
-38.217128944284774,-23.159454808822844,0.8062843828627521,1
-56.43673560331697,-6.563188365742156,1.1534989340379016,1
-43.53604067601454,23.69786833107777,1.0848282438009962,1
79.71249600194707,58.47139667747121,1.2551047989727053,1
-42.37836541696803,22.924750329070896,0.7573555635213612,1
39.21619935660201,-24.270428269114674,0.980741341347965,1
-6.5244364688527705,-88.16272630985206,1.3391743146233896,1
-54.20253824379719,62.85260458800626,1.1163573006577328,1
27.920258081854147,73.65548140126435,0.9356267301892796,1
1.6785457196189695,-96.2008122828026,1.077745418346812,1
32.96216181139766,-89.13095917616961,0.920773894225784,1
-39.74145191778603,-23.505336957107968,0.805483819494671,1
11.11816787609881,-99.59851317597222,1.1849028923025269,1
-35.1237600764618,86.26782380225646,1.3352212727069483,1
29.36932795109321,95.49932363744799,0.9334912072831316,1
-30.823527900489083,-56.471135076447545,1.0099407464004464,1
15.699602678902103,-90.05062076611868,1.183357213802058,1
-71.14124371937108,-40.06296972062579,1.13919079975146,1
-49.983131883940075,-65.97252801269205,1.0470927832269483,1
-48.47192426067697,-57.973612064200104,0.8692806355830528,1
-17.654138962291494,105.20142964887737,1.0889648506713314,1
26.48349180927446,95.47843506849274,1.0298318326958666,1
18.553869671259065,-96.6787243769218,1.0739341608910835,1
-65.86735479837188,44.474421850884745,1.094692710095512,1
90.90383846729118,10.754399385964936,1.0587738146240737,1
-83.7822596307736,-28.858453236073178,0.8925920960692666,1
-83.62738581237676,41.512114191896835,1.1569636324881452,1
90.95479739375345,-46.01453332715479,0.7866168201408489,1
-67.27965170152022,-46.46297828592184,1.3358549068979069,1
-81.12798819623026,63.75030563845189,1.0361132786905851,1
67.89236555193128,-78.53876104810051,1.2095212170891658,0
-5.3987097650779035,-49.38294175388602,1.1124687099169666,1
40.10781762527533,88.08680107912784,1.2293606962077386,1
6.6670198377685574,-78.25876885222957,0.9468555995497222,1
47.64556743941685,-85.22989138855274,1.288153191473927,0
22.073368586400576,38.100749774391204,1.0551211399453837,1
79.61469171607163,-14.601109699725578,1.1473136267615256,1
69.41117548061098,64.1446175478073,1.4095783235136852,1
18.722125946470104,103.74854853196926,1.1240597772661347,0
-20.244007398924666,37.07422581430423,0.991980190115013,1
-13.680913267328142,-5.118798792404362,0.9443726582985713,1
-84.35133963643136,-45.21825479630398,1.2630016907878805,1
86.63595411160914,53.65904742800775,1.4327244668524575,0
43.39505252414214,-56.805513793417994,1.1750873645776647,1
57.04858077762464,-42.22757141562462,1.1118334796029,1
85.54391201402169,-17.948502874805715,1.036403406503382,1
-6.4290373340072895,-92.19750146429803,1.0856353060251627,1
-3.3623393063153717,-96.97626181800865,1.0796514430382058,0
-34.99253071384877,-65.03029287151026,0.8047647404598343,1
62.86650665766748,-65.55102468082069,1.380126867111601,1
50.63644893149991,66.67886988913831,1.0181391705873,1
-94.43552657896981,-25.076444752828774,1.4920793303609177,0
-11.301109928737306,86.8026453555473,1.0936245967856257,1
83.5102998863907,-4.703226210031334,0.9482034220330394,1
-29.431993657958987,78.35998500749244,0.9203302564829431,1
0.20799681427789213,100.70512424621249,1.3725116594261717,0
-15.291979776653182,-102.16057520525419,1.2757361065999717,0
-38.54270791754984,-19.16251352053435,0.7418194652013368,1
50.6322634668484,90.17513833950134,1.2642129978612515,1
20.50421928648157,87.97011929817496,1.1662155976365187,1
-31.179670593882285,-24.021854298547098,0.9549722646284828,1
-15.543084690231751,100.76446725264664,1.1500680996927028,1
17.86668931306431,92.73132044871015,0.7350863831758278,1
48.316593306424586,16.951740363648167,1.017918935462622,1
-70.533734505589,-15.332209613159609,1.0671424091923924,1
-36.00509194943807,97.4699489906224,1.033949097376569,1
34.86224793562412,94.84183956389332,1.3114237329956913,1
93.86539567157274,-22.841650152574992,1.4115392729825373,1
106.48404042997596,3.461618342641816,1.206749382109675,1
20.378253283313423,97.46183214899132,1.3074265226450115,1
90.22648904022587,35.03754221082332,1.3969095002719107,1
2.8562369550400746,95.39039863010234,1.109961288384606,1
-23.13012849280191,85.4111975716077,1.1136101929851072,1
76.04347298364262,-36.95460307780267,1.1880992326953632,1
92.20654096197454,40.200600653577695,1.0729744144760005,0
-69.39893707156573,-46.604619527368094,1.0314396533360601,1
42.567919449537165,-39.667392446035585,1.1159920219447452,1
-33.3355982686386,29.140832584562247,1.0286838796216835,1
-4.756896839356563,-24.570653973826143,0.9768063808376429,1
-71.21716563345846,59.918056641660264,0.8891433496531009,1
43.46721303507848,-14.982800823362565,0.920019489953956,1
44.237879820557424,13.455662762752812,1.1144280931483879,1
-79.96827821965972,-21.778042200589518,1.0818273160707497,1
63.2071385730953,57.020779991306,1.0629272204276863,1
-44.466942866755325,9.393428777880025,0.966952677145414,1
-82.87355422096199,-50.90175632591364,1.0133016253088774,0
-53.48594502587636,45.01843243962286,0.9738623558310547,1
27.81953089957406,93.02420963062043,0.8613972466504447,1
-92.82942397653984,36.901683562422186,1.183285692969773,1
80.47530075702825,-19.006508892389572,0.9472040401289298,1
30.103538927988698,96.70518551009918,0.980489701754505,1
-69.1803293086962,-63.80152280271718,1.398983219626514,1
52.04202644300069,74.2367453276378,1.2256927761353869,1
-86.69971451353243,-10.502772470703887,1.101860919956157,1
80.3743759870234,-50.39774037851519,1.385136236391793,0
31.667978734821865,94.87315559883265,1.3704790410748813,1
61.77564140215603,86.22163986355734,1.108628327307982,1
43.19536180274212,97.76509910080543,1.082771177248709,1
-9.942958822702959,101.6258720486111,0.9666700516564609,1
6.668056062768404,-51.49846547616893,1.1600930575681003,1
-68.25190702066695,-9.556520297030689,1.1100008882997232,1
-72.68177567982138,-41.17136941081418,1.0179160051198002,1
100.64112522643467,35.92068926793397,1.2047354170456792,1
77.31429058585346,67.77391145574273,1.1457380441251377,0
-33.050357991430964,-93.26978133733462,1.5054020662585712,1
-84.34509246689242,19.809735805686753,1.3146976309254685,1
29.518846128878238,81.38846103988286,1.124559366762691,1
22.056204555503122,50.86543562376213,1.1752432776207242,1
85.67602110172278,30.364868258748093,1.028920415045951,1
-8.767230798649857,95.77110457858018,0.7693311014174752,1
-88.86299236973478,41.14645412977115,1.2875200938476437,0
78.40609966245378,2.319658460703594,1.1613191840300765,1
70.11475219495019,-25.845517188206156,0.8300415047662117,1
79.95406952462706,-64.62308865081775,1.2165909405745838,1
-79.1746391967475,20.185320467097984,0.9112438447704505,1
-79.83611054699736,43.91334222900775,0.9970585045734832,1
-63.228815611977325,61.83781344267504,1.2127359174065482,1
-14.374549067210843,-45.36033089284175,1.0554781609230255,1
-50.36001879902171,-62.88387636375216,0.7689121158437852,1
62.650040439058564,81.01892576408886,1.1644813274698125,1
-92.90771280877681,13.187649867086424,1.1219318425879383,1
-63.25687185266808,-65.57273018781389,1.5277677872306976,1
-23.830255700543688,-72.208181400922,1.0874383520659079,1
30.63738696061244,-91.84826643562123,1.0496168501075254,1
94.80135881364569,35.2790992976782,0.8697376033453746,1
25.247885407023055,17.64615149661151,1.0952783101170538,1
-57.62984956977453,90.03110193939001,1.1011193137658957,0
8.13870867919253,-94.20222384597628,0.8447674005080414,1
-62.84626907199843,-75.60033361512092,1.1147385808456827,1
94.1395581391105,-4.861814424336387,1.409006339777642,1
44.4177411446538,93.1875075868135,1.340290888296884,1
-18.734885466423094,96.5959458039267,1.3326821277186756,1
31.87023333012003,-96.99106241008843,1.193805718921481,0
94.89901830193381,-15.27693524607801,1.1632691188043929,1
-47.15723206800664,57.334829610481,1.2615971600131244,1
-34.295051449495105,-76.72072969138455,1.147466141353146,1
60.47640706420901,-37.12743134860364,0.9966295503141815,1
53.763695062675744,90.1202493293029,1.2244263180244095,1
-57.79799647439481,1.576750043719491,1.1402715702990325,1
-61.011943577268454,-47.708472539226854,0.9493384967777236,1
-86.53912945080474,-45.40978292577112,1.3146859234755095,1
9.43943437104463,103.8425732684195,1.0916528511315875,1
70.42121474748333,24.775513866452815,1.0395135488697296,1
-91.65865729917898,-15.36977070962964,1.5123485809740354,1
-94.76144716485456,-16.996029540378466,1.0014758878259487,1
88.79422470879338,-26.22713928333175,1.1516345249488968,1
22.029844404541084,-57.49863449056974,1.0000518982248456,1
-75.15418991909463,43.199001190436675,1.3579636142663465,1
-42.66281323421964,27.338959048642124,0.8555867751658442,1
-0.02785142527367145,89.19418943895307,1.0976128324124488,1
-99.07216160268416,39.488679133862824,0.7934465242402913,1
45.73122113981206,-89.01725097250856,1.0203928559220423,1
9.698264157798503,-33.61269153028998,0.9861784235443851,1
101.88937546824585,1.9179504222555321,1.4224822966840986,1
13.041303287012008,61.5468391540988,1.1036340550744739,1
69.4972962208144,59.99676413729496,1.1242810255061766,1
-76.86896219400393,54.233525937277946,0.9570281537968214,1
14.226905907298523,26.974901132564764,0.8972003666873125,1
88.98172285186533,46.20432089651971,0.9073089760335744,1
57.581183434195076,81.73819906127616,1.0376257893185425,1
-78.99459962622839,16.90183636608332,0.9761081604397072,1
66.78547172359595,-52.74835338566236,1.1522466983461088,1
-72.5773328350451,-54.86904850322483,1.054644497704571,1
-45.098149094286434,92.29437860805302,1.2621962731132959,1
63.28772203022049,85.03504326475053,1.0945356919776135,1
63.7177311567944,-80.48555514542448,1.1331443457737518,0
-23.16381615838495,-97.61710316691189,1.2726685471364314,1
66.98394375707115,-64.29501524428517,0.8456113232879213,1
-24.28922798117439,87.36602188398888,1.2482514547070969,1
-44.18865653075566,-47.4419400361278,1.0400135109451982,1
69.40973055704414,82.8082555012027,0.940644449808235,1
27.954602144577994,19.323825244428082,0.9911904041800857,1
-69.14812609822351,48.71214280366245,0.9227660230613761,1
-71.20952569241821,37.24234782751286,1.0461456294050824,1
99.39364045719971,-19.158218196685546,0.9095731569442816,0
30.63192589683328,-58.334810235718116,1.0729736827814091,1
-28.42874553185073,85.5655466032968,0.8889508352263213,1
-84.97469850999092,28.718180836074136,1.1498629923097934,1
94.18857889367486,-30.36658866250555,1.1286169415782492,1
-5.050118729771275,-99.81541238302681,1.041530546749303,1
23.217644393769643,-43.74692996299753,0.9530772396812135,1
-23.203402187663798,8.288963953609343,1.0031854506456266,1
56.89510579080184,87.36884987486282,1.5356412931999017,0
-77.6804102308147,69.73606968575086,1.2333988251019254,1
-75.09858310794478,-25.96449121138612,1.1449871191795828,1
-49.29702273440968,91.49193202403151,1.0860354237947247,1
-51.66996416772702,-9.800916553807218,0.8558446547619822,1
-29.367428990279098,-66.4256492777215,1.0096361501154416,1
52.958586724824954,-59.70222537334836,0.8514313837169469,1
65.01731997079068,-40.45236287940687,1.2899324410584116,1
50.383228320083106,74.72258886675013,0.896047130197758,1
-26.359797525765813,-66.6171935138018,1.0413285531569414,1
-80.33743620192357,-55.82638509494042,1.3321847234154456,0
43.46381191123231,-93.85826394000779,1.1860377107767164,1
-92.66169188552598,16.549714775123245,0.9574101969475926,1
-49.74728744300081,93.74789747119942,1.049022218123154,1
44.14172391625192,77.56940240722392,1.1892048507871957,0
49.962671798450565,-69.49209120035344,0.9826678004375933,1
-43.187730684671756,-71.43521960893258,1.2269717653063905,1
26.513290886665168,-4.450404563958493,1.1126143924515302,1
45.87129742574731,-51.549355386976664,0.9899131365393214,1
-102.47514158070635,23.850568033113962,1.1141148371833902,1
-22.395156991156345,83.69005151924253,0.9007538512990202,1
80.43262461741588,-57.13367345207989,1.285349181058325,1
8.72619968105917,-65.76765935563087,1.041791302187476,1
-83.41113775835633,1.144419630302847,1.1701700635251806,1
91.42613303182245,49.78163753417167,1.2581123458440684,0
67.31261005182171,-68.43095189742631,1.054233059017859,1
45.73311150804328,-84.6436950326999,0.9155717514431528,1
-7.589513387077209,-15.951903825498956,0.8785440898110428,1
90.02795444661405,45.271306615330325,0.9869020757012062,1
64.69607576822612,-6.316703252070132,0.8520539976990538,1
-54.58752756253237,58.151497218462275,1.0977982397974526,1
-19.058048239056717,-40.92198547532795,1.0507302927894733,1
-47.37726377804545,69.5111893205411,1.1693772440324157,1
-101.03900273034435,-9.43964378025721,1.1645798151802116,1
74.22205896683174,69.41569871960277,1.1567708898317537,1
10.41463618620879,5.785459775801561,1.1473101431243828,1
41.96958669335036,62.56914003880152,1.1604090616666811,1
-69.53888159481322,-23.67259742561518,1.037107649803392,1
-74.38348994060902,74.62570345928125,1.3458872871755252,1
-25.191614160041553,93.49899987491564,1.2194299469326921,1
-47.09435915285174,96.1680902880845,1.1203925175356575,1
-50.409339031277185,81.1103132532681,1.0353539544160097,1
-57.13815934292492,-46.394231945109986,1.0843424988738004,1
-72.21229235561965,11.661935204533247,0.9502980825127948,1
75.94500735323878,-48.16806844947897,1.3369632907998148,1
-30.480108323772846,93.07209082852928,1.4657079238568966,1
94.03898978696303,36.74636191632446,1.1389868213463916,1
-27.748375000165186,96.19937992378853,1.0159795151268958,1
4.216506847682857,80.51648107868292,0.8546550644019154,1
77.58014509982947,-67.37004795865643,1.2086572553371695,1
-88.46357530619244,-27.126964362779894,0.9864711475073732,1
12.28539322973217,-76.01787445424549,1.000596214495726,1
-36.509040820000514,79.33478489207117,0.9597276961821131,1
-59.46026101154991,51.48842351389768,1.2031085042857261,1
50.152148526015566,63.45294480827631,1.1792002071171723,1
11.412641122032625,-93.08756927646454,1.2138007699037703,1
-60.980695636717506,-18.01987215206953,1.2677251964203706,1
6.856841215764805,-100.09532713437791,1.1302845886252146,1
-83.57934210377965,53.215718270416126,0.8576177162401092,1
-87.69836411083996,-9.167534384900463,0.946722036519193,1
13.70232894508905,105.4929961196588,1.198975663194255,0
-27.271582302820477,-44.183323279107505,1.0279471179091422,1
53.92668919922057,81.8983819911256,0.9979659898336095,1
-36.495088832434185,71.29938595132009,1.0700064681981387,1
61.60934209289481,-77.43690919842199,0.9567164840953036,1
82.83995524987483,-3.1250668899293164,1.1696226254249527,1
69.78225241275011,30.979646721462235,1.0934285061779057,1
-28.09280429271631,62.40111832567507,1.0774021653529497,1
-100.5977412755276,20.33261165844916,1.0449387693652192,1
-20.751791750318432,89.3338280916951,1.2521218445236157,1
57.948966100219344,-69.93187199845536,0.9263002843128656,1
-94.47263999408185,-20.178357610779553,1.190626327052679,1
-83.45351919430799,37.71001066099286,1.0670119229298063,1
-53.68172325419982,-37.280398702693795,0.9455245446663492,1
-6.425645173236769,-96.91010544842622,1.0291848054080817,1
-57.667195188716725,-61.707290172533746,1.18870106188591,1
59.776309678936855,66.85245355151004,1.258061008748211,1
22.395487972002456,-91.53959326587308,1.1871222431773005,0
-67.74606003046905,69.42980528565049,1.4262875468167628,1
-100.27627155534948,2.26153573222264,1.3362901139296581,0
18.843502553686893,-80.44917746235892,1.313062700398912,1
-76.49105833223116,-15.64913962489457,1.0891886634644257,1
19.153909533321666,-43.860545614141145,0.7373767580870179,1
32.698306203541755,62.4348332089011,0.9076894982533356,1
102.8399219585671,16.735041928260134,1.074131538569419,0
40.6847101979204,-86.55067437201954,1.00310102236111,1
97.09328213003386,-15.1554601835382,1.279226660610055,1
94.17031075451688,-32.488687581745125,1.0783359675360737,1
66.56440905721001,42.99315103184063,1.107199547343917,1
-95.48187823919966,-34.215475948713156,1.3293725184178284,0
-93.01157541552656,-30.721862790946197,1.1601469605803945,1
-45.85906997074912,-90.75522786038997,1.2888002906430789,1
68.72596276359444,-58.29067643874598,1.1599595758949512,1
83.97526082613165,2.6898049562386634,1.2621158586851933,1
91.44493274388218,-29.609546494078693,1.0328017363579025,1
-43.81695207893017,90.39119525995444,1.3957844918156923,1
34.880112233653186,104.3099175193037,1.1919566572592228,1
-9.498407226988487,-98.94861553672655,1.533199527746426,0
102.70823511866463,-17.259680852647577,1.2494130643037626,1
-34.62727916525967,-49.58826906727156,1.2364834993045304,1
-61.12625874616673,-14.082048467384537,1.0720821034521124,1
49.150316971049484,69.85040302503711,0.9941605707129784,1
-40.36093987595454,99.01604150231998,1.3446566371872233,1
-48.97865213171228,75.87736658223531,1.1382128645712841,1
20.7818051583759,-70.07882789278558,0.792925235676393,1
-72.06556289564126,-63.51277435168479,1.1152301622180316,1
-64.01068129074493,56.943486050777814,1.1823679092642119,1
92.610084832813,-3.261074235720917,1.0842607832891367,1
84.07972630207689,-52.256138601339096,1.2115068209993527,1
-55.59017887238477,75.58243832338111,0.8545218305630068,1
-96.26416662380977,20.37117517036654,0.9575941193680707,1
-41.93879727025735,-92.92506949409228,1.2177609260575972,1
-97.72991835309129,13.375280521561733,1.1108973774038535,1
31.026191463118828,25.810271351227083,1.0361819990139833,1
94.07890094849046,-40.46919213131818,0.9115941668057693,1
-57.100063715251736,-32.55367424071704,0.8021676015728183,1
36.60973812827449,69.30395002065987,1.1564288324813665,1
23.95364672644828,-20.19370431450178,1.0306822728564875,1
-19.35986674559391,72.76639569895647,1.0374669033780346,1
71.16684495327355,-13.135343531816346,0.9691085079020714,1
-16.950721652659198,-86.00128952808417,1.3652923428870705,1
-55.421551152091425,56.58963992806947,1.0511531656093385,1
-87.14512029381824,36.570910771858486,1.1181630637893325,0
83.45454974989212,-18.50053384630879,1.1729215337087184,1
74.63944217276236,-58.30356229516717,0.952026048663233,1
-37.09405551570876,87.82497743517614,1.4000535102145768,1
31.34001522795789,-86.38915303638984,1.2062354526729493,1
-86.53238893779732,12.697862659773607,1.1911133299351508,1
-6.3779763876722155,86.86859542860103,1.0828862658448999,1
5.2639193767251005,-63.70345097147224,1.0479785499134024,1
45.32549933369057,80.55575543874626,0.8195396645086697,1
29.63758115241337,-86.11587401396766,1.118764725775692,1
64.23931239373782,4.7672356260111695,0.8031765292713436,1
-81.00921257952467,-39.63981953501464,0.8134156656511,1
87.59621391387581,-40.71182089379849,1.0089077989007762,1
17.36945945597245,-98.35935625291026,1.1763302804497648,1
-86.60095002475151,62.50063622329932,1.295232279474825,1
-83.28920708394594,-13.596297503429543,1.116852506240994,1
-74.05377486801903,72.33901325287374,0.9726401572706669,1
82.70306663610657,-6.109906419413064,1.0257850120008016,1
-59.968574842272055,-65.53328961195288,1.0429108885121667,1
34.59773676059438,84.7616351066473,0.9666500911910921,1
63.44794775837538,-53.395504022527604,0.854542578439281,1
62.33394724119148,-52.29268927046378,0.8776349003803652,1
-73.05776992101603,12.668917071364172,0.7751462165333924,1
73.42630395901239,51.805640396560214,1.1879871699391287,1
26.003284268017293,103.25518042712126,0.9759169527121891,1
83.63461647086127,52.59098937735425,0.9356184890345796,1
-56.88157627862992,78.38707338001889,1.214704160699893,0
-83.11438713362261,-0.9903639163493182,1.0419834111843802,1
70.86501987989695,-6.08846815127477,0.7856948907677279,1
-57.260789648601914,-59.36635739929195,1.3002272338672085,1
-98.01195068059948,27.759515570274637,0.9861142049838293,1
-1.1722173401950737,-2.7744934529984437,1.0860831519286138,1
69.33675620575887,-24.718772917327072,0.983991980975437,1
-14.067370748144674,88.3154289518698,0.8053192375159309,1
-95.67650474817297,39.87970760213307,1.1909978890985318,1
100.52222106468938,-4.518358146322026,1.3062150741220022,1
-82.0809354240558,-38.21215547548592,1.3727414623705685,1
106.26515176374056,-6.052977713880074,1.208252086064884,1
-87.13966991705234,47.77187105589562,1.2203946364235418,1
-73.02263914595491,-43.20743519570764,1.0866894534094955,1
-78.65616113967107,18.570447278516262,0.9393945490716773,1
-80.71598822707192,34.70145489991713,0.9960847860918473,0
40.18125124233492,35.892131750188554,0.9925164158266885,1
76.84068975881331,3.2335504742739847,1.1474085560924743,1
-103.28575887798355,11.233356037489596,1.3373889158188061,0
48.90261822905108,86.42981746602672,1.0921312343274514,0
6.23631827636643,-83.8899335152799,0.8497874622170296,1
70.96424643029808,-65.67099416950813,1.4026799967816215,1
81.52424795644275,-59.1027138182638,1.0303913916148413,1
91.49193202403151,44.11665763350561,1.0654454672656364,1
-25.1199962093378,65.65575630765628,0.8896848815777653,1
1.3709328486635686,96.72692876681859,1.2009732063445755,1
-62.42241647441376,80.92723109007204,0.8931219309179573,1
-49.97793582632784,-75.2493063405622,1.26570929814342,1
-91.03464173068667,-10.084097802130378,0.958531488492187,1
84.59337101714812,49.23391258990654,1.3923349364779354,1
-91.89766592272179,55.51756776057729,1.1118243154829854,1
-62.54965926046801,32.22874094585746,1.078646583743227,1
-93.82680984280817,46.34477165539984,1.0656873832516702,1
-87.49852913552624,10.545041104354546,1.0972293539054585,1
-97.04829136613024,0.6002715078721741,1.0972959333563344,1
-66.30405910022074,-48.55189318511017,1.1902805446669138,1
-77.3729304957933,74.18449933046267,1.2622714103455368,1
-7.118181574753422,93.37190323000476,0.9118943939376483,1
-62.90927546227217,-51.30311360199958,1.0895182573399507,1
-61.42203360643886,-53.30923478681583,1.0613839645358598,1
-76.76219271547619,-12.922328394742454,0.7341474129373593,1
12.903167451791008,-71.98200861982023,0.9984900315576172,1
-86.0618756570111,25.771636284055017,1.350808980235036,1
-21.87928393999346,-17.051040430049447,0.9917680326795845,1
7.497097294123621,-72.40737584218185,1.037136296712558,1
-42.00273445523348,65.42021282534175,1.0082158404565722,1
95.09266966718387,23.68086252425045,0.8901663645393046,1
72.06904432380048,-73.08562134628971,1.1950410144433377,0
12.000482864795915,68.36828619056054,0.8987372396212552,1
80.60480988455089,7.954367058162378,0.8552040345699305,1
27.278765866264926,99.28549973097098,1.0404273581104517,1
65.87340773596686,82.32315578823281,1.1702842172406793,1
66.98226820341164,-6.609388965313801,1.197339001379204,1
-101.00747858964996,-12.742027062707596,0.9252029967787443,1
18.68097703619734,-90.62120851810707,0.9143434817219357,1
-21.25150784085595,-88.9108882224974,1.1679140300322117,1
-3.734876129200185,95.19338644290329,1.0005028721579425,1
19.619737595290367,-87.07668536314577,0.9008373180187055,1
41.01992728588857,-79.80477769356447,0.9985392231596882,1
40.01553526195656,-77.273779421819,0.9003493584632207,1
67.323515307241,-19.027774140457137,1.1572477577130218,1
-91.15622288010772,28.468135404737787,1.0602817027806715,0
-62.816104562252875,51.92480470898117,0.9731992488559399,1
22.427295128205504,-85.82624933039126,1.4810924416637423,1
34.45094708966335,-50.49336804730174,0.8804122290406553,1
63.61613675323925,-67.16719347563318,1.0292507100614583,1
-66.76478133840689,36.47144139588106,0.8718894524180698,1
-83.18066884486215,56.85749106370146,1.2050028711242982,1
12.67321765909025,87.80325649440294,1.0747510960995832,1
-7.286158673961202,-94.09340569283775,1.258413293671176,1
26.244398035386585,-92.81686411205075,1.234020910415653,1
23.769248348390484,-81.71316706893035,0.9832687376179193,1
78.3176024038151,53.21499171149596,1.2014201139208258,1
-90.80430291626112,-30.5334422534106,1.2377329060582891,1
-54.63934578091205,83.15996831390534,1.2376845196444641,1
-78.20275921965717,-48.24450838898665,0.8436706607756537,1
-97.19978229612352,45.8888672501022,1.4816376633257955,1
-82.34273882162836,-52.69559290343021,0.9330004615609675,1
-8.591266263856246,39.366192758196846,0.8113662996313076,1
70.48529724424344,54.459223862309166,1.0056651545774427,1
26.137296645470517,39.61042362161214,0.9833668993154728,1
-37.707165159339496,-82.63297999026985,1.1266352625013145,1
-74.06290796526787,60.905098910974665,1.1810179456899865,1
-49.60522765748538,84.0075183549682,1.0125463282940466,0
71.61645866310322,-40.37760379051437,0.7976320476921219,1
-48.26199414267663,39.507594893527845,1.2899192839369964,1
-10.61826774816791,98.59457429334988,1.2820058792038393,1
75.41264888588384,-44.856358722391825,1.0625088112626664,1
-71.65218911000036,-11.08853192014397,1.1420161092781351,1
0.8813628449508965,109.68924470808655,1.1389544438235863,1
35.19833808797637,-73.02203947411888,0.9006985814190503,1
-98.19089608798286,-2.4000965729591943,0.9289043847820204,1
-36.57283310137174,-86.56457678081024,1.3663718585153768,1
49.34924415679782,39.631583470683715,1.0785215420230745,1
85.61992319549779,35.38059390599535,1.1001318665160709,1
45.72564199897822,57.97424718960752,0.8898744494159071,1
79.2358390391252,69.00483784451288,0.9054644650089702,1
-34.3022438505273,-72.29694396714565,1.0480324870627726,1
84.26187609439272,-54.25283571904472,1.1252255121441623,0
96.00541021977142,-29.0536784646582,1.2976761903764307,1
-78.96753470299731,60.24360442831181,0.9564627796519862,1
5.774197275489281,-80.17629581284014,1.0906139336195497,1
23.475537879717262,-98.4661431542933,1.160969728701437,1
-71.08000223311589,-51.824539577995935,0.9866941466934808,1
-60.942930992278626,-51.11184992872585,1.1013885415147582,1
10.816101005032762,-63.91902100309051,0.9422660271266237,1
-95.43709873768748,-22.5097437316974,1.506708895517717,0
-40.80233802593796,-80.0310705239131,1.066572498451213,1
-96.96807926134204,-30.458875707799493,1.229117980181895,0
-22.269601771328848,-90.63609751312178,0.8772251367509963,1
96.72528276326115,16.97170753750161,1.299292994512537,1
-42.299352134398134,70.1438145517575,1.0568247833637434,1
-75.42149580920606,70.65595311296642,1.3035856638910501,0
46.083396741293,-22.019765304835396,0.8558958164925773,1
94.53330766391716,12.336788824975581,1.0870854499572349,0
92.75488703932633,41.979596348083035,0.9266258192793956,1
38.741595304980834,-74.43976552557477,1.0874753593507427,1
30.204870709303556,79.52431044454326,0.9369510216411315,1
-32.62083370591599,-83.91604805783292,1.0056274518288675,1
39.45821255128644,92.13624140448245,1.200198887166075,1
19.525468385759392,-60.22028695598965,0.9872178770893133,1
-61.91151958665358,70.89140544068252,1.12780644433432,1
-47.72888802212564,-78.28737236302892,1.0891308124878873,1
92.08977727344065,26.851174948762775,1.3424114133492095,1
91.24506711819664,25.001718078630116,0.867180456007053,1
-47.86305070342707,-82.57307763605391,1.232783157658836,1
-75.84937795782234,-19.724777256322504,0.9719873270646421,1
29.02751500455262,-93.39469075977414,0.8548785035430375,1
97.92426361264108,12.375466368783053,0.8761446968917027,1
45.35430534410467,-50.01506729224668,0.8319355611907516,1
-32.94823609876082,92.52707666336985,1.0575171867049629,1
-73.19476242906727,-72.02905860037964,1.452037824560608,1
-27.142852248332737,60.657946767369594,1.080727923791212,1
-64.63565959955552,71.98200861982022,0.9246026273952327,1
29.695459156717263,-60.442085009247506,1.1090822677161802,0
-67.55363200130546,-51.761873871130156,1.0499696694957945,1
79.33030877015219,70.71377407610812,1.0568645474172704,0
-56.81690755830268,-76.88560018206712,1.039253773058644,1
34.87419454181385,-79.87108675548059,0.9484303328750029,1
12.353745428009834,-64.54567807174826,1.0808273897908696,1
108.34482945713394,4.022302838024535,1.2232105588254547,0
-68.01403311297237,-65.6711030113785,1.0290863339217027,1
-88.49392503207206,-46.462145519053195,1.1458445005049662,1
3.6305680493849044,-35.12109648664436,1.1514821050743316,1
-29.595415991550148,-95.01349900201801,1.0748090364066238,1
-4.111361866134958,79.31512506246621,1.0765797642465929,1
-53.84516048160126,59.6159757983073,1.0077740130810593,1
-67.34030193537941,33.49015372456462,1.0482078058928233,1
-105.36973076823857,2.32606606840758,1.1134048283137694,1
22.98488605398247,-88.56454828901602,1.0937368860820815,1
94.45810881567817,6.452061178900197,1.2365797631753848,1
46.619705010601415,-69.17219768721004,0.8603795334041455,1
-66.87877054275097,50.554835948115546,1.1517365728830942,1
-10.839560474782513,50.73994080531905,0.9230622139414155,1
-33.94116568469693,74.92690271856911,1.0779659624400961,1
92.77866787167545,53.31180568761032,1.0878971052338415,0
93.28546777225885,19.76346741359924,0.8065561082143692,1
29.056834959522547,-94.92099950372672,1.0267159973212656,1
-56.8450828373586,-75.31252091650049,0.9648879232329552,1
-85.00362114392897,-42.92118876406622,1.4331444831707334,0
105.80777246115917,12.1870770218067,1.195248644943055,1
-63.23201917967312,75.25919299368965,1.037915724345779,0
-86.0237688619661,-31.47675246346816,1.0807455632784064,1
62.42241647441376,-57.55660864718889,1.329922511665142,1
-22.20872651323067,62.93642271943517,1.0865277100551594,1
93.83145174702042,-47.78469034204897,1.1587558476531685,1
4.891358872892966,-93.61569858274285,1.2500991132266077,1
17.637063200435566,101.65177641375932,1.3734538960026583,0
-51.412978313985576,-77.82742059178631,1.2421535724596622,1
72.50108955835839,-43.79706252849016,1.259082786853454,0
39.62192909007415,7.48793760078496,1.0423610252961404,1
73.60534883577172,-45.23031676694882,0.8734800013283032,1
-75.26998228456144,-29.093824663250906,0.9127809827726019,1
-15.825179840503713,-87.35599537089037,0.8323143413696877,1
39.29868491494162,-85.69462546793726,0.9676230101985871,1
-33.0051325818199,-90.75068623424778,1.4529156862070933,0
-12.879056075054079,-86.07260169427929,0.807128763128296,1
45.29605837297942,70.86366677421562,0.9315614056186696,1
81.99607746449855,11.266494106719133,1.0176283649406472,1
2.184347496464145,82.4967174156414,1.1828545796196497,0
37.06885446800144,-86.14863608527644,1.1383001597010527,1
55.11089361510438,-88.12031153331883,1.122489461070288,1
9.470695524584073,-56.30649991687419,1.0029404067168572,1
97.23545294396936,26.154159417499866,1.2540165257601994,1
100.13524206555459,-7.626986213809041,1.0727725040359846,1
-71.96871589412143,17.700213748360273,1.0003677184298705,1
50.323860808315544,-35.1389705762088,0.7963907348123422,1
-6.17907517133096,35.10461956311056,1.0970405570765986,1
-53.367309599405736,-29.208187562009797,0.9898731978554797,1
7.950711558595205,109.15582814682185,1.3984771022252092,1
-39.624008495128514,-43.43215529697174,0.8632798929889958,1
17.140664023726735,-42.21544381503547,1.160353713712927,1
70.45415900480704,-38.63430350713408,0.8546641179277772,1
57.306535614613935,-75.78539925519367,0.8079479990977998,1
-93.29670438176584,-44.49981366977064,1.2146517913279429,1
-60.13401230839769,-28.58057558734266,1.015261644058884,1
8.385810955129175,-91.69701979195587,0.7812849381048519,1
-59.5811615167152,29.487696508506357,0.9354463393645946,1
79.88928144979258,-12.954710673888385,0.8824846731990179,1
84.52418288765858,24.42607633562722,0.8901408095098022,1
-25.857167184684968,-54.80440198378571,0.8444137081186266,1
86.62907317124736,-21.268740910244045,0.745424201609137,1
-94.46690400260673,24.8387072845343,1.253512689782204,1
-71.80215450068003,80.0612822394642,1.086651712729029,0
41.85002568304141,92.80657855530075,1.417116545750045,1
-84.62220390887093,-35.96619913427575,1.1740245113246637,1
99.60932707617958,20.42319107016212,0.969789891222452,1
81.38089308833972,-37.911295311773735,0.9671539006586268,1
-94.89045361498471,35.32014119997496,1.3202683740717427,1
-88.17482727393649,0.7269221996429844,1.1202911293907931,1
10.006004321731556,-100.88267304199002,1.0367262492094071,0
36.78831704569289,-26.988819338078862,1.085980468806414,1
-96.39734526380357,27.67492496235041,0.9312679179206766,0
-16.892787861558915,-93.6737767426485,1.3842487692929815,1
-4.094159515230643,-87.83643245686132,1.3961932484017054,1
8.810061141717776,-86.92102164088087,0.8456278747578011,1
-1.6158800127531945,-70.89281895286747,1.0858355283986747,1
-88.21488417675658,-25.092086272666506,1.1782131104346154,1
52.85299441420484,44.09945528260126,1.0948482029832132,1
11.696746020293425,-79.57010101581204,1.0477718496787856,1
29.867772424094568,-13.764846646034023,0.8349556620930663,1
-62.903404374576226,48.736632850023774,1.1243861732665645,1
81.9203255383109,-28.84479277510561,1.091990439139507,1
-92.51646659659895,1.1080888483884705,1.136017643154999,1
29.28091586853842,104.2407600161664,1.339260288279593,1
0.4005690282008425,23.707297024867913,1.0579170610518032,1
11.913258975509756,91.02109238866166,1.2124560181658557,0
-88.48106341043405,-20.71465947418897,1.3275653506883804,1
58.05165407876906,-83.1782815798387,1.062235607280775,1
-73.40017308510696,-49.607528489150006,0.9054708320117743,1
63.81159407703489,75.95978896515729,0.827712409522684,1
-67.41955653545311,-41.82280129381422,0.9672946314566376,1
42.87337000928862,-86.72432504568336,0.9994716183567267,0
54.85935023906705,59.384709499159804,1.1378130211977364,1
70.88577652104826,75.230598863742,1.2512791601890565,1
-35.801190792012335,82.88220881986418,0.9964014487590774,1
-59.631822298894036,-72.63603691676418,1.1073530395664186,1
-78.4960285078677,-53.57435893124796,1.4259824033699835,0
-44.603409868230464,74.04171867494338,0.9463939054147188,1
-75.70017389385622,35.91017463003976,1.0099618007438027,1
-101.25129131960142,-17.76407879889811,1.2463758596025392,1
53.319021738703974,-69.9463226270896,0.856895335447479,1
37.199059881155904,-17.75180218381038,1.2569058230368042,1
32.03624402015642,-71.47727258628909,1.0164879824598783,1
102.5331145131767,-9.585277847441704,1.2527527161705234,1
-42.24727781460827,-85.06472530013612,1.2229312185974297,1
-42.150093814408734,97.85193158266341,1.047509686073324,0
30.479180973319785,-80.55972210552292,1.0590255673553006,1
-94.50755930544983,38.09051863857639,1.4366753282940696,1
39.10061594171625,-44.13615363119718,0.9831825214392709,1
-97.15112739790997,11.283040861832628,1.274636443469171,1
-39.78111909923643,78.62921545180467,1.0588991476358263,1
-97.89911844308831,-28.544993693297904,1.3025119810655559,1
85.64052164543978,32.35900438281457,1.157194057811311,1
-62.394155469356654,-54.69880666623948,1.1282555120226492,1
-11.509601494347335,-81.25131109371611,1.0069871804278794,1
33.22810895760849,96.36762970456378,1.3051963356527825,1
86.33438636820462,-58.84151893922662,1.545912530359166,0
-36.722104223344154,57.67948258221982,1.0532756006513146,1
84.31670858790028,-20.167913326301935,0.7410840893187449,1
-93.17055112269834,7.71096386450011,1.1095678998011427,0
-35.20768297408794,100.24946455852357,1.0105184363282895,1
-97.72958007667096,5.258134849937489,1.131311105299179,0
-13.506108927123618,103.94261851973155,1.2429540859328752,1
-24.954144112971257,-75.58803526051744,0.9387196996889692,1
103.83909775100422,-22.628384601789847,1.129759083122632,1
-23.589162513045316,-74.35733731816104,1.095933646093864,1
58.047244269767404,43.490000564847854,0.9698717572073128,1
-47.934445313328204,-3.065799197433314,1.0747362298302061,1
65.7279710746159,-66.72644467067722,1.1494748836024982,1
58.529770212633856,23.30732118118101,0.8100225391844826,1
104.93581500363581,19.580108995900957,1.2431702505396913,1
-63.650453687951476,-23.83684125922908,1.012171431218233,1
-36.43697525710487,-77.39841454991871,1.2760452377473441,1
45.5123938318797,-74.09365304511543,0.9968149468556946,1
-47.13853727569964,83.44441742134275,1.3140126202368014,1
41.53841140817085,-9.668423345005284,0.977866830558448,1
-47.423478780422656,91.53628006273651,1.1540636768253099,1
-33.73802294402153,1.6531810287447257,0.7456197695379271,1
-76.3984489132177,65.84456726860249,1.256549358866414,1
100.04085371856252,7.843107943516471,0.9162458294652264,1
41.84063916014065,-73.09328048823998,1.0481603113431257,1
-43.52686274535713,-83.32695904122613,1.1879079432132902,1
-74.75935274811138,57.45024896902612,1.2433086718522397,1
95.45636253206632,-0.20888568955259287,1.121961954040855,1
89.52400894877299,25.710530188824816,1.116430591600405,1
-70.37465094089018,-47.96794327918866,1.1219208831960592,1
0.9520789850133486,105.01673072337825,1.0838434888283217,1
47.810248120535405,40.813806259874184,0.9012155944229023,1
93.11446573152914,-36.72887889435666,0.9044891923886397,1
80.83092864349155,-62.88895344648434,1.1580379130316936,1
76.45216237624551,70.91408053198265,0.8691086056194153,1
91.54353907674452,-36.294502929436504,1.320454691325711,1
37.13015998898175,-75.51071943123875,0.9394403957414927,1
85.39311261429471,68.05110130503992,1.1679813412563531,1
43.94358091930491,58.12990332120464,0.9920134943938251,1
74.13475996156214,-62.11277415813582,1.0407646566619229,1
-11.082270939618589,-91.31986686280685,1.1243300807999275,1
-51.196092060570585,71.42816313437797,0.8718328608009436,1
101.28690064633959,-30.285592636791677,1.0919268877448227,0
-77.7518955556838,64.46212379592721,1.0767252100196467,1
58.72194504702223,82.97775131786821,1.1235887652143317,1
-86.54773564151955,16.94020312538889,1.047830344664424,1
-23.59687996462977,-64.00545646083641,1.139667040004025,1
90.19922801382896,23.55514398646102,1.2052112879483494,1
73.77622675324032,67.23700527187837,1.0933329575560595,1
95.24920781015392,49.53257468220303,0.998210066760813,1
56.1066962138239,-69.86744271634946,0.9325476502270015,1
-37.4800608682921,-88.90771763613813,0.9346047441947789,1
-55.9442295663941,90.58211879842473,1.0422738176171444,0
-62.218770314920995,-80.37054261309794,1.4564816261790752,0
-32.36312013898584,32.694504893937065,1.1599477706539734,1
-61.38305984439469,-26.29559725120881,1.0156710985195525,1
67.12351737690854,80.23774075918256,1.334126337762103,0
21.787089190020342,106.92266085793531,1.155157870181668,0
10.140450747370876,95.19490561155457,0.9864528950346926,1
-3.148325112936523,108.40164636469225,1.0386674772665734,1
-19.82939563529171,65.74001272024891,1.0751463645202435,1
28.18414268483179,107.89877816928934,1.1737186679499731,1
-98.87329265380018,4.069972751177168,0.9237529460092739,1
47.61314829822049,57.84428411304091,1.0373168546449119,1
68.71249347899719,66.40203611281557,1.22380120772434,1
-91.73404952783109,47.55187774623856,1.3518536273952377,1
82.36780510437465,49.004582769036055,1.0953520767822695,0
-89.72765135381046,-12.77416332263875,0.7601365812205576,1
104.82199200902676,-9.759297065473724,1.0361301325983332,1
-91.06222431980906,-13.723789803604728,0.7710913147339067,1
-22.35346408134644,9.545402187748062,0.889981197699166,1
34.908798662972806,44.055325239551884,0.9933712696341934,1
71.78597743424011,67.07158810233797,0.8252895022535497,1
-14.168417914223797,-95.99789475580867,0.982468599583083,1
-91.33569697403739,51.301753064554056,1.260587486272504,1
-91.56713087227045,-29.264885106316928,0.6868216309602074,1
-22.417328967949963,56.456491232939065,1.166267362782607,1
82.82819974063915,50.94642644507932,1.274231980391779,1
-52.88985659471411,-69.0715346787209,0.8224471852700175,0
9.177044627676823,3.6485367108517863,0.7537640759933101,1
-25.759783235624578,91.24126919656841,1.1324721923491172,1
9.245280619597338,-2.210010595466345,1.1708897740193938,1
39.3627074574813,-1.257635910202796,1.1233699548427991,1
18.200906416348424,-73.4358530191062,1.0267837478536175,1
-73.50117727111174,29.517446894594144,1.1898958481885087,1
-2.007667363360099,89.22887234589768,1.0626711904012163,1
-70.10203741384699,-61.92131422664216,1.2136315837899343,1
-42.81743000799141,-87.61410362887217,1.4249208662580524,0
102.24536732219853,-15.050910217895483,1.3822733776114116,1
90.52437351002398,61.38732644571319,1.0499181278965755,1
51.28512300321015,65.18953749131036,1.0464364565024713,1
-65.24139530715605,-71.70491535816883,1.4203379127852036,1
-5.082316716012051,-97.97079877876654,1.0222660198283882,1
-32.98809244872143,-88.01290484975918,0.8674664977078832,1
-85.72967107365953,14.681679894267283,1.326543895498629,1
100.94963332177387,13.882864290263996,1.0512235424216128,1
66.0420591932704,10.668361853694654,0.873844801053427,1
43.86599480604251,24.940951332578454,0.8396966183010804,1
58.63826606332685,-71.93087839133273,1.2122758846619743,1
-19.37334429950383,4.8590025015923946,1.0388569633604763,1
-62.370172297593214,68.83170296108645,1.2799996049941718,0
-70.06026027593646,43.325773195130644,0.8491353858353815,1
-3.8532743157891374,106.57170105917865,1.029194647973353,1
67.35799272133427,-54.71480425319545,0.9414733403680184,1
-28.220030361228392,-76.12732381412496,1.052447759980213,1
80.1355133686894,-11.238050097928994,0.9453296515206097,1
100.22141072463597,10.985444147772382,0.9524535213515661,1
88.64511848355772,-43.615331978579405,0.6691773156593264,1
34.89393666837996,102.10499613881915,1.2326843362291005,1
35.09801798707283,68.22728835011254,1.0502059242376707,1
82.56356083629822,-57.94489028188663,1.00133146921717,1
-75.08648214386035,50.5690645542368,1.1140738813154174,1
-24.955696204782154,19.057747323297452,1.0655979504181923,1
78.74786705215756,64.38060742927257,1.3100863951877082,1
93.56885259444005,-16.830218415379566,1.069730842325311,1
-40.13253086178577,94.61815644260297,1.2146105924478432,1
-81.58736300373282,-49.0892661566925,1.2267235590335281,1
94.24474700420664,3.039286782990088,1.0704650393678092,1
-24.385912214624458,-68.95018204002844,0.8376144103288846,1
-56.36951239049732,70.63450602612464,1.0935347930559678,1
-19.314963427295538,77.71476032198558,1.0833663937909148,1
39.77262353869696,101.33163037378586,0.9776521485114515,0
-83.0650790125973,-56.59185007342989,1.400186626458911,1
92.44202499909326,-53.132433524517104,1.1260717983839115,1
-81.36454242177237,-30.174302071808054,0.9633316314690045,1
-76.9004632022853,67.6452203421093,1.06017652995435,1
92.48012201691488,31.05808841047604,1.0419748656757246,1
-39.21806599467886,-88.9773038719283,1.015811559614072,1
52.28248128201506,-3.6860290141048098,0.9150489662499253,1
-47.234276550077915,-71.4702386804164,1.0260920292123044,1
-83.63186193429574,23.16840705266082,0.9734180828333057,1
62.486661989015666,16.513905799771383,0.9614166619410319,1
50.13256549262001,-87.65177750729683,1.0382710550536673,1
53.99635393308694,95.63861136977825,1.2320830095018869,1
41.34432676176373,51.83205946281982,0.7671020869278985,1
56.83779612725793,74.38419404967493,0.9440739301260784,1
-60.36909339253201,86.94612777463311,1.216026661281026,0
-62.30976565077741,79.20444022179035,0.7936780505990795,1
60.20441123015329,-21.693001078854447,1.0425509519439147,1
85.3632258925587,-40.61991119039535,0.9455070895346219,1
51.440511271818494,92.06074382481316,0.9089631599653636,1
52.70882233043522,93.8453774596573,1.0572733465854596,1
84.95570890184979,-60.8844816221357,1.1827061103683665,1
68.36718679219446,-74.80306482714617,1.520318065453895,1
86.88492212617521,28.545309920582334,1.1083134598437767,1
88.12365027999611,-55.98397587121175,1.150632449492562,1
43.15824094026433,-79.13204289927013,1.1950548804582857,1
-14.46717711054187,23.766276513682765,1.075525003083625,1
75.19884823893001,-11.151438958358405,1.32038753604298,1
24.23110969728473,105.361572101138,1.5188032397427411,1
-34.66308814061156,9.698264157798503,0.9915494757717327,1
73.4024313087778,-11.13930413559505,0.8912307601458325,1
-86.07134838014197,7.6922155177738825,1.1394506303226817,1
7.962461378632537,84.04646272704163,1.193910286670823,1
-32.10412367123551,-76.41841930331779,1.0955705165104122,1
-92.72979434321573,4.153105339953698,1.2309892252396877,1
24.89858578427484,90.79113524584241,1.206091039003378,1
-69.00654801974899,24.07291524488217,1.121648092337485,1
-30.35060491131698,86.06770502509166,0.997390058221145,1
-35.821574806161905,-30.88258872429638,1.1029654972413254,1
76.64547014996705,49.42518649647413,1.0932027450756534,1
3.870528953474352,-49.77131612362907,0.9587415490437854,1
55.95399357180615,85.10867346949705,1.1231553199744673,1
-14.85659296617834,-100.1349791325188,1.0341558974035219,1
-68.02891476506667,39.362202315195766,1.2943523852792864,1
-68.93964998845436,79.66408703795408,1.0378742276975907,1
47.862674332815274,43.92633956080215,1.0567429567606659,1
-0.24388815645059692,98.15820830034747,1.2579416868515234,1
-54.32579650632416,-50.88097307747412,0.9248404753598792,1
-67.54780263322492,78.92089975835303,0.9885766125953448,1
66.92461018899242,70.71292952480265,1.0799743969251143,1
57.675659837574415,67.23334061065816,1.104871230144182,1
-5.3796099124772985,36.442518761943,0.8175648588259392,1
47.183099556137535,70.68273963080317,1.1489101215753912,1
-60.97373278039908,-58.949999070439645,1.2023178357815234,1
33.76821482520057,91.08153308102818,1.040218019374785,1
-30.5427206071886,-2.904419283431136,0.7438872196539614,1
-48.826693020513865,72.53454495992706,0.8736809163670513,1
-86.67986537575963,55.347011942872136,1.236005599827483,0
-97.52936143903922,-14.972673032353955,1.432954004740973,1
57.688259291864874,25.827223472537284,0.8116139224706331,1
-47.776846471257606,79.16085558321923,1.0715605766205694,1
2.2046001136713724,-78.90331609070026,1.1270515533097891,1
-37.93449381740039,-43.65881430579238,1.0522329188080723,1
82.4708553778873,-41.334300248665194,0.9878020093045143,1
-42.087355381384114,-18.813045188852872,1.0200216558619672,1
56.04701458823744,34.716801603639354,0.9669773551604601,1
-96.47860312189592,-3.049731067467708,1.1797693606771629,1
52.15442131791199,-84.65072862921313,1.0510856184491544,1
-2.3407484623392514,94.3634958857044,1.1961623569955102,1
-55.61929627153454,-52.047350980185364,0.9272163212955163,1
-48.512209357947825,42.576871693375146,0.8680836240981615,1
-16.19639955165146,106.7859453968158,1.1832320120689457,0
-95.110543267302,-0.5039922807502738,1.0317470202270755,1
-25.739673562460865,-78.65502129217123,1.129931394262338,1
-46.80164215075458,-76.77995222754342,1.051490885474516,1
-23.15173735723839,-89.06741743425913,1.1303793869825116,1
-2.1807665989289817,110.05490696893779,0.9961465509210764,1
19.832442908880477,48.011957972282175,1.0766906950571034,1
59.62194396086595,24.224771825541016,0.8196936029374351,1
-52.77392503701243,-72.22536044814899,1.3002295355332598,1
73.5349656773215,-42.45277507189709,0.7890784067982975,1
-31.439385134559313,22.954448424933396,0.9448115424815821,1
37.261029302389815,97.92770011914659,0.9547402824632382,1
-70.10004802632743,-36.14518184267511,1.1652424030758015,1
-79.79007043583067,3.6039175907704966,1.0328875874015213,1
-66.9935572461926,-57.840447437110335,1.176867431796118,1
106.40915540061336,-8.628371549785376,1.3341188490835945,0
34.766228076660234,87.30303843551084,1.2261873358792685,1
97.4025614956114,-22.94567522597217,0.7732125206094018,1
54.72387294898581,-63.80204501694107,1.141767666017376,1
-102.61957111462557,6.523201676599245,1.3003201755370568,0
-49.95902968899171,-86.4256506458831,1.0382396992181862,1
15.375115862905549,26.194265469893953,0.9571403719059353,1
-34.81565454968114,-87.30303843551084,1.2125005317993653,1
48.122786750996234,-87.84836878197859,1.0473815121671968,0
-54.87128656418433,-36.63854994752311,0.9768217397844384,1
-41.66738441261616,83.67677488643199,1.1316508747983713,1
-20.564298789571943,107.47666074360299,1.1224874855964562,0
-68.53241066092329,51.64251061995725,0.9931444220222574,1
-55.92765133706453,-81.4654189255075,0.9463961340384754,1
-50.67203549085581,4.8061872570098725,1.0678104953746361,1
88.3643435631851,-38.744497490376,0.9704462449949232,1
61.94853266497781,66.28639215135313,1.1921567779131779,0
-21.840917180687864,93.90903786028282,1.0073486640484282,1
-20.29019179534001,98.64739166030509,1.1733229797592435,1
-2.8628333452364614,-64.4599249991951,0.9779849720699858,1
43.78592195838068,83.23746585854524,1.2162281625610327,1
-21.717515323272274,106.32281598226496,1.0880483091584652,1
17.783135037243266,-78.93790208192127,0.9003760533204279,1
29.818432183631284,-78.59846283639831,1.018024489877153,1
-85.93009371302651,-54.067150038454734,1.1293460872468477,1
-71.07544472716202,76.59420464514129,1.0940734058878245,0
66.20223240976526,-80.38102973713454,1.5310483191687139,1
-79.42713435482072,-45.79873713358694,1.2759274048099147,1
0.7290404770581836,-103.15834488814158,1.1949606860069562,0
-75.16751538549713,-31.024001020477606,1.085820342441462,1
-84.26731951384504,51.86383841111514,1.0885623120984094,0
-42.85976259865492,20.776367499155796,1.2357025068696057,1
-48.96717040672814,95.5717501337108,1.1825841195456235,1
-65.82924461927483,-1.5169422834404878,1.1491820263287533,1
-13.752274215816445,-10.015119333639326,0.8871307728088874,1
-13.859925649554503,-81.15281068665985,1.338809276304979,1
-87.7847607336562,27.196916779746356,0.9256665596066807,1
77.98939053242228,13.27234093577578,1.055045432841805,1
53.59515298179167,-86.30910944442682,1.0537101930127806,1
-14.02077076222948,97.0228618039238,0.997817871607106,1
-47.58907503747973,86.99843221995033,1.1833897740238948,1
93.47654887642139,-34.310387116393365,1.4360746043515373,0
67.59464955489032,83.30893008384975,1.0645056829377975,1
-51.58919503443336,1.534613532579656,1.0190599481499396,1
34.02330111432478,-90.22190703155181,0.8452432829859581,1
-62.39713955063598,-70.28534526386251,1.0244298710446724,1
-91.7472367557069,27.24333582186916,0.8052772707582682,1
-46.86757595185066,-88.11648089827841,1.0806575337685527,0
-85.94660815232426,-4.968326419811067,1.05765431734092,1
97.63317129687746,-27.397447041716823,0.8237117236233352,1
-62.33528768411911,-3.1845572852698494,0.9664400790588437,1
-51.844370497890175,84.55428300823321,1.305579739459119,1
5.460193100116014,-98.22435721070553,1.0413637273181735,1
-24.75295421198113,-87.78212217757763,1.2558313570000663,0
97.61284728383993,5.545068223744536,0.9006216315624603,1
76.51482808311128,-19.794007942002807,1.144805192293158,1
35.97011574095485,-92.68977160117076,1.1116505082957306,1
1.6731743733161815,-89.8814233575811,0.9340350271819967,1
-5.940709010875483,94.29657054909086,1.0094902244822999,1
-71.03003777235108,-67.4180275208746,1.14101792644588,1
81.61003209519777,69.2335549892072,1.4265533202208374,0
39.93141026020779,83.43168389175496,1.175161750881647,1
14.17993785590676,-81.4566748733867,0.9858840499640465,1
-20.93591637822359,57.4547051970699,1.0083212878623673,1
-65.13766900469302,21.725000588743363,1.0363063357774813,1
81.78734863528855,-43.583384755471364,1.0284397373968983,1
59.28175869502316,52.146612164445614,0.9387660931556621,1
-74.49385903669004,-52.127423827847174,1.009570337487075,1
-92.80791186821278,24.37695997078648,0.736621678644012,1
55.772479110539756,75.69333763492541,1.0624299103349537,1
-65.18277942488365,64.49345664936011,1.2337665979718881,1
-65.30695036256212,56.27380476546596,0.8207275495695638,1
-89.0592171472422,37.04346682265582,0.9400817734986624,1
10.051579381270317,-67.13824788722376,0.899219242646499,1
61.631722702489725,59.563754375919146,1.055087047228953,1
-22.359563969054957,98.56106351783737,1.097925398927035,1
-5.269368568626465,97.9873687704666,1.0374922146080534,1
-11.422445741120235,96.32799588491442,0.7798853441755652,1
-80.38023229441727,-59.911472627430456,0.9353710246101267,1
30.469459249403492,29.480733652187926,0.9548630702162888,1
-36.94911961425412,69.28935384430466,1.0948270906252282,1
72.83621775879908,82.23074053701721,1.3727573243612619,0
93.24475541897279,-38.64021977262701,1.19207386850527,1
17.85858708025741,-52.82377275838293,1.1048667484153902,1
0.0980854542247,73.09001097309915,1.0233875957421614,1
-3.704796589904612,84.70899591288004,1.077810244347319,1
59.68054046598719,56.23392658836956,1.0281437861370597,1
56.177806235799245,13.949119685739113,1.0651815514977612,1
20.494670226387765,103.44616162899791,0.8939957576633605,0
-64.67679401226742,86.0294105609318,1.1391163848901988,0
-20.070930684723933,101.75120346234266,1.2178596458923139,1
58.84181985498587,46.49283892649765,1.0440651800722904,1
41.24626257267815,-66.47150223396476,0.9488861445186936,1
41.44292080723255,74.33719476952561,1.0372179521979037,1
-18.90804938346656,-12.615987561892808,1.1215763316608904,1
-74.0191414398378,-59.269822369905874,1.1540943978882243,1
-17.11879662850935,81.18526635363702,0.8664103290611846,1
-57.395819326491264,-78.88120453761412,1.191248597283466,1
3.5948232478239914,-97.61327742168199,1.1228935949043524,0
-86.0574797400979,-52.14403195234439,1.12372057282453,1
-55.4766147895997,-83.23855023780796,1.122488669565651,1
-88.08743771988105,4.694791481583476,1.1573152650560765,1
-24.96733689336403,97.06588173998729,0.9286825455013009,1
-9.32763114737689,-65.08099190666945,1.1474909007541068,1
100.52832695407626,-17.379289370774945,1.1137270060309234,1
71.18164660932402,73.12098532706484,0.9243715008520791,1
31.568231941602868,97.99082435557483,1.2957705605427194,1
60.76693594774201,39.335264199646964,0.983550201689738,1
78.45901229735439,62.376361503209594,1.2942318340526475,1
69.3953074975274,84.93640280023959,1.2077473006814088,1
97.86337185271093,-5.0720855801972045,1.0544998876405478,1
52.52369226832192,-68.70373203319497,1.0609338162526756,1
48.315259993512534,-45.82429814559798,0.8994670643630976,1
97.90120679555088,37.18123910533104,1.40535864272598,0
28.333851747168286,100.61426849492075,0.8304891845700508,1
-2.018091539473323,-54.45777815833534,1.0376801910663136,1
-84.88517607161124,35.11965257634792,0.8376978046002851,1
80.86514741763534,53.48353171238987,0.9585664812410416,1
-15.942580678903106,-98.3936568242655,1.116049788231644,1
75.87026652677761,-53.834318319619726,1.125423548006975,1
47.37188705501964,97.01328889923225,1.2148129394219913,0
-101.62063842913662,-1.999518092917189,1.1588198117340116,1
-3.025858417233132,87.94684346419625,0.9804520324528889,1
-65.09257878621321,-20.850589738976037,0.9990192156666162,1
-44.010986049379014,-69.69163847084366,1.041776570353025,1
43.680722281395866,87.91726213673162,1.0080865327264192,1
-51.38587962993551,88.5466438013401,1.0654811434003664,1
26.055008343525568,-90.70861068820933,1.24508110666807,1
1.6490975490993394,88.35864668074277,0.9227839350274166,1
-10.931684419918524,-73.43028273405147,0.8855588392931778,1
16.265667538347728,83.07122766394299,1.1803313757036513,1
73.09459976627925,71.27729426717177,1.2775779917718557,1
33.571983317016844,105.62445188585032,1.1499800959893522,0
-37.27866067076223,60.45859942734993,1.11203877150693,1
88.74508520641507,37.87097551588337,1.0101963296122467,1
-70.06026027593646,-11.721785378998135,0.9486245422928915,1
74.13467059870031,65.44806425061543,1.105400024490137,1
71.56005952692401,64.05270784440415,1.1612996234316086,1
91.90607060853577,58.050241325313145,1.025850085473748,1
-46.79874988736079,-63.027377516828906,0.9282919138563714,1
-77.93878576066128,-51.187277543560896,1.1493388197333088,1
70.56158593086266,27.13174444460595,1.0853606649968692,1
-30.95253741880556,-85.1432476525954,1.1181044403872786,1
-51.63124676386065,74.92170694377715,1.2217211702420065,1
-70.4672504581615,-70.99822440450806,1.3394700343744053,0
37.9845333725674,15.898859520091342,1.1450624850889262,1
72.44332236801523,61.926075001640946,1.2078656365786529,1
-22.696644621571625,104.31945648525367,1.3071267354686065,0
-10.958324913658581,45.76231358771988,1.028765947628502,1
66.48112383789777,-58.587299386149986,1.1199403101753054,1
97.37217185797259,-30.59507779123064,1.4097250043587206,1
97.47203090779405,-40.106052394096004,1.0755511966276605,1
53.09692588696624,-64.51298292034004,0.967087370315273,1
38.13567820116884,-70.86566870516215,1.1453367214850487,1
43.094217153064015,63.83986432073375,0.9446949837572782,1
36.29424870750196,-69.49410802770083,1.1243114702483563,1
-82.79959203942401,64.35970242556596,1.149844679435366,1
-48.99065705639922,31.94558478890842,1.0909919142023028,1
-73.13417810745763,-47.307111691829796,1.1228953504897177,1
88.9999528756808,54.24245925459616,1.267054584430582,1
100.02321220989775,-2.66110652876523,0.9372597742246811,1
-101.77874882799797,-5.210205913697306,1.3863682897106264,1
-105.37637391251032,-0.16634896731641213,1.0904242983454162,1
-22.027842797196467,-76.86202997250275,0.9305040019662069,1
19.72345099797616,89.79763698654942,0.7949368348338613,1
14.506382468416856,107.58973197843504,0.9314731816901564,0
-87.83065476757581,56.5404673478735,1.0183239669399793,1
82.89023920792935,-10.71253767894932,0.9253099768563424,1
60.226116324070205,8.770284277168233,0.9973672974173733,1
-97.66450415031035,24.188962850189153,1.0299793518271334,1
-40.983372290216856,-55.43485162865069,1.058683886101274,1
13.046595874571342,-98.72476748099098,1.1368297853949332,1
-76.18099077198998,56.22822970592723,1.0505909090557053,0
6.136763150926975,104.72334841654799,1.077749811904945,1
30.485374349559873,-95.65174132740724,0.9451972815139011,1
-28.509415195768415,-96.98910708742366,1.1775678654092743,0
-62.85370398637234,82.9615626769279,0.8894574331704168,1
-40.94326623782277,73.3138637764075,1.0389356883567433,1
82.87824577120865,14.236509223415604,0.9413886819067373,0
-63.1213234168697,77.71284894966286,1.3455463044042058,1
79.93884121399044,55.08623825502602,1.1428449186207312,1
-96.74242303499966,-24.55152872562685,1.0720444936210465,1
32.910554758684654,-75.33892452486528,0.8851387666254334,1
85.8380926934749,14.214671174053308,1.2198905743243165,1
42.151846701314085,89.09135340717336,1.179712816083688,1
-85.42925871203221,37.01392064934598,1.1729165734102338,1
-41.60202948140238,-66.94564131341625,1.020898577924115,1
-21.589985112808595,100.3596792447217,1.107433033435689,1
79.99725093608077,51.95166144049508,1.2629696123980705,1
90.7135579808566,53.34500751826552,0.9375521225744853,1
-32.14136392539104,102.48177677319799,1.4288631351632037,0
-27.6592504392894,42.53748182048809,1.0024151782151447,1
78.82231866703549,-7.010203741384705,0.9816342794480145,1
-62.166659963825744,-31.171061971524963,1.0626043962588132,1
57.38443390868708,-62.53266274965998,1.1699549963504343,1
-44.8268689779844,-68.22849345985996,0.9476371668058239,1
-77.21514484229547,-34.62005454742554,1.1036476222618383,1
-18.92813807627224,-80.42408508055279,1.3112655455071351,1
-94.55256147530199,30.98592154850017,1.1826210088366411,1
20.214166586131416,-42.67833045687212,0.9986933878137348,1
106.51521069632653,-3.2256348060383093,1.2547145441697518,1
47.71993577828767,-31.160522739006623,0.8751993400526575,1
78.78454941715215,66.86278079390716,0.9465274874459508,1
-50.48496793828871,89.9835315975918,1.3113985648817805,0
55.64714769680821,-77.46108025678448,0.9381236952153733,1
-58.672589730607015,-77.03218450025896,1.323015867426302,1
17.6410359287041,-16.459339742092325,1.0283849497336492,1
-78.23493779197796,-10.376929500181607,1.0475438891329316,1
19.802363369584903,-14.25479921441471,0.9323352358113788,1
56.62891043770534,-82.08511313784685,0.8909704576151276,1
88.00405048579495,55.62574965056135,0.931471964977733,1
-7.2522853188986005,69.20665172835942,0.9244350900063543,1
-91.90373524057804,-40.94308719294599,1.5024012650605716,0
-27.236495120924733,2.5264174452201895,0.9701102572853747,1
-90.06686743086168,0.8123332371489406,1.0962600446789263,1
3.2555598932707532,-102.01977077748171,1.3222365069517312,1
74.32152834280916,-14.99617611257503,1.0178140761635022,1
-57.259519397787074,80.3679222214799,1.245253447141747,1
77.49659082400842,69.65442522194859,0.9641282677884776,1
-43.74066339231096,81.45728052201845,1.2583335645567018,1
-103.20169360317799,-13.134414864348123,1.2919556384534334,1
72.69543359029214,73.69165764815828,1.2414440815804688,0
9.734073133150394,-57.9150494690934,0.9909888063263304,1
55.988960643348804,90.47219006685211,0.97058191770407,1
-91.35554195614718,41.80171269752286,1.1699458751880005,0
-8.998795505925285,108.7124682707465,0.9933901952124419,0
102.98586709166243,9.10219392225382,1.0519520874098593,1
90.5093956324323,-3.111623123631457,1.2986874867011853,1
-72.47089002090074,-33.335489426768234,1.0242098496205247,1
91.70470395897111,20.329921180873516,0.9784543720969069,1
96.89637450100106,30.26943537698344,1.1864078015759463,1
42.48734925499546,99.84537021861532,1.1587562310191526,1
69.66265717030534,-28.0785584487545,0.8315945795854175,1
-77.63027766532208,-40.34278950892227,0.9927315915536009,1
-53.59627001756466,78.27516475779532,0.7733535282495223,1
-53.23799941063509,79.6225829532325,0.7725188393012428,1
-62.85878498963172,55.18985740346335,0.9001578025159925,1
82.36884953282245,63.59524818428402,1.0270057460383064,1
37.75893682785061,74.63485687713803,0.9864986752698638,1
-3.318961511779941,-90.17827313195637,1.077856642472104,1
98.30996093102785,-22.359124209708536,0.7740464615304369,0
-50.216972363092275,-84.44012166366655,1.0138745844692378,1
95.71799463760883,-43.904016695601506,1.3468570744295218,1
49.07142618969288,-24.19731827777125,0.7816497968974996,1
50.61885137789844,-24.168909823992095,0.7874062884270221,1
-18.447217458612517,-82.33490560827015,0.8697602307334201,1
25.066282746310005,-38.927937105019424,0.9385555213911673,1
105.82606864382208,6.549854018984439,1.2498025524107395,1
-58.85273962494209,-58.03808543568701,1.0336149892363269,1
-31.21468381422634,-75.25972349702819,0.9090453598827296,1
26.18904332765513,-56.11191835606271,1.0410118069249874,1
79.25719877880877,57.00192059762068,0.9558635641023919,1
59.923700082428645,84.51311208380889,1.2902115308289226,1
-82.68603791141479,47.72947186411507,0.9695402157217035,1
-20.695108670472717,92.62377109880721,1.1845414419657654,1
-89.72271881158848,-41.053324707183315,0.9507509459753227,1
-75.11250882058161,-24.03856515371129,1.0063176292296627,1
95.86104340039415,48.01941956342527,0.976914128983107,1
18.484062573297493,-8.893888470727783,1.0800647288696887,1
57.235531532059085,-85.07445208418542,1.0620956201505112,1
64.76364574780312,80.55540387797842,1.2312008250903959,1
-94.70631416444068,19.33052745906613,1.1505351187220514,0
-11.29988026203656,28.72596002727127,1.0724416293612746,1
24.771147481716365,-27.78718730893366,0.8217306769517183,1
11.530490063302603,104.3871419257443,1.0827516375762478,1
-26.634453849829153,-61.446018229704556,0.9908503976174413,1
-93.2074057494821,-38.748295412004225,1.4338552821480648,1
87.39545155669474,-53.14748227849562,1.4694766689382124,0
-63.43791009231455,12.989994590950664,0.8773697030135632,1
-85.07317319220857,42.12925950147674,0.7831794973459071,1
36.63128435832129,-94.43267925347179,1.1788290038576787,0
-46.17679274671796,10.183177365688438,0.8913284219897577,1
15.259099621816215,-86.29515447609118,1.0876394101163989,1
35.46267635852956,-81.30340514678137,0.9477498476585178,1
34.78841955434311,72.21775104088672,1.0964886328702066,1
99.76617007396915,-35.02421827882994,1.0710792132488927,1
-104.01003362753873,7.710388572764955,1.036322665269427,1
-79.70284676530812,71.25646136395656,1.2760757955373792,1
-52.81465774647518,63.921806145617865,0.9878411996039915,1
40.8512046175545,90.30470172304719,1.1061177703935947,1
-99.49612218740569,-21.682334575558155,1.2794613443895297,0
-76.29644758948812,1.348262178021219,0.8749214214428489,1
-30.19790785298512,41.23403511767996,0.9493193125908895,1
-88.08332849320134,16.344449118598032,1.1453627388119818,1
98.20644646709398,40.07820096882234,1.4586725839006212,0
50.673997199940295,85.56124952625454,1.0249157262413493,1
-51.69192145416371,65.53667064543959,0.9741950739388219,1
-88.91856884079021,-34.17641161196565,1.2653122163339814,1
87.8205571444553,-6.706066177396136,1.25991911691507,1
-95.96357782109646,4.176221750412018,1.0856217086962694,1
-93.53248410384832,-18.231804091261417,1.1501097082424512,1
29.076887985719605,22.88404166016065,0.9166852622136201,1
-25.121661743075094,67.3845803269699,0.9895863398369581,1
64.6318434186887,64.75717483242025,0.8514147860843498,1
-67.44005040761124,-67.85912732227611,1.150570032374507,1
39.71613244026452,-80.49061904092879,0.951189797990527,1
89.70836959785179,43.73423614032473,0.9448569674179197,1
77.3932873557206,25.282764279119046,1.0916107932449632,1
-57.27645607531836,44.33197057504442,0.9458367564536948,1
-11.618222052914692,-75.57484248012466,0.764003011054893,1
90.44556045357507,47.01676825357286,0.9657563794470659,1
2.316470267590042,103.05267449754515,1.0756651049248396,0
-40.23934135790575,92.22203724370576,1.163852690349982,1
-96.22246422138745,-9.848717372067629,0.921142882750184,0
101.27323148699378,21.725928110769125,0.994657347818266,1
-86.14124474549226,34.822851261412204,0.7973640824000654,1
98.7515131424821,10.26753504800775,0.944332825082633,1
-68.93227755235252,74.27975120489866,0.8427469512983209,1
-42.06315062390404,95.8078317327872,0.9196977272337541,1
78.91564377073942,-27.012001579158813,1.1318907018457494,1
45.21330750365667,86.43689833685897,0.7449116875714696,1
19.086183862547465,-76.3447354501899,0.8201902150597563,1
-79.44565498883368,36.22559900740762,1.0482044249005138,1
48.56794429539065,71.57232313837515,0.871761517610274,1
39.09475753846902,-67.1084893939141,1.1337400957506376,1
54.67382927102065,72.11356216047461,1.0518007368503939,1
96.66470128167916,-11.933069755894858,1.1644058488241358,1
48.27984024615361,94.99576241661354,0.9772226083007958,1
-17.045072267490802,-18.808664303570485,1.1116071081561105,1
75.06292543812255,-70.74870043587032,1.2319904405297135,1
84.46154913678814,45.51422113379516,1.0933670079377351,1
-36.17900143050745,-81.46124121171647,1.1563606348960562,1
-78.89863157228537,68.44097841052482,1.025846660783298,1
51.36932642434833,44.52575828587464,1.0767015936760584,1
-8.470314711357245,-83.97204720013852,1.0345690094801474,1
104.64261545393653,-12.790640459548907,1.0668847505860586,1
90.40352764162594,58.81341499107895,0.9103733784492418,1
102.96590007721989,3.850869123869393,1.0636043211021897,1
84.41874121318173,64.02507066086335,1.2538581088920682,0
65.24196370359022,71.55495343229049,0.8452750199219782,1
-34.74528601585107,-55.083156335016234,1.0085198895864689,1
-75.40295939843567,22.03326253400649,0.9199759177631167,1
-76.93753676033315,50.622497382661535,1.0578128722541722,1
60.982685024237064,-74.1424834660498,0.7655800954521973,1
9.936990660144314,-62.49740468162121,0.9031120502894427,1
-98.84091037465421,-17.46284364659596,1.144924441589209,0
94.24138991276739,15.11026856801,0.871234401503737,1
-11.920410017134088,74.53041403236176,0.9237167223588075,1
-84.743824853117,-14.538443992859802,0.9059794387640971,1
21.96248714742868,102.58007592122277,0.8495934674191995,1
-3.076684059668045,33.463487466323855,0.8683880366852385,1
42.03919450286447,59.669146701102484,0.9079962449727164,1
-17.975563066406863,101.70834120396695,1.147067026051332,0
41.77313188359374,72.06899663300378,1.2304800066689232,1
40.22243156398957,71.51947602152522,0.8437293600932689,1
44.08602106570455,-70.31092310339956,0.9860779460541022,1
-72.61702111606007,60.23427743938293,0.8781919252205976,1
29.100254859466173,-75.14149318518847,1.1489852387293784,1
62.29345386081116,-83.15832831994113,1.191890326284796,1
-9.650518857329352,21.247360845548652,0.8811477577385758,1
77.1275594391322,-35.37131009757078,0.8776248499425147,1
101.57693311563024,-6.329236393443276,1.101846927602581,0
-50.00723407888846,41.958172174795585,0.8424358792724013,1
94.22889911308808,45.0955975948142,1.2238278836822483,0
-86.06001522038966,59.72975183346786,0.9793349053752314,1
81.74359352671654,-7.137776855199257,0.9459468991475045,1
-23.76739354945577,-78.33213358221876,0.7403856190976388,1
-64.72949747855453,83.33106654134,1.4448500377164948,0
104.18097344841354,-3.659065908211357,0.8820436881861934,0
40.82990525299456,-89.73985001574351,1.0133394408352152,1
-51.34249567902844,-67.89106273058272,1.0859513607986224,1
-92.17429194323663,-12.86457333391176,0.997937567498385,1
14.966659656442609,62.13304835741592,0.778317581266446,1
-62.76678058652625,-68.16816022347305,1.1592287951040006,1
78.6283714692206,-56.05352531102869,0.8668065512750426,1
66.93324150333429,-50.71535656647171,0.9284108182253744,1
-77.36572268115621,-61.06055875979142,1.295871393912048,0
56.96312754098948,-71.06291158578887,0.6902430464682408,1
61.07539048264801,-68.62869701686942,0.9809044151997767,1
-8.160467605187588,87.34671156246583,1.1028902180644655,1
11.589469552117452,-83.89832283911996,0.857748018859686,1
32.396563636609116,-64.15361570058803,0.9281255727637396,1
2.511641531180258,110.17132592658173,1.0063405275370616,1
12.82338254179648,-85.15280104529364,0.8785560290133917,1
-1.111982968639508,105.2170551405483,0.9966675761574509,1
64.2592062689333,-73.26516356992896,0.9724626008606927,1
-68.38425980211456,-58.93279671953532,1.0475770855668487,1
3.030741459326581,108.11543499078891,0.9536747091707746,1
19.738305091455437,77.8363782123473,0.9970285481590915,1
35.60869491996154,91.34911250605836,0.9909639886591305,1
-100.39636034785305,15.973120058280964,1.3203778958203094,1
63.751204364365215,67.72357290128043,1.1170001772728424,1
-58.90576445382851,78.432398713204,1.0351318184122178,1
-15.406480080556086,-76.1365128898105,1.084077387665218,1
74.04428006394846,-69.08799233910989,1.1564937807491407,1
-37.18833708242553,47.701136066227924,1.0668524467540623,1
20.16218581545934,-68.83120383160127,0.8208538200487289,1
98.5038948028019,16.462391133475688,1.1260913108749557,1
9.393259639669864,85.25174689823962,0.9151773576671461,1
-33.1538451500459,100.50842137660126,1.0488176571269692,1
11.562290571264336,106.27916822623904,1.1880292962187593,1
96.74127798055525,23.78673645263209,0.958565474790504,1
83.8698538935574,-37.21571717588687,1.175550477701277,1
78.78545997231161,-53.4471813919459,0.9937838739962869,1
-51.80776988179242,-83.64547943196476,1.2516525233105666,1
81.98814262668054,-39.626124785416664,0.9681539915892331,1
-54.1551070571469,-70.75853529529795,0.9652260398696454,1
-50.57692232312277,0.08735219744926818,0.8964621956591059,1
-96.12374514019749,14.097059448848695,1.0151327804599932,1
49.115590592626866,-74.82285399773536,1.2048000929952487,1
-49.69229873156302,47.59058733206473,0.9445624440371632,1
21.986710866049048,-30.813623290285374,0.969566513340006,1
-74.63295791632393,-53.99884971015692,1.20683470627474,1
30.27420298072953,-90.36394930044756,1.0203187593783243,1
-90.0904989432151,15.910578821115598,1.2645453815705334,1
15.150777471376813,-98.33502721377415,1.1899626016052567,0
39.6130821667519,-57.85715829227454,1.1279519263404112,1
-13.631977256336272,-77.11379565338649,0.9823395153823223,1
-15.225042172432646,-79.86335650650423,0.9790502084052433,1
-39.68305887275203,-4.21426878672337,0.7141150519766846,1
86.1282590731119,-2.074362786454851,1.041312212354263,1
-49.36518543310578,77.93635017043492,1.0940528994462562,1
47.778514591227406,68.62712280587569,1.0254662582513216,1
-79.89605165791245,-6.272019878478865,0.9878718132966549,1
-102.22388193698738,-11.29415082598024,1.189790311203975,0
37.90491944043566,-84.35195804801228,1.1452232207520237,1
72.15819915796457,13.939032883708903,0.9923375275510659,1
-92.38344038208425,25.83955392159711,1.0568045695030128,1
-15.05170597290329,-94.6311855298789,0.9179672673932646,0
94.31469476016447,-20.795661588860316,1.182593413774205,1
-34.25612397478826,103.11388014600307,0.8887844692275085,1
-97.62884952399017,31.224809110705138,1.0964485628962877,1
-67.64170272446817,-49.91916335572574,0.9554685645424736,1
46.087145971618305,84.99558707894616,0.9498772352393066,1
59.866638625770406,70.30163929497499,0.8500319849471148,1
-13.140138612207792,-99.7613478516132,1.036648306059998,1
18.603359511553084,88.10798385327966,1.1323368283160273,1
-80.37268566203556,59.2230095948365,1.1703714985505316,1
-56.62800223905512,-73.41696248718145,1.0134817112361612,1
-40.70021613326779,-63.71013531353793,1.0954014570026345,1
-102.24472459699989,9.004580032712898,1.249088473800321,0
63.212365159710494,32.03950927626752,1.0266128252750026,1
-84.15662619127043,-11.719626560388395,1.0883106484693565,1
-87.0261758610705,-28.140200577831187,0.9152275421428135,1
-88.15661992427998,-5.086210655762456,1.1471931004972926,0
-29.196522517008816,99.73816935932327,1.3797048028108736,1
-81.90228842480035,-32.07409922267126,1.2237459716609733,1
94.48421952687227,16.520246972489936,0.8600549654841241,1
-26.27959749626437,99.51580912867482,1.0295001822037138,1
8.689644685387458,41.5682522209641,0.9979275399546661,1
-53.94527902613769,-66.03646225613407,0.9343447091088735,1
48.92102849321502,-79.9660838649412,1.0773162681952253,1
72.69626291312906,84.73885982823798,1.3779173487457754,1
-100.17836308342586,-19.59347768003231,1.2463758596025392,0
19.67006909953492,-78.24857930639773,1.2152635557843408,1
-41.21560402742531,89.84419255526674,1.1911951491984853,1
-47.688602924854784,-89.39504106352288,1.060374125455678,1
67.2313512231386,-76.43937345647699,1.0440490164654224,1
-58.30090415277625,-74.03817036393784,1.1832364112114784,1
-19.003682791883865,103.66382402819556,1.0317723215016934,1
102.40599615449119,26.810691402736886,1.4206366998393976,1
55.93570141679479,-31.289133172283485,1.0021894347150178,1
-10.466401785934735,108.00373141348805,1.0203808638385778,1
-76.12893925662205,20.481791559813836,0.9115217047862039,1
15.770034018461825,106.1757604568199,1.2201113363911373,0
86.8392443111972,-29.923357072306526,1.1739543967393713,1
-38.775922229009566,85.07172928191214,1.1089030437763423,0
-30.375534762044385,-93.38790298494922,0.990465000065244,1
-30.90770961768047,-70.69428978069607,1.0504919724879203,1
-104.37649285137498,-4.740476413493325,1.0443591033319999,1
-88.1504690782734,49.340216046486645,1.0886549132871541,0
61.44069337026986,77.78229254133196,0.891442679501243,1
99.1705699719845,14.754014024478073,1.225311426552847,0
-61.179137041792465,-71.63038437574005,1.193312148882713,0
-11.024842635489106,106.40637025808597,0.8442689207318825,1
-24.16509019995458,-0.5908480933058868,0.9793032105664616,1
75.63750818699043,-57.350515547068824,0.9349307636489456,0
38.335240806534095,99.2705655730477,1.1349268962718955,1
13.658029493930764,-93.22645689802,1.2954230107424043,1
-23.105015488186545,68.72565008647075,0.8923868397020233,1
-99.1281960178181,-0.9176049933917177,1.0780622406785856,1
33.71415029378696,98.36636006720703,0.9573119432324881,1
7.528837067730981,75.02875560600862,0.8282023605832005,1
-83.75556566732946,-7.2198490152629144,0.8778551959128326,1
45.29710466981438,35.89433395590786,1.0376608375865675,1
-12.46200732752359,99.78751667885761,0.9913310643231574,1
-6.913690026864887,-98.57955135974835,1.047822046486055,1
83.45597667300862,40.29773573274426,0.8804140124972829,1
65.25024385704995,-49.53978177902484,0.9489866593667017,1
-38.50504465739621,-90.64695571855107,1.121795678365898,1
-61.177396327712856,-66.95047457272237,1.1752495515736234,1
21.10359834156248,-99.55369090141093,1.1868006876689148,1
36.21734483105544,-89.32009314224507,1.2588723174492122,1
45.29477292258219,87.65679076384609,0.7569398512494949,1
-33.60385864970318,-10.17189753845261,0.8314637125226308,1
98.51862959648737,-24.553563326499127,1.282477080543266,1
52.57982625548344,-5.402443570849453,0.9199711238400763,1
62.07862813829564,-35.776621628527195,1.0868015896714849,1
-37.72475553319656,-53.0584057373186,0.8081640761733464,1
104.35215781838835,-8.030381070067843,0.9904468721324491,1
69.91074209815146,-43.68789227073977,1.1131305518406156,1
-32.55648381431922,96.87788461938996,1.2654356081536788,1
34.99133708133703,20.399179625449435,0.9623883863856492,1
-35.526635353904766,95.48807594647208,1.0242317784397348,0
-88.90771763613813,54.64449638695581,1.007083822046729,1
31.17083965416136,88.26082704075714,1.2887177531123029,1
-59.9397486171138,41.34892224693389,0.8201502815795292,1
40.112888653026815,-61.337193880220575,1.0632628532189252,1
-11.433715174218753,-94.89491787788182,1.277494076096844,1
77.67490787606552,-5.367852744209792,1.311039519007973,1
76.60194869997346,-3.909728735674457,0.8915695043955195,0
-42.68298853496665,7.529055415141643,0.9742837526332534,1
58.4242279694915,63.64197261484183,0.9516410707504377,1
-93.70147842907663,9.515903635173235,1.0804092612579563,1
75.84309568144482,74.11923904345298,1.063785735447863,0
89.67062658618795,-9.965180704570278,1.0383126946514425,1
-2.1306340334363503,91.29193508722584,1.01140569558771,1
67.61629770817123,-46.752533928547265,1.1915453795680717,1
68.55628331115786,-48.11762199493585,0.8137249291383062,1
-103.03477870558933,-3.5498799016076923,1.225386891347627,1
-44.77912367751522,-88.95307567158383,1.2311965313625228,1
-72.16197167543476,67.76573131685116,1.1620255268442963,1
71.86605574725225,77.20159307468111,1.0036360158108502,1
-14.202327928761546,69.28548426377778,1.0098172967335375,1
98.1878294682852,22.84498343485509,1.02631553428366,1
85.04816864907491,-43.91785608069006,1.1067752248291909,1
78.61493266961301,-16.49554222266784,0.986750904978189,1
71.8650326336708,-48.54781939454775,0.98458434113958,1
47.656573785790066,85.21700590987192,1.0195511286646437,1
22.05254428996519,104.5321835789003,1.0959578349600831,0
10.055435732462058,109.60714174723016,0.9172441576045043,1
-9.137799437518476,100.21385904325892,0.9719946344577556,1
-27.51024531407523,-84.63003712222915,1.2416052776212911,1
12.762915631662834,102.90544610118467,1.1331347024230325,1
-51.19941094121296,-43.746777119810055,0.9784855662073833,1
-95.46295892226274,41.43192682357188,0.9365514459540245,1
-4.4669401304321665,104.21467733078038,1.2736468842245439,1
95.69159651466327,13.99675737418954,1.082455852534478,0
-77.38998709278849,27.624772295588553,1.1207962875992832,1
63.41769534816431,12.952519565256722,1.0799713546618206,1
-62.5846100686546,-34.97729434590492,1.072130108419686,1
76.94916625828442,-55.13285672322012,0.814623632022462,1
88.35864668074277,52.24041199628698,0.9116472764932007,1
-75.84788591718268,-41.122132069705366,1.0830176300630736,1
48.49490168652776,8.789909816372722,0.8778824570333511,1
91.48496916771309,-17.045072267490802,0.8784433873047534,1
93.93589459179674,-44.68587113753641,1.00043130494904,1
16.491885337917054,-49.23363673206268,1.1397915923500659,1
-79.76449259629362,47.24994297679436,0.8093257872462096,1
92.80518727226207,-15.323127626657346,1.0271954666152516,1
-68.98972111697948,-4.14638093761877,1.026355726217222,1
-90.5065678057283,39.77327588177432,1.1003221504361296,1
95.7832090209526,41.212852343528134,1.183617976154024,0
-6.5995941573499035,4.938057701023082,0.903591065978469,1
46.753014915332415,86.83707934210713,1.1045400388893698,1
-99.01363324522498,10.268093939484809,1.1766119002321525,0
14.12664077631329,99.38269552121176,1.0472624642185133,1
19.57763117944558,-98.21228886377497,1.1023928817802668,1
-52.995906252486954,91.77794473741889,0.9238135553691411,1
-23.013980846455873,47.602437577914344,1.181364668440135,1
-80.34491867438516,67.34412277238108,1.1683936106915125,1
24.3204581039403,-92.46376413378599,1.1218600605739235,1
23.29444060316396,-65.88746144228604,1.091924708220464,1
96.9313153799808,-25.672051246012487,1.146765033807689,1
-10.284012184917907,38.96439715265045,1.1133853852682802,1
45.538520913425614,75.79093112448939,0.8316370708428988,1
80.61783868688228,-52.658312118498195,1.1043286974836926,1
46.29088520215293,-77.63463701884318,0.7869688806664836,1
73.12304669900122,-64.51434521831537,0.8412533504176246,1
104.94526982958395,22.8334046648295,1.230389925430597,0
-37.287428898048184,103.08375448128784,0.968338664013727,0
92.38715640782833,2.1783793339055015,0.9672501330387966,1
68.07644304144279,-72.42007175162479,1.192008032346157,1
-20.6513826238954,-66.99166211392851,1.1997061420901833,1
19.409658273226032,61.048931628638,1.1523352839355328,1
-60.900445767284864,-33.86709710376444,1.0963407177424391,1
-24.911653080017818,103.36911807596813,1.2729017602652988,1
-38.51717350388635,-93.65490964810826,0.8430928264050669,1
-99.7955559551258,-5.770258288200559,1.2582954173387988,1
-26.798135008782324,106.05316354666067,0.9752252790185417,1
-53.4956250944166,-81.97022600859293,1.2144467799970777,1
-57.47698633728884,92.1394776616445,1.1191352657959968,1
-93.33232488882639,-33.45689107612747,0.8807453778225776,1
-93.66814111700661,-35.28079296543133,0.9292224470166999,0
-90.52688013829858,-24.746687641294557,0.9481333322154915,1
-26.058035672359647,87.26880830046842,1.0022111233850206,1
-3.4162917613922494,-101.72463551288807,0.8311317805740197,1
60.997334150517354,-59.717977122036864,1.263254060954326,1
54.80423250249602,86.45655816646396,1.0912528174060432,1
86.56041335329009,-17.105013378405896,0.7651490752004474,1
87.1554651089199,-18.473850384030484,0.7701915623817046,1
-95.23580630601244,-31.70242042209593,1.2524351929070927,0
1.4621998268680931,-101.02308763018796,1.1425193197232721,1
36.49868735538791,-82.90945477937102,1.0028607947949426,1
1.6776819066170727,-56.81910635503481,1.1110814340654627,1
-45.12527710591665,96.20678044536126,0.9360376542234256,1
84.10380586585632,-48.86318322533893,0.9014176746369286,1
-28.337432644703448,-89.9378224937603,0.9024597545134891,1
-11.87863287922358,79.01449350142386,0.7274718175989301,1
-15.580261369503312,41.046037997082635,0.8747205775044141,1
54.815402860226094,-78.52962550688666,0.8494529367933122,1
24.031403358640933,-35.468790086028655,0.9131484522059409,1
84.0062284947926,-35.058614550179946,1.077549290756949,1
13.995341200023095,101.42260345323136,1.0856768178569522,1
98.11521519584497,-35.502533158956375,1.0555708083335307,1
97.56006130553405,33.44782103960741,0.9951257032097349,1
-36.859185457113036,81.3518373318133,1.1277960919477263,0
24.93092481947994,40.37175499120688,0.7763822140143903,1
27.083872759517888,91.3862604399049,1.0578380526192133,1
7.872379425012985,105.15305612077047,0.8432644360909154,1
-77.25611754237715,30.767333639220755,0.925581455149088,1
69.50807549659746,-77.16963930992613,1.1890791885002203,1
59.12901103453783,-68.58761616459076,1.1964732777642555,1
58.94432796574592,-76.57749378997707,0.7656590953515344,1
60.39677609994522,-76.78493888856723,0.8334392281796696,1
-54.61087088571076,89.12897634562935,0.9954149084288807,1
28.493448645934812,52.83367354717927,0.8587979184111463,1
-67.41690682268923,75.36215886894385,0.8350564041525358,1
96.7773367859677,28.47887809734336,1.2377720309784532,1
-17.644313089394775,-90.1289528997009,1.1603737483820942,1
55.221020890120926,49.064741847627204,0.830268808150579,1
-74.98556495591316,-44.37391685116509,1.0869120659552778,1
-68.96552874375068,67.94241516226863,1.0719531552140018,1
-18.327630401343665,107.42991013689361,1.0910090448597656,0
41.5287333067244,-94.77426012959562,1.2290469556230983,1
-86.49657996244545,-0.3342171032841429,0.980563015565513,1
-66.66667122720526,80.12533688637787,1.064268191522518,1
-87.09166002556564,-17.55779168730168,1.094312940168109,1
-94.69591713916883,26.618464100985367,0.9088287035342074,1
21.23797774505539,-68.442345662311,0.7839240275596648,1
28.033544658421892,102.4152971870501,1.2946809510161306,1
9.746226482360715,100.99205318488303,1.0684309322839476,1
-56.124473719317734,88.401312693928,1.0397561134258109,1
-93.01869651857947,29.56681987576113,1.0120860916905334,1
-62.814176386657,30.05447301282569,1.1653859317666568,1
-49.11200969509168,-45.787743149926264,0.9866932587281261,1
21.693728340442828,-89.64614211271233,0.9983331928057428,1
102.00680545881985,24.673001413566173,1.0848612283283756,1
-0.4424966239909961,-101.16802872089791,1.0325096621303589,1
96.2352439898717,6.459388246164488,1.0698869105261437,1
-77.80023928979706,-8.959667649931053,0.9613517416216217,1
62.40365027342723,1.9426369128390253,0.973207664901048,1
-78.32740409490813,12.464563807150938,1.066423927907933,1
44.797379233576976,-90.25090528021911,1.0165921723743852,1
-14.548605999378571,-36.627258829168944,0.8964008736104927,1
7.992287844881145,50.19041076049612,0.8064472908150196,1
-91.8408275811761,-32.37276543330874,0.8913940701495416,1
-11.217161528973726,-74.39986047639138,0.7421572441837991,1
-79.58544771953426,48.51370139858748,0.7940353272175232,1
-62.13454039805559,66.30429663902906,1.1340815333427832,1
66.68132536173387,-42.497375768093974,1.0310219192731274,1
69.12756138305052,45.477815080311046,0.9902055667017273,1
48.30190500680342,88.60520028152614,1.1155827295821625,1
64.55432161752286,-58.44333475488796,1.1048610370805851,1
-92.97254211506356,-2.831640245833146,1.10976775617974,1
-73.62325332344767,-65.57817019439388,0.9515343107093903,1
-39.30300296537163,89.25917609792502,1.036780413303365,0
-72.73669240142956,71.12759876706966,1.1108439470357858,0
83.53466614405495,56.82628609946625,1.0073014199194466,1
12.42869852837872,-54.10139359411909,1.1425445072769962,1
-37.599424119465006,25.484054125415163,1.0123556249116679,1
49.00084153280526,-89.6942680151357,1.1803122740561922,1
-94.95173868204193,-4.304144603149287,1.230251989036057,0
-97.90748156089369,-12.734144583856542,1.0864567489186796,1
-43.89491743998057,-92.40781543206975,1.2696353535945546,1
-8.303206159715188,-70.0707045604141,0.7829977174885129,1
-58.88696474176878,65.77392592631745,0.9551440720973333,1
-1.774135789933276,107.18063988069423,0.9712601388729847,1
-62.058331553075966,83.85635666438628,0.7713660491384544,1
-47.4488817287492,20.333529837304322,1.1648746557933343,1
-96.22378407831135,37.11938115743661,1.0769215082578227,1
-63.50070706375274,-78.13681189848128,1.2735764375707936,1
88.74856663457427,19.03644917455877,0.9891110656599873,1
84.22271002760161,41.73536077260616,0.9550628054917762,1
-17.58817506032751,13.516296685315826,1.0351240770258798,1
94.05078172105064,-13.483571260619247,1.0455909026070251,1
-69.1829403798156,-66.45834442912974,0.999831907849882,1
-54.996990988075794,-47.95493217903433,0.8549214928188132,1
89.79647651049638,-39.93894384245395,1.1866834149544516,0
-6.57237933608249,103.50202363054687,1.2415273236511188,1
66.78617050487522,89.46032528045716,1.2821134242436607,1
71.70997144272849,43.087774167290796,1.0149642507894132,1
-12.672398499523387,-65.8477322032927,0.9254706651163521,1
104.42806209672335,2.111352277477646,1.1609724262220393,1
-76.05110185230454,23.87814094413491,1.047079677271221,1
-63.98718370178662,-74.01809439377489,1.0797536339727976,1
75.04294818770296,54.61087088571076,0.9560985827337412,1
-88.59755968816853,-44.55531758156603,1.1407658463118842,1
2.0373641441477477,-64.6156304887147,0.9772443587293403,1
-81.15778727362098,-14.800500585207578,0.8942833154079098,1
-31.458184846619055,70.45415900480704,1.0135943564391097,1
29.19625123689251,87.8215120504647,0.978842253309624,1
51.824539577995935,95.56520297030688,1.234698406578081,1
68.00218653466048,42.111355013800804,0.9267481361189106,1
-76.33562614944249,75.84309568144482,1.1046367837088338,1
-33.786710585947326,32.13761303684799,0.9580542487502266,1
60.515791076379955,73.90118606290949,1.1782760955386808,1
-34.088597233577524,-82.31488739635469,1.3025690181212888,1
24.68432034255671,14.305685653072635,0.9770024412258465,1
20.49457840850222,99.25669514860003,1.1823931679579842,1
16.530318246807646,104.14592868899909,1.1025457618897923,1
-103.41535300606006,-9.29484862917224,1.230311139819469,1
0.2042437853402953,108.10066529556805,1.0147895694511218,0
32.11522528830264,107.05581485651307,1.1513817905557187,0
-92.02531920340067,15.031025595665199,0.9701290709238052,1
56.88703346836675,-72.5579363067295,1.0884510853066311,1
97.29175123878119,49.428116511990964,1.0843330558884106,1
36.26088462081204,-46.37763633722277,0.8086025279054364,1
1.7949248895125678,107.29264239804476,1.066403875229971,1
86.92151313662099,-44.44920365127333,1.2668667642241214,1
-75.9440004623885,-57.61826902185895,1.1037323063744238,1
76.96410933742015,-31.165036794162212,1.1013404353210916,1
-84.2415955830954,63.07260474323224,1.2511469111488966,1
42.2963680531188,-52.23534810078269,1.1824051757954819,1
0.08773198961209071,43.37720229248945,0.9184537046913503,1
57.77778173024456,-56.093981432720696,1.0423309352920525,1
-71.73391669315161,30.67920190588757,1.206279640911083,1
-11.845097489608344,-98.19588376669259,1.0453249382780914,1
-97.10739073195487,35.96400201345576,0.9165601538325103,1
25.844503385061717,-87.16945559231317,0.9777470789266748,1
88.59512104627402,-33.591183623710705,1.0394107876063652,1
48.58510620062843,-47.27040524842399,1.0469274330874985,1
30.528898266755846,60.10711190740165,0.9399601038606762,1
-92.7814530142028,-4.704105728724174,0.9835342471720827,1
-89.97792854615439,53.20569175731761,1.0175992075512306,1
-43.972758602924955,-42.20883500225869,1.07472340601921,1
-35.94783460073592,89.48941454685409,0.9492551516317518,0
-14.07086141086132,-98.13449695180367,1.027093943376934,1
-80.93568481680217,69.58901416030584,1.2333988251019254,1
23.280310100635415,101.86310651031728,0.8805438359208172,1
-59.152629359663386,68.07394726437282,1.1662005762398417,1
55.37858038166918,-50.126597330061365,0.7942853785244857,1
-24.179503875567903,-85.2229965937987,1.0935411081843949,1
83.88252476175883,-50.30802947184417,0.8756411208565673,1
94.9093019051118,-3.049731067467708,0.9888431235991758,1
-24.653733509443644,-81.87796816237386,1.0566349022152728,1
-103.22417509480442,-19.123739617184793,1.3139086761287542,1
14.597423481674653,-100.28724829354557,1.203574525478352,1
-70.36105566889218,49.79954202184761,0.8958328302777281,1
85.85606135494182,62.24928313627987,1.1478516380790909,1
73.7912800539449,31.241265092083673,1.0851502262716142,1
78.92516514963147,-48.802829761565754,0.9596000180630899,1
-0.24004152121465683,-95.08405779725273,1.1207005929772844,1
-26.82568195932631,-98.2963172581406,1.243956255804129,0
-1.6402067623129073,101.91623613135567,1.0099300192386704,1
-8.802688705615926,65.95381336720274,0.8688644875536308,1
78.99517719034696,7.151976480358444,0.8582163078544169,1
-94.12157076028794,51.51121104366706,1.474968617784812,0
-11.920945621466267,105.2205422666259,1.0184822725732767,0
2.7642539584125325,-13.431349838231121,0.9117553855418089,1
-35.13077506111629,-91.97426807081658,1.175968260818299,1
80.87457083220163,-48.6942383159865,0.9614897227767919,1
-9.302376041408372,-71.23698299374935,0.889352758368704,1
99.7991552162381,24.36892590580369,0.9484221264244366,1
47.070898100035016,27.943789694228247,1.0339942409035674,1
-83.91690137809663,66.83172305821174,1.2448533080395467,1
82.0400516337484,45.76961344856889,1.0666696435620036,1
-62.30164894969765,-38.14252691230171,1.0104031780844898,1
-85.33369866118807,30.863391696706607,1.1453655837497785,1
17.942286038807133,98.21009367754648,1.1697483012665004,1
96.64723084218926,35.47714551361075,1.092179385609321,0
-93.33848151967635,-0.6712193490956415,0.9954664869550744,1
-98.57885378230642,38.4425627209318,0.7334469875888715,1
-48.24145371653729,85.34512246613085,1.0226901917159845,1
-100.80544863554937,-23.888167457233422,1.3182057855575444,0
-16.02607338193428,-64.46938938512906,0.9867080247897289,1
61.2253596956601,76.08388083743435,1.1690848799430382,1
9.988368755214395,91.78618838670559,0.986731121260516,1
106.92162162564904,17.967650729681377,1.2166388844076634,1
106.70535363060222,8.243182982656993,1.2936843986220914,0
-27.963650134339353,-77.87995750130493,1.0812044303718713,1
-36.88106113832075,-70.80002130332755,0.9943350421270166,1
-66.55098069145306,55.71930820774455,0.8293294031984861,1
-22.92311557150051,-77.5174793929637,0.7280840259458801,1
76.09316222504836,56.41400600794532,1.1336307832607537,1
58.47816315992086,24.822992354948752,0.888616642979649,1
85.3936635216078,-46.04676140497149,0.8310345000521243,0
-93.2660678139648,18.128492710636863,0.9793951860104875,1
91.01240313671083,5.2857161443305865,0.9998025194647612,1
-25.83393765541575,53.05174300411737,1.038074619827792,1
50.66074787906012,73.22040235073912,0.8444506347953116,1
-63.89263544230492,81.59075033923907,0.9124173897751175,1
40.60737804902221,5.04574987874797,1.0940014111972522,1
104.43631709849316,13.762955870395837,1.1783969294080032,1
-65.77567473674162,78.1805700121248,0.9397287750108497,1
3.1088304332923444,-16.32670928634655,0.9449182312293758,1
7.69395623185349,98.22501408394311,0.946434469706302,1
-73.96574884576476,79.08007911577802,1.1334630796611123,1
-18.403171685139224,-96.1538496921772,1.1215999664098635,1
100.03658546608247,44.02081596418148,1.0638517614054737,1
92.57076517360308,-19.908034953711493,1.0563803758159824,1
89.4304463567919,-47.82041699791728,0.8612641313844424,1
-2.091467966645241,-87.32466251745748,0.8202578586832218,1
-16.3363800916633,85.71073572154167,1.0820598266140107,1
-20.74716941156119,-62.72355213365111,0.8094018066771282,1
20.599281981425136,-90.88892239192688,1.083851318210545,1
-21.786777420334435,-61.46461415084765,0.8101984986611888,1
31.58564052160029,104.82167136581924,1.1140753558853353,1
-93.33333971808737,-7.756086334387088,1.0692555154385852,1
93.4872081306378,-9.63547908768158,1.0486403843392555,1
17.812252436393003,105.4758794591699,1.134343946657805,0
51.03972620153408,69.82153377359064,0.9725229658323211,1
83.31029733563591,-42.88840977893642,1.0565767409396636,1
2.638305582728693,100.72044890601163,1.290816644647683,1
19.394025537749854,107.02898437791367,1.1433691139999802,1
78.0089104625953,37.62580968025058,0.9261228230291108,1
-57.300910985314765,31.92282813655066,0.962487235462057,1
-27.75195589770035,83.60798928406115,0.9481261861529435,1
46.02897243011925,98.61156491374959,1.1480937369100852,1
16.943058326081395,-74.26323466200378,0.9511085350797176,1
-27.881419116280217,26.444928297357055,1.0730242534011354,1
78.6191829491523,-62.87189725610756,1.1656771397378904,1
-104.03899910982335,0.9051713213945216,1.0547860150375854,1
-31.668741621688067,-4.0607378049022325,1.047425078158246,1
36.3790919331315,28.83941793864931,0.9576461055672071,1
70.36541502241329,-70.93758017205731,1.3507898242057297,0
-103.12226236606942,21.367943910604424,1.1026187008501311,1
83.69788473260076,-46.52928734783794,0.8581519631684036,1
-5.995505070832525,43.1052622715324,0.9943432495792602,1
78.23001168954862,17.699580761422226,1.0470715447269754,1
-16.782473114910417,18.20289580386797,0.9612502359578415,1
26.56242649773038,58.874431600395624,0.8657324868487153,1
-67.984772064542,-56.258764995818176,1.0314689730403819,1
4.116654897182446,79.10983107255299,0.9722727556431378,1
48.9995695124868,61.86358581789308,1.026517868776187,1
-17.50216330580588,64.60465756056311,0.8605217788381755,1
-66.16616029436182,-69.55893462101027,1.1992044293236916,1
8.031654763296821,91.74781699373341,1.0279932192912296,1
25.052949617189636,-62.67370674324723,1.0750522700978347,1
-87.65486258825021,60.583277222235424,1.030690381898426,1
7.355989898244043,82.32345706566966,0.808956851717698,1
84.22629092513681,69.53028744072876,0.839830943233879,0
-11.447578512680202,-100.40588780373854,1.1655797709262716,1
-84.3851766750314,-39.22409059376289,1.113096471472272,1
100.6460401838359,9.404770987267485,1.038992983620396,1
31.486036271892726,-67.6836053192493,0.8539080830522069,1
-9.371479106002495,-94.99411737754897,1.066600335530074,1
7.44657777057831,-80.27595286688543,1.068502136975513,1
60.079921908787256,-56.14187696153801,0.9229167223699912,1
-98.24102865347548,-4.2863343496190165,0.9218237196986582,1
-41.14139885535665,77.41666934278831,1.0210843114027919,1
79.9228784488115,-66.89162504672343,1.2660125768530672,1
69.62943354123426,69.58635086776404,1.1561667933702617,1
-14.475778285994027,108.2679103738046,1.208587256128016,1
-23.01017009401133,-57.37130146949359,0.9371265217095863,1
72.19356093519688,-55.22848744242835,1.0009325711959796,1
-63.743557023866344,20.178357610779553,0.9992231735727561,1
16.95700154432809,-100.2346449656837,1.2259738991037552,1
-37.5576469815545,-18.27053497953263,0.938391377313381,1
-100.50615293472376,25.39407259760789,1.0716103044604057,1
38.867929943293404,-94.74295293779537,1.1516996196424119,0
-54.391166933668636,-72.98821543077139,0.9675587810171461,0
-79.57665253260573,65.1305580024955,1.0921930072055148,1
-61.02656857246238,-75.18164588802568,1.065014087630608,1
-58.16966305205306,88.10798385327966,1.197582862232932,0
99.27143191922556,-10.312984901338965,0.8301872156137885,1
-67.74927128127665,-62.08184588961097,0.9485061117118527,1
-65.69156528300815,81.19173604246105,1.0119475041861359,1
72.30787029552226,-61.67141098350472,1.1454728052489318,1
-64.63643530238146,42.422522661686045,1.0941031975803797,1
74.29874081303979,-72.72260333732484,1.1670363459007507,1
-75.1185075891021,32.827189519686755,0.9278088653244118,1
15.32663932810487,-74.26582549226181,1.0039755863623199,1
-26.993999252752406,81.9010947922886,0.9865561233406747,1
-52.388530939787906,-44.63117606882461,0.9381192931017318,1
89.46813788426795,-37.1412453446759,1.1052987239943093,0
-66.10242615809804,67.4810717091451,0.9310346408470163,1
-7.770547651356101,101.58111082942129,1.17374631754607,1
-69.71049819110422,60.196969483667495,0.9878112825723803,1
94.57670198135965,-27.64164115105185,1.156566975388531,1
-30.529593008517107,-25.880936935565078,0.9861420072523603,1
66.15219892048903,34.050266357885214,1.0072356282226418,1
57.22945679516903,27.165583926313467,0.8874828733865309,1
101.63081121762521,-1.7935357482273626,1.1075820614451053,1
90.30824644990022,40.7884123133011,1.0541698601838876,1
31.583516260350606,-76.99906309071046,1.1359981538444583,0
7.986396197227098,-95.59305439558057,0.9245546580921065,1
-13.884792465859865,99.29140230932565,1.1642851281955102,1
-88.00771872229443,18.158731400934013,0.884009612445844,1
13.997012285539514,-88.89005187496454,1.0795812085155785,1
-11.308127877649854,-96.58200460106447,0.8881997427593172,1
45.61326216218236,-80.3816708185347,1.0371552375991646,1
70.9729300579816,39.28015051386502,0.9660380672188864,1
-104.08180235287554,16.44480075961863,1.3749707618803997,0
-77.64789180995463,72.00797819203488,1.2411389477287629,1
-29.292458017337875,42.42719017640431,1.020711672583574,1
-96.18434015414076,30.756328929722386,1.028437320426034,1
-99.59205487445948,19.15713868407805,1.0880262007770471,1
-8.767230798649857,93.31222160441833,0.9301073985253984,1
-99.41019169871409,29.296217959749818,1.0620287643179103,0
84.52834277336802,60.52627764541015,1.0691338803015267,0
105.55053574717621,15.63061774109189,1.180448233899153,0
64.97018769890353,85.88031904792209,1.1570019629642951,1
27.97014787463254,105.8370682431698,1.1139305714208025,1
-0.8194746282447369,71.86310445807493,0.855810192483973,1
-71.04971880539607,33.85267448791131,0.9626228909293102,1
44.310921324789504,-65.3415325489436,0.9865945399338529,1
39.536924498954384,97.65782665695579,1.1304780492611068,1
75.2118135575919,-63.73750654182413,1.0838837455107506,1
91.82175153385137,22.124292718716788,0.9304416700390796,1
-57.78217932370882,36.17680263377532,1.0889152938300866,1
-75.74809472851827,53.004129354292886,1.1815241524008782,1
-37.8235014955305,-31.010030094488066,0.8502662429920136,1
-36.095447154686404,43.375567534919064,1.0221876987775915,1
-1.9558296932318275,-102.60355130986288,1.244450419885752,1
20.311774922171196,105.4886208736646,1.1130614691358731,0
92.76845568240842,5.45423744942856,0.853106418800761,1
89.69892547248422,-50.3295148570553,0.9920517765588897,0
-20.061770249168806,-82.62837785757469,0.9900263702569528,1
-67.56079379637583,-71.40667774916683,0.8828183348231617,1
8.66819156051449,86.63788024356367,0.9338913873812492,1
4.505558110586752,99.51526676410043,1.1112441260455355,1
54.334854070677856,69.24929230473231,0.9010664497327733,1
-62.76989804104582,87.1657332247437,1.2777291609289545,0
-34.61518153845161,101.73184725944975,0.9088822063381411,1
-15.482266271776998,91.99069989500398,1.0561233319316794,1
50.521092875187804,-29.753677619869986,0.9338273154824206,1
26.81495437599306,74.08280184046335,0.8019973800453019,1
-20.978861479129467,-60.486557446378065,0.8109944080038343,1
-7.719881760698672,1.639974881806445,1.0295752530111013,1
-52.101232776003286,-85.80188584061915,1.1584111088789812,1
-45.6937445896276,84.26448716551215,0.7722271109526212,1
29.061436167588315,-97.3928096815019,1.2083090681638755,0
32.87732208517939,103.32900200707743,1.1750577316815467,1
6.304937445883069,-96.33893261630269,0.9768710878367841,0
-54.4739634797473,-76.02685741489418,1.1350927281904397,1
59.5999076683417,-73.3670814228535,0.7266693652711402,1
-26.16388209686812,-88.50296770261545,0.8592465165821068,1
81.98368125796499,52.527411695544494,0.9469278111894245,1
71.01130453307586,-42.58319092431958,0.9009108005803325,1
-88.2493833969768,-48.23973978267429,0.913655350770362,1
103.2662486558664,-2.3220492834990782,1.1108855259959267,1
90.61461212791066,38.72308507016166,1.1330915561112365,1
18.57797186620746,-85.9548544378915,0.9661487242687316,1
52.03657286013081,88.64708061919347,1.2427242398132416,1
51.611476174652296,86.79618172288944,0.8373852316432491,1
-104.87049075163024,-1.8845287119271208,1.0856806942084456,1
6.136123704938542,95.74552673904307,1.0305797916094173,1
-18.469292878076587,68.82973366839035,0.7534486822834463,1
5.197075956068278,-85.06660821339405,0.8558395361201893,1
-18.44551458614334,71.20459057522453,0.7551592957753694,1
-79.95434772976297,54.632672668679255,1.032910156398903,0
99.50617964653229,-6.078573565980176,0.8766885312923388,1
9.79673884001617,97.99872125359447,1.0341861181748424,1
-15.516029019965886,-90.59957235826288,1.0664254741339867,1
-19.48139267588216,-27.967246444632966,0.9411227048395395,1
95.57564725478454,26.899254672133925,1.0473386798691033,1
-48.11543915463864,93.29150194572415,1.0534683300328258,1
63.36513701337365,54.73748421004696,1.1549957267640465,1
56.79958533038857,-23.436974367799856,0.980031057924156,1
42.58543470922016,-80.75702397832919,1.0075440915004095,1
-41.484697945143054,79.88928144979258,0.8910034964340711,1
13.113623710437958,79.2358390391252,0.9601423777344937,1
75.87827642915894,68.88170522751346,1.12241366703602,1
-10.373860159437143,104.6159214904924,0.8668908166159862,1
27.35089537375941,-96.49802677822315,1.198121310708893,1
98.0899346713658,20.90806495294992,0.9940085095149949,1
82.67196760993814,-47.86350571864433,1.1959385179089606,1
-84.75609720697078,55.72001479781493,0.9423117549833834,1
-11.139149118385724,70.39788775782554,1.0321757056082814,1
67.93672047346604,69.0055846056672,1.0896636248780636,1
-26.35426301933849,97.62250479358117,0.9866199938447713,1
-44.32076879301127,79.59260951460465,0.9446027352447854,1
-92.19506249767801,19.43061765088962,1.1284540215567513,1
-22.52384549632714,-67.23731938569726,1.008643088124457,1
53.75073958411606,-72.08610902903987,1.1296190649167093,1
51.47611824782223,-82.80897168070973,1.0381156983289936,1
-25.36420168058993,-94.33757149973965,1.149760120942222,1
79.58133849285453,72.89562668494528,1.1428013517895503,1
39.86503044461226,-88.46951677750529,1.0329845958071233,1
-12.764814592476947,49.20587261533217,1.1846698022329012,1
34.24013130879149,-93.8609012048918,1.0958686704695677,0
59.77738746750702,-67.00103440439818,0.9949885353371369,1
-41.54186666017849,101.16883644214647,1.0838338882209493,1
8.154375105908974,106.92336233972861,0.8777067293373767,1
-62.91942655698766,72.01665307564845,0.9903597314200633,1
34.98926119870794,64.14243787104677,0.8083950346053147,1
96.90242542698505,-37.38912225574597,1.0910356381273554,0
-53.20569175731761,87.93251987405549,1.0434178649737074,1
-86.75637056793943,-39.47448036803702,1.0129284947450712,0
73.42126044135719,78.3956819046742,1.1778307400610097,0
4.525521047631999,106.6056925064301,1.2972412958435198,1
-9.271857990310627,-90.87594145867007,1.0314681761128228,1
-10.004716330918516,-87.78103233919737,0.9637247055103115,0
-69.51534108579929,37.22342987827036,0.7169271458872697,1
-12.503651628747576,107.45325618454952,1.175299245709522,1
-82.43799069606435,-10.146831255706294,1.037523607266384,1
-57.58142918206512,-82.25500683201628,1.1412981461759037,1
3.7485486470618246,-91.6992985449328,1.1056333986655789,1
-34.27674908431524,11.767227178128866,0.9892695456097594,1
-92.6760977951503,31.50572434837931,1.1225886841437542,1
-100.54165585045725,35.954200640798476,1.1392209843034549,1
61.64912984328578,-80.89844348243622,1.1071057741031674,0
46.82381617010708,92.2689867891671,1.0315801348229348,1
9.149193202403152,74.35733731816103,0.9722960836438284,1
82.84406447655456,-60.12713136803597,1.0459275713117508,1
77.124394504442,-7.405947175046127,0.9515150957854189,1
-85.4958133355063,-34.57168101931862,0.9409873002204637,1
84.7576611837729,54.28072960075935,0.9540548551843171,1
93.5546782083633,49.286578449932044,0.9914004994379683,1
79.25438360779054,-60.96072669029487,1.0477719224942013,1
22.65713446013688,84.12987194335601,1.0466817525582701,1
64.15401740383717,-82.12732545427727,1.1422176980109113,1
15.464137417087574,97.66395445112732,1.0703879872058446,0
25.751233495773114,85.78789535722586,1.0079057953738193,1
-11.430962175927553,80.68394069871079,1.194591219762488,1
78.20885678182708,-65.50723711480343,1.1024740972343683,0
-3.2827189519686666,-94.79393273195889,1.0333950372295242,1
-48.427585317139865,44.322390331517774,1.0724930328181699,1
63.72870293038705,87.08212302236586,1.051239818122613,1
75.88120815813511,-65.68294460375677,1.0585888840316238,1
-17.97920907116996,-101.37306068262693,1.2486454728659624,1
-36.270205041438835,-59.07699187822232,1.2377201126946706,1
84.59074671871807,66.14912441250429,1.1467990911482597,1
-6.141239272845951,-67.78463499916361,1.0366088693227735,1
51.09521741511127,-70.68958397041828,1.0499572370174135,1
-21.431671748095052,-80.88889442234237,0.7762707441301635,1
-70.66519323288075,-73.45924821633609,1.22907094063706,0
20.391885204544415,-86.14910027569765,0.8155098163921217,1
-89.69855343118189,56.378627402405066,1.035911547335215,0
84.2581811824313,-58.78989201471821,1.022372415710589,0
-68.16757428886001,-74.44141056463933,1.181332014901947,0
89.45729652026188,-11.495823927589615,1.0367581422022816,1
-81.36675377001671,53.884508027094284,0.9870778824544284,1
61.655222342564386,-23.16281190026209,0.872481569771942,1
-81.66670877180364,5.769042953279526,0.871608400244625,1
-85.89379554402228,-37.83815062181082,0.9723461827848122,1
-58.77060312529448,20.954920880175045,1.0382011573607162,1
-81.66411506922827,-35.175331166071864,0.9550728759379666,1
-64.33082421963704,-8.809007936560365,0.9566644190811432,1
-21.055677506900402,-77.90242587799631,0.6535383670639852,1
89.30079317017302,49.20338432185161,0.8031013164473171,1
11.490911722124224,108.92619131310974,0.92355278565191,1
89.05493231258473,47.65843054747498,0.7761385696627403,1
32.86189668041242,-78.1566696029946,0.940917928371169,1
-35.4139575925211,-93.89672852500563,0.8742733560119851,1
-98.82680380860651,0.9011925463554257,0.9656815082738721,1
78.57235212520425,-8.532980418223021,0.7715120292869121,1
89.75818080074505,52.24927381341952,0.8784907045767726,1
-72.38537408930108,75.32417965266156,1.098780778006307,1
-90.70652183131381,2.222543736839489,0.8172200976120266,1
52.27674886808139,-58.37395277934599,0.8928503739482637,1
-12.299415223223203,-72.8785234171432,0.9249132163885856,1
-81.34553670367734,-0.6702506038687216,1.031403871096318,1
-11.343520249375196,109.61567629494961,1.1056524905541534,0
88.83272637616209,42.002371175773376,0.9635828122458436,0
82.52178369838774,41.40114366932201,0.9762284458889994,1
-19.41070270167381,-99.16534782974567,1.293876159803812,1
-19.939922238314644,-100.98349396638427,0.917724930889921,1
-81.07667911681473,-41.63339623262117,1.135227650878955,1
104.4303658909418,-16.343541886733686,1.2447570453815926,0
41.598093033757316,-87.83941653814064,0.9733091043829855,1
-54.244047235764754,17.714525428642244,0.9624181731032143,1
53.18438541698324,-83.62738581237676,0.9688613252851137,1
40.34143090281137,99.57122291409217,0.9233514591083113,1
29.528081075153175,101.61871025354078,0.8382216362599328,1
-53.20534601548663,84.20110116316516,0.8662837953673336,1
31.074357392066183,102.5876787459528,1.1548436684638466,1
74.89379630739472,48.380290444033605,1.074494915014306,1
-81.07587534228783,-23.274382263499465,0.934444291330428,1
-53.47622856610101,-77.80842731769764,1.117042616578136,1
55.208487748747785,78.63501783207002,1.0499770060891196,1
-55.48171023068256,81.44035264276123,1.0610507898620134,1
90.0891842780361,-43.634613734538114,1.075886631321814,1
62.26750199429883,91.16353199058305,1.2840461479421832,1
104.27573622464962,27.93362094338792,1.2560631035212213,0
74.82285399773536,76.60387935076264,1.2528141589033825,1
97.8531407168961,47.561992619146366,1.0271350333316174,1
-27.12855419043824,-72.37889142997014,1.0004762561401814,1
-86.3383791161148,-48.192734506954075,1.1746722013514221,1
-92.85891883891749,-11.480940434618047,0.9705711828004475,1
-91.75652056413145,-34.215475948713156,1.117444810998646,0
-97.48644183689908,-10.903832994644851,0.956195932878937,1
-57.40178748904991,-23.114693589633,0.8094048229808736,1
-90.17322758389956,21.75862326217737,1.0087226486965675,1
92.98485033465734,-7.1918114173604275,1.1658741813390678,0
14.406685327142027,-69.2182902657399,0.9744421335554814,1
-10.573413812988933,-93.2579655811579,0.9884286086827658,1
82.0663669862203,-65.26553029420639,1.2417846031253232,0
-103.71656530184733,2.3812968608994503,0.761045330164956,1
8.543934179992261,71.02622922079426,0.982527187547055,1
95.58870261038156,-31.497350913410166,0.8417250166381696,1
-36.300777343140226,99.32914532098948,0.9931308073370562,1
-52.43030807769843,-70.3694110964743,0.8255789864580826,1
-24.592808516657474,73.75057412469876,1.0605002231429554,1
-49.07443962259135,70.88210561188106,1.1079313570844784,0
-55.84843754310434,-23.36861177849174,0.8125868924535269,0
-52.79119143922331,-54.10850459631662,0.9929609277533687,1
-85.94154084449144,27.55948265518405,1.107856575286808,1
-75.76393899908805,-62.43043561543684,1.1269107466209949,1
-43.221433249708824,-75.18810554632445,1.1975077271762735,1
-81.34008751177596,57.78311498189271,1.007014533508229,1
-88.32807804324726,-40.30474853781675,0.9466707061006484,1
68.14895621653032,29.6513236319892,1.0163686599660382,1
-100.77785040505091,4.141633535583488,0.9348607738862159,0
45.4611218898986,-76.64585637928518,0.7836827985957568,1
3.7102827951849404,97.67100719536248,1.0658169048272987,1
104.71712076866075,17.395636946479037,1.1816679767645355,0
87.53829560904535,40.613074931464546,0.9946468628556853,1
12.25624638932949,92.90555378356179,0.9503949728638662,1
100.76645664016621,-20.44990900719792,1.099958523055016,0
72.10053910412448,65.78733347290269,0.9721390720638308,1
3.3369488906025193,-60.50373997890577,0.9000856639059022,1
26.526539450484584,70.5207803542989,1.0135913067575844,1
100.48794238742944,-14.07889547584411,1.1232444820889391,1
-35.62661482924617,76.71675091634545,1.105839187264443,1
95.864207914495,36.922634485314624,0.8785939731415745,1
42.88482888140123,66.90548954743659,1.2110782306361239,1
87.43075445978286,26.409747549642933,1.079111570686861,1
43.77647236766282,65.03805148283648,0.8510716669563418,1
96.5511434249951,46.126137967001455,1.1490984813872853,1
26.678304033270972,104.55232968943649,1.0943562086881329,1
43.39191511062316,101.66920609849345,1.2152816757084774,1
64.53925081976203,-78.9362952689247,0.9506279649336397,1
4.862216127585521,90.67888464777297,0.9342906887938119,1
-66.55893824153125,84.86926097145485,1.138939380528597,1
5.723467893740794,-101.80361949872731,1.2420565774578243,1
87.596828283551,20.699343095310713,1.027978524341047,1
56.19860591722704,-44.84357983314859,0.8552507110004727,1
56.02314193800286,-43.53699984499719,0.8544960246169486,1
-84.46957493343649,54.31407720529989,0.8500617162315035,1
0.6087525809818185,14.99500842859616,0.8206446620129223,1
-52.04595840892167,-52.41359722253422,0.988891747319088,1
81.0606600975548,-60.96243240702985,1.1223909681738167,1
-24.049705723820768,-95.57216582662531,1.0896913170041496,1
63.86302186078493,-77.07348619325512,0.9717989439653131,0
-37.25923885362222,100.9514696794842,0.9782814558876022,1
49.50590842396226,96.21971146423832,1.2239397625305042,1
102.05766167000523,20.300774340470834,0.9959537563211242,1
29.911237111418206,21.245465076265326,0.9448708895843102,1
13.46495318828958,-12.304275313297389,1.0008741139301462,1
5.757872595549451,-35.96520078355363,1.0527344147427877,1
-28.416049622407797,-4.756896839356563,0.9969320377554318,1
12.490058699684782,74.32936155616738,1.1680718866292565,1
-1.8131277853164274,-30.82317235037921,0.977760515156946,1
76.31363818212117,72.63944884272783,0.9175852394124049,1
-87.19127408427175,-34.96746443110246,0.8484470172684242,1
-85.51780130282764,-50.15155510076115,0.833861844550865,1
-99.16848111508895,32.21408993568747,1.134477042850472,0
77.90647972426255,71.57369621533631,1.0476678065483522,1
100.80549429362358,42.39283704136184,1.1068663768008755,0
-75.23801430572112,59.305258335097825,0.8967297716308467,1
-94.03274159331657,-40.67194271670209,0.837206840356496,1
-93.87322888493097,-42.47997681889361,0.8539920317625336,1
-71.55878804881368,69.80959744847335,0.9885343095298533,1
-64.92167231294292,60.75887892828785,0.8329173425125364,1
3.478793564927065,-82.28176678251572,0.9161419924313562,1
19.057469118161528,-37.42679783262722,1.0783910085579704,1
86.35334406103796,45.6979667471824,1.0196298163715185,1
61.20146912974055,-44.19919295474347,0.957494919361086,1
43.14670147506145,23.703984770967075,1.008043195339032,1
44.808301361135264,96.84404758078996,1.0656165274482556,1
53.28956218445256,91.73582018048208,1.2063783985669163,0
-50.08382549839107,-17.393215083411782,0.9237787887281284,1
56.09544852284799,-83.62979603187158,1.0543103394289417,1
102.87886064978709,-26.6181135236043,1.0948771351541324,1
46.28384666261367,74.4050826186302,1.0314725806807907,1
-91.45506984352224,24.778757738337628,0.7435953725605637,1
-25.15703997694319,85.35069275118556,1.11372786563618,1
-45.79487583200857,75.20801883017866,0.9444470011487174,1
-56.095702230163226,-79.77674303522979,0.9137945508880271,1
-54.47274593110147,85.37854417645923,1.0237556738089262,0
52.31980080967706,-70.83650645130606,0.8621495658968712,1
-17.01722084221713,-81.02443802534096,1.0425576278328887,0
71.29429265729325,6.051257745038683,0.9530119372059992,1
-101.98770925303876,16.849788436792792,0.9740614293148969,1
96.09970458769146,-26.997861004996256,0.8589853563037041,1
17.48855265454089,-95.39648760566827,0.7928749320667831,1
15.358795064557215,-93.5883847628138,0.7398380466826902,1
-65.18107919252681,-10.390848603557579,0.968802759359361,1
60.09488445240346,-16.259458283856453,0.9601935390505654,1
-32.30911918195433,-89.21617740627443,0.8851360723533213,1
100.24263560328818,27.723951442617484,0.944632268619331,1
31.01057265472065,-93.80161093422723,1.206602287589714,1
88.47950197255534,-35.75526188884362,1.0590298108321563,0
99.65004297015749,38.00241281900184,1.1555338129307016,1
100.47046117369383,25.8956033775975,0.992465818484037,1
72.74646788964549,-71.10032394809679,1.178186329152466,1
103.71504305795585,11.462327364606491,1.1061003719896465,1
29.123887265868937,68.7808354274269,1.0256726738627389,1
-94.68306263519636,21.12316365275584,0.930254585703562,1
12.693448995369767,107.350727887133,0.9189213686471607,0
20.750522760423575,95.6605638285809,1.026388025377563,1
-18.61025759711503,80.64639271019202,0.9815878761957735,1
101.04804540088773,31.36703472754156,1.2524624792634895,1
-87.98747287853779,42.51627188893352,1.0485315980740624,1
65.33452873464684,-62.23073313576551,0.8889164548448324,1
-5.921909298815739,-71.47650525110298,0.9516970646152868,1
-95.87044560697566,-18.75928257143201,1.1661407440840394,1
9.771933664381791,-97.88383412434057,1.1667965628273012,1
-87.2619968105917,58.399216656663484,1.0297510279028401,1
33.654468668200515,2.4588829741618494,0.9842529046144127,1
84.60749945572478,-56.88507025699878,1.1036976860591636,1
-33.50526460423436,84.70613119485185,0.9747356097340147,1
52.2325061186119,30.946628055878037,1.0170080533330725,1
12.451403494634423,100.61932845882916,0.9500914110332837,0
-15.780859746372546,83.80857144309736,1.0376222433934466,1
62.62857163207677,71.3275001258888,1.0489885395361964,1
-93.02840231829607,41.5218331788413,0.8202278782197688,1
54.804804009170574,80.57061092514506,0.9862607720136515,1
-3.240712269344369,86.40108936150712,0.7807124915054352,1
46.045671566591196,-37.75200149270341,1.012701437299682,1
68.66828159576905,62.332378637765565,0.9777710213649804,1
-3.115380855612819,-60.65592812415122,1.1199226683187002,1
-48.39102002718608,98.02600110111071,1.1956056798698225,1
-100.93078004928091,18.12292242558212,0.9786868376265699,1
-99.44058221069035,12.302267716281092,1.116111950634239,1
-78.29035644430824,40.38456664683278,1.055215854814542,1
69.1181137865062,-66.00643730765391,0.8433193596324076,1
89.35294256301307,50.81771055435249,0.8055077232536937,1
36.73939131489334,-61.105546853461576,0.8779694267969125,1
-86.34195029615327,20.36065784893454,0.7674982997101344,1
82.22524062125504,-32.296338675948796,0.8791626642094437,1
-27.354195416585945,-91.68115788397915,1.038770961233817,1
100.24878340953592,40.950677138808615,0.7532697376926625,1
-104.90721373229704,8.990118715743883,1.0219037367562032,0
55.44109435558854,-46.74861732186816,1.129589338415809,1
48.15450883242206,93.30651292718828,0.9652658803265545,1
-93.60328430150916,40.192820295910145,0.8677475101663664,0
65.46114231117872,74.76472928412073,1.1797578433651121,0
102.36078881019316,-7.884220328926579,0.9700438168025982,1
9.901181684792451,20.272356171078215,0.8677072240179183,1
45.67076716377684,-92.41938448564498,1.1952493192867506,1
-91.76852548881838,33.05724081491813,1.103752630754119,1
23.87233612076207,97.07027933345154,1.094519510320594,1
39.23819147259641,95.50490200709645,1.0558194984984832,1
-70.83116670756827,65.12267552364445,1.0561555829329083,1
-98.0602264844072,40.635229474295876,1.0757226825660104,1
-73.08826723169071,65.65862102568444,0.7297746346356502,1
68.97882922030995,16.611783665733167,0.8805147132326819,1
55.113874818773965,38.638937609826684,1.0611599857575442,1
-59.95778874484788,-76.28885174623169,0.8691996740542702,1
-84.76233139227912,61.0921013378122,1.2260140817956775,1
-53.707017412243815,-16.097566779680292,1.0674294154442312,1
-39.01696562649772,100.4509672193937,1.0851723932456965,1
-53.74211020808864,-12.827670195424133,0.9633507512110242,1
34.53775672688001,-88.84564874552821,0.8678397806347865,1
60.90726915190508,70.88061134763387,0.8583402144955277,1
-14.095198749175056,-69.69955035348956,0.9466313322625893,1
26.842320584798564,78.18540412224036,0.95001947094792,1
-95.70566058914397,49.93808571269175,1.0765106050071032,0
-81.47416297762831,-16.599125609329693,0.9655041327587457,1
-33.296378914681796,-95.80637099369942,1.180577338355308,1
58.78686029208318,-57.23789256340096,0.9587417030641143,1
46.1756737162382,95.90717868491724,0.9130573386121864,1
91.6864118039598,-27.52537151918075,1.1137755384376227,1
-16.677575071294914,-100.09306582401534,1.1074175280465817,1
91.04371290034747,-51.85534136611639,1.1272170777081345,1
-84.43398298217765,44.72182931695223,0.8662629252762374,1
5.580546106152184,-28.021465554296025,0.9829378590111341,1
90.29058457045838,-17.83068625112515,0.9595718879200981,1
0.025066282746315702,-97.09173958955716,1.0362130537274312,1
-30.00220714667381,38.00208461890042,1.030266515393908,1
89.07794001172383,60.29167559407739,1.2022085170737726,1
51.23826707598503,-77.13452229545062,1.0079899848014497,1
-72.88021708489633,-51.072551095606634,1.016197855269661,1
74.46691278273777,72.51675598507484,1.0429617074468345,1
49.151710950373094,-86.35879325293935,1.006722729816904,1
-101.23885966115436,13.10195317393664,1.0332186627017752,1
91.89534251197995,-21.889914729551034,1.1709623378193865,1
-32.118263625605216,18.44878410128417,0.8769132308935174,1
98.61261308566847,-8.740705631722532,1.0664391489057696,1
77.36804578428377,14.297422043376054,0.8253469146088606,1
-37.632406070447,86.19503069632445,0.8985619763875519,1
61.5019151668392,42.75335878618078,0.9973988426075353,1
76.82032340408195,-56.39913617919751,0.8600817950099436,1
-30.664419226319247,17.852763600427444,1.0667018433379654,1
-82.35559332560082,-7.953724332963764,0.9384718584930732,1
-14.9049792594332,102.56602656185885,1.0692351475874453,1
84.25296243781266,-63.54302676189586,0.7955785686204168,1
-54.8868037868368,35.01759699659509,1.1422647570513484,1
-40.922400251104214,96.81343610436302,0.9140685580599366,1
-65.19892059180361,62.49480039250473,0.8563574450261369,1
68.520474335806,81.54151299813022,1.0608630512573223,0
-72.63477639967205,64.22190525294177,1.0108490567771078,1
60.46423333762084,53.200460533092304,1.0565383066218392,1
-24.16546321011449,27.431913180493012,0.8550077815152282,1
59.100724430744265,-8.230096168371794,0.902992180349395,1
7.303796179528268,-98.04806149405776,1.1043001110000126,1
-55.331094566528655,-74.38691864562561,1.0074123644976463,1
-9.206162026826588,94.55685477801215,0.7592012069540479,1
-80.57019454171073,-27.707194678510536,0.8468554766620006,1
-100.1577040591844,27.631100605887802,1.0541019413179356,0
20.86768038630308,-80.08050680377389,0.9566632151133082,1
-46.62328590813661,97.5454393072654,0.9449553871334243,1
-75.27404708716895,-66.39556973842593,0.976959468208231,0
-55.75681268382331,85.08436349700602,0.8957583926411189,1
85.50432480672744,57.2885849218085,1.133177671171954,1
-70.62842935151949,24.539890808637487,0.8767694342739113,1
-51.14800572224093,91.99069989500398,1.0440905293464073,1
-92.70943718599514,-29.488691202266118,0.6697000420361535,1
73.6265086848433,-50.86936228849639,1.1426002612792086,0
-28.31830311313392,-63.33194227561114,1.005554249739077,1
81.1431381473407,-21.121327295045514,1.0053205058084278,1
92.14517454408684,-48.620992684584955,1.1576417707171431,1
95.60963865335718,-41.35708777843457,1.0671203589277831,1
-1.2346477565469842,108.9769975524948,0.9942016813353423,1
-84.73186889588604,-51.23704857612929,0.805527133555752,1
-21.372304236327487,33.925234780071676,0.9562559297728723,1
-4.082223190113356,-75.10484967863135,1.0881400991499166,1
7.806356626707965,103.70279261901969,0.8371214538706846,1
22.538045607242523,98.49320410144914,1.1257923620026027,1
102.07449294404057,37.89421772641104,1.1999060470963634,1
-5.167352549751613,-36.89469174389253,1.174555402331079,1
-35.33881676808484,-66.13320931234789,0.8530218563948866,1
-101.34298114333134,21.946669920882865,1.074766410981526,1
81.77684849902228,55.20279086630545,1.1853770508814427,1
77.93904869369707,48.2696849339738,1.001509849458731,1
-86.02073377075038,4.126295775161799,1.0656020152898957,1
-84.02653911915223,-52.519311545420834,1.0209133434436803,1
-66.79607323386142,20.696394120869975,1.0370698134084486,1
-72.47480832823409,73.1858722673641,0.994937105186776,0
-83.35467393990531,39.86003147084518,0.7798774485394528,1
-21.470235260012462,-75.90263233142257,0.6535383670639852,1
-8.402775005068591,-97.10399421667759,0.9722913122829693,1
70.90624731862442,-74.48863689445123,0.9903760903794692,1
85.94810582330598,-55.216843176329895,1.136067155678902,1
-59.626420082784925,83.10517158849531,0.7553075219612273,1
90.62220797116711,-47.432243214949345,0.83308701137728,1
-48.02804217037774,-86.6562283108892,0.9941148091029689,1
-54.43143298361217,-62.584241446849504,0.9529463100113978,1
83.50005442927716,67.60696451778696,1.0158953276537919,1
103.70692442386797,-11.111111871200881,1.0404796536899485,1
90.37230472802966,-49.004582769036055,0.8526061191030587,1
-79.32835764008492,23.34056558800636,0.9263408012799086,1
105.15305612077047,-4.778661851764478,0.9044341147198626,1
54.0335057450145,67.51838254119346,1.1372693455081668,0
40.26112346532317,-91.26038754781561,1.0891334450203516,0
-32.11809310667496,99.02460576769306,1.0363706738153953,1
88.82655062534053,-44.49265187470026,0.6653096944058767,1
91.2726020500013,-15.799591343533525,0.8799110351965926,1
70.90694360425626,83.45122554752074,0.9743347012127267,1
62.66570686577501,-76.06833492169264,0.8430598907116752,1
-40.561802989483475,45.478212537225616,0.9956501918020484,1
103.54563100497538,5.731425443818986,1.150731871187743,1
23.841104232485254,-47.822886582424296,1.0010055113585203,1
-97.50783988314592,29.358883666615593,0.9841495097437962,0
97.61842642467377,10.962812483459702,0.6365506722903584,1
-78.13661657679755,-36.25587136426279,1.0458943201695488,1
-32.0332348625638,91.04712837921954,1.0470946071417866,1
86.20294636456013,-14.702767401974503,0.9903256657471944,1
45.77830960265616,-86.40185944699856,0.8706643550338027,1
-14.039903480460959,-89.57296882267511,0.9818951729138812,1
98.60240089640142,11.371736939242641,0.6375633936903471,1
80.9970752215633,64.62483475410502,0.9218330025843992,1
-43.193297626218076,86.96209664201976,1.0103867414732741,1
37.22790600018933,-91.19203185545959,1.069349703360893,1
47.864776327175555,50.9815084648771,1.0833988515069322,1
-19.303027102178252,-60.7340115842935,1.1270592572284739,0
-36.8126213554836,-94.43025739040452,0.855248896652902,1
-4.96505215936524,107.53435298166991,1.0335733556364104,1
-88.96801665785134,-37.63832007545067,1.1122364867248302,1
86.75658426173949,-39.484844517339624,1.006987576358752,1
-58.618715086894966,-50.253853957521514,1.164565730016426,1
101.0478611351484,15.84614723424749,1.0712850140381567,1
-49.15716014227447,82.38088316493797,1.0093554646597647,1
11.053037058610977,-23.114693589633,0.9926430485195399,1
83.77987236575014,16.719210591788784,0.6940080344087907,1
87.90395597046086,-50.561024046539494,0.9454493051792752,1
-35.934866280842854,-83.63130241905586,1.1286572628717293,0
-1.0172247300537398,-80.53563471666183,0.9875475908231447,1
20.32787578856455,-22.935648712873654,1.101720383046134,1
29.362643609027536,76.136327213642,1.0637323020867326,1
-80.32815239349901,-43.64782530806538,1.0762894951567026,1
-5.614847335173435,-58.22897481967814,0.8852754769623209,1
-84.83972621828,5.601350106002342,1.0765653255762433,1
-78.93900148028733,-59.64456015582502,0.9144447912590702,1
11.655821477034152,-97.99126105039619,0.7843616758518129,1
-64.37130393090436,-67.37925786046156,0.7795589466564045,1
26.695591124820155,-88.68092745890961,1.0462015759147065,1
-85.5320233072227,-28.626228221450834,0.9951952729570847,1
-26.88108161714285,94.35951477020939,1.022940821135112,1
-102.42825834816232,4.739384200737498,1.0027849070348722,0
54.65895770392482,-2.0824296435395895,1.0736317219348197,1
-67.38426522599255,-29.486755581976826,0.9312493445886822,1
-90.25652237439195,8.547602416491717,0.9222061548547686,1
-102.00584506484488,-14.53148113654137,0.9153884798921916,1
-70.54791341300104,78.65115899898997,1.07711038593387,1
-52.63919376725101,82.70480735018614,0.9023329274242626,1
82.90440923131418,24.67172088826625,1.089304609245044,1
101.37611961882645,-27.99988753212816,1.091335881202231,0
-99.80892463925717,-16.037407701089144,1.0078248101312612,1
87.64053155341607,46.653771927692944,0.9143920405370687,1
18.06861214629847,-83.48464725784915,0.8945006113572395,1
47.24994297679436,-89.77618818777546,0.8243985979323853,1
79.05013388461307,31.211770541655323,1.1434819690652458,1
-68.0688833688685,81.6789465192724,1.071103896771998,1
-32.28730035284315,-82.18205752197254,0.9030170528169876,1
-91.60293984762231,43.747825187381345,0.8902878646181348,1
61.65341467794326,56.341290911321394,1.0402658244908116,1
-25.771271948549973,101.70644224315284,1.1418150432094545,1
-5.761857696145035,105.8440725640471,0.8971558371170812,1
-0.4261268066872815,103.47862843331694,1.0279358891227213,1
99.18856627754593,-21.206717928576882,0.9246973901322816,1
33.16859002224963,93.53409682424562,0.8865451402426298,1
-72.67133139534376,27.524171026712065,0.9370147433654656,1
58.97211637874521,88.0981539384772,1.0463571186371285,1
70.3168912659582,19.635254817942847,0.9986198696652262,1
75.01952790851409,-67.30296917384236,1.1610121166778284,1
60.145152878507176,-46.93243672867443,1.006432010406084,1
31.300625355070835,-63.32817290978464,0.9224089060141002,1
1.4778662535845368,-91.63292986447951,1.016716162251547,1
-93.13542886447354,44.6912903417465,1.062048804593236,1
71.92726616324782,79.11869624770642,0.8441290875446202,1
98.94664451278412,42.37204435436242,1.0127843714970894,1
-69.49057203170214,63.97598982751395,0.9719250980566003,1
-67.62326056448966,66.99660349583192,0.951802878128123,1
100.87956059889957,19.46305149338485,0.9869350638284307,1
25.067953831826422,-99.75210773169887,1.2329269140858319,1
27.628290017706096,-75.96541014152065,0.9863206218773889,1
86.70310614587018,-12.72842520385301,0.9892919454184803,1
43.41689057350446,95.9203086425463,0.7560689515694824,1
-14.450712003247713,93.67896519364704,0.9470643206663332,1
-48.2964602814528,68.13642307515718,0.9764276116519565,1
-27.349280459184712,102.83811118478772,1.0170414527495837,1
70.01848313802596,0.08355427582104284,0.7629909377285757,1
94.73033403690158,19.88726529501596,0.8065561082143692,1
-40.933239724724224,-90.36394930044756,1.201762037848302,1
82.49637087717024,-49.68379817248445,0.8704683305384692,1
55.39847425686466,92.34537926991779,1.1215288357416444,0
65.37766532885983,-76.01216911527305,1.0447053730714473,1
-31.526072695723656,-72.81755137803056,1.0277917906398766,1
86.19727097978733,-49.028230205589175,1.0732841677733809,1
-38.48788458569533,-87.29472223528826,1.0196151529520556,1
-56.74874485960657,66.4586312287035,0.9239323594908289,1
91.68744902945272,59.74799155410453,1.0462247080823406,1
-57.76385601760772,56.03706765063969,1.0588735997045058,1
101.7805017149033,8.118057480339033,0.9874159665410305,1
-43.997753471760284,97.80027984851955,0.9442723977178591,1
70.68370371860108,-76.0825953870371,0.8555434870666543,0
-74.37067791682153,64.98310928045838,1.0850806878897612,1
-63.37811700698593,7.011962778770414,0.9233935347183525,1
33.85847131565966,-81.00587040849183,0.8981171139387387,1
60.00929226741605,3.9892071931627417,0.9913680099357477,1
-5.36646326068727,92.27430387944662,1.1745606155298638,1
-36.095447154686404,102.10332505330273,0.9650016348797882,1
-72.61965967213864,-56.135280571341625,0.9247484445451151,1
-50.87202083363615,15.772958418115559,0.93579010734244,1
21.718143550910018,-94.9474981454871,0.9352569431288811,1
-6.882087185125771,-79.35149574723538,0.9787306475931093,1
-7.593191877207692,91.7780660063243,1.0841372562744327,1
-82.12875835915986,38.83134021053365,0.9503057276121375,1
-73.51237114538442,-34.60686176703274,1.084226984892634,1
-93.71566939338273,-32.46083615647146,0.8855850087104034,1
-53.10970022207928,93.90199347168902,1.1135003807754111,1
-68.73532818791722,75.98408791271747,1.0397858850323074,1
-3.551056722393908,-98.81337544284956,1.034811222836647,1
27.714953289836775,-59.95019290159143,1.0002880050865006,1
-32.198237003891066,-20.232071073807347,1.008460305366538,1
-91.98945975732948,-46.00802260436353,1.1584437307879871,1
55.804478620428675,81.61208334583165,1.0688253972318387,1
-95.61021636537949,-27.468762381361277,1.229905074823821,1
-30.650493513682413,-96.94484321511372,1.1447868995522672,1
60.924992786170144,-84.7769533905478,1.0164958633530548,1
89.49322579452313,31.603305430939795,0.9419265404452255,1
-99.25981304956355,24.471625187541168,1.0306055442170332,1
57.697211535702856,20.41111595056672,0.8420434317046814,1
11.09879297156061,-90.9871249409461,1.268065348621206,1
3.0145503197535874,-90.18584676514483,0.9264058957151433,1
-52.671888918659235,-57.32004961052933,1.0271337118940966,1
-103.49076579127832,-15.085944379160797,0.9380146869800621,1
5.071744542336728,50.753652276223015,1.0201281989724036,1
80.33027440685318,-0.8773198961208502,0.8902793115817058,1
-25.56482325870885,39.00592109578573,1.016930767301217,1
85.28154438498883,37.793903899393264,1.104007479863005,1
69.07652691532657,-67.64822174751795,1.0466816044244212,1
4.826787860539449,-54.678121888200856,0.9644883826266378,1
32.33550474273991,-90.76315306270362,1.0638117935187796,1
106.722019744521,-13.675049809375787,1.0574701277261105,1
-96.97702448381229,-4.858435391123026,0.8323995498086563,1
11.7679601103729,97.89043051453699,0.904877185908277,1
20.382385493598367,-73.74442090283598,0.9882885713900541,1
63.44392750452672,49.150316971049484,0.9601094956660249,1
-59.71791201480896,75.37932547470345,1.010754119236673,1
65.88474528161693,-39.02424440188685,0.8882602927386924,1
34.65234544800599,-87.4562605018756,0.8795855853540084,1
2.7690409221314334,-93.17607289604922,1.1580737842055446,1
-95.14220944896292,43.26022630634002,1.0387085275828862,1
15.317017926646708,65.27487902436818,0.918529459417343,1
90.20681737875428,17.22652222468425,1.1740619001450967,1
33.417312734949064,83.93246885896014,0.9151706938051226,1
-73.97278006112137,-69.97852239741589,0.9784441876408491,1
-102.65782161102416,1.5495520243173329,0.7542329971041611,1
-97.40985350513762,43.75433591017257,1.0690118675746032,1
2.683020634697624,105.35729990611077,1.0844385786462012,1
73.69765641667877,-32.62794470811351,0.9971416550719912,1
8.668329819106587,-99.55662483006371,1.0235743947590026,1
87.2802135858434,5.453373839342574,0.9604969598538337,1
-5.872008828533747,-101.09603183923808,0.8051834320580542,1
-91.19541624032516,5.016313413011548,0.928498070113564,1
-7.192405968658964,-101.90252526141028,0.8194792039535838,1
-39.46149083776233,-28.28909052797844,0.9347508414463463,1
71.73970121993925,-37.5192120146768,1.0594273162158043,1
-45.00717031001926,98.63142501326561,1.0918403052163124,1
-91.9994215189773,-43.24755619074419,1.1235994608265591,1
-83.7249652702106,-2.524532762306932,0.883360743624593,1
-45.83831547476532,-81.32689473138318,1.1189659043684947,1
-72.23267144728334,-68.80694613862096,0.9444197669314767,1
9.308705910788758,106.13291990085352,0.8415412547042943,1
-90.48011012293045,44.79222452215617,1.011829309954169,1
-48.73386691537591,-84.8694201224564,0.9984858191768108,0
39.592439345666726,-42.27600608674225,1.0387039688861346,1
-60.27417886906074,-78.8027658297005,1.007564138271545,1
-7.763453420390176,110.08591138575186,1.0017975212050587,0
-4.434803870501011,41.78838560149258,1.08707467581874,1
-86.51741427537745,-23.774229808386576,1.104905813688466,1
-23.340975838133144,106.48103578116009,0.9984341723166803,1
83.09472730401767,70.28880579509399,0.8359811004501724,1
95.1115032525987,-35.91998317546223,1.0544194117722,1
-77.6152378956743,-63.442761630910624,1.0220153260667166,1
-25.692939814967755,-92.57492398371183,0.9334578174719027,1
-75.82550530758776,63.93990957204578,0.8980166769528342,1
-79.06323349565281,-34.5914701899078,0.9131387980375454,1
20.69825088255486,-96.34272192586373,1.0554905913272987,1
-96.78010909373693,-7.891836116257605,1.1387957430516698,1
59.336989487515034,-84.49673972881126,1.0795677195903959,0
97.12181912885275,14.964570799547085,0.8174806977426311,1
-85.74535337314875,43.9433269549407,1.0127056561660535,1
63.74208253664596,-18.040351141241352,0.9040615086605055,1
-9.235961104217292,103.13329218409662,1.0492390584002904,1
27.447579607209455,-94.32655527502381,1.0254584798977044,1
-60.33292539083616,66.57523838443336,0.8937122408417717,1
65.87375129795626,-69.74363354650939,1.110704914566546,1
-12.658472786886552,-56.41704066687344,0.9052089230141361,1
-100.67780759142926,7.810286880100244,0.9454970473518858,1
58.82542380400059,85.84559115412551,0.9332912592333166,1
-17.52618317826674,98.02938028222235,1.1361883878023171,1
-94.1688824762977,42.05672337191782,0.9344825537037267,1
5.793729443863019,97.75280582816667,0.9437038280761967,0
63.459472486074816,-72.22710116222859,0.9717989439653131,1
97.60746228893251,13.571142568931684,0.8790852178338766,0
52.62390944850327,11.710845024526058,1.0002090727763293,1
81.71784698414994,2.084738022774089,1.2187906369233084,1
99.46756744331195,12.681260316655933,0.953130648398027,1
79.96741012328755,67.66702708991973,0.9478897244152585,1
84.99398026594962,-3.904555581636755,1.0874434306842,1
98.69519011849744,29.710141444573743,0.9253984984758841,1
15.698920045929722,90.73994354164222,1.1029328566640806,1
-57.935606473462066,-68.39845856794035,1.1004956423651269,1
6.485286290932559,-57.13883726808371,1.0534820994065963,1
56.641054954539804,89.47205598412535,0.965249541998829,1
103.21148133855627,-20.4035293032464,1.087569978843642,0
104.90721373229702,-14.340805994283125,1.0668847505860586,1
-99.26907606558402,33.85047569117918,1.094829239644503,1
93.23128749752549,43.490000564847854,0.9252322755902547,1
26.348929767690343,89.61729406970642,1.0228375594361463,1
24.748954273245005,102.48109704504678,0.9759169527121891,1
47.5841600800785,-80.93624184530765,0.9104803818302436,1
90.8473704676978,-44.61798328843181,0.784152443078873,1
-45.37925557924567,-87.04498778866763,1.0776683591845428,1
-30.99952520487806,-92.02259056302255,0.9956623408562789,1
34.853526782255585,66.73897781205038,0.9886600084640632,1
91.76348342044986,33.88648098766784,1.0433509964443453,1
-34.75857874154986,98.20969580004258,0.8547414778927879,1
-59.9234555333287,-81.76621431846323,1.0239965177330532,1
-52.933576855318144,-19.11158325204123,1.0033714901661286,1
-61.32562482664535,80.06749161850176,0.790419861643275,1
-80.58809902938667,-53.3859601074015,1.0267094341629115,1
-28.450230917061855,-93.4823648149885,1.0754091255526803,0
-26.61930243820094,104.52094986021136,0.96858717678397,1
-102.55748297187836,27.702285383502602,1.117872518316094,0
1.526472346730403,78.80775022920004,0.9183565905980834,1
4.298130247381975,-17.826550494287527,0.8904327395764685,1
12.245616365182627,13.823317690979776,0.9012899581764209,1
41.46191041537367,-84.89874007742634,1.1571324816927162,1
31.631720650247367,-88.80855431977909,0.9235723331771561,1
96.56624746716275,-8.853539611036418,0.9712335424897134,1
-77.76967065230156,55.18556127062615,0.9563537863045805,1
3.044816110066475,-63.27761906222905,0.8871125737458361,1
-80.25767984773076,-62.72837257264079,0.9723413939520817,1
86.74408317443631,-26.179520597690257,0.8550678986562139,1
28.61733946870391,-82.89512542288963,1.0947100031615182,1
53.86526194505966,93.2084274729636,0.7914119152114876,1
-76.95576678414865,13.396788751414242,1.1056511928414947,1
-68.25548791820215,-72.70057539188112,0.8453771509030229,1
-75.55074028517629,68.643051212972,1.055908147805258,1
-84.76581282043834,-55.589455458741305,1.1213197887537403,0
46.07258727204342,-91.07795856655459,0.8290808065301918,1
87.72697635553575,-57.51709238968293,0.7800186727353735,1
40.13529639063337,62.94561368977548,1.1245646103897242,1
-95.2046183291612,47.229396843395726,1.1046292264167412,0
35.18438418563784,97.25717705568282,1.0295603643071798,1
-75.41264888588384,-60.689893990477636,0.8696490788034278,1
66.70615291797783,-30.551024137704985,1.015134613310024,1
71.55284347583039,-53.31712277788984,0.996265980722066,1
-89.03350813929727,-49.467344912044865,0.912948945675862,1
-82.08117761036252,67.67896341503702,0.9370462559127545,0
-3.9916156312684454,-100.70948781574278,0.8319076627010871,1
69.76949139607927,-11.164522335206467,0.8609329261923933,1
-92.14842990548249,-24.021854298547098,0.9545546383489711,1
-62.268379617987755,-44.22065604064454,1.002986283400721,1
-61.07121276885697,-19.802363369584903,0.9070596095112106,1
-77.34514869908281,0.8616534694044063,0.8741837170291665,1
-9.399856029866251,-74.31257609897119,0.8544126107819249,1
35.17956374664815,-78.42854236201225,0.7984384555400236,1
100.30851493614709,-33.579178002076056,1.0698738411105193,1
83.70467351751122,62.07664922123672,1.1321470449671942,1
41.41158795379966,-56.7907968471086,1.0000925722650729,1
-16.811120295191923,-77.57596738603841,1.1865093457736973,1
82.99831852422415,-63.98650714894596,0.7980076607339348,1
13.505713143711828,2.6319596883625502,1.0753375314065718,1
20.076737545591808,100.97308410604798,0.9025024502928504,1
35.18543210715731,-75.0462708656916,1.0262521222590726,1
-63.63473267438236,80.18459301444607,0.9571912925760405,1
66.55906658911316,-74.11129500364657,0.8539035378824898,1
-97.11350445945396,-32.48529106646786,0.9341756007252086,1
70.88386670902952,-57.869861952577935,1.041229469218915,1
56.98722973593785,-74.49506414643746,0.8055488821320547,1
93.09566256300462,57.092295630651606,1.0245915052864756,1
-82.67361375387965,45.62564785483347,1.0202863332118497,1
-53.977033741734296,90.53300097478316,0.9808879459464893,1
46.6088245911676,-87.75127136804372,1.0455319527817926,1
54.80280975166935,-65.91113084240253,0.868749541067617,0
64.62653704834928,76.77964123147954,0.827712409522684,1
28.034497447123062,94.76583309979955,0.9334912072831316,1
-97.51105350913903,-22.749258405272894,0.9043591679212463,1
-89.31116542510254,47.463006380138,0.9138076589367581,1
26.50440761234829,-29.138491561960524,1.0652212542774784,0
38.4377520202027,101.56579254552076,0.9776521485114515,1
