x_pos,y_pos,radius_i,inhibited
-5.577247911053976,-10.894880750806871,1.089517877847427,1
-15.917089543906853,3.979272385976713,1.0002792263892815,1
84.91453943139977,15.616294150951122,1.130453466955887,0
-37.39128445023226,34.510899995366096,1.6647084114829296,0
10.218196437172251,32.88843745037911,1.0881953566913265,1
22.670241013206855,-17.11879662850935,1.080594632285652,1
-72.06222072460842,42.223317743401005,1.3696464063223623,0
40.5860953561244,67.52998456475233,1.1954441176482564,0
0.11836855741311791,-47.52149437321271,1.116955233299674,1
-65.97803708582312,5.747340543975369,0.9740587662408767,1
46.5536573449524,-8.731421823297994,1.0610172959207176,1
-12.115369994049844,14.85873538350711,1.1481898117253797,1
-59.600784111794376,-17.215978740761084,1.0110620397125254,1
-7.804728946010158,-46.91952379513844,1.0128366850171866,1
-4.308267347022032,62.97903540010388,0.9041349850517529,1
13.765172817572699,19.21827168672276,1.2623299400394954,0
16.425787634934903,2.565607763445851,1.1340447622035978,1
71.0536277773643,36.564279480126636,1.1995380455856406,0
44.86204972569852,25.1124574776848,1.1353651717446018,1
-31.52085055348483,71.78617828586468,1.5285998400556238,0
18.07664621128126,17.96095567552906,1.0606347776460978,1
15.603761009577978,-14.272114738680258,0.9744423356070693,1
19.82325193854017,30.873304915871813,1.0774170039745965,1
34.090144534981604,-37.32597376223253,1.0324188833172367,1
-34.74186788638567,-32.222706470381496,0.9959959925938843,1
-6.159143760521883,39.62263122684574,0.9634059316629102,1
-58.44203822302177,8.30947273040176,1.0082523186956789,1
13.374652293923988,-46.3069732925284,1.0092798457720358,1
-71.29566992557604,-51.981843291148806,1.4853428641071629,0
49.61145066710462,-53.95187541633409,0.9174404043186056,1
3.349766876097794,-7.462915999469565,1.0251814662831427,1
-12.658472786886552,-23.812968608994503,1.0083850977143156,1
-24.41177425237858,-13.466164119823196,0.9811456565643727,1
-70.23861651855444,71.40998319304545,1.0586653443382812,0
14.897727378890233,-1.1530490063302659,1.1143235694308353,1
-1.1041100733493747,-16.943613503993827,1.0023162596329405,1
-54.36658759998584,31.392794543802598,1.214770501046042,1
3.806941692095832,10.98216512822707,1.0882200353154978,1
-9.551118080921576,-73.66894063682764,1.283941241335471,0
-4.052382377320108,15.616294150951122,0.9643693226789035,1
-14.663775406591352,87.79465531895079,1.0292293903284129,0
89.12825989318806,-29.821043254750684,1.6374958878995785,0
-24.46349832788683,-45.85339293807137,1.0147632238688016,1
52.98480463541983,7.2958074478275075,1.0795905551453475,1
27.260190891533153,50.42581666455501,1.5981112499329408,0
-5.869687876427583,15.373986751070145,0.9529803896113735,1
-22.058328816752805,13.612919706842192,1.089667062434949,1
-38.0920057222704,-11.655821477034152,1.227347960956086,1
-57.72081290582112,41.507485474912436,0.9555883110876108,1
-5.718693363693862,-26.903283181861006,1.1508437390644806,1
34.450472349459815,33.88648098766784,0.9746126097908232,1
-62.417322791288846,3.9946539685710256,1.2786002608876985,0
-11.173063438957056,39.5350981759856,1.0859417425653801,1
2.6210613045597935,-23.545958205827283,1.0419385145945677,1
15.37018882944192,12.521747608270326,1.0078755215979112,1
26.381123214002812,23.177196528429015,1.2951158881777478,0
-22.1120422797806,-23.592146594324625,1.0146092159738562,1
-21.19190730443471,34.128288878291215,1.0312037196359887,1
-25.7054729563409,24.24536198636836,1.1926032376104094,1
23.692752763170365,62.44317966180266,1.2129251377322932,0
-85.9626049476396,24.88934427986545,1.0291027444975203,0
-44.766102231932734,-8.231995129185908,1.201511210837462,1
-52.55563949142998,-50.383228320083106,0.9059981444041634,1
-9.399856029866251,1.5039769647786003,1.0484666823855442,1
-0.7151263018800257,-61.85473889457086,1.0804803667330714,1
-24.48140281556276,0.9817627408971323,0.9413315519655023,1
2.794153282603375,2.8973673880293487,1.04013129453882,1
25.913219269405023,-74.15188784341494,1.5542578227765913,0
14.11231718617252,7.133864069599836,1.044152846249348,1
-11.626331732626726,-2.2338481388623244,0.9799132434648054,1
26.86269967646221,4.665113733341022,0.9802398906367448,1
73.04314792274735,-50.81771055435249,1.1784441716252667,0
-30.662602829018784,62.63482811166723,1.3627550557550077,0
71.50455561512862,-24.159122037395935,1.1449537076080791,0
-6.547719533596936,33.192500625823214,1.18241623230626,1
-25.320631791824027,-46.70069648720608,1.3524494077475067,0
-30.43625178080795,37.22342987827036,1.3516470174487767,0
-10.642725882704132,-43.03045204783216,1.027595131684784,1
62.725797269618916,62.938688986094405,1.3085684954832986,0
-88.85617441404074,44.90662533217719,1.1384626629409054,0
7.176585734106594,93.39733279221115,1.2335491635668394,0
-1.4697956701245438,-18.56044299715408,0.9568245230149132,1
60.56601886042052,27.011240611255165,1.4679438901888866,0
-19.08797431131506,11.455291215063683,1.0644864021692308,1
-56.844462691818116,-42.258019434124975,1.5119773667570624,0
-37.961745842798045,5.904248963244462,1.2973686754699598,0
34.73819964988621,26.111730148656093,1.5156120613847246,0
-71.12557729265464,-0.2924399653736072,0.8798293875144491,1
-30.71974570625479,-1.398969564084588,1.1594806925130086,1
47.5695380818098,-30.706196364229754,1.1542988727910881,1
10.292215695634875,13.95189297659614,1.0634265706049084,1
82.60882705385843,38.31477726553277,1.1950883163952086,0
-10.338384290832728,34.3233192582031,1.5238353750494016,0
-50.396656685840064,46.14881698472432,1.286830209136827,0
-17.215042266934965,59.22681889722303,1.4077459001557013,0
18.76390308438064,5.192301426021346,1.045325872967628,1
-17.642239591741127,-18.173054991074753,0.9997544116274356,1
-4.7625937217989005,18.473850384030484,0.9922864362026459,1
51.009885388740855,19.26417553414943,0.9847279593145607,1
-71.25363330233687,-12.386013191817966,1.1685881492911743,0
-7.615136698328978,34.71345943260652,1.4403410848740485,0
43.7498339835596,-72.14198448938001,1.3773359593488876,0
-12.287927737593266,19.731523874867083,1.0247135989774925,1
-24.822992354948752,-32.94741693919396,0.9739533289360109,1
-11.550279233891791,-3.7203640707681225,1.1571952870884152,1
-36.35270637234589,-78.2760642655494,1.3220241904913865,0
24.842376063351384,-58.44809356098858,1.5401863630379402,0
-50.00723407888846,13.182245859197499,1.3762288600105559,0
58.87551204361744,-50.98395475141708,1.449324314421005,0
9.684700151983408,27.698242434672554,1.0027628479022526,1
3.939905467561037,-46.00626971745821,1.4601573084943056,0
32.201221085170374,71.4120490954696,1.0104482872677902,1
85.9762406922882,4.510821766780654,1.5918332530352162,0
28.575562330793403,36.951878481851985,1.044791122264769,1
32.322539424078016,4.542183304546872,1.0814245762711674,1
68.82329371432509,8.680562698885193,1.1390970004509955,0
10.53285200999946,3.8551942863824773,1.0589523612167742,1
1.4216163214692976,-9.904762582327644,1.4282294973945064,0
-64.40642094537988,-38.52051054101591,1.3063804932214458,0
-46.756213165124606,-12.772410435733427,1.1208287153702625,1
-1.0315739437904567,23.28272032013025,0.9754065335776364,1
37.87097551588337,65.6632165108546,0.9490519172551308,1
18.086619533328864,-59.99917299431411,1.0489501955416107,1
8.135148127666076,-34.29523230290597,1.0011047954594499,1
31.184734489386575,-1.0596201342758371,1.0131427482475428,1
-31.686060144312776,20.94173985805353,1.028475043668323,1
-56.64979900666061,-33.917813841100724,0.9314649711623597,1
31.715114244768728,12.827670195424133,1.1363946422295683,1
-28.650761179032322,23.399374943680396,1.0017998231107095,1
17.771994467133787,-15.09825764086073,1.1068385218074135,1
-26.00626834929663,46.08615127785855,1.4980915488749078,0
-35.39568009468526,4.209046644484546,1.059290842598801,1
-17.81794931883537,11.572267201213108,1.0359379181262085,1
29.372809379252427,20.435983294561087,1.4135088750940694,0
15.260591662455884,4.016573401968245,1.0246228284223242,1
-11.154495822107952,-22.48803652097525,1.1074462874044286,1
-22.761079958033285,-6.483662599648226,1.6867084837257742,0
5.019852939458388,36.62315837039818,1.1372876358171773,1
-2.220156471816037,-29.112696961071467,0.9762532171532082,1
33.15015893199498,-35.57323293080494,1.037640041680524,1
-19.063567667588405,-35.392931598770076,1.448836049319384,0
52.11697954336954,-8.532980418223021,1.0488336651164578,1
-44.61920009827385,-28.63518601305404,1.595562743990348,0
2.1599322859969865,66.79187743472929,1.4366425881315115,0
65.267587014842,48.974503229740485,1.1583742899517335,0
-33.01587527442545,11.539442307140582,1.0814208621758508,1
-11.884687536891766,-53.50561527956911,1.0127428475317837,1
11.283870184669547,61.909675434555666,1.0980486703108554,1
6.284475174253433,-4.895086930600835,1.1308470505171202,1
-43.416276203829305,-42.07449283329153,1.1293249987257608,1
-2.6789589685118815,-14.538443992859802,0.9803315572792469,1
85.61190980296291,-14.017329167344414,1.4310714040652228,0
72.91319903587834,63.11755959422824,1.288054881726383,0
24.673577649951135,38.91122624985523,0.957702108107191,1
27.73782077585093,31.93312494075968,1.0121145130618248,1
-44.51629931125339,86.38881521586765,1.5102279874968167,0
-30.789750640050798,-36.49581139299551,1.4438958019696246,0
55.13442827699733,-38.80716319724177,1.1665605638015966,0
-49.89980715283284,-56.803777600673655,1.3515865651409473,0
34.716801603639354,-25.191614160041553,0.9774017361637023,1
10.31573943790451,18.346590794703065,1.054975281825155,1
-12.457942524916083,-15.522295590652458,1.2132229019136511,1
19.226978242908253,47.54618086379619,1.2298684451554442,1
31.566028156109,-5.846856184778832,1.5210894073429684,0
41.39575307088195,-59.653709987387764,1.0260890262697089,1
24.690288505115355,-39.694249177549494,1.0518780345213687,1
42.746964326296535,-59.42499459643064,1.0127990499786084,1
6.391902100309051,-12.615255058013593,1.0823691445018768,1
13.396535556639016,29.278810818953765,1.1459488959930915,1
-9.176766113424096,-89.23596657686362,1.5004448737552352,0
34.469311723359326,-0.9439517869654644,1.4820180778807188,0
1.7744289628308894,56.76193763999936,0.9621083543494706,1
-19.983397633863795,63.524459145046755,1.0331585543430728,1
74.47410571604756,17.84610347699244,0.9113477011390593,1
-50.834187145191954,27.695899791425237,1.6225366137637567,0
48.85545425143142,-58.666206941506175,1.3772000875962604,0
-17.117632559651174,-17.144018120436776,0.9646920080330701,1
-8.43576823193126,10.711015435057865,1.0398832178926671,1
-18.602762695297198,29.19625123689251,1.220034605248552,1
43.675676733339046,-27.549701499879603,1.0977440395813853,1
21.741314064373004,-4.312875119585702,1.0188379699303245,1
13.8367854482682,38.247792141682545,1.7383670183171613,0
5.545915057621088,43.54222198723601,1.0236890619787289,1
-4.771337773919704,38.87314104506238,1.1868786840215126,1
-15.895292776301368,6.588073008758423,1.0252891630869405,1
-2.0769205704085554,-20.491686145108428,1.0980489392710326,1
2.531694557377316,-18.10621157041793,0.9966277723315927,1
62.596078302590804,-1.9449578649451598,1.0457053302564654,1
4.321209177787794,2.3812968608994503,1.0130091934469476,1
3.1902541677121876,27.633677766992665,1.4098467667608106,0
-17.083507234368472,36.98613573493861,1.4446988943766956,0
-30.5851867233855,18.25084690304605,1.0934903205557696,1
23.100920906805356,-42.04111433137982,1.549258941158322,0
-27.610510445060463,-18.724513211493583,0.981609017175769,1
52.62666062587787,13.936853206948369,0.980640878975641,1
-65.28513341276441,21.03061122415409,0.9651174496703703,1
15.06869228172406,-27.67896067871385,0.9643737734009373,1
-73.28520590687963,-2.7367143028247396,1.3201524824295374,0
14.374549067210843,-6.8161007314004625,0.9458976211661584,1
-88.3765511684187,16.490033149536806,0.8003968515821793,1
61.55777716838812,40.31159591261576,0.9623495354283637,1
6.883201242136736,44.28543727066408,1.4146272096877877,0
-4.959136166059733,59.666298259881316,1.5310498655419895,0
-54.922015945932806,19.856076832612697,1.0452064707966704,1
60.53798751637893,2.4512492778659096,1.4889591248431122,0
-0.35950326570366864,91.24126919656841,1.3243266664919209,0
13.039996355157589,-74.3454887601402,1.7483443033479729,0
25.32354196396949,-25.851253179681297,0.9624833897027016,1
50.24255020262933,63.220745983729,1.1481067626400523,0
-7.34634902026469,21.103881896797166,1.0525484207025138,1
-94.50567048037632,-22.650278724684885,1.2026887202535241,0
33.83583127799234,-14.06997220366906,1.622961898456231,0
-54.157915604233324,-25.198986596143403,1.1079200548361923,1
-17.383931274987216,-9.112057968704914,1.0631215568110823,1
-21.128237799060773,-26.662609173838163,1.1589904927666794,1
3.7675382552029513,4.2612680668727005,1.384222928642414,0
-9.16668130664476,-0.7432444302684963,1.1725586043757155,0
-52.75097583895752,-4.596614281992246,1.1331515413105877,1
14.761860860816052,40.00251774796994,1.0388577214534032,1
-79.16916838106876,42.50972986459036,1.171590724928664,0
40.90964792919831,-34.15649645989831,0.9509191655049187,1
34.39093992793734,-20.629550700213123,0.9491843279136194,1
9.724789324725828,-41.893185515823674,1.021678647469216,1
38.52835106829886,0.7519884823893002,1.102902732222528,1
2.1874509409946583,-7.7755609079053585,1.4355944812574606,0
-20.323478195100293,62.01266423633169,0.9258048243731705,1
89.89797353144564,5.010042923268874,1.291126524490492,0
62.97184425341437,-35.69068832673369,1.2984591986803256,0
15.229224110403475,82.21157803981627,1.4370793180460808,0
-30.783323388064545,3.1140035873300462,1.092490922768062,1
-14.554395263698376,-81.37199005345309,1.1742411093019434,0
10.058377017269303,-54.85479825067485,1.3370564987913303,0
-19.40846464071432,24.036774704943692,1.080851508005997,1
-33.30306325674748,-1.1179562104854353,1.047924516046177,1
15.265366192502787,-31.608582543096922,0.9757716555837738,1
-3.011751851185426,-30.918879975410572,1.0986893976243162,1
50.57268278270058,56.88880309796264,1.4676950676976095,0
32.61600838299623,14.436985229362827,1.012684950501263,1
-11.715503102620591,16.227433996956393,1.044008020551459,1
-25.972935526495693,-81.31075462771113,1.4564257111605372,0
-13.48566011751477,44.21692276449084,0.931217567158206,1
-12.849453988763214,5.926385420734714,1.0610714423858285,1
-40.75419484796488,-10.302242208733418,1.1919301713574069,1
6.938802814773983,11.200070881646685,1.0489689278009642,1
-37.64176581329324,30.243825067625526,1.8603145498259848,0
6.613642293834094,16.2930837851015,1.0826426212572964,1
-48.42805826587092,-1.5541095302712316,0.9346813305978249,1
-38.41737650381829,37.94243640967766,1.131827192463034,1
-29.844674545470014,31.20330919852631,1.7221880021115148,0
-27.564555593358907,-35.03430785175928,0.933816098758411,1
74.21951440139975,-27.258125144591983,1.415902496523769,0
24.870765740888793,19.005255578252257,1.0632357805777486,1
-7.108081607346488,-34.188619217199246,1.0709144469312835,1
-1.4401288860851615,-95.14073148417835,1.0476396931048237,0
23.67244550875005,11.997634423574745,1.1200187941701332,1
-8.530891561327497,28.116013813777712,0.9783083990177548,1
-27.51442302786628,37.86679780209233,1.075716249105068,1
-28.360249389254587,-13.378325009344698,1.1431494793362844,1
24.296389776244773,-7.907815390204939,0.999154522245968,1
-15.106121572702703,-12.724824711803251,1.1471883636234406,1
17.13770852981411,0.8773198961208502,1.0300784523246365,1
-22.222223742401763,-18.71294415791836,1.07452348133744,1
-5.157387675053295,-12.307544828438218,1.1486907568571603,1
6.156905699562395,-41.719694345889714,1.0998296611376284,1
-13.36488620973712,-28.905981512449323,1.1200216419572369,1
23.62497148839718,13.07624416599171,0.9495152426730825,1
-26.70752744993744,10.91576931976214,1.0204304737778496,1
-50.48767116485941,-73.25322724481167,1.3808329273114932,0
17.85642826164767,-24.228541191367533,1.0132223441324044,1
-56.27380476546596,16.152831964973327,1.4942678877253688,0
-47.69893243697552,-34.738837896163574,1.5454903025666493,0
55.4162740399343,-20.16516483038675,0.9738732326184238,1
3.6405791607735947,35.19425460833098,1.1793398667989357,1
49.39728786539493,-40.65333290072376,1.2963302422952132,0
-20.36384810310225,-64.24488267879255,1.2145046802126893,0
27.109184790134265,10.114245088136093,0.9633104470465825,1
35.535292468825,-34.60425910967633,1.2187270598543913,0
-40.55366458599441,-19.569605029797735,1.0022795653493626,1
-3.0145503197535874,-28.344688673919492,1.0343010294791468,1
11.004794411261946,-2.0540426139337398,1.4472041076097737,0
-33.5470417421449,-4.79243453459212,1.0566419689298738,1
51.4320543613103,-5.112202402207975,1.1391331245528735,1
93.190654723993,14.9877089066975,1.1870057631564361,0
-24.66104450857799,-83.02788388336084,1.2170478074343896,0
35.683643938139895,-68.99366436724144,1.5240384464027952,0
30.169061733951693,-64.10770675782922,1.5016092310877824,0
-55.69820864314328,65.98931028176722,1.2000219527666713,0
-53.99562868801652,67.42988706116545,1.3733657925149985,0
-98.10266675149089,-16.036452795079757,1.15466128354551,0
-53.944972217291344,3.0691622944028274,1.5285258540640627,0
4.225061214016933,31.697707103972675,1.212420300527423,1
-5.95025807096929,29.46481855203154,1.2182596330495823,1
-0.4753950176024252,-60.06399958762353,1.293940702498617,0
57.1463652408122,16.481874142494597,1.439051280997192,0
-43.7963662428583,30.260573559850897,0.9644510656922377,1
15.022832970254703,-7.922977749137721,1.1457146581382933,1
-23.165422971381485,48.81658564843873,0.9370819800576498,1
-7.923730490361323,27.0019568028306,1.1315898226449694,1
-3.2272839035874132,-0.10444284477628218,1.0487743062083814,1
16.418415198833053,-8.434804144133311,1.1468403215069813,1
-17.61524193841038,82.39922621936654,1.3043496037239521,0
-56.39555528166232,31.658715108589522,1.3973454918212065,0
-45.66313829511491,21.381539182602424,1.6854853752259988,0
18.298386404806305,-16.844542005520335,0.9240204497643096,1
1.1637916989358135,-6.194952735873746,1.1234014320222858,1
6.284475174253433,-24.296389776244773,1.079403388287782,1
4.76996615790075,54.82880728950221,0.983969490528697,1
-50.75922256127776,20.715492241057618,1.2065605405256663,0
-0.5908480933058868,-7.582550530758776,1.0864638142071827,1
-0.032228077816671266,-14.355818218565265,1.1314550752007542,1
32.442366263921556,-18.946151922092533,1.5656253521182821,0
-5.437455180353412,11.048446164335106,1.0742627465330246,1
-15.83623056730584,9.10876371410266,1.1108594112453585,1
-27.150742048371562,-2.7572911020941007,1.163071231705145,1
-48.30742678015431,-13.786455510470502,1.3385769353853045,0
-9.320099675673434,-43.69508833277222,1.0147939372754544,1
36.81162666172384,10.00860861084807,1.0823462606991177,1
-44.22955948554476,-38.06656847973715,1.6885925096240322,0
39.96679526772762,31.277150582340163,0.9892686699072467,1
-21.662545404968963,27.948905262135654,1.1700539614399896,1
-17.44195507764072,15.45754102689116,1.0123806742210468,1
-6.5270910409633,46.354316244959904,1.5461664942278746,0
-74.98299969305901,-40.924188011510296,1.3250716948658774,0
57.648652394884785,-72.15291509309053,1.215427808919359,0
-26.384769218765907,-35.899930149265195,1.0172829984034415,1
10.585423457056578,16.7774727624964,1.1328351986046092,1
-57.640321470022855,57.001535554874955,1.274732946119039,0
22.798923534257426,-11.215262568159615,1.0941291105644908,1
56.28117720156781,28.339644375534004,1.0823060946353604,1
11.848190623691893,-17.60760628726263,1.175429555361314,1
5.30151880084456,-6.141239272845951,1.03419804060806,1
27.148401393785743,30.221042504623767,1.1003191621954618,1
17.459630020602862,18.886479961546645,1.0726373899235784,1
5.194587105299127,26.791589654486867,1.5783723057582475,0
-0.9289269488338514,-19.95718452772388,1.1229648089755728,1
-15.202700485637012,24.936773618787406,1.3427885954972694,0
-77.47009800484567,-46.681366319378064,1.3810181627659945,0
43.627688596834645,44.52089557356934,1.3905264836887008,0
-32.03273784439964,8.411286901332016,1.5530732268095386,0
-39.73005815290136,72.50092464860347,1.3653859386051523,0
14.089676672724261,49.12587123393756,1.0581173323107698,1
-2.455021221917999,10.726894528200301,1.0078055060397335,1
-55.43826200725563,39.48903620341761,1.4279484675074225,0
43.81377338365435,4.062826661797756,1.0021666453893883,1
-30.455533536766655,28.219621115795814,1.1031580543114863,1
-53.97867325150695,-12.22764605218435,1.0609518637086337,1
-42.505253742671385,35.00327340645432,1.0861810761871629,1
16.426011042089502,28.761660490576617,1.1338569989987235,1
17.922392163611654,-8.170799585531057,1.0833004940031306,1
49.7133535225524,39.05586158248335,1.0786534834336539,1
-6.851813896784814,78.65036638925888,1.625095302920267,0
-25.06967008181627,4.508543558829535,1.1707404454122847,1
26.27483566443566,14.977103940920227,1.0694263240403103,1
-7.152534128472943,24.32725958258259,1.0737551693987093,1
9.267152180032852,49.09305200225833,0.9872247376923179,1
60.10536512811621,60.33215530534471,0.8671690753818531,1
-42.313813451367146,-38.843097378801154,0.9845847910725944,1
-10.6455743239253,9.60494379779062,1.1326679204177683,1
2.512077466532365,69.95127643790903,0.9812944027926022,1
1.1011259920700385,9.659471101167332,1.1002332333840437,1
-13.31646270897719,4.9975901225455575,0.9977030702221061,1
17.67172933614855,-44.286750266427,1.044107081236969,1
46.51412628972527,46.89416347974997,1.0418330113316976,1
-46.93202914684116,-3.6468384532131393,1.1679006868046926,1
-36.54856841971584,-60.26512824891685,1.0243733216849753,1
14.58022113077031,30.455533536766655,1.1616657440534346,1
17.906725736895208,-54.777661014045584,1.0892150548899227,1
17.467618176642894,-69.42286051467315,1.3666340325573632,0
-41.48178326110279,-51.98338985819058,1.4512688945746133,0
66.63905141461578,18.525337883725598,1.084355572069602,0
-23.10275726451571,11.726521248882715,1.2138887359042427,1
-9.744517417628014,-1.8799712059732503,1.0240200493603169,1
39.324223098913485,30.598769438174138,1.0128525278615517,1
-57.08081679534717,35.477960677277295,1.4698871980958084,0
-24.216307885912403,-61.09564606466523,1.293489998540011,0
11.03653684447825,-28.03737449535793,0.9725832233079357,1
35.87935851032167,40.42586358775581,1.3149000294028212,0
43.14981529900507,17.11669021819456,0.9317989458319881,1
26.379651519371883,85.03736421685669,1.4496646548485195,0
-21.882864837528622,8.61444583714854,1.1149791717459945,1
-5.639913617919751,-19.194988056885858,0.9395224321183631,1
-23.12615246174561,1.097903184288377,1.062328170403587,1
22.651564175082143,37.783243526271285,1.1133427313951298,1
-14.938310884289027,0.328248940725499,1.018095166051321,1
14.897727378890233,-11.669747189670987,1.5590343117234398,0
6.665352457541531,64.47731548244015,0.9165263526301359,1
4.041938092842488,13.300796282260746,0.9777247519236518,1
6.911132242911183,23.213168271850666,1.063341252588092,1
30.559466904251344,-4.39882693560244,1.1648771572928291,1
-93.8943691233917,25.834881416061325,1.337298401344614,0
73.63304111004385,-20.843449646314973,1.3500230137767144,0
-3.857422400404379,-28.784448020345998,0.9418184309649162,1
15.014703365039686,72.7005753918811,1.0206810022192543,1
-35.96677356992202,40.8663963040674,1.443779074295276,0
38.330252752782734,23.036564916138015,1.449688259470676,0
33.18274509956518,-31.909377936052625,1.0696949375053453,1
28.220456658554024,-35.71945291349176,1.0503463525463534,1
25.7764940907888,-29.904075316347825,0.9147241797945339,1
-27.819252075516808,39.23737604374975,1.0850185032844943,1
92.66288551803771,-19.304618612193895,1.215205586413452,0
-38.866328410076704,-81.39746815902654,1.357122209249838,0
-9.615944674230985,17.835956705865765,1.0926234117292366,1
-36.03278144782063,-2.8706861907083625,1.5261960911260657,0
28.078878580079472,-11.154495822107952,1.1004596186265936,1
20.9992783707212,-54.76982780068736,1.119483932224368,0
-87.26428945840387,25.31388871002356,1.0297294699643076,0
-32.270332407599504,48.11222310326743,1.0460390258729175,1
-69.30488445804092,31.2854307357999,1.3620641186704108,0
24.492796580447465,28.40465585752312,1.132052442462293,1
-62.08500464881883,78.4156878580398,1.132907810228519,0
15.884676247252148,66.81893061046534,1.6866756592438885,0
26.574901615300874,7.561661961803509,1.0890877736341558,1
28.44396434637528,12.934201897095967,1.1727729758452592,1
17.008685728020357,10.96852017592565,1.0882466673377595,1
60.91445440903958,-12.251992526135567,1.409609031468558,0
-13.745907111910304,-57.64139166236022,1.3626809367226822,0
37.92355708601211,13.643837005189768,1.075881877877928,1
-1.1510321789828517,30.003187974563133,1.5546377291838598,0
73.78343880652172,3.47418678863857,1.3801376306956656,0
-7.212822860250698,17.496265356924372,1.1569370506702916,1
-13.313430497354656,59.14429843480147,1.339681017050143,0
-27.38491390034368,34.06507825223529,0.9938835278773157,1
31.9635534503753,-65.21276462870652,1.3076534597216414,0
24.682692661858905,51.51880688692351,1.1219707830999899,1
5.578941578807108,0.9179679221959544,1.1304190858826588,1
-21.853241048828437,-47.432243214949345,0.990056777176179,1
-19.850567759481663,-47.51988756021616,1.0680011502653983,1
49.795134763342766,-17.382502996768043,1.6961244014313828,0
3.5092795844834006,20.122654760232212,0.9973801682912982,1
-22.676033641572573,-11.75429615925179,1.0866104102757916,1
51.640720171189656,-30.727084933185022,1.3288276426443713,0
-31.743342558595437,-53.051982551926486,1.6345352849994368,0
-29.434977739238324,-51.95434711364647,1.131899294734219,0
-36.220778568417956,-82.20391017872572,1.6706228588514698,0
-8.289777793958233,49.82818920212911,0.9396216751379716,1
26.744500944812966,-25.387253440012746,1.1603546978504247,1
-74.0231202148769,52.7287162056307,1.2442139587410053,0
-1.8747490637344262,8.33192794202868,1.576857923142778,0
-53.807282543229064,-15.495975993768857,1.020424955517906,1
-82.98109348890107,-11.689243187362564,1.3444155240748437,0
71.80967792593934,-8.318872586431633,1.145164994021922,0
74.69903260103672,-29.392481545597846,1.4180083291707863,0
-19.722607015392086,-70.69375360352501,1.2106532005626005,0
10.438747748508485,-16.38217479004322,1.507611996739091,0
-43.74762624862939,18.99467203664826,1.1550498484782898,1
11.198730438719075,5.168077707400976,1.151184755799802,1
12.031815718228803,5.834873594835508,1.022944699441221,1
-44.49924826489664,29.294568862200713,1.1530131581503766,1
25.225035870369965,46.264002522106175,0.9557360495891892,1
-21.09745464481091,-5.581425624845024,1.0778826720415664,1
29.541351460136532,41.425718456328205,0.9821121344233691,1
12.632542149562777,-13.583332184767656,1.12126690771046,1
-39.502182855207636,29.213613164335833,1.0140852938066356,1
17.552366084975645,54.54303762345884,1.0174638285408888,1
0.4261268066872815,-24.79055363610059,0.9531150019306254,1
-25.86004836660981,-28.40465585752312,1.1019943459738952,1
58.16073882775764,-5.451916497322426,1.1148519179770475,1
34.106855390145824,-59.14389413991845,1.2955069846991125,0
8.746752883081646,87.20651753799953,1.5719507032209328,0
-21.508263167597665,62.81192684846183,1.129037927288098,1
-10.5425836256539,-44.30834097215386,1.1180120991037639,1
-29.452882226914255,-2.8199568089598754,0.9647769072934673,1
27.029808228104297,-19.07126345615087,0.9467934863242049,1
-64.18603140625773,-60.949211416842914,0.8482625674565717,0
40.430439582577655,13.565282427414827,1.0880869016161883,1
-19.44816589599574,-32.36275070224676,1.0214991802379407,1
-6.642564927772151,-18.925043473464054,1.0330978755123228,1
40.75777574550007,-17.208003105341813,0.996366018687679,1
31.982298031314635,-21.689930418814605,1.6053851164838142,0
-24.46469196039857,45.09424266061169,0.9852722485332727,1
8.056303274664032,-0.5063389114754575,0.9725373498222926,1
-30.9725256184093,-21.196675347348396,1.1053407308610177,1
12.12929570668668,24.374639018680345,1.083744740204228,1
21.735105697129335,-20.31028541470749,0.9897160529279897,1
-34.64051291702014,-21.64963942414991,1.0371948410162946,1
72.63707414225712,-34.932371635257624,1.1450369853832794,0
8.332932200151513,13.265848099585599,1.486826074802849,0
37.0599541212292,4.026952815113722,1.008315508068013,1
-34.842133017370905,-28.047379944353292,1.0643754572693163,1
68.41044312063387,12.831658013133799,1.6303087233766709,0
50.637934096376256,8.284002152772441,1.0784834972570576,1
20.042283504442455,-0.433288601757637,1.1358312114713984,1
14.49286893332107,-43.37606291600098,1.0385010913615074,1
-79.22300282036464,-26.167166785843886,1.3629636221280461,0
19.73074541888115,88.9101049011616,1.301981813918748,0
35.915623821941125,-8.331814417197394,1.037314539025147,1
46.18044824628514,-20.779948396690987,0.984500120056418,1
62.03606571583792,28.524832949044917,1.4413886360821482,0
-31.384460485600506,83.04066277260405,1.115005394177456,0
53.09703709496423,-38.778562522123046,1.2299302697193581,0
-27.176863753549295,14.503351197014972,1.0437011801649894,1
23.004011302181766,11.154495822107952,1.0393694595704996,1
24.17105836251322,-6.606755952420288,0.9774489927961039,1
-9.572534866563048,55.91173623690815,1.5392635624765754,0
24.111835826354366,-28.636621224662616,1.1733437368578528,1
29.646847510070224,45.16407016254785,1.496910723780712,0
-20.27862274176479,34.503738200295714,1.0494599765781851,1
-19.350080441771038,-46.15465540461865,1.19295920239592,0
-94.17959456294142,1.5457541026891075,1.2192591116382776,0
-21.475906364706177,-11.080771461089403,0.982434643567205,1
-73.66237794466545,-44.03774526189686,1.2080181869835918,0
2.9435945549382927,39.662311442776186,1.1444976100830662,1
2.390580669324017,-36.035102399926764,1.0571289506292678,1
-44.6825479561117,6.574202338464038,1.126593922932067,1
50.11135556106543,-21.269704998041966,1.3411754746698121,0
-28.784448020345998,-28.881928008803847,0.9848058932751205,1
-20.122654760232212,-9.204896052950495,1.105624196511299,1
-11.312809186821493,20.41582765784985,0.9826073799360614,1
-57.72904173601562,18.528160663314136,1.106369060535337,1
42.9232846071052,-33.09294241703057,1.1971979384612246,0
16.5521020401467,25.768138663206674,1.0813768018366077,1
-59.053377007779005,-9.282880043716798,1.2365351212047069,1
-11.279827235839502,2.6946253952283254,1.027114293874553,1
24.215005741354148,57.94054980002578,1.4326928354363426,0
25.523477621753266,-91.34541783614816,1.202158481764548,0
-3.3651484586921065,-44.28585504204319,1.13623606694364,1
-7.259581118450549,-31.631720650247367,1.0841256424041044,1
2.195806368576754,13.693710264309154,1.6211471461765514,0
19.209277215319528,-83.7482411041893,1.594374605823388,0
-17.776172180924835,2.9348439382138056,1.0516443178039443,1
88.45309934036656,6.9549852634508085,1.2252183891541253,0
13.901342639724433,17.31662366390917,1.0272758375535467,1
-13.016562540405271,27.06561720345616,1.0209057811136446,1
-71.34814859635031,12.831343702378357,1.0346062998201246,1
7.5493745683004265,-4.143309089243,1.092685109483912,1
-9.163118915039988,-15.777832417538466,0.986904711599959,1
12.98433446258857,17.797060749880103,1.0280388972671826,1
-66.65633173487957,58.362661660991805,1.3128138125708326,0
6.13259572707136,-44.120979406392905,1.0934962983411756,1
-36.44637511313474,25.05374960493686,1.0254336372507058,1
8.706464052598195,-89.82681467016948,1.3257290562392097,0
-53.18751870232654,25.567608401236203,1.0887747043892089,1
21.79320467232069,-33.84912258549786,1.2785266222651288,0
55.070623193643094,50.70908999578513,0.883092015234794,1
-41.73536077260616,49.31422508531401,1.1094863429472472,1
-17.435811380889152,16.823899184435128,1.1000905645682004,1
-26.107497568079815,52.7163207910858,1.054562156530309,1
-24.85739705675741,6.074395852189128,0.9840605296464425,1
-28.951556571988053,56.81093939574402,1.0650252397669708,1
-34.88660545450144,19.927694783316454,1.1119307297249312,1
-17.658874832176075,19.400660120445323,1.1894758869286244,1
46.705023786657186,-62.729280771291016,1.3310633559575722,0
50.52861276001172,40.06093308515266,1.0305100672064689,1
-51.568179868090496,-29.88584529253234,1.3441281175153326,0
-19.945599270992385,26.53445073573674,0.94527055192184,1
5.351271574174369,-35.134572982744515,1.1422497266377416,1
-10.381961206320023,-34.50312181629375,1.3446750496544713,0
-34.205709864526284,-60.564371084899285,1.412382754665982,0
-42.60014752735386,-24.778020494727446,0.989647498096612,1
44.271135887639836,21.554088477786337,1.1732707078316613,1
-15.729092423309528,-21.745000282423927,1.0036081893256068,1
-87.84358607636653,-32.34065534878368,1.285860009595394,0
-19.480082591418046,-25.15580518468969,1.067894940092219,1
24.402026253532796,-0.9901181684792566,1.0235368010801043,1
75.30269426745043,22.387771389990014,1.3306939398363122,0
-48.5170297969375,-62.32552159993224,1.484222111184023,0
-21.03061122415409,9.680598396624925,1.051615560601095,1
-64.23234953741938,-17.62696811695871,1.0329193249132305,1
-38.33748688921747,-1.0351446393383692,1.050441685375713,1
-99.43794365461179,-5.120894116349084,1.2902524902011292,0
-24.439625677652256,-56.36495488454345,0.9725110110665269,1
-31.875956225724213,-4.603840597738939,0.972712531973781,1
-63.594888036543395,-29.571010685833635,1.493648161977636,0
-35.959987949946246,16.674141921800445,1.5917801908263547,0
87.99608080530504,30.96133531361183,1.140462817816981,0
25.93040986203805,-40.3765043921483,1.1469989069591509,1
4.685777694027964,9.71520603861015,1.1263766358802099,1
28.36264992915305,-7.901919133219295,1.4954511946076894,0
-49.61838533372134,80.91267525469145,1.3379096695577466,0
22.19455861428711,-9.694112392540323,1.0365939403777122,1
53.44950478870351,30.212316139822274,1.5892854579209492,0
-13.533593886275273,-31.317461855762573,1.6958954512818136,0
4.436732046096882,-11.242227811720042,1.0016929029772406,1
-41.557807936486455,24.75295421198113,1.0188456224913214,1
76.66333722403978,44.83602561095107,1.2809663121469261,0
11.154495822107952,-8.64786754747695,0.9466417523851595,1
66.90336176774176,66.26035712337989,1.2300229046977564,0
5.502049062815058,-28.47529719980817,1.0155651347120542,1
22.192612474322335,-30.061634807896073,1.0735650778767252,1
12.262689375102713,-59.98537364930555,1.259231364502661,0
3.405744938357336,51.729178719721915,1.0284693771340938,1
48.49688433036081,31.521912684109687,1.6911149396664986,0
-25.893470076938222,14.730618827248176,0.9750814979638082,1
27.765085855329378,-12.190568842288764,0.9880196066857868,1
3.289949610453188,-4.417932334037138,1.176608484514545,1
-3.7599424119465006,37.9038004099559,0.9406648528691619,1
20.67486282671609,31.983612696493623,1.2818269870177998,0
19.645699102420465,52.921189448147,0.9912905918802899,1
-31.414318851813025,-19.557967112808374,1.1767591097026213,1
10.291101638623937,8.313650444192808,1.157798385650316,1
-8.24896326291201,-55.416699613495354,1.5488269952172977,0
-80.75232639910386,-30.11267288770792,1.4371570253977617,0
51.78276244008543,22.528321618246117,0.9864513831280151,1
27.270641140764905,-6.2149636338645,0.9812796957187138,1
4.734742296525229,16.23738093455416,0.9992280601693542,1
-28.368554265416567,-16.167752371369954,1.502428414811501,0
-81.44381006107103,38.770624571921914,0.9616758694516351,0
8.533929898630078,24.781438624192848,0.9645579499493317,1
-31.097857032140848,-6.548566367473488,1.0167666505265376,1
-30.700626079175017,-13.296270425653782,1.536893043797951,0
10.87598156937118,-19.955546208590125,0.9848968150984658,1
-35.03582702041057,71.5215106223975,1.4506410329581734,0
-52.28598705582572,14.208024811203884,1.0165137628014136,1
5.440060823050524,69.3929551812036,1.4099482340878344,0
-38.49345487075008,92.60559115747469,1.4668041384828123,0
18.990215808604457,-25.311932317223846,1.2535245798259316,0
-14.434909346733738,31.93771373393977,1.0612280396394094,1
-12.302267716281092,-80.18242103230823,1.33684003186293,0
47.04941271482389,10.043223953688221,1.065260475030528,1
30.973570046857073,18.724513211493583,1.10171770240443,1
-16.49817155302587,-12.476172548731565,1.0103424967234897,1
-7.094741008685967,3.2930214588289584,1.634164025271594,0
-15.676067594423104,12.456014349320213,1.085598802774139,1
63.02499025180544,-46.510487635778205,1.2235048151000643,0
-6.16102844343514,7.381360629768649,1.1868942109318372,1
-23.982534639337178,-14.708010023202476,1.1186797430182958,1
-5.5721669077945775,-68.10915502433178,1.3778625153483435,0
13.410461269275853,-40.386967631770176,1.0833361523562217,1
-67.93745945585833,9.298024256209366,1.3417084371680355,0
-47.43700478833399,7.218715307314192,1.3845490110363154,0
12.047987513549016,-47.427832725316556,1.3238037207050641,0
8.953220446386553,-13.296523620428978,1.328151832034441,1
-85.17063917089517,39.267567583920155,1.285706515505996,0
11.870675329145389,58.493961237281994,0.8913737479408526,1
0.041777137910507176,-6.412790669264319,1.0480783060967604,1
23.520528643620896,4.067574063833038,1.132467724229408,1
-2.203744024779745,-16.533302328086982,1.048669021297858,1
-48.397207456337014,-33.12605673704662,1.0095945734535952,1
11.405158649571051,36.01569080049359,0.949176777496948,1
-25.80036674102337,-4.5119308943358005,0.96903302967483,1
71.84800647935255,37.89974656368967,1.1995380455856406,0
41.468698190198616,-0.9466521675468237,1.1976756894425187,0
-18.86237776659828,2.228114021894229,1.1339057919465991,1
-4.378244053022155,19.476501693882884,1.0981043795225383,1
55.36664405655189,35.456853760911365,1.1629671690996661,1
17.39827897891607,16.58552375047511,1.1602047939094398,1
21.05906484240667,21.411347735057515,1.1466875863175996,1
-33.72889516599066,12.584748425868003,0.975113885253247,1
35.9411931070168,-13.294770733523654,1.0948437072000414,1
-3.867369338002119,14.439969310642164,1.0884782226713612,1
39.5629496012593,-11.32160437375001,0.9251343846502924,1
17.543612779889646,-38.82767197403419,1.1872481229585965,0
-2.6801640782593115,4.598698796149942,1.0787766847613294,1
-60.94131948374438,14.672418952365945,1.062239965363093,1
-24.73452312172648,92.33976217574497,0.8320438743741516,0
-32.20613038017831,-0.07681602777093714,1.3396835742566278,0
61.36133178212444,-64.56888759280966,1.088634151049431,0
-82.08333194204447,17.697961492510963,1.4447555596508628,0
31.852083575489637,-42.415731304291704,0.963320053161753,1
10.911428837901303,12.84836886829799,1.1521426064882099,1
-71.33864069599828,20.370532445167925,1.301619678874137,0
-23.040091557649937,-20.554351851974204,1.5721341093437375,0
-12.752471347185214,-39.05640180409428,0.946940580144057,1
-49.17567009571722,78.35202745741424,1.2307887688687875,0
-4.1587241829105315,43.622168237510216,1.3187794413660339,0
47.65843054747498,15.295074379461372,1.0263767507601576,1
-11.367014306261444,-8.537067312149059,1.8262293728549357,0
-5.4608687411604055,32.216141491567,1.2252893343504385,1
-7.048399981760021,22.935648712873654,1.0360892687322978,1
61.554000949169186,30.650855220504123,1.403632111868596,0
-37.67158463040134,-46.870150813971485,1.09079645136545,1
47.08026352435779,57.20704175386705,1.3339412050086048,0
12.019686871738664,43.926639038493256,1.0703932524870126,1
-63.529833981503074,3.1596709040743267,0.9691409525904251,1
-38.212888407729956,-49.305378161991776,1.5419706027819347,0
-28.13208194374332,19.734877223729466,1.0897791542742465,1
72.85053332901255,1.8008145236164939,1.0794874550626181,0
-64.65079474132956,-7.6290444423043375,1.0559881466435987,1
-5.418740534864076,37.31189911149263,0.9666054892638328,1
-41.86069218633771,-11.342492942705277,1.0154124312287705,1
39.769636494079734,6.58979380620097,0.9960219672901645,1
5.446631437707238,65.47584856402096,1.4672947975125512,0
39.595085861190455,-8.580381401621514,1.0364590003104641,1
2.8897843108960344,41.06931383106135,1.1444976100830662,1
-14.974119859640892,-4.768561884357545,1.0136847160873066,1
-52.35852200973952,61.099946809720294,1.3341794075742632,0
10.392480826620137,-34.7769606822305,1.0683276052914623,1
-25.659518104639343,62.77432742434234,1.3931588798720973,0
-11.033486181263697,67.20789017032187,1.0431019891183173,1
1.095639132943551,-28.741323232825447,1.0899124064251229,1
24.72731824099058,-49.411909863663595,1.5076407013943818,0
-11.170162248824395,17.217402961371683,0.9855166510802464,1
-10.168016307575765,60.42995616275737,1.0765556051970175,1
-37.74018093796352,10.529766929046072,1.41202359802554,0
22.541749984003072,32.04008069608696,1.0528195450577529,1
-33.3381560525923,-46.247291666941955,1.018372775654388,1
-45.34817500321562,-9.683214008737595,1.2137984219477886,1
45.44599246439599,83.40702853167662,1.1524229145169287,0
47.294798430129866,-40.28943204155586,1.5600276054167213,0
-30.68113008148344,4.223668642753242,1.0352623861443495,1
-10.502772470703887,44.241989047237155,0.9718182744569694,1
23.758136115486952,47.03061300276415,1.3535257801572718,0
-3.033020212303516,-6.855628331115792,0.996312821814144,1
26.506685805572612,-87.21794917605561,1.254818750227934,0
-22.62232017854478,-31.228410588111224,1.0302072715863566,1
55.62668542517857,64.22851286148881,1.502882107035048,0
13.248801909535159,-89.0579596414188,1.7003222744551951,0
-25.585512888912135,-7.179699558050214,0.986702317932659,1
-45.82572236620857,0.7861697770433567,1.0236715981341786,1
40.15509512120834,-59.379844149247845,0.9743996058150882,1
43.854336069881434,-42.362017841263906,1.5064868608521942,0
-46.606938332432485,-65.7553986738528,1.1323977097944191,0
-5.042179183200058,-41.77006793333182,1.3952994899241546,0
-37.91444632154701,20.706781949755822,1.1364445043164635,1
-28.666489042716297,-89.08606037612587,1.0426517655912466,0
-19.138106876807694,85.42589159942449,1.0377737847134012,0
-37.96288521928651,-6.366835817562736,1.0362969882387147,1
23.828160295507406,53.27724460079344,1.3876281874180427,0
50.068991587104016,-60.931047443838345,1.3467238549324063,0
-53.36611596689399,34.073433679817384,1.0518905940375003,1
66.78845073852335,3.6082254374293745,1.3095191344662427,0
6.767896341503701,-46.49795449440506,0.9100294002528563,1
-7.661080973539937,62.74027112457733,1.4168821302486978,0
-60.66040424607021,-56.37128475392384,1.050390421156499,0
40.06129117490617,-51.761873871130156,1.0621218065797902,1
-12.60834022139392,-19.150640018180837,1.01476289402932,1
-42.5430521055428,-5.827910738517076,1.0956660204997637,1
-36.1359955532466,-39.82221360417456,1.3891421563574773,0
-2.44628351987136,-19.240692959899064,1.0374250756321501,1
90.3292421397219,-19.299109539062833,1.2007939327225827,0
-56.55260321641981,-19.610529573057008,1.5706920581248842,0
-31.53372706859425,50.47078862282708,1.4301766581221502,0
4.957553698714658,-52.91770801998778,0.9643955571432162,1
46.615913472034755,-11.372719930722887,1.5035654135663403,0
-35.81453191701223,-30.57654317761091,1.116875661418728,1
69.94367291432572,9.74961811469849,1.160419852683058,0
11.655821477034152,29.1306014487474,1.0019067318340198,1
-18.835521035084366,-15.64852222876782,0.9880667141712639,1
13.477304689932675,-1.0026513098524001,1.113744447711607,1
32.29507525443941,91.53640446116208,1.134963804716519,0
15.57242815614509,-59.626420082784925,0.8974802710971121,1
39.835600396043716,-0.151716974517126,0.9880977990991832,1
-17.840781010484122,72.57854728672854,1.1548890782569032,0
7.706188276737193,56.68705969722945,1.1475650899668604,1
15.876983491512764,5.188720528486182,1.0382519045920804,1
-29.9200265871864,2.2103903876291677,1.0254395509640837,1
19.31759092024588,33.03310412105702,1.2589741492652262,0
-49.76373304649573,3.4197571461037137,1.1542698415827481,1
-90.76943328604965,11.268768581686729,1.2368828202433169,0
22.035833434801003,30.731905372174683,1.1677002924698767,1
28.6814247870521,-46.63180357703098,1.5941411823254288,0
27.806637170872804,-15.666426716443752,1.1752687417877443,1
63.61502565914591,-58.9724300994304,1.4157262757068394,0
-0.9817627408971323,73.08910277444893,0.8728728847834316,1
-72.75277334396706,-17.32812411198564,1.4781314069500502,0
11.065550947846848,-24.625601323834555,1.090404806660847,1
-18.87187257066884,22.738156788205764,1.0839446715156749,1
77.46555637870345,-5.382088995386267,1.0606082876496474,1
61.09458807221166,-49.1343903046866,1.1917171808045135,0
-2.309678910195695,3.491375096807469,1.1872151876191905,1
-6.525588941622697,81.6315990963071,1.7395677721480367,0
55.99437735124479,-17.264915894855974,1.3216037122480297,0
-2.353445435625779,-1.7518546497143446,1.227229727858429,1
21.756058936576704,15.62219209983263,1.0026945960126419,1
-48.14260957663743,68.75579045954687,1.515093594485284,0
90.86527495537376,-11.068447388799736,1.2277170412515648,0
17.12791845622861,39.449655667942636,1.3154156483305703,0
6.74999185382777,-67.98333970552792,1.0076957257616097,1
-43.0733143062079,-68.28283295392539,1.3759183064596725,0
30.95051329732671,85.95037976878714,1.3563453737184372,0
6.376235673592607,38.50024365566052,1.0614752084695773,1
-47.59763657617866,-20.687769163365846,1.0886196280990097,1
-30.97389452948162,68.84101681419847,1.5823766486253672,0
6.655310495270277,-19.39025668714556,1.7186596842106248,0
-21.768872932658503,-50.48767116485941,1.4671422893812196,0
4.212528072643761,-0.1114057010947143,1.1321299737528911,1
-63.746690309209626,-27.337914620194347,1.442936241326942,0
66.22555877509747,1.5017781680464712,1.287205040056215,0
15.432474744144873,-2.3980077160636704,1.0088835659515663,1
-19.89820503890903,-22.684985885410555,0.9927929873979695,1
30.05622182324986,15.439081361302796,1.5026935765920424,0
53.74663035743633,42.66815522890327,1.2817235337813082,0
-63.09183367246228,76.76131319678333,1.132907810228519,0
32.47173454027421,-0.6375554524605073,1.0254850162967588,1
12.370674725725214,-43.499284373272424,1.0223099242769642,1
-50.594012970449796,48.92482641484324,1.1516434022003579,0
10.85066209184964,-21.310138255991728,1.0820151736170185,1
61.43560224952091,-1.146550340433055,1.0608652702382853,1
-30.17980442655724,-7.501085111833257,1.177620793000368,1
72.49129182482461,34.505926526567215,1.2455354526560216,0
17.404355653521232,-9.299590898881018,0.9818625130106647,1
0.6015907859114344,-12.975979035006475,1.100366865714918,1
-48.76051633176936,-19.50552581074701,1.1578573076687118,1
-5.497871349023981,-6.383546672726955,1.3477389452771942,0
-75.61122901959511,-33.499874005794304,1.2561174807982698,0
-19.712840931205218,-29.763226679963793,1.0589256246085412,1
21.892891350627167,-58.680167909111724,0.995755012374947,1
35.44950833006995,9.02707541466473,1.1518663154613555,1
-53.65020050468552,-50.09078835470949,0.9215311901601486,1
-34.191373753764786,39.74451946987037,1.2722781000080268,0
-3.106186659238681,-5.003094542743232,1.1664905195964643,1
-36.2764814189653,-23.51124483519633,1.0618019083570598,1
-33.804667425926404,-14.93532680300972,1.4206512258446455,0
25.896603362281525,-22.99831441973943,0.9611418367193847,1
-38.95718110155679,-19.49947911973365,1.0375665316429858,1
-86.47867547476952,16.361120838270065,1.306983444392576,0
1.9969471921227047,24.21402913293547,1.0809424383099606,1
-28.315947259492326,42.60372842488903,1.0779445924911046,1
67.46590001169336,-21.770066565170243,1.1422879917510966,1
-10.962812483459702,-51.761873871130156,0.9631525046900934,1
-54.31027928367168,-37.03061231868337,1.451732472079085,0
-78.20452341551028,-58.06034709938478,1.0997510432540278,0
1.8660454933364146,-73.24924846977257,0.9151966013804923,1
46.97142872405759,-15.025843935149167,0.9643057853613787,1
35.3434586722971,56.30066149697987,1.033376446584357,1
-61.71712008733621,-32.75081864314445,1.5696937474588546,0
-28.686148872321258,29.364412993691978,1.0172811403927435,1
66.71711768174836,-50.82334561016367,1.432674805182312,0
-12.718056573742542,-62.26711187784188,1.7247043579198547,0
28.400098351569223,30.69784093664766,1.1217113179744342,1
-29.13955369258538,20.516752427854744,0.992087680716685,1
-70.4125431685873,1.4870402872472996,1.131998873551889,1
25.535115071750234,29.87993741444398,1.0950817425230992,1
-2.1306340334363503,52.20053381919058,1.0673682499956416,1
-16.221465834397748,17.36735304565766,1.0103074191300212,1
-20.63350853433096,-56.70916651842819,1.1460885103888687,1
-44.24895190355559,-45.66241173619471,1.1124170651965426,1
28.319886246781046,-24.870765740888793,1.0634562303432213,1
72.9178165090158,-39.33213091430369,1.395716965363744,0
21.391386650824185,-56.85122449301489,1.2649894175195486,0
46.074960973061074,51.22921536277107,0.933673748512707,1
-38.88854723213237,27.966809749811585,0.9787292494864839,1
-32.199729044530734,-39.82405671320002,1.019538907013007,1
18.67438064600095,-38.72740684304895,0.9337712305149882,1
8.300795940220357,37.26199339018776,0.9804086759484397,1
31.17294783605759,59.30336755945964,1.3012073296530786,0
-18.173054991074753,-25.590395931005585,1.0102662988448263,1
-15.506166875934571,42.203812614094566,1.7530949914054974,0
-18.467311353748826,-39.44670017403001,1.0592437985233378,1
-24.416838147882874,7.599641178085819,0.9473158839967559,1
-84.87721852153304,-19.93697859174102,0.9446457446814563,1
-19.624114247833365,53.510943378317116,1.5566900551077283,0
-3.9491682718941337,-93.376818187406,1.0466770263727543,0
92.27284314035884,22.01838803655265,1.3338531153689623,0
15.240299909756471,31.458184846619055,0.9464150212190673,1
-1.3758604085196944,83.14764501203769,1.4727248943849862,0
51.001241842966266,0.3759942411946501,1.298907450812475,0
-19.388769704270793,-33.463487466323855,0.9781549918750163,1
25.84333751144562,-21.623846582483427,1.0996547123488785,1
-0.13945326316607884,-18.07067158267432,1.4015511212991354,0
-36.31752562463177,88.71485175134822,1.1206057247467316,0
-23.5357203301338,-36.95757536429436,1.0557951546195472,1
-75.49810896151351,36.788606606140505,1.1827800570560092,0
-34.75366378414863,11.891739432293553,1.159645800801475,1
-14.453760605203357,3.986893890865797,1.152373965910559,1
-21.28722198311633,24.821992702595953,1.328356241728651,0
-15.541095302712202,-16.87274157360992,0.9952269216133596,1
25.723843451230334,72.06212915827875,1.3540840965572796,0
-10.23827997000144,-11.258218371403023,1.0693442096960415,1
-17.458665932804912,-1.6293083785101503,1.016192304337684,1
17.3664666848816,-80.13144595757271,1.5486098963916153,0
10.76059709323737,30.26216506986654,1.1321438863880557,1
-58.26717106005347,4.107289472859643,1.6277582534588955,0
7.338850559614109,-28.979407997261728,1.1403966090940594,1
-76.99287790405877,11.347864289008065,1.0623600847748143,1
-41.37465085015924,14.724912681582353,1.164725942137145,1
-23.252663465253452,-18.018233832935778,1.1062523493003875,1
15.642927076369087,-6.68173099456326,1.1074011290334875,1
35.54507877264787,10.326218653099437,1.027731235569638,1
-14.563510275606118,-1.463244255315841,1.4584825792486222,0
10.993355433024538,56.15742559557239,1.0332088632340966,1
29.828876468108906,5.639913617919751,1.1589602200173321,1
73.9168437779892,-0.15855178845556195,1.424894464337956,0
-5.868673868225879,-62.40409274973342,1.5894796967168627,0
73.2830680576049,25.66608308345384,1.6053155279191549,0
32.26098336160223,-75.21917225196756,1.3200897377214744,0
-24.303849979443083,39.019846808422564,1.0327324693871993,1
-59.640233491287596,22.41815126262724,1.5331267557901043,0
7.519884823893001,21.94135283060335,1.095854110891973,1
40.49398296040795,-6.487392701247382,1.2231401620823135,1
-64.11746240816547,-22.08966167018569,0.9652367233060617,1
-18.13807878259154,-4.876266399369379,1.2105021004448566,1
36.06035435884158,-55.832638189130904,1.0220344147412772,1
-5.500656491551365,20.09480333495851,0.964789968055043,1
9.75794578338497,22.87298300600788,1.0527826660739887,1
-37.063917169884746,-10.459476164142089,1.0015833766255473,1
25.372091395814994,-3.0229936992049726,1.0514502663228402,1
-9.505905687639098,43.46589836989949,1.2940877427506423,1
18.200906416348424,2.6783787304853552,1.1031155761271438,1
-27.63557672780678,-67.28730274712592,0.8992524463992677,1
72.01279177407008,61.221097412763974,1.1383997450334178,0
-26.58592613780505,6.360569246876164,1.144955324042114,1
78.69163684792242,7.928861016069643,1.3749599775379266,0
-22.908550028823583,74.15893623850877,1.370056091985448,0
80.17767308112289,-12.270083131147032,1.4569742040527491,0
11.170667617428165,-3.8933597233381434,1.1231536217676021,1
20.66239617415657,28.043984265656135,1.0858002059879872,1
1.0482263693911327,-16.463990258371787,1.0031008187216939,1
-5.494367460037941,-17.80110369871015,1.0192308044362004,1
-42.221494741019455,1.211536999404993,1.1310501098795012,1
43.95089673147356,63.64005753381706,1.045663060069553,1
-33.808148854085616,0.07833213358221876,0.999832710301419,1
0.10604965777284564,85.09727538715691,1.4412861309661817,0
21.111380357447747,24.80169420621007,0.9814988544364455,1
-41.225291065559155,-82.60214570121227,1.357122209249838,0
51.20846243387397,83.34213477008515,1.271351494391219,0
-61.451971069637885,-67.71854175621539,1.3223901474904787,0
35.191028574515485,-20.537415174442902,1.165533953083861,1
-33.296378914681796,29.802291016711298,1.121746668012678,1
39.542061032304034,32.36057102548622,1.0014583069451104,1
54.74893923173209,67.68493157759565,1.4012758409695154,0
-28.554164284546545,-33.108891271376066,1.2041754486845662,1
-50.26718071477611,-51.28839964147763,1.0139480766685787,1
4.020246117388953,6.1990845407220645,1.082051638549598,1
-69.3759109692118,21.316287271961244,1.329867837738685,0
16.180807726967,20.53085221189954,1.5626607276203968,0
26.281997459506044,-20.441553579615796,1.0078355133031238,1
-10.640315663209273,-24.985942096482088,1.2081848266001247,1
-9.675585140075667,36.3544654097316,1.0910983121211746,1
-10.389974198345508,-32.66136641844192,1.1773080374182956,1
1.5850737618990267,-20.370040949427803,1.020792684208226,1
36.87250191982202,2.7322248193477847,0.9615822401052657,1
-21.375070464474348,-8.397204720013852,1.1166955196330437,1
-11.32160437375001,22.102493219686792,1.6426140016962207,0
18.96826120233701,7.904522610862243,1.0878946088383206,1
48.114070092522404,45.468917623767084,1.114678320131614,1
-58.305964116684656,24.26058080089291,1.0843593215057024,1
-23.717716734558525,26.996386517775885,1.0438704175273283,1
40.64915518693272,-36.57588424065734,1.0148361545662876,1
1.5353098182114877,18.517716378836514,1.1657447184044474,1
7.856300723909273,-17.467241240060247,1.1490883401013245,1
-75.70960744112634,-42.76226977543887,1.4812323747164735,0
-52.82420680656901,35.06295503204078,0.9970540417764496,1
43.47933406155156,-19.853029260242334,1.2268186307979436,1
23.861781896447848,-44.51376032332873,1.5756852198076532,0
5.790311314397616,45.695833446523125,1.1749574379945646,1
-38.64063894123481,-20.843578191354712,1.0445166699075161,1
37.10148580004507,26.173941456856415,1.1183818057949757,1
-9.303447250072757,11.212341089984065,0.9476978951138386,1
-44.63844556006144,57.204838124614604,1.5610951850105865,0
79.4116009198421,11.316213775309947,1.294915156453019,0
-26.982675046871922,-8.00085751419614,1.7166289148063159,0
8.803039774001721,29.357391625975925,0.9920777577739207,1
15.642554066209177,-16.490033149536806,1.0432244819828744,1
-55.62663892001578,-56.67942279536079,1.2170769022748171,0
26.280018542447127,0.8971090667100392,1.4213249445620157,0
-12.06996006153841,0.27245959506858575,1.2378579893160873,1
-83.7639727171473,33.28826684906808,1.5341147751296518,0
7.272435622423028,19.214269812844563,1.1644988289738265,1
10.680325306823592,74.5345917461528,1.6797869672349106,0
-43.08894004090689,-7.635189724526036,1.0169134971745915,1
22.733359413517476,83.29701660337388,1.1983261575848525,0
-86.21726995470085,1.1172400309784025,1.2965966137518619,0
-41.484697945143054,9.933876836200694,1.0631758553717878,1
10.026513098524001,7.269221996429901,0.952165699155965,1
10.482719444506856,65.14392668662686,1.3929078647952322,0
53.501593256975234,-46.38157532451149,1.481984094202326,0
29.124310682807213,-71.537138556665,1.3549326775891262,0
52.463729788026825,-6.066040424607032,0.9168046732929268,1
-52.542784987457516,-12.311401179629959,1.0586119117445583,1
1.8495878329474191,-19.09215202510611,1.102654779041889,1
44.56426982540401,2.793100077445964,1.047766268714457,1
-20.811611069633692,-48.00193145918366,1.0003846148745206,1
13.796096388449854,8.464690865869288,1.0575413524763695,1
-51.996870271876816,-57.14068037710918,1.1861821860715105,0
-14.478099238100162,15.211520103640357,1.1113931268725943,1
29.054100455950223,-10.10626945271682,0.9852353990710208,1
-26.541337077150548,-22.174019352505002,1.0353786184621152,1
-17.883828651694245,-29.84953549235038,1.5184303829523822,0
16.931134618643927,-32.49501745112551,1.0287418331751492,1
49.768507576542646,29.906462581371304,0.9960078532698291,1
26.11369527535225,13.508935951493491,1.068219086793098,1
-38.95300338776574,-29.42781594416794,0.9368701681372609,1
5.693627080947546,6.84309518974262,1.4143736012707948,0
60.76294813003238,24.34087971531831,1.0441900488789828,1
87.34754606209948,-2.1616148323362965,1.4032160932963358,0
17.003295129580295,3.1123967743334826,0.9509402843476218,1
1.3229427004997074,-27.206200588170923,1.0701693747016696,1
-40.584168527960806,25.191614160041553,1.0776150032651104,1
-43.60244744071915,48.17997234597988,1.6358536609674872,0
20.41582765784985,-29.360532764164695,0.9929353687029902,1
39.19531078764675,-22.200371085648573,1.0757233506187824,1
5.846014164944959,-26.79028597075065,1.2281981338008672,1
35.923116460805524,-29.750544334526687,0.9397437028607892,1
40.465978505325076,40.31172445765547,1.4580458055885954,0
62.994873985355675,19.13989732557529,1.5137410868021384,0
-28.700893744524954,16.042420957638402,1.0073496608495387,1
28.917962584802268,52.467347602031474,1.5761094053030738,0
39.121305571919535,24.439625677652256,0.9150024461368768,1
45.27520899458506,-17.399668462438594,1.4906372045046932,0
-55.13130998344993,-32.3684866937219,1.5414998303407161,0
-25.13790069701376,77.1743100458416,1.084344823009018,0
-36.14180260908028,57.16314274235558,1.4221778302117885,0
-33.862429712849625,-89.6543263663619,1.216107638169157,0
-4.161867290464926,-34.8464547902582,1.049254862933254,1
-1.0552096446430594,25.35333211324355,1.1100991857680595,1
15.666426716443752,-53.48070468801998,1.0248614778115563,1
-37.914145225057574,27.419728181935785,1.1918930044142948,0
-85.35069275118556,8.354839171710237,1.351865526350766,0
60.38594431473402,12.414155853789595,1.4191814148856368,0
-37.64120125737551,59.43958343824068,1.0034628880866039,1
-0.6109906419413064,-10.946356152875207,1.6748136575602444,0
-57.621813748711965,46.848882452853395,1.17511249702755,0
-80.37650053867105,-24.560074049290357,1.362016589503635,0
14.26092443388279,11.539442307140582,1.0875714022258414,1
18.314733980510425,-20.025780237541152,1.0376993544504034,1
21.983129968513886,-37.490803560897675,1.061553962427788,1
-93.55531505497777,-6.795408115249654,1.0297865903450363,0
2.209790715793107,-29.28137608180791,1.0122265566890167,1
0.18799712059732504,-30.721862790946197,1.108054679156662,1
-1.1697598614944573,17.650840767193284,1.0471414261362284,1
25.5759638288183,2.389652288481546,1.107845592173727,1
18.164699563492658,-5.464449638695569,1.103798098927304,1
33.610427744491886,45.71139182891739,1.0656873185885585,1
-40.8778300470745,51.69590996916617,0.9490875369784164,1
30.161574402741756,7.745481368609785,1.6553016247807946,0
-24.17105836251322,-1.1637916989358135,0.976320574872479,1
-81.3165878717013,47.64552025138456,1.2333258161063327,0
-48.29217262782514,-16.563535783153792,0.9662380038925731,1
-6.311331905767345,12.192956107312215,1.0742627465330246,1
42.38533531358605,-11.71411515783951,1.5016030685416055,0
61.851052676519934,-25.617740966728835,0.9805243827392269,1
-25.932704258628096,13.405012077374488,1.2227494602082118,1
24.74435303652897,14.187024538671345,1.2575524112482332,0
7.635189724526036,20.699736291902813,1.0940864977765248,1
-26.027156918251897,5.185007005116356,1.0631634847294487,1
40.11858553546915,25.285612720340218,1.14945272769725,1
-64.93838316810712,-2.6820922538551817,1.074348113544948,1
-37.123901990895305,-63.045387325020585,1.338363068147014,0
-51.04258054014909,62.38779807880506,0.9469999393577719,1
12.567322667809059,19.56309430700648,0.9474782326048737,1
6.655757708164954,-27.948905262135654,0.9594508481102563,1
51.745702075809945,-24.156619259548755,1.0836214859551077,1
1.789732588086531,51.98245715929769,1.4410288252150778,0
-48.36237362714155,26.21622133799291,1.7974297443115255,0
10.767107816028625,42.794980906881996,1.2134062049435559,1
-6.40664697251275,-32.09221435137866,0.9765835884819649,1
-15.165101061517552,-32.65365371605844,1.1617416210435874,1
-46.97462478925293,86.06569819345734,1.1665025033611132,0
-30.924515601052455,-70.06026027593646,1.6797316549897539,0
-36.19367988436789,26.48557632343216,1.1573590202325603,1
32.544390432292495,15.759264800689333,1.0360358310384512,1
-82.37854779698024,19.605414005149598,1.2778628671024952,0
30.711111321630987,-33.57653148655233,1.2670775528054876,0
20.604484417466836,50.61338237075376,1.656096928790802,0
13.891240790803424,43.52287437828565,1.334799346574184,0
-68.01639414431426,56.94866622402047,1.0819850581877735,0
-3.281826278081703,2.3627292440503456,1.0807368141651796,1
-2.2665867534163437,-50.42783780632654,1.3206044485389856,0
62.32827613649777,-29.17136858991723,1.3292539823180964,0
-21.01986853154854,22.183660230484353,0.9397031404584508,1
-3.246083615647157,11.505423780556287,1.0058831792320957,1
-81.39325841457116,-46.091576880184576,1.1956041277972007,0
64.13793320574162,24.402861796291003,1.3930777854649006,0
-53.383586406383856,-48.82228253088107,1.3488844990198445,0
-28.55765784311747,-2.1127295457604185,1.089314306232165,1
-56.349003613704895,-25.066282746310005,1.051615729102621,1
31.531549576608246,-13.282072991794754,1.1993963876919203,1
38.12760650590512,18.08800867461407,1.3135505168463872,0
-73.27762871957677,19.147149776279452,1.4428961929096096,0
-16.07660225229246,40.57319675436815,0.9542080127401966,1
-25.504942694370428,10.93516584807774,0.9931551272861712,1
-1.6688867196885284,-40.93060116864568,0.994795653615399,1
-8.798265243954818,2.5066282746310002,1.0902464046178846,1
-62.85154309992869,37.27529115291791,1.0227955809770592,1
-43.309836657608756,-15.149434634801109,1.1189203794954161,1
-33.093190107571544,70.19698545455269,1.4818813413116991,0
44.71773686262631,8.791103448884433,1.2169922769857258,0
20.041885626938523,-60.18971515894505,1.5120455997724624,0
16.9496707436056,55.94831721338702,1.3793665202649252,0
-3.9783771615929293,25.814690331164112,1.1390637790934734,1
-5.310918656874432,8.365871866580964,1.0218659057995105,1
-17.954528423542808,-3.049731067467708,1.149293315915492,1
-17.803028912438748,-14.040699235468795,1.643114183113859,0
10.309078467664223,77.95158183507024,1.6550237491138822,0
32.19373642228946,60.60492968589395,1.3115781672993965,0
7.173380327105776,-13.793827946572351,1.135249186899427,1
9.337190323000476,34.4139173537881,0.9976507340483187,1
6.180817614024329,-5.9565403473468335,1.0338275766128955,1
57.445269816262886,20.73339672873355,1.5634631356179851,0
4.047467419918875,-10.299293234292678,0.9808129677063515,1
9.08805592741215,17.280450776206166,1.1878030438875413,1
17.135829498123986,36.49737203320483,1.0672508895829003,1
-14.65568950893126,-17.421066508685453,1.1333942124328027,1
-11.248494382406614,47.813934338586336,0.9424453737538614,1
-4.23848053710332,11.154495822107952,0.9901664948381016,1
1.4256448311963814,93.027241842243,1.2301448866545175,0
-89.36951644395461,-13.303621375603065,1.192845244150789,0
26.986360004677344,-29.703545054377354,1.0515741084054506,1
-42.33176543105284,39.72141460712677,1.0884587594475554,1
-12.146702847482732,38.64385256722792,1.0805360342069692,1
24.03533079464725,54.72131241472675,1.0947353352564437,1
10.953965560137483,-43.73063687921244,1.0762636237125092,1
-15.425404766960005,-83.9527654441798,1.5089756477012073,0
75.16438210015383,-19.695831667913097,1.418335306249042,0
-46.90287136953776,-23.661928187318026,1.1541352514126713,1
8.44167715714439,-50.30641229231216,1.3579434463705677,0
-10.783950772814666,36.907376747990796,1.0486866696486414,1
-4.237556718328897,13.085277060675075,1.090207540956692,1
59.55592116256093,-16.038504350959293,1.338414776578343,0
30.36460682484376,35.94062599654743,1.6278357362147162,0
33.86389691798569,35.546918759523635,1.4538154685456477,0
-9.588590394073762,14.029745901831753,1.4860491408062744,0
39.800243744591015,-21.03061122415409,1.0600786644506892,1
22.805675394929835,-59.504570097212586,1.0146689436196124,1
8.72042783963732,68.68161472488941,1.4213416504568954,0
-16.407970914355435,47.81741576674555,1.4575504390963698,0
27.599767752454916,-26.28378790827364,1.1256367555604756,1
-51.23105847179653,13.469440758090702,0.9519471916924507,1
-64.11862288421854,55.48468104937842,1.1688351197279008,0
6.141239272845951,2.2559654471679003,1.0500811520578905,1
31.207522019155956,21.53488585352103,1.005039359509506,1
45.5788574603737,-35.03245109007437,1.0752289330089215,1
-4.8222753473853395,6.588851464744356,1.1958294989354263,1
-5.9934124771625985,1.3979273070057545,1.4746117799996201,0
-27.903330202596923,-21.424075904838602,1.1368116284386744,1
29.37475355341927,27.89030875701441,1.4415166752766848,0
-2.1473448886005704,40.22302838024546,1.0834466458135181,1
28.700893744524954,-18.799712059732503,0.97985071407586,1
20.760979317855963,47.90708606500844,1.1181908138571524,1
21.196840257103304,-52.93866988216745,1.5877291048246827,0
-34.205031664235534,4.323933773738475,1.0935755189169893,1
-52.357894371986866,41.70750934733248,1.1959618992849606,0
-3.2807340653258765,-62.991568541477044,1.5044853239462637,0
-8.411130432650687,-9.358078891955744,0.9855964004687252,1
1.1717492490140053,-55.27513223065265,1.3652396550701846,0
62.675733378873524,-61.141676874799366,1.0874482376967767,0
32.37310416685936,27.992771256941687,1.1577623677710278,1
16.80485372450532,-82.33229453715073,1.1193602071464568,0
0.7049892022399689,36.01711502110419,0.981102511324269,1
35.41308723548131,64.23467048952553,1.2549691113282668,0
85.45047115823401,42.11013820395876,1.460342836537624,0
4.451989783420708,75.85820045899601,0.9694450915844856,1
-15.494096022562871,-38.60207542931741,0.9467907621490617,1
49.56857413082803,9.385930317229416,1.1464809768558315,1
10.387762467514953,-26.67347381651458,1.132749024917958,1
14.312847448143017,-13.98698577244097,1.0661306859934683,1
8.18612023372913,34.980657211495256,1.0009516955752518,1
67.59428002738056,-13.085277060675075,1.0939053209128464,1
48.92102849321502,70.84232829762134,1.3382131391792282,0
-74.42267299248725,13.709497624845875,1.2710882744072654,0
74.119605509575,-55.08663776317545,1.2388813243401677,0
14.4034717011489,-46.941434881455145,1.008640413874528,1
29.32095442298632,1.6029228177245742,1.0028252051763897,1
-54.17209336596767,16.58231012448201,1.0014707713643713,1
70.87210853801842,-44.148458141467344,1.2630720998213971,0
-55.852880394820374,-4.273091785149252,1.2661537500636948,0
-11.29195608232964,11.736680453635165,1.0984795496815198,1
-26.745723690312786,-31.0905460330065,0.9652408640620307,1
16.43930376778832,7.363220556728564,1.0279624405754528,1
-11.442188385446277,75.15042473817009,1.4999587580435636,0
9.154526454051299,35.975448992603006,1.1993885081985525,0
-34.13192167289211,-5.556359342098708,0.9672460034288934,1
46.82471139449089,65.51699652816778,1.2505917513131841,0
57.010535510531405,-12.287927737593266,1.6459280652776023,0
-8.153316563563255,-16.567457961108406,1.1843972756224899,1
-39.92205521223481,64.30568174758146,1.1746663328679978,0
12.70137903663249,83.05859572528426,1.5713316184260577,0
-31.88640051020186,-65.09139193570438,1.5258430527037534,0
58.788390590175155,-26.011241818095513,1.362354476034752,0
-19.137142789009744,-18.763076723410965,1.3583051036259262,0
-89.67376809058341,-39.02614199358718,1.2511463446322735,0
-2.3696381247383784,50.15005359686162,1.5232342968283668,0
-49.10161354095725,-2.955395594766541,1.5478653863576788,0
2.15773271748642,10.707367535281891,1.1329993936485705,1
-43.93116714118291,16.007328161793573,1.0301376270896707,1
-66.43681742349958,35.21564544839265,1.55958407351409,0
-39.63981953501464,47.94177238059251,1.028930714600628,1
-81.93181615365607,-4.292087266970629,1.3074179464187783,0
25.200566403879535,21.852427208479547,1.0719558551865456,1
-64.89830543919635,40.18040153783505,1.2609268041027974,0
-75.77233440479256,51.68971336019382,1.2445217973817182,0
49.10484790002129,23.888167457233422,1.0922110789369366,1
-71.0074765374076,-59.0720695989723,1.5354503624833122,0
-49.13455608697989,53.646486981315675,0.9190228269549074,0
73.54349696925487,51.660957667865794,1.3448350627794836,0
-55.8440970612435,-40.5656009111117,0.9694174096008755,1
-71.77502189108175,-31.31861122678166,1.462091022414487,0
-40.35170196500985,-0.6467100948548083,1.0183994362696425,1
-2.1932997403021255,-5.671246471352639,0.9904677358124575,1
-61.45113152906744,-50.68174496006189,1.2145027267434796,0
-41.25615242598553,35.77105996620476,1.1218423567674134,1
59.01649414945541,-22.181226610800238,1.5928081944095955,0
20.78711019176137,18.13213044781548,1.268200783916556,1
3.311723288262488,68.78145500362471,1.2767107398036541,0
-28.040055381213147,21.279754882965896,1.1339507976725895,1
81.24984889388928,-41.80220419326298,1.2725588665611354,0
39.83089952027158,2.1421587611358155,1.5315702070153592,0
-2.8394047869526924,-32.5213409768936,1.0992764506859627,1
-0.3759942411946501,57.79297341675746,1.099273280495646,1
-13.621958029947843,22.567487685037225,1.1209949149279488,1
-6.1273135602091156,42.44000183203021,1.552672572758177,0
8.06493073942322,-7.470335195208446,1.2227450160372395,1
-14.492591036616565,-47.21326061179976,1.1578281276153384,1
2.0220134748690204,4.971479411351494,1.0625868678910368,1
8.761805196323825,8.989680494017545,1.061958175414933,1
12.219812838826128,-38.092916561032986,1.0716736988276983,1
2.441455939490597,60.49496677994457,1.033506397861345,1
-67.13907424819341,-19.2817559587,0.9585110452958312,1
-0.13497229171090222,2.111352277477646,1.0524759893533397,1
-6.174660983174363,21.58206944457292,1.0735350371825019,1
-7.327709989504628,-36.078736299522184,1.1070741559371335,1
45.5788574603737,23.966151447999724,0.9256445450823453,1
51.67962513086883,-78.50446427609964,1.1505341304633148,0
36.93098991289675,17.06596083644607,1.0652415487022748,1
-7.895879065087652,1.5457541026891075,0.9389038548161812,1
12.202722191499085,56.00035440823348,1.121666558383341,1
-5.608580764486863,-38.04852835200305,1.0297798125441955,1
-14.165007535618857,66.97557282776809,1.5339759824612893,0
39.62979302191612,43.84092852329619,0.9160890479506769,1
-14.015509473497124,-45.78054019511412,1.0680766579655199,1
10.24932450071343,-6.6286392151353155,0.9961223015357639,1
3.003910980727154,-26.242780855854566,1.0707720640407126,1
-75.49685848935836,59.93348204642722,1.075386196628992,0
-32.269152817823205,-17.008210086981528,1.014575139757367,1
73.72211723365827,-18.914145089661297,0.9332947730377105,1
-14.45125692243786,47.70767509650959,1.2309084515833792,1
-49.12394602020896,18.02981908966727,1.013176211927768,1
-94.50392890241876,8.199100227341411,1.2148775650697636,0
-36.06759572941274,23.20023725297359,0.9794161933974165,1
-46.605381420460674,3.3416284726087317,1.4622398294398709,0
-54.91704247713394,21.582865199580727,1.316847189421479,0
22.288103075260636,-1.148871292539218,1.056873891188049,1
10.700169447331083,-31.364186286320393,0.9935443240443266,1
16.70764153821356,22.183660230484353,0.9474640188610145,1
18.938592815489088,-29.229318083501223,1.15568078022271,1
-89.93834470798417,42.61790281096583,1.41283606980555,0
33.490344197837764,-16.928693097597233,1.0614455304740205,1
-68.14806099214653,-25.771719560741865,1.3614153859517117,0
-9.000362148596937,7.402386623519673,1.1035052432247716,1
-75.47351069880979,-21.394338986557994,1.5068616423542425,0
-8.14243266587102,87.37243227760924,1.2606896285480755,0
-34.7769606822305,3.083152777796119,1.0931606995406153,1
5.412898227009782,59.508774085933126,1.2461636252402537,0
-39.75616886409542,-76.53571665206654,1.0923871567618701,0
-71.20037184601057,-42.61672361755706,0.9876539989563442,0
53.7145372970677,-9.342203579549734,1.571964330415522,0
12.443618934775316,1.9515891566770054,0.9654145558343883,1
-33.13623321935815,54.83249350755313,1.1177113944756447,1
43.23038549354678,30.717386669027224,1.6590123134258865,0
12.157147131960352,2.7458973372094246,1.0133417262370257,1
57.23286254010739,-41.9751252162665,0.9676174807353736,1
-68.79627963532465,-57.52711890278146,1.0885277293218059,0
-53.873226148607806,-3.162207977226807,1.071233121844005,1
30.860860662026145,-10.023846472699928,1.225420961758898,0
20.239124356831216,-27.618486080479737,1.387513906225701,0
52.16472484383872,-20.907965483573946,1.2790029038471136,0
-23.574838922904547,-0.33839481707519076,1.0723737730253142,1
-20.788795320013207,2.0244709535696366,1.4967417780301127,0
29.503902094451004,-23.226240132322037,1.6810034932907085,0
-21.139231782721446,-49.14383989540445,1.0003846148745206,1
36.14595384380211,-24.86238537173181,1.3817879667774626,0
-6.302379661929364,-9.716168645474463,1.2005276084115797,1
-68.80694613862096,52.517117714915074,1.3383616705941161,0
69.86718215207974,-57.55421758683153,1.2471486190704582,0
54.0947092520534,59.60594928520876,1.3818698946977324,0
-34.740674253873934,-4.04044605220282,1.3724978378926895,0
-23.421782681286953,-16.000643819727895,1.1338597425725003,1
-85.00562444324935,-21.78976150161377,1.328667124294076,0
-64.40805926451361,57.59101334899754,1.1704063714021344,0
-42.00530535602796,-4.348035968686842,0.9281877897735203,1
-38.799024793752714,0.6027844184231745,1.4901268018476193,0
82.14105608688791,-11.503118835016405,1.447042883078691,0
85.42984943354232,30.62440112579442,1.4300246798542957,0
-24.59134265216938,25.857849569877683,1.206105963529762,1
-20.086970121600288,73.66876056295735,1.5181677103747568,0
-28.47972066146928,1.997930183602951,0.9744694909592896,1
-14.481475168436365,81.28691660898075,1.283293419930944,0
-36.68210483598302,-41.911358076995135,1.5725800361221716,0
73.09385017648421,-2.546506451727395,1.4812611918132175,0
-20.134764075568583,-13.639327329133467,1.0744056930442687,1
-42.14160742401188,55.46131146265452,1.0772393291198517,1
-1.1480357497810085,32.731552010131615,1.0565113784729014,1
-30.94416740296054,-38.717888001499716,1.4430018855788842,0
-45.50513309935512,-16.850931450141935,1.6119306653854586,0
12.083422770941803,-8.559398314254675,0.979704099964819,1
-3.739053842991233,-7.791436220311369,1.092474630850706,1
-1.9336846690010452,23.347451929420167,0.985301823026655,1
-43.855550521564886,-60.938918498806984,1.3671203756563375,0
3.648799460146829,-41.867786417303634,1.2782723192762082,0
-11.588978056377329,27.280471055567396,1.0902903232218732,1
-80.87732536876716,-10.34144844584944,1.37084911457163,0
-21.353879836123756,17.279888594367144,1.532615061804922,0
14.964570799547085,-37.68464948080247,1.0477974991830834,1
-45.78177498736762,-2.4496594502075633,1.4595348892691435,0
-41.17136941081418,-39.134733937676494,0.9852398354675422,1
13.983404874905807,-44.57143162047437,1.1215074104069696,1
32.27765947486379,8.088696624674638,1.0704156192966552,1
13.748020543592833,-72.1257219742324,1.404021826262475,0
-22.74967306669135,31.676504083441756,1.092970632463373,1
25.272073833054407,81.11727610958654,1.4030480179057805,0
-5.1586409891906095,9.595373035287462,1.3013346369007217,1
21.13087635513932,-14.362980013635621,1.1082746701317367,1
62.973338517661546,-6.574202338464038,0.8959492630195189,1
-8.14654189255075,-36.81325434242165,0.9709407542227583,1
-56.271246981512256,1.849277798528796,1.5540595110746642,0
57.66607329626645,-7.645216237624552,1.5270092795951478,0
-98.39676453979747,12.082876664563877,1.4719556054995104,0
-24.036921463039405,-79.8237828669582,1.2394049864429153,0
21.80169782673106,33.73503886274222,1.4929051907331834,0
6.341042975896251,-49.095402634058914,1.3810272299967101,0
-10.045631449771177,86.59550984350233,1.1930403999782666,0
36.870223166845086,-8.932711669594108,1.0244605589010842,1
-29.150358124803606,-47.83770408946646,1.046146175193238,1
-10.440106763838111,-45.88383056712045,1.0020463641731316,1
-19.603307594834803,-14.796479256424751,1.1275834192819085,1
-53.56708598821091,12.988292296706408,1.678669444855254,0
-28.670378269877276,62.09136203937042,1.661376063962395,0
17.58817506032751,28.15779095168825,1.0920053049035365,1
29.011238197574492,-40.68257689726113,1.6132145955436703,0
17.922392163611654,-46.73295089515172,0.9840341591817148,1
39.08744981340503,53.9289679521975,1.6464330277814767,0
-6.974250083304134,-66.32816928926363,1.5763096643388428,0
-15.716559281936384,-11.781152890765702,0.9533396439960369,1
-61.223003036598506,-65.38400597248597,1.4326780896738438,0
5.869091060171727,47.70829786129831,1.0928379333706701,1
11.77151201278635,-27.409016095292046,1.044926606768741,1
23.042598185924565,71.97866644878738,1.3687239063004542,0
33.07913779754711,0.25901825504519577,0.9472086338650652,1
33.648186391822975,-5.056792724558217,1.5860107195476612,0
-42.30830437823611,0.16114038908341333,0.9914557483861983,1
25.87049265108746,-19.541256257644182,1.0376610652766627,1
29.739825200457553,47.54348234053404,1.4578236826663515,0
-75.91294582879581,-54.04698615870074,1.373883981946067,0
-89.74466466789167,28.582934766895253,1.2653095049319452,0
-57.330520606731966,-8.638037632674486,1.2808086191449375,1
-30.169061733951693,-41.64583833422647,1.071094954015096,1
84.19600005418339,-31.94718282150609,1.1459830001380062,0
39.595774495331824,56.38719985408022,1.481011495915276,0
-63.449923425981,46.52660167468657,1.3376088394534562,0
-44.63469414359603,37.17329731277773,1.0360267091083397,1
31.06826489278757,-43.16506726998828,1.0180022291055812,1
18.845886791107297,50.6536803181354,0.9969690868482434,1
26.79585625580539,37.82502066418179,0.9565014065730294,1
-67.6687322792222,6.670700551262901,1.5721236395891935,0
37.18165274035985,21.339762044691916,1.0792691305224833,1
37.04134461681132,75.21303670086189,1.5463366864326125,0
-19.350080441771038,0.5830635334467786,1.0284979774981144,1
-48.95445020354344,27.547844738194687,0.9005621354344201,1
-0.7380627697524644,39.45154390016459,0.9673582777597847,1
35.0796030644412,3.918255776660042,1.1117967518341998,1
-32.98395857900314,61.047296871067616,0.9626294768510858,1
48.454741728149244,42.39031848307426,1.0906241695740282,1
19.316704141375148,13.40262805591763,1.5803501559538369,0
68.4507410680155,-1.193946625547933,0.949671866412721,1
0.9313088128052224,21.204147027782398,1.3883612418977913,0
19.760586231674395,2.0470797576153075,1.0915655749820314,1
-54.94296604233713,-16.74143430638859,1.5735646791667321,0
79.66639092423588,52.48514057120597,1.4313791111736176,0
48.081687813376476,38.750194372818335,0.9979049097906808,1
-23.436974367799856,0.2297742585078322,0.9501996023331982,1
-40.30156939951722,-4.861187767267716,1.4612192187836435,0
2.980102504283529,32.725424696571395,0.9808566475814962,1
-51.53508369390163,-42.55896720569921,0.9833151816862946,1
-7.224102687486556,19.265944918813872,1.0641307753070646,1
10.488942797464539,35.21812725856556,1.1059368576755582,1
-81.82144887070952,-26.98840079937883,1.5988204299617366,0
5.049938914256596,-60.33943355236747,1.487107443669446,0
-32.1759920343543,10.311357220641158,1.0032785532157624,1
35.08315496685466,7.43311692207886,0.9413246078739722,1
-15.58287244062271,-10.87041128431644,0.9465906698089356,1
12.13435960219097,-23.81676653062273,1.1041485102610331,1
-31.6296909917254,26.405349956178675,1.045788434675377,1
4.135936653141151,-71.82964494038187,1.336947157846163,0
-41.13376998669472,13.243352717633796,1.0856561845531183,1
22.30063621663381,-5.372539935292431,1.086715642823283,1
-58.07401961724641,23.32303671895298,0.914838380383529,1
-4.49522003917158,-9.60038629183672,1.1029053742805413,1
-33.607310400114166,51.61394171066014,1.3442938052387865,0
55.6278659408495,3.036876563495257,1.0203490474731702,1
29.23435565938231,-57.09649301970382,1.4132265618598145,0
-26.840505571947258,72.37497482329103,1.3049619423542187,0
48.0466926783735,-26.6239731741164,1.0627758847824735,1
-9.989650918014727,-26.47441804176448,1.020561243946751,1
18.054817808309128,6.7324251866740195,1.3109892538997705,1
8.735054617898895,-19.48086104740398,1.050336717563499,1
-36.38029127680356,60.74667132305426,1.3896079837177981,0
8.525923469251667,-22.319153650734673,1.163070351435834,1
-54.407759272129546,15.443615314254323,0.9770141294387491,1
-0.835542758210343,-55.417373438300366,1.5495679175698387,0
14.825969000832178,-41.94178898345813,0.9651992109191999,1
12.580680874915256,7.472345322132747,1.1059630630699042,1
36.11684520093326,-46.0424817957221,1.4800132887891169,0
-24.408292824219366,-58.075443837856994,1.0655391650967405,1
11.825914109955546,-14.64587091891542,1.0618811201621503,1
-44.730121921770554,-35.03013013796823,1.441042952675802,0
-10.502772470703887,4.866439750319327,1.1775299044640941,1
-19.569605029797735,25.370659036800898,1.106573159924862,1
43.66546454407204,48.026997741929975,0.9424213277427191,1
48.16307184826707,-64.57074435449458,1.3355996525031677,0
-26.00626834929663,11.890817877780808,0.9774402104064103,1
57.083173895105844,-68.88546702433229,1.305615901932681,0
43.663536368476166,-17.24753070505714,0.9245130379604425,1
-1.6107407616610454,19.259260576748197,1.0928038822683475,1
-60.32200942899502,-5.364184507710335,0.9873953997913938,1
53.73136751548309,6.472472294850758,1.0855125611784864,1
-29.254990521022336,34.3869820938195,0.9844834809656926,1
-65.7680461809819,-26.81009142872306,1.443732448770025,0
20.027959914301686,-20.268596228666272,1.0407240232479953,1
0.4865807827225017,-19.6844043919552,1.117204876641296,1
-39.955654697618144,-87.03640026587492,0.9482173547616571,0
19.426369128390252,8.773198961208502,0.9948979124004443,1
-55.71764661703221,-15.008436794353115,1.0662663210954793,1
-15.329328431234766,1.4477939172437546,1.088518160985071,1
-12.61371156769671,25.719796546481668,1.1490487935854967,1
14.538443992859802,-50.1242100650379,1.0796403599192652,1
49.42556777413434,48.641443031813886,1.4286898290553172,0
47.26665383195858,-3.0747973502140233,1.0780581223413404,1
76.08953681918221,13.45056732166994,1.3637226833493679,0
3.8725282581799245,-29.015284409478685,1.3177604953231161,0
-20.09480333495851,-26.21515403884922,0.9396254468365131,1
12.826600293111792,94.60076245732388,1.3297560697180768,0
-0.6652205805751589,49.60231720375575,0.9469740546240024,1
26.086385265669325,69.20356453650561,1.400999747669033,0
-33.61160640982479,-11.621640182380096,1.0452044928891258,1
-12.533141373155003,67.90873767354485,0.9977379989462677,1
-14.624197065412973,16.932933634152054,1.1473466607259528,1
-97.3699753280412,18.227365270358433,1.1299711306818236,0
-11.372463498162809,25.82372042060067,1.029088338025287,1
-15.60565997039209,-20.580937303371808,1.1368044582337122,1
-48.233062118273004,35.1562753920487,1.4440103386454197,0
25.58153411387304,8.44594471424279,1.1467667034875861,1
18.925043473464054,-11.047068896052334,1.0205260159811338,1
-19.977827348809086,12.257412262945586,0.968596176653301,1
8.898530374940052,-25.883921016844415,1.0486313955243778,1
-43.45143705293045,41.74637891886828,1.5518668944580432,0
-64.46546596696007,-10.222030103945213,1.2169779106479288,0
-5.243030807769833,26.49714971974521,1.0713490903939156,1
-13.721890842790614,28.199568089598756,1.1204017389774052,1
4.313489489260856,19.551700542121804,1.0704350427258686,1
65.9314854178657,46.45140282644762,1.3282418858669611,0
29.173572219169646,31.98099588675638,1.1315026144833362,1
-3.1023817070261703,22.12528669532171,1.4354268228685243,0
-25.89936802581973,1.599818634102725,0.9806125292181669,1
2.976621076124313,-9.948180964941782,0.9748749532094535,1
54.21279929521381,2.7712168147309364,0.9461633484262728,1
11.557736022809452,26.128875167077496,0.9986818744680914,1
62.7327445987012,-39.438589748874506,1.1467593894990338,0
8.307223192206584,-66.98374899185944,1.6709196330119531,0
17.540701039974664,48.14435352024225,1.1931553709233622,1
83.90205693013256,10.884300826271113,1.3618176081603632,0
-24.280112969266646,3.680186057753683,0.9493568095371153,1
29.334923249284554,13.867552307590929,0.9885057977561654,1
-4.010605239409601,-13.303034343220235,0.9619445041594838,1
-16.80833515266454,24.068273340669872,1.0586972389450953,1
23.449025465274037,-79.20704325884478,1.5771272246994008,0
-3.994938812693157,36.59677280961261,0.996489079915631,1
23.863101174487134,-19.16943973024058,1.1548511113298023,1
43.294772785766014,65.51458630867295,1.550782805262463,0
-38.37590264821563,53.18805892393746,1.4826693829859336,0
-10.648992453390704,-13.030289314290155,1.3361802092768982,0
66.23563068270916,37.102141413368855,1.2829793385623467,0
26.532660286969143,-6.993492886220485,1.0260730424082025,1
19.790969604700226,28.88319398267994,0.9304117959973554,1
22.146399539915514,77.34641894989767,1.3727833638037863,0
-86.89576198276139,14.359692632291859,1.2363366469378188,0
56.7954544334297,-60.4673261222135,1.0194891788532439,0
35.35083110839896,-30.61772713100748,0.946072783107872,1
31.06652417870796,37.82658730685344,1.0695076220763473,1
2.7375019315049114,31.405413725047875,1.1616708286615742,1
22.898421560280116,42.24165004787817,1.6246388498337216,0
-51.357680061845905,-22.863583149978005,1.4528291896709051,0
-11.901262162258428,-60.1538564489052,1.2072546754668008,0
18.039178253679697,-49.44039427587531,1.5057740482890996,0
-36.50201003337656,92.91948739507137,0.9219277296633691,0
80.21856517034311,37.476676858593905,1.4736463138389988,0
-22.400901347619044,0.2924399653736072,0.980277409921905,1
44.91685050579167,-31.708847674082154,0.9601677024140348,1
44.47571519716896,-5.2639193767251005,1.4455902359563306,0
57.16110680958313,39.04461732382083,1.6417392769415442,0
-49.05158204918539,8.303206159715188,0.937922032023567,1
-26.47910959201111,-14.128268457011096,1.0045389053184344,1
55.43826200725562,21.139231782721446,0.9152443378112981,1
-28.52334090840525,46.47184378321099,1.553587180534164,0
24.129983361374304,29.541351460136532,0.9833394290435357,1
70.13545912417538,2.1682334575558095,0.9332569682908254,1
-8.423135357337626,12.39916641364886,1.0255143526543011,1
35.36112283127942,-51.61046679413903,1.8443247848251312,0
19.645699102420465,4.292600920305588,0.9516184881431112,1
43.895835618835726,16.185656859045885,1.1499700384530374,0
-37.511529361783126,18.718328024841878,1.9176277074670829,0
-82.89662281134521,-15.557267098032417,1.2756534839253415,0
8.56908780170284,-20.837242757253975,1.113661853092867,1
43.94119365428143,-25.266813008280472,1.4559827085791204,0
-20.57524042092947,-33.37993319050281,0.9256279966217617,1
79.6815923656845,-22.114985483234193,1.323401973282515,0
-91.05953864665766,-16.750543445221673,1.3465133726271563,0
-72.00143984675535,57.43384901349285,1.4167787136716332,0
2.0964527387822938,3.8169112363699376,1.035157248553977,1
29.833889724658164,0.5464449638695456,1.0640792639364252,1
-15.584815563316221,38.38930349437779,1.2028544940979908,1
68.26345290524303,53.55399595532896,1.55769833023489,0
31.852083575489637,-35.492662736263235,0.9925943730143194,1
-51.00272359367049,9.729298603103462,1.1242740293157694,1
50.67865236673605,32.8905438606939,1.105747170498523,1
63.8493924399063,-2.19562069240826,1.026401304425703,1
-22.010362473225918,-39.97453177474808,1.4919428923604807,0
30.092872424692374,-88.03331833020555,1.010655695394474,0
-15.431430315697096,16.23041807823573,0.9953807437864058,1
-24.109206495996336,-10.584807577873638,1.0454517588297854,1
-18.146669430289176,14.65058262619855,1.0079005259756877,1
-5.5267110506783395,-64.52142037876796,1.0589309794214141,1
-17.51058894706514,-16.060325445314334,0.9696116745352928,1
5.021611976844096,-36.939345340478845,1.1069890894064789,1
-60.87217111754766,16.46163292770601,1.298828596819566,0
-26.405990382411318,-10.777284771071256,1.6490566745344246,0
51.65444694507454,6.141239272845951,1.0646590115144188,1
19.546251350220437,27.643750515658827,0.9883400686149535,1
-65.76318323371189,2.05185428766224,1.1241933291836474,1
10.850119531617057,46.7128083465163,0.9123871899169634,1
-32.421257815293075,31.003033923067647,1.164583431013983,1
-65.05953686804762,-18.473850384030484,0.9300041604585636,1
68.9986294772692,-40.06919021358673,0.9943899188944261,0
-33.587526803625195,-29.925782200375558,1.578734661461619,0
-11.793686032138845,4.737527439052585,1.0284305911663383,1
89.71358088324601,23.208893777045155,1.5155014940740776,0
8.127260136592048,11.52084918532325,1.0783119140217907,1
-69.84023401627441,24.907529622250042,1.5324448617435498,0
-18.411781493420566,0.4714848421329807,1.018095166051321,1
-32.91516253124833,-24.116897287293508,1.4869336500622472,0
-15.905153218789565,-46.34278226788029,0.992685672337922,1
30.51819924363243,3.977183529081189,1.3544846510702242,0
-52.5580969701306,-51.41168315629201,1.3330824519566176,0
30.28115939592277,-52.65554134295513,1.0444350949179126,1
-31.170386785457715,16.446266624106723,1.0909255726632738,1
-10.11914936084731,-39.097951892342245,1.0751982612677689,1
-37.81590565227405,-36.44865386611168,1.1337171026653747,1
-2.571800609771404,-48.80405250706558,1.0283951062763403,1
11.781152890765702,8.60086826732762,1.0986121766655,1
-0.46770015368115214,86.89746580845788,1.4108821139729126,0
57.22246715863399,50.77079161485298,1.3066306516778892,0
-11.079296973869033,-23.650037771143495,1.00534147086164,1
-12.443618934775316,-74.07086551534606,1.0389092941638824,1
-78.4657104836958,-22.223238571662733,1.842851792216211,0
-16.19162502160453,-7.5377893115689325,1.0206267963656686,1
67.39845977478069,-32.49664513182332,0.9574360977140308,1
-84.80116270636262,25.736323765874825,1.168155269185509,0
3.3839481707518506,0.6794281902289305,1.0085412078559406,1
36.09351897909053,58.147991444651595,1.339551842378565,0
-33.080120789027355,1.245941701213651,1.0127782684618185,1
-5.112202402207975,-57.59308280474543,1.0873002878471925,0
1.9389506947881008,-15.356784400165802,1.0035830780038177,1
50.84769179450004,-12.658472786886552,0.9873715112661764,1
-2.14495762357709,-46.73429373172742,1.1237320118193506,1
88.00122005639724,35.90048717777065,1.0539529065122568,0
1.2449587097334045,15.231944482174375,0.9803606381565647,1
-9.769882108502257,-29.190283074333866,0.9905254605531371,1
-26.13808242235911,-48.961365040163116,1.2898381097720424,0
-79.683108561403,33.235612168630134,1.3636851453063428,0
-42.50591687184456,7.6792568685146,1.4958882341682218,0
-7.203258094465919,-73.9983052231857,1.3961341608430864,0
-37.28609558513613,58.34177309203653,0.9431428380305934,1
-17.229383170037202,-52.56301192753183,1.2508148333349673,0
-22.058328816752805,-0.8146541892550752,0.9811045582576017,1
-27.781796710493598,-24.168074281233885,1.0148930364841424,1
-43.85939841584612,11.167688602500753,0.9802742365047717,1
80.99751498090973,39.4334404737367,1.1950883163952086,0
7.649945724935177,-87.77219025422532,1.5336922231358523,0
4.7625937217989005,-95.40070548978423,1.1295771896294262,0
80.22309877185269,-3.6741893393933287,1.234872838817565,0
-68.01951038770153,33.11661062427897,1.5650298320242777,0
-11.998833767246811,64.50609973056989,0.9748434870371362,1
42.2971912479545,-79.8332293650725,1.3833536236773758,0
-11.202241122577103,41.0430539158033,1.0248848190841169,1
-2.345487885547587,-17.72544279917635,1.0737469546785308,1
50.815405608812604,35.13601357370696,1.6751941963211385,0
-6.177048248197814,-25.442276987504655,1.121313755177545,1
-21.406605465348736,-27.961438403508797,0.9793188520275021,1
22.278298236771448,-48.24747871873935,1.5722122796374773,0
-59.724596356874635,27.405802469298948,1.0750227196732762,1
16.262597765545166,-24.56156975587754,1.1308409219585986,1
4.371854608400552,-14.722754895406203,1.0036232558170954,1
-28.38019277409423,9.038606660875299,1.4262357801233196,0
42.86931165874875,-78.2843882817496,1.0606401702377646,0
-13.71809292116239,-24.063631436457605,1.0365852412240675,1
-46.30513693481807,-57.674945698464825,1.124805528246306,1
-39.910768563397994,-28.910750995424305,1.1946174251996684,1
-16.56881289531092,-11.304893518585818,1.0000733970040063,1
20.39420615665055,23.569268637849834,1.10543620114796,1
-7.7515580432149465,-81.59075033923907,1.0071360981104585,0
-12.244219482552785,57.107588486290595,1.5664966275411234,0
57.69944959666234,-37.36442771871835,0.9126509598463944,1
-29.75837754788491,16.457581265624164,1.3587076017400348,0
-47.092612053173895,-27.97557152037642,1.5559238883362174,0
76.2754129466241,3.1140035873300462,1.3998958847779324,0
1.9301037714658817,45.11930894335801,0.9669752375997133,1
30.417934112647195,-29.55314735789949,1.0329516904523839,1
-18.29505902214086,-74.44353237387527,1.6336406272199693,0
-27.21084249238319,-60.03374717741246,0.9219029028889467,1
-18.062468449546902,-44.97186022132088,1.1030076599042389,1
-14.770440439554386,61.137730268579716,1.5719954671098264,0
-37.92308216591461,22.53348637430649,1.5584492856385124,0
-10.31895306389761,16.789767535815432,1.081046911283284,1
-81.15411186559366,29.210305297111248,1.2414384534054461,0
55.73860575547719,-75.4190250468368,0.9215486561005402,0
6.423234953741939,-3.4675024465728934,1.071075230055045,1
-7.838033797211538,-12.166788009939705,1.062686920227851,1
51.64618333537796,16.630514514378746,0.9229497988922135,1
11.038116652214383,-51.555972262856905,1.0361112549205582,1
-51.29093158922979,-40.07187109944195,1.0430680132025427,1
35.09939223503039,6.180817614024329,1.0044365499562808,1
-2.5484054125415074,60.104446949261025,1.149056093001501,1
-16.512413759131714,-16.37141591868372,0.9673634067326805,1
63.517707284374346,9.84801078199724,1.5775399646188641,0
-73.69808490014452,-7.58415734375534,1.3953480301530372,0
-16.858974107707592,49.77935878119474,1.105018635922423,1
12.070711674214465,-20.454951075566427,1.0763639046773659,1
-41.12798545990711,19.821645125543608,1.2761881842040264,0
-24.30884507201934,1.7927841355513074,0.988639157667019,1
-92.57813760970494,-22.70397549355171,1.2194031444902873,0
-25.4684656411202,41.720395827682985,1.3591413291007326,0
-39.30393134621408,-2.456495709138369,0.9296419665591042,1
29.846780955784837,2.4439625677652255,1.0677605260322132,1
-32.50904054636822,-34.147989802857715,1.07248954480437,1
-42.48177896994072,-65.21411227831653,1.1325490342952613,0
3.158351626035066,29.74365110677144,1.22591681561615,0
36.077542667010476,85.02125017794836,1.250482848401217,0
8.500927269308923,15.277467156587216,1.0822938335019086,1
-58.52217436937741,-0.778573933786906,1.1151721967829844,1
-9.78244666125729,-31.339449823083893,1.0002477326711026,1
-32.970805357172246,-80.78690058220222,0.9152511678540993,0
-1.997930183602951,-52.440137992500894,1.1209848333486705,1
40.94438029483371,-53.48587709557082,1.4947069988501878,0
-47.00792369510585,42.271260610630726,1.0957968319102602,1
-74.19886355490169,47.44194003612781,1.1379549400690183,0
-6.0934939723768,-36.757913198696016,0.9884318007379941,1
7.242636545032295,17.618558433353343,1.112554153833268,1
7.561661961803509,-41.19605590139768,1.0762597088702464,1
68.51902262058903,19.284101037127403,1.3752787073198676,0
22.434323057947452,29.578213640645806,0.9276339902183641,1
-55.179447543127054,79.46928689705136,0.998270816264714,0
-28.546639696855348,-30.166307197386146,0.9324116786905037,1
37.88898290291377,-41.10438193106111,1.303211480363166,0
-23.48339340992266,51.94755003962135,1.012849728653087,1
-85.3047967405233,5.908228757176026,1.3260267165289463,0
10.677272362130118,-59.29622001199219,1.2597756137857126,0
-3.3526153173189632,-51.49554461695062,0.9343598704811221,1
-11.815967172357805,44.90694182564623,1.4362591616014904,0
15.533722866610354,-41.07184152343913,0.9127770462242615,1
39.07833480149729,35.055196420714545,0.9962180405536575,1
39.85254112541174,36.517016455419785,1.5392809581734899,0
18.307556996054945,35.88452355596745,1.1757700724873106,1
56.33199435041276,57.934445997409,1.215347378039264,0
-65.96610076070583,-39.34013819906987,1.0122864054683534,1
40.662523871064096,4.085804087648519,1.0178798828742772,1
14.060138393516944,50.93315187012969,1.2206970140975901,0
-24.596289944816693,-7.363220556728564,0.9914887922723005,1
-24.991083898071086,18.187378581215494,1.1620935190535104,1
34.86056410762556,-81.33271507567412,1.2235046461330175,0
-42.12099589178016,2.5162691526103527,0.9556710112027046,1
33.08749322512921,2.1097454644810827,0.9352221150538854,1
13.347795562410077,35.44790151707339,0.9579722065320461,1
20.756810289540542,41.75464252856486,0.9675875081549334,1
11.256115887295698,-49.49574641744349,1.4021039350948317,0
-5.042179183200058,-53.285132591867466,0.9611444587651188,1
-16.3706698983639,20.154484960544977,1.054672453596361,1
11.288997827088144,34.17267985621947,1.1791090562719897,1
10.89748710027871,-63.52081613161432,1.441765522855782,0
15.062557177555384,22.240629054907792,1.035297683201655,1
-0.5550391179539951,72.35203469845622,0.9975879151736332,1
24.364426829413336,-47.08004928262492,1.5189116369291618,0
25.672886788770697,53.96269349625617,1.246199015613916,0
-35.05843077977858,-8.542750877895662,1.74483798185196,0
-11.87863287922358,-18.070933098404605,1.0760124595607652,1
-47.92962487433853,-46.65220854207467,1.233024236053787,0
-58.394797920922954,-7.529525701872354,1.0346745208215327,1
-61.68885908227911,10.826422415575378,1.366835669015737,0
8.080577990586768,-35.93713378997286,1.1337458265829774,1
34.4786719175494,56.875395551377395,0.9921912306254336,1
-39.2443989246916,39.59689352581159,1.1163306337825438,1
-49.98795232292975,52.966983618548895,0.9183205507248243,1
3.913125250951722,-35.75844490887491,1.2223294468815138,1
36.93098991289675,34.47256602816248,1.4533716296948815,0
41.73230390885661,56.61311664166601,1.481447053935391,0
38.80812877053708,38.79538320303895,1.296683028446055,0
-33.91468055575742,-2.0637906127795276,0.9705754782975685,1
4.9939747933032965,23.99614529060217,1.0590856251460963,1
-72.13767138025393,37.817466441984266,1.3741041488025931,0
-7.143890582698351,15.99684589809967,1.0344339289811548,1
22.48654448033561,20.48124186063081,1.0338556097806741,1
8.288584161446522,-56.09834078624179,1.3146730552690487,0
57.54329069810167,-32.89343168128681,1.2971963566579914,0
2.7247977726081314,-27.976756687409328,1.0910956414726858,1
20.665359675565014,-9.299590898881018,1.1484960279687706,1
30.337574559136954,29.04002580521033,0.9742763967313364,1
27.447579607209455,36.45890825450791,1.1605150332456167,1
27.339398807988545,-59.36883104561561,1.5401863630379402,0
-0.14099784044799377,11.326826515988833,0.9661473232388457,1
-16.28202513094873,70.26668848678844,1.3470836426695005,0
-30.374674560165644,12.161190080790398,1.376860968018181,0
-35.347636386088155,-47.86824461787,1.3155346811432898,0
-43.91268690135425,-12.471704405639535,1.285043833633636,1
47.76367768258506,-48.145876449211976,1.5591991848491344,0
-51.40537562762709,-45.81280943267258,1.085002915747191,0
-37.93960938530779,-8.773198961208502,0.9288085859663959,1
-90.98246796561625,-30.367638779084775,1.2815881640921871,0
-32.3089192913423,-7.417340939930832,1.1189586681973722,1
-12.998080488610757,-7.0872892990776455,1.1202212151251632,1
-47.95769684257252,-12.67321765909025,0.9392933955443749,1
-25.191614160041553,-41.23403511767996,1.01671833597617,1
67.22777032560344,34.22048920526241,1.1899053293667117,0
-62.931114565441824,9.46620795478295,1.0684316532687623,1
-2.692118766953697,0.9876115402046278,1.0536840731490789,1
-22.65574188887319,-75.90905958340879,1.2672979425763584,0
-22.856492030516897,-80.94430409999212,0.8271098761993828,1
-15.762835496237246,29.983130515778512,1.047035977031138,1
-15.808105705879424,23.45877113540534,1.0119612888848981,1
28.346182196228106,75.8491527441409,1.2119014113664255,0
-17.521331639670688,-12.006749435482487,0.9472719877363495,1
52.903782307350944,-7.269221996429901,1.0964676059681226,1
-65.27080982262366,-15.473953473927452,1.2886557123304223,0
-60.05945618535739,-26.721300132765084,1.141840123442194,1
63.06318649218078,58.62287354854874,1.2926309814272665,0
14.937225763823832,2.6661409830166067,1.031955709168496,1
7.09375801720572,-27.029808228104297,0.9667462693459583,1
-3.7926375633547433,-18.494557313255676,1.2102725476589535,0
-41.58771006601832,89.75617778728362,1.2316029798650854,0
-68.9495646439017,-40.55119500148736,1.2485661036097053,0
27.5311338830305,2.1828554558245057,1.046656814047039,1
19.29139683667935,66.22319084015517,0.9051016866242251,1
17.15183606437325,-46.00591264790342,1.0709687732227366,1
41.35199409530966,5.779989903854999,1.1131461700025274,1
0.6579899220906376,-23.708525764218223,1.0494720209740842,1
-15.808593693213863,-74.17936136603905,1.3171158169493937,0
-51.60557822577081,-69.16082307151005,1.4198520315358911,0
-17.86249927563373,-61.16283902855156,1.6606944751346844,0
-37.13390743989067,-18.78180757205657,0.9661320799023836,1
-22.454376084144513,-34.245555488008726,1.0413685603342315,1
50.45484627078687,-34.84929481244129,1.3900520124816118,0
-52.27184307183095,-6.564773015800855,1.061192417650161,1
19.37294918155386,92.23775666640125,1.1371279037916608,0
-27.43403026518442,-86.18736462123131,1.30953830408714,0
-46.33576090016423,26.84303984685728,0.9471423655049164,1
73.63220556728564,10.151844512255552,0.9167359923458195,1
-75.7199630644454,10.448682071093446,1.1116955582527424,1
62.388187306797995,6.982750193614938,1.0734852609461938,1
70.6451402066837,-39.5629496012593,1.089646292379406,0
-11.883696774727872,-39.479395325438254,0.9217584031308939,1
-5.511797061660845,34.76136388407725,1.2120544081668994,1
23.44700088089837,-7.374500383964393,1.0637022520887873,1
-6.391902100309051,36.972767050807256,1.0160861236059904,1
12.88128418907598,1.0165770224892359,0.9867910697930741,1
56.44091331710802,-2.1097454644810827,0.9326748307795881,1
-67.4834464096158,-2.8826225158256507,1.0120095776259355,1
58.46412042448875,75.95083672131932,0.9422360734984836,0
26.270554156513167,-18.456412969946097,1.021094685178001,1
43.32668993483403,19.77957583981552,1.3773922154368796,0
57.247533441380305,-54.731264288769964,0.9600504650674798,1
80.98658865253311,2.693018582231762,1.3827062789529065,0
-3.7401532413573113,6.827263853271268,1.0005462532734246,1
15.09825764086073,46.339201370345094,1.0882393580704546,1
76.1936663354242,1.0222343432479548,1.26845316352215,0
-18.19812127382107,-33.98987940399637,1.013504027587687,1
77.89619823010902,-15.57923964602181,1.3042353620655476,0
59.41673098673406,-45.31694694193469,1.2176906356648827,0
-12.656234725927064,51.54925807997841,1.6754325561633143,0
-23.060980126605205,13.053748784039907,1.0646611382095608,1
10.349736218147472,-8.911723155332854,0.9856130207711757,1
-17.75088601850531,-10.481664022075408,1.1616805232527574,1
-17.22489560023608,-20.745073568522212,1.0445574974233616,1
-56.95602112062327,-37.43791456568722,1.5721658938891263,0
-11.29961640642869,8.832566472976069,1.0009310811608572,1
11.371736939242641,-9.449988595358883,0.9480038251611308,1
-3.7959966542528254,-87.24611577529011,1.3173000055987456,0
9.892229440954472,-10.330889389014896,1.083262871532433,1
-1.5482860504412672,-73.12644900379317,1.5388900319895797,0
-19.832204182378124,-51.51121104366706,0.9885448854659404,1
63.196149919850974,45.90547872040136,1.540706200217302,0
45.82781509853433,10.729903685792916,1.201654454512342,0
11.723072479524248,-12.230511861949543,1.2137280865974565,1
32.10433791296838,-11.32160437375001,1.225420961758898,1
-10.091685433664406,27.908799209741566,1.0487658958193862,1
12.350515598860465,22.59904434456606,1.1336337748736307,1
21.07779481520598,-1.4818596564730242,1.0035253195790637,1
37.57505412235055,-53.3180722582969,1.3868462642985475,0
31.184434653468557,65.86825430612592,1.409528129198191,0
-3.154173912244018,-8.91941894389532,1.027603293827855,1
32.928740101069245,-2.1891220265110776,1.1048037349876707,1
-19.67703195585335,-44.877001543477,0.9469033202008715,1
64.5360371937689,44.43480660682415,1.1362221177744352,0
15.064835930532318,19.19575932712421,1.078571085834192,1
27.196916779746356,-28.650761179032322,0.9401029891944359,1
19.566349668402122,-39.37522376077828,1.4599635575382206,0
1.1118109282637363,23.21056923331706,1.0803054009513067,1
-41.5682522209641,-25.40646801215279,1.032714357740043,1
-50.703519710730404,-81.44453035655226,0.9461738465335734,0
-51.812006436622774,45.24464035708956,0.8890418601266407,1
17.090191576434147,-13.01942725843343,1.0387372535464447,1
17.19129225017762,34.75857874154986,1.012168435605587,1
-27.244662080215505,3.873337500560763,1.0038575420435478,1
-25.191614160041553,-73.02462067028269,0.9516092708094792,1
-85.29988271859169,-12.187633151516687,1.3352666296815703,0
-77.38608355598707,27.091800110165064,1.057919480462528,1
-72.82526408041404,23.510245040442904,1.3333804050463027,0
12.658472786886552,-25.09134902905632,1.082983661063737,1
-18.59082637017991,-22.559654471679004,1.0829287557453295,1
28.548852357375207,22.664439752011926,1.3425095667234184,0
-48.42908137945241,-41.56398924770792,1.5812580186746605,0
41.495364448439354,-46.289957680127166,1.5562814384414962,0
-30.18454669626602,-56.89029982760494,1.1239988579952658,1
21.80221679738834,-23.524161438221796,1.033488299777109,1
3.894914703657403,16.071343591576458,1.0730656476062161,1
28.059196906219434,6.692697493264783,1.0282925885570806,1
-32.711498983934554,-48.41210699503237,0.9959828468463549,1
12.525308159796781,-7.112557729265464,1.0964231446834505,1
25.001110411169602,-77.19663097381093,1.533041378295269,0
-35.671248523595,46.1026784972517,1.0669437581779497,1
34.29657274583358,8.286618178486,1.1191972392332927,1
-61.880027143135294,-61.508075850770695,1.443655108990599,0
35.96658527859621,-41.76360447147524,1.4379551457747288,0
6.066040424607032,29.409016232108225,1.4823589875069667,0
23.580210269207335,-12.46749158500989,1.2373730308153115,1
9.12134177712948,39.75790957817503,0.987294059017751,1
-73.80054285827802,66.86553796513225,1.0458168720406928,0
13.723789803604728,-64.40859683797937,1.3625118637810094,0
12.176428887919057,65.02772197071576,1.0418197069197146,1
-28.772511695228708,22.62232017854478,1.0829423550703006,1
16.908842469956497,-2.2723130228720216,1.044331512361694,1
-28.275856776217967,36.493238163486545,1.0102733537235962,1
-44.74331470216336,16.904074427042808,0.9716690704710396,1
1.3368684131365431,-33.906325128175325,1.0666978011150567,1
-18.53400946262163,-52.4687430445761,1.2492664966086486,0
16.407970914355435,80.5672104604314,1.3527881120239098,0
15.738044667147507,36.67435892287501,1.0070562851157328,1
60.17120743763415,-1.4756763229682475,1.0669294013214752,1
23.666748626307687,10.402507339718651,0.9501944635963567,1
15.877511202728474,35.46219369583227,1.1526336346015942,1
18.371856543890303,56.51582404715447,1.0779642090243382,1
28.998555852137386,-12.016149291512358,0.9642430606125666,1
-77.67093636017042,1.8799712059732503,1.705513755584759,0
18.359030637257057,20.081326838858356,1.0906247111562453,1
68.62591187434207,16.279158072464668,0.9352313360017899,1
11.432153107913239,-94.86816749239988,1.1745553101360366,0
-28.72017550048366,92.49136970789078,1.3343164802174894,0
-8.546535766162094,-20.834347563502142,1.2177587534805017,0
-99.03804900428693,-3.3839481707518506,0.9917774227175016,0
-48.27238345723595,54.84898448304411,1.0940199119724945,0
79.15574001531182,-50.04560083819404,1.42779212896458,0
49.27803312626854,14.09408716235704,0.938148045508977,1
-14.538443992859802,21.29067390764706,0.9916157150380666,1
-3.9498384933579382,-82.02751132648538,1.3072136514575217,0
-35.72981088156874,-12.072211793729055,1.7122494831626152,0
7.024527331525445,-6.570946977068396,1.0338275766128955,1
5.82039085369319,31.688794647885096,1.0405060234223513,1
9.24154266515271,-9.558169394579792,1.0366903479439418,1
-23.85474574690501,45.88920191342324,0.9941247042858068,1
9.409139838290818,-35.886561465133816,1.0635343933065522,1
21.925401559764804,-27.28806689882385,1.1156887434350977,1
-65.08328387275465,37.998505726347055,1.3918892772572085,0
7.747338130294699,10.086857853283641,1.0587638890622526,1
-17.701808875444126,1.529043247524916,1.0540953758991185,1
77.10581390324545,-7.2364430113001035,1.2731845156138388,0
-0.1703221776351841,6.93179126715266,1.168717992165627,1
7.43311692207886,81.2501059839687,1.3812287039027333,0
23.952623612866795,2.7035776390663053,1.1506798659296205,1
-42.9643049128072,59.53590295064548,1.3634058586988036,0
34.03396148744676,-30.73212700155353,1.0932588903183211,1
12.282478545691902,21.431671748095052,0.9495046259909429,1
-10.848809447152945,46.51629567690237,1.181697477221362,1
-55.49124764558116,-48.3351296078846,1.4256389884285445,0
-1.52968597272353,78.76597309128952,1.364743134586009,0
-21.353339614512834,44.96264467619357,0.9463154503534197,1
-21.927168034940717,20.953663565491,1.2223836959815728,1
8.555518084727392,7.170276143483927,0.9883336938622296,1
27.522778455448375,-5.201253669859326,0.998873641111442,1
72.45740363742267,59.57563925135922,1.3560990867845428,0
-51.867709287170136,-19.15342516070822,1.1824263229472478,0
39.779571797832354,42.16551056294407,1.486094955363144,0
-53.25372198941861,51.91550592667206,1.3016476320762351,0
-10.966498701510627,-41.97035717335282,0.9416608982488344,1
14.972673032353955,-34.72946134240013,1.6179042600872258,0
-49.278033126268525,16.509565317910546,1.1291754565861394,1
-52.165538684187624,-71.48936392861569,1.3597045073622347,0
-9.39121248409166,31.656986399434604,1.082863011145558,1
61.15463567003049,57.12511248137838,1.1872676747747242,0
-24.15315387483729,-28.116013813777712,1.0135338272856955,1
21.28127405161719,-42.48734925499546,0.984062330335255,1
-17.52618317826674,-38.484829913245946,1.1242477078389412,1
19.73639946762092,40.54801053725464,1.1585794497382598,1
-60.71923327700543,76.21173068459723,1.4093955075934292,0
43.334828338323085,33.606723367731334,1.014125676805802,1
-5.974130721203894,-14.190301176938824,1.1022524506526277,1
62.00771694368437,-7.331887703295676,1.0276969047580933,1
-4.55109696112691,95.3537062096349,0.8774423909284813,0
-42.10930040046094,28.039308249089572,1.3117267427444634,0
-85.07336366548171,18.269053520741462,1.4798853207684526,0
-11.315636211191364,-11.906484304497251,0.9553677012315341,1
8.015761286917837,-30.32475293113374,1.0324115220720989,1
4.574596601201576,-65.16935105912668,1.4808482615854548,0
25.692939814967755,-32.6738995598151,0.987646294096685,1
11.646537668609586,14.320274494882671,1.03566108163242,1
5.651572354080823,63.49056244917104,1.1906856212341994,1
33.66201242567464,-70.74005786401639,1.681898301262966,0
-57.84516421074539,33.29907421390183,1.5373717583958142,0
12.974785402494764,-53.48070468801998,1.1792034629704977,1
-53.676026371757466,-39.87817709640229,1.0084589191910793,1
61.85238598943199,-59.553754529078866,1.145909327040693,0
30.831527777961306,-30.25858417233135,0.9631534654634474,1
-18.353218898313855,6.5877324342645975,1.1248136326366633,1
-11.074283717319748,-10.452639905211283,1.049324289347044,1
-17.315016850912606,-27.785010336486696,1.0754527278353219,1
72.25356001623858,12.194746556079812,0.9223047154916979,1
-50.96945590044035,77.6313557850101,1.4560304698331696,0
-1.2077390777767676,-36.44865386611168,1.0319507104388133,1
59.238374744116086,-47.16799551396988,1.2149888491425693,0
-18.35353222684819,62.36741810109391,1.598038634094431,0
-11.133607253152684,-82.02941028729948,1.1695240194547585,0
-67.57713164138012,-13.23029736203675,1.0606000453574218,1
17.681370214127906,50.90383573096801,1.077350155467036,1
30.91508205378235,-41.69880577693444,1.2490483556171135,1
-20.491686145108428,-12.721138493752328,0.9695530295537779,1
15.754378585729054,-20.80941227290156,1.693991629964278,0
-76.16731825412836,-56.75234289062279,1.5235892061560943,0
-25.007303257495153,27.690869998570705,1.1262216149621835,1
20.211779321107965,-42.437216689502826,0.9657003979985356,1
-15.64514402354595,-23.496092959182665,1.6301549071856012,0
19.042019459613506,-21.3146957619456,0.975592542494943,1
36.815685012263714,-47.64431915866963,1.3990062790650197,0
42.362017841263906,14.830883958233409,0.9482386479774592,1
-0.1921748343883729,81.05182526019341,1.2408253588617992,0
35.24258216856196,17.231540956213355,1.1593638935756005,1
-25.95195807001295,-5.85715473505444,1.0733509599688706,1
20.94173985805353,-43.41024421065504,1.01138470050311,1
-71.54816911074948,-6.764682715510574,1.4326478968049685,0
-5.006660159065614,14.835281551697696,0.9637000923230847,1
-32.22996249959755,-61.26067575394237,1.423983241293351,0
-8.34707215452122,18.445203203748978,1.139003625574802,1
17.783135037243266,15.38791246370698,0.9916227040551022,1
49.16500697861244,-45.95652278708477,0.984268047345168,1
41.68086885359243,13.835498237582838,1.032165786556341,1
-32.39518636832634,-37.46215638061617,1.1829595723964346,1
13.252901777727631,70.2464669477662,1.0776764275443933,1
-47.26187930191165,71.99394494493751,1.4114753388948782,0
45.161086081268515,62.094752647664606,1.415370652264372,0
25.836175716375237,18.02981908966727,1.0674748630133126,1
-13.989578836173349,-27.603163431152076,1.0921701219255089,1
5.237687220362689,-75.37664396538639,1.141080005496554,0
31.034445304955256,-24.726097480467217,1.1552009326556267,0
10.506950184494935,-5.326585083590876,1.0638593134126557,1
-80.3847310750298,20.963452504343238,1.2023121370348675,0
-7.768182907700803,-51.37878539896957,1.2609326126888758,0
-43.211486312111084,28.979407997261728,0.9629862764724992,1
-15.878526031989443,86.66827940836338,1.3597166127351803,0
2.858364822845344,1.8395417176727586,1.0957140344139338,1
-54.89515921441891,76.35321652329954,1.0301563191868772,0
18.755239622601966,-33.19665284354054,1.0959388380488746,1
34.21056099131192,54.1013935941191,1.2544935141839082,0
-29.828876468108906,57.27645607531836,0.8844105308888827,1
-0.15318283900522148,3.421083404450089,1.0552757842605613,1
-27.397447041716823,44.80598040902913,0.9854064456635212,1
31.45530366469418,-17.187690772771536,1.5270323848844272,0
-45.056643236492235,15.453363313100112,1.1636175811347858,1
8.842827524392709,71.1544234116881,1.3119374334391956,0
-4.084329600428149,-72.42435478593158,1.5849904186874688,0
-25.933158357953236,31.813290518858437,1.0592973851099485,1
33.61160640982479,4.910712665299831,1.0430855675638744,1
90.41077642206156,-27.119789755911565,1.3623174783875858,0
3.417369881080262,8.581024126820129,0.9911854779574214,1
-88.26041395106128,-26.888669248676877,1.2978613287993424,0
-53.34072414800813,40.381130432026296,1.440403389163274,0
27.209771283718833,-10.325380315883862,1.1634397351771488,1
-86.91152107889394,33.9958229555754,1.4456751806285966,0
64.96344945085342,-1.7964169301522075,0.9971586752879849,1
38.34802526634804,-13.356263901175714,1.1239212037450788,1
-5.163654245739867,62.49024288655083,1.0631854480761946,1
-24.573701143504607,23.745930876068314,1.203699786767143,1
-6.308347824488008,63.3759182102538,0.9477056235143407,1
-3.991323483450896,1.4654134528611915,1.0539901741944067,1
9.680008601736777,-7.5567470044022755,1.0006457403504116,1
-40.156184959588636,-16.20785842376404,1.2503918551624562,0
-8.829598097387704,64.48301236488248,1.1314008167266283,1
9.167760819252257,-8.46219137898576,1.0855096409961227,1
36.06246520370441,30.521497438730638,0.9814115499077395,1
25.701583360742347,-4.274233385534588,1.0730962518694105,1
-74.8751901924804,-24.28537162998265,1.4905307551401235,0
-35.17070456147795,8.776586296714767,1.156137336490166,1
71.0687409538694,26.095166212524816,1.1434288925733136,0
59.6159757983073,-59.118725961713835,1.6590457327016295,0
14.315632590670374,3.5649824350307435,0.9647460505419361,1
-42.84122618788453,22.793729317912916,1.8042663548193134,0
20.76147850414109,-90.2135516039697,1.4101186285862384,0
-44.980784749233656,3.502683194287014,1.0316172672012975,1
-56.58231286080516,-66.6538167232328,1.0276779476047764,0
-52.66371513080718,-66.92425033669703,1.4597875843617087,0
-17.674211146321458,-88.5174825318085,1.4929847531362184,0
15.720140179471548,-13.177702929488683,1.063991629668204,1
78.95879065087651,42.03928945090516,1.3206869816321245,0
-2.566973029390641,44.91970706222998,1.0871553785159953,1
33.678341318435095,-24.708192992791286,1.0738756691875233,1
-3.616043381365846,-1.889255014397817,1.0819300839948913,1
-21.90756784081484,-90.61461212791066,1.23320398115204,0
-1.3953564062112702,-2.957821364064569,1.1191285233223547,1
-59.094597117184044,42.8215663582796,1.4161239651963278,0
-20.602556241870964,27.17763502378765,0.9432207846462484,1
-66.24889984810008,25.577249279215557,1.4146567990141352,0
-35.41865752053602,-22.695012398509068,1.0401292501928903,1
-61.4321818990487,6.708528829736133,0.9803359154491018,1
-38.07568349164489,32.60287842536722,1.064892719139434,1
-19.77550663807099,27.886239555269878,1.0736150704775056,1
6.212857223549706,-38.058972636480696,1.1881711017510275,1
-10.148630886262424,-95.38684672768892,1.282530002095528,0
-12.583273938647633,-2.469028850511541,1.0571130636000292,1
9.780863527610158,-20.429020438242652,1.044793911274496,1
7.056703512276409,-1.2042714102031644,1.0031045872709403,1
12.763589456467843,-1.9446583872540484,1.129678681143896,1
1.7725442799176319,30.24067968465542,1.0510187460201916,1
6.293156137975107,-2.2749550553090554,1.1409762840087108,1
-13.653528253482502,32.9545659681412,1.0965099107509086,1
12.204569829047959,-58.136839293907926,1.126199325017478,1
-1.7709873679458217,-6.6534633115749084,1.0605084662110011,1
-8.952243837967847,33.55300990470354,0.9625924560223308,1
47.930313508479905,25.287104760979886,1.4726613638462382,0
10.232056617043757,-0.6166305555592352,1.0552905608611831,1
-54.86830248290501,-40.858040876485305,1.0090984660956952,1
61.83262158626528,51.407996938241084,1.0283152009635625,0
10.176910795001868,-79.52099156390089,1.311266138602752,0
7.655242750723066,2.611906662165492,1.0549848371196564,1
-15.773853642499372,79.1480666634507,1.5159492347315597,0
-40.56911898588309,-45.302688590817866,1.5543033242307145,0
-23.717716734558525,65.7288066173741,0.9982859633097634,1
41.98602360006926,68.32418810054386,1.0022776205934218,1
-25.291879291026788,65.32273283688387,0.969048349284483,1
1.5565352995692594,-17.493839587626344,1.0899284114850225,1
4.161740179497651,-56.970499977091336,1.3449564691304308,0
-32.07939272337544,35.021956350116184,1.0235050227048164,1
-23.257011312185316,93.00876349278256,1.3121936146328472,0
-70.34948661531696,-1.0508556997491612,0.9476095541875221,1
40.02528326080235,85.01090536284669,1.0470954908931946,0
6.151683557323571,14.454889717038759,1.0339179960862555,1
8.308428301954013,-73.75753698101718,1.2052167646990948,0
-66.74050624392515,-35.7591921422359,1.4596235681885352,0
-47.99103307538091,16.549195804465967,1.0374620640472436,1
25.066282746310005,41.86069218633771,0.9172494500840062,1
31.42869510221163,-8.810061141717776,1.0129835377149141,1
-47.02786450684899,56.37934700860832,1.6448566059563339,0
57.980699257238506,54.74993392549188,1.287504969968662,0
-43.794376855338754,-4.87002064785452,1.0684252035470543,1
-32.00128763945576,38.100749774391204,0.9388039486935684,1
-36.238524609300306,-26.35176158272476,1.6806098602198145,0
-11.820048846751364,32.91030053675011,1.0898965817781707,1
16.58552375047511,47.03270185965967,0.9473975189812082,1
-2.139277579210942,-21.941640948795847,1.1334653638725596,1
-11.107496541958621,19.457701981823142,0.9819505794713734,1
63.18022530109401,-24.868391040418086,1.1087358485079295,1
28.472027684667342,-44.36187126906734,0.9996964812346625,1
50.44171631315783,2.9828876468108847,1.0831888223313402,1
-3.874215171525277,72.53002637005818,1.7725185021171699,0
-16.853776951795272,21.339322285345496,1.012040977690214,1
65.98307272298197,-48.003889762523215,1.6806226766514611,0
61.60337393033617,32.6637536834654,1.1689047876250331,1
16.951877113690408,-51.08701241257566,1.1992086775215158,1
-9.642685643971129,51.589543177249276,1.0887941077159364,1
-46.45237943486632,44.83446482124085,0.9597360457280596,1
-55.33013294442841,57.23713641610847,1.197246616748397,0
9.128304633447884,62.27926834010274,1.0237552410912312,1
51.87085770915759,-26.931722773879596,1.3938956927413502,0
-15.165101061517552,28.4213082831238,1.0544790340571486,1
9.24667319086103,25.344796999046775,0.963888850557891,1
4.834211672502656,-23.47278334315172,0.9634037245055174,1
-7.543094344954404,-32.87860753557661,1.0650244633269448,1
77.190958078242,29.993786223018834,1.0449620861082465,0
7.399775552400276,40.19482881215585,1.580447428768428,0
-38.30706456314929,-54.89323103882304,1.325073017283962,0
45.12527710591665,17.677697498707197,1.1775502697238767,1
-73.92274657184515,-0.23926906257842404,1.3016558454841731,0
-19.825572890646306,3.6346109982149506,1.0879034406459616,1
-62.367876301961324,55.65119064563826,1.4774118567551788,0
-1.3979273070057545,-29.96063513382668,1.1536851217702404,1
6.066968805449475,-9.427707455139924,1.08569745983599,1
-3.684743563707582,85.17164787442618,1.005745498858441,0
6.618692277537575,3.7241334365946375,1.197807359727809,1
22.223399459228496,-61.65999869217306,1.4608850473592103,0
15.44294419557305,70.38340392097926,1.4477007567514535,0
-24.897733603705497,35.1749095296926,1.0728607894025521,1
-27.587950790588778,75.38433873125271,1.0879829598816841,0
48.92938392079714,4.524464035708944,1.1127884007409288,0
-68.93227755235252,-17.421066508685453,0.8864080496056675,1
-13.05535559703647,39.34361962722909,1.0673656675413237,1
-43.86599480604251,24.658955651682465,0.9990136579699276,1
42.514447939045525,12.06907640879764,1.1033954379847188,1
-69.8006452046354,-27.447579607209455,1.4370333177528796,0
50.323137916239205,-51.047656499728454,1.3686019181293758,0
-41.79802647947193,-30.94119276497641,0.9522754509731856,1
52.16592738405574,-61.05884590464962,1.2810052443740676,0
-23.269865816157797,-13.870009786291545,0.9798296557227913,1
-25.721424227179472,-66.32595383498051,1.4836377227787296,0
-58.56557918798574,10.094550151692564,1.1402285407987205,1
13.470142894862292,4.326917855017812,1.0315258062265142,1
-11.50263863802893,-46.5815087702261,1.1175792194770446,1
44.84569811056379,-52.43972264398813,1.3732605970813285,0
16.542118931866796,43.74066339231096,1.4539142735972084,0
-23.938300022726054,19.426369128390252,1.0220342895234307,1
19.71160613895172,-4.308807568632955,1.1244995666755915,1
37.03543275767303,71.41801725802824,0.9445288632437225,1
70.71330290537979,54.51256858302787,1.3270042264623128,0
-14.654134528612,-61.913718383385714,1.2612254587852483,0
-3.0795718802609557,39.121305571919535,1.089607145304562,1
51.02993841493792,78.12157680714975,1.09177826667374,0
54.99633035562388,22.419222887618343,1.4512579327340571,0
0.21236711771178043,46.198551672713016,1.410141680460413,0
36.69878675102201,-17.77082859351769,1.1953552925609978,1
-6.988306758755731,-17.533432603755116,1.0863340900902931,1
-10.34610820353945,-53.084120285998004,1.1559646075970922,1
-8.09954261240142,-35.09279584483401,0.9683542538438469,1
37.6455988508398,-21.233780042203133,0.9485043836357238,1
6.261928782365232,10.077574044859075,1.064385483109007,1
80.97176662244243,-27.299228137894563,1.1058727123679952,0
-34.34817979854655,65.76950246465634,0.9389865985642399,1
16.46715519306199,61.96245837761465,1.1548712968653914,1
-12.599675333531021,-36.71591501772778,1.4510583530657741,0
76.8956427632956,-34.55772711698009,1.1494962169291107,0
31.713025387873202,47.76797948688478,1.3354517574530067,0
-87.60665819835346,-12.415405802679903,0.9751637260594761,0
-31.531909207637604,80.54386441277553,1.4271010724605624,0
30.970051972085656,17.26275314397191,0.9813002414197485,1
-21.29067390764706,12.478308879647448,1.112193078471705,1
-42.944440293310535,79.41219547114063,1.2460834876081432,0
46.60049837836723,-58.86778523754623,1.3338893231585751,0
-63.684024602343854,43.396002004549196,1.0414795740920595,1
21.004070454187403,38.9854421066139,1.0934628799408024,1
10.98358934883767,45.7117847173617,1.0564084302112224,1
-6.665614383171053,68.7493225001237,1.4641850871320812,0
28.245143149137487,11.758365360996322,1.0364444111427695,1
22.431474616726284,-64.94445984271228,1.494880929226626,0
85.55122301315603,12.076163756933822,1.2254158363956176,0
31.54933496569655,14.652381641706677,0.9920889508461936,1
-12.641761931722332,-3.7850086946928165,0.98122913220053,1
-33.53944589888842,-20.61132067639764,1.1056325305410883,1
-71.9402314819097,2.7015882515467577,0.9235167047182335,1
-65.58897740767577,65.77528086051996,1.2744884065379534,0
-40.37883252986468,-23.65814745085553,0.9916013000348572,1
30.190125837099856,-1.1279827235839501,0.9546715374701497,1
16.713312642907276,-14.280408729294853,0.970461709671994,1
76.93027851011031,-10.06364833222224,1.2035862156658266,0
-25.562966497023936,30.483384962040326,1.1121234694902784,1
-42.5200444064037,-12.080858445341137,1.0390980469301452,1
-22.78910736758753,-43.929624600706205,1.3157133822603704,0
14.022248509185793,32.669013758940814,1.294862592835452,0
26.191316495453215,61.959427487217205,1.479339533122471,0
-54.31082184390428,53.98528570434181,1.4101765298224334,0
-1.5736055279628074,2.6690949220607885,1.076981043399887,1
2.729779328348147,-77.75744319730336,1.1350732446812823,0
-63.16703252070121,-31.249299157066464,0.8666819354180162,1
-53.31726885179863,-23.578373911496982,1.1539502965281139,1
64.69993211941787,7.384912532182099,1.0024775963956367,1
18.86864433728485,15.61002758026455,1.1880938800415979,1
-28.620681639736752,-20.138251558385466,1.0580737529984583,1
-23.923555150522354,53.582865588288556,1.0588359646566468,1
-50.86838217968911,-13.410461269275853,1.3371302270921774,0
-31.969954786022875,-1.7337512232864325,1.0260519348866546,1
-51.055460448279604,-20.542958087089527,1.1714629988120182,0
-7.707881944490326,-19.760586231674395,1.071493197365702,1
-14.534646071231577,-50.060404981683654,1.1192962242469022,1
-16.434081625549496,16.340083065250834,1.0079099024574296,1
-28.63822803765918,-25.170725591086285,1.0896913463649733,1
-54.870092931672595,41.50976422788937,1.0128221638121093,1
19.407087372431548,37.10773934251816,0.9369088357906741,1
36.82692686028326,-67.24827910239587,1.2223547435622284,0
-31.234378750669865,59.702514155407655,1.0278590464553057,1
41.32176710729205,79.58962543332531,1.195056157285079,0
-68.87769774314684,-34.02747882811583,1.7036065139461627,0
74.32697753471052,-46.49795449440506,1.0707346081646187,0
-32.06395334632154,-35.11368441378927,1.061089626665203,1
53.421668269196644,78.86055792119504,0.9587258285720693,0
-13.595733793922495,-7.983066135509594,1.0619071519653351,1
67.66160983467418,28.55049604804709,1.273876952672176,0
23.105910256056138,-56.43460733402719,1.262436776053843,0
-6.856092521537013,-5.287128897786503,1.0751483422827168,1
-48.20505478488652,22.853535028015063,1.2943634894680458,0
3.286189668041245,95.0739038284792,1.4500383722067205,0
7.777641882322026,-37.776779893613416,1.2901208692827288,0
80.8457247131682,27.419728181935785,1.3025915624403448,0
-26.434484012879434,-64.22190525294175,0.9968733607087706,1
33.17104750095025,-10.360730201808144,1.080846480386217,1
58.73801317698781,-41.85876401074184,1.2946650458555424,0
-94.86585368168484,4.877898622431936,1.0453140633275688,0
-15.248655337338596,5.155298818157771,1.0598546884764213,1
46.71038061937378,41.803337132596155,1.3192187443286483,0
2.1584854587100217,0.835542758210343,1.0291441261108367,1
-68.78827975785244,-23.72763658262409,1.5211204463895454,0
-56.966813759040406,-44.595865980126234,1.4697305248412513,0
-17.183772365353708,34.78030285326334,1.4560419366280966,0
-45.97156255673254,32.912029245905025,1.0655173149402442,1
-3.2586167570203006,-13.786455510470502,0.9561500119029811,1
18.516067281287413,-37.658791631232575,0.9903550197510695,1
-35.24050786816046,-69.45598381687363,1.2414247981850721,0
9.446855310015582,23.977466089517165,1.1053501357628785,1
26.873840246571692,11.299323233531078,1.1864929011527408,0
-26.24797893292175,-2.148538521112282,0.9797885022149185,1
37.669052682649216,-37.67833649107375,1.0360309660190534,1
11.964329572373366,15.820680764113359,1.0660195797712222,1
-34.48231057149647,44.4320076422495,1.3341596180145296,0
-25.291879291026788,-14.325380589516161,0.9993877283883356,1
-0.729871174083724,-24.675543632911655,1.122821766972866,1
44.58347173972313,40.38759397566689,1.380865564887211,0
-93.96593979371869,33.33300544654853,1.2169419131670334,0
0.46501468459274653,-44.274786052699625,1.6540647911406774,0
4.031493808364869,55.3547077314346,0.9158149385318418,1
22.49832207772528,-87.66532396648313,0.9946903063773318,0
77.56315100983197,-37.945678703164035,1.1606670514610293,0
23.60408291944191,-69.99411314091147,1.3917770718235285,0
13.623144880456671,2.388892704155901,1.098426781196252,1
-1.2533141373155001,-23.33376026237388,1.1199451359262396,1
12.541496800737098,28.090947531031425,1.1035012466055696,1
21.449576235770984,-2.3812968608994503,1.0829537725535057,1
29.837520013883495,-35.06254343462294,1.2721590901416358,0
-9.018164906229263,-25.618880343217302,1.202922257215819,1
-54.25783564246485,0.887986399417145,1.1697635884863873,0
29.810971980432974,-59.698038033488665,1.2599729742305132,0
-48.57419942376922,51.653095662985784,1.1962072670974768,0
30.31140241097536,75.29284679922867,1.0753083275539732,0
28.169488550303182,88.55917694271324,1.2712380043969105,0
-26.991015171473098,42.13821174531472,1.0697461784651037,1
21.310256941042613,-78.19896895512899,1.2762908828529973,0
-76.78160494948273,42.01825167788593,1.3292172038933132,0
32.38563730823254,17.007472843371342,0.9986196527895251,1
-26.397929017207723,15.478429595846428,0.9881244596236982,1
13.683911626508333,-7.542672353662382,1.0106696730406048,1
-33.68796164017141,17.09183772037571,1.3899834851398913,0
13.04183946418305,-8.397204720013852,0.9982650177256994,1
-0.9539113156234609,61.71875840646995,1.0929716772741893,1
-87.1718349262236,49.224552189054705,1.401013786909799,0
6.231904550864514,61.415059354283585,1.2269776624281876,1
-50.16281790283108,-26.202909015668546,1.5002375326460191,0
24.049705723820768,39.68828101499085,0.9539539378551615,1
87.71089422561535,-6.2355480594162165,1.4847556281939351,0
65.05535915425655,60.20085572905452,1.1893566535345552,0
-23.253154960993577,81.18968981529812,0.979980369707768,1
0.38336667729649926,8.34559766730085,1.1227257758877305,1
-37.34040586441981,78.54603252832061,1.3250008618473121,0
-30.0838610684593,29.150358124803606,1.0635284692660956,1
-0.7519884823893002,-4.0447865340636575,1.0504818702758247,1
-56.06008172310269,23.790540882326766,1.5547199578188848,0
-12.173857987124572,28.249700655091385,1.11507056793359,1
-48.26434410668409,30.204870709303556,1.3321179895015225,0
-39.68448309336262,56.22822970592723,0.8769474476026674,1
-37.02289961629989,-28.324899503330304,1.0418229763435185,1
-43.217220429079184,-18.1140755022599,1.0913257263428682,1
22.77993392611627,51.18838770526762,1.3773615682684377,0
33.42171032841335,3.853940972245163,1.0129437311717429,1
21.471250089273433,37.50047826651903,0.9799767332347358,1
20.091922153033664,-44.10369231484372,1.0700647781079637,1
-47.81323022952042,-83.07782868643588,1.3592002720715008,0
-20.03910048441117,22.016551678842298,1.0775635517988207,1
-55.91052530537451,55.173068001388856,1.3539923152079132,0
-41.82622604756152,61.53459085684776,1.426592393823429,0
-51.37543534545787,-7.6765490910574385,0.9997177808666905,1
-32.25954631017534,52.92023996773994,1.3807536614157687,0
-42.46185811999921,72.00183505815063,1.2474831642998832,0
-29.56428792800897,-14.608072556044009,1.1431494793362844,1
0.898208465076118,-69.9662617156378,1.0152251461642412,1
41.72061590040246,4.342364863993128,0.950956268101063,1
-24.855359147591045,15.862065996414946,1.2049441630166362,1
2.848441221171594,-44.44707681516152,1.231282556983167,1
33.62300017470946,-20.098601256586736,1.013857255000977,1
-92.01687084386367,-1.9780566601979503,1.2363421092282119,0
7.066098670727055,-10.938407177743219,1.1171684312042658,1
1.8972582975224335,38.74469393459814,1.0532933961278697,1
-40.69928775242535,40.064275256185496,1.043675524313171,1
-5.138587962993551,-15.144212492562284,0.9629994841911355,1
32.210173329008356,57.4789145128847,1.0166625632195214,1
47.69429980729712,-13.832030570009234,1.1866323828045158,1
2.1208041186338846,-38.36861495275865,1.2699083109404077,0
2.425531477510574,16.057165829842102,1.1392082728418247,1
-45.19277908244201,-25.433633441730063,1.0237954926700263,1
-76.79349048172718,5.922575955271764,1.5096864921437918,0
11.54072119911742,-33.01587527442545,1.579439078812274,0
0.9441633167776731,-15.039769647786002,1.0986065134620933,1
18.401436678318923,93.77853403900048,1.3620561538922669,0
-68.45256076186278,-21.051355734013107,1.5014834576893126,0
-65.05759511375037,7.055629023732475,1.377344071631418,0
73.41840492033181,-43.72960473815818,1.2753323492805422,0
-10.254575179248636,-72.08199980236016,1.2950888429764458,0
64.9622726300672,73.12823206559045,1.2239926302818709,0
13.034467028081202,-21.41774603545822,0.9848968150984658,1
-4.854503425202039,36.32104369940319,0.9801695883238638,1
-19.937153757937704,44.69601982905712,1.243263158993315,0
-58.00565702793829,15.415763888980653,1.2187533763652396,1
-11.484315331927808,79.47198980815622,1.4880834670353167,0
41.72342444748887,51.46346574319791,0.9633442519719694,1
59.343516203238714,16.67271082089708,1.4011671694497756,0
11.611060257844308,-42.541062718023255,1.0264610364376074,1
48.373105261388645,53.49241146842349,1.266427494734822,0
-7.122647970201465,53.550501843366845,1.3233330891992798,0
-48.98309738382493,-11.79189558337125,1.1232903465920732,1
45.00487591342922,-2.0870404982253787,1.0010998393551096,1
40.81474456992351,48.685557352264844,1.2878636134338561,0
-26.953216808601688,-4.31000806110164,1.1338597425725003,1
8.093770770979571,-28.08083306606359,1.0193696475403726,1
53.97884732291491,62.908014265656014,1.1409284319390585,0
-26.429828127027946,26.09460434572189,1.4951042627697761,0
-27.77603434664385,55.409450188007,1.312012018060134,0
6.690769317668912,-31.969151379524607,1.0730011336022256,1
6.0396192076582045,49.336541648649366,1.1464710850434428,1
-37.494145731930516,-68.37580607538442,0.9571058644382875,1
-12.969294692940798,36.80231632813236,1.0493016981209,1
-23.412453004243687,84.50879260242361,1.4628402091289725,0
-25.191614160041553,-21.871860128030253,1.1548817986599191,1
-53.57619528895831,-7.525852986451645,1.006584648382763,1
9.547974973367182,15.860120719483415,1.0493801273674277,1
-58.14413509345986,-19.310678592638055,1.0604265710853245,1
26.333269401487115,-34.5299438595305,1.6527601794989566,0
-87.76366678258859,21.4647261868814,1.4410318310693844,0
-65.06899169399578,17.720102864255477,1.2965914053021406,0
54.48435069163216,52.2040152473498,1.3554299011932853,0
43.03771763703399,73.85834703119257,1.1311810241458105,0
11.029164408376403,71.93750688595902,1.5179206352986503,0
-18.14297545177918,-21.551989905277345,1.0444905439838807,1
-12.334699968080058,-12.81513705405099,1.0492578652515823,1
17.375213552442215,-75.56261502512646,1.4118118757442093,0
-5.9845750056815135,17.922392163611654,0.9961798567305095,1
-28.33629326821498,3.589035938676218,0.9779773218930332,1
13.013184335183398,-82.83460550193331,1.2014371162531545,0
-26.144132904401324,-39.02820223600469,0.9405924299097904,1
-10.643143654083238,26.84598882129802,1.0825704574589452,1
11.688803428016143,-35.28409116052954,1.150235145358069,1
1.1094151067348454,1.4436322100189598,1.0680769344731664,1
-8.942764991551176,-32.165938712397235,0.9911765789124809,1
-2.3645860057352306,-26.84598882129802,1.2441234407045956,1
-11.04212972703829,-75.95948026709391,1.6536110719400938,0
27.569330123405813,-2.5710844302643716,1.4509741170526769,0
29.343898388886828,-48.55774903312357,1.0050868152581989,1
5.477446970489963,-82.32881310899153,1.231237031335196,0
50.639588029988545,23.607880841070138,1.2149653356203338,1
-13.07261137139081,18.500006505157067,1.0090294524878223,1
44.084429555688935,-0.8271873306282187,1.129762161232436,1
-10.60737599677985,93.90215151886899,1.4987889148627502,0
13.597396259248322,66.39803388147557,1.3041556526564606,0
51.255326073965136,-59.349646544127744,1.1477376591303217,0
34.84872940756729,14.14925697127235,1.3062279634755474,0
-19.46055042304431,-23.67624343037828,0.993236087064475,1
56.37653543245904,34.071653014922845,1.2945665728409217,0
66.9697710251414,-29.17776448945475,1.4381683721870029,0
-67.97936093048882,-42.22077132737597,1.3045027002355445,0
-51.112789075804656,85.85465696219035,1.4132454253626334,0
0.9399856029866251,-90.46540806394454,1.3818878327019906,0
37.14754113234115,-78.39422437434264,1.540773672118812,0
44.979653939485715,5.940709010875483,1.1342681137437525,1
71.00134527728916,-50.367836742958175,1.1784441716252667,0
-1.593499403158287,24.412768946138343,1.07108405349307,1
-11.897532060659271,-33.23968137037467,1.0719134446281868,1
32.15264415549223,-72.9490466317817,1.2256153080716206,0
89.96706649029768,18.17566606219415,1.4462066763191146,0
-43.33333629768342,46.35695665395706,0.967679437403504,1
-60.959271463430056,67.14871512617276,1.069619065455763,0
-15.97158146292058,7.8086919946657085,1.0363854444976068,1
22.645819818619444,1.5509762449279314,1.131135438248781,1
-36.57225144605644,-56.75060905683599,1.5018040069621457,0
42.500203758967935,26.87555418043469,1.1400125744854055,1
-28.220901096191373,-56.84979594346628,1.1962923423053948,0
-35.67987457231338,22.31558803441229,1.006618251841028,1
63.07794151575949,-63.292363934432764,1.3372179536144058,0
68.84275511397283,29.385243051249596,1.273876952672176,0
71.57129816543232,29.795337075701877,1.3548078926671538,0
27.426691038254187,25.337834142728372,1.1188061038599315,1
-15.523190815036271,-14.921600029124837,1.6298107488652969,0
-33.49482031975674,79.98233052968418,1.1350763495762755,0
-55.64714769680821,-28.901424006495425,0.9852713093287369,1
55.450873973417295,-69.96094104241334,1.1090799687910713,0
-72.33771110831549,-28.81786973067441,1.5496412673859772,0
-41.043877110638995,0.2636281461249875,1.0532534680424825,1
-39.5629496012593,-24.091482861731276,1.0256621352327342,1
-39.121305571919535,-30.679339632715845,1.0789704930389696,1
19.48573664015782,-8.14654189255075,1.1229206954886972,1
36.08848429836797,6.893227755235251,1.1485007937353149,1
-30.639844439313055,10.107609895644428,1.1363099167104367,1
-23.986045323195206,-68.31158864625341,1.4552070179299925,0
18.601820353840584,10.468471241682634,1.1942669169837938,1
-40.89564030060477,56.11087392761495,0.914405909781164,1
-29.77516300508111,-3.7957513872983637,0.9641079598603586,1
-46.13724457195814,37.571912345719056,1.1629144316880708,1
-12.260361237386325,17.539025486315154,0.9861710765060335,1
11.291221000724178,10.698745226720485,0.9581089944583918,1
28.041254724885214,7.935457406266029,1.015158934625694,1
20.06441996193268,-18.161661226190077,1.0321673888711866,1
22.058328816752805,-19.480082591418046,0.9261127141577166,1
8.375407952408366,22.81576649104347,1.0246601829013156,1
79.43212967943546,29.65243904101109,1.5249969659913085,0
62.63895072127053,-13.787863728602325,1.4847279132677575,0
69.33884043104266,-12.46283350691536,1.1449357375228177,0
13.546236967485022,-37.484536990211076,0.979895320924501,1
27.240510314957326,-20.89765094176061,1.0264086320464605,1
-39.11268489266817,41.210825596618555,1.2774977634165268,0
83.26308293440331,8.894789138709251,1.28292736786065,0
34.449791200472134,48.018279034887776,1.528577170633722,0
79.54846467941677,48.314232686842615,1.1879817339140233,0
-12.19571064387776,-23.070621004584556,0.9722281635843025,1
-81.76362125473085,54.406798878154596,1.1259958979599998,0
-12.820666381127376,8.684729727986225,1.1240915350779201,1
-15.65323393605095,-8.924915935725627,1.010864774955552,1
12.476172548731565,-10.63038263741237,0.9838317753546859,1
54.54382033330259,-50.77155024131692,1.2649774640288904,0
3.8219484797926455,82.24775080280025,1.5262126295340794,0
22.145096718566943,-24.767415528950142,0.9620006248661781,1
-1.963525481794293,-0.4177713791051572,1.0460197517583103,1
-31.355640962656885,-5.469007144649469,1.043431988689311,1
27.247049345238985,-19.802363369584903,0.9542596366466721,1
-21.36900604122928,-34.13192167289211,0.951752300116046,1
-30.860714545542628,-43.555241574735504,1.4311047807191197,0
-37.63360541411906,-7.371765880392071,0.9274183221198543,1
60.98847765260278,-46.615913472034755,1.310991191252168,0
77.78463319591776,19.20209186171273,1.0830166392778033,0
-26.883588245417478,-55.31710830731513,1.3217669950586075,0
-78.74123423458778,58.638548420778235,1.4972029796332622,0
-13.67586896894265,-18.526931923963826,1.1618224753436608,1
-15.34335018326909,51.650468170035445,1.228022329595779,1
35.57291156820563,72.62859016963532,1.2899338452908224,0
61.79263549215353,-33.99880130124504,1.2989559704694376,0
36.095447154686404,-28.691941500686976,1.0994377601105125,1
-24.348475558574762,33.822391060191464,1.2287047567598295,1
-27.334377039968043,-23.016507689474665,1.0882402988699895,1
-37.813224766418834,14.280408729294853,0.9731269811652267,1
-16.408388685734536,-43.08894004090689,1.0618671954812344,1
6.905164080352539,-34.87197383016412,0.9991695770738677,1
22.19455861428711,12.603980867872824,1.0399899980617688,1
64.73135424023945,-0.023209521061402373,1.0222335013465231,1
-66.06923806992242,8.675283794230728,1.3448303339611603,0
-8.94660269801518,68.9958016935589,1.379903352196695,0
-22.861127331735975,38.639336119886245,1.1306835180517647,1
-78.18889768081128,52.37778824718236,1.2314935808367393,0
32.95287800297309,-77.10202896596466,1.1892223588813688,0
35.18231828321369,21.12729545760416,1.182632912390278,1
-21.932997403021254,-48.539066089461734,0.9357864569442258,1
-61.41976516456136,-14.880033532245795,1.2424882979283416,0
11.942293279849116,-29.02317452269181,1.0632188181612978,1
-8.307682281634165,0.6356093124957302,1.0949702294708223,1
19.60074326923414,-51.009885388740855,0.99430669668952,1
50.07247508877611,52.38681407110665,1.3863871210116245,0
-69.82653412600465,13.789842845976768,1.4125660411784178,0
67.73566095934414,50.86366540605404,1.4013333910270618,0
-10.282625117888466,-3.127836151387386,1.2196261842195046,1
-84.1398638388638,53.835152850824954,1.1051665297730977,0
11.118686846756088,52.983357808132894,1.3485245785436915,0
38.90470494052287,-5.270033104224195,1.5039374669466223,0
0.9164859629119595,34.755967670430465,1.1381769880377803,1
14.561653513921204,-30.71548017265432,1.0546061796606332,1
-46.46127212941046,-42.78692190245137,1.121729993605142,0
11.058654152783827,-7.59360918491155,1.1409728673028707,1
3.348139195399987,64.66504132292117,1.008777201448501,1
56.4304690326304,-36.98321133528488,0.9816751650430355,1
83.69631808992912,-42.038794721640436,1.4189319090117527,0
45.60164499014305,-38.18050612858402,1.093892649827781,1
30.253780529296368,68.39426953243172,1.445458471268628,0
-25.279346149653644,-55.81007853465922,0.9751609902822297,1
-43.39296979292666,-1.9446583872540484,1.1085082228340442,1
-18.975902597876853,-57.498056545974144,1.377944590931678,0
-29.73246768831541,33.28995166269554,1.0320308779851934,1
-45.836204629902475,-7.384526897062936,1.033784306535694,1
-7.417340939930832,-4.386599480604251,1.0318926699801878,1
-12.019282576855659,-43.753196533684104,0.9475578173189607,1
-37.41142699886768,45.620634598284205,0.8994559444985213,1
-40.13630480430708,-38.54589238178256,1.052719190801815,1
18.661847504627808,24.013498870964973,0.9896447526214147,1
-81.52860253077714,-54.39279776268501,1.5851482696761485,0
-75.36428570505566,-15.05982267398306,1.174130373353621,0
6.5370226846297905,-0.2572592176594869,1.0037475457427774,1
49.10969943861735,-19.62851656989274,1.0772021895083672,1
68.5273606772198,24.352857775838114,0.9805700130845879,1
-23.718205832758454,4.936834955523263,1.18674490530276,1
46.071294362552976,13.109132551155323,1.5504042400972804,0
22.911776062639078,34.979400756219746,1.0054828976590553,1
14.54414087530214,5.377857025571975,1.2025213190132682,1
42.73801208245856,21.208860345905624,1.0705419756355887,1
-12.345144252557677,-58.94157342918039,1.0637180592153994,1
18.80630844992889,62.144592040259624,0.9510980396882145,1
39.06653890373433,-28.273292450617305,0.9802287631208177,1
65.99012261500438,-9.127260205000136,1.441739289427661,0
-38.75247312579527,-5.815377597143932,1.029602331087795,1
81.66684441186176,25.509418816289404,1.1281095892131496,0
-51.09234026619582,70.85182709950413,1.3481186604416528,0
42.944440293310535,-64.19180113885918,1.2042008773883648,0
-30.5460506689061,26.514556860541262,1.1617830911391407,1
5.242195265011623,-62.61724538579881,1.4258621897595611,0
-14.77120233264697,30.706196364229754,1.0668661033653886,1
56.14847335173441,-31.8425345153958,1.340308943917826,0
-2.3651250655792366,33.18048104822036,1.095183536365745,1
16.10990710349384,-0.06105889386921156,1.1670583809805304,1
-9.669318569389095,50.08869949781398,1.1194706536934371,0
-11.428658289645718,63.23753144092521,1.3342522619101111,0
-6.763254437291432,49.46877319026402,1.083744340522656,1
-12.504218739216945,-20.57363360793291,1.0889778525556988,1
23.771911766565207,-32.763360258582104,1.6895084467331258,0
-46.779950175301046,-10.141400227777932,1.0294455896385102,1
4.54953031845526,-51.68040845220465,1.1889795072982383,1
-25.649346279756784,-17.061419843194923,1.0541812927977074,1
-22.034829176678137,-4.46493161418647,1.1431759339567054,1
4.452398472813326,-16.40588205745991,1.4764791589809794,0
52.4796810588654,-16.965315913297985,1.1987322273439314,1
-80.20709153164276,-0.5664979900666038,0.9244531613126288,1
11.541883828187277,92.46040203922983,1.1790585771449928,0
38.0626054310816,4.430193015815222,1.0460016819533142,1
33.31898771872747,-85.78124301953395,1.3678537978935252,0
-2.352649680617943,31.579935362815412,1.1031144338340562,1
22.16437847452565,10.421789095677356,1.054542440741275,1
83.82392825663761,26.634824378768492,1.4834472509269414,0
15.877923477115743,13.825621577261611,1.1511944018745142,1
60.78573565980176,16.935407280475697,0.9343686363603428,1
-10.208813336678988,-41.5416667695665,1.0058218336832236,1
-62.83480480493663,71.4965980650504,1.199232056706129,0
-52.59611109378079,63.41769534816431,1.2841600171550784,0
50.79965204957825,38.09670682556116,1.078055200229984,1
-61.60456756284788,-46.186018531339876,1.4466075279230681,0
60.781338066337504,22.575046048803934,1.2502985089637966,0
1.0384602852042635,-4.082223190113356,0.9466912516004516,1
67.14485877498102,-17.644734877806368,1.3222893913591527,0
57.01650943943069,-3.142569151713317,1.0475545835271394,1
39.820039680708625,-38.00755462059081,1.425737868043042,0
44.41745302646134,-23.637504629770323,0.9949274778162895,1
18.80472531628176,-9.339696951275105,1.0217896038106944,1
-14.358620660114523,6.141239272845951,1.203575010100939,0
18.173054991074753,72.94288279176212,0.8432819135441395,1
12.742027062707596,49.07528254088462,1.147409156668807,1
24.904819753845047,-53.11454984996256,1.6680817166833246,0
19.19750306853264,-17.257590751644297,0.9858501891200697,1
-9.351651639969491,9.920463440751156,1.0896213840525726,1
32.80619382986505,9.338582894264169,1.2141567834544376,1
-2.6720657407566386,25.61272771017955,1.0600928912147276,1
-7.690791297163284,50.09838419796595,0.9476841417291174,1
47.818754777576,27.004099220159368,1.0396646630126016,1
-55.26642396830293,-51.14704052074897,1.5761155013877146,0
7.983611054699742,47.04941271482389,1.0062063266919816,1
26.70210184761141,58.09355178562016,1.4446989761463707,0
-21.93942465500748,81.68073186704633,1.0946251718958644,0
18.32887242436264,-22.40044970288488,1.147266553863958,1
3.6606538893799447,45.17627776778144,1.4399403483843292,0
-20.366354731376877,23.51008435914325,1.0686082131000145,1
-82.57549716141553,-41.85621606441873,1.5814151715101221,0
-46.41022250479297,27.76090814153833,0.9951718436972959,1
33.86505954705555,83.31981229194372,1.480162980967553,0
38.58640900260096,-14.757773966890015,0.9694874355693265,1
-6.523971762090678,-79.22427762404979,1.4850114960700198,0
-46.56334479722152,1.651105146115636,1.036160793394594,1
-30.956859191692857,-34.54133762441518,1.0443580193137836,1
6.316703252070132,13.297662996917445,0.9998735114055456,1
21.486163667108784,-17.83520509318971,1.044553501448864,1
-0.6767896341503815,-27.633487870911257,1.7257553807896737,0
38.27979465115055,61.32287029007983,1.0338884601818747,1
2.8774003735868265,-58.15377597143921,1.2753590106706205,1
21.3146957619456,29.302484530436388,1.005810519385848,1
13.034467028081202,-11.575251282492445,1.066735657132332,1
-10.040438811160838,20.345466162421612,1.0456855604485578,1
25.943602642430854,12.17803570091562,0.9633104470465825,1
25.39610225612986,-43.47021139425867,1.1372547771055344,1
-20.977345373318183,-42.40588383606994,1.4644464044424137,0
-59.6916262912804,-2.4354942289995893,1.390665944939061,0
3.567767577558128,-61.66305555592261,1.0627130434537737,1
-10.026513098524001,45.11930894335801,0.967160018044587,1
-52.81244601564462,-80.59547146548852,1.190446673658699,0
-91.49889488034994,-8.299724731555973,0.9900657608599622,0
-9.238715640782837,26.695591124820155,1.1299700503854555,1
-43.88073967824621,-40.35671522155911,1.120794987658244,1
74.67623989110601,-57.385234283462715,1.0763533867732349,0
-13.938781382544239,64.72307022656831,1.3495508757190973,0
93.41817944430565,9.81248560738244,1.1633996780121836,0
-24.25435315300561,-77.27135755875173,1.3155075842770827,0
-83.03092222066343,14.399440061266642,1.248668677372733,0
4.862541558065822,88.77112981454279,1.3738449659802745,0
18.109055971296925,-0.9413189158986762,1.5793675242683822,0
16.810757015731824,6.184832808056923,1.0796339224487081,1
-82.65124691696757,-31.56905494338159,1.1559316155208088,0
-30.561368952806628,-72.82869194814003,1.1446682250414613,0
-57.839054865846656,-57.841840008374014,1.4764863865004336,0
20.546979415872354,58.374949054494884,1.0999532113514028,1
8.122439697602385,32.64883327706878,1.172803597142215,0
-3.787793837220172,5.514582204188201,1.0201345294446673,1
2.64240397284017,-55.87692195531606,1.0240939742313329,1
3.537131009757072,-52.65311947988784,0.9671250842985146,1
6.995539113383461,89.30502674361367,1.1279577564017096,0
-7.529343798514254,-57.728122113482996,1.6341597120048095,0
21.87928393999346,26.8746360015795,1.0598107718964696,1
-86.3383791161148,-46.31089268286543,1.1820368716286211,0
35.06554988532716,38.83639068107639,1.0112697600209022,1
-81.07650392001064,-6.48493160328505,1.5270258478765508,0
-87.28763278158225,30.35071089982755,1.148394759326448,0
39.90412956086185,-15.924052400225285,1.1312742963216784,1
1.4413112579128253,-22.613367934706798,1.0494720209740842,1
-10.81706509283071,15.473609156856766,1.0433898717138914,1
-14.019213850257671,57.59157505841483,1.1468639441982553,1
41.885758469084024,-17.356610353052083,1.1123678252625795,1
-67.63803887177772,-9.458685060801455,1.5526967163595997,0
5.21571498682834,3.3389574068482166,1.2010347232707201,1
-44.86573143185464,-19.274805558296293,1.173388974985663,1
-53.615398998976566,10.425503929394173,1.6592605209280444,0
9.290191042851145,7.739214797923214,0.9889862552149068,1
-23.911914461940476,-22.40793749716188,0.9485094484985922,1
22.950393585077354,26.16477572548653,0.9866144361476231,1
58.652902829633284,6.629372147379349,1.6536077619230811,0
46.04220389901759,-48.82228253088107,1.2375454702565791,0
53.64184507710341,-5.033195637810213,1.5152927699554863,0
52.694163685554315,-51.26494580966822,1.2622970296061762,0
2.8699627770648806,-63.6367088287255,1.557926092697401,0
31.7645505246295,44.316259514633636,1.061840495182845,1
-73.50815304553095,3.4555661214556057,1.1860241585066689,0
52.83201132683799,25.413354353566596,1.038808842279878,1
15.633731565035509,6.566276241152937,1.0468863594713356,1
-15.657142908019186,-26.184981661469386,1.0388355091012857,1
-72.50123876242236,46.512874900801684,1.4297255635687283,0
-66.39431642428862,3.2429503303038567,0.9303572827892993,1
-21.055677506900402,47.741627753741206,1.0475917217354085,1
41.74832609126805,-58.0759840594679,1.2563210420902957,0
12.60520693605065,-78.99325678965269,1.4050253754295696,0
88.28702873003904,-12.296802135832642,1.738407247834785,0
-82.20000026710076,-8.961196081805827,1.3162051152937395,0
28.36966072252015,-28.790416182904643,1.0370423987204773,1
-85.3857855470304,-38.331359575657245,1.1082008442383464,0
55.19788278297051,-21.58592579576466,1.346456535593664,0
-22.322917356852738,40.287086658374896,0.9767226884747915,1
24.29709191301636,86.24521499821073,1.1265480815092095,0
-74.99875773630596,-11.290821219500176,1.2626590751596887,0
-16.616306904724972,2.4868391040418114,1.1276912534040495,1
-25.25910030589699,-26.242469859790717,1.0159397000030608,1
-81.5115936568823,-37.62185184613274,1.446648126873405,0
28.57011313889204,24.65759335370711,1.0158190726486807,1
26.90560592620815,34.68970291958929,1.1561789565140206,1
-38.36707902857075,-7.97421119866987,0.9712398090240318,1
-4.7834822907541685,53.307627973819265,0.910312994861596,1
14.442602323535677,16.31520109340708,0.9922731024159618,1
48.543542211380725,66.04517891460789,1.2281985666271467,0
-2.219103266658626,-42.73801208245856,0.9456864512951855,1
64.95853449345219,-12.002325973821376,1.1188342779178768,1
-2.5842143878933994,-15.523190815036271,1.052966748902511,1
46.924081301092336,-5.55218162830766,0.9515391189060185,1
-68.81176657761064,38.833456500821804,1.2021892471445832,0
-36.115236325275596,-28.555773160204215,1.0089837920356783,1
47.14251605073874,11.38725416189512,0.9505206768301401,1
-33.50990650844666,47.73270101487145,1.0646770050705405,1
-70.07882789278558,-31.94094288469615,0.9806927677509275,1
46.98734382421397,4.267236229431345,1.0067668329658823,1
-12.466475727553103,2.0079692455288742,1.2063143733867532,0
42.30352984818918,-51.70505696357185,1.3760464567453463,0
-11.242965055330227,-50.65600845585177,0.9599654759587638,1
-37.78552227924822,-30.5390878125877,1.1191838693405571,1
38.52374329573519,-29.249218679600485,0.9745725289393702,1
16.34564211989216,45.657021137754654,1.061225887511497,1
-38.82140540334762,67.72074055294752,1.3358737722962535,0
-73.07138715267673,15.679118505176067,1.4397230629915674,0
-23.060980126605205,-60.03374717741246,0.9236266206577075,1
-33.632115186617206,21.21063270933214,1.6510131469925555,0
34.57643042026003,44.88368588554268,1.0026013999403103,1
-46.99190771322941,18.1140755022599,1.1329855610297863,1
30.5595822576004,-58.402074055247,1.2177251235136977,0
-16.113260452356226,10.249929966480252,1.052841836393124,1
28.138084754560644,-13.486133066245841,1.2867396287624686,0
92.19715505353594,1.2813734090464337,1.2112675148642775,0
54.79521137815199,73.41406544844908,1.325742600528207,0
16.846967774818363,-26.71984881780046,1.1190583604813786,1
67.87237609054866,-26.64298287708097,1.4264005711368948,0
38.24225298344297,-27.762929615953354,1.1104305873577522,1
-67.26583394014412,-1.5271864858400026,0.9847885795930761,1
-8.03314680393649,-14.824915795674766,1.1866652679527123,1
28.060310963230368,-18.09646357157214,1.1186228935836062,1
-34.4691956399258,13.838422194212862,1.5069053607911094,0
-31.10371216131769,-29.470605861179315,1.5976242146701243,0
40.70700045480883,29.896362613964342,1.143200286822608,1
-66.09978760201948,-13.683911626508333,1.249155744378848,0
-69.70299371725342,43.65710911648991,1.463247268466384,0
43.03880747541429,-34.68337989331094,0.9817573121626607,1
-47.114970685083456,-15.473609156856766,1.1396655888285134,1
-48.83339839906126,-53.644901940852954,1.1246558403345233,0
29.503014792406887,-11.054230691122717,0.9635737425640264,1
-59.18829120003692,54.16228908327678,1.264825202784458,0
31.77423797689861,-1.912666357381493,1.060130927369488,1
1.2230617271044295,68.89338159636685,1.2907824547103426,0
13.29725870203444,6.27869953306764,1.0950830010706205,1
-61.47756506359991,-72.62370545812577,1.2786420060357973,0
61.13881985762612,8.267830357452254,1.5106754795407988,0
-63.76981693912438,13.995341200023095,0.9985543119108029,1
-18.571836762038785,-31.275884608464068,1.0316883385368634,1
47.99148717470604,-11.32160437375001,1.0597774802814324,1
-42.00219539538947,-7.936308553388143,1.0677299901094852,1
-20.43830424666722,77.75653745989608,1.5822978854856082,0
60.70597930560894,-18.446505348307234,0.9310413444799451,1
-88.29028409143466,36.24609804593947,1.4456751806285966,0
13.347795562410077,10.590504460315977,1.0362838407447446,1
13.897042051998353,22.294246772012205,1.1267876841406337,1
-90.52253190557728,1.9925136999362778,1.11585893750498,0
17.098785730518596,-35.21812725856556,0.932388366388269,1
-45.352067283145175,28.208520333436734,1.0666138707702635,1
-25.891835319367836,38.74375441875308,1.5497359702932947,0
57.33052060673198,-30.44570362196419,1.2687849155472795,0
-33.41989393111288,3.3730497869490934,1.0293281517827002,1
-14.925150320698162,-64.60780817428184,1.6766206294600363,0
76.18021685588461,5.50275848591165,1.209672726595383,0
-16.556279753937748,22.735118450903187,1.0069281800997543,1
-28.951556571988053,35.57621701208427,0.9912836005217067,1
-14.206684368276276,23.554933345429554,1.0189500471508306,1
8.719485498180706,19.318942202334636,0.9345998488765854,1
-66.94332250835183,22.074676392456926,0.9862095779725017,1
-15.361271969966923,20.167459226976796,0.9935656465741916,1
8.801050386482173,38.54637257877006,1.0021909277906778,1
90.54950489999817,-24.911653080017818,1.2678172284771743,0
-39.1350267680824,-35.55781052942675,1.6170412753356171,0
-1.7546397922417003,55.145822041882006,0.9443168243460023,1
61.13039704756352,49.280311879245474,1.0688839028135937,0
-48.93823084411936,-27.211661651950052,1.072138904812322,1
82.007457332665,-20.357174404893346,1.8367121092396943,0
-25.80036674102337,-13.052371515757134,1.0924192653511975,1
-68.41439869183912,70.59942182934768,1.0586653443382812,0
5.639913617919751,18.66272190983988,1.2142671120703232,1
-6.391902100309051,-16.919740853759254,0.9395224321183631,1
-34.05808301053866,85.29822843846074,1.0416096863615698,0
49.48919756879804,-42.420505834338634,1.041434107524326,1
-9.102774160280347,21.22742796275476,1.0980263463864774,1
-0.915299112403132,-12.909135614349653,1.1087032268655403,1
-9.058043083325659,19.654244426083974,1.039025625406797,1
30.497310674677163,61.27661703025034,0.9819939881971353,1
35.303352619903016,24.219042389484727,1.2460191778550669,0
0.2636281461249875,62.34157389922791,1.0305369678775567,1
49.402694318536284,12.938625358757077,0.9511991798052986,1
-57.520344231768945,-14.026956331414834,1.0776264223803,0
35.95803560469157,-61.99374928612995,1.4583594925228978,0
3.477946731050513,42.24713071200998,1.044470638079622,1
23.74019553005361,78.64748359096266,1.26262091828517,0
-42.81858227700026,-29.533452421455962,1.0745197617116862,1
-4.7672356260111695,21.00461656056533,1.035466392598805,1
75.25140657372067,57.10260927562619,1.163088515319538,0
46.54893676439756,39.598353955420755,1.3177507835877464,0
-77.21431286515359,39.30325387911283,1.0831128866526711,0
23.882597172178713,-17.801702654092374,1.0952901742352004,1
62.73406945508312,-20.656895735936374,1.31255694240916,0
82.47186815698814,-31.116371900078462,0.9543463923572598,0
-56.09973335750547,-21.494337454960828,1.1190832205869494,1
83.35298597473721,-38.697023470023126,1.1653712417963034,0
64.8433401793607,25.818271228699306,0.8530839425382547,1
-9.399856029866251,22.935648712873654,1.1447890601274382,1
-17.865423339188215,23.562305781531403,1.0568674827091773,1
50.10364285868195,31.998074013462663,0.9370040060594441,1
73.9308849753342,13.156543080417139,1.3984732604906696,0
-36.13722429259691,1.4407144416569695,1.6361467298111432,0
-3.3212824638860754,27.424792077440074,1.2029728642814597,1
12.691527225672898,60.11087420124725,1.535851919809194,0
-27.240510314957326,7.623419470019066,1.0370524989529926,1
55.466792735584754,17.922392163611654,1.1605322361720583,1
4.669957459475594,30.22666747690904,1.0477141406962533,1
-34.716801603639354,34.716801603639354,0.9179900370730057,1
-35.67262579187777,-0.6156389223956251,1.5457278248671338,0
0.5067748468275644,66.59457422666404,1.1736108950913322,0
1.6830218415379452,57.83149519327235,0.9090091566092015,1
-6.186000492035794,23.52649680617954,1.085408427336471,1
34.02747882811583,27.58683673357784,1.140922443817906,1
51.80546740634113,-40.40575794867144,0.9992276857938472,1
-34.16230504591795,-57.19290179949733,1.0710476747254276,1
-34.581197123208504,88.69149404180033,1.1755365679523577,0
38.070908961597986,3.03779474235042,1.0519790117819876,1
-28.281033508524274,26.946253952283254,1.1750060322854596,1
-87.99518558092127,-44.223189335177416,1.5695396107915467,0
2.197976285590619,-68.6909678154664,1.3404411742342932,0
-70.24434078985468,-35.629370959872205,1.2932861980563768,0
-14.70555254450186,37.22342987827036,1.0531718874170224,1
-11.367559225451593,-20.99301180003463,1.0046995324242967,1
19.16251352053435,21.840647940271694,1.470608060305746,0
6.467100948547969,-65.44806425061543,1.0597317211820663,1
68.3132163269512,0.8241489933256385,1.0701837064904176,1
-3.7029735875230636,-12.658472786886552,0.9623293012122971,1
51.029167144699564,9.496264809659746,0.9059298829782362,1
-37.39053842991241,25.382595361918217,1.0034929074851278,1
60.78573565980176,50.86294511057283,1.0150543721097824,1
-13.490673374064057,31.498290899013142,1.0668661033653886,1
65.26128001466712,56.19294578886495,1.2205121443345837,0
-35.89551370897179,-36.79073809276858,1.4847965763820392,0
-12.388528203464748,32.036637525380044,0.9612720290378045,1
5.832731177506738,54.461319705348146,0.9123043212915052,1
22.06154244274593,48.11119474294963,1.130178023245132,1
-16.05454980412854,92.78163270081748,1.2078200474193344,0
4.422408455956114,-7.0364636566427325,1.0239220642456943,1
37.678859522534296,-55.91016714252653,1.3597459996724388,0
-43.87992051867934,27.828215752616373,1.0462720188119146,1
-10.757613011958034,38.25741404155564,1.0438321283725422,1
-26.325046075526867,-40.44935148388242,1.0278250264048856,1
-40.92369066463042,-18.017882764549984,1.0022795653493626,1
7.774345572984327,8.207308638602413,1.108259462986151,1
26.974105377556924,45.49530318455266,1.633448228610053,0
21.55518676452614,-73.86379622309393,1.3317036256937724,0
11.451577691693856,20.21549284447779,1.054363562857433,1
13.239276899301066,-15.11619124152474,1.1757679290719896,1
3.6442518761943026,-32.118584988204525,1.2889952022999822,0
47.89450453312804,-17.1226583807532,1.0176029514299982,1
24.450069962129874,4.940146557918606,1.0556984775273655,1
8.404800563270301,-23.81676653062273,1.1034684880561973,1
-6.5311592266774365,-35.37131009757078,0.9626745135309182,1
-71.00240676536673,63.486843714361015,1.1644109912158056,0
28.80115887551019,6.0075524315323054,0.9828690317219878,1
26.570259711088603,29.145250575027717,1.0222626613746082,1
-9.32967043817659,-42.497375768093974,1.0084163372955477,1
44.21468913533525,-21.702189056941375,1.600065070028885,0
12.797729913254939,-68.07883030646623,1.3088479606837224,0
-72.75488567116479,-61.039382568544184,1.3411348245058996,0
12.076935027172148,10.302242208733418,1.0575413524763695,1
-20.520170557320146,18.697168175770333,0.9741195653878142,1
26.38708302948094,-5.138587962993551,0.9754668450419947,1
-1.2282478545691844,-15.576188098557033,1.0743476370626335,1
32.40299088859534,1.2725958932742045,1.0585116230343241,1
-61.87194124547519,-55.93958766218183,1.0571251511738917,0
-12.231417599356828,41.772496006304394,1.0618327260115887,1
12.898691329872033,15.07110250121889,1.028666270894001,1
17.998680850230866,63.25240319382269,1.370843383939711,0
-59.35581816677362,11.45643059155215,1.1816873137103712,0
62.83370429269177,3.1412852207609716,1.550235180275315,0
-38.881660890718564,-58.10557158154246,1.34295727801259,0
-25.13591130949421,-9.483410305687295,0.9927893383608001,1
-26.678880269655934,19.626899390360723,0.9842530646444894,1
-40.968627418013156,11.747976928307352,1.4123662355481583,0
81.98725335722614,51.0736904720951,1.0582785434184603,0
36.733497988228834,14.61820034705262,1.0183217144710592,1
-43.815862240549876,26.21933175264027,1.1675648559254856,1
47.45882866634695,47.935088038526835,1.051080806698586,1
-16.729333513667097,64.26127217135745,1.6167026554250457,0
-28.039143880022372,70.9776862244514,1.1849961998139693,0
37.00409990424014,-7.6765490910574385,0.9277820419630307,1
15.130526878419186,14.741567318562648,1.1013712728664797,1
-2.441455939490597,20.14827807148398,1.0731864449690423,1
8.007284766182366,-44.33668389316765,1.2149390504964968,1
27.023380976118045,-27.64039716679644,0.914018600751723,1
24.82221630904329,25.31034918357672,0.9990603653099438,1
56.613412467190166,-5.971435421983863,1.0902757681568487,1
74.75322543455115,11.304197232953957,1.3548117728419313,0
-52.15149109207823,6.100370333585662,1.5627532556853536,0
-69.28693878695455,-46.97261389109049,1.4696778903465297,0
32.23610396633213,-3.4358094453994004,1.0770079533375723,1
-11.1618682582098,-28.66403156401568,1.1366036394853283,1
-71.26799935371322,27.971692791905035,1.3322156228823336,0
57.41933388697234,2.1531936879080376,1.5778402709447015,0
18.303028309018572,3.838854783555246,1.0835571280034773,1
75.23714394868134,-22.855575865211826,1.3500230137767144,0
56.993098096447014,29.452882226914255,0.9494595452410649,1
58.19653610082997,18.532829872845305,1.507368207147908,0
-42.894676349623,16.308750211817948,0.9670100953172815,1
-62.82402023048855,68.29242770330195,1.0128439941393663,0
15.660597348363217,-58.31991296173452,1.1962046500624834,1
-88.55845038379306,26.837270114255826,1.2653095049319452,0
51.857715540454286,40.17977675511455,1.0996816761847301,1
-28.170920909317246,-49.29821636692141,1.1031783468835523,1
-85.2828663390485,31.579092798689494,1.4194359675067267,0
-47.58416008007848,31.653144823534813,1.0095131312780201,1
42.575081244607546,-54.85755979029945,1.2909563769742403,0
-21.245696101912753,-15.092327982576661,1.0879808968707179,1
19.34425544353166,72.72679414739738,1.2614067810037541,0
-13.607410633711158,24.77085869965706,1.0901850022879953,1
30.870091289878715,1.3882864290264023,1.0761371341759314,1
-47.24994297679436,-5.9574198660396736,0.964072425381528,1
4.164136221230738,-49.77537096348509,1.442039777671908,0
19.66449881448021,25.04121646356369,1.3507887783960433,0
-6.299552637559493,57.764588949851756,1.0990557692784935,0
20.432275799638266,-69.22688775865655,1.3679416123001176,0
26.558130864598464,-12.981908693290542,1.1099356829393592,1
-57.953245709468725,27.539489310612595,1.06964481690754,1
53.522940915358085,54.313492909664795,1.1216224816052875,1
-19.497311438049618,-1.6293083785101503,1.6541714170897943,0
-6.109906419413064,16.418415198833053,1.0338100554970162,1
13.54140453735359,-23.17882906787518,1.3864954883313727,0
-21.796636824881332,69.99609059210592,1.735398337665707,0
-46.65514982688191,64.56692068424515,1.2449949255082482,0
0.9228949556595827,16.258902490447447,0.9546433239739535,1
30.996437532871234,-50.13256549262001,1.1373417605976706,1
19.916796399513697,-13.061712987588052,1.3948806756473113,0
0.7519884823893002,10.778501580913302,0.9668148596200989,1
14.087250903426234,45.23210721571641,1.01148224560063,1
-16.936451708923475,-22.10010595466331,1.0901621019454453,1
29.6693637597233,-9.194768261941885,1.0287826360303476,1
-53.96144018211886,29.910341887034424,1.1903603205720101,1
20.76757802338763,-16.39562766906367,1.4871108065329885,0
51.03495167148717,-3.7724755533196443,1.0061262148992196,1
-59.27720118906929,46.971935113608005,1.2586163780604203,0
67.86818927498464,-46.28906880485246,1.5025342571347062,0
63.02065308328957,-31.87914532022122,1.728217441418615,0
-49.90975409043058,-34.31295593717103,1.1231826508912381,1
-58.69687876427593,63.5137827653585,1.2561511017181561,0
-12.451785894066088,-11.03136320510853,1.3302591960703707,0
69.08485492559092,-21.715029726966396,1.1674272449398222,0
42.897524790844166,61.18071950913757,1.0938629873955963,1
-14.394544962279147,-75.43558535375628,0.9518350646169478,1
65.55272697506491,-22.069322800413477,1.6591773620228536,0
-12.798186493997134,70.4259814504318,1.30905163961795,0
81.33200161411587,-8.023231953234225,1.6890723381587849,0
-5.619860591722692,-4.767606978348158,1.057564214500617,1
79.02039422711744,21.856523998032525,1.2327724929881438,0
78.66818704321327,55.031508774412586,1.3809093656113758,0
8.405560147595947,5.472805066277694,1.135429506314878,1
-30.967090327507673,23.227236083596026,1.238256962402987,0
-17.489429097993565,-70.59196930388849,1.3036687231710353,0
21.715316526540146,-0.04617473137479359,1.1751937214298185,1
-3.8136558749742955,24.547052603707872,1.0383214599212682,1
66.00578904172083,32.99976123551711,1.1061720609105887,0
32.51503352457159,-40.922400251104214,1.1452306520010391,1
46.31413508759878,45.603923743119985,1.0788718230620564,1
-63.652138816203326,26.03796982453461,1.4860622043258975,0
8.810061141717776,28.258547578413605,1.0027628479022526,1
33.235612168630134,22.1494789358303,1.0173750818069134,1
77.41542381321086,33.01945617196064,1.0058749778581435,0
49.99277276191945,-72.67775864732998,1.1249457670969585,0
50.160866134430364,-23.74423847888366,1.0620768992731768,1
8.714369930273298,50.887111758963016,1.2597105807397895,1
-14.209183499158263,-68.14417662871853,1.29821361546831,0
-55.622081414061896,-58.71150076254461,1.367238348708771,0
-7.475123604703158,11.700582696223995,1.076861256769233,1
-20.563992729953554,-66.08339810945458,1.2270807892799138,0
-16.52146547234567,-5.394821075511391,1.5142710946473923,0
74.9424008846793,29.522296548365563,1.2929126732917893,0
-63.6797519405121,-43.94005427779296,1.1152381022725817,0
-33.376300395901914,-16.58189095587421,1.0624852495418087,1
24.00369032554251,18.303835596707668,1.0351029258176503,1
-20.805014679437303,-10.120511658822664,0.9675547061406778,1
39.191133073855696,17.33333451907336,0.9482386479774592,1
-45.22535860113085,46.825744345702944,0.8899938075315659,1
-23.3578176854431,70.57477871125546,0.9437385256859476,1
-7.795613934102417,7.09375801720572,1.0871602320778937,1
-21.642228523164064,-12.909135614349653,1.0821838045333712,1
27.66185589520211,72.9267109964419,1.2877819886249253,0
42.28226148707109,-84.3415307185419,1.282433230260671,0
39.27050963588567,19.321926283613973,0.9283305782696047,1
61.08916960883604,37.276200999841535,0.8994132805929278,1
7.834240664891795,54.469854253067595,1.7415987224762663,0
-1.8083532552694952,-31.27018772602173,1.0828217369153885,1
-60.3948715898593,56.741142240397174,1.6486139496222383,0
-12.17189200416405,-4.7552212856970515,1.0240200493603169,1
-32.21945713743292,-20.87464324262151,1.0647977556008603,1
-15.93797811286212,15.102435354651778,1.1374637201764746,1
22.651564175082143,13.736322944977871,1.1066908691859174,1
-13.410461269275853,9.68811828144881,1.022905049563916,1
-42.15955940369757,47.09568892912475,0.9329066319284822,1
-5.17715147491096,-31.68956591812345,0.9759227339864907,1
72.17746594361586,39.90462690774173,1.1863078461169043,0
53.8656511730526,35.96116349711688,1.0581065213848964,1
68.48050152611087,-11.545063483503942,1.1387204637968977,0
30.24173288981283,22.449067930151152,1.151972047418789,1
64.39176230049898,-45.482110404159855,1.2235048151000643,0
-18.898657912678477,-50.75262617108136,1.1364655191967101,1
55.195195023048996,10.31895306389761,1.5973968495049673,0
-3.739053842991233,32.51827972109841,1.2294944219141877,0
20.637906127795247,91.02542065069741,1.2796868691902241,0
3.3106411174371595,53.85703674973683,1.637469074828001,0
-5.743448264045815,-55.074982547164176,1.5376748134456695,0
47.751268631720556,9.25662012845877,1.0597766999966622,1
27.632278532708572,-45.03355587080483,0.9771563315471765,1
-7.327067264306014,31.25251278305959,1.4650262722308265,0
-6.154432053238753,50.4162102710651,1.0082524358613443,1
-13.175464868529195,-39.839723139916465,0.950341031012967,1
-17.344777822066238,18.14035983966651,1.0528357025828072,1
-32.28730035284315,-6.738973707565645,0.972712531973781,1
-8.457804524455481,-40.89247258355442,1.5526668918562228,0
44.481258109815585,23.39139930826112,1.187035834846887,1
8.725659459448247,-3.677828727087909,1.0909123616248622,1
-18.77743091951357,51.14078708752715,1.53116076311732,0
14.893892100655824,84.20010928086312,1.2319115405181296,0
-44.81587499432373,9.986934757345624,1.1751201706951326,1
-4.718359105187777,17.06718957579638,1.3983957407262781,0
-9.580769200991798,-63.46891775203721,1.649240459536419,0
-59.92094890505407,-49.32417787405151,1.1235818742334993,0
72.19659119181514,4.802471898895296,1.1560634419298081,0
37.96907246629351,43.44557930428477,1.4679697760365482,0
-12.477614797451137,-86.42949479343181,1.3586209729761398,0
2.3357218013607177,-27.174129249976975,0.9524378637604508,1
-14.538443992859802,-44.61798328843181,0.9372891648005945,1
40.59535996825343,23.44040810516237,1.382808940445554,0
1.2160534467466617,-0.1185567427190469,1.180667752581499,1
16.32441663853439,-2.976621076124313,0.9867910697930741,1
82.52117676660207,4.4800669755905,1.2619515898583926,0
68.2369457364446,44.393073491187515,1.342112333131207,0
-91.27313311531373,7.492269427647066,1.1810841444090068,0
49.80357053157469,-44.688482208655806,1.0554358717360552,1
1.2672398499523359,11.78579479497797,1.0888127331376631,1
12.053424582665281,18.691667737550137,1.0713690849701638,1
58.019160749283095,56.914387546760544,1.2293158401284772,0
-51.94445543681316,-3.059014875892274,1.5145264870878492,0
50.74668941990461,28.67582746177864,0.9687926995337198,1
11.935406938435309,11.742589378848294,1.0372140892970265,1
-59.21213013183897,-20.104087143383076,1.2616427449518248,0
53.887058712665144,19.663408976099912,1.5495777392518297,0
-9.214992194612227,95.48060426603807,1.3103740973525662,0
13.337900977115483,23.773390267816126,1.1624385525079666,1
-12.869969547558544,16.418415198833053,1.1206066208035155,1
9.915107397429287,40.27316094573806,0.9886001234741157,1
-62.59908926748527,49.214597570424054,1.5976304997826039,0
-16.035824567442017,-54.94793033599009,1.6589453541723316,0
17.379289370774945,31.990843354978143,1.0431882452221781,1
-2.3275833978716554,48.52116160178579,0.9445865397615854,1
39.577480779662956,-33.7468454451952,1.045162937128053,1
34.85087706949171,-9.62428670096694,1.5104485825789815,0
34.56935288160223,-33.93532337684263,0.977955901079194,1
-34.90848494228761,5.389250790456651,0.9885331244602854,1
-91.75068074915472,23.105452563735742,1.1913625801753205,0
-25.97266499923817,58.74047229948689,1.3581610147496632,0
-94.40797625018558,23.62413594563897,1.273295048805641,0
-23.911914461940476,-12.552930543744191,1.0305185883757135,1
-4.557938628490422,67.0205768745485,1.4272034927534913,0
43.815862240549876,-46.096893970464095,1.062973480987522,1
36.40877568901528,22.20454879943962,1.0353350328721174,1
33.778094892629596,58.63208157078207,1.573504118940754,0
64.87467303279358,-36.12678000811929,1.1767635016719156,0
-7.979433340908694,-18.271800953408697,1.1443649330743957,1
-68.96987697647197,-14.11231718617252,0.9633698092614252,1
21.48864057251849,5.503188439303525,0.9804455461686739,1
-72.14215431514387,34.58450733358937,1.3353509695044603,0
10.508849145309046,62.80622996601946,1.0974609604859722,1
-32.12661905318731,63.27147536547749,0.886833726292418,1
59.06627661527418,49.11012501217842,1.249069288717239,0
60.692540506001365,-10.029726724517129,1.4100666452967288,0
86.98219992642787,15.085944379160797,1.1477780999347091,0
7.818752041252862,16.350929052977616,1.0864585588510833,1
-16.909296569281633,-34.39302878483286,1.0513110529550675,1
-58.98686125094892,-61.80902979073935,1.4323494520356816,0
-35.42701294811815,34.0483673970711,0.9158794751241045,1
-77.74576161083186,-50.718937464006906,1.145880040325225,0
72.77931467553618,53.99447244455149,1.5782712748601935,0
71.01548888870126,-10.659944838194255,1.0823136622685832,0
10.679555727967328,-77.58014509982947,1.2167113988870417,0
-28.199568089598756,6.648394295852687,1.2013245850179324,1
-45.13942386161122,-69.26804195704074,1.3893844281827332,0
-85.83492775878473,-18.21008472694998,1.4322356187102951,0
-56.70535829316017,6.461674227541043,1.5994770302862225,0
-39.45660779566887,8.670655077246332,1.132626548976108,1
26.983853376402713,64.99687116118183,1.3031823218323841,0
-9.05110774817845,-11.546837639006723,1.0639004349959844,1
87.42138567370685,-21.344484677673112,1.4251562027521356,0
59.03109586756006,-70.62425163772843,1.3511668496039628,0
2.6409119322005306,21.01986853154854,1.0927589115676202,1
34.02747882811583,-47.7136692076011,1.3247492231917815,0
-40.983372290216856,32.836830397666105,1.5800871604844309,0
-21.437368630537392,-82.06359158195355,1.0900511061266625,0
52.72622947123124,45.6937445896276,1.3486348349233377,0
-77.221437950184,-9.689414813315015,1.640634144559745,0
-36.8056584991652,14.981281654711275,1.0007527723624354,1
-42.919526543724956,-63.25490856940954,1.4545555442169054,0
-7.133446298220732,-13.723789803604728,1.0705501781662277,1
8.66457840264117,30.62264208840871,0.9996617686566198,1
15.742470495561781,-91.69612365314471,1.3615928228653476,0
32.288739289854995,-26.265348958279024,1.3997311382278175,0
-59.843243428540504,-21.702387601755213,1.029126467863561,1
63.69114570539679,-23.49394319222329,0.9419281551734948,1
-10.4066850535097,-14.793284534113951,1.3279465605935687,0
-52.314617541946234,68.81980064259344,1.3733657925149985,0
-1.933142108768462,26.748762027615367,1.1127045673192095,1
56.61877637949932,-28.050659479224638,1.5657246211705456,0
31.782411764750687,-31.95406130964389,1.5651198298868916,0
42.56568138857767,34.29380808229538,0.9734455094684072,1
-3.6073650387081004,87.0998833515259,1.1031808008852175,0
-44.280552559154565,4.386599480604251,1.032242465978085,1
14.680486261755572,48.31943770730358,0.9378153031608714,1
-35.70922177767694,-61.98789411804316,1.1878356811468942,0
42.57950470626866,-8.887471720787278,1.3847321569246944,0
55.48383706679438,42.88992894758771,1.3338916110209504,0
-23.13617897484412,32.78669783217347,1.0411851877846063,1
-62.32104547801325,-71.15691014608753,0.9098048954936107,0
7.15863545490205,37.105470900640654,0.9823808526314569,1
45.98469251436157,-6.20092089843239,1.0235450340575747,1
72.56688855056746,-28.869818693467476,1.1239114987763126,0
-20.22157533965251,-17.95696634671002,1.0903502750392609,1
74.57967364273384,-13.414202505506653,1.2914856257805332,0
3.534345867229716,23.58737206427772,1.0590856251460963,1
29.184314911775225,81.84499406423735,1.2999671950827385,0
25.518750392493384,93.18921676253163,1.140031917451184,0
88.4392168752845,5.022208793099981,0.9310587377503938,0
42.16886001539529,2.3488581420512853,1.4951203023074475,0
-44.55531758156603,23.844301462427392,0.9866671980856555,1
50.30347196589029,18.28699263992163,0.9847279593145607,1
10.6793588207973,38.82467898504957,1.3921206052227775,0
-18.85420397874623,-42.871517284042156,1.5499781770787275,0
-35.73219848098988,38.65943048305896,1.3451758306529793,0
-27.625682142512186,10.21121202402312,1.1523272876762702,1
38.905296591571165,-86.09055238708471,1.1345863562348384,0
-12.725104677731167,30.02083977268507,1.4506316950791078,0
65.51445602653808,15.788370794669037,1.106496756070492,1
-19.571489712710992,-21.576792332415792,0.9908415353045358,1
62.24119723861975,37.33663244551177,1.0222759314158223,1
-58.91366823667644,65.78544286703873,1.5720673321535965,0
7.71156816254125,-52.13049567622296,1.3772848758870566,0
8.50463164606947,-85.5915894944618,1.3247554058752187,0
-85.90121391430546,-2.5616803909429886,1.555319615375796,0
16.554190897042222,30.76886207109553,1.0252732627728205,1
61.89979267074887,-15.56198387166747,1.088643392826098,1
-74.7680215042278,20.397687584809766,1.3381574650748822,0
50.80622184142709,-6.329236393443276,0.9417974420622381,1
46.34971303730322,70.3702196862403,1.4481662106311735,0
-33.96481312125005,-22.772172955832495,1.0336300278756316,1
-4.726784746447038,-29.23802837480302,0.9755921388681563,1
-27.62372105353488,-31.925637146482682,1.123536864969516,1
-87.6543048515076,-22.87557249802712,1.6205886006091492,0
-36.76168256452254,-9.24154266515271,1.0022273109994948,1
-76.37092905253061,18.74865111339743,1.6048502838563095,0
72.80387886016895,41.72168825474454,1.1863078461169043,0
47.54288628117894,-7.155970718961639,1.480880596121678,0
-19.15713868407805,46.91263127070203,1.4769388761219409,0
-25.199447373399774,2.655459328437216,1.1229228696439122,1
-12.092690976326981,-38.14730144234865,1.151334158271168,1
-58.89681220999054,-32.980066299073584,1.012041152780778,1
-65.43818965438203,-31.03281762425742,1.3490171439233982,0
-34.97984284233521,-84.06024338017183,1.3360413531364872,0
-14.85659296617834,-8.329718574158415,1.0505532396670667,1
2.712171793150755,-22.10344812569615,1.0618194125978893,1
-43.95493968030361,-72.82968022452071,1.2561806779791997,0
56.85428710274891,11.741574549587323,1.1615840482978588,1
-42.91430242265238,53.108842251673636,1.5292012555463885,0
-75.34743702840555,-1.6732389771376903,1.5598499957362952,0
32.424072275110206,-58.10865666249585,1.400673671666942,0
-23.64264643135932,42.628748798692584,1.459620141996304,0
-42.0920732578421,36.59677280961261,1.0531597357748863,1
16.981831645883148,-30.467031831604416,1.6472463830348192,0
-70.65871777650462,22.744518306933028,1.4416053153365507,0
-1.6293083785101503,-8.60400155267092,1.1688845580856178,1
-63.402204948714335,-6.22291592449124,1.52851490527575,0
-16.474118049380397,30.678344938956084,1.0477680350834868,1
32.28376241597001,25.656145271486928,1.6692385754813244,0
9.149193202403152,-4.867872109333392,1.0722792516871515,1
-26.645458559327523,-34.65664252504821,1.0470563606747272,1
-1.3953564062112702,45.04411009511909,1.0613307430148797,1
-72.65550672189279,1.211536999404993,1.562243552543792,0
-79.96144196072892,57.63266114592382,0.9905510817860416,0
-66.46093676314108,19.58455440785726,1.6099489561414595,0
84.71124676275926,-6.0286967788829235,1.1303237922449407,0
-31.690758604059038,-11.273366853688403,1.6026515032837771,0
15.97557753698158,24.598378801712215,1.112547924506878,1
-43.59026569583309,3.459147018990769,1.0141739013191506,1
-24.93092481947994,43.87100806259176,1.0191995872443647,1
-51.75920724530609,-10.645170289709531,1.5335015231889786,0
-30.01350446468119,51.99636490327305,1.5521330479336604,0
60.898393110346966,18.708177881164517,1.507368207147908,0
-47.64384170566494,-69.98352675732531,1.4893749883668381,0
-6.749096629443957,10.490239329330743,1.1896089613174297,1
25.658758520313697,40.90361593602404,1.0144598620664704,1
7.9131661566368345,-5.7004184383418925,1.087253061333932,1
16.099389782061838,18.651593116231574,1.0575890121635918,1
43.57846979807013,53.42804443014958,0.9675605055851647,1
-55.452187719892464,-5.793096456924973,0.9327380741773849,1
-25.33583112926691,94.50503655963246,1.2552138302705944,0
26.946253952283254,18.41369130543934,1.0608058421682045,1
-37.6400244365893,39.64885751865275,1.4171693558339675,0
38.123537304160585,-35.60551526464488,1.0034483293359697,1
4.216658580629273,-8.856045149946308,1.3422719330159025,0
-21.442116032572674,3.916606679110938,1.078040553027455,1
55.20646627433276,56.60532656953007,0.9932554537903867,0
-8.798265243954818,-80.36608338220506,1.304380441822293,0
45.75292886833419,-27.055338701271832,1.6406975310387892,0
-13.253797002111416,41.098259419470786,1.0900925310772704,1
52.356229029032356,-1.4044870796515023,1.5639729448515893,0
40.19045926456828,-73.74346916927182,1.141774119604962,0
-65.86696856905375,74.48297219778541,1.1220356400063771,0
85.37601222870711,20.882239085877963,1.457219803969735,0
38.074364213605634,36.15481466645397,1.1766933536881528,1
18.439384245254296,-91.28435187003863,1.1549610449181564,0
61.644389175154096,55.39381824352103,1.1445204726042013,0
3.3421710328413434,7.24137057115623,0.9918361630301282,1
-4.665909488348858,33.73563567899808,1.1158875035660556,1
47.92625966221367,-78.37469896801439,1.057528194487114,0
-30.384638999706382,-75.77993024804901,1.5335648057450304,0
24.041514128152027,22.73905041682417,1.3013846848776984,1
12.873326638997789,11.602108014006356,0.9574353882541764,1
-75.41207441034342,63.341194355367136,1.2904752766489136,0
36.35619411888652,54.464422516651865,1.4901314791744893,0
32.15605294580609,63.70538791150263,1.4941537248397694,0
24.610638634706525,-66.25112235579627,1.6295877053229268,0
40.940887065223116,64.06559502931894,1.2734683600060293,0
-66.3155756013138,63.331598116122635,1.582035064461727,0
38.46978115926743,-20.57524042092947,1.1675394935512793,1
-8.673978258671015,38.76396183872067,1.2534089730329008,1
-28.002379998661123,-41.30087853833678,1.4452832385878154,0
-14.180354239341083,38.88854723213237,1.0769933284548505,1
-92.59970000346522,4.520016791995894,1.2352925240697596,0
-31.398503221032616,30.037762157661497,1.0084767050442496,1
-49.74182637922164,14.943927978461877,0.9461689668529929,1
5.330762797381924,-10.293886781151322,1.1096717359278383,1
54.09210978569453,3.820287166706141,1.0530637141758705,1
13.372861845156393,-12.871536190230193,1.0119455682818583,1
41.42664971141475,-24.62168604707282,1.573505845690222,0
-14.548605999378571,18.728578014101092,1.1817737840693836,1
-14.764040537576587,50.445894026948885,0.9706865561925524,1
30.455533536766655,71.15994235771007,1.0180813387004755,1
22.915324699836116,5.504420197669432,1.1722184308596835,1
-67.82891349932297,-31.467137090457037,1.6405942057401612,0
-79.6329872212945,39.315167955721044,1.2321910629263841,0
-10.34933643692344,64.75076583967262,1.0788272388642637,1
-38.908441107327846,51.60869103212494,0.9508495942349817,1
65.88444544569892,-40.07187109944195,1.4590748837684762,0
4.362229483489795,77.77510507674522,1.3613288065642335,0
1.8338722951754474,-65.88254648488478,1.5153576444646775,0
13.831113830305883,-32.63946943581298,1.521841414728419,0
26.522055321191843,-50.86940402389891,1.529941966214671,0
-50.165547443602,29.73322881026114,1.4241090987176317,0
7.923730490361323,36.304332844239,0.9297456524913619,1
22.593076182007415,49.11320332760339,1.1284641759862557,1
32.03262049288865,-34.53924876751965,1.0388828140170816,1
-85.76512195925788,20.920319580070338,1.3216825630392446,0
47.05174446205608,18.825944216094914,1.5184555637281822,0
-5.736944389840948,44.36327751213866,1.1323556851455356,1
-38.245362944081464,-29.568572762666452,0.9348019812792463,1
-26.918402527009583,-67.79036911613173,0.8934944777165144,1
-97.40209150280992,-17.58556398920811,1.15466128354551,0
8.535501452407289,26.62644275862345,1.0663589936208995,1
-20.967678854705913,-46.1459598856271,1.2255045230436572,0
-44.61459595292554,-30.807816429417503,1.131662131418854,1
-4.438820902992406,47.66771435589951,1.070796776478667,1
24.920898306381396,0.005013256549257441,1.055736672004382,1
-6.174660983174363,-34.36587364519102,0.9676877793776401,1
-17.744289628308923,-36.814453686093714,1.1787486918137307,1
-41.20896883493364,-49.8651918099927,1.0588461731096448,1
53.077853715311434,-23.725236619382414,0.9531890553898499,1
71.43345663508215,-6.19573119185968,1.1813365690351239,0
-4.005156047508236,35.381603015606714,1.014815434166902,1
-48.58038413794466,49.421550741642946,1.60668479155221,0
-27.559640635957678,88.39698334847243,1.381822248859998,0
-6.8449072101821296,-53.20243012052653,1.4643595637962667,0
50.65060200271043,-19.75223080409227,1.0789974628438919,1
58.969338359344505,-66.90336176774176,1.2411974904532381,0
-48.252594286646755,-6.910715859476859,1.1981673161393933,1
5.881932899608259,22.356531145976156,1.0651598880907733,1
-58.21644167830498,0.927934505512442,1.6382278474286323,0
-17.599169043988184,45.699791280640966,1.4693431905250312,0
55.208487748747785,-57.49056390710976,1.137716356733742,0
-27.182593189605615,-45.903525503563976,1.1498537973826521,1
-39.49119122320121,4.539946151522856,1.5256390987970123,0
9.167097690079084,-11.548394550978534,1.0802809060320684,1
43.25699004917793,-44.59503528310069,1.3979520664721217,0
-16.505724723005603,-92.2791259597162,1.3880087423379757,0
-13.865688013404249,53.6317609403664,1.5155778436711027,0
78.47934825866534,27.475431032483126,1.2587377710894128,0
10.486061615539695,-42.67534637559278,0.9306370523521299,1
45.11930894335801,-47.72620234897424,0.874220067509589,1
-62.456821176222434,-34.69591303468409,1.0135458323923245,1
-62.6786721844369,-42.41820088879875,1.2588581201612927,0
10.201977077748182,-12.347650880832306,1.088313461635101,1
-33.6852276598489,24.873465186723017,1.0938528897457866,1
-58.613324488454886,6.099462134935444,0.9070623878924814,1
-14.171401995503132,36.16706510539016,1.103547849140538,1
82.21740740789681,-4.798402697150764,1.5960958038745974,0
-45.40971099956525,18.087462806087345,1.1816929453059486,1
-63.15019695766265,30.571511859921216,1.3423701772582284,0
-72.02676983901006,7.376648922485519,1.4641275332407655,0
-26.194265469893953,3.6747170506090385,1.0275999983224937,1
-78.50138455118957,-33.7162927111157,1.6278129973555944,0
-26.068934056162405,51.13521680247241,0.9035821758356459,1
-51.702192245543706,-31.589484422909248,1.010572127440964,1
-40.99977079294808,-54.24741835653529,1.6000793683455106,0
48.640717374331544,2.3327814749388374,1.0808037446738308,1
-49.68820866211725,-40.09465862921133,1.0063775848601475,1
29.118665123630112,54.560942111134764,0.9648948762900549,1
11.6987922474564,17.428228303755837,1.1385160574203579,1
9.1921639728254,10.030093996059193,1.1515825038202,1
-74.78429048581796,-16.94453168284902,1.4781314069500502,0
10.669881022345972,-47.617581790406895,0.941620857532209,1
-17.652447580189847,-23.109184516501966,0.9951828436971192,1
73.76298617291854,36.56135306225368,1.4781815027477045,0
59.91980952856559,63.55604820747837,1.331539210335822,0
55.20504457804087,32.34514562071926,1.4980953602128495,0
-66.21258587437787,-61.39735295881172,1.489055148409547,0
31.763339593095886,0.3868926249974072,1.0150513268148162,1
-68.38374915718975,45.804562517137,1.360667170662798,0
-4.658150877022619,-52.68097090516153,0.9460252911188298,1
-19.426369128390252,-84.8281244837625,1.1607020632138347,0
-51.45336577579096,12.581345763051763,0.943779415331465,1
25.97778393708491,31.104978135193786,1.0208984525669533,1
-6.073753126990514,-47.047484539228016,1.45935229408752,0
-28.453811814597046,-77.32590137483118,1.2945494628660998,0
-26.545193428342287,-16.949820393054825,1.0619158290912538,1
-43.26337389892231,-81.60448528868909,1.2612741479842686,0
-20.656895735936374,4.7967750164529575,1.1178509689625216,1
1.945935107937233,-21.339322285345496,0.9972749065143865,1
65.16375079699975,69.037006541909,1.2607332317207218,0
25.02070768677127,-18.571836762038785,1.027782691323729,1
-47.5061760893122,-44.612413003377064,1.5396022060087173,0
60.710234808156244,4.9634259871759685,1.4822278082176055,0
-45.324396711282375,-26.77534747901297,1.0182443347878698,1
48.50325711410986,17.18084796569997,1.04207397320803,1
50.79778607319517,72.45119801481526,1.263987843079225,0
-83.8341826450338,-51.310680781696576,0.9519654801217049,0
22.69973075761425,39.14763570085473,1.1244065555067244,1
70.03090336821556,-63.04621755431134,1.5106654700992996,0
-61.659257634294384,-39.669291406849695,1.1057975776899973,1
31.256564746268293,77.79811277588432,1.1328657349838365,0
-54.03595952269298,-27.45663970940692,1.4666957848605005,0
-26.731400100172017,2.596150713010687,0.9910049388426154,1
75.85260399163784,-5.910900458420389,1.0366134087430845,0
38.62170565074525,-10.000842808964515,1.5121194806762663,0
-18.256609266895797,-32.76998697700928,1.0880643190195858,1
27.228249633179242,8.720977538820346,1.0221258293074638,1
-2.309136349963112,-37.22342987827036,1.3950682797957539,0
38.25393261339643,9.53563172807542,1.4051825305555046,0
-0.15666426716443752,-36.173779288268626,0.9806627229889251,1
53.386860476753014,-31.5878380332379,1.0688669010886767,1
5.738659580253695,-22.760944317975117,1.079403388287782,1
-50.018627843773146,-33.22421840374543,1.008475650787275,1
9.417760517542183,56.91538224052033,1.4475857232071636,0
-44.9739245034294,19.67703195585335,1.0426137243851048,1
36.095447154686404,-22.598217983596413,1.631099990398921,0
-39.250529265580646,-3.591017463003979,1.032535397590899,1
-50.784288844024076,-36.308510558030044,0.9842540448281415,1
83.54111316114373,-18.279500849312498,1.291684649789166,0
9.642432959669259,-24.997552616199158,1.093064085038925,1
19.261871647867594,18.70571349943384,1.1146145012474464,1
-8.913722061452953,45.83331820946503,1.370291666125122,0
61.14084133204114,46.11151596873279,0.9015535134181898,1
55.884981324440524,-43.24131146043565,1.6914315852885131,0
-77.54190839733509,-24.567081352633487,1.2468808819415012,0
-1.1906484304497251,-64.80887404058451,0.9835769054099529,1
4.2403794979174325,-40.617822333499824,1.084558295375825,1
-21.139231782721446,-14.134598326391481,1.0080704611719713,1
43.65710911648991,79.54715200978295,1.2773570443596245,0
-0.025066282746315702,-15.977248622498,1.040529865238667,1
55.009431973997685,69.76167661381129,1.2800472109301808,0
52.76150514691674,-54.9238495380442,1.4322631259375158,0
-62.96728558006655,-36.78085332353082,1.3063804932214458,0
40.28957339277436,89.15539638232188,1.0711002479891447,0
18.237742172355553,-32.11314255708716,1.0785824035557263,1
-21.509655738861355,50.46956773843151,1.532042719839509,0
34.13490575417145,2.721482126742237,1.015488204186889,1
13.039480284630459,44.77339424145893,1.0165721390095515,1
59.045021580196895,59.60205008567047,0.8664247703741929,1
58.805499322843275,-36.910101343941484,1.1569811945321196,1
-4.570630417222737,-70.14275690269648,1.4191507961347176,0
-13.750646535118639,-3.303377976210144,1.0583329695304449,1
-51.26054821620396,34.2089652259219,1.436815695511392,0
45.282476255574565,27.459403325486004,1.6136712054580769,0
-21.87729455247391,-45.10538323072117,0.9570688253814932,1
-21.998961304985237,42.8699398863865,1.0181704299602967,1
-3.043968703617989,-77.14508662917513,1.4676955103842404,0
9.935995966384555,-3.5928338603044434,1.1231536217676021,1
-40.743607846556515,62.88912373373126,0.971946347928208,1
32.9407637651508,-49.603728063947855,1.4719284655080977,0
7.551217677325889,-64.5561223562259,1.0088954507563836,1
92.4247082979097,-0.9749231209737323,1.5353309776518653,0
10.736724443002794,-25.734716952878262,0.9685949570259919,1
-27.771109535679283,12.387407171141577,1.511340750180176,0
6.827837452418794,42.48734925499546,0.9926501889796947,1
3.9404196477199394,-13.124705645967921,1.6083041379355876,0
-22.531803046405333,18.740527781025943,1.430772850630298,0
-86.07299747769108,23.080769297194394,1.3784195302358537,0
16.018921317563738,40.591711622305766,1.087314955173485,1
-47.255513261849096,-0.3704239561399101,1.5370951329805824,0
-4.598698796149942,37.512656217650864,0.9392921378687632,1
0.15318283900522148,43.18920517189213,1.5340068377704663,0
-7.531708542169552,-83.3737670553445,1.1499160800184038,0
39.08848067784698,-17.641888523355334,1.4989792498839327,0
70.84567046865418,-59.3736683984263,1.1365572663398102,0
83.93027006222798,-15.361699357567035,1.141072827603755,0
-50.62780709833594,-62.54280907172756,1.5509661248682522,0
17.60783488993247,-77.6636993756505,1.1835156141035172,0
51.81253976178759,-11.258494229246883,1.542536427541428,0
-1.0368326045064566,-77.41151737953611,1.224661354735553,0
-28.516194819025838,44.59819411784262,0.9867150086608111,1
81.54264333194817,-35.61817500340565,1.4489504128910269,0
24.79055363610059,-20.557932749509394,1.1388182013786459,1
48.34659284694542,-29.210052612809378,1.0788970251847894,1
-43.30722558648936,83.17828157983868,1.1173495540034093,0
-12.130761571174776,-25.415891426719078,1.0267715715440404,1
52.89768980807233,28.160402022807645,1.050696207510182,1
67.90930222946257,-34.44920209864495,1.3620951678508773,0
23.624338501459132,87.93581140613331,1.4880692833877849,0
-40.064275256185496,14.527999708382183,1.0607071344749106,1
26.248757388907684,-16.211345906580924,1.0116690947927796,1
22.630354243527567,-35.44950833006995,1.4401646553435996,0
51.674686800708216,-14.794556012224266,1.0088435976333785,1
14.699584381943216,-5.711531568623506,0.9458976211661584,1
-27.447579607209455,-30.489714831420713,0.9659090268942829,1
-67.80935872427287,-59.53242152248626,1.5001703374805773,0
28.643599383961966,-27.089489853690736,1.1262097620112157,1
15.979755250772628,31.708847674082154,0.9405813775920502,1
-63.36702945750688,27.951571887959727,1.5358071023963598,0
66.25998131704188,11.26398073525274,1.4980374531157212,0
10.903832994644851,-22.910582430127338,1.0909963175784436,1
-66.49911941680553,-51.334018355287974,1.2428640979164107,0
29.46004402198464,-25.642807249475123,1.1133959246966072,1
-5.550053359017883,74.4066591144004,1.2238159323619224,0
28.047379944353292,94.02840111145576,1.3080079409164367,0
35.778432402306606,88.86365855371989,1.220555505187043,0
28.6292757938212,-21.380516069020963,1.2412164303885478,0
-44.147143653061946,-3.363624157714313,1.1299087157364267,1
-34.739589133408735,-16.77162191025832,1.0624852495418087,1
58.46871131876465,10.119708252324397,1.4328671070344634,0
-73.59042842937511,32.86816325109899,1.3600150571854404,0
13.843424334893939,-17.28813925169745,1.3743659759821785,0
5.790311314397616,90.79007610713485,1.2335491635668394,0
27.96165082963378,-82.56791051409522,1.182420603262804,0
-10.143758614595459,6.375730304988838,1.1150564422734885,1
-20.152974033314926,37.46140091700114,1.4937787865021945,0
-59.82106356623164,5.936151504921583,1.0884937423532133,1
-24.833524406522837,31.35075792056344,0.9838279329810077,1
5.664171310900057,-29.64694377075665,1.1041165555300447,1
-7.851644448476527,15.106121572702703,1.005125630337854,1
-79.22552160830519,9.419137785824956,1.1343873924609522,1
21.064629750738384,-22.425370814109474,1.0548052876282126,1
-26.07698286254883,-60.889220313341575,1.6322675236538666,0
-36.6332328572436,-73.0522629346551,1.5981885192206449,0
54.3546674927016,-1.6684744453012597,1.0709232716940156,1
-3.6237126144121934,-20.88675255795788,1.0131722087814825,1
6.875940663686068,73.97578651182559,1.0225014765115092,1
89.74193413600209,26.67238160375875,1.0841533647517947,0
56.11914046766957,15.031769770313781,1.2334236712796378,1
-60.64787110469705,-4.374066339231107,0.954995437969372,1
19.015282091350773,-23.487106933292484,1.024711447016743,1
-57.90775504818839,-26.590374629341817,1.4603036834536183,0
-18.21653731828773,26.946253952283254,1.5858856806646011,0
19.859332194008342,-21.11264633132384,0.9620643553529563,1
-1.7295735094953846,14.287781165396702,0.9559939964086223,1
-22.10010595466331,36.982050859231826,1.0598592955248598,1
86.97060127366588,-16.74741015987837,1.3554927240024333,0
85.00780492116527,25.05682377168875,1.5155014940740776,0
76.89977456814391,-21.08850240097296,1.415461013119839,0
-66.50355799436545,-47.920635407033465,1.0868239177097943,0
-67.38084500373381,-66.8795193488076,1.4722609728243674,0
11.745343915413839,37.536758412599234,1.052481601464529,1
-35.99119953018074,7.078296571773423,1.647248534488625,0
64.49849448069637,-19.62984836480146,1.4750831309439827,0
-52.88985659471411,18.459526793889715,1.0412640203827357,1
-39.86583385111052,50.101232639187124,1.5559206742007041,0
-58.42722632867168,70.99454899648075,0.9001042350103379,1
13.456036328814585,-77.85359545706193,0.8305553034281653,1
8.970148325643807,21.670398250440865,1.0246601829013156,1
9.967145586756434,-33.50306580750223,0.9990485802883569,1
-20.554351851974204,-24.180010606351175,1.0817365875567109,1
-57.13133549099762,-11.471122551535034,0.9641909910713119,1
24.341392947970775,6.839030387135113,1.4431649531169966,0
-17.161451437384372,-50.75922256127776,1.0673162769000122,1
-65.13149681458337,32.38760881361707,1.502136861048118,0
70.16639678846587,21.27811253847803,1.5986513914613463,0
42.48123552749636,72.34068063310077,1.1116882437639832,0
-79.56455915057902,-13.418816696857949,1.229555993065433,0
-65.07757236416997,47.37221752677636,1.0910750159063984,0
-6.340630158327952,-50.183837434601095,1.182820340105887,0
-59.22309292689349,51.06321790522236,1.1713414780135127,0
19.899843358042784,29.745322192287862,0.9710194703217464,1
-20.93694248336524,-92.08560714170727,0.9469778230278432,0
30.435209523729117,-7.828132354962477,1.1784380734016966,1
15.008436794353115,-38.75873969648185,0.9805534980562641,1
-16.125975233459446,32.444768026505876,1.4817689347220084,0
19.455016308671762,-41.6637428219024,1.0989188421342808,1
20.797642243335453,-7.755802779152403,1.131505955382691,1
17.515332871150203,84.58584976482382,1.6070520592670554,0
-27.61105536425061,0.6184832808057037,1.5645753354641228,0
-61.050324199901695,20.37331758769531,0.9468522309422933,1
-29.39021652004848,1.0116035536903802,1.076393537176328,1
-24.4997847562434,13.10966587632012,1.0640549875984004,1
54.12038320226023,-68.56767707604256,1.0625867659810766,0
-15.080417673861106,34.45258943415122,1.4368626414003385,0
-55.104044903971484,-10.94096822834309,1.0219239377400748,1
-58.615935559574304,-11.89865109113903,1.0732020206745359,1
-39.93372170021512,13.112799161663421,0.9734893985673172,1
5.4243435863014815,-80.07674686136194,1.1508662017923221,0
15.798644471589137,75.81173262476013,1.4922483784659346,0
84.32875968537446,44.304119149770756,1.5249604670394574,0
-39.983332051483856,-47.8008789829893,1.550336984131144,0
-40.53576009831845,-63.650453687951476,1.5567510291295776,0
10.903832994644851,-10.903832994644851,1.1357420753603853,1
-10.418173766435096,32.63316685035234,0.9822679702725523,1
2.488723786955069,56.2379957901141,0.9179443094721569,1
75.73755343830246,-53.82874279933467,1.111677758989139,0
-27.18125035302991,-17.45239936211834,0.9802936383755066,1
-38.961358815347836,12.758737917871786,1.0139054146063706,1
18.186247771467556,-42.131144184389996,0.9670365024595438,1
-1.2147506253980915,-45.27356299102762,1.0453250818954296,1
-33.978738833886894,8.007284766182366,0.9780350591184818,1
7.134775570790611,-80.82053183303427,1.2246695860815038,0
-10.569615891360709,35.761230051402265,0.960600640864773,1
23.096072922450034,-20.298675767961846,1.0638708246551305,1
-20.115691903913778,-6.203904979711726,0.9359060710835806,1
-45.96977210796494,6.0069556152764205,1.0887345403933555,1
-45.233859160209434,-63.386699407133925,1.5151426371175178,0
-12.031815718228803,48.377925700378306,0.934194525536472,1
-61.6948061807346,51.344102492025,1.39043835395683,0
-83.04621191805707,55.938240012571804,1.1259958979599998,0
52.93766342263233,11.875474470171909,1.5775335745014636,0
28.199568089598756,-19.802363369584903,1.0637571132869177,1
-24.7504475837065,-6.131212759747436,1.070341380290826,1
-10.089178805389777,-19.802363369584903,1.0141269193341216,1
-95.22878707029062,-26.500997614026442,1.2507451313643032,0
-43.88270566120673,-16.27637292993728,1.0592259357253648,1
-84.72768611205397,29.584297689856083,1.5268167649045787,0
62.71549605753137,-3.785695442165308,1.3959197746966183,0
-73.68484476105289,8.251820280085242,1.1788372817397306,0
-17.082963160014287,-32.04695102275332,1.1768541398927148,1
-73.70662109418875,50.802305234747976,1.2442139587410053,0
46.94090661416861,-37.96168341120963,1.380738874307754,0
-90.51067876042596,-11.609968520790915,1.338020601983341,0
38.193099237140764,-69.42700681708232,1.3659887673979818,0
0.21648153280904353,-41.40873951257849,1.1426872513885198,1
28.3056177473716,1.2051097474187393,1.0485043891815777,1
-0.8625750239171518,4.3276199917894,1.0005462532734246,1
-25.005407488211826,-2.238060959491969,1.1496110897873504,1
42.14103876968459,-38.81975630579851,1.432420296032498,0
25.24890852060454,3.8208176700446796,1.156844673253171,1
-30.102748816633408,35.348100576509374,1.0758923820915867,1
39.1495758156184,-19.465947469568633,1.009393023283597,1
-35.58092871936741,-50.548138074993034,1.0593506344435901,0
-48.79616648552741,-37.986684105714176,1.4998030469656463,0
-3.222807781668437,-45.74596601201576,0.9477308858031464,1
86.88415946037156,32.25440794561948,0.909185372733286,0
9.890283300989694,61.406943536558146,1.0243852382001655,1
-46.45730646832995,14.568930012416137,1.1899333422494454,1
39.259218517531494,-45.07527358177666,1.4133421769642096,0
13.605421246191609,-5.936995487505656,1.0922964131283368,1
-22.88318440014883,29.930890409518312,1.2162848569831703,1
-26.410747002702998,16.49817155302587,1.0120930366167509,1
20.178357610779553,53.767176490834956,1.0319447958800516,1
-46.16672147240025,-73.94553410161451,1.4020959169202376,0
34.81503433332084,-32.32195540071487,1.4579223511233996,0
11.421869504735271,7.36113169983304,0.952165699155965,1
5.193420456501104,-3.5719452913491754,1.124553913014478,1
1.0444284477629073,-42.55697781817966,0.9830526872962998,1
29.162641058272776,-29.743123395555735,0.9644922203914027,1
43.091218793883826,-28.427443387292474,1.0172982881542778,1
2.614055200686619,58.11796699608735,0.9349940676629962,1
47.653183177495855,35.09824503673537,1.0067552554957024,1
-10.378634689484077,3.407820820986426,1.021445480412741,1
43.5685665256945,-31.113991113386138,1.3619147460298595,0
-61.51368798065349,-1.0593079763337878,1.4561535708935887,0
10.891299853271708,51.11015051972609,1.173828512878321,1
-70.76373337236517,26.29129624181515,1.051036392381276,1
11.797500466469824,-19.05582407909697,1.0317174603391763,1
21.074959262859107,76.34611271847267,0.9893371514842288,1
-7.9365270911627555,47.331239028944566,1.1390305913380885,1
37.63900246064338,77.94954295082772,1.3472933198192172,0
-18.223187556567385,-46.28071337727037,0.9371835193299682,1
7.194023148190983,-45.44517061906003,1.2080160192948364,1
32.41270889359854,-52.06467456670559,1.7147591703827425,0
26.761943049736853,3.3470859902425762,1.13659050899214,1
-21.796272224405026,14.59541281728324,0.96726310188392,1
30.029406730079373,-49.33044444473809,0.9304210751985441,1
-58.19772335028015,-39.51520430079012,1.4363185724123304,0
-23.775369184875046,-35.36852495504342,1.022653140705355,1
-40.13180542431481,-31.825594744407447,1.4396992129311799,0
-60.592427886080216,-59.39859306375596,1.601326300442492,0
34.45718653233828,-40.13290912560992,1.0240853611530114,1
-85.70740523642151,12.192497017884634,1.4036387326011668,0
4.236201784126385,1.4538443992859689,1.0291441261108367,1
-69.90270078438823,-10.951578295114002,1.6257690972306018,0
-62.07139338775766,19.33742425412915,1.0533453228061487,1
-21.431671748095052,-72.00496309119963,1.4812781388753833,0
-83.0424150617645,-23.787902326248187,1.5920723944590325,0
-72.55853312298535,31.366275143215915,1.2714200666774356,0
63.16462230120638,-11.535310502292264,1.5925681991682317,0
-40.62687404671378,46.80989045747024,1.2273713174636343,1
-26.33887863958421,-20.74716941156119,1.0341316349513865,1
-4.401344352807949,-95.62786867717267,1.4386713566664142,0
50.55630503428381,-53.49264101313728,0.9160328871361532,1
-27.948905262135654,-29.480733652187926,0.9865406764550438,1
25.750383379594705,-36.64899423200076,1.2383658752374347,0
-30.55579866775189,-4.627235794968836,1.0584721150063123,1
-1.5384086718477192,-66.69972566599161,1.5145920183897033,0
79.73883840499674,-37.17853504350084,1.2609723352055289,0
62.41040213409964,-9.02850369288387,1.0070471548488606,1
-1.8432888409786552,38.64792838556064,1.1867427817094471,1
-59.15642728129161,14.914438234054453,0.9307580580505245,1
79.16276138302787,-41.993396036171106,1.4705101225344384,0
-71.89009891641709,26.15248833198345,1.0541010914580602,1
69.51210749939628,-2.4529148116032053,1.4924147194424222,0
15.766691847428987,-17.66170282305004,1.042605868594548,1
-12.112474548848125,86.31611690844446,1.5217499959011453,0
17.96416930152216,-13.619346958828444,1.04183813272909,1
2.678134419737344,-51.49801826327427,1.1267317680204532,1
3.795035207791331,-24.399519625258165,1.03945879084885,1
-21.84944312720021,-24.690288505115355,0.9403118115409175,1
65.21238950974289,34.786573730871346,1.5320682937383572,0
-3.118540471085052,-3.317596245835151,1.119704860351298,1
28.199568089598756,64.04435241682206,0.8778053477010715,1
31.902541677121818,45.210459062435504,1.000370788742719,1
30.588237386600053,-27.137937290931504,0.9786342942617609,1
-29.434977739238324,25.683987571129773,1.0944342617656753,1
-95.12301255988784,-15.624061168140138,1.243772177854812,0
2.586384628823818,-88.52828718013699,1.4966657435894666,0
-23.174375215219467,-10.330889389014896,0.9893142850157691,1
16.879634801365164,8.377151693816794,1.084330551287573,1
-31.618609056195435,32.40067707788031,1.065903954950634,1
68.4639338484083,-36.47144139588106,1.613739408845872,0
-1.2164519568062258,-39.070225121785256,1.372872784628876,0
-50.77314827391459,15.38791246370698,1.2989593050872046,0
17.751941440936758,76.94847477462245,1.1843806188159172,0
-7.042431819201377,40.67302783716732,1.194413897680253,1
-6.601547374187289,38.29900128338474,1.3083115894043398,0
-47.49238735089801,66.32497322406829,1.274949503121213,0
-5.346033061583693,40.4388289064177,1.0654706012211224,1
41.83210782881997,66.40146251366806,1.2795333270001947,0
64.36898132452018,-54.30959441255839,1.2317934737285792,0
58.42623556650779,-0.9808545422469145,1.2299814943471503,1
28.439007208369482,4.379117008142678,1.3590021098221132,0
-16.189549138975437,-17.780713174175983,1.000399523265163,1
-24.886459413564726,-50.56305165282837,0.9739607378157894,1
-8.681610620404669,-4.9891543543136345,1.2928995008134168,1
-22.82328261780399,54.294432783084936,1.0540649671102258,1
0.6997670600011447,-7.885434780610032,1.0598999407135397,1
57.58727798137261,46.66840521707995,0.9917465325327831,1
9.79745913549738,-23.618488829066248,1.0743109106360509,1
12.78844610483037,73.07749801391823,1.0470077326181824,1
-42.00219539538947,-56.176773993544764,1.0459628496390634,1
-14.214311026312702,-26.099186466373475,1.1084412599861495,1
22.924123985174187,44.550275513197526,1.5184137857142603,0
22.126691406060917,25.39670192796592,0.980183327800858,1
26.174769472202378,-71.28572298797829,1.4927214675425002,0
9.588626801165631,-45.94711519454786,1.460145361622079,0
-27.453547769768097,-28.34877215356488,1.200148214395662,1
32.18510704626204,21.54447002045346,0.9992654970117385,1
16.97634213737996,27.091800110165064,1.1058178218248655,1
44.08084865815374,-18.477431281565647,0.919615190878408,1
-24.03856515371129,-49.98216779614214,0.8836115536125868,1
-5.138587962993551,-2.2463245691885483,0.9436353340402044,1
21.834911948796552,-12.66937117068931,1.2387602662451598,1
24.89243594661784,17.218919067182966,1.0680790727965488,1
-36.949979521037875,37.01074626708954,1.3516061723784933,0
-55.302486309046444,17.504620784506496,1.0059701605722033,1
-57.39292567191738,21.755761060370585,1.5606533694712827,0
-2.719691677974641,-22.722585309530015,1.0122962664648927,1
-54.066043708194805,-18.818993815691208,1.4304909440390612,0
-29.312511043534933,84.16004432073584,1.5241808566886357,0
18.454101191563684,-67.2422024277907,1.0200347234327558,0
-53.025214521544186,45.284746409483645,1.0358455841575616,1
-2.417105836251314,-7.716834188328306,1.0244593289060488,1
29.452882226914255,-36.45055282692579,1.0032214445271015,1
43.78623845184969,32.63174262974174,1.0150954342077232,1
24.72727154523285,-81.13873540446954,1.1974212338196097,0
-30.38590497358245,-28.269196652782963,0.9841505600510334,1
-30.625523270333584,-16.473157655405448,1.5124859411836398,0
18.189765846238974,-62.582152589953985,1.07878918662821,1
37.28841653724226,6.939646797358056,1.0760692547195039,1
-23.276437500772918,67.61559359910532,1.504484067621774,0
26.187998899207383,-8.569535413894732,1.4724086316914111,0
67.63908523794062,38.89546487509807,1.4592932138873675,0
-4.386599480604251,-17.58817506032751,1.0010280910959881,1
-57.669386994044295,-78.10518210329947,1.2582333591392585,0
15.047142083887852,17.833922930389377,0.9474782326048737,1
-4.370768144132899,69.3900670319825,1.5395984206931823,0
42.417396838029,10.373360499315972,1.2115462829753096,1
81.5324566584337,33.300265160068825,1.0472723295851645,0
28.980479205926112,-3.6249701202355986,1.4867978422908283,0
28.99993010009498,-69.01803062490568,1.2527855335439149,0
-31.99432478313736,-22.392545920036948,1.1434966475304025,1
92.00465144384239,-9.298578119780148,1.4461509120100158,0
-22.810317299142103,-29.240198615733437,1.3652487405648315,0
15.285419218699845,57.33995732494235,1.4303795918705144,0
-81.2860985950916,15.747410091470282,1.3117259922540956,0
-92.32477948302181,38.20182349514245,1.116007273681717,0
-64.72114205097243,-49.20511303100654,0.8020303986534083,1
-45.43890404837345,40.5541121981863,1.4563973624906417,0
76.06920527873243,-14.719478257138695,1.031957025623812,0
69.57872379159944,-14.11297682519218,1.396590621310773,0
-40.416082733326675,22.13748549910956,1.1669970385367696,1
30.562960462822275,57.88520865630018,1.2937486912199057,0
-33.371138003574295,-8.014614088622814,1.0167666505265376,1
-11.122359562176797,-65.87290560690543,1.4212826941174386,0
-4.627978499642784,-19.797721465372636,1.091666001356693,1
39.97661175368472,-66.44414079778026,1.2589189511484413,0
-12.496754833684557,-21.844052528760148,1.1184602847299092,1
57.91994870701467,-9.807650779022635,1.3797723780196918,0
46.993240081199616,5.8543360365930175,1.476667196322345,0
38.18650284694438,11.385369478981863,1.1509207571938567,1
-31.977414989221188,-62.6119934027472,0.930436141800161,1
-21.820199130662846,-37.41978242644978,1.315695589559968,0
0.5523866012612739,-4.962195602926927,1.048637779233735,1
17.688819983475597,52.48537794130774,1.5030331501512417,0
11.308127877649854,31.603731004500865,1.112299076863365,1
1.7427034671244126,78.15905686801806,1.0839672854472249,0
-27.329620629579754,30.25402028331594,1.632545775212826,0
0.9632614369653448,89.0963115729913,1.5371837435768927,0
44.40829419238095,-66.41600839974215,1.5809066280963597,0
76.0125077344253,46.6809781462035,1.1940518946313816,0
-23.229282310759,-32.79744052477905,1.1254716263319975,1
45.281322722084155,-59.990951084918755,1.0965285308022648,0
-23.080261882563907,20.265125512593695,1.091526036776796,1
41.38116329901699,18.605357548583566,1.8033188716566162,0
-14.676796852173863,-90.57880315255879,1.2891068388024445,0
-20.004168188305183,68.45007024867348,1.281190406019639,0
-35.77316637651955,32.539615902245565,1.3682328089200277,0
-15.883418417829732,57.41862305208847,1.362803137057195,0
92.47667884620796,-14.977103940920227,1.5418560899911755,0
64.54567807174826,-51.52933124806198,1.3747641442236154,0
15.773853642499372,29.819924224270924,1.0771339384780976,1
15.449945183634709,-51.81124685229713,1.363831711067703,0
78.5561301514411,1.9519701032232977,1.5189998435890386,0
8.204387160426865,76.72623876451561,1.4931734413768558,0
-46.59030395715462,30.561075779909014,0.9801477333203588,1
20.123865691765825,10.413405723521409,1.0449989207916026,1
-40.980491108291986,-69.14692560575482,1.4498908386893694,0
-20.844334338647194,-80.39887316943903,1.5352811307759129,0
-56.576803787674095,37.589783241485655,1.5193124466711294,0
-48.76108173664333,-48.60352224509509,1.0890091848094123,1
10.922400611493957,-41.46613032829395,1.0188907637017943,1
42.974351319780915,-76.61330276532894,0.9557017746845408,0
-5.286706906494481,-34.38638242198344,1.0467924708682714,1
44.965054895688404,33.37671956450971,1.0435823656309147,1
-25.516001348523204,-24.778757738337628,0.9485094484985922,1
-23.28657667132199,-8.412244489661624,1.253090056628061,0
-24.31727834520004,-91.62621568160102,1.3357564929960468,0
47.865494730311326,21.307926807955038,1.4381158009985129,0
62.51414329568105,12.139659027718745,1.47425599102275,0
-89.72475909041665,12.520608231781859,0.875714016889931,1
36.433366029684144,-6.58227893129368,1.4959634131615926,0
15.929622685279996,-4.04820466352906,1.043713555115108,1
-42.894676349623,11.765486464049259,0.9802742365047717,1
-38.51941002877106,-42.70334594674557,1.5795390004304983,0
-73.36617190606302,-50.29336806118124,1.5075995248008918,0
-30.495639589160742,20.619524187114607,1.08918698234511,1
-79.58544771953426,24.911804492175776,1.4747813117424076,0
3.183417908781382,9.60038629183672,1.0972973867368325,1
33.793906647979775,20.88477103363012,1.0422250939318916,1
7.31294225703392,-25.751233495773114,1.2187839247759615,1
7.725786432166258,-31.628277479540447,1.0615155692119658,1
-29.44572043184387,-49.992910488747704,1.1072645226400255,1
-83.76316151058593,7.509937886295261,1.2984612002174782,0
38.96487689011926,20.21793595195793,0.9805834959683428,1
-34.54635088096446,53.633489649521316,1.4280699910436807,0
-17.406321636481753,20.53223454366863,1.017318067718857,1
37.16292505784821,45.27921454018792,1.1114621793085138,1
-24.98777845419244,-75.27735253104757,1.48548299320363,0
-3.4555661214556057,40.35671522155911,0.9644412666954975,1
-12.72303745456644,11.796344577278603,1.3764642359475556,0
-24.314294263920704,-31.75442273362089,1.174749632836185,0
-22.030129248663215,-69.69053260542839,1.4149516424657687,0
70.90119363258687,7.887793167427558,0.9970929622231781,1
69.29098470199798,-54.04376995562183,0.9261404043365037,0
-84.92309145727793,14.11821513505403,1.306983444392576,0
4.657586321104889,12.082625750822675,1.1188336971980473,1
2.464851136720493,23.116682977152546,0.9986730422225627,1
-35.664513115691626,66.96989664967907,1.3758436801770806,0
42.75472293762278,-7.36113169983304,0.9725534240083556,1
9.901181684792451,-44.26624674021746,1.0743754192937536,1
59.99416883623408,75.00095653303809,0.9389029006833014,0
-12.376477105990565,-54.26850214576116,1.00506925346418,1
19.16003987421071,-44.602316861715366,0.9663682431015492,1
-44.71466752188185,51.88362438732651,1.0588074027789018,1
-2.170740085830438,28.450230917061855,1.0607013060162818,1
42.78358714199729,8.887136610055375,1.018820287656659,1
-43.915037533154845,73.60768420372946,1.1500355590629974,0
15.621168150374029,59.52894009432704,1.4081669841649755,0
60.948666497652766,-54.21419186647749,1.2374884492068279,0
-38.54423016144129,-68.9129957963938,0.9800033032861867,1
-33.296378914681796,-21.87033169615548,1.0301571219073828,1
-2.498272847048905,61.470880721534236,1.0508399053511415,1
-9.764456506176225,63.52023923212648,0.9819028777856305,1
-83.68591321784574,-28.70562323183558,1.1555827309836555,0
-71.8338896763193,17.664133492892102,1.3427899151298182,0
50.968108250830355,17.42942193626755,1.061582450409343,1
-15.516029019965886,-44.35896503338661,0.9540886604508945,1
41.76529066245251,35.895291016339016,1.4008117572532781,0
2.0202504029938946,-92.58312020413464,1.5180423880271634,0
30.603652480267584,30.837224660403642,1.5068159626802613,0
4.581559457520008,22.740688735957896,1.083922583878899,1
-43.063548222021026,-26.562121307599543,1.4303218064512695,0
-30.121316433482512,-35.10672155747084,0.9310484498552145,1
-90.95432622302513,-4.129340262944764,1.296985290320952,0
-39.63456755196302,-1.6173720533928626,1.0228243592420163,1
9.441633167776759,14.44444543256114,1.0493801273674277,1
-83.74786284036517,10.211862372352343,1.3487898093189798,0
23.013980846455873,19.33237056809159,1.0080055375891817,1
28.864788670173912,16.630514514378746,1.0734062084582994,1
-45.99662883947886,-34.17589760753478,0.9563317782077801,1
80.29384266671259,9.81399461437051,1.294915156453019,0
-79.1283566812192,-17.494790869704,0.8592031650968993,1
1.0797783336871891,59.6191894243004,1.0443735536586622,1
-38.510617370648426,-39.56069137758846,1.4027759788000838,0
-81.93035804096327,11.692208016504598,1.2651262520372046,0
-84.95520251229934,-34.93961300582878,1.0917322347814522,0
-68.97405469026303,11.552771203521534,1.5242706572050335,0
-28.112800187784615,-5.331405522580538,1.0446678707519537,1
7.475937445052075,85.02841197301873,1.362505693471734,0
-8.926694737576353,75.36360976035239,1.4965138473086137,0
30.41745817056974,39.85380309304137,1.455127121861231,0
87.30413409624282,17.65444224459937,1.1479429447264533,0
43.674699490346974,26.035952105180414,1.1374630624209032,1
34.224119494487745,40.7845707374013,1.0703907141188882,1
-13.89859414380925,-16.233716273333936,0.9952269216133596,1
9.449988595358883,-37.231785305852455,1.082772242129701,1
-35.408631007437506,-29.28243150423936,1.0064228744757924,1
10.309669255473072,0.7659141950261359,1.0550400023231272,1
-53.51651366337186,-11.326826515988833,0.9365419331726161,1
-38.53611152735343,-24.960740503167642,1.1455237889865209,1
38.149407852663465,63.56072060854033,1.4418108191194785,0
25.07881588768315,39.98072098036446,0.9852417938704617,1
-14.86126733125924,-18.947831003233432,1.1196133500809107,1
-48.40299198312462,58.282449556203595,1.4093597448390982,0
-74.12969454628129,-46.43400989556242,1.4888677896045075,0
-11.855212362516154,77.15857579909608,1.1802745515125053,0
36.06724758659682,36.53724038809013,1.4415601082212495,0
-34.215475948713156,0.9362993849357005,1.0260519348866546,1
50.483068598818406,60.305652617372445,1.2481696055529738,0
-16.486777788141165,-1.9483337952813633,1.156009946746034,1
-55.92404268063372,-9.574737072282357,1.1579959368856665,0
-33.131965662259745,4.887925135530451,1.1199024857642437,1
-34.47703715997901,-62.85642858232302,1.1851168687106264,0
1.4521156901310506,-84.43447689907907,1.227678552118227,0
-95.67372163341592,-11.130040912111546,1.3329632653662014,0
-49.76993993555673,41.23069294664712,1.4249379341498976,0
-16.43930376778832,-26.87314396093986,1.0388355091012857,1
1.365452770654248,27.084778146407608,1.1349129928148871,1
19.760586231674395,-30.09346500820884,0.9245930236188096,1
-45.4611218898986,78.7575008045804,1.27405968869113,0
40.26393742178381,-49.86399817748098,1.451515066479913,0
17.496265356924372,-33.56375259730909,0.9803478651702795,1
26.34171419193108,37.090726028436954,0.9578494589117196,1
27.158353267828947,-76.57106653799082,1.3549624371030102,0
-94.69623850176815,-1.7379289370774804,1.1637300449427614,0
36.1659460749104,13.543625896365624,1.1026825979946941,1
-50.863665406054054,39.747962640577285,1.5095410710582302,0
-54.69820984998362,42.988674909921656,0.8904517773324471,1
8.111967709452385,31.285313931127252,1.0431689184351125,1
-27.247049345238985,-20.11151419012273,1.0775161908913626,1
-35.93155222903745,-10.055435732462058,0.9692449633044797,1
-19.229126247763546,39.92730103352806,1.3683357793098385,0
20.9385198810209,-63.36865262105196,1.5018240390200055,0
-14.871467463632206,-36.220778568417956,1.1119973407960402,1
-25.567608401236203,29.04555513228672,1.045722915657209,1
49.631239837693805,13.661124096738952,0.9066417569545349,1
28.316544075748208,-29.937497026676233,0.939416471918429,1
-25.154014735922093,-48.2149948625273,0.9990653118244064,1
41.27725284655291,31.354462297323984,1.0605914502862688,1
-46.51114727479786,-67.70315017909047,1.217507524883374,0
89.02216592990982,-9.609970458769153,1.2245600017539464,0
29.239818823570616,29.490481651033715,1.0178352964876887,1
22.38874799840872,57.177710112984414,1.3908789467748797,0
-55.015933122196586,74.26228076540879,1.171685670189656,0
18.89997719071774,39.512817035766666,1.0989711928488661,1
83.5703439509989,5.588495602029892,1.036012541451394,0
-41.09695388391108,41.46903151842661,1.3547052601897709,0
-35.144762528576365,78.97407496962425,1.0620669257932287,0
86.99856874654485,-29.731396479651025,1.1013421157660988,0
43.97938989465677,83.98995168781447,1.1978870617104795,0
92.27666474964796,-3.6707425769483577,1.5184826630667234,0
21.153157495358283,65.79202935274533,1.4207626198633432,0
7.5499643631885744,33.74924308963178,1.172803597142215,0
57.309151226726605,23.713066757469367,1.3859972211375295,0
26.946253952283254,12.813645013411321,1.038931329641985,1
-8.951301496511231,-35.73264569388456,0.9613332272634185,1
-56.34306686252813,28.410652575883475,1.433806203768368,0
43.44640702963689,2.6428580721653074,1.001522672010162,1
25.311932317223846,-12.17720015815741,1.0764540434740633,1
-69.40789419933378,48.201176270756896,1.3955013158829312,0
37.80547746068468,29.70779357687672,1.3212680558666283,0
-42.18655386203972,-49.88190266515691,0.9481018688900562,1
-3.4978858195987246,-16.74883438048897,1.0185976193428978,1
71.60419798132513,49.444150915746704,1.2737325256901317,0
16.59889243460649,-36.799809699857704,1.5998592683981185,0
84.3222379149767,-24.380646188837403,1.2349949475509068,0
32.87164467925821,11.189310103700056,1.1215366225814007,1
23.26652364512496,-86.28984281141398,1.2886395169908678,0
-96.16877267327725,-3.499384999188806,1.2902524902011292,0
-52.965055442953044,43.11400632365321,0.8952295903315636,1
31.517866472205494,16.1200070709008,1.0347896395085545,1
4.207554603844906,-22.085185548266715,1.0678189401469051,1
35.39219866652604,32.607056139158274,1.420653665020945,0
-46.11553300122418,69.61356626289324,1.4056354503942996,0
-3.484213301737085,-42.512415537741774,1.0354029966874563,1
-25.17768844740472,-15.73605527962796,1.1497913144498166,1
-19.254618672535898,96.88350376659433,1.507773717744578,0
-28.732955268967903,-73.96885157393666,1.4379247077064583,0
-48.16068458324362,-67.20688175664817,1.2275779133692877,0
-6.943360320727883,76.07231178385912,1.3346286003300705,0
-26.913910361642856,-12.674644582206765,1.1029361502197936,1
-4.480598040902914,-61.5533905689075,0.9333906071166586,1
-90.12468023786916,-34.16990088917442,1.5058248719296048,0
38.920224402635945,-11.887202548538548,1.0588353696253854,1
-13.459698610384672,97.1788449221006,1.5150579095796883,0
12.243312478900792,30.377201403184436,1.1243516416865635,1
0.604539760352174,5.7136379789383,1.1665078031839626,1
-74.15441979116709,-35.01245519500609,1.3829493365638765,0
10.530505379274276,85.94268368413033,1.098544305910716,0
-63.6302138323178,-19.368244414775624,1.3136951074143524,0
-61.88308181558467,44.386816458660284,1.51623067898659,0
-11.942293279849116,-24.296389776244773,0.9709000756541402,1
56.874351122929646,-51.04121824217375,1.1647841418431037,0
-4.3638119508348705,-33.41791240678512,1.1324052382490444,1
7.188651801888194,14.914438234054453,1.0738997235214296,1
37.33254193257781,56.37701887089193,1.493591110669822,0
-35.040735103745504,-43.79079595780359,1.3376663320790323,0
-12.909135614349653,-26.488521832568026,1.010302664073616,1
-15.961324160517977,27.078957802116655,1.1241558492877521,1
2.8903352182091324,48.730781834422515,1.3606956761282891,0
-31.435397316849674,-67.94671688982714,1.1331807052461451,0
19.551700542121804,86.6097037709434,1.0797977104013843,0
-71.060030403864,-25.82835536543632,1.4774436268395654,0
-56.16375767048216,49.65263788394067,1.1289858895198128,0
-23.070621004584556,-1.5618222326547133,1.0635420945098144,1
26.65001606528142,-11.655821477034152,0.9873664064646376,1
25.868403794191934,-28.694627173838384,1.145539773306796,1
46.68595161500238,14.851772527188677,0.9079463493019079,1
27.48176090186351,27.869148907942837,1.0152967056253066,1
10.703302732674382,15.385684349685079,1.0640330792081425,1
-36.69901685765676,-17.364997192016066,1.4527587445993986,0
1.2549852228319194,49.649621778374446,1.424820150825192,0
-1.0653170167181751,54.33116785262693,0.9768358085290331,1
-32.609377091264406,-72.29146890063886,1.3997286766579133,0
-76.62467738102895,14.306949499261538,1.4622880595414707,0
-69.99613722705055,6.333608419503692,1.1727587057791589,0
-83.88705233335504,16.219613646017503,1.4798853207684526,0
-52.60870774769469,-38.60546276482367,1.4060737176695657,0
-6.60914321744374,58.83056560558959,0.9664401605486728,1
-46.38911405616449,12.64528000649375,1.444239166624852,0
39.344710821129716,74.48988397319482,1.2683070477814402,0
-2.510950047518296,-13.185729079136527,1.1040746848733518,1
-18.025342967748294,31.229902628750864,1.3259788162216237,0
43.14230696546356,13.353859985655147,1.0737622472098902,1
-86.22271695376845,-5.1703621242212545,1.3282813668031233,0
-24.976760307930316,-12.216828757546791,1.031144453298624,1
4.509145751808445,8.007284766182366,1.2166910984644457,1
-50.71677159856223,-65.21074315429148,1.668259157077009,0
-46.472524932198645,10.442468080328723,1.4054115443964903,0
65.08022410139847,28.700893744524954,1.4271631821953137,0
-8.585201840611177,-28.471119486017123,1.1181447864014835,1
34.733512458803574,-29.294129102854292,1.0933326536707058,1
21.56996848048849,-29.012061392410196,1.1104721829032824,1
-32.73078073989326,67.05230634637927,0.9865641061325133,1
-82.52871446781066,39.92411969674375,0.9610047634142681,0
-27.06613617411344,66.44199685342564,0.9434100090556952,1
-10.778501580913302,-40.07263068376759,1.0948205086654719,1
4.293329591315648,-20.452337910564797,1.1646314100154254,0
35.53239110195212,-60.112313138259104,1.3607538789616112,0
-66.5979799716024,41.437698664993725,1.18772443894529,0
-54.20583643889538,-6.0033747177412575,0.9396294699649368,1
-25.191614160041553,-39.99800807191364,1.0792829583844263,1
-57.04053812005897,-3.2070097043072994,1.1219583236870656,1
34.100714654211984,-44.79767531534812,1.460878713022832,0
9.157836748177743,96.1248725592116,1.1235162216126557,0
43.568332698430076,-13.394794842559408,0.9636365108798961,1
24.564957091383803,66.8141766602893,0.9493618905912173,1
5.2253558648076925,4.974693037344592,1.0826477132791235,1
-35.34125987556498,-88.43340576963526,1.0998013224686065,0
-17.18568799997009,52.822605592224015,1.4559450069130984,0
33.103840800833325,-33.53977615294307,1.0557318977703225,1
-59.422129878402494,40.33164893881279,1.4050326552157875,0
5.416107521970563,-7.689977456814395,1.084508335206803,1
-37.895662006466836,76.3154371976293,1.0982768145214985,0
66.19329328597202,30.875182540047565,1.4699751721299126,0
42.34979038626572,-70.70525852709152,1.389025937336283,0
-76.15888686811368,-19.11053396578675,1.5557343695352874,0
-8.353228785371215,-30.068545311911333,1.3051089477700115,0
88.81355329354616,28.979407997261728,1.3289617412818087,0
16.63899848700058,4.0256450090573725,1.0401144096353139,1
14.182592300300572,-3.592087839984595,1.681267331874904,0
-41.05499024092061,-20.887375322746607,1.1342393683356364,1
16.521629304259026,33.99430286565748,0.9455412030063185,1
-17.709708552430836,77.36746148864864,1.530363804004062,0
-39.142979425421984,58.058128313591446,1.4404316288771566,0
33.62462785540727,69.02179999073219,0.8698336507356423,1
70.78799106534545,-46.87799168442975,1.441167593506399,0
-93.48971475891243,21.286287308166447,1.4612605570446826,0
-98.8207378073174,-8.68895981427418,1.0959496260981956,0
36.60381390027169,-75.38050837793416,1.453288692869909,0
-20.37888787275002,-16.393348916086737,1.2497067448344163,0
-70.5295244064197,-22.74619425025618,1.4787978977335505,0
-38.24806915544407,-27.95770044906417,1.3296797706931829,0
-4.504380809171246,45.84864717025364,1.5217726893973025,0
-33.13523852559835,14.974119859640892,1.1922887975926297,1
75.59489550632172,-48.593495731996576,1.0831651742323631,0
-9.756061100471712,-67.80759302386676,1.4025887177651404,0
-26.91676420787583,22.611261524392006,1.1179717879261333,1
27.565538584839157,60.71201129878321,0.9521081715793007,1
15.685708472402457,-42.77657559437596,1.04028563105447,1
-0.6579899220906376,38.25741404155564,1.052680699806896,1
9.321523896284033,32.44516972975501,0.9982972051086761,1
-19.96780083571054,7.648558408657389,1.4226438013728595,0
-65.41972845272828,68.03098121186561,1.5631634932011256,0
-10.06507661044141,58.04290587467668,1.2697104324542743,0
46.10803454057357,-1.4482741142312574,1.2449669970889516,0
15.791758130175303,-32.28179127971211,0.9737860936051426,1
-68.05009041686344,-54.71628816763699,1.5174611892273973,0
-5.990841576368085,-71.50407816212392,0.9806788045296495,1
-14.267566421246443,-21.49635892937585,1.0816620698218542,1
-47.92359932560144,-9.39202281650803,1.0647202401420353,1
71.60411541781146,-40.80107205206187,1.0908298160838272,0
15.791758130175303,-5.389250790456651,1.102628495021891,1
-27.77799878886537,-71.48448088652226,1.2992954133783474,0
21.765888851379195,35.51892265152129,0.9362199762886879,1
-12.960996888997203,72.41130472662483,1.281154998690758,0
-23.560588912850147,58.519469000546344,1.3798976306299287,0
53.478176995642215,-64.92314680016328,1.385217106365128,0
17.052444703592652,-6.65730979997585,1.1207206074394636,1
64.34514780977779,22.01237396505125,1.3171405637755198,0
-59.49025394403453,-74.14114481276562,1.492267021504596,0
-77.48899498075197,-2.3812968608994503,1.3919532127678442,0
81.16740867507917,45.43960033400531,1.0177508187889786,0
79.67779718228383,-44.445157865286205,1.4241511408867937,0
-27.146784214253724,48.376451213157935,1.5088195231128698,0
44.38562729668231,-58.11012120935293,1.4545104418033443,0
-47.018728127324074,-18.52311859494563,1.698995761925926,0
-42.47870570922087,18.423717818537853,1.0672295264595826,1
-31.48951770005194,-18.08950071525371,1.0190166692837739,1
-18.23002381549819,-54.59892132741706,1.179949017023472,0
9.706221707876695,29.740680288075595,1.0726699153177506,1
-80.79478592220711,-39.70367259211578,1.5966247643797757,0
13.974452631067827,-36.435632420529195,1.0527118218864482,1
3.3839481707518506,47.39688325496239,1.0659462906054944,1
70.82377348602523,32.02865886774196,1.4387005472796919,0
91.19767566135744,13.612081369626617,1.0263540476881587,0
95.02359221810985,8.885102009183095,1.0523856395978008,0
-26.53445073573674,-18.835521035084366,1.0590659935668818,1
-42.62407443361168,-4.773987486683577,0.9295769028143628,1
89.62185540335288,8.974388862198628,1.2652040708452041,0
0.2556760840123575,17.651676309951494,1.0465251281025072,1
28.56720690321131,46.19715910144932,0.9737916133145569,1
89.21716686480387,21.03061122415409,1.3365107210842095,0
-10.548727322405469,-30.239684990895658,1.1274819312487019,1
-34.29417241780042,59.7043878808621,1.4967991827893037,0
-11.655821477034152,-67.59321034248384,0.9193022657991525,1
11.625741937738578,-30.69616985113124,1.0626118448011301,1
-42.97864839682314,4.677368360461439,1.0490780112265636,1
-35.19633049096007,25.246106079055284,0.9813903645497143,1
-33.77199556166307,33.405642198447744,0.9558629204185203,1
-39.58682225149388,-27.1252988290426,1.074055733598576,1
-40.62528253669814,44.766102231932734,1.4448957823402133,0
-54.23379498503551,46.4362528753372,1.3361340875919419,0
4.39872832709439,-69.87428462975416,1.3085359806097632,0
15.845471593203097,22.39851408259559,0.9485840898168193,1
-69.44542692555528,-68.17555958265258,1.4916339118364335,0
-65.22864345672019,-4.321209177787794,1.3787193670192268,0
-25.577555338833942,19.800373982065356,1.3768161232890674,0
19.845198156556453,59.9861529696663,1.4839160474694777,0
76.60503915563234,17.338430411719603,1.5052740886314286,0
-74.8451351379543,-61.855230390310986,1.0118485251180087,0
-34.641602755400434,-18.69526921495622,1.3694256162337275,0
-2.2077610572711395,18.03808269936385,1.0220288184517783,1
22.694156476659195,74.63944217276236,1.4252035050728435,0
6.866129071185181,-21.411347735057515,1.1280517663433567,1
30.779724126952253,-69.84636132983461,1.3799382803491722,0
-56.75656280354304,51.26983202462853,1.0008587699919154,1
-10.273132977157056,-21.092064046370847,1.0907537444807405,1
31.347502559167822,51.0945247850271,1.459813803659832,0
12.491364235244495,20.512574714063696,1.008334487538759,1
33.6852276598489,15.06869228172406,1.1104759771338124,1
-1.3786455510470503,46.283100642293824,0.9459515718365583,1
-44.2078077525831,-10.687351461835808,1.020482722116883,1
20.53223454366863,16.11614531865695,1.0887591344613141,1
31.907649226897707,-15.225605881939694,1.10306267243732,1
20.529285569227888,52.41359722253422,0.9735400000402659,1
-71.67564294180977,-2.9661767916466935,0.8722615422839995,1
-3.0754400754126374,44.184143779361044,0.9449279826468723,1
-55.19792611275918,59.08460815656905,1.4684354555518995,0
37.0284699013546,-12.540104229473434,1.118743030817167,1
-58.47192494475776,-3.0561583194539614,0.9357053555199764,1
-6.653009212249771,20.35591044689926,1.0525484207025138,1
-55.80033053581343,-17.89454073833798,0.9970867224161707,1
39.679925587408725,-1.2282478545691844,0.9874446506027589,1
59.91386495558228,0.8664215123180931,1.0294659008207077,1
-43.19510312077363,-20.237337099594402,1.6032646589955764,0
24.240569902902156,-3.686218050927952,1.1539218196117844,1
75.61705937738162,-25.28660217886969,1.4614197280718917,0
7.9065455683839465,49.59657370198082,1.2478755257929133,1
-48.20962351622451,-75.1451347759022,1.2552092971290683,0
-62.359569478135654,-57.510681996062566,1.2682750686505428,0
22.454376084144513,-3.263630013569558,1.1014301925233307,1
-9.607134906422282,47.92962487433853,1.2622248108139171,0
-35.0510187069235,-13.886720641455737,1.11537676826327,1
-25.490481377401416,-19.58062317605986,1.0519585737935648,1
15.475445514567092,10.474125290422407,1.0078755215979112,1
43.79736093661809,57.05563406064848,1.4339376935898311,0
-0.34018526584278674,9.944152455214699,1.1278856640052273,1
56.896663912495484,-47.61074553147609,1.3244552746350173,0
-6.736563488070813,51.15088322918885,0.9510819341087705,1
2.6319596883625502,-30.380334688527736,1.1115426701143074,1
20.85438766060429,-3.5054816628551753,1.1336421114019695,1
-60.846794553670975,-30.140598189441217,1.436062378296925,0
-33.49133889159753,28.51707433771868,1.220813299463573,1
1.8251387124656973,-1.6763076586594816,1.1370112675808495,1
7.135043659376132,70.58812670082935,1.4671299028510245,0
-42.7004126583391,-23.361775519560936,1.166091812010212,1
0.7967497015791435,4.100127677789287,1.0951250716840586,1
37.8083098090176,-72.57802912067693,1.468414646212242,0
-12.243312478900792,-55.686313763599316,1.0940289462840669,1
42.73801208245856,3.865992069719346,0.9232118945523393,1
44.42350350850355,77.34676936391554,1.1600385601351646,0
69.39386397853457,42.62796498747474,1.0952922055031495,0
-13.62531512138709,-76.47006686392145,0.8804450798439671,1
-7.155826907815639,-2.6359384634016463,1.7531851953324777,0
2.0716545446215,22.227894847095477,1.0197082928564087,1
-80.21210478819201,-31.977414989221188,1.4383795479892587,0
-70.55410345840107,29.823264613762717,1.3263067635774692,0
-3.249446165771659,89.91764719301327,1.0484107675459413,0
-90.01045044120474,-8.255805176316724,1.3380808726136237,0
-2.3752567927678068,-79.83007047886572,1.422783034343242,0
-18.699446928747268,15.766691847428987,1.0085404269748997,1
5.91218530981933,56.64547723377331,1.713337380990302,0
-82.32545173007918,-18.9812265209989,1.2277673960456843,0
4.788605902007331,-88.11271334059029,1.1749301070120588,0
78.97817179732984,32.039619240219025,1.4694813349529623,0
-2.6472440071102867,91.56529675402071,1.3534691212249077,0
-75.1106520588967,49.487340807113156,1.193084033144191,0
-31.851115765345007,4.224007376303862,1.1741477960099236,1
-55.674563943561985,-65.03133729995801,1.244727990544426,0
-19.668388410078762,-7.982314522833539,1.1149215332038294,1
50.98408186238436,44.60692463427903,1.3486348349233377,0
-61.14538232529229,-41.50649471274854,1.2011612226612463,0
-2.8575562330793347,14.889371951308137,1.0070494032091988,1
-14.492088538465932,13.424196218725884,1.4307032736940295,0
-91.92633313764476,13.19873635675849,1.4843946571278865,0
-72.87149148014288,40.44714421627681,1.4024520987099172,0
69.78366681114959,27.032689410029143,0.9954257326744096,1
-61.21138951775797,18.168325503764127,1.2803178466429392,0
-77.14548509050515,45.68463361806204,1.4883024496309742,0
-31.839192344362964,29.071874729170347,1.0731905544821971,1
56.64743426300531,-22.96402563673741,1.2518541251399844,0
-49.23907380117896,7.1762341733387505,1.1188452411477994,1
-61.59295493468293,32.01049277153776,1.2879176551086946,0
82.6969362952175,20.573424023629006,1.4288654707557624,0
-44.612015125873164,59.28175869502316,0.9333453809016138,1
-18.248253839313673,17.847193315372735,0.9747816423445761,1
-63.628779834449034,-23.3578176854431,1.0936327072044603,0
-24.604535432562184,11.866905963318874,1.1687959549788667,1
-32.77986157324267,27.014616541591366,1.0513259976461067,1
-54.3203634204087,81.42652296952188,0.8374585526651069,0
-66.19527820295781,52.79794689131097,1.5702911098286154,0
66.12127298723061,21.48538521112285,0.9181527247867003,1
57.94868820351484,-24.177569085304476,1.176329738574949,0
-43.6704778006213,1.138009236682465,1.0428327562509963,1
-36.68629524799229,5.281823864401033,0.9830520263660063,1
-52.96876896632287,-14.004625008447633,1.449129658540962,0
53.09494436263848,-18.275598875036923,0.9932957123776356,1
-48.71811096622108,4.0643187024373955,1.0016519401084167,1
71.57933741104416,0.774638737882964,1.424894464337956,0
16.741998121558137,95.04450791507674,1.066582619011716,0
0.19369400303966303,60.68319177583959,0.9801612722310681,1
-66.35658911097147,-71.45169474675204,1.4385203169159206,0
10.811483531895293,-13.727087998702935,1.1551233135824137,1
22.661815371947565,17.1114241924075,1.7169419559028292,0
23.50859231850361,-10.053369830037914,1.1100034425122645,1
-16.34530520748966,88.90697161581829,1.0725396793229824,0
44.81294326534756,41.8189150484272,0.9387789075834436,1
58.42484158718418,28.115042252430957,1.447139973690369,0
32.63872590499366,52.68770915321162,1.312057892249179,0
-2.859122875750985,35.9857821676713,1.0940047226430463,1
-58.393994514424676,7.185667720608858,1.014312970769546,1
74.9147637011385,-4.258482924345345,1.4812611918132175,0
31.85629639611928,83.76807646798719,1.1404396149888651,0
-73.12583784399094,25.399059258631695,1.4763184642167277,0
-33.7298167205034,-10.402507339718651,0.9484983638864841,1
46.98945023452879,-18.541676796167554,1.2726819696182095,0
-33.42635223262562,35.645182446095276,1.063131705593182,1
-24.73782800687561,-54.45866015280213,1.2968834561762603,0
75.78313975928415,-1.1738787342462116,1.360066130620951,0
-36.28576522738987,3.9316928678008556,1.0586816172169198,1
-55.50324866622754,11.433010074844724,1.0865442723474898,1
49.19954274595182,84.18650317474585,1.3612242068652007,0
14.711979796488114,-93.96642403873135,1.2845481880943572,0
-47.65378864326268,-2.3673711482626145,0.9654099059686058,1
-20.706781949755822,-44.30973575736233,1.139859943519017,1
-3.390632512817527,-55.59200187476632,1.4122034875137905,0
7.173380327105776,51.26054821620396,0.9815437875638634,1
-46.09984294490483,-38.40301965456731,0.969466801992881,1
48.854185072558195,-27.841478336080037,1.1021865368077803,1
-7.855593967816784,-87.29780578594358,1.171489494722928,0
9.237263925565863,72.86497407511817,1.14973050634057,1
-31.56413511389728,74.71948788331758,1.4981186223066425,0
-75.46425593859682,56.91520670632741,0.9505945492202675,0
-17.183596461615156,-46.445183372833874,0.9648473108690847,1
43.160181055028,-18.027934406754014,0.9746207712138217,1
66.31902404514393,7.697593544855646,1.3434884931681217,0
81.28995494628333,-46.50998631012329,1.5788552536316596,0
-46.447821928912425,-4.954768556187274,1.0218580446457466,1
17.98088015668638,22.877160719798926,1.0598107718964696,1
22.37165735108168,4.470153756425294,0.9797872965196803,1
-31.871778511933165,85.04154193064774,1.1923610746206976,0
28.372246926295553,-65.45363453567015,1.5125255398486637,0
12.097667816969116,-54.48517679322926,1.2918862492340935,0
27.856555799386097,42.5709035308165,1.6860121222162077,0
-24.42796694149118,-43.28597268202905,1.1938572999509316,1
-42.10398257769896,50.94353346382416,1.079781664583322,1
-75.42502102003178,-5.988536630828204,1.4810292833550525,0
20.86350267251203,-21.047322079318306,0.9634046237183989,1
-53.859086194238095,24.19731827777125,1.1036111126792805,1
47.31629490171106,-28.206940525700603,1.077700397045161,1
3.0616673925849955,77.86661690264442,0.8403299535054957,1
59.741307212038855,50.23004548107789,1.0591825321462294,0
-54.229938633843766,23.08990276054326,0.914838380383529,1
38.61639901945814,5.793892211932809,1.4154895000753387,0
-4.03081998355986,-58.86533496552801,1.3058523207155153,0
-2.4181590414087246,12.208754184673353,1.1314539615186532,1
48.73999422893612,15.931015256543688,0.942265191321522,1
-83.49093628936257,47.625937217989005,1.1374705140769006,0
10.386592239562267,-68.30562048369477,1.3433104383509833,0
-22.174707986646375,-65.19471575000094,1.2896186941584855,0
10.204065934643706,47.975820747989594,1.2432137485754948,1
-48.336148562467784,-10.68450302061464,1.0300721065084837,1
-74.9646763869579,-28.31830311313392,1.3653314590492316,0
7.070780591354956,-91.12115992507567,1.110463220311929,0
-13.305344599694562,-44.61394033960176,1.0576069212252521,1
5.672049877850906,-45.463166924621504,1.1512652056935833,1
-16.175348214626403,-40.398492359469614,1.1316833046968133,1
-37.599424119465006,24.143387790650422,1.0047779160263453,1
23.271094555508103,-39.88487931104033,1.3905193899051038,0
61.09011195029265,61.47207435404595,1.0610622851843066,0
-44.17932334037138,-55.52181628307666,1.073745506094124,1
-33.526153173189634,-44.943844964133824,0.9799535277989656,1
-13.042822455663298,13.928497779366273,1.11544921019478,1
2.645509030387585,-40.29913051795273,1.1519042269365265,1
-86.05254866808225,44.8348611261064,1.5650211640787952,0
60.63640461365352,-31.964843753193403,1.1463040276044048,0
53.51651366337186,22.62928303486321,0.9981543656803722,1
7.390920615560523,27.752734353686282,1.397105685649781,0
13.855515677220552,54.84656131929852,1.2283366304259296,0
-23.797684290246767,72.29177081310796,1.4084985663164404,0
-22.34032449764879,90.60834555722407,1.3314122328926226,0
36.60641368759196,-20.592915363891613,1.0378731748467642,1
11.279827235839502,-45.01188201730239,1.046566159457414,1
-0.4287653627658305,5.046238500243992,1.0201345294446673,1
-3.5206733493680766,-91.47484137670449,1.0293125912179146,0
23.167029784378048,-30.72547812018846,1.176775272068793,1
50.817412146224555,46.50690673824304,1.261306804130391,0
16.36508268235155,-64.43723528823585,1.8058970775385308,0
-5.818958494679096,54.952453574981895,1.3854954210476114,0
-22.895363615602786,-55.423341600859004,1.26295333710707,0
-42.939301928754674,-59.50583607108865,1.3296805554715931,0
-14.505462041877811,9.254735445545512,1.022905049563916,1
-34.934042720774045,18.523982949523088,1.0967413371483017,1
-19.551700542121804,-30.831527777961306,0.9249307355415166,1
35.85797710761611,-11.345791137803484,1.1956251238343527,1
-3.8763215818400707,4.12698440930317,1.0870591721011142,1
-8.447819329405442,-45.38925352677981,1.6387840573864134,0
36.25211142185084,-32.96216181139766,0.946754473724904,1
16.764568627234482,-34.382584500355215,0.9984648703906441,1
-32.084841915276805,15.008436794353115,0.9988168719285659,1
-9.096896641277743,41.22321513951607,1.834693534469256,0
-28.6108117909054,-35.6998698800962,1.3728489061814397,0
-13.206217483935557,7.097471540575547,1.1252388299357277,1
-84.97580763754605,49.42605123999172,1.532722326439023,0
-39.861985956829294,-18.70076620678653,1.0060421826324473,1
-25.692939814967755,9.911208197890966,1.0351844849314114,1
-22.79119894789493,97.05537223696251,1.1269600455949642,0
-19.692698382569798,9.110027135612041,1.1097592757898345,1
-57.358816718627665,-47.14251605073874,1.3629112848930625,0
-8.673215473849638,91.07932411140966,1.4363643008874358,0
33.08152506257056,6.045748671907621,1.0552304829883332,1
27.07874716108519,-53.66333046231453,1.383701076817108,0
51.78694015387647,-74.73929972191434,1.190738716020903,0
23.380005543376416,-0.022787529769380505,1.2022289617358464,1
-3.48649205471402,48.54883217364859,1.04784763134633,1
53.701029355809965,-62.78407542318814,1.3221464405682943,0
73.08140698588646,32.40146864470389,1.3856480632056143,0
-61.51783026699558,34.0205159717974,1.3604893525315669,0
29.06011133978704,66.1286039585625,1.7239640944174681,0
-42.35464540516206,12.628983042479128,0.9741519038135695,1
-23.40689482850428,-64.09448498231468,1.2163749377664226,0
-31.811683705861903,17.845265139776863,1.1754021516034046,1
-34.276534842582365,-49.48341304201044,1.4444875588199526,0
35.670215572382936,50.356371588569196,1.308611345873496,0
-44.96759196884088,-48.542835455288234,0.9254608576023671,1
-35.634927076323955,86.56320131193732,1.3975144502776433,0
-73.7605210622965,-58.13825874878673,1.5067701640196738,0
-19.542748298283822,71.6403313133378,1.2624210553507489,0
-14.242661856453356,40.2915428864187,1.0354491273902722,1
-52.60193307668217,58.48234751554625,1.0618163901701367,0
47.3056458273417,2.5948244546643124,1.039963379776024,1
58.33227828796597,45.17627776778144,1.31905723577197,0
33.472771274748425,7.3759857933123465,1.0746263797705498,1
17.126955457795425,-71.63442283240472,1.4204678460016757,0
63.50812434288202,-16.91022201221001,1.4283074380982395,0
-39.42210096487527,-10.975450945348607,1.1645520187436202,1
56.30594102539711,66.64738947124656,1.3383053406419536,0
-31.143794181665324,58.13465762019204,1.3191840293439578,0
-35.82389575826804,5.2848079456803685,0.9878802637843157,1
-43.3808885105404,65.67513528255257,1.4418865509660583,0
-16.410059771250957,61.930429238549934,1.0584087577171055,1
32.24498761060046,32.384244736968846,1.1176871556356673,1
-25.45582632952969,49.70576121883148,1.450715082382463,0
42.00782036767474,-34.357154938148824,1.0187695774452112,1
-10.235398788076594,-5.080742695117437,1.1644205108155843,1
-19.867535704725306,55.867730984975736,1.2574313500348073,0
87.42952313361286,11.101021085582483,1.329303275364811,0
-31.116371900078462,-40.652953108560936,1.0085912220271267,1
-23.74363633756853,-24.836952925439522,1.5601103702749517,0
37.60906499744436,-11.443722161488461,1.0560437814654966,1
-27.781796710493598,-78.94486493823968,0.914679634256065,0
-89.17057627404716,38.32416664234746,1.0102598870476305,0
-2.89719593602699,98.5571261376426,1.3157967009729437,0
21.051035602688135,2.316310201927541,1.0900869681058667,1
-79.75538861950925,3.175770568282495,1.234791952471984,0
15.97158146292058,78.1877299968324,1.504640262590498,0
-57.33912178218414,60.60818282368206,1.156134764991102,0
-38.33534447188873,55.61179781088393,1.4343739018900645,0
83.3856199679872,-9.959979138147984,1.3923867085988386,0
38.11865426206714,15.652998350686797,1.273260055913494,0
26.134324358978862,25.02268921109903,1.1978082144688909,0
19.551700542121804,-71.72185098828656,1.7582679517485613,0
-49.17169132067813,-45.81432860132387,0.9984531769365802,0
1.9495997691574574,45.98270312684202,1.0205355079732623,1
-13.07624416599171,21.251708692480516,1.192330014364816,1
-8.00330599114327,9.299590898881018,1.1394825531403512,1
86.60400688850106,-10.56404560630597,1.081456054537415,0
-22.684985885410555,-27.493154666748186,1.1747667949126739,0
-46.09247050880298,-61.2649440064224,1.2998704869428543,0
-18.318175575395493,66.49491137478367,1.3894829829578268,0
5.389250790456651,-0.778573933786906,1.1246973299165137,1
-62.878770269118654,17.111915688147626,1.2990769358304401,0
-42.25596818349106,32.19089157304965,0.9283203979988274,1
-0.47971679048972105,-46.25593521271655,1.0780206273987736,1
-35.19884550260685,50.373587442103755,1.3875051084256242,0
-31.52980279732281,-3.6525154858908824,0.9672460034288934,1
-65.90691648199926,-6.134276416527519,1.3660264943684217,0
39.752505570286104,51.14644051116478,1.7604320087651188,0
-37.03873095277124,-87.25924831467654,1.0983506800595675,0
-59.432156391501024,-29.162113347057065,0.9974245833751748,1
1.5629564535934506,-12.0465605904325,1.1034536429031605,1
-76.86803479453657,-48.36083505305128,1.0538373029319448,0
33.112559507875524,29.732192234658864,1.1363896524354056,1
39.75204612022267,-30.46432872369517,1.3321298134827955,0
20.75420464684343,79.07057272258302,1.0270915400123741,0
4.6054881468396465,73.95082979515246,1.3700682783436509,0
-48.38476195930912,11.705954042526784,1.3209744952350302,0
-0.1575594915482213,-53.28733622111988,1.357700610668874,0
27.81393297042475,55.786940427508775,1.3039865559621358,1
-70.84276423297344,61.2805222844463,1.5542126240223035,0
-31.89191603121813,77.89840239761969,1.4597911450347667,0
61.08916960883604,-2.7506947118977134,1.1316343985229183,1
48.358643944419605,-4.950590842396226,1.2637403206490758,0
52.06053596342662,55.40981799846548,1.2020009739412885,0
-54.43786892107406,83.77558174077555,1.2604411772532185,0
-24.701186888918112,20.81046387133867,1.0332486893689394,1
61.68642242966918,0.7796038786352354,1.2824346964387674,0
4.656544064026055,-1.9442437258355887,1.2228553748367361,1
15.554288083105005,-60.77913926960536,1.4113548277848975,0
6.1540937768184305,-17.234676201084692,1.1502107017925487,1
17.77997010255306,79.06703141728102,1.1465390551854258,0
7.113960692852003,-58.948788670482614,1.3883866829075924,0
1.675727420632955,-24.31893616813297,1.0636406501782738,1
19.06604131391205,44.833396655782906,1.3677137524051195,0
40.93010643938096,-75.47144406379613,1.352461134047508,0
13.314753644244488,-62.75457823187557,1.28258273341602,0
-25.564551537486658,78.90682396713416,1.0772562900913123,0
-39.12846736698992,-60.36796428069659,1.301954941586623,0
23.687637195262955,38.47674401558586,0.9583755268440461,1
42.28681899302499,-67.34975956830213,1.3450768618448399,0
-31.959510501545257,5.997416339055638,1.3697021517012182,0
-56.28363468026844,76.14006258126695,1.1227721065518916,0
-38.00434099459771,26.155701957976547,1.0254336372507058,1
-30.867336753313168,7.090177119670556,1.0019916218119904,1
59.575546310006786,42.9751984138215,1.4980314335931681,0
-38.97273641886391,24.578290220504172,1.2157493172812048,0
73.61474135389682,-33.12653087858657,1.2597286015283307,0
34.484043263852186,-36.14319245515556,1.1731203396391874,1
-57.37194667625669,42.72607575734127,0.9580738539917447,1
-30.65248290120196,-86.48583726983989,1.2851711027796306,0
19.923373010429156,42.61268066872701,1.3105142007578767,0
18.161661226190077,-53.619057547334045,1.0364954913268056,1
38.685629705138446,-60.09641288427824,1.0909986455856968,1
-11.414110893409031,73.1666888877113,1.0128196755525944,1
-33.21282463886075,7.0961452822292,0.9793534714423503,1
-9.297734137196104,-8.490042804259433,1.1035757526260894,1
-30.536516911793186,46.147026535956726,1.382232456484808,0
73.74044633369014,58.1271905200416,1.19561798522309,0
-2.6351733143556775,63.34378195032262,1.4269441995445562,0
10.489543043698882,-61.4785398634845,1.3877264129103974,0
-37.70276756587524,90.29358780501933,1.1206057247467316,0
15.02410322106956,28.614728397584514,1.1011601658875358,1
87.39587354798678,-34.77946731050513,0.973036386074655,0
20.201145140548935,-5.8706373568346395,1.5290675794582582,0
-61.503258003414885,-54.23403600698499,1.4195165270220893,0
14.189306483179063,9.990704123172138,1.0869780275418806,1
32.17629997394578,-44.41135582255005,1.154287598125333,1
-66.56417347184585,-45.95705049830048,1.3969268822227805,0
34.10649211068573,-62.76924151190107,0.9428721458286438,1
23.112587179318204,27.506559096024304,1.110184882990364,1
41.27201433396224,-2.7307056506964944,1.1065527338870702,1
5.446694355083602,92.75569044582467,1.0624147002346427,0
38.47674401558586,31.332853432887504,1.0388925173233141,1
26.953849795539703,26.923466422513872,1.1060470158451887,1
-41.40636581156084,17.765727896447217,1.121551087943794,1
-27.280471055567396,5.1743969383454145,1.064982423800506,1
-40.943055891394124,6.258682695503501,1.8511984763636318,0
-45.731642421875016,-81.98464906810965,1.501721450563686,0
52.1978092232399,51.46398471385516,1.353762936417075,0
-51.372686849542724,4.089761921766357,1.6928455227697572,0
54.78302058108016,45.42054409566016,1.2580998438315005,0
-53.35984939620742,15.259099621816215,0.9643860638202417,1
-7.002607898128226,-0.2939591340248974,1.3270404727552945,1
-33.09888699001388,-19.48333795281369,1.0599394698224367,1
7.9515819156349945,-53.73932506556129,0.9023025209649448,1
77.86029767169998,6.495116205735025,0.866499847688726,1
-4.844059140724419,3.0016873588706288,1.2055500277697329,1
-72.00289718877549,67.34854423338109,0.9934579690639131,0
2.5294158044003807,8.112360597896695,1.0346100107015788,1
-30.956859191692857,21.77468403830771,1.0024436184470897,1
-42.49483172745703,84.59870426879627,1.2399560723279193,0
-13.61099153124632,-54.89157831688372,1.0900953667368352,1
48.102196590168894,-15.773853642499372,1.099867862584472,1
36.910101343941484,80.25548873909908,1.158877874817878,0
59.76175134335674,-73.02554819230845,0.9874634131199375,0
-1.451418629987941,-14.235222830606043,1.1331643989022422,1
-14.09470304153998,-53.59103504450954,1.145829325888015,1
25.385308163081216,33.38752903375929,1.3584935847505557,0
-32.37007892583827,39.15958413177845,1.2958922505557147,0
-19.23837200779293,-49.24954871405682,1.521758004647952,0
-32.20441096515864,44.79805715873575,1.5050466390064507,0
-9.173648112399558,-19.09622784343884,1.2057909625586283,1
46.59030395715462,-36.220778568417956,0.971523288773879,1
24.77004485930817,-2.1989966227444633,1.0222753728834528,1
-68.04103194359483,29.24747796552088,1.3898116561757863,0
-49.90696894790322,-23.51217321603877,1.2910719918853477,0
-21.90350765861383,-1.924205822584374,1.1455103482349118,1
82.32514844777133,36.24716412920353,1.148285097277457,0
-33.69743943862274,-33.538686314562774,1.3226866240700788,0
-27.572911020941003,15.596798153259545,1.043082849488547,1
-64.5561223562259,-52.30497666396688,1.3203331830551954,0
-48.725720373483355,71.17570985814727,1.3816862839107593,0
-28.457603353163705,17.398949200379878,1.1473403800558122,1
83.16435586720188,46.94954546134256,1.60061114544927,0
-46.825208741370766,48.46844283251775,1.0840821641992113,1
16.396297890527478,-15.371529272369528,1.1039202418896006,1
-27.493154666748186,35.506769302310936,1.0787108331206758,1
2.6146725968133673,-34.62172260011888,1.0571289506292678,1
39.544785628254715,-58.878518494321646,0.9757229304335782,1
19.609545809997915,67.56809331827448,1.2489412413802015,0
46.99622328558171,-70.66857616209691,1.3661953845576003,0
26.946253952283254,-46.49795449440506,0.979793746971941,1
24.67709572472255,-72.50752103879988,1.1239851248120927,1
-53.011889813347466,-59.647858350923215,1.3658219995438463,0
-68.1859009243094,17.884979801303732,1.354567329193903,0
-7.054368144318665,8.546408783979977,1.1898800956974853,1
-50.33309575459049,7.068691734459432,1.0045662662644528,1
23.45090008043669,40.42634378474332,0.9675875081549334,1
-12.545674514528146,-5.990841576368085,1.1865069728505369,1
-16.274094176960347,-9.87079831176662,1.1460246968746952,1
21.00663477978807,-36.907376747990796,1.0244400716037176,1
-39.04073537737783,-83.72992969633893,1.4321785955490443,0
40.208596278058174,60.8911279849851,1.4685712453422572,0
9.030128359358173,-1.6167752371370068,1.1342382921045178,1
4.446758559195397,28.73097328382053,1.0446307039866591,1
-21.03777301922447,15.49633408352236,1.1006768703087326,1
23.055684433067263,-68.10438412925255,1.3620234703494316,0
14.786649341622287,0.926469470133235,1.6385128493114711,0
16.14847061541125,-76.83779749541951,0.9243914384109613,1
24.49113173808987,73.84080511205802,1.3614574624280245,0
-5.906748240703065,-29.533741203515266,1.088283357670523,1
11.818532435211951,79.68659236921236,1.2275875365546,0
-4.346493428210163,-16.037407701089144,1.0741156017193039,1
-49.45577585846964,23.311642954068304,0.9311228415701794,1
52.79642772265968,77.3750573319051,1.088467749474293,0
-21.522821867172546,54.598921327417074,1.007634431943188,1
14.852736614986599,-78.78332667165235,1.2770554017541291,0
50.51664563147475,-56.06357142630336,0.9961636696680947,1
12.889853858390948,9.31308812805211,1.0569311186718384,1
-16.389352842025737,-69.2138191339234,1.3349654620759615,0
-23.92560823399374,-70.90426422663501,1.4189569961659123,0
13.229427004996959,-34.438287350902584,0.9961383509148106,1
58.32923995066339,62.90562700063256,1.0252969403246963,0
6.662617953969209,50.41832111592794,1.0299254155117772,1
-96.78593094005218,13.405448012726595,1.0338134454752137,0
-30.94702927689039,-55.37436756103955,1.254984595921583,0
-38.07289834911754,-2.9661767916466935,1.029602331087795,1
16.893937327402753,-86.88784567842251,1.2568776658415635,0
-52.94307952383298,-62.19700171579263,1.3547749906636042,0
-8.11968516103684,32.85473488534204,1.089322981934991,1
-47.31260868366013,28.544229477360517,1.0092584650720189,1
9.399856029866251,43.47071880888915,1.0442313605348987,1
23.041190956016013,9.650518857329352,0.9955461710435168,1
10.749578946975245,9.583032711473916,1.054486652022833,1
53.53930119314124,-22.10010595466331,1.1108163413356829,1
52.2791992810008,79.63878023601576,1.0214059458226021,0
26.090332102409263,19.750396685842542,1.1874653141156513,1
-27.196916779746356,-39.50831795937631,1.037819563409038,1
12.909135614349653,-35.268259824058184,0.9977561929724571,1
18.243894485792573,43.195744202173785,1.1997713917197192,0
-68.12417052650133,-15.643979299059007,1.7909196103273732,0
-6.876291077703951,89.94730703317784,1.302720336454664,0
68.60889155889704,5.104547332103501,1.4291893852870161,0
56.201805868215914,4.634595682243277,1.5528795057326659,0
46.826949455450375,-44.80598040902913,0.9142649305415921,1
-39.7471488002284,-22.177963348042017,1.1798232137274476,0
6.984377874312744,12.328053605230634,1.0384573713915992,1
1.200755802524841,-52.14191106115486,1.0862076494444606,1
-41.54736365200883,64.82526353314941,1.1948150187612387,0
14.246004027486196,-58.09111026457344,0.8864221762278661,1
49.905402305231576,-31.34851985960395,1.112532457221784,1
48.838255098476424,58.440749769235765,1.597492961083276,0
68.48587240456709,-55.33593148967705,1.4372551125998814,0
6.264581299057953,-73.903756963704,1.282314986306132,0
-74.78477863153843,30.281021441697412,1.4246533527596026,0
-18.276269096500727,5.2123123240121,1.0002792263892815,1
-42.24774508168513,-79.14310155342291,1.286909109851431,0
-2.2299958749532625,-34.481946341872124,1.6771840871900463,0
35.94096890055218,28.604709171196085,1.5153859035717225,0
44.21641120770011,-83.31981229194372,1.0508344203105306,0
-69.58264596955406,-8.149929228057017,1.3932658302129777,0
-59.36531297084419,60.12713136803597,1.2007534655971677,0
-14.747329682412396,72.17696859673597,1.0656942652318497,0
-25.98992077359251,-78.51195691496403,1.4564257111605372,0
-2.7954354454037076,24.036385476950755,1.07108405349307,1
45.025751690854165,49.65065738066631,1.350557193597469,0
32.898267365181574,-54.558484632434165,1.2414375731954215,0
-15.70060801109781,36.118234684455786,1.0525591203656393,1
-36.66839076031636,70.40044554177925,1.216454005876201,0
57.66080574409511,-19.601833107614436,1.0724102720426678,1
-71.71615410584421,-66.33829708027224,1.4188150841704141,0
22.114031667300146,19.328889139932375,1.0086453719673234,1
4.408084865815375,-30.591607643103753,1.134156460831632,1
-82.93925289204688,-2.7779152587840934,1.3740638136699639,0
7.24137057115623,-33.38689604682124,1.1405540190021952,1
9.040798466202903,-32.362603426789974,1.4441591136764882,0
23.752093350896324,-36.750751403625664,1.1348412034648798,1
64.14852398148204,14.282898123303253,1.3948496787324522,0
-16.77162191025832,-25.442276987504655,1.0273997190537203,1
-50.644335432023844,-52.96296658605752,1.368898468573565,0
-23.56731903808066,8.79325198740556,1.240080220845821,0
55.7132948318332,-73.71575984310667,1.2338455409261584,0
-45.23499947911021,1.744998914262348,1.0292889008344634,1
-51.92898242277223,17.73141096173499,1.0029361271416937,1
-55.507492692935905,26.581002403694153,1.1119343950311509,1
47.38780753189905,14.087250903426234,0.9843644792704416,1
21.470235260012462,9.120270568465095,1.0587496816324544,1
60.217159002385465,-68.33007539369117,1.3511668496039628,0
57.226323509825725,-1.3619346958828302,0.9368160307411504,1
-29.425030801640585,-28.868002296167013,0.9324116786905037,1
-34.54133762441518,35.41865752053602,0.9179902944451758,1
14.94678182469485,-45.616591649454165,1.0968873853381107,1
30.822575534123324,-61.79733921349212,1.2511760234634148,0
-0.025670289559485773,-83.34539013148077,1.3982738066476106,0
-45.5788574603737,-44.43230711994062,1.2603970641026359,0
-49.98668794548984,-71.2478267863764,1.234029418371257,0
-0.710211344478793,15.681818293568684,1.6987344450259612,0
-7.359739128569347,-26.493668291585994,1.1647743885663189,1
17.000837650879678,-47.63330965409086,1.1085884663511432,1
-64.17803925813573,-1.6710855164206575,1.071764672975779,1
10.90823058810911,-36.788068125308136,1.3190205014196228,0
41.44110440993209,22.09647316006241,1.0369541124250248,1
55.48505240171541,-45.73593949891724,1.3989255095519368,0
40.450409579397245,27.673906237831467,1.609530361667954,0
3.323789092160704,22.19368674358287,1.0927589115676202,1
-94.8785754940034,29.36932795109321,1.396438470300654,0
-41.59136297810609,-73.75620366810514,1.0883376400877953,0
15.70600505762213,-68.56947609155065,0.9255303270267244,1
69.94071338899252,-42.06315062390404,1.247360447101156,0
67.88345151112532,17.658536555755752,0.9450104489442887,1
-4.042948830049999,75.31609375500148,1.3072778726433316,0
48.97170895559827,55.493051696318595,1.3048173346640015,0
66.95705447194328,16.829502235872532,1.2050215793413768,0
-53.10738583004128,-74.12848915384333,1.381183302492146,0
-5.04309736205522,23.532464968738186,1.0389426243607869,1
-18.652044354444826,79.82121968595996,1.572366354654964,0
-21.26016560298871,26.45812107774986,1.0159980704376537,1
3.958383817021445,70.49892022399689,0.9693646024509315,1
12.791176636719952,3.5756315094001003,1.0139781934113181,1
-11.106750521638801,55.939587662181815,1.0428135361580833,1
-10.214510219121326,25.332612000489547,1.0901850022879953,1
56.66770349433654,-67.27909652360779,1.018381127713359,0
-93.18390610940745,36.15027964819396,1.3883069122943383,0
89.0236705087061,-3.6704199735668137,1.1020470508299132,0
2.332556866670511,86.25586407258008,1.0228760425879935,0
-28.22905783400618,34.49562852058368,0.9497357608161116,1
-98.90809429862945,1.9145453890716169,1.5583153894345405,0
4.768561884357545,52.31094482652551,1.1990618248041174,1
42.50406011015968,47.68442521106373,0.9258961388321099,1
10.720421169671848,25.118249430052362,1.1923921010435317,1
3.4958512187264446,-84.05261739468023,1.1828653489652667,0
-94.31089413923162,-13.955553449632108,1.217752067981738,0
10.151844512255552,-51.21234382630721,1.0354883920123918,1
-47.281275830227244,-11.44432471636216,1.1171382588403658,1
86.40249363505035,13.44486597108451,1.1460905718780674,0
-78.72025666990356,-7.499670079742741,1.2891112985631297,0
16.07660225229246,-38.57928789954803,0.9638614379659329,1
54.79370045092193,-28.748639044994107,0.9824963271626401,1
35.399641719831955,-5.207736329190255,1.085361989237424,1
9.76620939308155,19.445650884348957,0.9515450780358483,1
79.88228527837215,-16.2930837851015,1.3591022448367565,0
-42.21281377729778,76.39844891321772,0.8951150655964514,1
8.939178401015155,20.36804839913001,1.1600581632126261,1
-87.49135329772044,18.431237703361738,1.5167014021458225,0
14.022544917732263,-9.131705098161543,1.213532891137666,1
-52.5295287802359,-16.272195216146233,1.2027580478312931,0
25.300597998068984,-6.84963422002428,1.0622762009319895,1
-10.893051797764729,82.74972900385337,1.4611767744370199,0
39.23656571133338,3.861774185603385,1.0574841580163807,1
40.124483484350655,-40.216638935623855,1.360137149619904,0
45.60361428283918,67.05540094918744,1.4124260937790865,0
33.28031078471619,-15.791758130175303,1.06569173414632,1
-46.58682586050561,59.71700051361818,1.622743106484222,0
-75.9970114526941,-3.667592949196942,1.0852831215459482,0
-30.2203437233445,66.71808924309512,1.444401222089252,0
41.80075107542262,-36.972767050807256,1.0206676342815175,1
-80.6231379192471,-43.42531338356706,1.4108284702050682,0
6.9496268914144546,35.85105089790988,1.1774389420252505,1
-9.978973596763748,0.332776512321692,1.114726415924031,1
37.27294352320135,52.1177531940716,1.440799432708203,0
44.68546943428724,52.08484328343839,1.2121561245928938,0
22.231732553559482,63.76965342782141,1.389618326736504,0
8.773198961208502,-41.68978571306742,1.0150265373859704,1
-48.20368446665396,79.73217717951268,1.0084733079900523,0
65.51399200797556,-42.63156622422081,1.3651879819722332,0
19.91933935573436,-2.0554351851974317,1.0853341254242632,1
-36.31285879075135,-31.83162130386,1.2421008287880515,0
30.700626079175017,-80.87218356717817,1.0561780182364455,0
-61.58329920172981,2.3129342715913372,0.9611716210992848,1
55.84115385778992,-64.76543726294878,1.306746853579403,0
50.548138074993034,37.02553817237844,0.9394107921477722,1
-78.35719986496508,-0.3795751387298421,1.3484285494553798,0
-24.036385476950755,21.39897659668681,1.0232960149062218,1
-17.421066508685453,-26.542408285814933,1.0203933117727968,1
-1.0794673376233372,-21.577217905976863,1.0749814283021468,1
11.655821477034152,27.31565180328152,0.9933775327794667,1
-45.55044900659455,25.497422809546542,1.2885280233607028,1
-30.389358550316395,41.52480399753715,1.7541667165510688,0
-97.03980538499216,-13.727706410283838,1.6132620344184623,0
94.86936947199214,2.231550236700713,1.2625785030786982,0
-7.102113444787844,-29.5364365027353,0.9404473997751955,1
60.26994868790655,54.543267168172626,1.1816846978417583,0
27.926117732366276,-32.61275302160061,1.1493343272482959,1
-57.17362004353863,-55.35792135742771,1.3827319094430717,0
39.747962640577285,21.52119418647474,1.0340879968025052,1
-6.0396192076582045,-30.814591100430004,1.1595763576664688,1
-41.49824728716809,-14.82636751089174,1.16607236101969,1
-68.9784522837273,41.41609548710053,1.5543006894389695,0
-41.317589393501,-16.355749491967277,0.9481369428644628,1
-71.58280485756418,51.75568466551378,1.4074407201265375,0
73.84041743203322,23.388458981839243,1.3143325130848997,0
13.061712987588052,16.396618431227566,1.0253900129606324,1
2.8826225158256507,-20.461364028883054,1.0997253970154055,1
-15.585938652579458,-29.06194020243051,1.6523483077321945,0
-21.589985112808595,92.42202304172352,0.9623343137726033,0
93.24808183330613,-12.830614728638313,1.296669757612713,0
3.414027710047424,43.690530826818325,1.0432345223626196,1
-8.493995316757022,71.01823900267664,1.5973665530690941,0
-1.4849873566374452,-63.23919303163756,1.087622036308282,1
26.652925111634946,-14.637109148350588,1.2316243213748148,1
-67.28625831867815,40.5656009111117,0.8713914398031034,1
-71.651424311137,-13.726514399555409,0.9613586332136721,1
-55.797000474095924,-78.5746226218298,1.388339246535301,0
-73.64946134163998,-37.339679305499615,1.3056395020060247,0
-64.59581063724087,15.550736180691555,1.3525415994902938,0
5.938780835279612,-52.186072502221556,1.0213735614004769,1
-32.90519298697422,37.10949222942348,1.0220068568130813,1
29.141344141352977,25.972249822712364,1.4112117885694988,0
-13.254877445333232,-25.113822248070257,1.0915792470756007,1
43.44758070173871,7.078332612438785,1.3669719012033064,0
22.058328816752805,61.16172990099641,1.244430289161112,0
32.605956740792195,23.46335992858543,1.005039359509506,1
20.27862274176479,8.334539013148076,0.953676714329129,1
62.27404619786392,21.25150784085595,1.3368310773089551,0
-81.0623260002628,-22.637563188322947,1.3582459768508426,0
36.49422892565044,-4.7625937217989005,1.0379363060677658,1
16.761427489045712,-4.993467378672812,1.058703636348201,1
-64.34143428640795,-57.61067317860249,1.1610904464168794,0
45.79417040191252,53.69004946700017,1.273316387348714,0
-1.955929638537814,-85.62414310841802,1.1630470748421375,0
-25.92432088647215,-3.403229926710555,0.9696985795500709,1
27.47457406555164,70.71583997853227,1.3042097589682635,0
15.359162605359947,16.41032930117296,1.0886300817491124,1
-11.60568891154152,-31.435397316849674,1.2745385354914047,0
9.775850271060902,-70.4407306390501,1.2915228688952778,0
46.07578552183561,22.372756749447756,1.2951606734242789,0
68.61894901802364,-30.13437178907956,1.0664848521339236,1
-53.31956429893657,-6.230761711225638,1.0519951073541862,1
-18.455050671970742,-6.69130492200109,1.4399095557463946,0
-45.94226822629409,-50.12501540745545,1.448710478156733,0
-32.846471275645456,-35.93155222903745,1.0706833593424108,1
-58.56934855381224,-76.10255369583645,1.0852581584327186,0
2.0671750897748074,6.63939198058908,1.4511204414293855,0
-7.258777711952281,74.02908837743556,1.226514712316443,0
-14.634285662183927,-70.41413720882555,0.9156226185304834,1
-26.403151159446548,-15.332209613159609,1.0594828633592825,1
-25.11140205525335,-37.94533882136408,1.25977344138296,0
78.40799206947734,-17.83663909105848,1.3672662419720742,0
-20.64387429035389,46.39947981218742,1.09008436722638,1
14.903297663944972,62.963717116203355,1.191711712229717,0
-54.438305996623264,-30.956859191692857,1.0621256345038614,1
9.698264157798503,-56.79900307062673,0.9856727276948694,1
14.435900108897632,34.754780819921635,1.137863634384012,1
-47.05150157171941,33.45304318184623,1.0156063118627883,1
2.692118766953697,-54.71969523519474,1.0364898116538666,1
15.529701537827526,32.36968603739396,0.9470964655037694,1
-65.62666151518287,-1.0548727322405556,1.2243909596310187,0
-29.317909935203353,-64.26802078594298,1.3277005518396432,0
-46.88397524869822,39.20366621522884,1.220040576245909,0
59.114650143381105,8.55237694653862,1.0282117465732925,1
51.01971530354332,62.048879711919724,1.1999885312424308,0
-1.5926260135155552,-43.72232220981365,1.1532131851989011,1
-32.429503303038565,-32.28067224923235,1.094136776371324,1
63.619315448515074,-22.423424674144698,0.9900631706639805,1
20.892746669049394,30.06700615419886,0.9710194703217464,1
-78.6675794248532,35.64941477052413,1.253625318682617,0
-36.63854994752311,14.145738896500932,0.9728264421479875,1
-66.22094130195998,-10.690769591301212,1.2937946955667528,0
-72.71640672835247,-10.917025775037654,1.2337138548168263,0
-82.25072335331912,36.30962108954413,1.3538340970084666,0
-75.56682126964584,34.82909855034282,1.710155219600234,0
-70.63991806444488,55.81425624845026,1.4980107199420953,0
-45.23747856201917,-4.522673586941348,1.08876231718245,1
-20.22013474869006,-20.22013474869006,1.0432544518526883,1
50.34008143994601,-80.36620078868162,1.118457208522733,0
-58.03847107080619,-35.96008922785634,1.2158301264137688,0
-21.20526661361226,-19.394025537749854,1.0891662302499567,1
-26.285415588971446,44.41289552050744,1.0292778827553837,1
40.05121990058846,11.749820037332814,1.0892906284415798,1
49.979382653614785,-12.184998557234023,0.9906331885028276,1
58.03627777106588,-56.17197299180908,0.9735635201333029,0
19.439561908783055,26.497699418928235,1.0033114432052013,1
-0.5865510162636621,-58.27910738517076,1.2391823369316006,0
-3.2940879118499824,-10.873091327125795,1.6378095562027464,0
-76.02916885490153,12.243312478900792,1.0284168453439821,1
17.634594102450315,-57.295023692167476,1.0278256393887288,1
26.07463093860474,79.32054268596532,1.4541082618992058,0
-16.869608288266623,-45.59556831553789,0.9378716711172964,1
-96.1066346776272,10.362401287324564,1.4719556054995104,0
75.34117374265905,-43.511243177344745,1.1685826904191419,0
28.247772479495517,35.37238130623516,1.033616313102528,1
-11.328031625736262,-35.44950833006995,1.0500198948347883,1
-43.13907260639952,44.19185648174452,1.2097521513794038,1
64.20573807285993,-5.251901295956326,1.390949751406371,0
52.388530939787906,-15.541095302712202,0.9148546075049084,1
-15.116896671620792,-39.614367617149156,1.0443209734932515,1
-54.87165957434424,14.56977684629269,1.1087067962917942,1
13.446270244627716,-42.97077042224573,0.9285549824693881,1
-24.439625677652256,-33.921219586039086,0.979473242764346,1
-50.90245846268524,-6.356093124957188,1.0587577895607727,1
-13.179080197771457,-51.628829755015126,1.7508992190376713,0
-36.295977416656875,24.151363426069693,1.0098177646698008,1
55.0261875105928,-13.18828285402447,1.1713065153378706,0
-95.7773022858526,3.2104123671235394,1.1045269929192154,0
23.56901996440987,-25.863032447889147,1.6690503629798674,0
-80.36821935617341,19.20209186171273,1.247461147118829,0
3.290844834836972,59.52525972741588,1.1023391508299913,1
-28.835395749505146,37.98764581565784,1.2107078671448743,1
49.50590842396226,-10.910795850963284,1.118999805976826,1
-5.192301426021346,-3.222807781668437,0.9759104678091164,1
18.438462690741552,-27.019978313301802,1.1319913945737734,1
26.046816747856827,-5.8610867009754255,1.0260730424082025,1
30.85659406070762,-36.19571228567164,0.9847637881095894,1
45.96996258123809,-13.735789619813072,1.2267316762310767,1
45.282239781209014,0.06266570686577501,0.990393189589292,1
16.656223522323675,-22.49859557780979,1.1733992103735211,1
3.7599424119465006,24.936475210659477,1.3127028573072477,0
-71.01088722537199,10.643711192560499,1.6188948054938488,0
30.54668365584415,11.61024641749542,1.034881382785709,1
-56.9968706139172,-5.234996742787044,1.063431828696246,1
4.655928688835867,96.96384821503447,1.4303276153817106,0
2.7744934529984437,63.13017034019194,1.2436493477772463,0
40.23644770333185,-26.647484117529263,1.6097746039286234,0
76.81358319723883,42.81087918346528,1.3982781716768842,0
32.60287842536722,41.95051303284532,1.7192020345819166,0
77.22921714138113,38.51016572591427,1.0436492830064263,0
-79.53227681673907,6.4678605328736145,1.3260875322810026,0
-59.207237313885486,-6.297056706133836,1.1178116911808038,1
-73.90041479267116,-55.30791733697481,1.3159817400264777,0
-32.77320060300241,-3.1988433135483167,1.3879232544277786,0
27.713908861388997,-27.80790742168766,0.9810982167639858,1
-18.77022231532508,-20.443765310446352,1.0937071564189302,1
-4.010605239409601,23.436974367799856,0.9773888036436044,1
-12.136823118922814,-64.19339517909741,1.1467538953924443,1
81.37676987677058,14.08297129417684,1.0777210593500528,0
-3.4724174039741262,-52.366413631482345,0.9550841676988929,1
-60.443654624675645,-7.828052652950582,1.4926388440865206,0
-84.08942106379187,-13.868020398771996,1.2774855108398293,0
-60.122216410634735,-23.510698728818404,1.1180629482868445,1
7.055421349476076,-60.741501043190624,0.8983164364436711,1
28.92768392175348,40.50591928552523,0.99826724641985,1
-15.232587207372989,76.94063352719924,1.3820520279966537,0
-62.56747413609353,-22.353027005797244,1.098123617998316,1
41.65180649678511,-32.88905182005426,1.050526289295502,1
-49.756571251425356,9.149193202403152,0.937922032023567,1
-22.59779881498861,-85.56866042724043,1.2597345641175623,0
62.17830692348564,-47.862674332815274,0.8826247057074881,1
-65.19665317590616,3.9077212430627974,1.3389030763399608,0
13.118021303902244,63.36663440182924,1.6385878529513278,0
-53.43818152978964,70.70258377131066,1.2403191785046654,0
-5.490870855644397,84.97469850999092,1.3519936119026053,0
-36.336469104170156,27.9167690022045,1.160142885431315,1
-16.543746612564604,-44.63887185738707,1.0399196644842903,1
69.22770159900546,49.62228759385583,1.404727292194443,0
42.05652252029326,83.78143900842176,1.4428618063287415,0
25.701583360742347,5.095370234120593,1.0837431778117894,1
6.857418779883388,6.946941218263046,0.9962351160755115,1
-7.320829049142903,-7.993195221632146,1.5246724471401987,0
-43.58469541077835,-66.45071556046783,1.1359618173895631,0
-26.036440726676435,-42.988674909921656,1.0355410213836127,1
-93.92934742839284,-20.829332714937465,1.2389647882545873,0
77.59381761769107,-2.2354566703754553,1.2131881237887532,0
59.53242152248626,-8.59966315758019,0.9859045096980316,1
-16.98553984596833,-94.50928580961859,1.2692333707604049,0
19.981408246344248,34.358711850120635,0.9462232765913556,1
19.32610399740502,-34.7293347450125,1.1757432795149447,1
-6.062907139263732,-1.4883105380621564,1.033142355883317,1
63.659276189125116,39.97708818576353,1.3485862484771234,0
-22.795993709001365,79.17364450298776,1.3498944349500153,0
4.229039989056029,17.84361241783754,1.1535049422146713,1
24.912304152296947,11.032745305911593,1.098199259771774,1
34.25454028546066,-79.19154899066368,1.3520101186916296,0
59.86805479993685,-5.486966807942266,1.294167920120377,0
-97.07045882706234,20.275553401020353,1.0552002934989024,0
-8.295082827343704,57.554970328055134,1.092662657958873,1
59.763802593990654,-27.524706631044243,1.2261172656059836,0
-77.07881944490326,30.498616210236875,1.3069140263626293,0
-42.77978922036906,-16.724780876843496,0.9472859965177165,1
10.140450747370876,67.39981617536219,1.1844018138136145,0
24.929015007461167,42.83350268339689,1.0182685044858222,1
-78.47835356490556,4.508449466176585,1.35273024325364,0
57.931697501493844,-59.06627661527418,1.2208716315147792,0
46.98734382421397,-55.82022441100892,0.913139590427071,1
33.21282463886075,-27.468468176164723,0.9397437028607892,1
93.11052831589792,18.083073463267485,1.529884312193079,0
33.11434995664312,56.6229422751467,1.0520850508675814,1
22.705874454365823,55.48003914516615,1.027734300764901,1
1.2975487539266237,2.6540769966681266,1.13269969544022,1
-13.530779426458144,37.86512671657588,1.082921701482755,1
-56.6414435790785,-35.21812725856556,0.9506608358192521,1
-54.77854650772955,-54.002581580974216,1.6501380541967356,0
10.94299906143596,82.11557563423993,1.2760334958318424,0
79.57709229195217,-5.9845750056815135,1.6525827905621615,0
-66.31351064438275,-12.223111033924335,0.9191877951468632,1
19.11786103305104,31.593157138329957,0.9398952097400612,1
-19.17079134352592,-26.828294974653552,1.2689820384609256,0
0.5591709228023133,29.76139032225347,1.0504047229069426,1
40.35671522155911,-7.877974577411719,0.9732165664080228,1
59.80037144149854,-30.420959353668287,1.0327581301876638,1
59.0514198805976,33.395740756198684,1.1041927496316843,1
16.802409317499922,73.72687078404033,1.5151371273725949,0
-52.52552108968053,30.834442462001572,1.2131761629993052,1
16.486777788141165,-10.250590474589496,1.089429036817014,1
-22.552282035577154,86.44672825166144,1.119826200158289,0
45.45572484337428,-3.9644305080348072,1.0241751604703988,1
-4.214011960055876,-25.236815653518512,1.7302458748831966,0
52.03267924722868,-32.84802070246357,1.6737938848621525,0
-18.67438064600095,4.010605239409601,1.1225304716479596,1
10.672451923140455,-87.77633765079003,1.2407630774760665,0
2.5939804720802684,17.512216627762946,1.150479004816757,1
-0.48043708597093226,31.806327662540035,1.1460852377671502,1
51.875381566585155,-28.838048876533055,1.279985761255605,0
-46.28816060620225,50.805540692439415,1.5402820563143507,0
-65.68979256145607,43.0507201642442,1.5526005201357946,0
14.377303603776388,35.97011574095485,1.0379843727579368,1
-28.335061509849073,32.982485824435194,1.1608108744927779,1
-33.35606054026824,-78.15308870545941,1.2244841101461714,0
17.891059310178765,87.6473909078162,1.3398429491321597,0
-36.479274609239276,48.918417422095615,1.0740284563855724,1
-51.92898242277223,43.20591602705635,1.095740592104928,1
27.93191117213816,-74.4319899277929,1.2468491822909025,0
84.60209160430253,-30.296328767972533,1.2971630103094107,0
-14.361251304480703,-40.611699821909504,1.0733489972378225,1
-89.10683724150384,6.87044022546587,1.2694137895412887,0
83.05643159426634,-0.03481428159210356,1.3145363007973048,0
70.77256047731078,16.102997807608652,1.6685784408761777,0
4.366546454407192,-25.833310998347077,1.0981302339479828,1
30.997664768256605,9.697153801973638,1.174177509510673,1
-23.96963287615894,36.76789839374606,1.6277049834367294,0
75.22246140383596,15.550177289214496,1.3155098517247334,0
25.956795422823657,41.9068669177125,1.0282520917684927,1
7.401420884886481,62.62965262346869,1.3922129276577793,0
-22.108461382245434,-57.088458954721034,0.9321599108800166,1
-39.647522831663494,-72.79309646803415,1.4079864531058102,0
5.570285054735544,17.156477968585516,1.1660214019383122,1
26.401710568484095,39.82513715642184,1.0741969480925264,1
-87.81483580082282,-4.862434000534199,1.2248409527109883,0
0.9801559279005974,98.8157856623444,1.2568643741730765,0
-78.2422733233169,40.63811971654126,1.171590724928664,0
0.22559654471678434,-25.784849518370894,1.1219674138076086,1
48.913432649958565,-68.00482509073905,1.1550536837791379,0
-12.735950388102406,82.38831388116712,1.2163281904765846,0
17.471199074178084,24.38322654147305,1.1723087235005663,1
-62.73006624039392,20.47644313533026,1.1454313677423578,1
1.5039769647786003,55.65452013291006,1.1041742944869766,1
55.092108578854216,27.72211508490713,0.9689647996124928,1
-3.5450885598352637,62.11066774782102,0.9098256161703157,1
-21.249371509940065,43.922963630465944,0.9370819800576498,1
-41.571465846957196,-37.77778036208298,1.2670975665155035,0
-27.08166950275182,82.4003624601256,1.440437834432244,0
17.74222825637255,46.235541846904624,1.361093822037651,0
47.33189043961884,60.641122490111506,1.5889892971688215,0
-29.038743642409997,-8.25552573057818,1.013388278337253,1
0.6752931396580442,-72.4509102274129,1.3412938507942158,0
26.84984517248976,40.944808778299446,0.9891629430346428,1
-8.471475187410327,23.82689432163134,1.0743558471898853,1
-25.462330013701713,51.65158222704638,1.0191995872443647,1
71.08081607346479,13.870009786291545,1.1594986579236635,1
-13.866796160298419,-20.242630130641892,1.154022074348944,1
21.572042931474375,11.60568891154152,1.0624659772778382,1
11.45036014304801,-71.71627862786481,1.274129335990308,0
-68.06903983754981,55.05710429957767,1.443619103871045,0
-24.344546674131774,-17.05803758615269,1.0678984799869486,1
-84.16334251583403,-17.487030410649435,1.2067825276806845,0
-56.28344564344531,-70.82188963630512,1.1190460621782636,0
24.00792858591026,-22.478421147964124,1.6537113932690144,0
-23.207920404773233,-62.22056425838364,1.2879800409946023,0
-1.8928257099457293,69.70033416470739,1.1480451621636678,1
15.864868121518697,11.551378632257869,1.0437634307132646,1
45.74068889985863,35.19701880993708,1.5633089135946636,0
44.902389188822625,-54.528805851203614,1.231851277842412,0
44.12919077487875,-16.004821533518943,1.0398236131293328,1
30.075407490723716,-19.737631760294985,1.5365090831330404,0
-26.32155518696506,-57.852197257147665,1.740950938998834,0
-36.27907224922331,73.80854395172189,1.085796434327983,0
81.72707573663129,11.647026290105636,1.1917859075809414,0
55.368633444071435,16.20952950928046,0.9907945200050048,1
40.983372290216856,-18.461317242657312,0.996366018687679,1
-21.625733291937447,29.83291941693895,1.0870517824008818,1
86.14878014437267,-23.073945445267093,1.3736362887809106,0
-20.08059910806895,-53.950160354883025,1.598367818361789,0
48.07126373060963,-36.45544164093661,1.1839604806199484,0
41.10291917716079,16.050133660021885,1.7641945300815525,0
27.243091511121147,-39.558552007795015,1.1416428636177594,1
-23.96963287615894,31.238854872588842,1.0599062565535782,1
-41.958172174795585,21.125306070084612,1.076708615546614,1
-29.9220716219093,-20.281193642559302,1.144518803948056,1
-77.34764624537094,-27.87261657551644,1.287004084167476,0
18.148797298094447,1.5565352995692594,1.0956950591064876,1
-47.29952463497388,-55.99284203578205,1.513762105466212,0
38.33776264590334,58.98145966410202,1.5906759222867717,0
-18.486383525403628,-64.95541538587062,1.2349421452560005,0
71.55393602862755,-31.640172926831994,1.3762170715586046,0
-4.887925135530451,-39.604726739169806,1.0924079467981678,1
-33.536260545264746,57.405830437879956,1.088281729427547,1
-5.46758292403887,-16.347916278609055,1.1057587442356467,1
48.108273264774056,-50.57692232312277,1.3263484619682244,0
-24.630606879528916,-29.36932795109321,0.9865406764550438,1
48.99546775712832,-76.9284217484254,1.1403959746111714,0
77.51659677737402,52.51386235351946,1.2569064809442558,0
-40.106052394096004,-3.042135224211257,1.035654846066691,1
-32.24730856270659,16.065630478699806,1.0938785206749044,1
-5.1743969383454145,-20.978091393638003,1.0359821245193173,1
31.913935442006522,22.559654471679004,1.0378828875922488,1
-88.90025743293982,1.718830816889837,1.159199475480426,0
34.6550999845715,67.056162697571,1.315703805058768,0
-47.961283433108555,-78.54892305461928,0.9684139574714044,0
47.72755728317676,-75.03964347013587,1.3023470419281622,0
-11.56808948742206,3.7850086946928165,1.0264859717018915,1
52.10985285513775,-44.501498798022475,1.471937307127532,0
-25.482383039898743,7.033598938614573,1.0844844435567065,1
34.75509731339068,81.29134751754705,1.3045197853136032,0
27.09015298286391,-57.08149609840262,1.2845670636259416,0
45.64749132979812,43.525809540199724,1.6598269775455594,0
45.0775318054475,15.230087720489463,1.0276331444938258,1
41.52229736926252,-35.83225118585016,1.0299806612506728,1
46.62700862339595,-24.58108885750768,1.5991575915212637,0
-70.98299010456874,-37.71748994399473,1.327017817083595,0
-17.43035031711002,-43.74994720073553,1.0661265862023268,1
-2.1085167251307744,56.83410990920701,1.5945517531891897,0
-58.456499539990794,77.18294092708024,1.1967413187051448,0
22.504508649637113,-45.75599252511427,1.0332566353566468,1
-82.23307383461325,3.289949610453188,1.4039810464506943,0
-10.13865173186275,2.341718519721072,1.0208136690282759,1
-12.065237428557213,10.110067374345045,1.097304276810778,1
-15.186897829123039,-48.77571670917845,0.9985177751501464,1
-39.839723139916465,69.62551693455515,1.3068223069570848,0
-60.13647784440553,45.051506703142586,1.2844619763443168,0
-43.83574239583144,-76.3786922371615,0.9231361934921124,0
51.39884494859739,70.13805218790776,1.4007788535255377,0
69.11545423396018,15.145819305558849,0.8964875402950178,1
32.48989851327877,-88.8200115950589,1.2243279387176687,0
-53.137037994017994,-44.6910932797752,1.3653056172715963,0
44.91042325380541,-70.15309836018206,1.1707881594862635,0
52.194836936748246,-37.3487612920019,0.9887199694804225,1
-47.973209676870184,76.12577848631959,1.5048316892358329,0
-45.60005779901485,82.55598928678351,1.2178288560408663,0
5.340735404496038,-21.294211487873365,1.1173667519177823,1
37.73311096077865,20.086447907376414,1.0756764944047474,1
-86.52045261268003,-8.831686954283228,0.9457762313142453,0
-33.52030437388216,90.8686171264066,1.2643814361740642,0
40.58231176627589,-33.27549034572653,0.9998655561085753,1
-76.01576745373445,-51.502150941469594,1.3561600565839527,0
86.51258868083808,34.04443543115011,1.3558789222639556,0
54.9504128484296,-7.057641007657278,1.5361186691711493,0
-3.156784983363416,29.18655297273471,1.1151284106450643,1
49.15270171253699,-35.67387785395302,0.9307399505064374,1
49.460333364423526,44.469864344930876,0.898624279322611,1
7.009606925128821,-76.95945619373036,1.4324607610350741,0
-2.099301180003463,-12.125814278527464,0.9626149550382439,1
-20.75488211394467,40.89981801439581,1.3554168714507189,0
-53.4343291297774,72.27513345630713,1.2403191785046654,0
-17.32522483936133,56.738268239882885,1.1346337209406072,1
-1.8173054991074753,-61.49594700428054,0.9566028398429197,1
10.222030103945213,54.960331549559314,1.0476405857931324,1
-19.350697331420264,-11.487924677506996,1.648210669877583,0
-15.666426716443752,-57.05085953060158,1.0076729046544166,1
-27.736805946589964,-80.58809902938667,1.263272857227175,0
66.9165306481701,63.89813243413524,1.4593778331549967,0
11.705954042526784,-6.141239272845951,1.1358724315236846,1
-26.034752761508347,-33.15965373606554,1.1332566217836522,1
-48.050135849080405,47.21137946487695,1.0136926794705923,1
-28.932274816029352,-31.651002406206043,1.0541958232678268,1
45.13721343103394,-33.23486093138498,1.5210264471313173,0
-78.09593207172469,-18.230900258950864,1.202229731448985,0
69.30827179354716,23.77715963364264,0.8356293475967681,1
11.105755827879012,21.82159170192654,1.121622744912569,1
22.89983973752179,-28.36667664124081,1.1733437368578528,1
62.688202247726814,66.02394602858193,1.3304485870770402,0
0.9801559279005974,-35.47521733801488,1.1936166285168515,1
33.62300017470946,17.762879455226045,1.0777401501638364,1
21.818110273767324,-6.5067892295629814,1.0884952255746263,1
-48.74556451399085,64.61252149240508,1.0250109488129686,1
-31.77274212029824,-77.15254380592182,1.1683766751767117,0
-21.3600537973913,63.88918019029729,0.9832558121808752,1
-51.28465041115234,1.229211942367134,1.6190648922300617,0
46.69848475637553,-0.18381940680627717,1.0737630173316086,1
-22.24632593735013,-16.327898066693606,1.1315814709971157,1
13.173470959674363,-56.52902509888293,1.2654993279401974,0
-38.80260569128787,11.693420901153612,1.0132689017173433,1
-6.698267778319494,56.21810191491862,0.9590688377453664,1
45.8295202878368,-29.905467887611515,1.62171916982446,0
49.94707500029731,22.504508649637113,1.00032839397435,1
73.57312075795505,16.561651100240535,1.3468528095338939,0
17.922392163611654,-45.32176738092435,0.9121924582894543,1
-19.996057372624566,-4.7785449926374755,1.3322885402705527,1
32.84184365421536,-12.60834022139392,1.0646080990138367,1
59.78726206374041,31.909377936052625,1.3244070647692257,0
-1.6425011589029526,9.94076002597083,1.0118272668013613,1
15.475445514567092,51.773810196247446,0.998908568324927,1
25.824239391257947,9.865372709440589,1.1483610697081879,0
-43.0874208722556,50.13636341424824,1.0833606872386503,1
-3.0149167858756325,94.92462018901227,0.9199765009507129,0
-32.14181073970024,67.81568859365323,0.9641571749925898,1
-51.48842351389769,19.18140318336949,1.2264483008785083,1
-21.971560914938664,-10.51819787547085,0.9906093383060172,1
-59.09160068798219,-67.05518752830412,1.3921460199596742,0
-33.5231690919103,-40.040402605950895,1.027732346703977,1
-50.64383808514395,55.08415102877602,1.2991980566286783,0
68.67117044041179,40.570823053350495,1.1990199691430035,0
-66.08725446064632,-18.461317242657312,0.9430927141604345,1
50.8149254118251,21.69626028819499,0.9899554204614368,1
-14.932342721730384,-69.630552571714,0.8674418514118832,1
-17.20753891492059,5.788454552712703,1.0774419294751325,1
-21.579120470132178,-17.620122283435553,1.102747625183911,1
-52.57925265633592,36.2098801846152,0.9833717445753699,1
-22.4944821365386,-14.493324683916457,1.0099886249009968,1
-91.65113679282565,28.24699078668636,1.2375753798013602,0
-50.25789690635156,31.594910025235283,0.8948001845170077,1
9.515025437079032,4.616938295029813,1.1342925189955002,1
-43.984843560443124,33.71415029378696,1.7056541501397728,0
-59.76889588801748,19.081116554714658,1.2542267562822724,0
11.420825076287496,-46.21595881350907,0.9410211512403045,1
-39.604726739169806,28.110045651219068,0.9609742977480893,1
-79.1843871955933,45.45352604664215,0.9453111305725084,0
-32.827189519686755,33.75271380570437,0.9558629204185203,1
40.36408765766095,69.10921601879706,1.0076510209155194,0
48.271161903495866,13.28977175975657,1.0393573738758048,1
-60.961573762649,61.4142633465749,1.3321748323309968,0
-22.935648712873654,7.519884823893001,1.0898248983078613,1
-12.4798755223191,-91.42613303182246,1.3297548852139833,0
21.882864837528622,52.90721017507694,1.364319139706581,0
61.577180327995436,-22.457532579008856,1.6125333331841445,0
-8.885997233566908,-26.983853376402713,1.0192961333610806,1
-48.78340968598038,74.08561038754976,1.1719857810540641,0
-24.053469429938836,60.977684671823056,1.649293917380156,0
-2.0255173638550605,53.71866110487434,1.1029105512677573,1
-77.72182408926514,-38.698344486241645,1.2625213494531708,0
-22.267214506305397,44.039071520243205,0.9941247042858068,1
60.744866720541474,-52.14604190017687,1.449324314421005,0
-53.936373899372555,-10.245843072554214,1.131662131418854,1
32.2025774857519,35.886561465133816,1.1304104643249313,1
34.232186803877376,6.59243236227952,0.9420097345408553,1
-36.37744283558239,-20.429020438242652,0.9654640714370787,1
-35.60376237773956,-33.74307292772501,1.2531404916687652,0
-60.086211490137295,9.918669789034059,1.2012820050975244,1
56.782963633750384,72.41805749676125,0.9075436249046475,0
52.80369124777367,72.27314304963414,1.1891193099003496,0
53.20373969282054,33.967031376360346,1.6616601051555175,0
51.60073348204674,-36.399823445177304,0.900350872814818,1
-80.67704390364777,51.75378797347007,1.2074215346028663,0
59.91886004815853,29.097776554674873,0.9814869989692364,1
-17.15473725450591,7.049892022399689,0.9912022429054012,1
77.74128548891288,24.58733770097871,1.181538691534456,0
-29.337995097660325,72.93034965038896,1.6796830691989333,0
70.37590976237148,-22.745330640170195,1.2507987934107299,0
22.159787580249777,-43.46612791461328,1.0158401795933658,1
-24.875561029761997,-20.40722367063717,1.0189544140481637,1
91.4382185610037,-16.38260622348119,0.8115940421604861,0
-6.031574285830844,51.934204565011036,0.9875639988576388,1
59.649704129831385,52.58975109944866,1.621735365399679,0
26.580703995566225,31.77151338094793,1.0221615799935397,1
-23.616019244559197,-34.45420245105897,1.0232838163360016,1
-12.742027062707596,-67.55363200130546,0.898001658397189,1
52.210028623261145,37.22342987827036,1.0299901616898548,1
15.635093863010866,-27.040252512581915,0.9637045461358565,1
39.489839609915876,-14.30866973435197,1.0247458778464429,1
-49.65335714599937,43.954464039264785,1.3473258053851724,0
74.86328348603585,-7.576486107513706,1.2867464990177078,0
-12.998186882001002,-77.81101875670338,1.4038125437137428,0
-60.22897495649429,3.3863583902466816,1.6466731356205822,0
-40.707643180007445,57.013260106482115,0.9490280801298633,1
-38.226081188122755,-56.494977848521636,0.9650400883392296,1
-4.348763582119242,51.3243962948974,1.633594141703622,0
-3.284727468214364,-74.40508261863019,1.1793795077679428,0
-60.359608853114494,6.517233514040601,0.90492607863144,1
-26.12763357904934,-92.50886159620777,1.2967901770987516,0
-30.930997153938733,91.77641443932696,1.645961128196592,0
41.56445429933587,-7.633822472739875,1.0432836659852691,1
-49.88957601701802,-59.52219038667144,1.1988956414961847,0
44.846849348289425,47.45701226904649,1.1696828454689487,0
0.31939295757394454,33.245168229501154,1.0760419187640726,1
-37.75347731551005,84.1182671828253,1.4798043222950812,0
16.840584171402497,12.882750053564076,1.1455764160896336,1
-3.185506765676906,-23.562305781531403,1.0122962664648927,1
-23.05330677474409,24.11222933157799,1.2336732386568912,0
-37.63075697289789,42.16357643618896,1.2324829185044304,0
-4.1298722298960815,79.64609195198501,1.6897840771662151,0
-65.01119475132258,13.61636287754911,1.060552688063273,1
-9.43943437104463,-61.550916922583845,1.0169516188457814,1
2.784802875840054,-0.6083158861604383,1.194790663289022,1
-42.518682108428344,-28.199568089598756,1.0892500315815326,1
-19.860208637461017,92.92360240396502,1.0920712383030222,0
-27.984714237487516,-59.514517034810325,1.0628113610732048,1
49.023864524994764,-62.644496934220435,1.2949482413963957,0
-89.83356128871405,9.10923246179308,1.334967106534533,0
-85.96481667847016,-33.2316243509205,1.3414770680387311,0
-32.666240417864834,93.26049752891008,1.2249680153925804,0
-21.512530724696067,0.49728270609615377,1.1339057919465991,1
30.44198419474162,-78.84700857917,1.3095399879933722,0
17.7454536971671,-16.4921395598516,0.969892219769147,1
-11.453898643799992,13.347795562410077,1.1461790320398757,1
-37.82502066418179,-51.185349367965024,0.9123513890046014,1
76.68932797453752,-45.00554658320168,1.1894448506485429,0
-5.122921536277107,-89.83651293432729,1.4276422413428984,0
-89.03467673056748,33.88885468868549,1.256844181846736,0
-44.42428928539214,44.264776577006536,0.9401399741490192,1
-33.28376694852012,-63.50519086341087,1.2567182270421222,0
-27.235480291663762,-1.3400820391296415,1.0910896505347296,1
10.800618889218878,94.74022737050923,1.3492624909439208,0
22.148310344560073,89.63766982600322,1.3398345583597815,0
-29.48180486085231,75.19402779994036,1.208981119956907,0
1.0557578410945876,75.26894886016969,1.2504073492012304,0
-58.65077985347811,-24.249467670611295,1.0603124903441947,1
-30.823694564603084,-58.53760342599208,1.081882714053706,1
24.112674163569938,64.35495635520026,1.2151670412457698,1
-18.362842560439674,89.78384389974725,1.248660020819599,0
69.80064520463539,-28.199568089598756,1.619320608928613,0
-54.129245019392776,-69.89315172429438,1.5591599633958615,0
-69.04405962405903,63.04508844247593,1.2839943133827925,0
35.699399887294696,-15.265366192502787,1.0197577593363956,1
-81.62252450046678,-49.957807605867565,1.2655073325552937,0
-66.23228081082141,72.2481886699358,1.2399646626179663,0
-6.36151872728322,-23.945895865982504,1.1369317486257604,1
23.62979192738684,-74.50791865040992,1.6460406248125194,0
-14.44545616976865,-6.036122603264661,1.1315385286344597,1
-25.626975913003772,-29.518846128878238,0.9786598445608258,1
6.548566367473488,-40.3149380836486,1.0639000648718102,1
43.55266627171363,49.702857788397566,1.0129467828029257,1
32.05555887468533,54.870561460322065,1.6422618802405584,0
73.95627679422006,47.30723733735734,1.2726150588518852,0
21.20949333284367,3.7770330592735433,1.1648548126272946,0
47.23800665167707,-52.59343785430139,1.306523119550632,0
-41.030371570366185,8.773198961208502,0.9734893985673172,1
34.78516419294747,-16.794409440027703,1.033738634832877,1
-16.798731212914998,44.293850321884705,1.079757303658278,1
29.983130515778512,-28.623766720690167,1.0342000966784561,1
-77.3912895448915,21.115767910744307,1.374075964484621,0
-43.10565089607111,-30.739618074558166,1.0745197617116862,1
70.85334102512299,-26.02989640270504,1.2754907502039363,0
-54.06143285350903,5.291165336231951,1.0067915324277,1
10.114245088136093,37.156586457613535,1.3217109708150774,0
-12.245616365182627,-49.47641867955483,1.1213118061652743,1
-25.62426506771759,-87.3319592093528,1.2755973637427895,0
56.77513042039216,-0.09549060093833062,1.161040811840408,1
80.66673834780647,17.966626780222775,1.1858803218397609,0
-54.617250427448944,7.318264723542237,0.9783802437374021,1
53.91852008477494,47.36345067224936,1.267532444797318,0
-76.11034942970493,-49.551483483501,1.0538373029319448,0
-34.00803085012301,6.115308635522176,1.0971095437824034,1
80.77352084696211,0.6438257554702979,1.329785045320868,0
9.88798890439965,-40.35671522155911,1.1615985234418387,1
-32.3162229867812,46.79682171176492,1.0379901011574126,1
-59.08894113543616,-3.943119093554164,0.8984306188375909,1
30.65248290120196,-67.26716019849049,1.681898301262966,0
-55.61401410467228,4.328975842106983,1.5051324010221794,0
71.29790798653552,-2.3186311540336755,1.0945478980480652,1
-59.384770815898406,73.01327440769353,1.2900566791846881,0
-52.747238089433374,1.7762486566781794,1.1052386967822312,1
-10.858257935106119,69.87796003778148,1.1458186895752762,0
35.74332556372633,4.911797785765026,1.0063616400827347,1
-17.96062886610603,-83.58330739144574,1.2211061572569293,0
-29.11646632689798,39.9015642980077,1.1298760954987053,1
34.63704524944654,-6.596989868233418,1.0250901225378024,1
-66.35462814327363,-33.15015893199498,1.3021726867862609,0
-60.4793699817913,1.4204226889575573,1.1313530643324208,1
-89.21806208918768,-21.440623991933034,0.9877905035545355,1
-63.428139632641944,-55.69414697695754,1.127145568962375,0
-40.7126564365567,23.727743247657042,1.0178953377429139,1
-44.028461453472296,-22.5364449506176,1.0652558913412618,1
-73.75892955228086,-22.244933366086435,1.1281739448685457,0
40.811041596335976,10.449506619867982,0.9737386592081394,1
-6.175420567500008,-13.068648322735259,1.0473346216600459,1
2.0959268727106823,91.20849021143864,1.248295287304615,0
-78.86795412165823,48.13071236136654,1.532722326439023,0
-36.28025788340919,-64.622151476737,1.2525483882999162,0
-74.60004259554593,1.8799712059732503,1.0196358651214692,1
11.530490063302603,3.5629930475111955,1.0874951479544923,1
-11.618686243335913,68.72339186279991,0.9969293913389734,1
77.80509891934763,-26.342092265577307,1.1087131182324812,0
22.984959433030316,-54.8479031076021,1.3081154262418615,0
5.929966318269907,-86.22443174977123,1.3245118814511605,0
60.05197720122797,72.47573843148997,1.11926526488491,0
3.0945230503820724,-76.0554949121673,1.5698804021537636,0
-96.87309691682806,5.207318093104395,1.1785635902027836,0
23.988432588218686,81.8915457321948,0.9041174549198812,1
-35.23669487541466,-24.7738427809364,1.034254009954433,1
32.03173538403462,74.75487763774537,1.2081868310248018,0
-55.87184095205666,-1.4847820635764652,1.6318157794785435,0
-29.331872586070002,55.409450188007,1.0732471320725638,1
-7.608081003926313,25.572250305448474,1.072552804597126,1
-1.38908983552467,-88.4073866749717,1.2780234038856606,0
16.636162705518164,91.51345357992483,1.4559234510742816,0
-39.22873249797516,-67.41601319407081,1.1645827632161887,0
-86.91142356369167,-29.273161709110518,1.1324611350245948,0
31.41860650544068,46.128556643406796,1.0010155031518617,1
-38.07289834911754,-31.75062481199266,0.9822579080405709,1
-29.951187847774634,-91.17029839602164,1.3095979611588524,0
50.39433363522389,10.986329621404852,1.43084655225455,0
36.14020837387625,70.51234858975384,1.224084331337826,0
85.98331798240199,18.698253296235528,1.060876563422329,0
42.04868930693503,29.202219399451156,1.0182367550524232,1
76.57749378997707,7.458281247652082,1.2514836520207353,0
-26.183124899784474,34.7223718886941,1.2147207096570456,1
-14.543594598903574,-94.28527736843195,1.2321449476552941,0
29.9418294706077,63.41614804676023,1.4605214389435888,0
50.45037014886786,66.21079542561027,1.2239432140595399,0
12.065997012882859,-22.13048932768914,1.1064832683028873,1
-5.4552146924206335,-49.004582769036055,1.0109239253151883,1
11.176613130413529,-39.236104934077005,1.1112639387574073,1
-55.59810496969586,-35.87203028673016,0.985922562639248,1
-9.94076002597083,39.33427474111752,1.024255129256592,1
-5.201253669859326,-50.571225440680436,0.9350501003401607,1
4.644527897269179,-91.93694936264353,1.2499584954046796,0
39.092859189630666,80.053976368998,1.5463366864326125,0
70.87009402620187,-55.57966155095276,1.172873986160387,0
25.199447373399774,-88.5466438013401,1.434858045662378,0
-27.196916779746356,-36.793722174047915,0.9419632500076074,1
30.319459430429557,-16.00303108475135,1.1618487081435696,1
59.238540966150204,37.41790965819861,1.2492226192847766,0
-62.885036839805224,-74.24095814826745,1.0609086699281178,0
0.9798637800830197,45.02815882428052,0.9669752375997133,1
25.16522859925598,50.50855973381466,0.9619599161895035,1
55.326177003105464,-36.202437385920646,1.1684946204623095,1
4.3929453749703935,33.82520344519465,1.4618685848339912,0
-59.36009082860538,-41.7862766594346,1.319247996143095,0
2.302140178542694,19.86173088135247,1.0203407887077616,1
24.822582775165337,15.812646699130571,1.1344154745956085,1
35.27926453355656,22.868397710383558,1.1748641313217854,1
7.914043038092237,91.04691468541951,1.2484952195062649,0
-24.991083898071086,14.463245144620883,0.9737573016465929,1
-17.170403681222353,4.2769344935891445,1.113653366997362,1
55.784415435657046,-33.36799686538553,0.996676250854363,1
-26.695591124820155,-25.4476102391528,1.2270622890216578,1
-48.098962231104856,19.280822970508442,1.09975576066456,1
-59.25042584159027,16.74741015987837,0.9314509569519098,1
-58.42484158718418,-15.625621139880002,1.1429960614694796,0
-64.69745556360665,50.77072085611552,1.5976304997826039,0
-3.454647942600414,-65.8439829729674,1.1292385746065798,1
-70.23020117591143,-4.832694343038581,1.2652537662437155,0
-30.0602575396133,43.88527656200121,1.4626732239052491,0
-44.89371239864122,32.009643067037885,1.0587975472646876,1
7.312605947336972,0.915883408038259,1.253143036934771,0
-28.826225158256506,-0.6141239272846065,0.9731444618601941,1
-98.64186267486151,9.282074701299257,1.2892389908504889,0
45.301162367203794,37.904151478341724,1.6215381180211244,0
36.706104468399715,0.20533018845381842,1.2404974618567102,1
-37.541578851588895,51.38587962993551,1.0436255313195173,1
47.37527439052591,36.32104369940319,1.0806246771452657,1
-75.87280018069401,55.11980986167358,1.1706774963525142,0
38.60752462121877,34.01930504026378,1.0072396158686239,1
9.753249524322436,-29.602869000724137,1.7241497382212436,0
65.18408496044334,38.78615594323562,1.2989712490115093,0
15.628282373134146,50.47041539050505,1.1740882661360639,0
7.635575359645199,29.867439980026315,1.0663589936208995,1
-20.520170557320146,33.167249579322025,1.0330789317051405,1
-50.153963538866854,-4.362144570607844,1.1621032778878926,1
38.51255299093772,-2.2440291220506126,1.1767674084193978,1
35.29332610680447,34.85466615874405,0.9981589813584327,1
66.69487972203372,-0.48739994228936434,1.6125333331841445,0
-5.238853093978785,24.782198208518494,1.1080563494190483,1
64.75494703779545,-33.541675871220605,1.613739408845872,0
17.922392163611654,66.74297775078651,1.2309917203415108,1
-93.49943344046845,-11.963653019532691,1.5782651372025238,0
12.407809959423451,-16.19281865411627,1.063095554744781,1
-7.028585682065316,-48.728853658826644,1.2547777423809576,0
-91.53927944699676,-28.61733946870391,1.041538602048758,0
-9.692295995239858,24.286442838647034,0.9903046412645216,1
-29.10195426846592,2.9327550813182817,0.9903537076367266,1
9.12134177712948,-34.623963519393776,1.0646980495633114,1
-31.644724625196233,-8.542938922027277,1.207910922470255,1
-13.370124722327768,-14.058727202370081,1.5523631869551795,0
80.69614335156903,-14.477939172437662,1.2083508240675207,0
40.798673364717736,32.24975167018673,0.9899206149185388,1
-85.14672201903421,35.726825349593604,1.53369417443324,0
-30.158830598136873,-24.12246046739281,1.224251727160967,0
-48.60352224509509,-39.62979302191612,0.9559274720287141,1
-92.23632466316437,-34.46234085454803,1.1961836477378307,0
0.053713463027794936,-29.655799753908205,1.005800438200514,1
19.828294006908678,-87.80978152405632,1.16842147371329,0
-65.85382470257132,-20.697307995761754,1.7371573421254385,0
-27.948905262135654,-12.085529181256597,1.0381687278981464,1
39.387485622035115,-64.54567807174826,1.0066407301289437,1
2.169197545353759,-72.20053518735216,1.0167171934399766,1
37.36314358538094,-64.77168553913303,1.6928442317758816,0
92.32270025219492,5.127845270388003,1.2596205667141074,0
-6.460264689617164,26.976637325309085,1.1338680774394585,1
32.80071795642141,89.29332163060519,1.1351414289959856,0
-21.169072595514667,-58.24926657237754,1.1567346293241305,0
-17.32212065573948,-58.83980055186454,1.1069799830054123,1
48.616537430367224,75.37479426205316,1.5402424042781138,0
56.49537280045566,26.2681214815572,1.6455774187052228,0
-32.96216181139766,-9.55768077308377,1.056342190634591,1
-21.035888336311213,-35.561139548778215,1.1733866090882246,1
-80.22603050082886,37.54571065643721,1.2335109681436573,0
0.6836258930811872,24.678894740230678,1.0255120871801517,1
-32.500942208865546,-13.841601332512392,1.0464382815612703,1
-21.57092887446344,22.935648712873654,1.0769646631086112,1
-13.558740688338519,-84.59870426879627,1.2705266801546646,0
56.83152955657136,9.738250846941442,1.1517656679445734,1
11.767227178128866,45.161086081268515,1.0435046704388973,1
34.864733764109374,-72.95726508514115,1.2596225674430215,0
60.02989082622072,-35.52277900271303,1.317694528820209,0
17.887817980513287,11.958345579144801,1.0882466673377595,1
27.96507705745587,-51.91550592667206,1.0680089206523333,1
-46.66840521707995,45.82617811680396,1.006667422749526,1
-89.88881229913692,-25.154201797733634,1.241588016608709,0
11.7579433697043,68.24991763314742,1.0179514684710018,1
40.53310758162573,-83.16435586720186,1.0894189387332391,0
-28.305110332741116,-46.69584620029698,1.1532153705354329,1
-35.854243301844555,64.61425563775232,1.583510204511568,0
-70.40116172128629,-17.957484959456483,1.5551272755980146,0
-68.76137107908221,26.39935323781832,0.9117827019786549,1
-41.69578243142778,29.703545054377354,0.9637818920970905,1
33.34475244278869,33.50306580750223,0.9746126097908232,1
67.34720379045349,61.41386721567988,1.3889296961760895,0
-85.42416289026959,-15.800401675949894,1.215306229065623,0
-59.17394672622182,-44.07218519637507,1.5159724046892042,0
-11.736680453635165,18.464147306838345,1.0956735677364202,1
-28.27154058461292,-43.998771650292774,1.5975197795941318,0
6.438901380458383,-7.794047291430767,1.1079261680162478,1
-43.94208887866524,-83.71690825075642,1.1464897437466868,0
-32.62473108212041,-18.394795184599797,1.0254050666225576,1
26.674258118227534,-63.63902529156258,1.1603825757435242,0
-8.807380255862558,50.57692232312277,0.9403080425954747,1
16.37342443492942,17.45320276861661,1.1607607360654006,1
-77.98662536058043,55.32196348820743,1.2930817107243577,0
-44.331266218662385,-85.98593416324958,1.2153268604279384,0
-41.56903310204652,81.61651941495958,1.527008944359583,0
-26.464511330752607,86.59225706846374,1.2688884461349759,0
-50.99985887564233,-37.9553653344626,1.0356288768129638,1
23.367345804615645,-5.946279295930194,0.9985086062442944,1
4.149485995166185,63.61077347202104,1.1339431232113855,1
-83.56994224774978,22.60143160958951,1.1605364265898757,0
-86.48703090235162,27.142606500462676,1.240983642654343,0
-13.711256662231584,-48.78734165190137,1.190791891111099,0
86.0073587498917,-18.953287172333138,1.286644650227923,0
-0.022600746738465488,-1.8964081126921473,1.7295242395705277,0
-79.54586937835589,-5.554160545366579,1.090472272225737,0
-18.401921050932366,60.2735116210728,0.9793476413129996,1
68.2698115083429,-7.638502054746088,1.6339589517789956,0
40.076211581302786,20.321593512187036,1.024976219543659,1
-24.495328528199597,69.30827179354716,1.1798019865403335,0
-71.13452953649261,35.8984977902511,0.9304701254018575,1
-91.62919976288035,19.55368992964135,1.192981862358473,0
-42.36735109291205,-46.833949348238576,1.5540957700297386,0
-21.181008920631953,42.17402072066658,1.0162677091709642,1
-44.45087473678975,30.89419348482708,0.9290151150123159,1
56.18428232708627,-9.88327719711652,1.0725551909933502,1
-55.00574575594675,-60.88157732912588,1.5402090533386448,0
-32.52350186333723,24.25946177041315,1.103229692384243,1
-41.506815253448636,31.222266891359652,1.106556256871715,1
80.0580087877024,-39.47117687207882,1.165243822398369,0
-63.11636663004378,64.31634825087778,1.1064902613216543,0
59.9150121538773,36.233971348810755,0.924352811579363,1
0.9090940573485542,96.47164918088649,1.245520356433923,0
42.178841159656244,-27.46686136316816,1.0539751178358554,1
-20.55899375618647,28.858718487742475,1.0718107817215143,1
3.036876563495257,57.208969929462924,1.0478892309532295,1
-16.709077413657287,-48.19126189269302,1.5483481346888652,0
26.34765615535644,76.51389277405359,1.3304117232844013,0
-12.909135614349653,-43.22680459601161,0.9416608982488344,1
12.414406349619838,91.2808475377468,0.9694989808385583,0
-13.55668125196267,42.351573556786285,1.0751166610202796,1
13.860368908312193,20.981764109058712,1.1668701594444764,1
-44.612015125873164,-51.73203305833694,1.1391254677216909,0
-40.093765000592924,76.27276643110035,1.5326041679227573,0
-74.10784855546358,54.30959441255839,1.2392781409392466,0
20.232422142193172,-57.64016292300991,1.2666458758562091,0
-19.692071725501126,-89.83755736277504,1.098159072926974,0
42.90512063410061,37.529795556280796,0.9032286345969239,1
43.65710911648991,42.60432524114491,0.9353364231228987,1
0.6596390196397415,38.62846099010298,1.1367202135978667,1
21.52870252001625,67.91749739600998,1.3207470891937874,0
28.543334252976734,33.792930039561064,1.373472678592724,0
11.050052977331669,1.900859774928518,1.0562623024908513,1
2.4466871637159078,-5.552726547497808,1.0392993681626463,1
-50.792137882055734,24.728267721397636,1.5798803765343106,0
28.50129186339693,-49.735682682470106,1.6376603037492956,0
-8.009192398050427,-71.96941824949103,1.3519986214831685,0
26.042548495376828,-45.44253206298148,1.4435604436071319,0
-95.59653582373979,-17.532472209780167,1.2556459093870933,0
-30.720519954370495,-2.990049441881269,1.1550207338681349,1
63.55535444193502,-56.290241672184855,1.233625263583953,0
-43.54483305835541,-53.43557045867023,1.5587590549718018,0
34.22383137629525,43.51506684759417,1.0591814354160523,1
52.216200245907025,-66.87214243914016,1.669916346847551,0
8.203510716974188,-27.06019160113013,1.0474001902415877,1
-24.66522222236904,-4.887925135530451,1.1247189669140705,1
72.61284340226902,43.523422275176266,1.2049242444198662,0
48.77837485156937,8.244361532536347,1.156721957133119,1
58.99364050253685,70.46074456349244,1.3992024624306234,0
16.543746612564604,23.244156808212868,1.042787556373197,1
19.94201837345719,-48.96877379368418,1.3873552818399981,0
-56.64979900666061,62.87298574233104,1.1637901554110237,0
19.60306587561833,-76.62680451013374,1.2339548989723206,0
22.3551663755907,-7.223047265055108,1.0359713676772861,1
-21.04028592977547,85.55737964400603,1.1919668250875672,0
-2.5692939814967755,-41.892025039770594,0.9823961845507297,1
-58.07586725479527,25.48969968459226,1.1523592809232073,1
-73.64627337903102,43.83785918255176,1.1634651361544257,0
-15.702235691795616,-63.23268230884631,0.9842531046520044,1
89.16127411817509,14.954949398088894,1.4744978711714551,0
31.14485631229018,27.43504646583631,0.9946395041398347,1
-64.83083578372462,22.977042574289573,1.637760123469287,0
48.10001691340836,-41.65907208598694,1.017938064688023,1
24.35852888053183,26.828294974653552,1.0981181853594373,1
-28.99333370989856,69.21874935516747,1.1289546378038022,0
-20.432937044921765,-75.77067281408021,1.3055695374792382,0
56.16796934942599,36.961626480697774,1.1599913925852803,0
13.216552289540237,46.95907950719095,1.6372278095773822,0
-17.32706794838679,-66.68974047094157,1.6334431540807692,0
-23.513263054419067,39.839041990928784,1.0364739691909552,1
-38.9704738272556,45.79913691481097,1.1250756372982669,1
54.9264920678518,38.335746175137864,1.077890288996693,1
-37.46269894084878,-21.203796450401335,1.004758790991434,1
-56.945223053313555,-15.64852222876782,1.0497200822762425,1
-88.39721019266015,-14.914438234054453,1.1201313729300653,0
30.551942316560147,-46.74861732186816,0.9262512843120619,1
16.929767366857767,-61.93878466613202,1.013922308764659,1
64.79209237671199,66.8441287439099,1.1370823831548498,0
-18.997268355953416,-76.70070094245892,1.2163684227134488,0
-62.22472596560845,-12.333539492026976,1.0200741953589794,1
41.63201732619593,-21.801069599093317,1.686498592131046,0
-63.84939243990632,24.843471344120577,0.9546302996993427,1
-32.18232190373468,-49.58946269978329,1.0884596457915192,1
67.18563763758303,-38.10874965186343,1.141983877984636,0
89.71938774411386,-14.365367278659102,1.1922933057464857,0
-0.19247324251630082,74.35733731816103,1.2504073492012304,0
23.334852475129708,30.27914117670003,1.0527280184700825,1
-32.343217445123386,-84.89949966175197,1.6612558680401113,0
9.489378468245938,-76.12988159807867,0.8790938419875278,1
18.517716378836514,-52.18660810655375,1.3907661501851967,0
-18.20197762501281,-8.175464526488808,1.0673644869886976,1
43.3228920132058,-1.7736294003828554,1.1098857652570953,1
66.0020608287807,-66.37964154356689,1.2810996727802781,0
-41.47801360307738,68.32901568092466,1.3921744607205688,0
-66.27373241259235,60.022353412527785,1.2759295574243221,0
-13.911786924202053,50.18076988251677,0.9706865561925524,1
-19.38838991210797,5.533571812329356,1.1172736756183792,1
19.536660772474033,80.23717107093833,1.1657128645103134,0
-19.14228459059874,18.398651535791537,1.091526036776796,1
58.113575329298904,-53.301321990738444,1.5504085831881609,0
-43.51848497705958,69.76971927137697,1.4484991298176888,0
16.297725689313772,-45.08681561387204,1.0428705345956863,1
-23.726200707180364,-30.4266109028286,1.031458999471475,1
14.076696679111981,-39.09680469404722,1.1183660318854316,1
-24.12060026088104,-9.33149344055814,1.042597181834153,1
31.235373444429626,-46.191588816394614,0.9988087209494012,1
-85.2011036444737,-24.427496831162117,1.2465146880412104,0
-14.98963708229337,22.425967630365356,1.1238688589855779,1
-68.61644238974901,-2.6319596883625502,0.9784266481945134,1
71.30200535967674,51.23355375786177,1.2583857217298013,0
27.1252988290426,78.01701459912229,1.0651923645522774,1
38.252937919636665,-58.22987004406194,1.253236061288924,0
50.25371919256051,15.691492999190068,1.328192153188416,0
50.04180826198682,-5.492973339751722,1.075629636149578,1
7.751265895397397,38.100749774391204,1.0614752084695773,1
61.53772414219106,44.25833662294128,1.1502701066279297,0
49.79573731821647,43.19233845723543,1.0752416226137154,1
14.09408716235704,15.290432475249103,1.0660195797712222,1
-43.48388683734876,-9.33871875487525,1.1664872451379473,1
-68.52495045772497,59.62250347610581,1.2453972244977707,0
30.771183023201665,88.6975056882392,1.121525861213836,0
-64.62366206251457,-41.80777447831772,1.1348786600987988,0
48.39881426933358,-23.58319435048667,0.9253468402839901,1
40.847878869966536,-69.05083429507154,1.5742503048546186,0
-1.1060801464269787,34.83118172879242,1.630741495099898,0
54.76982780068736,-41.85472402377906,0.9329477219694031,1
-50.020426859281244,22.256220522644725,1.169413207229982,1
-6.841006332847096,-37.63075697289789,1.0293580863195477,1
20.382021158093323,-86.05568195342553,1.1865030069054294,0
-68.44994150556745,35.0510187069235,1.0635369295262846,1
-33.21865400694129,64.65643606527847,1.5157787480214797,0
15.242466131722217,41.955077571987395,1.5013152101177771,0
59.976072544544834,-62.55812149292581,1.5547295949885296,0
-1.0653170167181751,-6.224793548666994,0.9480532532606593,1
-7.037444724460607,92.63364969706552,1.302720336454664,0
24.28537162998265,9.072066178568363,1.1529386022745884,1
-61.868308450874274,40.271344548437625,1.3553719708989247,0
-33.885056767057236,2.1192402685516742,1.0115034235766227,1
13.427172124440073,-20.27862274176479,1.076963127443531,1
61.26526454712248,10.413405723521409,1.227459381616395,1
-49.36177729817098,-29.954207881840453,1.1358912556589311,1
-23.013234826136053,64.05628874193935,1.1462409045726325,0
50.88835189663753,-25.389106084709443,1.0909343438381114,1
-76.73624691403703,22.76018473364947,1.3316858396518245,0
89.64653500115664,-7.916047338561708,1.3802696971041195,0
37.471211523808584,-33.8438034804058,1.53923593361269,0
-37.031255043881984,12.697464782269703,1.546209483343373,0
-37.29715423928891,4.150681525344849,0.9830520263660063,1
-71.21509973103431,-41.122132069705366,1.2278823383603643,0
86.7123179867876,0.3698050355782723,1.3658536119729905,0
66.22218919049497,22.935648712873654,1.4216538317222116,0
18.854857881774393,-14.563510275606118,1.0237331818624127,1
23.803327731015152,21.200290676590658,1.0423572853429046,1
54.012390126396696,-56.41548375490163,1.1622607802394107,0
-73.73185431426893,11.661985317053748,1.692976524452926,0
30.926475818667026,-2.8142599265175376,1.107137111276326,1
-38.93107039036273,81.30614358722364,1.4735785474514111,0
-23.92263359600961,-2.537961128063888,1.007910449416172,1
-66.68693341143306,-38.12411664813778,1.2311223542499865,0
25.42009443640172,-55.99874113178963,1.6707869019111035,0
39.79272385976713,-35.62545435319309,0.9963508424546308,1
-41.67501601784652,77.96078124523638,1.1686388953626767,0
69.18027375399154,36.743437229936774,1.1386482574287937,0
-48.93622017972795,24.188962850189153,0.9457790520903698,1
71.69479079668544,27.651243154523222,1.1549377668405598,0
-6.099462134935444,-59.03109586756006,1.1521705805504454,0
-56.79261852463377,43.933032538968696,1.1789493792079622,1
-67.40669172313743,-0.10804432218236677,1.3163621950486797,0
24.509116362493515,36.95787618976985,1.6044468764922741,0
63.35920735508958,56.71246471352639,1.2425149668536386,0
24.304132257401935,70.36173313599343,1.3540840965572796,0
68.45256076186278,-23.73085492413591,1.2288137151014096,0
39.29139820484093,18.345385684955634,0.9805834959683428,1
-48.770630796737166,-28.99333370989856,1.0733417332673947,1
-70.92793929407796,9.052784422609658,0.9044580883566284,1
-49.45577585846964,-20.980478658661486,1.218699628042979,0
-67.67896341503702,-27.545665061434153,1.187828255378981,0
16.71549706841896,-11.850781453949908,1.0733443930602509,1
-36.944390126943496,81.93600291291463,1.1545191416341523,0
-10.931684419918524,50.675668285456716,0.9723541582144589,1
-19.917532776797685,-40.34655321504034,1.439930585603274,0
-48.93773934837923,-17.67172933614855,1.074328595923341,1
11.516564350665766,-91.17164063338423,0.8670210909518561,0
81.27852120327624,16.220523492941133,1.1971197037023484,0
14.597562584242615,-83.43525039038263,1.1736623885833664,0
27.013241432036324,-42.43764886679157,1.6864007232886522,0
-59.12680349259142,-54.92022549716523,1.2219209066792733,0
25.46044096050924,48.73212317396747,1.3582839406239045,0
-90.31543391448696,32.286989356779294,1.2104801262935598,0
51.47663686056869,-17.81002606854199,1.1115375687573668,1
5.518903977075497,-39.50532596276203,1.0815799014244345,1
-87.1348222878347,-37.96558844585719,1.081089391521767,0
34.86425032567648,30.17538096489613,0.9807539486087559,1
80.92409388322018,-23.36764209637388,1.0860046357467235,0
52.29630593723074,15.250231833108794,1.242673399843817,0
-5.168971336019382,22.305193722587678,1.1339547564241261,1
-90.34828287373112,15.279988190771483,1.120371319793663,0
-56.608802749832535,-23.092605810443995,1.6308075358165146,0
69.49956710924269,3.3839481707518506,1.0795901721630836,0
78.29389687972439,-33.07687191888076,1.2292351166840179,0
32.18908953978247,-37.54905728964765,1.6267551441495618,0
33.66773125166415,-38.792393502020865,1.0374060590121745,1
-85.2383266561159,2.536880684842071,0.9921364406153254,1
-54.54954834625009,62.81762373090417,1.3132215428584284,0
22.555611522848956,36.38249652161995,1.1058932043763776,1
-40.32646281134804,17.429710054460045,1.0594899621821274,1
50.67203549085581,-8.90942875874281,1.523612298698027,0
-45.47602142859395,24.246808118065267,0.9304296983185135,1
-60.88214443959525,-10.501058536840887,1.6820128549459867,0
-32.27613723097234,-31.1283653367992,1.0080682346201437,1
-2.110581007239292,-24.905858536733625,1.2518777793460185,0
53.13469005409667,17.132512788698868,1.5256614247230735,0
-96.84472276685717,22.972108760504646,1.0998487978295763,0
22.50952190618637,22.008196251260173,1.1494972960029561,1
-50.075596668196575,51.289032628415676,1.1951281022114424,1
85.69326528205177,22.94400414045575,1.2052515278043237,0
-89.6644251307831,-20.458167278645334,0.9949490576404498,0
-54.7920384309689,35.7829118571533,1.4897241531724252,0
28.668198593116713,-89.3213372499851,1.2129898142490663,0
-14.848147238361719,-59.77686956910316,1.6917518958365174,0
6.904451463927624,95.84486037855865,1.205778422203922,0
-52.622846191546884,20.167459226976796,1.0281702125378223,1
-40.80737498582788,85.28669373140774,1.078562706992873,0
-53.14835263553543,16.927574067117476,1.104625955733025,1
65.51018503829106,-18.21119933438436,1.1460940334536727,0
-9.074997005474062,-23.180295632477637,1.7493045223013246,0
-42.47797868200619,87.44735845753581,1.5102279874968167,0
8.883785502736353,1.5359241878866419,1.2365667429329399,0
40.26898323194702,-12.909135614349653,1.331736254996812,0
-29.252351964943788,-4.750060580425758,1.054301938187011,1
88.88782376094264,1.5099451273372442,1.208947506391673,0
-68.14751008483343,-52.3441829010829,1.2449387359272557,0
-56.302105407276315,41.50895563812336,1.3357387904000486,0
60.10826855855014,-24.639478472521482,1.3904780016996423,0
-38.18341517493755,-23.244977308466403,1.2238242820094087,0
-36.387887120060014,62.45682117622242,1.1070896283438196,0
-21.905145977747583,-33.19425702201165,1.089841699544246,1
-56.21482527665111,-10.66791503938545,0.9621815314799714,1
-60.41570958116576,52.58548030422321,1.1507818744796996,0
-43.09520661159346,-57.7652485888714,1.109792363136762,0
-29.58201156227403,21.788676381148548,1.1518805024985244,1
-49.539014835136626,-82.55320100695116,1.501721450563686,0
12.506555921757396,57.610673178602504,1.133681014390325,1
48.21961233566476,77.57354870963307,0.9633306913115591,0
-52.408026937479484,-47.06055328493334,1.1189109302897347,0
-56.906429996682355,12.318287521043766,1.1811412213632153,1
-29.47794850966057,3.822608118812276,1.0327666328085507,1
2.393830002272594,-52.739458898236244,0.9848878992134636,1
-9.483410305687295,-36.98669276344409,1.1179547049877283,1
23.845950559976494,48.76711272196576,1.0047688434373407,1
-79.37025604690085,11.523395832336677,1.5894181820748148,0
-33.89846119633336,-52.82350466979741,1.120648383282686,1
-2.3081868695560557,-56.79601898934742,0.9853440750448702,1
-18.83591891258827,20.969338088552004,1.2242237758378043,1
74.7468955651708,41.22264135279528,1.25782245538034,0
75.26934715915401,-2.4987950612727787,1.0094966509197625,0
-5.126419864573021,64.51647463553897,1.6056774683317927,0
-63.20085210853354,62.305627724736745,1.2367222763103423,0
-30.455533536766655,56.74505088109659,1.0071140756342836,1
46.240129871871574,32.53245410717521,1.112146731979457,1
58.3662944555927,14.761860860816052,1.028005840788138,1
-67.3085394588971,47.45047323876483,1.152889573096443,0
-88.23155003583189,-30.264888569400345,1.2435188740357426,0
42.87298437416946,75.87949422427214,1.25313634381679,0
67.00588730425646,-58.93825778331446,1.3657410551280376,0
-62.860499063020434,66.57514096397963,1.3581638850797155,0
-29.173572219169646,10.975450945348607,1.1325620899539106,1
-48.2968289032579,42.494721691097304,1.0845527040177925,1
29.275139494713137,70.01468521639772,1.2214462072983592,0
73.56118443283776,-15.011918222512332,1.490464192355688,0
-94.72162614711375,-5.007472022474389,1.2306213503044134,0
-36.64234786915134,-13.968755748625489,1.0115920626092534,1
67.17605128651928,-62.89257258936503,1.2848083517124231,0
20.474595497781387,69.26269673400843,0.8854661444508919,1
46.140949861351565,-64.99003490225103,1.2943876293415324,0
71.8604751277169,45.576325512621544,1.5150547257071394,0
53.28972348614334,1.0683010979975114,1.3202147618433389,0
34.030777023214036,91.66563696586996,1.1274067871993003,0
53.767176490834956,-0.5381878354354744,0.9454812316088413,1
29.607136274583862,37.8308051909694,1.0634581928185762,1
22.81533055569136,-23.79792883934673,1.0347360585857004,1
-59.44468953287417,7.570017389385633,1.000060560792189,1
53.6969908991453,-3.1332853432887506,1.074531800059768,1
15.021865160110071,7.815308870545945,1.0462699111923754,1
67.17472307607055,-10.565729645973684,1.1253027461426877,0
-17.08684940540131,29.546880787212917,1.0476519745498476,1
-54.822386135478006,69.32848653769742,1.257727938702283,0
72.15956145593992,-13.452238407186359,1.147187488329392,0
31.163656024349923,23.693903765949525,1.1394472349609015,1
19.278250184889323,-63.36072652374087,0.9527103846016888,1
-57.29332761178222,81.00747722148839,1.4953235338942814,0
-69.51893523364913,4.434598745437606,1.521022071921083,0
34.593594451157486,74.89507888022473,1.26289234187331,0
-80.78784597002132,-12.352977465915899,1.2874211049122353,0
-28.86203413360837,14.051441928074341,1.396408720528517,0
17.15787053984921,-23.58737206427772,1.0253408566071056,1
9.901181684792451,46.01591059543756,1.0799192497300283,1
-9.050718520185514,82.22188352981578,1.2208366680985006,0
18.619888726987224,65.40665039216499,1.0002061003905847,1
-0.0688440159933778,-96.50695380447284,1.2189235960552949,0
-51.35747117615635,80.0165877827708,1.3013997836173739,0
51.38123772572324,7.255296283793066,1.0646590115144188,1
62.12857223549695,41.99113916797667,1.534412186043359,0
19.890559549618214,-22.248646889456264,1.0548052876282126,1
-2.237687949332059,-69.72865424377173,1.532799025683907,0
-16.869608288266623,54.51916497322426,0.9272773465742242,1
44.63136819669441,-7.608711942362932,1.6188105703109086,0
33.463487466323855,19.58062317605986,1.0335850351197808,1
-6.010458667213037,36.03550604377131,1.0642588768270669,1
71.80459885609065,-18.416850343812822,1.3510083005108975,0
9.344664214645023,83.84211646847187,1.5713316184260577,0
-34.13192167289211,-6.74004491623003,1.139243149089315,1
27.908099685571905,-67.69936620331889,1.144321455298693,0
7.5528667748749925,52.31597064762754,0.9802283212312958,1
2.337062244288327,-33.10961053343478,1.15246118353238,1
73.92251404603117,-40.76340287019821,1.110094272874977,0
56.52772295432467,76.62632421091143,1.272844753077115,0
19.67703195585335,65.50655224369015,0.9058142114753236,1
-64.28814776956014,73.25363602306912,1.2259016865909147,0
-43.540133130340486,20.516752427854744,1.0407556920498893,1
-42.85976259865492,-3.39827176089259,1.1218864424566817,1
7.697077512272101,-24.61249659314406,1.073710207705513,1
77.7455308828979,-23.294845960475424,1.4842525681681837,0
3.921082801029914,-34.201152358572415,1.1456336122372919,1
68.99663692697142,-5.517969539694467,1.1248394332659237,1
-64.73069111106626,35.70751658837447,1.1542771591535594,0
12.24315888648201,76.5430890881684,1.5801792662089906,0
-42.50352105031567,15.39959209366044,1.08980806067993,1
-17.476769359232797,-35.38523581020761,1.015411927090872,1
24.553563326499127,-30.273233298611668,1.2056159083107416,1
63.94626696259736,6.44639401932278,0.9727546730064163,1
-85.48034593780442,-40.98769406310415,1.1814802756271596,0
-6.804282880974147,-88.91657361928966,1.1911503889725281,0
45.683300305149984,-36.095447154686404,0.9668636111497307,1
52.693582871323194,9.205947050130638,1.6210508095264806,0
23.766793877619712,56.10229862035962,0.9997155751006193,1
21.807665989289703,14.803032532959739,1.00333781721492,1
-87.16367647740574,-20.16971406500496,1.5918191032858016,0
-77.5244422492821,-13.48008983246006,1.183979704253044,0
20.537104409717564,55.93345523826835,1.652892071140959,0
-49.15498046551392,55.9061659518534,0.8977259191183197,1
41.33970670180655,45.56657006687059,1.59942353231113,0
-28.09635398417278,77.60717736553627,1.5398976620956846,0
-48.45505272421311,-65.75078781916702,0.9549140607773229,1
-55.66673073020377,-73.99644998844296,1.1796164409943275,0
-51.916127918799766,29.607136274583862,0.8955209058376672,1
-72.42289075606737,-15.138434803276787,1.1855792941274619,0
5.738859470865725,-11.636032306444962,1.1375201126478558,1
4.83972074563369,-18.481563086413967,1.0565656813168123,1
64.9880242378596,-13.130308697405328,0.9421742721948859,1
37.69285299151944,-3.8533712840009295,1.3084916832486937,0
-83.82033022562138,42.88753026024355,1.1587971973507338,0
-50.62314845494065,66.62976043722718,1.0369009471587531,0
-10.123197331974044,-27.762698590305927,1.1246204066696222,1
19.033664032031382,-30.85659406070762,1.0791803944849503,1
49.007089397310686,28.38756521019608,1.5766509654197414,0
43.03424996946039,-4.151128339654052,1.1337665962659296,1
12.031815718228803,-64.42034665801671,0.926588827449212,1
-0.5169920816426439,-37.36442771871835,0.9813203854199191,1
1.0894192116665413,-46.8353852236823,1.0440899777693475,1
-67.10637087779287,51.04429009054952,1.1689548630722073,0
-34.77946731050513,-10.762835154196859,0.9478179275128173,1
68.67501833469302,-9.72307914948972,1.1128789861106998,1
-29.507374145927983,-1.5857148432991788,1.0248102019890204,1
68.96737034819735,17.51130512657217,0.9765704838383181,1
36.82654706812044,-38.83184968782524,1.0310371389553392,1
23.21605119783237,-81.70970896922155,1.1934832586263753,0
55.651789601020475,-1.341510317348812,1.0709232716940156,1
-2.523648590076025,46.98380713529031,1.4578990148670596,0
-9.553038868871473,-54.26850214576116,0.9473882501898347,1
-82.03747617036143,31.393657782123608,1.5268167649045787,0
-12.481534320442,-27.690869998570705,1.1200216419572369,1
16.223455221917295,-33.407784615776514,0.9796895498898002,1
-8.757914642460765,-52.947937005955566,1.158751822833658,1
65.2776135279405,-25.02116343736666,0.9730810523800066,1
11.548394550978534,54.877254726742976,1.0307081375165879,1
57.1230331378194,-14.936047098490931,1.645536044420731,0
19.235865379518298,11.655821477034152,1.0587782450672996,1
-40.57319675436815,-40.61877181390688,1.6635513611849575,0
-21.699425222885196,-61.013610957495494,1.1906310358040473,1
18.774645776986187,-28.116013813777712,0.9916350141357719,1
62.41504403831191,-37.920272538617766,1.1872544910154907,0
71.45979439593879,23.80998452771517,1.4574960544076443,0
-27.63139901401573,-63.81040044452317,0.9201411430303802,1
29.899940671771134,-13.947965064248285,1.593754595581587,0
-45.670423790040566,62.51633929050591,1.399137310257136,0
-61.245284176817435,28.639834850655742,1.4577911608575265,0
-11.517524744640715,24.482843406525213,1.1202217775499375,1
52.07038196646937,18.822207441684306,1.1524962566523782,1
2.2977425850784075,46.820235272571914,1.0205355079732623,1
49.86936952378377,-14.475778285994027,1.6961244014313828,0
51.187438224860564,29.88109789049706,1.001176420227891,1
20.866745077245387,-25.726610941044875,1.3828563244832242,0
18.757934921821995,-47.63638150246664,0.9840341591817148,1
63.966315876196745,-7.8154777808070355,1.5972858912454913,0
13.009400745334887,34.25558200110724,1.0543189693651893,1
-89.39199139803962,4.898156271345269,1.1692895033323818,0
-0.3175873687760592,13.18656825833793,1.6413179220276852,0
42.48734925499546,32.66507994181175,1.0642350115948083,1
-15.610308172981858,68.69845028792797,1.3651617480768519,0
20.246720200087665,9.354280970327519,0.9529999752743743,1
68.70668100763572,10.60860788674386,1.1458733993789176,0
40.851774305798735,76.24536554358845,1.09407031959846,0
69.3433106834076,-32.522828038532225,1.5090926163836083,0
-82.68426692404684,-44.62424985911838,1.3410045859433586,0
65.62666151518287,53.79328720202902,1.1357756105660426,0
69.8152943309157,13.689608508950672,1.158385295385558,0
47.90384600495896,-34.28522560505071,1.6706119220747675,0
-57.861336006065585,-2.031888071102406,1.0799026222947512,1
66.13655148338074,-6.662617953969209,1.382808940445554,0
36.71282041491959,8.220812359947228,1.027731235569638,1
16.13194339601809,-28.299833220583988,1.1328103795864313,1
-78.38013284705212,-19.970360796501662,1.1516439321833554,0
30.288424985124596,-37.37860210479513,1.0057905135174146,1
18.03808269936385,31.313571676928802,1.0759353494797204,1
36.67358883738354,5.3649930974763445,1.077267694732316,1
-12.081948283721433,-29.55314735789949,1.122323379768579,1
44.84423090542772,-12.004145146366001,1.45560072444402,0
28.612117326465118,9.248413904940637,1.175974047463387,0
30.35526840578142,-38.66474113618318,1.1267731636899054,0
-26.733190548939614,-47.24994297679436,0.9924578943214568,1
-71.73686352755286,-56.50791438734187,1.5235892061560943,0
38.00490810506708,48.178869925628206,1.1204333346901294,1
33.36186740113611,-22.983071409961262,1.1375915598674318,1
-44.29682154074471,8.13870867919253,1.1462157918040614,1
19.038981122310926,-12.191328426614408,1.0636264338461026,1
12.332611111184534,-3.3463487466323913,1.012593218341711,1
-3.9589981866965993,-50.39797319228682,1.098309799625127,1
36.24166713737323,47.813934338586336,1.11762271581433,1
-82.87244140041831,45.80508460339857,1.5118673410447683,0
28.891874946401614,-80.74028717463212,1.3952493816549483,0
-1.722411714425029,43.146234401469876,1.4336346282186978,0
-79.89125636903925,22.592240639249205,1.5623016255120366,0
19.629286655384202,-37.283111503856794,0.9897033608943118,1
41.29226991597946,70.91859056391615,1.5304792795809907,0
-71.08182953503136,-48.072873768843024,1.173487675640547,0
38.88832618907466,45.557195240716375,1.4628275035237284,0
-13.830490872051843,-33.61930489961174,1.1716950970779874,1
46.648352190882925,1.7964169301522075,0.9543151364524575,1
-57.43938691316937,-24.727887929234814,0.9577824672644986,1
43.97143234457858,-10.326910613975802,1.3531561378932193,0
17.377472973474482,29.867020811418513,1.0227531339645186,1
-42.14716398915267,-15.720140179471548,0.9474562469284397,1
57.716809691131914,78.38294361481263,1.226687426219745,0
18.19271482067971,-3.5559716797951406,1.6153143614761354,0
-11.689243187362564,35.83642889964121,1.0685708103531926,1
47.447434901462245,0.9001074258902306,1.1029613915614487,1
37.61457407057542,41.024690338699784,1.536680473052226,0
51.68667502289124,-15.81682441292162,0.9190761058567625,1
41.7735570129815,53.86266709177329,1.6208594552316489,0
-35.0510187069235,-71.14124371937108,1.153494743657454,0
30.915934648433584,82.47062801931365,1.1075245279234596,0
51.10954651291292,-46.56439524385311,1.452967847251311,0
-38.56750124621904,88.83836347123251,1.151467827634398,0
23.40912294252618,-8.972800842336527,1.0618811201621503,1
-14.187879313871566,92.6526098990237,1.2768876889428626,0
13.897861211565216,-42.15313215171131,0.9402495382495024,1
-19.272115080720646,-3.5478430964008094,1.1012073681149666,1
54.33185648676831,-25.400958939021727,1.5139278253296604,0
-76.1764332660361,25.241746725534185,0.9738931056912651,1
-52.20269470563423,-21.457602385418827,1.0645624920694592,1
42.517732628021285,50.33385533891612,1.075596559581864,1
48.54242318090097,-21.596169228617715,1.1188736781744657,1
-46.544953774554386,-59.95541504383024,0.9013464259646629,1
20.86309509067876,0.9323434436127571,1.1707936206876535,1
26.905824463982764,32.93790411841735,1.1084607631110899,1
30.164764656909465,55.421551152091425,1.0509854943754313,1
-78.19467332199706,60.61593180893967,0.8582151378376749,0
15.33001081642748,9.109614861224774,1.1378403785533784,1
-89.74942107827997,17.138060090581952,1.210384352721466,0
53.04906136350823,50.12240348610124,1.0944935008945782,1
-58.715976884463586,-13.739903842513064,1.07642838175648,1
6.338569583827549,-50.769889064574066,1.2462050824342015,1
-91.08324263142863,21.44620292649871,1.2677092462098172,0
-28.639756469533953,81.43179342426244,1.0734380685951763,0
7.099502373668417,-54.61577460464233,1.5754532887858337,0
42.580187339241036,58.44621593681282,0.9878719926709645,1
14.00176845200932,27.788223962479822,1.1575082041028852,1
-59.185349915229665,48.349003066440254,0.918054935470262,1
29.954207881840453,17.84153318701064,1.0740070814186782,1
5.584210767372408,53.58614222655606,0.9820005043529092,1
18.66629474834086,30.091668142062144,1.096133132425976,1
-69.37624815353716,-60.492587607344916,1.200845416478188,0
-35.10053235185446,-67.34629361315697,1.4132461080105259,0
20.206209036053224,-55.91173623690815,0.8978571714448782,1
32.48948333675296,30.82794688042611,1.1342942200532167,1
-50.227817367055984,-28.490336969455942,1.020024300273112,1
39.488347569276236,62.65675462193703,1.0104833015177144,1
42.44654367843171,-14.276122429235631,1.4923370396695563,0
4.965449721343779,80.24699085180801,1.5297224575068973,0
18.48339944412429,27.25659840533279,1.0033114432052013,1
70.69655822257356,62.45360755022932,1.0718475662605231,0
-47.23323212163014,-25.78763466089825,1.539667680264197,0
-52.13786811232481,-41.10870370394841,1.0903660569876583,1
-15.851699241090396,21.518858818516996,1.017318067718857,1
-12.520608231781859,65.5107299574812,0.9957962375904856,1
85.13817426703207,-2.8553765563188005,1.1498469482271285,0
-59.180299931526186,-28.008586887722092,1.1864902129084678,1
-40.58231176627589,-13.494015545096895,0.9472859965177165,1
3.781275418539119,92.21192099653193,1.4500383722067205,0
-20.127590455850324,19.991153726977995,1.4908369532140278,0
-79.19338534837404,-40.983372290216856,1.3799282928141297,0
-40.68911592754279,29.147727480437425,1.0134488938936412,1
-27.72688961495406,63.95841087597756,1.084356443610385,1
-29.27580848641281,89.40039219304354,1.5241808566886357,0
-92.66548980715422,0.5051235765544254,0.932930659375523,0
-0.36939785099826317,59.1762164518808,1.148930248690411,1
-93.73080682387238,14.333356224935434,1.0266165650502406,0
-28.982125209483556,-10.922174177142164,1.1770728140290092,1
-25.25427986690733,16.99493970199817,1.0120930366167509,1
-33.71415029378696,-47.58081790904565,0.9812693625131319,1
40.37461970923504,9.220811153106906,1.0835377580918222,1
31.828729895912343,-29.605459600152656,1.0648589947403382,1
-93.35029436556829,5.9986207675652174,1.144191166927213,0
-61.106350904231306,38.08034698610933,1.486486110184386,0
-31.408052281126423,36.605128237194705,0.9388039486935684,1
-32.24730856270659,36.17435952629515,1.0603973650592333,1
49.45219496093446,-0.6803705316855451,1.5967909102125513,0
82.65822824240087,15.009517237574931,1.2127144058489978,0
-14.4732716577194,29.462908740012768,1.1175188784984207,1
69.24112996476241,-44.64484001994572,1.1680275972336496,0
-22.110887151543462,66.09817042248747,1.0534707736776145,1
5.0997949063623516,-77.85766465880646,1.4508091045039777,0
-7.068218785728361,-43.37885761304818,1.6609753138428898,0
-41.43456537965042,52.4938093273224,1.0256985304797885,1
80.81870883065271,7.374500383964393,1.354592561877742,0
-49.33671101542466,32.297905318620444,1.1882844726870723,1
63.51617003038195,-43.68694992928316,1.2168956406836942,0
-90.99744262803613,-36.831484366237135,1.5058248719296048,0
-30.842921542845982,35.924540681416126,0.9504148241444909,1
38.52200258165558,-80.65076473625244,1.2684349562426134,0
-16.765486806089648,0.05141801588985937,1.4751961537491305,0
2.388892704155901,80.19564712780301,1.5262126295340794,0
-30.95043193970663,-45.913074563657815,1.6995175105820828,0
-0.5676775798428997,-40.58526074071663,0.9960918821139841,1
58.21644167830498,-20.491686145108428,0.9393198901858544,1
-0.18002148517805183,-32.42437610884046,1.6653506911900264,0
-49.387949446332556,-50.04409625939773,1.063836198017423,1
-10.14320096648096,18.838608015718165,1.0920327821444702,1
-36.56259151495855,-49.266639361383845,1.016539619962795,1
17.381488167507076,-18.91185069307125,0.9797780929971388,1
37.183323825876265,-14.02207856828583,1.055173163270302,1
-15.619200386631853,-3.3367218409399504,1.4083108778709985,0
34.798836710809105,-83.36817766125013,1.1706886888519332,0
20.39321146289079,-46.992118354260874,1.1108874323763678,1
-9.963847391658227,-86.23219036109747,1.6168743122403135,0
31.941233003709414,80.82570650125271,1.480162980967553,0
-67.90276951098622,21.14519994528009,1.036355313982384,1
67.05230634637927,19.853970422297905,0.9272424815449456,1
31.06007329711883,-84.5662655499481,1.3998657302809316,0
-6.259408891507117,61.15814900346122,1.3920767046622293,0
60.02817689235772,-14.747329682412396,1.1504484054133446,0
-11.081722743167061,29.089016832209744,1.1328646748273767,1
-69.6941606200364,8.384011939621049,1.4249575821802722,0
-49.901184421115616,-9.414317346835265,1.5999035713917082,0
40.980985025193405,-28.99214007738685,1.649952125786999,0
-19.892949440895823,14.060695534576169,1.6146859792206847,0
-62.44453378271933,24.144728233578032,1.0958998259233765,1
63.34047094172365,-65.71037403773843,1.4082442456721398,0
5.690046183412383,35.468790086028655,1.0885195356473183,1
-47.20983692440027,15.445843428276225,1.0330998384825403,1
-38.76548220924587,-62.26750199429882,1.4117900644397705,0
-27.646218074255696,53.142884165832506,1.6239168420144399,0
-61.46516385003069,-28.169884333714972,1.4123936418439136,0
70.00455742538912,-48.70378737608034,1.095601920801243,0
39.694249177549494,-55.154774285719974,1.0399954977008923,1
63.334141072343265,-27.169884514039545,1.5737391396486995,0
66.95034180639428,57.14900040033713,1.2108600879262312,0
63.869648021923524,-15.248655337338596,1.05598850089604,1
5.528507916825037,32.58152566599074,1.0411258844918034,1
84.24876903441708,-36.602977335044855,1.451601875290611,0
33.94202559148067,76.93070050140233,1.3299427343785382,0
-78.13976443556103,43.857250753921704,1.0751321721365106,0
13.06800642048823,86.52633671661107,1.3391806953472647,0
41.027606906827984,-35.085423408732154,0.9509191655049187,1
60.947929254042585,-26.2679898309125,0.9449039998134107,1
-96.55943649864001,-8.831188122785782,1.2271035010542528,0
-57.08428124092999,-12.591629366229729,1.060198397327612,1
-13.790777283357798,0.5920828855593836,1.08792530268106,1
-88.31799865466766,-9.582772147204178,1.2983770647618538,0
-18.57411551501572,12.549852228319223,1.0844095699611627,1
-8.196674458043383,61.08653105275749,0.9802588713967805,1
-35.49827983043608,21.32845764266908,1.0117150621896773,1
72.69221996429901,14.232487894632776,1.3073927670765912,0
-64.74411947682322,-46.5136209211215,1.5235098075271738,0
12.63568525711717,-44.72052717239398,1.0774618475324647,1
-9.282880043716798,32.744920694262966,0.9816109427073002,1
-0.041777137910507176,-93.6274810148691,1.479843425101101,0
-49.74264553878852,-14.663775406591352,0.9662380038925731,1
13.387464679600331,13.297777979865822,1.649703377082921,0
-59.58255408797888,-4.804370859709408,0.9556707639783474,1
57.97198896593669,-74.57219117027226,1.5157625503969687,0
21.108848409695614,93.19719883510624,1.196305508753787,0
75.36929896160491,-34.18038315286832,1.1494962169291107,0
-71.58512580967032,69.85833744270231,1.217002420682902,0
2.9427815944167968,-14.814173103069217,1.068809317939775,1
-26.436284751582463,-37.58645880080312,1.0792829583844263,1
27.413005424111088,-23.895082293853097,1.0664852398223992,1
-22.807260435392557,56.65896959790925,1.153766984342258,1
76.90932362823773,-28.266411510255576,1.5437384194583048,0
91.52879420454082,-6.077344826629868,1.0862741703689045,0
-3.7957513872983637,-36.1491606177142,1.070311837767616,1
4.223668642753242,39.79272385976713,1.0132368790338442,1
-1.4380130628146175,36.906803148843274,1.1368399277916545,1
-42.373411606148586,-41.40873951257849,1.067052369473287,1
-8.00938676054265,94.23266992053844,1.0863484895428692,0
-24.29900994517297,56.414420497945244,1.1339716330519454,0
52.06013090633942,-42.28428063527851,1.4578439949230528,0
5.23593275035785,41.42142383335626,1.6097709346977003,0
-86.37791884804416,-0.7593609184911493,1.15765051473952,0
66.75522447679336,-25.33087128640994,0.9644752565391629,1
-6.011087420124739,87.42589173624066,1.5501767695808166,0
10.007627543030196,11.418893599021084,1.412047302028252,0
-44.96971983664615,11.712422760654858,1.0662056613753081,1
-8.898530374940052,16.175124807471803,1.407108720787729,0
19.363703421524477,61.42805915517595,0.9645692990716982,1
-35.59859762167918,-76.22835628029631,1.5981885192206449,0
-63.82546375058668,-72.76459444265103,1.2361515040194602,0
-66.14774049075154,-53.31489356302111,1.1185463358866354,0
-17.970907549572267,24.82774876533704,1.0796570461019313,1
6.6895642079214825,25.08978238638467,1.5857127552101669,0
15.050213932263622,55.63670341233059,1.0168295431430179,1
34.382584500355215,-18.89997719071774,1.0618388078497671,1
-31.894523842573346,19.491355787362163,1.279789256313144,0
24.34483721348554,-15.660107485499314,1.7156556639835359,0
-3.222807781668437,34.38556858163455,1.1141516740879354,1
9.219378794092812,-43.249364250483275,1.0755757466324345,1
-19.211515276279016,59.448867246665216,0.9841121080725574,1
-0.36719905426613425,-70.35050144457794,1.265308135613357,0
33.69743943862274,-34.54133762441518,1.0483730104318716,1
31.991854092185655,19.539571695631665,1.1011319508626798,1
15.968430123025795,53.727916047979306,1.4952868768239602,0
-21.721326570941304,52.644764052305746,1.553786236779946,0
79.96144196072892,23.830375749790555,1.3060539945213958,0
-8.450918183041646,29.7465158247996,1.4212143981199072,0
17.908466450974817,-34.786430166823564,0.9965245253691803,1
70.50374066298654,-24.266089874023944,0.865438333270797,1
59.76096704164378,14.921810670156301,1.1036062957861175,1
-12.339232393419387,91.94123331854085,1.5150579095796883,0
-44.9223595789227,26.901492733093413,1.0744483900438915,1
49.40197505647757,68.51960094616327,1.388752321109688,0
25.992118028391467,-83.04621191805707,1.2185874872263605,0
11.650808220484894,-84.49843913781103,1.1559004791303151,0
-54.999847807065265,33.51951798069797,1.492658049435737,0
-11.572267201213108,96.05055501367909,1.090408435986549,0
7.244155713683585,65.27260027139124,0.9137063339732957,1
-33.02482751826343,-68.70668100763572,1.2746862538200834,0
-15.202700485637012,82.66860049733039,1.082419367113731,0
7.029003453444421,48.12726287291521,1.02804445126423,1
-31.123967743334912,-66.82253208787141,0.8652722192581003,1
-28.56632738451844,-61.727700179847304,1.5522523454854085,0
-54.616195745145454,8.64786754747695,1.1035683307959923,1
0.19774511944311288,-67.8349313965696,1.5170596827284404,0
75.33484615595786,38.64207481667854,1.4794902915556416,0
91.0532720759711,-23.44836813268453,0.9604113388705503,0
18.972042753613383,-43.16883881716076,1.1175477368678226,1
-8.397204720013852,-68.63649541594606,1.0152650765776479,1
-52.2890410546608,47.39723968983968,1.579756173525607,0
24.53161203635431,90.50882781540331,1.532811626549333,0
-51.75723196691788,-77.27842132603129,1.1376555089387177,0
-34.37661633779657,-1.342836575695187,0.9420829681086365,1
-33.279176563777455,-12.879645869942227,1.1142193186353062,1
-4.212225339760365,8.135643508747995,1.0111894457825734,1
-2.0415094725605676,6.10781756251754,1.5273940299351,0
-45.35952748634349,38.59163114483979,1.0329083836830015,1
15.544676200247395,-25.578351093841754,1.1296993164620766,1
-8.43433995371209,-31.31892772025067,1.0644185196172613,1
84.2534516951207,28.734000155699338,1.1098829358116389,0
45.66411692549718,75.51857123314316,1.1102364364726267,0
-13.926531796405751,85.75371925808699,1.1661984321191134,0
63.65269174891097,50.05423335903779,1.4948923087443056,0
-63.36608829545133,-12.643727914682854,0.921991048258893,1
56.00386018204416,59.99518366549505,1.1990472928943368,0
-16.543746612564604,-33.41335490083122,1.0537628862263433,1
19.193610788603085,52.066250161621056,0.9735400000402659,1
20.526336594787146,6.84014621530188,1.5048253305462282,0
40.172136230427185,78.01310816544755,1.1947861975159644,0
-33.876951923994945,73.42482730023498,1.5281777214831505,0
91.08644803842947,15.715576290456138,1.034539996494697,0
28.13690238273298,-9.399856029866251,0.9845803517245245,1
-22.766723763931132,25.7801268853897,1.2066407575756342,0
0.34621251911983253,-75.22987086609129,1.539309212971044,0
34.406457150589816,5.389250790456651,1.044939457098824,1
-65.92176583884161,45.64877022177496,1.5417851153730273,0
-78.56712998296543,-44.745552763122845,1.5814151715101221,0
-49.76962660702239,-43.490000564847854,1.537085884803786,0
-3.7599424119465006,-14.932342721730384,1.0735147895004415,1
-22.79527752949433,-13.10966587632012,1.084827735623398,1
-28.28013828414046,-69.57683910868619,1.002067279838437,1
81.9518747516859,-39.91274462037446,1.139914939310548,0
6.897270704065297,-94.26943787027587,1.1349901725773848,0
-2.978113116763981,70.60933123133181,0.9743588645296835,1
-83.2078583146426,-48.10397119425713,1.526259882983786,0
70.2169245431009,44.299432611864106,1.1386128442031287,0
-34.5496930519973,69.30067595029071,1.0542933851450713,1
13.59093850504929,-28.056690277944774,1.593697668732851,0
-37.58868142685946,-45.43800882398967,1.1044137772848628,1
-41.87573195598548,3.8150882339883894,1.0503072497133263,1
-76.03439099714033,-58.933615879102184,1.0973652179900966,0
-14.997992509875495,-27.21084249238319,1.010904702314847,1
63.10186018556081,15.43581691517771,0.990224595035835,1
68.64203638371103,-38.72081045285257,1.074141822758714,0
-65.44227972382781,-63.61533334674099,1.1153917548090597,0
56.00714218305842,-40.12205214904045,1.4946094809782178,0
-52.29349942827717,-25.35137728084222,1.5332033962784626,0
-4.386599480604251,49.078853236432536,1.0726027709543922,1
-3.8367584397174377,54.9180692577892,1.5525995310057799,0
-29.578213640645806,27.184383638373212,1.0147272707342327,1
51.91635212526439,20.909943304886976,1.4942435379247845,0
36.60693481613138,-2.2864514667242357,1.1361114714030451,1
1.4064969763207216,54.352056421582205,1.0904309158691496,1
12.976882324474825,-30.36407547809768,1.4350007310221886,0
50.74728623616047,-41.556315895846815,0.9982587260755399,1
41.19392906528587,38.212712503991405,1.4556101116030171,0
61.401948443981894,-30.664419226319247,0.9924619215050888,1
20.425041663203558,19.955546208590125,1.3751050408924583,0
-24.989691326807392,-18.256609266895797,1.1452936244208625,1
85.60374284367215,-26.76720907552391,1.5052936298012751,0
-5.834873594835508,-32.98072942824676,1.0709144469312835,1
34.02813846713546,-66.60111325694568,1.5231915641023472,0
27.805669360728174,15.67665785225857,1.2252358566765194,0
-3.618263422510829,41.63182612648009,1.562613151144895,0
-14.828002776308566,-24.958238424127636,1.0378292766562565,1
26.82637173045307,-4.103241501732908,1.0742980084396823,1
60.06159860268613,-43.28310426281481,1.2646673030531586,0
-8.997751077477538,-77.21459514311245,1.1656876476343223,0
-72.93393054792415,-47.934789630398896,1.1924395307761613,0
-16.392646123112538,74.47614279713218,1.5989277107545161,0
26.508429546981038,52.51386235351946,1.4119692446393453,0
-78.7434777093377,13.564715316945458,1.1005405921110034,0
-41.33044389747345,-24.208244606147858,1.035833267271164,1
-54.50988116479971,25.423709370655548,1.0208454636804516,1
-12.460274272148276,89.51869092876969,1.085590478174385,0
49.45313730239108,45.772351572801334,0.9079095709025589,1
-20.418122054439895,-34.31356140293786,1.0395083023769722,1
-24.105408574368113,-59.331891260515775,0.9298919494292779,1
71.79923364146171,19.812807654062524,1.1942488151490203,0
18.423717818537853,-44.868646115894904,0.9128994487569827,1
-20.92170254739426,-29.219506491000338,1.0577064022172216,1
39.82344234352487,82.87355422096196,1.1183034093822448,0
-45.364003608262465,49.231372946264585,0.9359877756570386,1
8.021210478819201,3.982753814135929,1.1716684629822287,1
-64.54567807174826,9.541535019301923,0.9813174962660124,1
18.86828962573657,-81.7137170093153,1.153004287175977,0
21.807665989289703,39.73005815290136,0.9617104483768028,1
52.45461477611909,-49.774801275240854,1.2059691260094778,0
-34.27049949620506,26.163696832398454,1.1609498124319797,1
3.059560982270202,-53.66396238540897,0.9677919462674062,1
47.187277269928586,37.91275265379388,0.9979049097906808,1
-76.90872681198186,16.582539669195803,1.4553225719517993,0
-56.84109432235613,19.742995857817338,0.9852526049838654,1
71.0561974029104,64.7314371313861,1.5364736905784138,0
44.03471017068113,68.5514628721682,1.550782805262463,0
75.36460914096206,9.145150253573105,1.2573981234885696,0
78.38682365366526,-51.78466140089952,1.0941287686610568,0
-56.802703331413106,69.97754154287362,1.5104289777492128,0
-65.63519273765223,-43.38328272741306,1.5632149825853014,0
-83.66419431009888,-0.7556389119154621,1.555319615375796,0
68.85707870411359,-50.08959472219776,1.258514677651144,0
-3.8548904526522194,-22.008955835585816,1.0992234159603453,1
0.8146541892550752,77.14148515176903,0.8945090084747145,1
10.898383802743487,88.8708707194717,1.0956039335205179,0
1.4242206105857826,16.862772029335815,1.0220288184517783,1
-53.807282543229064,42.56756135978366,1.0109093766342796,1
-45.96529598604597,-53.769787561954374,1.5133358481727888,0
63.613969071555225,-41.1843755009184,1.588807018865253,0
-79.72552400546952,30.47765084507223,1.2933608687522244,0
18.805680222291148,54.02977564341535,1.020629342754905,1
-40.99590543159,-27.071585366014805,1.3092774980057609,0
9.328238079162496,-94.19550966309781,1.5182117127563073,0
32.10805143633821,6.911795372084356,1.0564525627727357,1
14.552369705496638,94.82017734423603,1.083833593025903,0
19.59347768003231,3.289949610453188,1.045325872967628,1
-21.24367462749773,-11.85948502434792,0.982434643567205,1
-84.2437834511494,-26.578023603974632,1.5988204299617366,0
-27.965432481528815,-65.64473816139416,1.4875462331228098,0
-43.86599480604251,-25.268741183876344,1.0195107505509111,1
-50.207764340858944,57.27958936066166,1.4274428218680297,0
-13.623524672619492,17.521331639670688,1.0253430072468679,1
-46.95153484886211,-30.36720473089871,1.5943492409971136,0
27.77739911702931,90.84328698805241,1.1519608525286487,0
33.83948170751851,-26.239026689083797,1.1039031198589122,1
1.3444642563929938,47.87660004545211,1.0635225451926407,1
-55.3153880722247,-34.84950545347275,1.1035344502212272,1
-51.113607938035926,-1.7676051109035877,1.0951322271232997,1
36.837794759096354,31.1978811411766,1.0419929344547392,1
-81.55020194067885,-33.71783651183788,1.3048484634867614,0
73.47838974134237,-37.27811994971686,1.163481990860588,0
-71.99871947498444,4.912991418276767,1.5062638294522863,0
-47.29417759340549,84.101064831921,1.2266209920304132,0
5.541167655585807,-58.446215936812834,1.0893935778980388,1
75.40547570481178,52.90001860123288,1.3121764944292795,0
78.72901639236868,-29.752285048606293,1.2942574938192988,0
-22.28392536146959,48.683734349883295,1.0414149939587516,1
-15.875312405996345,-67.9296262425001,0.8666977806595737,1
-37.63523309481687,-19.954551514830364,1.0786635590927713,1
-67.8305547440266,1.9444273616066214,1.5988718793393877,0
-20.745647167669738,31.524148748583038,1.596489383558326,0
-52.585480304223196,24.126297143323377,1.0745844227316845,1
3.4827671700401748,37.46927226674379,1.6151723799756534,0
-68.23478098897692,-5.0350533168674865,1.1248073661801246,0
-17.819848279649484,42.71522455268918,1.0390116407635221,1
74.21518653721877,45.16488400289674,1.2809663121469261,0
47.114970685083456,29.915644369923047,1.0202463484458582,1
-4.504097680977579,-79.68989056431056,1.503791267336721,0
-38.226081188122755,-18.317186116866047,1.174086790427613,1
-41.205270530921894,-29.613142067423436,1.3493180424523525,0
16.445271930346966,-41.93231013704146,1.0427633885503351,1
9.74004129570904,31.341805676725485,1.0696584194613552,1
-51.9471463957768,56.94950456123605,1.1937388175565418,0
13.61636287754911,41.86964443017569,1.0845867963308278,1
8.83739309994905,-39.167595222984154,1.2086284892806247,1
-6.157411068166165,25.620166736026864,1.086596566943924,1
16.343698394493096,-55.60135352640629,1.6156107905174495,0
-76.01718864623601,8.43160942182251,1.5713539968181778,0
29.494659364824763,-17.69261790510382,1.0204626566014632,1
-7.8690223335737395,67.44620507524985,0.9819028777856305,1
21.55079863639435,-50.697177306955204,1.5734428556464353,0
-26.946253952283254,36.82236935432939,1.0128245354287697,1
55.17339495290295,13.05452005427826,1.5965888793446814,0
81.71608175297061,31.2676810977471,1.4622157137925083,0
17.58198585471116,60.476275378983125,1.4553816915831752,0
86.98545032159709,27.284103850168297,1.057226195277084,0
63.91902100309051,17.546397922417004,0.9501169233145594,1
-80.36943571181247,8.253206925513785,1.159976048715538,0
-4.976870009791555,-28.223825782579063,1.1152560918702008,1
-24.05109829508446,-11.555556346048917,0.9893059263836413,1
-7.1253229658492465,-92.92163852141364,1.0727041007934528,0
-26.992530166584146,-83.68474903635389,1.2170478074343896,0
-67.90324068171452,65.64727523454664,1.5766735430378267,0
-26.532115367778996,-41.89883652964731,1.0374083934064495,1
-49.40218587466719,-32.17559914590999,1.0345473806573917,1
55.242230821675506,-15.396482133021948,0.9971851922845952,1
-10.588482985900953,-47.76744042704076,1.1039296767284408,1
-74.25886263594339,-31.39310892025845,1.5496412673859772,0
44.868646115894904,29.434977739238324,1.076148879997712,1
-24.53734169513787,90.51689611042502,1.1608441349542684,0
-33.19611378369653,-28.090947531031425,1.1054082377573362,1
-54.55049782665715,-23.781635755561616,0.9419054964680313,1
19.27078530444763,-54.830332621109484,1.1177536878787733,1
-7.979433340908694,-60.78320371204961,1.5858224374277605,0
38.32269081954082,86.8964468538747,1.435240296358513,0
15.58287244062271,38.82767197403419,1.0789760403340227,1
-50.24675633624209,60.13958259345243,1.4969016482323692,0
84.15597511899134,18.645082393440315,1.3283322448598203,0
-9.857083594775782,-59.135538712336356,1.6350274614351594,0
-41.804509138802864,-17.230908501644493,1.0561761074792637,1
12.86213633420032,-45.620634598284205,0.942391347712254,1
26.540418898295385,82.74260571305759,1.098586745785966,0
-17.515065068984114,41.099751460110426,1.3393863177460308,1
-26.979675662611665,67.96304795282852,1.0615542591815361,1
14.582164253463821,-76.21024360090321,1.4646255818717027,0
-28.50394438008965,-51.09940782712053,1.0721861359829363,1
52.54223927738322,66.2719409401262,1.1690794107594897,0
-63.43909339441115,-16.99310558374844,1.1070105033825377,0
46.48566710090198,-22.62846387529632,1.602885050897617,0
-22.392545920036948,26.96017966492009,1.0166328745981414,1
36.77994949122027,23.66835543930425,0.9150024461368768,1
78.81147126982364,39.800419648329594,1.1915741635375203,0
-28.423845356276278,-3.7599424119465006,1.1597382267288823,1
-29.217345604556677,-82.91753461563857,1.589428104351895,0
-17.689633823824483,22.1120422797806,1.0892882787090985,1
-36.60816657449728,54.75463611417446,1.369957418729871,0
-13.849121217336277,-39.29139820484093,0.946109097678569,1
-39.14196459616102,33.588818880055406,1.0667087095445096,1
-19.480082591418046,-79.29897591671929,1.0971350717121673,0
6.686158462983123,31.1966236353532,1.0419312583984568,1
24.15554113986074,-38.52687658107849,1.0500363954485588,1
-50.558692299307275,-75.32895418270849,1.4893749883668381,0
-66.51241717953566,5.157869718952255,0.933418577083903,1
54.69912802883879,-18.770789425794447,1.1528548193510622,1
1.394817346367264,-61.40026388196936,1.5400161815187692,0
35.02010362486972,-27.307208423830133,1.6053286020671427,0
-74.50304280407555,-4.006283466522305,1.0027952246913534,1
24.78367269573886,-85.83727353390805,1.1109186252139456,0
-61.343332561709474,-19.09385721440858,1.147502756937822,0
-89.56023674255,-41.72740322252797,1.1623605867507354,0
5.451916497322426,-33.44137015801828,1.3961556385432947,0
-59.20516727552055,-37.425352711504516,1.0990675926200568,1
17.711307677326932,-65.62748606395743,0.92517820336208,1
-2.1932997403021255,-83.56472010551097,1.0910638999539524,0
-5.158911976031089,30.82814044245504,1.2168355647262366,1
-38.264060404405036,48.5868113899309,1.0722248632558564,1
-16.042420957638402,-37.42106787684703,1.2576591521428628,0
30.72012207686659,-25.971454067704524,0.9819249944921661,1
14.238408184229716,24.84980121350096,1.1014591864157668,1
24.31750788991383,31.734556682027083,1.1868804755984552,1
36.375032616087566,3.3839481707518506,0.9615822401052657,1
70.92472566808483,-20.329398032456034,1.4105812834011362,0
73.90697058969711,-52.64401420624068,1.1123882330194552,0
-79.59156144703336,-55.619635923062255,0.985984632080127,0
9.889245359675163,-50.043043054240336,0.9950097972370695,1
-2.911269696107158,77.0072014941995,1.3557314241277245,0
-46.079164160716715,-40.50955840903661,1.4593593770749524,0
8.442779779552584,-40.52762169482939,0.9229798344620345,1
25.780249339140305,-61.68417882789984,1.4992443125436539,0
-53.549338557444415,-29.661767916466847,1.4889603678206018,0
14.180354239341083,-55.05629960350234,1.0337930863941198,1
8.104261415629274,-15.624146239522275,1.5284370249255415,0
-12.775448773036006,60.6687596736523,0.994551789201398,1
-12.157147131960352,7.653859783399143,1.0941108995591993,1
-72.92579214443508,-5.144284845435889,1.4766666896590879,0
-55.6278659408495,30.156666319406796,1.0296521253529862,1
65.05839749155913,18.788318294847826,1.1329470164849997,0
38.41175735661395,-48.53110853938353,1.0069305753750968,1
-4.754238294216805,-66.34209500190049,1.0305632564913276,1
84.63212597912471,38.21772576054066,1.139826226194073,0
49.42235414814122,6.508281270202621,1.4966298297856322,0
-16.38803182580722,-35.74224044326114,1.105596914589747,1
56.42002474815278,21.99566310988703,0.9894355369434662,1
-44.32076879301127,-47.443311443694455,1.1054355955788415,1
-57.42200223320015,-40.85399792765526,1.0319551367960957,1
9.270048494215725,-81.56836972964415,1.2017726889572748,0
-24.008252439692512,78.20388748444695,1.1258676159899277,0
-29.430094697144874,-67.43716240470644,1.5275334077547664,0
-7.279964689035449,-64.39528037527039,1.0758549397741588,1
45.88093830372666,-5.042179183200058,0.9515391189060185,1
45.0496803801738,4.033814760471003,1.02863773263108,1
20.48104479865951,-92.30776858511425,1.1070446777362917,0
-30.973730728156728,-78.96843152885586,1.5335648057450304,0
-94.09722545415332,12.39181020447901,1.0811154069980016,0
-45.58930174485132,-47.751268631720556,0.9303279298283077,1
57.4663521567298,42.09236540565965,1.0592681851243344,1
13.861654358709421,-57.52711890278146,0.8878766353890818,1
-59.03660494069112,13.528906341593567,1.5150634196126984,0
-24.668171196809777,-3.6346109982149506,1.1451126918853438,1
43.74066339231096,-60.146545449770855,0.9014973097622341,1
-60.255688222562085,79.23295311841427,1.4182936886086466,0
66.41268395905962,-56.16720103424601,1.4372551125998814,0
52.03532422836264,31.737332086293875,1.5036834446916192,0
-39.2086794717781,-44.2219360210401,1.0060293051534794,1
-43.25326345002159,-44.186286196689814,1.5438914337473737,0
59.62767339692223,56.203619173776296,1.1855003092272407,0
6.071467145613958,75.76606979179755,1.5343546999921622,0
-38.04993974179733,-71.53036388565248,1.092091818011636,1
1.3786455510470503,62.76318685423289,0.9964809000165302,1
-27.658136382278467,-48.172382181858566,0.9892022336700188,1
28.10243624395679,38.82453868869092,1.4890107472050953,0
-35.334025125027,-45.7324895159156,1.5401077433540311,0
21.807665989289703,28.340565930046747,1.089359455279765,1
-45.859168579257165,-37.102141413368855,1.0714433630231222,1
-33.51831995983141,76.17538883758834,1.4998402237653625,0
35.441278312282705,-38.223024324373206,1.4782569429363948,0
0.046551667957439376,-22.434323057947452,1.1260415345582806,1
72.50243239493409,-53.96770675280544,1.2388813243401677,0
-29.739354029729217,58.48500899344402,1.059939767028198,1
48.68893328260105,-55.13808553486154,1.440936159848525,0
26.362743763762598,89.26678577696151,1.1909586265806107,0
-76.31627673819972,47.61934082779262,1.4833905107502914,0
11.860909244958519,33.030524400705765,1.0881953566913265,1
-11.265901523202666,-38.89451539469101,0.9217584031308939,1
3.4876707200469217,14.949012417152819,1.089814709044785,1
-0.7671801689022014,63.94940437611634,1.3544693009897038,0
34.14951204674917,21.853840720664497,0.9805629352493658,1
31.29346356000045,-28.149435524106124,1.1070035847927127,1
-97.83229597289956,-11.053762162473243,1.480066979114036,0
-15.926730421886205,-79.99036459466697,1.1973641436305316,0
-16.310988272777433,11.458872112598847,1.1091157125433075,1
29.72861133712367,-44.73078156079021,0.9980009808706465,1
-41.86069218633771,63.238650471404966,0.8432860227433001,1
70.07178500363592,38.9118024862402,1.4606189276603454,0
-59.64310380993749,-31.699081589895286,1.4247866822242872,0
-49.6576253984794,5.765245031651301,1.1646161610897097,1
23.609146814946232,-90.09809478647155,1.434858045662378,0
-11.180881382893528,-90.35515411351903,1.1639156617443083,0
33.3149465315309,-29.109381315205574,1.0306329486405714,1
-28.514125363277937,86.39757867764912,1.1396143646043444,0
38.59533718126733,-83.49093628936257,1.405331836514768,0
64.17782223404268,-67.87265741807667,1.2851221545996696,0
17.48373221555123,-28.21349380223559,1.1438974130500619,1
33.014023086045206,-30.222157800852738,1.0932588903183211,1
62.62681090978935,-0.6439441602069333,1.0222335013465231,1
-52.43712883490831,8.317913417448983,1.5656404428283297,0
34.19458737975789,-41.505586514098326,1.0196659104154544,1
-91.06951874071407,40.003930501425856,1.4921220931240002,0
-39.30114620368672,74.5331991748891,1.0968072551108865,0
-48.50325711410986,28.427443387292474,1.0130866620400243,1
-53.829842197700735,6.655098069145295,1.006971743890524,1
6.863738010827826,-71.49788531579836,1.5887501873762386,0
-61.81345325240048,-49.180046748260224,1.120419320572666,0
-13.749122748933441,75.64150812572656,1.5008187502136556,0
-72.26173380409065,59.875720612272666,1.0935671110053773,0
-53.806915719579116,37.8256320369317,1.4635090357447722,0
-33.82808794263383,38.112143539275884,1.022637931016447,1
44.241989047237155,-55.63322198417137,0.9620510631673117,1
-36.38191895750137,44.93429590404002,1.2106974592992203,1
1.4876293890744787,72.75579386981501,1.3475150332159165,0
27.764206336636537,-30.64023246226577,0.9810982167639858,1
29.59910220960107,-1.8590826370179825,1.0300198093782778,1
-41.11574479460749,-43.0112064000307,1.5643533866735828,0
-15.773853642499372,-88.92263804253474,1.3880087423379757,0
-4.215693007333968,-48.98749212170903,1.1866322998438574,1
-44.322201152025364,2.301084756111246,1.0428327562509963,1
-62.55290859341662,2.406363143645766,0.9611716210992848,1
-86.50715988698123,-36.16380974399452,1.0459041843225827,0
24.967808064092367,-27.304343705801973,1.0954274650907596,1
15.793812743515169,-84.99319003004966,1.2057253936762948,0
48.453124548617225,-31.752713668888187,1.162652452986899,1
-34.215475948713156,82.19950292022085,1.138056462973516,0
39.512377276420246,-47.43134370719528,1.4295699289529615,0
-40.874594082072484,-33.86785863138226,1.6170412753356171,0
22.15023852015594,-8.305295016610712,1.1105845150053746,1
-86.09074490845758,-47.93031350847992,0.9437978620316994,0
-64.95236572038736,-65.60715841253588,1.4722609728243674,0
-87.62194251710122,-34.62509569115285,1.3438795842548605,0
-57.105549602048065,8.135148127666076,1.0200214242343872,1
-17.272787089622785,85.09296899900517,1.3043496037239521,0
-7.72041508586347,97.58303873138483,1.3768768835418446,0
30.05447301282569,-21.481804313587684,0.9302714010772737,1
18.001548845968408,-40.43587190391586,1.1724842838141976,1
-19.02414273083319,75.72640605021863,1.1251785847558644,0
37.57435783671869,-62.54037545204346,0.9446896118727794,1
6.316703252070132,-61.48759157669844,0.9777190530443605,1
-20.201145140548935,-31.94811673666058,1.0214991802379407,1
30.440788664562955,73.54742255211428,1.069894899549071,1
68.84872327653147,-43.03045204783216,0.760580052516846,1
-13.581967414382197,15.521306132123014,0.9960286881819336,1
14.815119000531332,88.5383671985465,1.1113169658114956,0
40.331162214875974,-61.63020169018715,1.5391371563684129,0
49.82341467208218,73.76449983733562,1.0550588317339595,0
68.83170296108645,47.44180835090192,1.4001269726812209,0
-38.03326362853577,-9.910822562771804,1.0390947499845884,1
22.15727466969878,-21.530617601041026,1.1274309043921011,1
-82.83556743155582,58.06668126020204,1.1188108553123186,0
-57.76211530352811,48.894917782020954,1.3425166942048425,0
5.753851266766625,-53.58487625267997,1.0163077148593986,1
-56.69358950061501,-62.8121785179673,1.3921460199596742,0
-38.67727427755632,-33.71415029378696,0.907757757496646,1
-46.61364503015726,-8.753917205249797,1.015643842877299,1
38.85572233805984,-32.03112845224901,1.4903091802954582,0
-75.94770343597602,28.230900943031642,1.4146554629149048,0
70.19872164729703,34.78841955434311,1.5758687410239538,0
-72.03707848342954,-43.934357395350624,1.0998427024086437,0
22.5959346177592,7.8595989190074524,1.4480741107734365,0
-37.167158631288856,-80.49601880705329,1.0903181055205975,0
-88.20168958317241,46.94774199789026,1.4753679537163824,0
66.33165071742285,9.454688523373804,1.0912230674285028,1
-61.14780418835957,-12.82558133852861,1.0713970363212562,1
-23.11946811967993,-49.3722215826486,0.9371643069182253,1
45.47895560884854,-44.12210682540697,1.5216139830894038,0
-76.99526516908223,-40.49597234792749,1.014016804058257,0
78.7081278234134,35.19556760409387,1.4736463138389988,0
-22.694626763389905,45.051822797502574,0.982769307733384,1
-55.66349527251233,-8.168338660156238,1.0091451554075017,1
34.98708152194741,-76.67557924420174,1.608480436668751,0
-10.502772470703887,72.366358288597,0.9560179893601987,1
-72.53191234208423,-24.20645095443076,1.4792341075441078,0
-25.51538697884805,-34.47658306065387,1.0482879697824898,1
10.004629835808974,98.01911247566989,1.1557841871749028,0
-32.77351865258521,87.01488719331171,1.4532160752329517,0
-66.72644467067722,-56.89043532102518,1.5001703374805773,0
-25.549703913560272,-30.765877989816193,1.14414551430894,0
-48.747574047206804,38.51799232896587,1.445168721052462,0
-24.58474626197299,-49.21566725532078,1.0010007317843148,1
70.55114164638505,5.911465014338119,0.9801254961576189,1
-16.19281865411627,81.3985755048507,0.9579982873476143,0
-23.26410345230805,-47.01656724088044,1.0327942849065856,1
-15.113683045627694,49.26167284848538,1.168581325697149,1
-57.14184085316226,74.04301409007239,1.1084591645072026,0
73.37692526668506,-5.901130669697076,1.5236453797375225,0
-35.57062185968554,83.81016079073528,1.452772053260531,0
-26.92896686073407,90.69816640373168,1.381822248859998,0
86.78174962070219,24.293785487128257,1.1224547417757627,0
34.34582061899396,86.11270774667338,1.0764139684921352,0
-33.07513660687397,-51.30644422686622,1.3488689830343366,0
-46.73668099675087,36.208842243300666,1.014970865648315,1
46.522475857961226,16.48653009760019,1.539133881593373,0
42.01494623400731,23.41769261184115,1.0406804345038114,1
-21.799310561707607,-53.950995897641235,0.9321599108800166,1
76.56932000212501,36.14448988179874,1.4374107232532845,0
20.859847172944857,26.288264030192618,1.1104754097730622,1
40.69313112157538,-31.999088842723634,1.0017994300428834,1
-61.31526088281756,64.84960675004726,1.3576887773544355,0
-2.176952164598004,67.87785891943709,1.5391793184747176,0
-9.17903401519637,80.25985008866117,1.4611767744370199,0
8.24908577651292,-57.34481866462647,0.9823945812239695,1
-32.82774841116381,42.75254326086221,1.402073659575325,0
32.864500969528905,67.47550332781047,1.417287913894675,0
-41.64919542566572,-19.050374887195602,1.1007438404406862,1
20.06441996193268,38.340018836969634,1.1024879220179828,1
-54.54831181362694,-43.02948048648541,1.5055632563515702,0
-6.032618714278621,19.12557373543452,1.0981043795225383,1
4.699928014933126,62.16438121084881,1.0291274053079225,1
-29.445919370595824,-26.825564442763973,1.6463559179957659,0
-90.45168129005965,-22.96384828096324,1.3271393549670925,0
-88.35665729322322,40.55366458599441,1.620519203227521,0
-40.79537516961953,43.30200344425053,0.967679437403504,1
19.12199283789936,49.362672522554774,0.9526056639728954,1
-3.774982181594273,20.459099977538227,1.072933899864195,1
5.447738783531378,13.042822455663298,1.0789100548711106,1
-52.3999247046726,-28.29071820867625,0.9732891713416318,1
-52.28023486384511,-33.64844256231604,1.5720895748335504,0
-44.957590990156014,88.73868387076746,1.1612364211613477,0
61.02500472238018,38.328625072084925,0.9283574069901003,1
31.561398952045028,49.47641867955483,0.9737916133145569,1
80.28068235419607,-28.700893744524954,1.119678642473705,0
-4.41894307124465,-75.84167710290797,1.0543537498366358,1
69.51163974790403,65.98344221417813,1.4593778331549967,0
8.083876185684977,60.40974141860711,1.4716748984331987,0
66.28892409910529,27.043100953803087,1.4767077288196826,0
-67.91918195802248,25.484054125415163,1.0105891357696541,1
-76.29973227846389,-35.191028574515485,1.050318806382877,0
61.2079046323712,-4.28105723746189,0.9565255720496201,1
-38.6185330897064,16.048750827018786,1.6018808446396113,0
-2.433633055644501,81.24092419541695,1.4727248943849862,0
-39.79201975070122,-7.211485053025475,1.5107145261551653,0
44.907384916502835,81.54061777374643,1.1524229145169287,0
-78.35931388881114,-53.4198725732656,1.3580616294544108,0
-35.91043411536842,11.029164408376403,1.1958008503254514,1
8.61748417445112,18.56044299715408,1.1131338948178264,1
-12.695805548423612,47.73526887677612,1.2583742296570104,1
10.561183808479695,-74.62968264446106,1.6226018720892026,0
-8.132616179913915,22.19758594312119,1.1447890601274382,1
1.9094609503806754,43.93234673095921,1.0935181926014625,1
23.27478077355903,-4.475068713826526,1.1020157855414898,1
64.96443244233366,12.572952528105017,1.4994230346182786,0
-73.65538329448258,56.08838294789051,1.3113039535251538,0
-87.04436050431462,2.3812968608994503,1.0266509319879293,0
57.1260583788405,14.162449751665152,0.9812985560464068,1
22.94704247775833,-57.96008196839955,0.9915147261856052,1
34.65211442235856,61.08221857400542,1.5239313715606582,0
8.089573068127315,-69.3272614016883,1.321277130795564,0
17.660335571263875,33.39512487701574,1.042569610332606,1
-63.39490781839494,-33.97620688613473,0.957913218932182,1
-20.877574971597674,55.24476789482798,1.0121064205418258,1
-11.52690916576741,6.227180813690445,1.1150564422734885,1
-10.665548578414507,-78.57970180687367,1.4102319575222655,0
76.72410789660641,-47.845858377933055,1.0831651742323631,0
42.85439125235213,-47.60803273031308,1.0077311580233241,1
-61.61793624697925,13.570885478852233,0.9972612840546689,1
-45.99662883947886,46.90287136953776,0.8907184179218363,1
30.765563875997323,20.5411590715814,1.1412815029614645,1
29.540614216526347,79.88624311248999,1.1115947274148963,0
-59.441904390346814,-50.898479687646144,1.0451758787412235,0
-18.555017394828045,-16.854091065614142,1.21303106614772,1
-35.07608498966979,15.173456489099648,1.0973294323905152,1
27.733630127961458,47.978339663657714,1.475419531173655,0
3.414027710047424,65.68870056497998,1.015152534335959,1
12.544535138039677,-76.94209426628703,0.9765721068075721,0
24.391880377183103,76.64911174068082,1.4292718195282954,0
-26.597505670595453,-73.76843536481994,1.48548299320363,0
49.88849905535329,-37.01234539198563,0.9300465218945129,1
28.230900943031642,-62.45492221540832,1.5003197376379829,0
-0.9631633301835604,76.36460207350154,1.359770361606279,0
-18.842794733202723,-86.7567545489864,1.2156181731942848,0
62.240198979649364,-18.386582584839616,1.4711415091586861,0
45.84850989597793,1.0596201342758371,0.990393189589292,1
7.918928520486553,-62.6786721844369,1.487107443669446,0
50.733291923953985,5.199092783415693,1.0649619580478835,1
-67.26024255552478,12.746774464742877,1.5213049590242413,0
41.75993555961235,87.41497485970521,1.0707690301083521,0
75.49389927542305,-38.94673681707917,1.4705101225344384,0
13.832030570009234,76.25846837320584,0.9272071480462607,1
-43.89822288385918,17.578626000233672,1.1341949642745954,1
74.74802927311953,27.25303532320825,1.3031486451836585,0
5.391550449424197,20.829161098596582,1.6578409317360452,0
50.956928453361336,-70.73810904879443,1.2732181652343468,0
-83.40323539935686,5.125733459021072,1.4039810464506943,0
-45.448303904403325,-14.616776126442021,1.080978757291134,1
31.81377629953183,-60.14450517094267,1.1367538498488285,0
-65.39166511443622,29.657969994838624,1.4986969569176858,0
51.01755874060197,13.410461269275853,1.5775335745014636,0
-62.58779814913107,7.55714551446184,0.9699466018009628,0
51.964021312632646,-13.321516395014747,1.0785442514069186,1
-38.54173067455777,-26.36137402153601,1.074055733598576,1
-0.4644634744169257,-80.93607801339425,1.422783034343242,0
-45.99662883947886,-35.97011574095485,0.9701320542827916,1
42.76486881397247,-35.800023108033464,1.030731575610329,1
-44.86064623842269,54.21250300345558,1.5321516693947657,0
-73.81634633669123,64.40684942884562,1.1879111461952871,0
49.88735185705827,21.148313769223712,0.9866915027493418,1
-69.41821163015378,-51.00109020181233,1.1735907550607767,0
8.61009643648937,66.11146230905202,1.412227272146912,0
-43.74066339231096,-17.33751223286441,0.9314222091936659,1
55.81947839068909,7.0577252357579106,1.5522816325522262,0
-31.59744197298744,11.423726266420157,1.0843996929418536,1
30.204870709303556,54.147492504916904,1.058359553682698,1
-88.55999878804919,10.690153207299248,1.2631725604463835,0
15.72624398208836,-49.02737029880542,1.5044881244991628,0
42.68640502974556,5.123843090789853,1.1067523875755585,1
11.608076176565001,-65.23798492855111,0.9328342609378751,1
-73.52732296316292,-19.68230906801048,1.5064334325212911,0
-71.53439642792185,49.270166002895785,1.4297255635687283,0
-34.68970291958929,-86.46851346825075,1.5264644246568202,0
45.3399628407727,-74.44509452536138,1.3058101223698453,0
-82.98506231700256,49.78790410485824,1.0386589494966214,0
21.579498543778406,-76.32040371052773,1.0911424310100264,0
-30.139884050331645,-0.2367371148262643,1.076393537176328,1
63.98406642034359,32.4671820508376,1.4273331354880825,0
-6.95461457012416,5.532486691864133,1.6028087941940845,0
34.05433555962974,64.894815581429,1.0061693242115595,1
62.6291518701033,35.4139575925211,1.5320682937383572,0
2.5391216041169695,-82.68159782912477,1.1799416250532169,0
13.711256662231584,-51.14774994384557,0.9992024643840312,1
-21.38356474080416,-22.04440310411597,1.5848046118566241,0
-52.88985659471411,22.026995963319916,1.4086905625198187,0
18.168578869155777,90.1938566675262,1.1371279037916608,0
5.7861336006065685,72.10435595227246,1.4653698719153045,0
-87.52644609356527,-24.813948833330485,1.3528376973031182,0
-59.69953007412833,15.684994333292858,1.062239965363093,1
42.25708921581423,-41.09704496778733,1.5000492735942448,0
-32.85075611030294,-41.11566656026684,1.142576145486965,1
9.766898027222922,-47.87660004545211,1.0477983447604464,1
18.665096837576385,74.88784065670727,1.4413798939259048,0
-61.49855807539995,-35.54712221961088,1.0693839972767125,1
3.0079539295572006,75.32417965266156,1.0040970482834033,1
40.49150560991191,72.94997702272804,1.1955115761641122,0
-3.5570248849525514,30.55699230026363,1.1954396213765102,1
68.83224238726403,-19.527554122962524,1.5957499508838768,0
62.87349315696152,60.83191039117656,1.3153895593531575,0
14.458371145197976,90.6006864152738,1.2811896683769348,0
-71.50326520160242,44.69589200507575,1.0547425127528205,0
29.264885106316928,92.01304684954691,1.3080079409164367,0
60.354038568059764,47.66771435589951,1.0672605378999716,0
-1.451418629987941,-47.83212760832156,1.0916986271183466,1
-41.99994931270609,57.366973207457804,1.1035687232978726,1
-51.94372729497594,76.22361685708799,1.1080407483595387,0
-1.1735577831226827,60.24643078859328,1.0751173935455614,1
28.26223379646453,2.913955369258538,1.0671561358919994,1
28.923357003898467,59.81441720338225,1.4433586400948437,0
-29.768148875888457,64.77049937060691,1.5496242166904726,0
-13.535792683007402,-12.272034261214282,1.0486428110713686,1
59.81932475873919,20.806524696470213,1.4992140550595305,0
26.72065740756647,-32.44830301509831,0.987646294096685,1
45.75405190967585,-42.00219539538947,1.08527224560899,1
75.74898718130956,19.547742708003966,1.5052740886314286,0
-19.59347768003231,61.175655613633246,0.9321588864791841,1
-18.173054991074753,8.192116952089483,1.130534799982618,1
-38.21799529046266,73.09247189847397,1.0323410726827407,1
18.05862196114596,81.75967528818158,1.125590210461856,0
7.102113444787844,46.52302077715137,1.0940180043194754,1
47.51731665942168,-43.891061088788824,0.9142649305415921,1
-53.319183352390276,-78.26280131079281,1.0664386146571556,0
-82.69564569713562,-21.141430579453576,1.3644069507225058,0
42.62154248585955,-61.63393815677286,1.5235488999799036,0
38.13730477006292,84.10260075610886,1.4563085411966237,0
-6.880694613862108,-20.942879234541998,1.0324731947161774,1
-39.22873249797516,31.458184846619055,1.0822388568011823,1
85.96506242634024,-12.117827472750461,1.0906636502128564,0
-33.36645669440266,18.73098192962166,1.1101887136719966,1
-53.51651366337186,-55.28681988233,0.8802412016871622,1
37.771390477840846,-19.099924515880158,1.1921125533982593,1
-21.54447002045346,-52.802124605102016,0.9839658187743889,1
-29.664981542459945,70.40733188319305,0.972039687905738,1
55.17395766537276,0.8722043282134411,1.5782491068255018,0
-63.79786730315001,18.908332618299834,1.325623741701031,0
64.72311355635698,64.5766588706482,1.3944925858130426,0
-76.67149235027573,43.884794518102254,1.0751321721365106,0
3.66695458885535,-81.08942468431286,1.4940588459988435,0
63.71996522834041,30.381809175748106,1.4651393989280574,0
-55.166224830163884,-75.56318374396359,1.031579487090895,0
-52.605012472596954,-55.79526664030912,0.8458544404553208,1
-73.18264723542246,-39.6837400217397,1.4812323747164735,0
51.14416904631039,-22.87298300600788,1.0770524483220205,1
-37.3487612920019,-58.94963044863456,1.163830740486984,1
-13.002078011049463,-71.92474108245973,1.4661626052166508,0
-26.74709718525777,60.53850656970118,1.40100933203082,0
49.89582837779374,80.6184824024125,1.4693947248730743,0
-70.86335477169203,-20.248932581618675,1.5801397680641647,0
83.31377500008902,40.737225910095425,1.5249604670394574,0
-48.18534328415666,-72.50575127557646,1.3808329273114932,0
82.88535011872497,-13.752542304401967,1.4569742040527491,0
-34.70486527852207,33.59478704261405,1.0241351737356899,1
33.06521208491027,-83.11143815918187,1.4183332378894813,0
48.33389033879697,81.03522731621273,1.2708439320821974,0
-52.63606048190772,81.90094558822464,1.304865378061608,0
33.74995926913882,32.30864801122599,1.104331090985901,1
-41.87941986884931,-71.7803258850798,1.4214677417688941,0
44.08835699169526,-50.831995640218665,1.0482117597616623,1
32.275823117153465,-24.093472249250823,1.1557592817663525,0
28.16793103370534,-84.93454378520313,1.490219143305112,0
-55.31371884140918,-68.45223459032411,1.1280898323811976,0
-68.67309705599503,-62.80563999761121,1.489055148409547,0
-48.53142147674616,2.001077965309362,1.5412866941743983,0
18.680647216687525,34.497471629609144,1.186693606188943,1
-18.047723577343202,87.36226194157696,1.358767317014485,0
-14.564676149222214,7.884220328926579,1.2105234398754374,1
-33.97197491632044,-54.34728189153527,1.0752559600389398,1
71.23381805905915,56.41622682652455,1.0579129387353994,0
18.700311283324726,28.795972748045433,1.076818033779594,1
-7.511529396310905,39.3624193392888,0.9640753662156943,1
49.38453484434854,-3.3232613809449947,1.5618121974071302,0
61.12283394501075,-8.500927269308923,1.0488240537818052,1
-28.496964664554966,94.69744224980965,1.1368095501230502,0
82.29369609451602,-28.875267885368842,1.0526707682284764,0
-23.84038485574828,-38.90757075028806,1.3586366674225188,0
70.00748915436529,28.529387599418612,0.894734490575405,1
-16.397526629877785,39.604726739169806,1.0354491273902722,1
48.7866150929812,22.379831138933724,0.9996832364357506,1
66.6763121051846,59.371281133402846,1.0634916376554746,0
-96.02047310572932,-23.705757399657884,1.3271393549670925,0
73.30832280864254,-16.993620423958912,1.4967106543644437,0
17.38764479835704,4.912991418276767,1.0790361828601198,1
-16.757339585262027,-19.32398571998982,1.4331870124309487,0
51.68354173754794,27.228249633179242,1.0527282241987561,1
28.347218796186596,-0.41719908954474755,1.4240458326606233,0
10.569615891360709,-57.66916117167722,1.0734038789811418,1
36.4014889789146,-80.19753136799068,1.0269424724942464,0
2.8171083677387063,84.61864335734448,1.4429927984421085,0
58.848795629405075,-31.36703472754156,1.0258634446560728,0
-38.06494079903934,2.831893134077163,1.5077735610465732,0
-23.22903815865432,15.036921206564834,1.5555952782156373,0
-69.8615641322157,-29.86861569685305,1.4415158626037732,0
-13.939638349475723,43.211486312111084,0.931217567158206,1
12.144613990587208,-9.800916553807218,0.9989110912366207,1
-91.92419751220768,-18.896907849973303,1.4322356187102951,0
13.841425428773812,96.92955634259506,1.0848747954891236,0
-4.377315672179684,-4.052382377320108,1.0752599700891765,1
37.50990168108532,-49.50590842396226,0.977023288466488,1
-79.33183591763043,15.117917470465661,1.4622880595414707,0
-17.43035031711002,9.390572221441685,1.090844426928078,1
-73.42871804723833,-26.684325379765635,1.479625386167754,0
36.43287788396365,-58.61653811444801,1.2360340413464124,0
-82.95149140261019,24.803683593729616,1.0954773406573113,0
8.678250920502782,41.30239770698807,1.1108862803513908,1
44.121670890054865,0.4662328590813695,1.055377369211611,1
21.33021298459808,-10.927705644879428,1.1882534881356301,1
10.994983113722345,6.688139987310883,1.022944699441221,1
52.906876910159134,-58.09652581948776,1.4345979263568593,0
77.24592799654532,-14.38526115385458,0.8006649330353016,1
16.52475700442345,32.77986157324267,1.12027492541702,1
19.91250309680355,-32.03546893410982,1.0982910484322896,1
-45.39158063525759,43.92217785357735,1.0929966443528079,1
-34.44848646438308,55.836027432995195,1.4121694689366853,0
-19.158537614114607,35.59240463107895,1.4374330498083703,0
-21.387199310964515,38.88103889859086,1.3426337496073255,0
59.935001215078515,-0.27724827886070585,1.0357138923269504,1
-50.22076167265332,-7.394553410161452,0.9990722290206924,1
24.2678230655708,-63.52612814431408,1.5022535627379983,0
-57.98457856290162,39.27886506346779,1.4499181467615363,0
18.1182224975672,25.951435855789075,1.080182920800491,1
15.964834844376004,-1.4025182012816257,1.0082438827320022,1
-96.1428668499605,-6.893227755235251,1.120689204294479,0
1.1279827235839501,60.93831303304016,1.022996857861512,1
77.64850768913757,-11.91502962816076,1.451428537344184,0
-90.00252847945426,-15.339982103933657,1.0536499245906767,0
53.965068196726875,-41.669396870642174,0.966906190361896,1
-76.23593125585151,-26.095102153534917,1.4909635322834798,0
-8.87167364342614,-3.339186951562007,1.0751483422827168,1
-57.91146857155822,-31.474895701783275,1.0505535582695493,1
32.10990819802312,69.78305667850668,1.4476884350803747,0
89.20738221934592,34.68162085592524,1.084796972286112,0
-89.03485337808509,21.000298510135313,1.0890492663610118,0
65.68283138658086,-26.90651472353911,1.4341252956186248,0
-17.115713609775852,96.77180267159517,1.0715893314075404,0
49.56857413082803,36.63854994752311,0.9394107921477722,1
-42.7937149330059,24.968802757852124,1.0201112917868418,1
-28.39140188612665,-37.87054921855774,1.5920077892501638,0
-34.76103622025048,57.704057369226014,0.935587977980321,1
-96.28516231363146,16.680218596405634,1.041894636512598,0
-74.85602996019371,22.191032666586203,1.3427298558726413,0
-9.74004129570904,-40.73270946275375,0.9197125145940899,1
-10.334392440951513,-56.34191966423311,1.5513242719037545,0
38.205866443972496,-43.10592042599311,1.3546713092476483,0
54.26850214576116,24.644987994128055,1.4579109801470067,0
-74.96907398042217,17.21218081913286,0.9756753833586298,1
28.283122365419796,68.5702090237947,0.8740599473981424,1
-70.7348836881211,-15.403385477747896,1.4537448003973739,0
22.04579567537966,-84.02844633631771,1.001477504838628,0
-34.678238091721944,-23.812968608994503,1.0618019083570598,1
47.99926483335958,-80.82542872772937,1.3937496962809577,0
8.511142368860725,79.41738968748516,1.4936054527932896,0
3.1332853432887506,12.067624693580665,1.1176798275107953,1
-19.853424315919977,16.260590455615535,1.101262863903651,1
66.64880033143866,-4.780934904296212,1.4365839582154458,0
-39.73005815290136,23.17377839896361,1.0166269096563747,1
-19.013988347725157,17.12997419292186,1.1006768703087326,1
-67.70246305511168,-11.828152170915033,1.0882220797805204,1
-54.71480425319545,-20.801957815687757,1.1370539166802816,0
-69.4380793291977,-13.025514784243223,1.2738188221627214,0
72.87898834554603,-11.272454799737652,1.5276692930742406,0
-34.70062980831914,62.799124177166654,1.0461345253773346,1
-76.46608808888234,4.052382377320108,1.1690394794708403,0
40.635229474295876,33.72529086389643,1.5287667590837293,0
-77.084581808753,-31.850025588400467,1.4383795479892587,0
-66.01647907406851,-22.847179479651377,1.3767306697306536,0
-54.85003990547555,-13.219957520403899,0.9819276612961985,1
-64.56042294395198,-36.144105232958665,1.460065506541428,0
29.643040233955215,-27.33521351213979,1.0339271366207077,1
-13.428365756951784,-22.729747104600396,1.083449953174226,1
90.40459732652263,10.998678388820066,1.0228909311418883,0
23.704924286812137,25.200257705816146,1.104942338402562,1
24.70957026107406,-9.390215151886899,1.0622762009319895,1
-70.43625451713112,7.168956865444667,0.903744494319651,1
47.5446411658388,79.0739600580893,1.301319098639656,0
77.97006505366095,5.653839330556587,0.8382253841717268,1
-75.50360146600357,66.17894428437624,1.395978575147416,0
-10.894192116665499,-54.548087607162316,1.0773905062925708,1
45.68698652320091,-80.1310079910716,1.0873442394377224,0
-12.332899229377,-95.03434520065085,1.3297548852139833,0
28.91574759663619,-37.43828373038159,1.0485020231575584,1
-11.588978056377329,-52.6308383396689,0.9631525046900934,1
-43.80701531722766,-71.21773274392784,1.0336880945896547,0
77.99373876514358,4.349000056484791,1.400817309066204,0
46.05560832829371,-46.09984294490483,1.0998839017842745,1
-82.0302241276484,0.46388899887653,1.3854782118701765,0
19.86085136265963,64.14127537677446,1.4070738234298856,0
83.64081417813368,-7.645216237624552,1.3923867085988386,0
22.06334207330206,54.50913846012575,1.027734300764901,1
4.306600705881983,58.31110689505967,1.247715812440424,1
-38.15771859881465,64.010171122168,0.9365458223877414,1
65.75457094850067,-15.863149441794553,1.4413471103677507,0
73.419142163942,-47.85869555777617,1.2758381259791824,0
36.56728306520518,11.419903521774751,1.1464274982285272,1
-43.64795248352325,-49.248378121774145,1.4089761042772653,0
33.380822065777515,73.26554451647526,1.489558886393285,0
-38.5602982914069,7.490962189954945,1.132626548976108,1
-0.10676379688244522,22.619999226438644,1.0791103345642064,1
-35.95492405444195,47.53098917728329,1.0961727918382658,1
57.12693789753336,-35.70626013309895,1.2581895597929313,0
33.8201999515598,37.87900958086616,1.0851291338869067,1
-79.22055879348038,-3.8947926672272937,1.3988883390908655,0
47.533430698330015,68.3623180280019,1.4128827951987715,0
25.789348594761247,59.90841576368091,1.4569279332369565,0
58.520486404209294,22.592147801164973,1.053728207703796,1
54.375556061656866,-34.565359478713745,1.5491260807833682,0
-81.10849685596767,26.431305317603616,1.4747813117424076,0
-37.66081093435391,-85.52717984399122,1.4095892952068476,0
23.138566239867604,28.856065971049723,1.0521149929030102,1
-60.21756658421874,47.96850974885525,0.9215619769958677,1
-59.17921481106097,-52.9097956832623,1.462276641727024,0
-26.354946769549787,8.532177011724754,1.144955324042114,1
15.590275984049896,86.23911796244717,1.3408056434474214,0
41.312367251262174,11.420825076287496,0.9737386592081394,1
-24.222183224913167,47.55798645150804,1.5023919310941707,0
-33.96481312125005,10.000877127533451,1.5601192043249643,0
-45.16711577127623,67.47352326263169,1.515093594485284,0
83.20077696179051,1.9121074659044053,1.384105350613792,0
5.963554230593637,-14.88270876222368,1.489530256263542,0
20.368515617820513,14.758854410111832,1.0881664074452515,1
1.3507941257733789,-29.99598501975096,1.005158792879862,1
57.5427853294979,37.33309486528546,0.9201555220672224,1
66.29029135089145,-24.299254494272933,0.9720194731067704,1
25.4594456743172,56.074647998440476,1.4044959098233891,0
-42.955253199593244,2.6319596883625502,1.1241843621447019,1
17.652447580189847,-61.0074758533268,1.0183666855682054,1
-97.11649893822904,0.08440687047227768,1.0150663107417386,0
26.202351367554048,-1.326087216256391,1.3629321160178636,0
-1.488937195130828,1.6593879178057234,1.0524759893533397,1
-65.82177973883313,0.5810820091190176,0.9841332348398276,1
-40.91757329800778,58.94649716329127,1.4555803808830459,0
-38.503129576371435,-22.078117987341994,1.026919403269537,1
-47.54238294216798,-51.63654245739861,1.5819623080856124,0
-4.759536858049354,27.63099143218246,1.1921984988183123,1
-37.2741257310157,-53.0095551359184,1.501589196164262,0
-4.245601640156257,-32.18667368893369,1.1335441185834652,1
49.33545770128736,26.384769218765907,1.0301164690612021,1
1.0527838753450316,57.20125722707944,0.9068774333157907,1
-59.09945845686817,29.081771027813055,1.4400919227930178,0
-35.0536297780429,-20.311522237869326,1.1056325305410883,1
41.44046332853193,49.99248920668476,0.9620038994963289,1
-64.90496145777871,12.115369994049844,1.2969931992870771,0
-12.820666381127376,-56.62768169835505,1.0966794367180999,1
57.48487235882699,68.70555443313027,1.4012758409695154,0
-2.3645860057352306,-45.21121864676115,1.1046234603819873,1
49.3387998723202,-47.33349725261539,1.2243799123106425,0
56.98514522178016,70.75805139022562,0.9511062890342745,0
-28.645190893977613,4.887925135530451,1.258501458028089,1
29.46354873021055,-31.708847674082154,1.568825352016909,0
-7.634771953146932,56.111918356062695,1.2003698947926662,0
84.8842695152732,-0.8487633714731502,1.3653811800222748,0
-73.96384093732811,-52.75325943592804,1.3905910340405903,0
-63.85933937750406,10.736724443002794,1.1593648445885814,1
-25.243032175931415,83.10758180799012,1.0750614821186502,0
31.14798959763348,-48.01446460055681,1.4551773601552864,0
1.9284865919338632,33.576690033565264,1.0766413207369074,1
-23.245993165923192,-23.05501196404656,1.015244888546467,1
30.37001327798512,43.156766453043964,1.496910723780712,0
-29.645057061302627,24.147185712278645,1.0847281282179162,1
1.2665845222988288,82.87355422096196,1.4412861309661817,0
36.20287408074203,-14.484730529832007,0.9694874355693265,1
74.45423219264256,-49.66318706080185,1.1226831699805044,0
-4.7103722994107455,-14.037118337933602,1.0473346216600459,1
51.66234598375511,-73.07927285964645,1.2762548459326561,0
31.4707179879922,5.633647047233179,1.1755417767999472,1
33.09924304516654,-42.73409547577945,1.3630985224499326,0
53.49471689576637,-28.439332533259098,0.9805243827392269,1
3.0277431001463895,50.46898139263628,1.0278418833273657,1
-64.86945089055477,-67.50141057891732,1.0531840108771866,0
-4.336466915111619,-47.4880726628843,0.9958865613111886,1
-74.25526115853731,6.193100547493501,1.4672088098352616,0
57.02579324785526,-21.081788218094466,1.2008236591221124,0
32.777850908851256,46.60854103593291,1.0854815088990513,1
-18.799712059732503,42.48734925499546,0.9801913223201822,1
94.73885118243687,-3.0397045543691927,1.2435282630292634,0
-70.31900900105967,-64.56993576472857,0.8593138839155043,0
-20.256689744361772,84.01121326692963,0.9862045569953425,0
-43.2840989565746,31.431328115105142,1.0588359646566465,1
-7.601449712194496,44.070901720556,1.3848101856398811,0
-63.03206022899031,41.841410430379,1.437269236057665,0
-79.54222999066133,44.03454394864701,0.9645658749575686,1
-75.79795994193248,-45.09038630941995,1.4667885678402715,0
61.16032168286459,69.95323569791852,1.3992024624306234,0
-19.888434340460798,82.36387906008912,1.4239021186772394,0
-33.39866087301445,32.158312054360806,1.299676034094167,0
12.29337692949466,35.8066399839137,1.2445914365774706,1
84.0923653573208,-22.04830230365429,1.1118364368969742,0
24.753709220497583,44.791635247216476,1.4987413338990274,0
-51.58162195025781,37.854311601323545,1.5146610565335634,0
75.67738636408683,-32.33265630151874,1.4180083291707863,0
4.653434103387564,-38.38779914132475,1.1075717433401913,1
66.83113326332358,45.023467274033884,1.1330948445413889,0
24.489758243144884,41.01679400054527,0.9546300006442363,1
50.40113280775904,30.706196364229754,0.9376922895876302,1
-72.31622572310437,-64.14035094648878,1.3734571536769318,0
-43.65219415908868,45.34785446251553,0.9394534839002265,1
25.600590352218195,47.30271409836554,0.9564108526491082,1
88.4884542163933,-0.6177048248197701,1.1897714441604648,0
-25.32768826637865,71.51410467522243,1.0654381886792574,1
-15.415763888980653,65.62461806821987,0.9721926423791442,1
37.30290833575867,67.92656937875057,1.419135992904059,0
61.42874030416363,-27.458477991012213,1.0090600867612036,1
-24.978550756697913,-8.372138437267536,1.044451938248215,1
42.20803924725085,-5.940709010875483,1.399327776850898,0
-15.020780039644848,63.13285122604715,1.0735395488422375,1
-46.826949455450375,-62.81453791958123,1.0501180696685608,1
-69.4931356288012,50.38949489076968,1.4074407201265375,0
-23.745482463139066,17.118985665332495,1.169288476200188,1
-75.7115676587409,0.5469007144649326,0.9466711298577101,1
17.66633873770849,71.06291158578887,1.5004403860422006,0
61.3440301391514,-57.18530595624087,1.4157262757068394,0
12.979634534573648,-50.0229005056049,1.0802377651921107,1
-91.79436217455765,30.411940001555685,1.396438470300654,0
66.05541740037658,-60.46016210229222,1.3657410551280376,0
-36.220778568417956,35.93155222903745,0.9482486144085828,1
59.77581876074753,40.823529327776626,1.3418719586654195,0
-61.80611060391922,59.84891499150531,1.543046490232254,0
-24.272517126010197,75.14947525776303,0.9991925332792273,0
-45.50356679424924,35.33381779431775,1.5329395817646105,0
-35.606654641133346,35.117862127580324,0.9489287419550754,1
59.65775293621781,30.09882105153071,0.9821441094494652,1
-67.50939738469432,-17.892902419204226,1.0894596512855352,1
36.62027244968727,-57.174624301661474,1.0463636679284622,1
-93.9933381564237,16.290472713982105,1.4431568765776115,0
50.780111130233024,-36.8056584991652,0.9893722760569009,1
-19.860208637461017,-73.25139088710131,0.9611798249565227,1
-57.37847001672777,-49.65164262597568,1.430608288007119,0
2.8199568089598754,77.28770513445586,0.8349384244925088,1
-25.540362441729354,-0.26156121126585713,1.568693471060909,0
71.06291158578887,-4.29365708390444,1.4924147194424222,0
74.50325889271991,1.8298386404806188,1.0782914821495522,0
24.743059626686534,-5.494793033599012,1.1589428238709527,1
76.91867374957961,26.25693117675973,1.3179173224688103,0
-52.51386235351946,-54.97625601153932,0.8879036886084174,1
-57.889780014855724,-69.64959989902883,1.4431100126572103,0
-27.123192418727808,-33.58144644395356,0.9712520531021879,1
27.05278565395506,-22.496988764813228,1.176094754782872,1
-6.057684997024908,94.27707455139928,1.0980058061820495,0
15.70820385435426,-46.839134454007606,1.1367471988874178,1
-0.18067255745718025,53.02169873123692,1.4481744495712765,0
-40.769844696452,38.15877357704471,1.624697261657142,0
51.045694364092725,-68.93483533630622,1.1144477830049158,0
79.25577160950127,44.53079621800986,1.3982781716768842,0
-28.140588600783904,-34.11226184328718,0.9725796603962605,1
25.87585593230568,28.097948024411007,1.1456484951416495,1
-54.1649674996351,-46.81400762468461,1.177807848156863,0
45.57337849146738,20.41669275820349,1.3446847426373225,0
72.06556289564126,-5.317632839752896,0.8328570389954174,1
-57.812820620104986,-60.136168547773735,1.4764863865004336,0
-13.10966587632012,77.89765134794939,0.9802246455061895,1
-10.643886358757186,-18.228757841622095,1.0766118779349654,1
48.86835297150175,-71.04656401008474,1.0708843548628455,0
-10.786433948871009,30.985415716340555,1.4779486847546783,0
14.72813478121026,-19.01650153213303,1.425972638226169,0
67.32385774279763,6.517233514040601,0.9819960132224833,1
25.935516744770762,35.73562470881197,1.1386274903338294,1
23.13748111940238,66.35565900771559,1.4266536424617355,0
59.09608252653197,25.535115071750234,1.450702134863571,0
16.454224174184915,-18.78180757205657,0.98109416300292,1
19.16051461441425,54.982511411868174,1.118483767486147,1
-35.40130394017322,-55.07833589602656,1.0089748353199612,1
38.43089105934262,-7.535169142640737,1.4920769518668517,0
59.296289873426815,-18.768833305624725,1.378310999352993,0
-27.5311338830305,16.5521020401467,0.9887771590643013,1
-92.22561367070722,-5.665261544292437,1.3927725084751312,0
-90.40572643835809,25.779707716781896,1.3216825630392446,0
34.94889681425335,-12.389242342574347,1.0652139348818621,1
-9.444846793769885,-17.241103453070917,1.1466178048386249,1
44.57810511133541,-36.29483804016841,1.2104336067889108,1
-80.13635503263998,-47.49234219456088,1.4108284702050682,0
16.375444428410805,88.69167015151517,1.2837050203450269,0
-19.468615672344722,-37.747287023305596,1.4922693568157417,0
9.235358549343593,52.4590298600119,1.3585342517323544,0
-18.39029610820944,49.28866730682757,0.9503653945670048,1
76.84765261513174,-41.13376998669472,1.4241511408867937,0
12.642806360170109,51.928982422772215,1.2164739460905423,0
-54.99263920287679,-6.948930605782594,1.0585672740261156,1
47.28336468712277,-25.79320494595299,0.9253468402839901,1
68.5632461674763,63.48732391134852,0.9203054080077399,0
43.94432693962472,50.9158868284422,0.9281293487529682,1
-52.96147454541785,-40.53576009831845,0.9013729875383373,1
37.15380131508615,-70.83313732728101,1.0540512380391014,0
40.27989919378817,-2.0578609544954594,1.108882429834439,1
-43.730219107833335,14.496666854949295,1.0529385139878205,1
-19.5600559697039,49.66466154802222,1.062572970988046,1
-11.106901614361794,-84.07199503640545,1.3586209729761398,0
59.58882065866546,61.72572126278838,1.073631886981011,0
-49.756571251425356,-37.474092705733455,0.9196189804018833,1
20.97212323107936,-35.5523443618497,1.0062410189503395,1
86.67920573673999,-24.9860706415218,1.05840092615052,0
-79.25221360773038,17.444658304211398,1.4447555596508628,0
-16.827391391009694,-8.106963551372374,1.011502800701305,1
-10.411622351626393,91.74031609851768,1.136473141975612,0
46.96610418687291,49.601750093286384,1.3553257759610133,0
-14.371335441217745,-11.286790092157934,1.1443729849702857,1
5.434012009646494,-42.7827733016484,1.0970305784114334,1
-25.301905804125333,-69.21803317566044,0.9974681773241778,1
0.6445615563336817,40.96546780254093,1.5004137744154382,0
-15.704990228361162,50.56640500169077,0.9634703048624738,1
-27.607641412697927,50.69882187996135,1.5101017585144665,0
-68.09013840394579,-70.069055462865,1.0748560426309468,0
44.735228804503265,-39.899862003763445,1.5600276054167213,0
-26.983116132792528,20.915601220965154,1.1350881272850988,1
-16.493614047071972,67.06483948775241,0.9539861343231467,1
19.65398250045445,-65.59442829239848,1.4953124473320303,0
-23.107979406754534,40.88937372991819,1.0134993652349389,1
-91.55380449410153,-10.135979776340166,1.3329632653662014,0
-45.913074563657815,-24.40381670230039,1.0231651324350421,1
-43.06977170704209,-0.5160705271298984,1.1079260613913033,1
75.71020040695473,-51.6039562898284,1.4778068020476713,0
16.764568627234482,82.47403839791859,0.8818154473459291,1
28.91574759663619,-77.19519861479685,0.96045704329362,1
-50.61228228310973,-47.0597849697534,1.01638466084097,1
-21.210498665039378,-77.74971113017214,1.3101017731090319,0
20.065815116816527,83.81602237896251,1.145606698780735,0
-38.354469465603856,-74.72809122149931,1.4079864531058102,0
58.944802107285874,34.79487691055408,1.2850628321155477,0
-28.839190476918393,49.02186986058524,1.0858520287203852,1
5.222142238814594,-24.957662187742674,1.2203709366558317,1
37.89311116358221,27.36153117390124,1.4018217126879047,0
33.27066990673687,-61.29991581870043,1.4055017330468598,0
-9.189998778966903,53.67682128558663,1.5329636251582754,0
86.4518187432556,-31.646181967216382,1.0938477238888975,0
56.84023764830466,74.33129442699604,1.3193858142053299,0
-61.31919757465913,69.63284801885196,1.3198592703669354,0
-63.315151464202124,-21.146827625977895,0.9618889328375689,1
-32.732387552889826,-58.916208738306146,1.3886588611947295,0
8.259744459792163,-10.426765032698958,1.0866976699417468,1
-24.823975346429,52.81465774647519,1.053950197782234,1
35.929383031492094,43.94432693962472,1.4679697760365482,0
-44.58380199377775,43.091218793883826,1.0165873619818915,1
-42.5321104741853,19.847124588774747,1.0773076465768499,1
22.20454879943962,-15.384431035547765,1.080594632285652,1
51.904693389103315,58.937825978271455,1.4676950676976095,0
-17.901503594656386,-40.5656009111117,1.118494382093474,1
-44.33598760753582,46.35695665395706,0.9329066319284822,1
-61.12754860634235,25.986329260748416,1.4860622043258975,0
41.76669362603904,47.29694225694369,0.9417365005157785,1
-43.02878096231574,-10.843673916053705,1.0397187474094556,1
-70.00910459686236,34.34848071430582,1.2005110278067186,0
-60.194887566495886,20.554351851974204,0.9468522309422933,1
-43.52879362147905,63.11033497639408,1.4387510444104916,0
74.58825930023784,55.30650334153784,1.3121764944292795,0
78.96505722156309,-10.14557794156898,1.0316908003724055,0
52.12891586848683,41.57422038352274,1.0292571852810117,1
-74.19619692907762,58.62752871534447,1.4904019728162379,0
-26.492673597826204,-24.129281224602714,1.0159397000030608,1
-30.975329084242755,54.79621336147294,1.5525486533659678,0
-16.35245129686907,5.244130206135912,0.9912022429054012,1
16.982406560625027,-54.174503585462496,0.8985754408482587,1
-44.49265187470026,50.101232639187124,0.9408003902230943,1
-62.51252402676979,74.93890160304234,1.0982079728530796,0
-12.647691590006428,-41.17204323561919,1.5367436118882578,0
-14.201441747048303,-38.148097197356456,1.2235943965333367,1
-18.61798150982175,33.168958644054726,1.473910909605999,0
25.616031901996134,-68.61894901802364,1.4927214675425002,0
46.99048496240274,63.032905920041145,1.261025546427349,0
84.55135684583102,36.184571715562186,1.4109095351424166,0
8.094320470162597,42.769344935891446,1.041137609262743,1
38.570742575884516,21.379450325706898,1.0230861561413462,1
-40.537749485838,2.300527727605792,1.5298620478934077,0
34.37562164403681,31.11700488701651,1.1538550351592096,1
19.89820503890903,48.975093024628634,0.9532826829508054,1
8.265276916085915,48.252594286646755,0.9878780315870533,1
44.47594101953604,-63.405997749549364,1.332516651046046,0
48.301967267813744,51.04406668339492,1.3657580516908971,0
34.54647942600417,1.0508556997491612,1.4702172878482425,0
-62.91364509728743,-8.650592143427634,1.528092763240992,0
53.27863975567728,82.04603588299858,1.4278649364837208,0
-79.81731083493763,28.193301518912183,1.103878827522197,0
1.891907531090538,8.886594049822763,1.035856418334709,1
22.833104828911484,-38.032387185083095,1.0269560607104915,1
-16.595968034952758,-39.176511075587,1.043084680415067,1
47.171163231020245,-66.50800992103082,1.3087622739944411,0
-56.99794182258159,-32.154470478461015,0.9300786780381568,1
55.84620347155831,51.52595591587076,0.8852810147706688,1
64.38901380458383,-38.94673681707917,1.0314090347343645,1
-19.634235863359663,30.113164796817053,1.1791852634699256,1
17.29215419741871,-43.282308507807,1.1039229171829066,1
-47.48741302386467,-39.9015642980077,0.9566021400560701,1
-49.20967053696041,54.58752756253237,0.8883341895415516,1
44.514448642305744,-61.210772628108764,0.9414062813712886,1
-4.445896063444987,57.43008813086026,1.5306284226406808,0
-20.978550483065614,-38.55387103942065,1.0592437985233378,1
-11.256327595764835,-5.921909298815739,1.1202212151251632,1
2.8444781725160433,-11.519591679499845,1.2767462703828218,1
30.68084843785707,33.488835392696544,1.5123718256223992,0
-82.87539732998745,-35.55709176388498,1.4093754610050186,0
24.405444382998198,60.956642133072044,1.0224387209657169,1
-50.88455397500931,47.625937217989005,0.8890418601266407,1
78.36794255757063,16.75860046467584,0.8187456233723098,1
-52.24753309933992,-8.311039373073411,1.063017878118029,1
-1.512332392360696,-75.80043902484145,1.0196301784285906,1
13.37776611786761,36.667612304330426,1.0367405234331282,1
10.36452812343637,90.19684074880549,0.9577846359843352,0
77.57050422185011,48.24777384765709,1.1012766122669981,0
-70.21977298432206,-2.7524080600006515,1.4167987527864077,0
18.88923449811219,-15.988707494610608,0.9871581638974413,1
-59.476718671938904,8.717496110661159,1.0026377289801975,1
79.46303098984298,16.593296241249156,1.106296878278191,0
36.58713193163325,-36.251629377951886,1.3777513825896779,0
31.55402651594318,29.135867474534454,1.146563233587173,1
17.922392163611654,41.33288806372175,1.4024157517570008,0
-51.40015789225936,-17.46866071643161,1.4484188773291964,0
-11.720277632667523,-45.022624709907966,1.1283513903895435,1
85.82467337038854,-7.431013457792443,1.1659962255065952,0
7.770547651356101,24.19731827777125,1.1059336531689679,1
-5.864645808059076,48.37360392749101,1.08612296078182,1
42.50504310163992,-49.55604098945488,1.4537357397826511,0
-24.084520005412873,22.58054304063427,1.0338729016002288,1
-28.913219904258412,59.94822691863092,1.476511162488644,0
17.684922116541355,58.1966525077158,1.4483089035373167,0
-17.22769804178534,-41.77116974795802,1.1407682777057844,1
4.482090081542581,-5.156492450669482,1.179893834764588,1
20.670731021867773,-30.61667392585007,1.0705561001335866,1
-63.121457461162464,-66.68770587006931,1.0382177794381833,0
71.99520140021302,-57.93169750149383,1.1053336236945948,0
-46.096893970464095,43.005385765085876,0.9597360457280596,1
-30.50924699979445,48.23468979897083,1.39107249731719,0
89.95993980206589,-5.291934633912156,1.3802696971041195,0
-46.13501560880746,-32.56266793012834,1.5454903025666493,0
55.48513391808206,29.984776519335956,1.1641552517713332,1
58.58599365056952,-39.294326508900085,1.5931483338136454,0
9.067809167512527,-64.69868005734263,1.4377325619425194,0
82.65729609530754,49.15203149107318,1.0213614844468695,0
-14.854756608468014,89.70745141899657,1.030482306047555,0
5.548763498842257,11.070941546286909,1.128093654622148,1
18.342995891049732,37.90744200066966,1.3440414279816664,0
-33.09888699001388,-26.239840529432687,1.4672788295202812,0
16.58231012448201,-40.57845541508415,1.0611914714247688,1
-26.444928297357055,-29.327550813182704,0.9106097552316585,1
93.83145174702042,-7.488551970460113,1.044122770169273,0
63.26451250915909,69.87087058407545,1.0121272450326195,0
-57.97217331072615,-10.51504983368168,1.2255294087777704,0
56.86747988314172,-38.028189482230836,0.915474229474061,1
-3.9270509635885578,93.67398407335773,1.3157967009729437,0
76.76549091057439,-18.361052111672077,1.3672662419720742,0
73.86145100126298,49.53763789579303,1.3448350627794836,0
8.123754362781371,-42.78358714199729,1.0156619487695688,1
45.55059645531659,85.9073116768757,1.1990646326443517,0
63.47804010292395,7.747338130294699,0.9934268041210391,1
7.787258506520321,-12.19892426987086,1.1206280556738133,1
-51.365664885785264,44.516909567680564,1.0821136843380275,1
30.678344938956084,26.500631147904397,0.9946395041398347,1
47.25753882005081,84.86455878277226,1.1990646326443517,0
-21.894433891103844,72.08484465159997,0.9436530689513521,1
21.649158613099804,-82.6376362657026,1.2881387666590165,0
40.7663349639988,58.65510162636541,1.4685712453422572,0
-29.25593286247895,-18.468479037727697,1.502428414811501,0
-79.56721769571877,-52.40448221062647,1.0943295645499123,0
2.086399416825227,61.72203504473746,1.0952474268553347,1
88.36186030673589,-18.761148547815093,1.2876471182437466,0
72.75488567116479,-26.269464318132872,0.9147269779439129,1
-62.21342393796116,22.047430432950048,1.533968153020388,0
35.49664151130233,2.5762568378152078,1.1071447225832387,1
49.90028460583755,-66.71140490102944,1.3346332030206998,0
-83.59306887766454,-39.61069490172845,1.3586374209832497,0
10.615025823872145,59.57329046174655,1.535851919809194,0
-3.42154759487131,-19.927694783316454,1.035359183927449,1
41.25331687363866,62.32827613649777,1.2615066719170713,0
-24.82221630904329,70.37688700536354,0.9693681771795486,1
59.06015822436738,-11.550470433607623,1.3853720388812012,0
-53.489414979321786,-64.73536886009872,1.3566785048972174,0
22.469627681533805,-92.111528167972,1.202158481764548,0
-13.605978274697064,-35.303352619903016,1.277001031450073,1
-21.129853241557864,-30.649925117248255,1.2373362104971373,0
68.22763649292845,32.09041220033154,1.4387005472796919,0
50.45669845916711,64.67100948547981,1.2446352398816687,0
-4.043098568895569,-27.49399864933226,1.0343010294791468,1
-26.820922538551706,40.340004366394886,1.0885803084539034,1
94.31316772496825,6.3714398286794145,1.4190633341337182,0
-8.14654189255075,36.64624573608558,1.4398930926271942,0
-23.352448530632056,-89.22430784070254,1.3357564929960468,0
76.73007116321546,54.49736820561877,1.0127750996804439,0
-30.229936992049872,-60.923600214906465,0.9314756560635051,1
-42.48734925499546,-75.27404708716895,1.1532926314715917,0
-15.251868963331694,-45.51458494051136,1.037435115204097,1
-46.32815064354297,-6.270613635407547,1.0641141231970694,1
18.383487982031426,-73.91304077212855,1.4209219627077645,0
-9.31630175404521,-10.11386529597327,1.1029909878161266,1
-42.99663245999985,-77.5403573494385,1.2191033287070987,0
88.08870209732096,-27.96818701809436,0.9802334832919175,0
52.97019724454203,40.3149380836486,1.0996816761847301,0
10.626071483131682,28.423132233011785,1.1378281967381112,1
32.390650564781794,-9.51014767395003,1.0814432193804344,1
53.25981076777712,56.94727236214392,1.4697651401371026,0
-87.99757284594473,12.452571178613296,1.4036387326011668,0
56.43331747385157,-34.37498865709876,1.0005525895728717,1
78.74451436288386,-31.95142460388516,0.9546843446373463,0
13.903337615411148,74.2877311076456,1.4922483784659346,0
12.491364235244495,-36.60141471382487,1.0704689960936513,1
44.54380755377435,-77.27832659329226,1.0919329169131218,0
17.338531187447593,-93.21906004252726,1.3615928228653476,0
-77.47674668350093,62.5529085934166,1.2904752766489136,0
-52.62270279176001,-53.506619078077264,1.3810978981809452,0
-56.94766457436026,-53.060763067984404,1.382265246185202,0
-57.57486420325063,-34.25128492406502,0.9513392388318712,1
-66.08976108892097,27.765085855329378,1.4096312676050509,0
-58.31921343756486,-72.00540381705011,1.1190460621782636,0
-21.494337454960828,-32.16839619109785,1.1208763540343023,1
-26.250963014201087,-70.5287610367901,1.4203203598872067,0
-17.31662366390917,-63.75191245144844,0.9979233178008504,1
38.0688858556459,-23.23729381032926,1.34727296296775,0
-19.18476640312462,-82.31555851503597,1.396182672053476,0
-51.352340237528466,32.43259245760237,1.4322403888670219,0
63.02313349012056,26.565617806876336,1.4230888395978825,0
-71.50077829705351,-9.06035068127698,1.4043352219376046,0
56.92067657827397,-18.682466543661047,1.0813966110046331,1
-58.9387464048105,-25.32354196396949,0.9618155696822239,1
34.5914701899078,-23.823412893472124,1.074476279614211,1
38.44170512572543,-25.31829322338312,1.574325662492545,0
73.31574374761347,-24.768620638697573,1.415902496523769,0
-78.17457409067053,-30.584445848033397,1.0193928441618063,0
-10.608408947991908,-93.19285835324541,1.3111356736288773,0
26.212169957569888,87.21275946948285,1.2712380043969105,0
-27.986884478417938,-75.6052258531505,1.0081638644970583,0
-64.86318431986818,24.673577649951135,0.9526006725601874,1
-89.07616902435589,-18.61484822447848,1.3465133726271563,0
31.328429971226395,-86.77209843162338,1.346540920251495,0
-72.73399710220953,21.540292306662383,1.2591680233444065,0
-9.249458333388386,-91.69747554255126,1.3111356736288773,0
-63.305986914186185,53.25222785615532,1.4774118567551788,0
-63.528703171755105,-50.26505870142193,1.324723600417261,0
50.5224854464515,25.05931988999157,1.10571355255664,1
-38.100749774391204,44.19261606607017,1.3976018238807733,0
-31.86310172175176,33.70450941580761,1.066509054701388,1
-37.53106153015689,-13.125617147158696,1.0115920626092534,1
55.901853473101355,40.57099150955176,1.2971093386463926,0
-60.05683454309985,49.53889037494425,1.3843932326495216,0
62.552753863276216,74.17298740801621,1.2948458212929488,0
-35.97562481408592,76.69042978916374,1.457518235392599,0
-70.67042636910321,39.53876283720582,1.4024520987099172,0
55.999269287768286,-19.402496478155676,0.97453547692801,1
4.668595161500238,48.42492498052764,1.1436539406382786,1
-46.7516014031475,-76.36860810042448,1.4020959169202376,0
4.823237954249652,60.737220273841146,1.0840440966365656,1
69.79463250355019,-52.064914005824356,1.2651614076519049,0
13.709328486635712,-70.1052510398401,1.4053996785126115,0
20.89453711781699,-19.13989732557529,1.1492510011016865,1
-98.72382125892436,6.666564560188843,1.3775416677897339,0
23.209099070106134,-50.383228320083106,1.0289549585703948,1
2.795854614011509,-24.96987396651651,1.0969545868217885,1
37.85008694692811,24.58707439968938,1.0985931438850765,1
24.85739705675741,-37.70618791634745,1.06398219227049,1
26.813550102449856,54.88041434221521,1.0988529075010698,1
-32.84342678786249,-43.1337954942424,1.4225135374979256,0
27.585444162314147,23.913233739979738,1.015183759610141,1
-16.677163923956247,25.63633853134705,1.1275940355339495,1
-44.58906065449375,-15.377200377063243,0.9307292888904722,1
-0.558294479349637,-35.161158434142116,1.0325757073240762,1
50.30347196589029,41.6031930999438,1.2592942334322832,0
-63.59217633590823,33.59127635875602,1.55958407351409,0
39.651726019319135,-71.3887732614909,1.3664609892851325,0
-73.68397289034867,27.76090814153833,1.5015046741659763,0
50.42500545799361,-27.788759566812,1.1373323346057127,1
-39.256583923248826,60.640289327816994,1.4297545650143515,0
39.990487064551324,-42.34411335358798,1.4455112112745108,0
37.72475553319656,32.558316144929336,1.4310605351599492,0
59.76517986227343,-64.84408619968053,1.0452674261883763,0
20.396527108756683,46.075541211087604,1.273677279275997,0
-75.85558484688333,32.35722885445338,1.3633316595148932,0
-39.266331922094615,-9.330923752313904,1.1645520187436202,1
-27.05905222464166,-5.827910738517076,1.0146607550470412,1
20.426036356963316,36.08351082956912,1.5109465433645153,0
-18.464147306838345,43.82960826657206,1.0953980239607626,1
-17.509137231848165,-72.67528328676772,1.0501899418524072,0
-3.3379933190502955,-60.923600214906465,1.3370979502936142,0
45.64275190658979,2.1453789056400487,0.9536388504468698,1
-53.196702469712044,32.51269743111901,1.0488194358045333,1
-29.062962273082768,28.297048078056633,1.0179151443904377,1
21.09745464481091,72.28837429783069,1.374837926894207,0
-40.724623565093665,16.12732288306946,1.1227009789027524,1
1.8357365893621267,32.46083615647146,0.9804447027477594,1
-44.14558026744366,-33.386360442489064,1.0171493097421551,1
-32.23932016941104,12.949941190913403,1.212676723174562,1
-15.117561559757299,-66.57691132877683,1.294231822643123,0
-29.380721715977916,-39.9199542343128,1.4081546800953866,0
-78.04519060867548,-42.36861423146029,1.3255584932832551,0
6.066298839893069,86.99679812328863,1.4719079061967617,0
75.60846798136971,32.58922443395255,1.3843670640291525,0
-57.03443679362985,71.53830660339129,0.922405981753082,0
81.53414905561836,22.482838443908065,0.9329029280377227,0
51.68130367658845,3.947939532543826,1.0357674226658302,1
83.7534458971184,-34.262110893357445,1.365255359958573,0
80.43509704379231,5.1060343490373015,1.3724355926454719,0
17.52740831427585,-25.487852047043386,1.1285666049929024,1
-13.086878346550769,-66.04509753057299,1.2428684226226754,0
43.975659793057616,-34.77163409714691,1.0443669176561108,1
30.157125408834403,-45.59079378549099,0.9975160228704543,1
-15.194590805924978,39.789037641716206,0.9542080127401966,1
-6.163686690230698,-81.8189657493174,1.3024004939671745,0
45.79417040191252,58.89612357584916,1.4339376935898311,0
28.06826851330856,77.62789040029861,0.9269256847845909,1
62.578938963960866,-69.34040805347833,1.2851221545996696,0
79.17055752235395,-19.968031330264537,1.415461013119839,0
6.819699992512752,-84.18761723175679,1.3247554058752187,0
46.0801831152999,29.327550813182704,0.9419091963123394,1
28.416049622407797,18.1540653829336,1.3797875892986597,0
-17.27783060727797,-85.05825278581194,1.0760383782130243,0
-67.65199336398086,-44.460922402869485,1.3978502635969092,0
6.094820230723147,-89.66147446298925,1.3245118814511605,0
-54.69007144649456,64.78114921269847,1.3186145642357239,0
48.894917782020954,35.531455792894434,1.0596453067103324,1
11.73269141078949,-80.96910652713058,1.3092966034950182,0
42.86931165874875,-23.436974367799856,0.9942788157922496,1
-32.44860870147327,2.479116500885047,1.1943052299805232,1
8.237692011628244,-70.92618640717262,0.9716791410427488,1
-48.20835967003562,9.447776864528329,1.4145628514618325,0
-43.71854608400538,75.65225305919414,1.2805785083914953,0
-80.39502090552996,-35.529762125141296,1.3048484634867614,0
10.348793876690857,44.456842899348395,1.0715980403728889,1
-30.536206630662825,94.85283073938443,1.3343164802174894,0
65.85526345604526,5.302286136030669,1.550235180275315,0
33.84352465634855,16.394157505852746,1.1064016620227846,1
62.182285698524744,-71.24707203045563,1.002377878649222,0
20.695855061025966,62.156295313188714,1.3317731560454489,0
65.7718935250137,-30.987345211249192,1.3696526594626213,0
23.976863534643464,-24.131117582313042,0.9620006248661781,1
23.174231404073467,92.44475277179785,1.3398345583597815,0
10.309669255473072,-91.95148054104719,1.3257290562392097,0
-50.524032747855586,83.01117302819665,1.3379096695577466,0
-16.46756477284544,-62.2553079227717,1.223313577747327,0
37.3487612920019,-29.10822083915249,0.9808867165121634,1
64.0899274763608,-25.57900216612088,0.9494325662708436,1
-88.53271808870325,24.20985141914442,1.2677092462098172,0
-66.28838153887267,21.19294524574924,0.9671208091030692,1
42.959185165514235,22.53753716337343,1.1392341622495592,1
-82.83623126319634,34.802966950579794,1.0176566411995212,1
-8.973051756077728,-65.64656211128214,1.4025481349284503,0
82.39164864162117,42.548486529986455,1.019017847884386,0
32.99146006395829,-68.338174097651,1.378066895056423,0
39.672212885025246,10.585684021326315,1.0821599707265606,1
30.59653137721465,41.610029358874606,0.9969738462534407,1
-29.13955369258538,53.96412585527026,1.0635855608326306,1
-37.79995438143548,-0.5263919376725158,0.9420829681086365,1
-59.5480879492027,34.98939742850547,1.4685698510401237,0
28.777567079984244,86.32975226551204,1.3563453737184372,0
30.610705763291424,-44.02713519512592,1.000341630231198,1
36.478813831982905,-31.561398952045028,1.0959112431547318,1
-55.97067762527802,-27.138623098940997,1.4574291581871184,0
81.15605657515748,-17.833549642485483,1.3591022448367565,0
-62.4196859425242,-13.726110755710861,1.0238619533516906,1
-36.16706510539016,20.64387429035389,0.9756031174572535,1
11.4788830105896,-52.73503543657513,0.9507097944263645,1
70.44126777368037,-34.78698719532902,1.363042145879576,0
34.04601375549867,79.35596766622298,1.303035265268256,0
66.85456122693614,-2.718299106710949,1.4928666542609124,0
60.61422951469542,35.20493447817275,0.9122197400547972,1
-48.45708238273508,61.18481726668381,1.4102749857861827,0
-8.825420383596656,-70.14381455175749,0.9930801582764207,1
-5.580231992333312,52.93163373262462,0.9875639988576388,1
39.789037641716206,-81.70870931686876,0.9196488143251988,0
15.793268147208213,-73.71148146151342,1.4118118757442093,0
27.486143119126865,63.388772714226256,0.9003745554116571,1
39.60786002451311,65.5671290936604,1.4418108191194785,0
57.4819174093045,52.550845393636955,1.267811684379366,0
-80.67499547624054,35.20141640340134,1.3538340970084666,0
-40.53989190316677,-11.912911556483477,1.1913887739992568,1
24.69957231353992,30.59479066313504,1.0968477517638275,1
7.988385584746646,-47.62892129926833,1.492051616216264,0
-58.15099082891184,-4.531426892027376,1.1747684038444903,0
24.865752484339534,12.599984793811824,1.0964354273833625,1
14.067127267982011,-26.15189992159034,1.4217327006957972,0
37.09809846453881,12.712186249914348,1.0776793506827862,1
-43.74066339231096,51.11015051972609,0.949767063773219,1
-7.888045851729429,51.738374231055495,1.3655617349891145,0
43.44702979442561,28.42874553185073,1.128637328096116,1
-31.7245141007986,64.13835097712072,0.8875609165969065,1
69.22318441174777,-60.9444121285628,1.5106654700992996,0
-38.83483376910458,46.972423417817346,1.0320610584416914,1
82.45332536315621,28.11847129247833,0.9418503419810087,0
-49.02591577562866,86.67867241157519,1.4132454253626334,0
44.09247086945216,11.726182972462393,1.2889502639311021,0
41.30565306838371,12.667425030724532,1.0695480846921832,1
9.50835188055924,-72.4920638259516,1.3352415626233725,0
-30.55022838269715,-88.95466718159948,0.9981147666250922,0
21.823332416006146,46.5841198413455,1.1176136960568601,1
-14.39768717436129,55.69920843789671,1.3680007086109376,0
36.722104223344154,-73.63004468084199,0.9843410172385475,1
-70.06026027593646,37.456805614184276,1.2906366091653356,0
84.77774914555563,-39.83097435616572,1.2725588665611354,0
-47.624309537291204,5.226482720675431,1.4511675486601174,0
-39.485224693518795,43.11109163961294,1.237740092076778,1
-93.54308759997957,10.558407390945703,1.334967106534533,0
38.38722157720617,-74.59457177986718,1.1918641455484817,0
67.40144385606,20.948250580844785,1.0319201833198697,1
40.476597443389295,-19.802363369584903,1.20184807341969,0
-45.3281946329106,4.869357518681346,1.0887345403933555,1
0.947818816344847,-50.250063692993336,1.0748632139390586,1
-74.2807227662454,38.54961111659259,1.451298401592922,0
21.3032070490202,95.59026925305318,1.2796868691902241,0
49.144563309047925,19.445901296763992,1.4291153226624826,0
-29.954207881840453,5.877830877884725,1.3392174353754729,0
72.41876960706654,21.689930418814605,1.313350413937871,0
-20.76920570408544,60.78573565980176,0.9307736268721961,1
1.275809519267303,64.46212379592721,1.4384377693719628,0
-31.505930147088208,-33.141206688157,1.0443580193137836,1
-60.57684997024918,30.603652480267584,1.34716773959249,0
24.41782891004677,-11.132699054502465,1.0752546965953558,1
-9.101770505315544,4.149485995166185,1.1764336066034191,1
46.93661444246548,26.50759400422283,0.904481249819574,1
55.08823733827563,-55.237280100550976,1.0298191786122313,0
65.6772416928674,70.94354833461595,1.4732649002659994,0
-21.912673389983716,59.72211231083672,1.4085870477248075,0
63.084066655273276,71.76194313279863,1.2239926302818709,0
64.77545233025609,-61.85702083907858,1.3372179536144058,0
-10.515611298452013,97.70042229936756,1.3103740973525662,0
48.59874771504819,14.663775406591352,0.9837088519824971,1
-92.00920894979627,34.14255585345117,1.0838199958007777,0
-28.01157096900143,28.412631492942396,1.0134548775404137,1
-55.83996525639521,18.876839083567294,1.0427345185964885,1
-43.5735548406689,38.6307972116309,1.5518668944580432,0
-96.22005960705424,25.204147301414697,1.273295048805641,0
-23.83667995753831,50.29177026141413,1.4458148919778286,0
13.990566669976163,-59.22804523199535,1.379920473950535,0
52.12647434744013,-22.487493960742665,1.104993085214537,1
41.43335736602411,7.542535079386665,1.4661302616678937,0
82.35049128020967,-44.12570216851715,1.4189319090117527,0
-11.517956921929459,49.79417067554482,0.9716904272536104,1
87.74477853185357,-14.904207098239635,1.0934329357543633,0
11.807457014635293,97.07923739421209,1.3297560697180768,0
-60.30719753464493,63.23919303163755,0.9528851206931408,0
-59.15642728129161,17.797060749880103,0.9936729854832046,1
27.278951886916108,-69.72756234130362,1.2320140785847806,0
-51.037131348247726,-15.235940556235374,1.2139702203169938,1
34.98025335087098,-3.071898528399842,1.5860107195476612,0
-32.46083615647146,-44.87461427845355,1.0190061004599864,1
68.28529647065723,22.505457103578866,1.3738706471373026,0
-49.54768556187278,-77.38518512291373,1.2552092971290683,0
-68.78965904707178,-1.3786455510470503,1.0094563362939697,1
21.889549179594326,-71.42720822836857,1.3917770718235285,0
-40.216192121314656,66.2129656665407,1.323744941819569,0
-54.50523926058742,-8.578238984292744,1.116006594458999,1
-13.295024440838898,-88.72144814154463,1.2891068388024445,0
-92.94524309815269,-26.663591614931242,1.024992249322201,0
3.6649943712407818,61.378211433805454,1.1161662092530806,1
-33.8201999515598,66.7727208849781,0.9640735281953917,1
-76.22656583152873,-61.20684920993977,1.0454040825671211,0
-42.17971760310892,45.85420677842026,1.177472017048567,0
-33.392353420692444,49.427999707318314,1.4355797241550827,0
-9.511261730960966,28.691609936100388,1.082863011145558,1
-68.13625370838186,68.2548104511009,1.2744884065379534,0
58.51248312108468,-4.084075378493601,1.0524700404828062,1
-49.36761169156882,47.647546082425485,1.050572168235163,1
-23.363250006781303,-4.386599480604251,1.0072701482033828,1
-0.7754881224639657,-5.201253669859326,1.1245494309415716,1
-38.01122733601152,86.89323322788157,1.3975144502776433,0
-60.8194067858789,42.05336585222353,1.3419776999787933,0
44.3802857796306,-49.33303750847047,1.040658639447065,1
33.95006824904636,10.16658938445925,1.132947572592354,1
45.79154107155449,-47.15879285771686,0.8749577412750374,1
-24.036385476950755,-45.03757106483743,1.0147632238688016,1
-29.335384026540925,-21.737167069065706,1.104172761002135,1
37.605537846964104,-15.886520906411352,1.500699864031838,0
-30.415104048466162,86.25227034028669,1.1929020307012936,0
-7.519884823893001,60.12326961579215,0.9782824168971629,1
6.9122654383337085,67.4679624273624,1.4672947975125512,0
-1.6691865556065448,88.85997233566897,1.4108821139729126,0
-46.63467967302128,31.982298031314635,1.0095131312780201,1
-45.924148021899164,-71.61255778576819,1.3893844281827332,0
53.57100558238559,-43.08676036414636,0.9386569851649036,1
35.89491689271594,-16.61894546080352,1.0197577593363956,1
-21.080743789646718,-25.258457580698376,1.0691025433679664,1
14.914438234054453,64.87100642228548,1.2271850947099971,1
0.28563903594631534,-63.59840575866097,1.48171934555838,0
55.385344299235626,-3.7181652740359934,1.5118827990403918,0
-34.0656896249852,-74.52939507777856,1.3997286766579133,0
-35.55831252440834,58.583483675661654,0.9323944479146106,1
54.75663502029456,16.932933634152054,0.9894913520140829,1
66.07244256629625,-53.61620910611286,1.432674805182312,0
28.67081420522938,-16.7292371048873,1.0090451014494068,1
-49.12991418276761,31.18245573640964,0.9649560283861247,1
31.51301734012661,10.93516584807774,1.1238352575506234,1
-48.80841186058667,-60.08823909642617,0.9364515516734048,1
3.2364994487147247,55.801968854947184,0.9607662776907587,1
25.70579431894023,-24.336789645872507,1.1581285483490034,1
-26.167408738380043,43.39152588263022,1.0709516942897022,1
-30.55579866775189,-22.778089221325434,1.1367060798401352,1
4.144292080723247,56.66650986182483,1.0540280196248117,1
-49.69196742991426,-0.3165587254044387,1.5461972590719548,0
85.96206550109558,28.01615626462575,1.0140472100001527,0
-5.368362221501383,-85.50039416203158,1.3173000055987456,0
-58.644270516536764,-64.31048825832609,1.367238348708771,0
2.000289363155543,58.95088376277185,1.0387989297047895,1
8.575759062864273,64.03405120473454,1.4129123653172817,0
-79.04283642243766,-49.10189892558055,1.3810181627659945,0
24.207304032686466,-60.452537511100815,1.4604433570039876,0
-61.22333347723735,8.541654484992577,1.2938493721089044,0
-20.78489976118409,58.081052805446845,1.4775803210284928,0
3.798838367932163,-67.39516699543798,1.4808482615854548,0
35.48578417602615,-85.15101219371495,1.1528488163252975,0
33.93842756046448,-11.64262869664135,1.1561211921496217,1
39.09697383225738,-76.6996115777155,1.352461134047508,0
40.7834053154991,-10.196907492473635,1.5125460807596263,0
35.71534368681203,-87.16697094362311,1.1528488163252975,0
7.51188494642078,-9.122526944162386,1.2384728707821029,1
-40.45959921790591,87.76753135627752,1.2316029798650854,0
-26.091954111745746,-53.1328460703161,1.2205116281246806,0
58.22837800342227,65.68261303917019,1.3914079268047694,0
-27.70393931711489,-90.55194642104489,0.9611955565018678,0
-11.722859209960344,54.37926013929137,1.5151520971988601,0
35.36695831237177,15.705592783234861,1.109099842352989,1
36.722104223344154,-10.272162669437844,1.054821228081164,1
-62.7675386394319,-63.79107851823955,1.443655108990599,0
-47.19297415237092,-38.978069670512056,0.9521764929437673,1
67.86885949644845,-52.73793972958495,1.2487365874479313,0
59.625616676286654,67.76894494284429,1.3383053406419536,0
-53.78054517496633,-57.02579324785526,1.3639312461100708,0
31.187198006118418,-55.847000491677434,1.417784377453978,0
-6.1233347851700195,-20.115691903913778,1.0732980200032567,1
6.1608223062415055,-56.82996291389971,1.3295178002851828,0
75.34234362566615,59.895700982577715,1.19561798522309,0
-57.89809988742685,-6.171318812141524,1.0844143995003555,1
74.26118358804952,-9.738715037362663,1.2075997672638166,0
6.539350822346177,-64.02960754461834,0.9379591134716811,1
22.714725542906173,23.985033770219164,1.3161731555739844,0
-27.670391009398884,65.26053132043933,1.0123542635184002,1
-8.260974922479544,72.95923036746623,1.1555544476415536,0
-29.8687546452053,79.24648321421483,1.4271010724605624,0
-25.230177671958963,8.512895255766049,1.0856735943541176,1
-54.498276404269006,45.22375178813429,0.8647628483556334,1
-7.895879065087652,-85.03810146046688,1.4046929804290251,0
8.021210478819201,58.70330601626217,1.441332685365934,0
3.5128604820185925,72.40216726394885,1.3658236284739436,0
-37.43788585287769,-4.701320586196818,1.529574152898003,0
31.34851985960395,-53.782842917551406,1.0518215335616259,1
48.33405970557228,43.84092852329619,1.143752926413039,1
-64.74184898019764,-11.99912056682056,1.202296809237419,0
-39.12846736698992,-53.282561691072964,0.9116439735104821,1
-67.95190738271906,23.49546236087458,1.5324448617435498,0
-41.49635668130413,-1.9936438835437285,1.5329447706485724,0
72.23028418225987,18.072789860089518,1.3449353888669755,0
19.940227924689598,-15.014703365039686,1.0224719959416244,1
-58.27046383939617,-29.815911149447018,1.011443333806937,1
-29.601423161707206,-30.706196364229754,1.054807639513469,1
89.72336651915295,-21.94692311565809,0.9590668874848265,0
-79.58181492493335,-28.101482635374055,1.308381971609019,0
11.645794963935638,85.35570600773482,1.098544305910716,0
-29.090080766112408,-85.07694255803507,1.30953830408714,0
63.51169390846297,53.422515103073195,1.066504642527509,0
22.286874335910326,40.64424022953148,0.9623810623125104,1
0.10026513098523432,77.83080792729257,0.9130688656060889,1
5.476437860878594,-72.53419339915924,0.9903399700927856,1
5.854767470030987,-66.80880531398653,1.1114357315632921,1
-47.78260148515344,63.176432376731086,1.3976378874967852,0
32.832188493453835,-7.632837826391795,1.5227850391481927,0
-64.24859620216237,-24.9564243466194,1.4383600080173782,0
-15.415763888980653,2.782357384840416,1.1159682397573605,1
-35.03495057695789,24.10219494837501,1.0511428262512208,1
51.481912791106424,-63.12959586465153,1.385217106365128,0
-36.104273310583,52.29850414964271,1.4123908259621485,0
-18.44460638749312,-27.96979383109092,1.0203933117727968,1
0.5483249350755314,-21.110510000407956,1.0755814212671995,1
59.33317671091302,-55.62143868886328,1.368837598693771,0
-14.860240865954314,94.82168282668323,1.2768876889428626,0
80.16568574606922,-48.71678470787472,1.0746064641227235,0
1.4107818109782053,-79.32835764008492,1.3982738066476106,0
-54.85338207650839,-22.20454879943962,0.9419054964680313,1
36.985959831200056,64.80953367960416,0.9449643412117565,1
13.932429745287259,79.11066283457475,1.4370793180460808,0
-62.98853020417447,-52.14166603395304,1.0069583894817364,0
-69.56845346255949,-44.03257453315407,1.3981386952126216,0
-17.528493434741073,48.80763340460075,0.9461449946664804,1
-32.37310416685936,-15.967222109399485,1.0200887484368557,1
83.53852378542774,-26.128517843018393,1.2329035769895742,0
24.510401064230063,83.84081783752548,1.4030480179057805,0
66.00523377596377,51.4096767338086,1.4013333910270618,0
22.554641215129745,-18.704460185296526,1.0457880581410233,1
4.413845440111101,-43.63167955428353,1.191471830228387,0
-37.03722320644063,50.14330818522556,1.0758290258530447,1
12.840773025041539,-41.96323607029988,1.037257861670738,1
31.5642345043919,-45.36997177082111,1.0192689456788246,1
70.34305936333071,58.28232101116389,1.3560990867845428,0
-34.114017185216184,-38.71845459921098,1.4887020442189332,0
63.59408770823094,0.8726779919085811,1.2914583063659493,0
4.52051523774206,67.28923422439233,1.4108630932761312,0
-6.812368778634239,13.979169404702882,1.5375960909521145,0
88.17064956014543,37.9038004099559,1.0802526377675257,0
-76.30176467976764,-22.877160719798926,1.0582406267356252,1
-68.51331254073561,-36.9333771779202,1.340561568565716,0
69.77076236252836,-17.22336061660188,1.344306107968089,0
-25.8225930015866,36.40229302968435,1.0710552299930811,1
45.968777414205185,-2.980102504283529,1.002387915688391,1
67.00287987335838,48.33379492089537,1.3287275228398283,0
67.55363200130546,8.874657724705475,0.9847842611214872,1
-37.25526007858312,-38.10671793694985,1.3203273524646384,0
-27.67967481782345,-14.570937322345772,1.1029361502197936,1
47.966122483831796,3.4675024465728934,1.0387219002764314,1
38.852738256780505,12.658472786886552,1.0839284327870546,1
-73.18101247785205,-9.575320009090433,0.9262905546631909,1
42.863343496190105,55.18000333653607,0.9755291912269775,1
17.83645062276716,-10.373860159437143,1.0906127962853438,1
-10.543505180166646,23.79730218227806,0.9903046412645216,1
-6.220395955202707,70.41646534654193,0.9825819923989892,1
-34.034227442701365,46.35912585150241,1.394683898474221,0
14.944821607080284,23.57369954641608,1.1102259202531624,1
-69.94119543289149,66.74837766808025,1.3468175350036078,0
-35.96334106994235,-15.574968657774775,1.4055850242274943,0
-62.82281244073428,12.60198538914838,1.3920909328950224,0
-63.598729612443215,6.684342065682658,0.9753876602482676,1
44.55341862075192,13.706699156277685,1.0987078373800419,1
33.187758356114436,44.425808454043434,1.0678990884051736,1
-11.181352553621863,65.77213547754985,1.058908667522465,1
-42.31644278172517,16.988103443067367,1.0660198014042024,1
-83.16365958157002,38.088216633018064,1.3380157387196316,0
-65.95217504806898,23.95222573536289,0.9888228466248545,1
-59.442899084106585,-16.167752371369954,0.94492942034735,1
-18.278597234217113,-56.053925092252705,1.3261716690074001,0
-54.697054721746454,48.42644108633892,1.3254686730552925,0
70.64733900341584,-29.993786223018834,1.3762170715586046,0
-27.027112928884268,18.12453960511414,1.348407684088914,0
-94.72431662468941,27.52336139225645,0.9658639575731067,0
-63.8871570843452,5.138587962993551,1.3101650337169544,0
53.98253469471171,-53.16346742750834,1.3652981184499196,0
44.03039055652156,59.96538458810435,1.415370652264372,0
-66.50982709291434,16.73642027845042,1.3583152211638176,0
60.59218588163406,65.81168399779608,1.331539210335822,0
46.89901501834602,-56.968498887292256,1.3585699611502036,0
-36.211137690438605,-19.320319470617406,1.036322180803038,1
-49.23192812417702,-79.77490218215172,1.3201317965432111,0
-21.92177369432888,-87.5318334737376,1.23320398115204,0
25.617740966728835,-17.412711081103357,1.1011647431618155,1
-0.38947073729480447,27.552696276790744,1.5587821190943907,0
-93.10537566662627,-29.922478410009685,1.2815881640921871,0
38.2624091341319,-51.25328262700213,1.3529372989877941,0
-75.60169921163856,-36.46248915204308,0.9785523779194847,1
-79.36370752600922,-9.21667934825859,0.9696694327198488,1
-39.62561530812508,21.04175179426357,1.1480466541964471,1
21.608064108161678,80.68093711363224,0.9456228454511811,1
-79.83285518560173,55.61622176354977,1.2930817107243577,0
32.63174262974174,20.50877679243547,1.0323358850985798,1
-48.610684040165474,15.356082263394214,1.0337241405971402,1
-84.87362478923967,51.83195165085102,1.401013786909799,0
3.2351171169456348,89.61196081805826,1.247778346392606,0
-26.156666045774497,-32.02217620841103,0.9746155188207208,1
12.742027062707596,-39.20366621522884,1.0809513997767903,1
48.47732647678608,40.510858454539274,1.488672075039008,0
48.34374440572425,-18.93643723834873,1.0188701644077784,1
10.842131375576997,-66.29260516160647,1.3452301751392925,0
-67.22668048722316,-7.347327080349551,1.3702705158260853,0
50.72223952116026,-38.49729014898448,1.307726850853803,0
19.030878889504027,96.16818632748202,1.3620561538922669,0
-27.77122021988334,24.557024723426096,1.4981218290302267,0
9.714975012962723,-14.821334898139574,1.1556817001935529,1
-40.0679080507864,83.51976427232465,1.2399560723279193,0
-28.00619962269864,41.03350485570949,1.1361397535367272,1
11.849189943934265,0.1575594915482213,1.4355665578390395,0
-34.530594931809624,-41.6136102564098,1.388677647256143,0
-23.509747446740743,-57.066222736155765,1.0709746101476285,1
41.26984409303182,20.984059556196648,1.0705419756355887,1
33.027811599542765,-56.29170925314189,1.1827863326461447,1
-9.122807641617575,78.3145432083617,1.258576878416064,0
-40.68661055195595,54.44137306125296,1.4826693829859336,0
88.76448173473067,12.933008264584227,1.329303275364811,0
46.23535534182467,48.01386778430095,1.004632764368359,1
-23.289709956665288,88.77537363140014,1.3121936146328472,0
21.74982072141359,-44.53121538661767,1.0332566353566468,1
-48.116818588437575,17.58817506032751,1.0368400126135766,1
-89.75317931240367,-6.035325402086899,1.296985290320952,0
-81.27324409111914,9.942958822702959,1.244042285369454,0
-69.08502521283783,-65.54832938160067,1.1692575776213991,0
52.80463123337665,61.40069512984458,1.3818698946977324,0
91.10340464146373,6.9903596008772135,1.307866560407101,0
-10.2539664049257,73.78306745418472,1.0019322388841951,1
27.803784677814914,40.416082733326675,0.981455002535002,1
26.838827026227637,-47.64384170566494,1.0221924178082462,1
-86.31402440182806,41.30775947869851,1.0859756915568766,0
-89.3511359840764,-28.362160193899143,1.2978613287993424,0
-9.575759768436853,61.81917012390402,1.2905000537523552,0
67.4447915630649,-43.66810310015059,1.364715319596279,0
-12.903306246269116,34.63810513455209,1.5195956779503879,0
20.703719427243303,74.83315520982288,1.3727833638037863,0
-67.00347592544489,39.19943424541452,1.3932791277721521,0
28.598649696480802,61.943402139269494,1.4322028595390799,0
-7.051980879295213,-28.0825921034493,1.3368546417959133,0
15.21252375860516,33.673502267711854,1.1401293526509053,1
94.09459345983343,-5.275313141609777,1.2435282630292634,0
-35.43745723259577,29.04555513228672,1.2485079931347363,1
26.194265469893953,43.27790124930217,1.026996455234871,1
-7.865310427592151,-95.06540574725547,0.9547114020488552,0
-9.75794578338497,-51.699208164264384,1.0693311923364517,1
10.092162886669113,53.982030342946196,1.0313338874116174,1
-66.86848693957299,4.119225797976931,0.934109502481365,1
-35.33950083817927,-58.74877036715426,1.5267414544957971,0
-38.98484434152456,14.10147771255251,1.1468636351836323,1
27.711791776697588,19.846398731166246,1.1727042093172364,1
50.156178657525956,-64.53841248254643,1.2969395661395324,0
-1.2768137773901658,11.342492942705277,1.1314539615186532,1
-80.45418327224884,1.4061154499471151,1.3479500103511608,0
-46.976492619561874,46.976492619561874,1.0047429185036527,1
46.309957373807734,-31.73391395682847,0.9615106145645698,1
66.4256492777215,14.263908515162127,1.124426552156485,0
46.1341877082086,-72.68610623679992,1.389025937336283,0
-54.551658302710216,-63.343424880767834,1.2280299051179986,0
-56.75163078031749,17.906725736895208,1.0952334769708176,1
3.9688281014990934,-73.74391400126376,1.345605257616269,0
71.99129242824479,10.866697760946614,1.0017730351854501,1
64.524789502793,26.653813986909647,0.8523273376091883,1
-78.6199316433801,-14.691626831865024,0.9632795535395542,1
-10.366698364366789,-36.29239651912171,0.9702760564035442,1
48.28449682832388,64.02612239300655,1.2123374289551667,0
12.27283766771255,69.19258125779497,0.8808589531103578,1
-18.047723577343202,-90.97217527885068,1.2156181731942848,0
-35.91227047307874,-21.518439649909194,1.0359500437132698,1
26.974554594093608,67.27871148086206,1.3109410444413432,0
-15.140034778771236,-43.3228920132058,1.0668678934758062,1
-68.23209272097225,15.342236126258154,1.4070746070207953,0
-24.20288856282599,-19.21748343883766,1.0195873775645137,1
51.67831959530911,-39.324223098913485,0.9836097936282683,1
0.038295709751319615,19.311481999136323,1.4155126174859904,0
-86.52948550736339,4.156260666178689,1.3260267165289463,0
-50.36930260744627,69.39182606936821,0.9559671812557579,1
46.25635176913942,-68.47172235731489,1.3661953845576003,0
-83.80374501598472,1.586337608087903,1.2960989376633831,0
10.771538724594869,69.60071175892077,1.4222491808698017,0
-73.39240479567927,36.18401468705671,1.3745735827292567,0
14.751507396203444,-15.49096273721957,1.177412922799886,1
-55.8167137271509,9.923298993098028,1.0954146678225614,1
28.47661647784743,-87.10863073852546,1.254818750227934,0
-38.100749774391204,-15.273495797717802,1.445189429154204,0
-55.30163947516988,-45.620634598284205,1.3780051299725966,0
-37.16971641524256,-1.8978756936491818,0.9543407601807191,1
-25.001110411169602,-36.065367615390834,1.2437962548640624,0
-14.92372204247902,-42.21811881068325,1.0745504711425746,1
59.74350600877098,-33.18643907807518,1.286479128747167,0
-85.98508632686378,-10.424169559375946,1.3659280921726218,0
-15.492890912815442,-58.32731177506751,1.0063915925788423,1
-45.54716445920021,30.87906727972156,1.0606239738171364,1
35.92369669883205,46.17302119954548,1.063436679447594,1
-15.761505719964232,-41.50198503669224,1.0612594490785636,1
-33.59346078426768,-17.597458868752078,1.0266626494698743,1
-2.487346518672296,65.61581552745609,1.434160001500591,0
-55.65094561843643,13.34969452322419,1.1225856324036476,1
11.163779630532519,57.675659837574415,1.0388134858054645,1
48.600287886031055,-43.23125183972466,1.0330370978218935,1
53.91444090196953,-77.48301325418751,1.301780658705409,0
-58.384036010620434,45.36705708678084,1.1487380284859035,0
-31.742269384410566,-57.68587202684142,1.0595887275185327,1
-78.12921605522483,28.7526178200332,1.2903644451609932,0
30.149529565577925,-74.2726979218748,1.3554087514028688,0
64.43775379881276,-29.33103224134192,1.342294624583566,0
-41.39517550676337,-61.41955452352988,1.3633398479064434,0
-3.719342094822209,-84.53868640869946,1.3072136514575217,0
-38.681831783510226,-32.75707404347329,0.9822579080405709,1
-15.874669680797703,-71.83418182413686,1.3006960460809154,0
16.378309146438966,15.445843428276225,1.0892225564455247,1
3.3468129370536124,-17.476769359232797,1.0559548836743997,1
-5.302815332710763,-35.77131418813931,1.0709144469312835,1
31.9720436429184,2.786535098631464,1.3246239730522882,0
-87.93084878853908,-7.354447357767363,1.3380808726136237,0
-18.925043473464054,-9.337190323000476,1.0673644869886976,1
-44.485056031443804,-5.86019307235702,1.0980188153216541,1
-87.710056614682,8.47553685359607,1.351865526350766,0
-32.1624280285392,56.44688147966666,1.1762109971122456,1
-83.76510463327945,-37.63148564390795,1.0708962548211387,0
66.12362111676188,40.613541889041805,1.3024433054160311,0
36.4777872902472,-44.03574748033714,1.4330113233582369,0
-44.993977529626456,-41.583443907477005,1.1130693329005676,1
-3.6869883054460453,-38.31587085766177,1.3811248415233612,0
-55.385914750114736,-39.011290045236066,1.4367676792151332,0
-66.7557475082539,31.182808782645516,1.3898116561757863,0
-61.18171027130145,-37.35421048390327,1.329874233504986,0
24.483860294263376,49.727081507017935,0.9612890084541025,1
4.692965158614694,46.5536573449524,1.213848510690358,1
-44.29146197371013,13.275235270249707,1.4370739748262527,0
-63.0986699313931,-59.46026101154991,1.2682750686505428,0
24.22421231030115,34.5523041231167,1.3527826687390232,0
-42.51171925210991,-87.06703683367596,1.2153268604279384,0
39.59470022607129,-57.17117768778385,1.218786008695701,0
58.74986440260146,4.096197424397008,1.4885257649341919,0
-34.662309684625626,23.131819621323025,1.0117150621896773,1
-50.90298506526395,-55.27852589171541,1.3515865651409473,0
-88.5959408240745,-36.722104223344154,1.2511463446322735,0
-57.57050285368853,-65.60135421048709,1.1592570864577374,0
6.311980619088937,78.53557007986997,1.3603806358590635,0
9.794649983120646,-18.489516810746927,1.4948873828989058,0
50.47606640432869,54.38454975106814,1.2126882505280194,0
64.67277471665913,42.0813460837524,1.3485862484771234,0
3.6883244612427455,-90.36753019798276,1.2499584954046796,0
54.66038346756966,75.68428681324237,1.272844753077115,0
74.52661611073353,34.610459798048964,1.2563659252051484,0
34.62210675770886,18.913902903354572,1.201985773217427,1
-61.41976516456136,5.241802068419525,1.1107884070364697,1
38.42800402135692,-0.6266570686577501,1.103487543801271,1
73.89038827957262,30.84322537657624,1.3856480632056143,0
-13.977934059227044,-73.86546125395269,1.374169735642231,0
-27.023380976118045,-63.17667339868056,0.9253953615932448,1
34.68546875020647,-7.864546211654764,0.9791792361138305,1
-1.2749230017519793,-90.90273032039698,1.3674562379889774,0
-49.19385878161024,84.16388099666638,1.0553637318369355,0
-11.39148613170944,59.454943921270406,1.2826019679111953,0
45.55013567806021,56.289471192182404,1.320818090708327,0
-21.394072323975593,-74.13353122221184,1.2550204513563865,0
43.599444897965554,36.48556324531558,1.4191146826401388,0
59.81789863154146,-3.161136768562422,1.1367538498488285,1
32.99526822257204,-46.50741346902631,1.2636835000181812,0
-60.28441000487556,-63.39369571574763,1.118469385676708,0
42.9187224929552,-74.17870882483601,1.3773359593488876,0
2.462762279824969,-48.19306186512427,1.4561752855764063,0
-75.1177514418096,24.225825030698427,1.3324123458600015,0
-21.07656607585567,80.2016605037144,1.3835719847994614,0
-6.437722187049604,-40.155915429666635,1.5518356330182568,0
-7.218306109601459,83.61563599233942,1.2324079141859006,0
57.85753808443738,-27.06019160113013,0.9462685739390653,1
-50.40601584985247,8.271873306282302,1.0039238321386035,1
60.74832329749384,-40.844946549677516,1.2981486197753516,0
-7.781941416240778,-39.26291379262921,1.0071038706484912,1
-25.65169150158774,-89.64369028988904,1.2967901770987516,0
68.78514937101548,67.81882600717222,1.2300229046977564,0
-43.06700704350388,9.838515977926676,1.495025405791363,0
-4.8651376057610705,-37.00694834546131,0.9884318007379941,1
45.89341473405288,-50.67075332805548,1.3163620753930951,0
80.88097875410672,-33.157414961211025,1.4489504128910269,0
-3.0926373172136463,-53.70959178722857,1.3993532998810734,0
-21.973426891321747,-9.56965988072834,1.1120639832866417,1
48.613718699093596,11.256460362092932,1.2921996284097326,0
43.29831722619961,35.085423408732154,0.9747701293461435,1
-41.946445258890876,-48.51644989450265,0.9481018688900562,1
-54.98091228697208,6.101660931667573,0.9770605181739604,1
61.56841754963551,-36.415170148899556,1.220480735790799,0
7.8749904961323836,-2.416111142491554,1.139844829575077,1
-30.78535304658651,33.173246297682375,1.0326558263504517,1
-15.208694596728524,59.10193536227788,1.2124914911781417,0
5.288334587192288,-47.45503074471871,1.425390046585206,0
-20.435795109255157,-0.22695147891929637,1.1460734184570873,1
-82.01494897033047,-52.29854941198064,1.2655073325552937,0
-2.3357218013607177,-57.834750554668,0.9846890999931835,1
-84.97298164130966,-30.61691919280453,1.285860009595394,0
-49.1215587551855,-52.34675380187739,1.0024294966371938,1
-18.148952796126387,55.07833589602657,1.2630626066974886,0
-7.760906773376749,-10.46677985958099,1.1967599092942207,1
-37.92734603758453,65.85049826950137,1.3749055193437556,0
91.34619782201806,19.980159096041277,1.3365107210842095,0
21.31708302696905,-67.04872544884407,1.363916868473035,0
-43.689056339597954,5.779989903854999,1.1202768938081191,1
24.94754772277484,-41.57045101769623,1.141784134017687,1
-93.40608452465882,3.167466637942807,1.2352925240697596,0
-70.49602796060309,58.984819653259166,1.2453972244977707,0
87.63542278511153,19.611284328977796,1.1784912187769307,0
79.45153196239646,-1.1588863598465304,1.360066130620951,0
47.238549211909685,82.46237335291758,1.3612242068652007,0
76.74918065810249,-30.774871111479918,1.2942574938192988,0
-84.15109207689787,-46.06466589264742,1.1956041277972007,0
66.54772533005745,24.944206693974067,1.3940037164645873,0
81.20043250790364,-30.451952639231465,1.2971630103094107,0
12.754881566680046,5.080742695117437,1.0880882406336392,1
-50.01092029693938,10.962812483459702,1.3878991100372111,0
-18.942330565013236,64.424668430904,1.0325339102574902,1
-84.85614176727188,40.712385449716216,0.970236740020033,0
41.28416768317259,-4.381586224054994,1.2450965442429929,0
-32.497971390169695,-56.543035209778175,1.2526691041083262,0
24.226942066471437,1.3938372375599515,1.1467484012595324,1
-44.43177661660208,60.76425027459064,1.3652973397237695,0
4.248302748210813,85.87794904343554,0.9803796969100186,1
-0.915883408038259,55.50253452711795,0.9443168243460023,1
37.415113216918606,37.71001066099286,0.9590062221371435,1
10.311357220641158,20.36065784893454,0.9529001420377367,1
-52.74173765121319,65.46857302740784,1.2831548248354292,0
-45.07571540814703,-66.81799109462028,1.1858311603637246,0
21.854665269439035,69.95842850227957,1.3425488407290411,0
11.934335729770924,-4.730100392312932,1.0638593134126557,1
-73.26781608662169,48.71678470787472,1.187664213629912,0
-54.45191397073416,-72.20006490062147,1.3597045073622347,0
69.9561387937595,52.332613847507666,1.2583857217298013,0
-21.187876395356984,75.32074591529904,1.370056091985448,0
45.61227917070211,79.67568633742098,1.2773570443596245,0
42.180983576985014,60.00589575213879,0.9930829041670505,1
50.61598665987027,-40.30300175853131,0.994373445292104,1
91.31473933565242,24.765199235161806,1.3338531153689623,0
-21.67305076713359,11.330888182174576,1.1127730075720805,1
87.59621391387581,8.94727036916899,1.28292736786065,0
69.73439860023444,23.111112692097834,0.8356293475967681,1
18.173054991074753,-64.27830438912096,0.9533873292154363,1
38.69159786769709,-49.79238022677723,1.004364422559184,1
-3.175062481199258,18.791356632150407,1.0916224988243335,1
90.92065395213888,30.053307139209593,1.3289617412818087,0
53.31285011605809,38.43757794879475,1.0614547492902344,1
-77.80216074701107,24.446787472722637,1.333622310045751,0
-5.415988158719386,-22.47777128137438,1.4112115095360869,0
26.434185604751505,74.61158104315932,1.3614574624280245,0
54.54005354217953,26.904476814372746,0.8828626118734616,1
-68.67022096000473,-19.20988759558121,0.9625410949346411,1
21.360588259709985,-80.43470834392417,1.2762908828529973,0
-61.825647660223,-3.0045665940509347,1.3943723860785584,0
27.91309628678379,29.094792473395536,1.1003191621954618,1
77.6257201593682,-36.19419311702035,1.2609723352055289,0
-50.683071828883904,72.87149148014286,1.3816862839107593,0
-36.917064200259915,-29.601423161707206,1.042442054321444,1
-19.911417976338328,91.16802356516685,1.298353977166918,0
16.89227095485919,-67.33043907274242,1.3600088465943772,0
-66.07871739333417,56.53536597673182,1.3128138125708326,0
55.33951604492167,-30.255003274796188,1.2701189939114015,0
50.383228320083106,-43.41166843126564,1.0880899958296941,1
-62.48760433047228,0.8773198961208502,1.456596562060612,0
1.7709873679458217,-95.50798645534249,1.2189235960552949,0
33.62015173348829,23.280310100635415,0.9805629352493658,1
-24.4997847562434,64.7261553075217,0.9683823525190535,1
62.261861199306686,48.11643176308656,1.4141396760930125,0
36.981882062714995,90.57815208027965,1.0872416708900674,0
-55.62924320913228,52.360860367925106,1.4321935939052823,0
79.91189233204436,20.093831773611754,1.4288654707557624,0
1.4004423186525359,-76.80635984983468,0.9402321160658299,1
-77.02868687941064,50.00723407888846,1.2445217973817182,0
-46.3210160279605,73.59313165594581,1.4114753388948782,0
-55.97728898175961,78.24042766973226,1.3568912120507943,0
55.869163343989804,53.63468328203302,1.3549538348106898,0
46.20222868672388,73.38647150328389,1.4481662106311735,0
63.50174111972548,5.0943533463824275,1.4822278082176055,0
2.8929237279131677,98.07612341664102,1.245520356433923,0
65.40795819822134,-64.298357415318,1.2810996727802781,0
-60.75231394947335,-6.291636969323816,0.943627864413165,1
82.12788496951713,9.856420465602609,0.9371453147102062,0
-13.38985884510079,45.93138782959121,1.4576610933804817,0
0.3945618580437549,-87.73972611910548,1.3818878327019906,0
-29.897239057417018,19.63145689631462,1.0278475533209745,1
-56.43817383265487,67.50021205446907,1.2128563101445355,0
90.59712402366905,-2.5794953756377277,1.0182169546609616,0
-0.742347604409948,-49.20704120660241,1.257030286731003,0
17.481571329107595,-17.714947065021512,1.059158236518438,1
84.27284259309424,7.294288279176217,1.383146986040307,0
43.55087582294603,86.40705752406579,1.1978870617104795,0
29.764603948246567,49.73086224348043,1.4558308411796956,0
-48.2271031516505,13.911786924202053,1.3282802625090533,0
-22.671436543385518,-45.962755484416284,1.1550408653015682,1
-8.643888772437856,-75.41967025359989,1.2929543370334788,0
-52.6660504987649,49.550669643152105,1.2734859232827622,0
-29.845224043813026,8.171971454757166,1.4383974451386492,0
-45.99662883947886,-84.61841932264167,1.3592002720715008,0
52.32305930574903,53.28455701706273,1.3518553168494032,0
65.22246770589864,20.3896305653556,1.3607473895956141,0
-19.388073418638932,-59.46627438746127,1.3844839514443283,0
-5.188720528486182,-45.31043934929863,1.4527058475647545,0
50.23973293334697,-48.9900515906324,1.3307190333767984,0
-65.65509317848309,54.67234781222948,1.1993471564253044,0
-15.562493348959062,-51.248320761205754,1.1187196766986476,0
-60.91843950963516,72.04713180538661,1.2494080314522615,0
80.77486741063368,35.03627383471977,1.1499694049719036,0
-85.16599382568643,-42.57969871774502,0.9943963340214983,0
87.48345104587163,22.013719330509378,1.1784912187769307,0
30.630997515990835,-76.70282520370861,1.3200897377214744,0
21.327228903318773,13.546236967485022,1.0630730339226921,1
-48.429892384120656,-58.083468105199564,1.4132523354158701,0
33.27821494167721,49.469580477953116,1.3726166827540178,0
62.61464591943994,33.630596017965914,0.9898210245277934,1
-15.69507389672526,-52.800334156334436,1.1270954701815163,1
21.21534629425705,87.45900749176559,1.301981813918748,0
46.13867110837463,3.283683039766616,1.047766268714457,1
-81.04314847001199,13.503013697877606,1.3151643763497807,0
-94.14154402418724,-9.403386492224898,1.2271035010542528,0
1.8799712059732503,-4.56707671637769,1.0493087157133236,1
60.54803815100055,-20.195644702328735,1.298224315065688,0
-27.847891883904264,57.84138274616803,1.3380612069702715,0
70.1159631264838,-38.07011320659015,1.1217382869598718,0
36.54856841971584,18.635817134083545,1.2766875456977216,0
-83.70210261671672,-19.725236345750115,0.935725060793178,1
-36.13892948189938,43.351880231347785,1.256844980773492,1
13.779859120274116,58.483595481259066,1.1606757196823074,1
34.97674823952702,-17.875973121488848,1.0630532907700843,1
51.64391489350046,42.959185165514235,1.2578434146421102,0
-86.89587456431425,-13.918654398927083,1.3352666296815703,0
79.58544771953426,25.877855015555294,1.2587377710894128,0
9.351219958865958,92.50019518823014,1.2484952195062649,0
-42.39031848307426,-21.860224324080363,1.1325316670806551,1
16.03278007965905,-78.17787953454916,1.087309278398445,0
-66.44843680749088,-24.56875501301203,1.3466446647523798,0
-40.47052190759119,-85.50051421127846,1.3366448296075448,0
73.14077449765404,8.796286326895899,1.4087291375165234,0
-0.327358170194356,51.0323328061256,1.4102560546286902,0
14.900249772122574,-56.62378682645218,1.2967222327920076,0
-49.71614176312485,-16.353728017552253,1.0731268736069035,1
-55.5835179021445,72.35864558621351,1.257727938702283,0
-9.87333025951878,-46.79039445977867,1.0026900012133548,1
64.23234953741938,36.75343707677705,1.2575849291978736,0
-78.76877205586416,-11.340471468290254,1.2763487002380063,0
-45.20409195852936,84.35541387743501,1.2266209920304132,0
-8.209207599416526,20.253556459018473,1.039025625406797,1
1.9087357927313129,-86.04515206005874,1.2261009989349048,0
29.578213640645806,-54.23627406794447,1.387426124386443,0
-10.356932280179919,68.23725789438664,1.0046651592860367,1
-71.00275250719771,32.591180826752264,1.3615903718772242,0
85.70579842342498,1.9287112002021896,1.3145363007973048,0
-9.40348882446718,66.60183981586586,1.3766266753696006,0
58.25090781708117,12.501808519722115,1.4337673422081432,0
-71.75223436131239,-46.06824679018261,1.177740771511394,0
6.539030281646087,-36.26982129553029,1.2401452513538893,1
61.42827980907336,-66.78399120712298,1.2411974904532381,0
-72.53107957521559,9.564577316484858,1.126218013636292,1
-19.07608389514053,-93.2433581902801,1.2692333707604049,0
34.648439014331245,-15.632245421789696,1.032489670643174,1
65.18249714692477,17.177178352234854,1.1035227639470608,1
-23.232486271711547,28.390863405294287,1.1826680396612783,1
-52.90884620285525,-42.0847695624032,1.0644962050138456,1
-46.5212719667272,-78.11061759515835,1.0190538525101367,0
-66.45326467396745,14.5065800741145,1.322149180603732,0
-39.41359633322918,-51.57387675053283,1.4503795224693876,0
47.51988756021616,-20.477224828139413,1.2628858563282217,0
4.177713791051658,-53.58614222655605,0.9650643052243821,1
34.24680880214604,55.58448198994243,1.0321270441152204,1
13.62814214575696,56.43871452037589,1.1262586065556568,1
-50.751626718021306,-49.49831258070581,1.3081675627004998,0
-45.77983936707833,-20.659359252668217,1.1478182991694412,1
-80.48626725572979,40.75229249614931,1.2321910629263841,0
52.86896802575884,-14.246004027486196,1.0094829008291837,1
87.13218927494118,-8.710533254342726,1.1643351021736361,0
64.82005224775517,62.11357117825494,1.3085684954832986,0
0.935613576926209,31.59226031247141,1.1677639584052784,0
54.77709338988919,-48.147243243220245,1.3674413358830426,0
-1.3677471672442931,0.4304861602083786,1.0466363473762805,1
-54.553739156322614,27.490797336082412,1.0648086465144826,1
9.00677114134456,-77.31808850748168,1.1718745043681584,0
10.176299422251958,26.640567577328248,1.1754994354022503,1
-85.39843805165474,-14.305685653072635,0.8638907314284681,1
46.69412540285443,31.32740424098614,1.0196137940104884,1
-60.934276594594714,-52.03574621965466,1.1984603438779249,0
28.933652084312122,-75.8434097952637,0.9510064226298848,1
15.699408667425743,47.81723253368454,1.0900164531765246,0
38.25393261339643,-46.47010306913138,0.9009280106642387,1
-44.68451724880783,71.61684548845425,1.4056354503942996,0
-7.811147968480393,85.40364968656509,1.3519936119026053,0
-44.352280691320935,-79.67234416638814,1.296088243306742,0
-61.32124260938202,-43.66850288137462,1.343477355358038,0
-89.5057477555739,19.47735139838276,1.210384352721466,0
22.901467418219596,-13.997240160837208,1.239456859963932,1
0.8513892587970753,-48.90950376551558,1.1134841973336032,1
14.209449031814483,68.81007942396427,1.4477007567514535,0
-58.20103207825602,79.05535747785,1.1967413187051448,0
-23.34056558800636,-41.50719332709486,1.4508107058672448,0
20.66828950082108,-38.18050612858402,1.0254527030939713,1
35.332400018144334,-53.98834957389063,1.3583218381087983,0
-57.793448156961006,-51.22921536277107,1.0377421387487105,1
-30.837312304748917,14.420825281511734,1.376860968018181,0
-2.9604144277969464,37.413587885311316,1.089014879842379,1
42.134142543570185,28.06284291098253,1.0169687528033486,1
66.03771871140957,-13.661124096738952,0.9469554462858739,1
12.480223665135014,-51.71731159069227,1.1742690934601863,0
34.9799975724756,46.309957373807734,1.0032446808944042,1
52.83367354717927,36.056551198700745,1.0519915326611688,1
-4.116654897182446,39.78790342077747,0.96644602779832,1
27.1627354850923,-31.40121602219562,1.0509604097624579,1
75.00853016622655,-17.74599980354503,1.0045415120882462,1
67.97461700640375,-41.61324298486773,1.3854811819251447,0
-3.9747962640577374,61.17963438867234,1.0613634293959082,1
-69.32785482694271,27.68649261463522,1.3229823645156829,0
7.070166221679802,-22.943021148975504,1.1173667519177823,1
-76.30754920655527,57.94167665589352,0.8570867744533055,0
-42.824177429399,-13.833454790619834,1.125245024000223,1
54.903985370315496,-66.91814877675112,1.305615901932681,0
-85.74511808263485,-44.21987173893158,1.1820368716286211,0
-26.683263444780987,69.91643734214615,1.2915444093469945,0
78.60883930084685,13.17933061018649,1.3637226833493679,0
-11.141962680734808,-70.7746493342063,1.26841161080616,0
-62.77071426646901,-45.14302029190181,1.1146594556993201,1
28.468135404737787,-34.08417637242296,1.1526974153155563,0
-18.86154222384007,57.520434560715785,1.4059115296072529,0
61.23692874923533,6.34176953481642,1.047939433880423,1
-16.931134618643927,8.22629824674357,1.0363854444976068,1
38.03326362853577,-39.48710802782174,1.3467902707987216,0
10.114982331746278,-38.49886132389143,1.1141629838070604,1
14.18333832062042,77.29814941893348,0.9334484445398613,1
77.53782540168635,9.617965243373101,1.3749599775379266,0
1.7090647327029678,40.37950275132849,0.9660234947396913,1
-71.25090870638618,3.3463487466323913,0.9276987869871858,1
-12.96881723993609,3.867369338002119,1.1988035082157722,1
34.85568235939594,11.875998284940916,1.4497015963197104,0
-29.55314735789949,-34.17536989631907,1.0598728936316892,1
-53.978449445411,60.47777847177567,1.3332119285522168,0
54.207997325339015,39.634979149380875,1.0357679359049792,1
-39.21518315595012,78.42020430538147,1.3250008618473121,0
-33.442089420077,-82.413046687868,1.3360413531364872,0
77.46059821288553,15.145819305558849,1.316000187144924,0
-89.91113903148197,-1.7344250480914403,1.2363421092282119,0
-13.112799161663421,-69.66076639466715,1.2957264288745811,0
-85.4021988116232,-6.817685533260058,1.3282813668031233,0
-47.53641477960934,44.12262579606425,1.3182820149793806,0
54.5427567687502,-11.254760953093186,1.4850136041416673,0
6.878904165094512,-78.85494462235609,1.0826979957087577,1
-10.981624906616148,1.2317052728790212,1.1164613518168782,1
-0.8468338765645148,97.63994596789,1.2568643741730765,0
-7.318264723542237,-62.85642858232302,1.0201187224908095,1
-58.06872965497851,55.52629240499564,1.2772610135851445,0
-42.55001496186123,73.77842554997245,0.9047601856699738,1
40.231383807827555,-79.54088543909637,1.0630704873358938,0
52.40487851549203,-35.29078315058384,1.3909799576433406,0
86.21408693466955,-37.80433103397851,1.1653712417963034,0
4.52237517881342,43.26022630634002,1.0230586361661997,1
42.158702436766056,-19.09215202510611,1.2315424702781252,1
-50.794036842869865,42.703197800866455,1.131656946776034,1
52.838664890513904,68.45036944039882,1.2800472109301808,0
-41.23403511767996,-3.6346109982149506,0.9308988871812112,1
-62.63646286923765,15.119146209815998,1.3119257876508787,0
-2.1032177866825736,74.4076936897496,1.3092504445771465,0
-16.343216350594133,55.5343494244498,1.1465123003653626,1
20.48124186063081,-23.959188591681322,1.239550387257557,1
-53.817309056327574,-41.03350485570949,0.904231470911275,1
-68.87154996013206,73.00102623112211,1.3996299430365517,0
-8.725659459448247,-33.75736802265991,1.3326263259620557,0
58.020226104348225,-17.416957282005722,1.3250164641589512,0
-61.45053707176912,46.97021779252395,1.3380910768571275,0
-13.715321464839091,-4.725333031230062,1.2027088068365916,1
-17.922392163611654,38.70202326558433,1.4531589811323138,0
77.3438058625071,23.02159025371815,1.3306939398363122,0
38.8338527012867,71.50929744291493,1.3506552287689693,0
-79.97987305098356,53.43173064820051,1.2314935808367393,0
-60.454502637796956,-20.330545756025014,1.0303795087338543,1
48.33316448118846,-9.441633167776759,1.4800090184888757,0
-71.9334568108972,-54.031388660323096,1.3159817400264777,0
25.934318834006287,38.65313637565248,1.0747973789844965,1
-38.29243311303946,70.50629266009874,1.305340405495326,0
-25.807826944221684,-84.93292137208039,1.035822936559842,0
-54.389790610662665,18.229656274695458,1.0964187092302222,1
48.94068832281997,-38.147441869702945,1.2584505963846104,0
-1.2289441402010448,21.36900604122928,1.441705476142564,0
-27.790591897422114,2.7506947118977134,1.0269719733136558,1
-6.448870924732488,-76.34392160984099,1.4611894943959889,0
15.31453467019747,-62.530734574064105,1.2936017798500052,1
-23.921589167561834,-87.00506741244203,1.030828101701876,0
-81.12726058279786,42.865708239845404,1.1546731087321624,0
39.213066071258716,-53.22668476911765,1.0480578765781396,1
42.895290719298146,62.83527289611769,1.1850224346728142,0
43.22711028238657,24.396829585158564,1.1487509172944506,1
1.6606412319430377,-25.935769429072632,1.1231168785159555,1
28.042008598050533,-78.60786269242818,1.3095399879933722,0
-25.43392155992256,-63.05841196213387,1.301941573264332,0
-83.08382892021493,-6.428230046318194,1.3162051152937395,0
-4.219490928962194,-2.8617339468703826,0.974587397834652,1
-7.097471540575547,-70.02312504223822,1.4191507961347176,0
-47.680568859872,37.03703957066959,1.1854421964966657,1
-39.57624232695809,26.18287170500928,1.1883770238677684,1
84.36825618548339,14.12202026336466,1.2132462869237777,0
18.61653537812484,-64.56495982770697,0.9244806030391558,1
-32.66136641844192,-5.675722593271614,1.1178049275131805,1
-80.09007156955866,-2.3153329589354676,1.3740638136699639,0
78.42289081285195,-3.751298866171909,1.2436495219230748,0
-31.082190605424405,88.5897264748103,1.2643814361740642,0
49.021293624200275,-52.72274804307204,1.3094825685759186,0
-2.971899687250876,-89.4128040510328,1.2780234038856606,0
-65.06679289726365,-40.33032966077353,1.1095834261556268,1
-40.467585318321646,79.72042001124517,1.1713959538335972,0
-19.92073192699802,-28.39452806651451,1.1612149898473283,1
-40.71032885315885,27.25958248661213,1.2978821269179015,0
-14.111467481672648,-9.760980442313093,1.3432900797695213,0
-5.832731177506738,-51.70402860325406,1.010228470602067,1
46.27737120623753,8.758159191560729,1.064654665645918,1
-45.41174890873162,-22.90083443128155,1.1490932404846803,1
29.18365178260205,-5.961752309971138,1.4850611211388178,0
-29.406606012613363,-71.38298873470329,1.300784201536883,0
5.337029368068496,39.41672961857248,1.0125999459083532,1
0.8046640041025644,94.62521736732026,1.2301448866545175,0
-30.66274814080283,-48.459808890682915,1.4149304500763882,0
-58.00664779010217,67.81519321257132,1.1211548380990504,0
51.24861189108667,-2.6797049888317015,1.0061262148992196,1
-86.29497052587531,10.1690131990681,1.3487898093189798,0
3.8017195498570078,-39.40280390593565,1.1344088099244636,1
-69.72734870821203,0.14099784044799377,1.3232059343437097,0
-59.06618866340489,69.22805968875896,1.1303244367362983,0
35.74837554742981,79.06966074763905,1.153297317666156,0
-40.907413857652294,34.14711335940504,1.0832071442544486,1
-90.79365700467002,-0.14522528892702963,1.2192591116382776,0
-34.6878789697013,42.193302476625284,1.2482172897655734,0
44.22651603319621,70.849383992024,1.4169793699642126,0
12.867358476439145,-5.096810825083043,1.0132301556962608,1
-0.08952243837968672,-8.952243837967847,1.0870574695765927,1
11.012328845337843,-82.65700266501493,1.2616168002853734,0
-81.79833049323194,6.736563488070813,1.2979642390642239,0
60.91843950963516,36.25026831282538,0.9115122223892539,1
28.16375911424689,83.96488540506813,1.2999671950827385,0
9.204025695910705,-6.196071766353504,1.0860656399217852,1
-12.487186521453447,84.30208658963159,1.2284672101048852,0
-19.96187607797051,60.27301623999088,0.9841121080725574,1
14.070100288915594,85.45623499432793,0.8428617472970781,1
53.79224277358127,-75.34089050782576,1.190738716020903,0
8.604896777054703,-60.60310988550721,1.3798003889034791,0
-45.860853141269686,23.196755824814375,1.2528249643326062,1
-78.05759810452109,7.9476031405958985,1.3270602052779705,0
-24.640155939622723,80.3324229453743,1.1806902649035713,0
75.23302953358407,-16.065208487407784,0.9211837254099516,1
11.530490063302603,63.84591101174711,1.040580442140342,1
-50.49463402117782,17.60906362928278,1.1484372771285556,1
-63.298477661931855,-48.056955006675565,1.4466075279230681,0
88.59928299510734,-23.660899827000218,1.2678172284771743,0
-32.918777860490586,40.896604388402714,1.2671970399087837,0
-30.792964266043896,34.50470228809367,1.0603973650592333,1
49.96545694097795,3.857422400404379,1.1075581797800726,1
29.910990152967496,-83.04718780225743,1.182420603262804,0
18.486383525403628,-36.0275593055818,1.2236057244888867,0
45.110356699520025,45.960819864127,1.057124778677532,1
-37.01894178218205,-24.39345094627746,1.1319262384089135,1
19.797350113035645,-53.86744162182019,1.0371177494004435,1
55.315388072224685,20.281571716205526,0.9159489726378247,1
-0.5693627080947631,48.14158646305595,1.4083104304978846,0
-86.30634478088864,-26.448844904036164,1.2465146880412104,0
79.60472947549297,14.914438234054453,1.1971197037023484,0
-45.69692328490342,-79.08412206460807,1.0618394475532846,0
34.65711997805292,-57.12128384879359,1.3019648770042045,0
-2.791472396748157,13.524398918122726,1.0878853426024084,1
-57.38329596899116,53.393236862980174,1.264825202784458,0
52.74303979577144,74.21052051921835,1.263987843079225,0
72.02066806087174,-42.45741936514911,1.247360447101156,0
70.7215834803072,4.461265003678371,1.1724108485917495,0
-38.27382648859191,-1.963525481794293,0.9543407601807191,1
-5.2639193767251005,97.91093280839064,1.2299241946571473,0
-5.477720023678927,49.57963278498081,1.0082524358613443,1
-60.1183865736987,-69.15201444655719,1.2786104701737577,0
-40.07712976015795,-25.390858971614794,1.1874358667953295,1
53.69197764259604,26.231864894013412,1.034452296016759,1
76.99847879507534,11.498353803371447,1.3548117728419313,0
-93.76530461199546,-24.86784134123506,1.2507451313643032,0
21.16978521193958,-40.76638058883088,1.3886622639718709,0
-93.3903343202594,-3.254930538969376,1.2306213503044134,0
41.76442312941347,43.45730541343961,1.3919176949739516,0
-31.599403340964457,-81.84847409141943,1.2898668525436179,0
52.25775033415499,23.9709951741343,1.1761111941277413,0
-49.519834136599094,33.90911027070271,0.9500222376761017,1
-39.97027669588684,-70.80180447384812,1.1218159343586014,0
-30.529804004163132,38.968785862087486,1.2760854927189544,0
36.16628664940423,82.7532446115317,1.250482848401217,0
-0.21932997403021254,0.7049892022399689,1.0680769344731664,1
54.71107870050069,-23.593638634964293,1.357432363544398,0
2.338326090477203,-50.157631775366326,1.1215665712924445,1
-90.73994354164222,35.16441379553776,1.256844181846736,0
-68.91999015884942,-49.07339217265337,1.1389974804028877,0
-22.806835870982887,76.67497377843495,1.3498944349500153,0
54.92516814446732,77.97908734635523,1.226687426219745,0
-50.123394901371356,36.28191584340896,1.4440103386454197,0
-39.3155003997893,-37.560860607547596,1.05026492103652,1
32.43026751897595,39.25318740797156,1.455570425419806,0
-25.45702185970835,84.87885684066676,1.2688884461349759,0
73.55282900525565,39.141000508363064,1.25782245538034,0
21.41458110076801,-31.77151338094793,1.1947303821841442,1
-2.080501467943719,71.41383954423719,0.9809579107658112,1
1.467770111922833,-81.39022007726858,1.1645313247290359,0
47.85661967514709,-60.622259902760604,1.3467238549324063,0
34.196194192754454,39.32514127776865,1.0679770552541674,1
18.74913973489345,-58.41543278256297,1.2923614921671276,0
-89.27500423032097,30.492516576884153,1.2104801262935598,0
-71.9463953219293,-1.358099417648422,1.3088640714413518,0
-6.723661724892578,-11.759035582460125,1.1492522688555897,1
0.6868161472488964,70.93925125757373,1.3942531785989267,0
-33.905833632435204,-36.76633883995528,1.1514534132250351,1
57.61967133138321,35.86599425877788,1.3114013799211224,0
46.096893970464095,25.73304586736184,1.0390439302245413,1
47.77633491446687,12.320077969811361,1.038736457456541,1
9.041766276347532,47.187277269928586,1.078723755544568,1
-70.10949761704528,18.947424083058962,1.267975621031094,0
34.78516419294747,37.41712388131002,1.0093540309479117,1
-42.656716030308345,-32.37276543330874,1.4334117718177242,0
-64.49867879159893,41.68836149245683,0.8691674600559954,1
45.3281946329106,31.332853432887504,0.9425938980697903,1
-57.816616816189544,30.47318584855983,1.3968837105974157,0
21.35145964330685,82.51820280085255,1.197787651201761,0
36.12724766264814,87.06792018111932,1.220555505187043,0
24.485800409027046,-35.270898380136735,1.1319951166760356,1
10.721532756489864,-89.67652548573815,1.2198226401173868,0
-64.08318750276705,-70.73457858643579,1.2361515040194602,0
-20.888568955258346,72.00986004509392,0.9361023267539768,1
-42.93404326803867,-35.46557646003553,1.440595178693844,0
78.27896267942356,46.45617735649455,1.1940518946313816,0
5.258470184823737,-40.96157552261137,1.0632934803964504,1
23.198844681709897,-52.43866350528052,1.2043756918344093,1
-17.076405120923692,60.80662422875703,0.9800061862692402,1
-64.95830764926444,61.32562482664537,1.2367222763103423,0
-57.113326298715386,-72.84540280330424,1.179069389511694,0
40.96282615681823,81.74279172638884,1.195326056084825,0
2.5887419594895924,-16.24554428334125,1.088743907905332,1
42.87361656288941,81.40583513865155,1.195056157285079,0
-11.383170682249734,-68.84652447979934,1.2569151746889533,0
-21.140902868237866,-83.9469809173922,1.1111539168230404,0
66.58231354488595,67.77296197533568,0.9823679155121287,0
91.52455252897532,9.4170247166788,1.2652040708452041,0
81.2398223807907,-1.6293083785101503,1.329785045320868,0
-71.0089226691045,-61.85394493991374,1.200845416478188,0
42.51520068026913,41.549684604114965,1.4580458055885954,0
15.601970560810381,-44.0342969901963,1.1186273994027327,1
53.580636712257785,-15.911260175826317,1.1987322273439314,1
42.48734925499546,-53.501768791168146,0.9471401724168782,1
-20.788946549471724,-68.42452464544007,1.4149516424657687,0
-33.67457195260858,-31.867161038795697,1.009986402577831,1
42.333370660982396,77.79141805440551,1.25313634381679,0
-36.86832420603098,-22.120994523618577,1.0786635590927713,1
60.59432040973903,-29.001689137480685,1.264965510425276,0
67.98515281820397,-64.93912352244983,1.2848083517124231,0
-34.750223313967766,-31.190811163991736,0.9927519349564881,1
51.916695029269135,48.17518370757728,1.3505470033624447,0
23.363250006781303,59.98951256080134,1.3918063406030627,0
57.02579324785526,43.708319801670555,1.316119316687708,0
-4.093656176219673,83.140027815005,1.4182507231523702,0
13.014252283930942,-66.26797427334957,1.288980248475567,0
49.37348277926478,-74.31679885549853,1.1260921916391458,0
-30.997288679993346,-31.595645106840745,1.0935469641618447,1
51.091832851565336,67.6452203421093,1.22552354485107,0
11.522134635720507,47.734557776556336,1.0581173323107698,1
2.4553563326499015,-43.06843126411447,1.2071478487241711,1
-83.13650444192818,26.617258991237936,1.1598413228611024,0
76.8072680484849,40.576045195589316,1.3206869816321245,0
-57.09890323919867,-17.776172180924835,0.9970867224161707,1
52.98385515501277,43.83466195260962,0.8786288204615437,1
-84.09095136188382,-8.519322507752275,1.3341488302934714,0
40.9444763342312,-56.22626526370572,1.2340416078200547,0
-71.78220491676993,-3.841680290467079,0.9852713093287369,1
-67.74379000834644,26.92032331495948,1.0028990629011052,1
-50.524032747855586,63.92985211291916,1.3824026638884759,0
-78.3552716893692,31.874670775326983,1.3069140263626293,0
-96.43405452766208,-19.216354327002257,0.9108312947307609,0
30.613846901480198,-0.12533141373155002,1.0300198093782778,1
-54.54303762345884,50.40113280775904,1.312998087372753,0
33.71415029378696,24.245931674612592,1.0173750818069134,1
-53.0500904274595,-35.51003839940867,1.4522826697123792,0
-14.509796812578294,10.993355433024538,1.3712987436935804,0
-79.96911531259002,-18.909696769741824,1.1566748245555218,0
-18.159129278437916,48.18296572346255,0.9523997852437988,1
36.84006320097386,-26.45967316956075,0.9774017361637023,1
-48.317984589463215,-31.828729895912343,1.0076756596271497,1
0.038563511917408776,-34.254039460630565,1.0679067581324635,1
-51.4056688005247,53.707808979067394,0.9971453869075563,0
42.48734925499546,-82.05952238020902,1.282433230260671,0
-69.95854202711087,16.814389810332724,1.354567329193903,0
-21.38493800060194,87.9677826108003,1.19467004859608,0
-16.320935210375175,66.06358074916369,0.960725127332096,1
-15.452527770341902,45.53540923694675,1.458435438293828,0
43.385557720071574,14.68466397554662,1.1454730501825519,1
37.67611946219626,73.11310904026318,1.289433597610254,0
-12.854643695335923,43.402813494425914,1.0648663535544858,1
36.4524517877399,60.10970560997703,1.3381061881173228,0
7.402386623519673,-39.50289496551292,1.0780565517074707,1
-65.03425815917633,-34.33018605619626,1.2882253971856346,0
17.521331639670688,21.36900604122928,1.042168683633383,1
-63.909074065492774,59.38918562107878,1.2759295574243221,0
68.26114804656423,58.347837515281604,1.2108600879262312,0
-25.39751576831481,88.4392168752845,1.1608441349542684,0
-54.71969523519474,28.901424006495425,1.0271427402855657,1
-5.107804808743689,-8.18612023372913,1.3255359014026018,0
-22.629755092918682,-78.75698583215622,1.2373210699317225,0
-7.329866228880653,-90.94209098314472,1.1911503889725281,0
6.450567868438701,8.861197613402991,1.2182808365990803,0
75.75388735688401,48.854185072558195,1.2726150588518852,0
-59.7489030552953,-14.99419458824727,0.9442464121495688,1
-60.438664052545164,-16.24487939520474,1.0078664768928602,1
-83.86190747291988,20.410030830101498,1.2778628671024952,0
-7.916341336717288,48.76415107738777,1.2535054803084278,1
-45.10411725684511,80.69444083497706,1.2178288560408663,0
-70.6785619170121,-45.14437522610432,1.0874544569075069,0
63.04953432032788,52.043869552026145,1.0125088088587695,1
-41.39323988647408,-66.80164351891617,1.3759183064596725,0
79.92756860566634,-25.039184062259935,1.323401973282515,0
70.02892742250357,30.079539295572005,0.8596758316931199,1
55.63720075921047,-52.489989703284884,1.2665065938410656,0
-25.658758520313697,-51.60236116274455,0.9746229226666699,1
7.9501893443713305,-75.35760136298997,1.282314986306132,0
28.285321162151927,-38.529515137157034,1.1382471140158834,1
-27.317234936928646,84.66387660393667,1.1379147297889367,0
-32.83181714111685,81.96173132388445,1.1470909616094584,0
-25.628483659334382,22.13352766499172,1.1185487209681122,1
57.60589864855557,-63.342496499925375,1.306746853579403,0
51.49503924834684,2.0376462103451995,1.3182585964318545,0
-72.28673597869694,-36.128623117144755,1.2957780685697469,0
84.19600005418339,3.4579142509868728,1.2619515898583926,0
-39.355992087302575,36.305618294636226,1.34202563075328,0
-68.1916828348479,-18.423717818537853,0.8842218401870586,1
12.407809959423451,70.95686192801601,1.0023034914318434,1
5.353441815104787,-31.67303869873029,1.1364295701752543,1
24.914285074337688,-13.490460043998121,1.2295272175431469,1
-69.9891767875514,69.11372750954595,1.217002420682902,0
-59.28497232101627,37.0788167085801,1.4050326552157875,0
12.704047846425285,53.90959855189355,1.1915446360005204,1
-53.71020766641152,20.44041420312733,1.028797506086944,1
-19.339182057968312,41.77895430781713,1.0390116407635221,1
90.67142903546898,3.0463888964348693,1.291126524490492,0
-51.536277326413376,22.695012398509068,1.2455007863993208,0
-20.195448258106595,43.119703206095544,1.226545131631687,1
42.64803055465129,0.1317586657177753,1.1462032523908197,1
69.65008474008775,-0.18799712059732504,1.1720410668623158,0
-71.93127923807175,-34.112525144576516,1.2537880009688416,0
70.54368144318673,27.984714237487516,0.886767308958857,1
-50.320562613217334,-37.14509774468814,0.9203202658292626,1
-88.22704869632464,32.0284427790976,1.025943723236542,0
-46.372623080673506,16.606412319430376,1.1767690146158853,1
-32.904867450834665,58.322078155593005,1.0835287453319602,1
21.768087648111326,58.984921136185264,1.1461972059397967,1
58.73619842348584,73.69487127415141,1.2311206110630801,0
-64.65791515867204,75.68707956704843,1.2259016865909147,0
-82.29544394852212,21.951915352263757,1.2028486178409965,0
9.797060202615476,81.01615401166981,1.2750218968015972,0
-10.662453975606319,89.67230557281788,1.136473141975612,0
22.410823417872788,2.9922875028407567,1.128280003704327,1
48.69607467369684,46.946255320444834,1.2432753370927299,0
-14.440964004401923,44.09344811244421,1.0803546442645764,1
47.05411264283881,-32.56266793012834,1.0734273569448323,1
58.47029089764262,-34.50437547867063,1.3036458803199409,0
10.784469743471945,19.426369128390252,1.008334487538759,1
-41.303058215097344,-57.59977479479974,1.3301656671933346,0
-67.1609269049466,61.73825440416153,0.9199218348700292,0
-51.291881069636844,-27.656465296762047,1.0181250440912042,1
-32.9660181625894,-66.60111325694568,1.2746862538200834,0
-36.63258178496447,21.39586277274319,0.9762641883081428,1
57.84614431955267,-48.970401474382,1.3244552746350173,0
-59.00423913604616,-22.729747104600396,1.0603124903441947,1
-12.542782251134355,-47.78340489165173,1.1299092907642219,1
27.284103850168297,-90.48019872767682,1.2129898142490663,0
47.19545105778063,44.74331470216336,1.0691832951658764,1
25.595120174982156,-10.561464254695249,1.162885073774889,1
-59.22088343692498,-46.33681410532164,1.3629112848930625,0
41.47439673305554,-65.31826897831262,1.3450768618448399,0
-58.051232087477025,43.934357395350624,0.9580738539917447,1
-47.0224182564817,78.90672990978801,1.2307887688687875,0
78.69022333573749,-8.532483071343142,1.2731845156138388,0
6.471058782665808,82.86385364714376,1.3812287039027333,0
-33.42069137383017,-70.36594665089147,1.0825157949083355,0
23.60408291944191,50.066915704474894,1.0047688434373407,1
-35.46282192347001,-5.902512770500139,1.1369756648338427,0
-36.89301069661444,-6.688139987310883,1.0369193654345916,1
-9.81762740897141,-48.82354850475715,0.959293173358432,1
-24.102797503248713,-84.79453460275181,1.2597345641175623,0
-49.70836686152861,19.305858153648366,1.2540185530932035,0
20.332273382028838,-74.96357698859184,1.2297650637632493,0
-57.60385242139261,75.57995804803207,1.1227721065518916,0
-8.56264218613949,-49.89694243480469,1.2408176631146233,0
1.007471748842062,-37.13666197645622,1.293565722909292,1
34.06095776740028,70.88779098030095,1.3530116461963257,0
32.91818587675502,85.34189756425705,1.1410051875502565,0
59.96459881121576,39.1120446300182,1.240411894759862,0
30.516300282818317,13.34969452322419,1.132413583821544,1
41.92634197448282,25.316945573773104,1.1760854803463965,1
23.562305781531403,32.6738995598151,1.0054828976590553,1
73.87895178806963,20.558268458653313,1.295829379537263,0
56.972079784827464,49.11200969509168,1.249069288717239,0
45.82063153508988,-61.52172438724661,1.1644411560745105,0
61.81076757924907,-5.805530128922168,1.282147754173917,0
6.297903540010388,34.02747882811583,1.0902961740865593,1
-11.077904402605341,-49.053322763264994,1.1109206101830595,1
-1.083221504394107,70.93758017205731,0.9943490511873838,1
93.3755360246057,-17.417433714084524,1.215205586413452,0
4.61704756391709,50.439829603703814,1.386993434573628,0
61.57827254075126,14.424171233281026,1.3925351030967945,0
-71.09316399599993,-49.63556161058111,1.1723875979039369,0
-29.731396479651025,-46.67434685447168,1.0467626963414802,1
-78.96237154841171,-37.29504782897411,1.2625213494531708,0
-22.473901399125833,-35.838187937026916,1.1634476042933561,1
-7.103784530304263,-68.13516976101985,1.0011873345902975,1
-12.097465506373913,61.53772414219106,0.994551789201398,1
-34.2481711001214,-27.06613617411344,1.0667972648820612,1
25.92432088647215,-38.72097959106273,1.1503688226170585,1
-39.944393034355315,10.20633643126928,1.4146483648665846,0
48.9635652154512,61.902324618501034,1.2512670776897061,0
-10.751916129515696,52.361945488390305,1.0882013997492823,1
48.5868113899309,-12.491364235244495,1.1920568936618645,1
67.53989705185543,42.130240569294614,1.342112333131207,0
19.82448067789048,70.70903465289979,1.240259586278535,0
-74.91926277752886,-48.47915491916148,1.145880040325225,0
-3.3231814247001883,53.167104873574814,1.105831495753749,1
55.82525023211094,24.16257728940358,0.9894355369434662,1
-36.99555458057664,-8.066785538357934,1.0378522314300065,1
15.238211052860947,44.931311822760684,1.06000931088518,1
-15.26395400755934,-77.8343383896512,1.3385280721088886,0
47.11652566540271,54.88303036792877,1.2998634739976418,0
53.82642406823533,65.26120650650657,1.1696311346926433,0
14.830883958233409,-86.88649991627695,1.2057253936762948,0
-5.218344317186368,-74.4069815794443,1.1848372247483645,0
42.74729589088312,-26.249968320441297,1.0527501621257607,1
-59.1313609985453,26.31124145604341,1.073821774156418,1
-61.02923669219449,-22.52742639386233,1.1086484054276737,1
-14.725532914806909,-86.62943645070746,1.2705266801546646,0
-64.58525641292664,48.6615704788234,1.072587847374353,0
-47.85571147649686,40.84237444976886,1.2310953585648827,0
23.304270517966454,14.884948489647027,1.1321383213545062,1
53.67433840658938,48.670365665751916,1.0238352426761035,1
-12.885635974274987,-46.23162524022551,1.120461924703444,1
95.15952497322843,4.373406700211448,1.2596205667141074,0
-7.756621938719266,-6.391902100309051,1.057564214500617,1
85.01995707606066,-20.59612898988471,1.291684649789166,0
-7.600981621013427,-24.933578896476604,1.138632850735989,1
42.616478590355236,-2.7990682400046074,1.1104668993270232,1
-68.72915422664965,19.668388410078762,1.0326133842516545,1
-4.554765681307351,88.80920518073971,1.3534691212249077,0
-11.27018635786015,-19.587050428046084,1.188545970001758,1
-17.829681254823942,92.33834828388979,1.248660020819599,0
85.43069152590783,16.893074595518488,1.0596595857432143,0
-12.958562087370531,-82.51926193956012,1.33684003186293,0
54.908656443590004,49.53290288230444,1.3071243179150291,0
9.412389171239395,-83.84671578640696,1.2039181393459353,0
-28.823168294506956,-6.679247292766746,1.1699257309666216,1
-77.6283494897262,-55.07833589602656,1.0997510432540278,0
-32.51096872196408,59.67028607759095,0.9639689594918943,1
-93.36015340996744,-17.103821367677465,1.243772177854812,0
-40.64358490187797,-75.12921967574582,1.075816919665388,0
70.96726392794109,-15.587270034086997,1.396590621310773,0
78.77295441672283,-13.74755955448484,1.2046075941816656,0
-38.11091178090997,-76.85525530149023,1.3220241904913865,0
13.652905643379517,-85.12879451048053,1.2030470115721292,0
-19.381607909200408,88.47502585063636,0.9637997261409389,1
26.59286045782707,-81.08120623095341,1.2185874872263605,0
-1.9998534278034361,-4.321209177787794,1.0758598077151234,1
-75.91665542666526,-29.81748270322423,1.3653314590492316,0
-47.49251990659735,20.728198651666368,1.1015142762837078,1
-56.905475090672965,13.966932746243941,1.2371423049610142,0
-80.79634199374063,49.50205207277052,1.2333258161063327,0
-0.7519884823893002,-71.84275149345183,0.8865586331385067,1
9.744517417628014,-22.120994523618577,1.0826112684237643,1
-40.08326486432663,62.07323109177132,0.963948044389966,1
-17.03003249784303,13.483989031998352,1.4405897938459113,0
-21.557003161826604,-62.95396911735757,1.286977832302937,0
-12.333539492026976,40.231383807827555,1.0745164085404884,1
-57.02579324785526,-74.98299969305901,0.9119076669408094,0
49.82598557287667,-29.657268840076465,1.324450829827212,0
-20.99301180003463,67.16420939435386,1.261909901067526,0
62.5529085934166,-50.00410079354517,1.3747641442236154,0
-59.243922796538165,74.87014887084159,1.1096226225799903,0
91.60229849283992,-20.91912238447648,1.2007939327225827,0
-6.6104286678409965,-15.53145442473285,1.177294658508901,1
-39.110773520345454,63.15228764849751,1.0640014370712503,1
-24.099911582537803,-51.94327460153108,1.425660021635863,0
-10.723355758871413,-37.74480855939361,1.0512480319649358,1
83.40347054272222,34.371375999940206,1.3558789222639556,0
32.33146179390986,18.237742172355553,1.0783386081634163,1
-89.77310120714169,-31.705266776546964,1.2435188740357426,0
-92.09159463434708,24.682575802731872,1.1913625801753205,0
-23.436974367799856,-50.13256549262001,0.8843413935004368,1
-31.255267319625105,-63.805625914476245,0.9332056066540481,1
61.8886521006394,-42.512415537741774,1.263135946630375,0
14.787290423022439,-66.61637099426952,1.3662946825590594,0
92.92787193564158,3.237131371809177,1.2112675148642775,0
-79.74559341485792,61.19654418258851,1.2385458386675898,0
-29.358883666615593,-12.05270428718407,1.0375471001381142,1
-91.93886857488553,15.373198503185046,1.1209470178366323,0
-61.96071766353504,-24.530490952607618,1.4424890550552116,0
-73.31887703295676,-33.43961481608928,0.8798163746521639,1
-94.99461521831851,17.997151252504153,1.1299711306818236,0
18.37480799854504,9.11862456490765,1.1883096905331032,1
39.72346176270497,-3.463104853108607,1.1729233885695989,1
44.39343117216277,-78.87523637505548,1.0919329169131218,0
70.96742098485053,2.8706861907083625,0.9575521233141211,1
30.551024137704985,-11.751312077972482,1.1853283543860973,1
15.355604810389506,-29.69351854127884,1.0546061796606332,1
14.513377710113486,-40.79119745582848,1.1125822915491308,1
-65.11633599810042,-69.55360136936211,1.0525712508836218,0
86.27262213354985,6.982446727722106,1.2252183891541253,0
-31.78860402827497,65.61669197090878,0.9819758028813791,1
-30.047045966086035,-5.853441211684613,1.0549136928893912,1
-30.803676352687635,-59.96411861422827,0.9335512120825897,1
26.6063721523333,6.221961200334074,1.331182941906761,0
91.3039349034342,-13.089299521588755,0.871302909577452,0
85.77394309919704,39.812242686495814,1.139826226194073,0
53.365170069431876,-40.41583381294192,1.2538274630433044,0
-29.633916491193148,-59.61597579830729,1.0886008727692709,1
32.26486340045486,87.30130529944387,1.1351414289959856,0
-6.571622618112787,96.05352253512885,1.0863484895428692,0
69.56394787755951,46.21219887109713,1.1482049872976974,0
7.574854742196311,-82.51864256019897,1.2317609142653259,0
-2.9594385435965878,16.563961356714863,1.391921740455391,0
23.340127366280022,-2.0736652090129133,1.196311384234621,1
52.48195981184234,63.8939547203442,1.2074920253328376,0
48.67370783678475,-25.45230350060317,1.0670167943100453,1
58.23994131837965,30.627864230647535,1.318059133598432,0
-52.15179382496164,-27.071585366014805,0.9732891713416318,1
-23.166258514139695,-53.51651366337186,1.2619312527030124,0
-98.03348357357227,3.9077212430627974,1.1785635902027836,0
3.1332853432887506,18.65820885068074,1.0704350427258686,1
17.83520509318971,49.50045923206089,1.1936959670468485,0
-44.23602088467851,-24.07556776157489,1.196673797888709,1
-42.64686196338106,67.30296917384236,1.2130349940539031,0
-4.485345442938195,-30.60745040189581,1.160688577707356,1
-4.547739869687664,29.318598569344726,1.1133913977060592,1
12.880212980411596,67.63075902514025,1.0223783302803249,1
-11.281951497089185,-88.23968805076028,1.1639156617443083,0
28.835177402094484,-52.737668449468664,1.0740327184957696,1
-91.0016650232581,-26.80986388439893,1.241588016608709,0
-11.204628387600584,61.228573321653236,1.0771547213199049,1
39.963433888815274,-23.281390543857235,1.0588607697248333,1
57.489519478662,-40.73270946275375,0.9662830557675017,1
-60.67568856481796,-47.836860816707954,1.0942005930283003,0
-38.02763978304781,57.14068037710919,0.997012809326268,1
-53.40082312761966,77.89186682116177,1.3539162622598346,0
9.354280970327519,-53.01898593007388,1.3800925928469783,0
-50.969779336346754,-35.35849844194488,1.0071953599324848,1
58.83056560558959,24.13883028469652,0.9711203806232096,1
42.54218174850301,48.699087448065406,1.0617111375649708,1
-32.72767077925477,62.318013266390714,1.3627550557550077,0
57.6132842497219,59.30917494177694,1.2768774504628304,0
-21.608610214539606,45.878669861849154,0.9449509439205325,1
2.3964885474123516,-70.6717256580813,1.3414034392172627,0
46.34322435399573,-76.64248044894897,1.3323358664558111,0
-31.56262769139534,-9.713184564195126,1.0569527644579637,1
1.8281099313257005,-13.721628917161093,1.068809317939775,1
-9.543091931273732,84.43756387971285,1.1914169833598842,0
-41.057096651235405,-80.5143746683681,1.2612741479842686,0
-22.515619110097663,-93.05688102792276,1.2323535551681963,0
-54.84958415488016,44.071082573966876,1.3358586799988899,0
1.464587091891545,28.715217334665695,1.1343443827512874,1
-13.905673196702958,20.02551442330205,1.1944924250399338,1
-20.134764075568583,65.37032244615585,1.3894829829578268,0
14.247289477883424,-80.6498006484545,1.2770554017541291,0
-37.39053842991241,47.82437862306395,1.0661908513852427,1
74.31735062901811,61.38732644571319,1.1383997450334178,0
9.528768341132993,-27.411770631857593,1.1316093443813968,1
-82.58065608159333,28.607426249538705,1.2414384534054461,0
61.313446875513534,59.1762164518808,1.1878109505075398,0
-34.91560315645491,48.26123783242135,1.0658882541276389,1
51.740077103524676,28.77718243114417,0.9681265269008938,1
17.67172933614855,-41.41873404317907,0.9677034254717879,1
-21.442263135170965,6.462511347481752,1.4244566247896777,0
-64.17307116605986,2.0561126522986735,1.1178627344150605,1
4.548566230657339,-54.95493265789088,1.3439967480222954,0
-52.57822172813837,84.2091606855766,1.2604411772532185,0
-91.8092604970965,-24.85028605455989,1.041538602048758,0
-56.02314193800286,20.403954155496336,0.9845975690843684,1
82.72673294029526,-22.908982454632888,1.1089313096438993,0
68.98463118087328,56.14688687814287,1.3270042264623128,0
85.63502670472579,9.238982871942166,1.2254158363956176,0
61.87074761296346,-44.725410214487425,1.310991191252168,0
-59.39349995545851,-35.14262640692004,1.4620146537939371,0
-70.49041006627438,46.16064278831273,1.3955013158829312,0
-37.3635061642056,46.62328590813661,1.1262219296405978,1
-59.368194152769064,-56.9091053798983,1.2245580080515266,0
-13.249880395432303,62.689206505849675,1.342360878245677,0
-5.950921200142491,-87.09604873500271,1.171489494722928,0
72.08030776784496,-48.95543319502369,1.120957863800214,0
54.55959446152475,28.700893744524954,1.0757290244749138,1
-22.92036439412592,3.001840202058106,1.4967417780301127,0
20.194024037495996,-45.52663603798555,1.073075133553318,1
55.13782216440979,61.6870551883393,1.1363956644416406,0
-40.87594536416124,-8.477774914555559,1.0683340556023881,1
45.87726558830595,4.9237341108823145,1.0061258039527203,1
58.57534527217259,-29.188546881589545,1.2718321813054534,0
-19.379369848240923,48.550256394259186,0.9468266332930647,1
-91.56243094425551,-20.977345373318183,1.2194031444902873,0
-53.737686746427535,56.62768169835503,1.3539923152079132,0
20.45794307218071,11.867920792579843,1.0593874148810887,1
-46.56758305758927,-21.94692311565809,1.0909876190887808,1
-39.82120827197885,-20.406232908473275,1.0457512700809772,1
66.02407719698982,-35.16185601158406,1.1756664891481163,0
8.300795940220357,74.62039556016903,1.1986321149074721,0
-42.85439125235213,-39.70320142138745,1.0658424433457632,1
-3.430947450901182,-29.672212200944468,1.082225758035639,1
-14.58192632007278,84.28153905853685,1.1617642628484994,0
-26.695591124820155,-76.59897917518819,1.0470885242794137,0
-3.5261151475219608,-67.90904944323076,1.3773942023333112,0
42.89785504489878,39.22873249797516,1.3827331624770764,0
-52.97662449652827,-31.757052063978918,1.0099335137423209,1
79.67391695275654,3.6346109982149506,0.8597726925291239,1
53.617658313049965,-29.96300306876897,1.2920260411278766,0
32.00052805513012,76.53191873043833,1.2145778236199996,0
80.73531370583324,41.082841666194284,1.1915741635375203,0
26.155099403102845,-27.00891965914903,1.0924787038528219,1
-96.61235601402049,-21.39897659668681,1.2026887202535241,0
-17.421066508685453,10.632281598226484,1.0359379181262085,1
65.0081077706888,58.24885497495969,1.1893566535345552,0
21.09745464481091,10.307016738780321,1.055154056005667,1
85.03504326475053,-16.814524358280917,1.3554927240024333,0
-0.43411895480927865,-51.282344983809445,1.3600744689589093,0
-30.455533536766655,-62.68469647391615,1.3238074537900637,0
-30.088709886820645,-9.522130579848254,1.1809033269453881,1
-46.97421386658494,-37.82502066418179,0.9528538168551025,1
-11.038805286355753,-1.0508556997491612,1.1758552700819078,1
16.514823978626545,63.923841442080175,1.2373942568967116,0
36.08194992551531,66.0149478758012,1.31668414884034,0
-29.87679730277098,-80.74660640557656,1.263272857227175,0
-28.760261256292523,-23.100558467783582,1.1447293106592589,1
41.823092762218245,-31.14485631229018,1.1737968448109177,1
4.339964535959964,-27.348480349840315,1.235530320146359,1
-39.66124874928404,19.40179434138406,1.2413357104418214,0
3.5759452300853005,-2.7226249663811135,1.2302194047795403,1
79.12589920251857,6.210867836030158,0.8458871204104542,1
-64.09958320931393,-62.361937507069726,1.201773712900482,0
-25.42048021989917,54.22490861055019,1.0551737603667466,1
-66.25723519051974,10.621837313748864,1.3344761862462047,0
-57.54690807337065,9.386663249473449,1.1322793865133054,1
6.1902819999582865,52.11062215281796,1.2161577127507865,1
6.144626608352217,98.29031438509155,1.205778422203922,0
0.05160705271300124,36.921159998094254,1.1385411670920247,1
-11.517524744640715,-57.734564001371616,1.0637180592153994,1
-17.364097684262017,94.62521736732026,1.2078200474193344,0
-81.10477138803509,59.01063359593042,0.9905510817860416,0
69.19686609245245,7.112557729265464,1.3434884931681217,0
-66.81929583070934,70.33210587755138,1.2399646626179663,0
8.084903492354895,97.89616180437976,1.1557841871749028,0
67.34153268575977,-14.464530595018111,1.102131284035831,0
-80.67850201634057,-16.81701018676617,1.2756534839253415,0
-38.66367900555833,-88.66454030069774,1.0983506800595675,0
-1.4150320905174956,95.4540218774805,1.1999209552285444,0
60.90726915190508,-16.965315913297985,1.0957318594034122,1
-10.172306783885189,77.20159307468111,1.183549725373597,0
-82.06700971141895,-13.865832072500497,1.2774855108398293,0
-54.48646982181603,-66.80709271081754,1.1240793619034748,0
-92.10875917788678,32.500155815681346,1.0838199958007777,0
49.627196888863764,-24.738803891075968,1.063291110247338,1
25.57860238489688,63.57380991614572,1.2832268936983195,0
-69.90508804941169,-54.27645969583935,1.2449387359272557,0
36.64863408426016,38.761981026147325,1.3158809720050024,0
6.600787789861644,-30.434644967811387,1.1449135367696506,1
-61.856363329644154,-20.76890223819261,1.3082818071261673,0
60.10536512811621,9.856420465602609,1.0288390147986932,1
46.893737906188896,28.522791209222223,1.1391561811558095,1
79.13895455811561,-34.92438175763223,1.2292351166840179,0
22.869296787956955,94.55149300630171,1.196305508753787,0
37.980333318060886,81.85124308150463,1.1177263497186185,0
-9.497941484090951,72.63227885338392,0.9614015688698858,1
19.132488572054196,0.8773198961208502,1.1381009758695249,1
-80.85442828356621,-18.20438784450764,0.8644433682879669,1
23.691323413313878,68.51573491259767,1.3574151902103717,0
44.4406275142834,54.52389446053488,1.2651835681040355,0
55.41908561608358,-59.81184893670742,1.2208716315147792,0
1.642857720535185,-41.41017656400538,1.144943424282803,1
5.530929779892323,15.492052575599867,1.0351652369512359,1
-10.450711729615414,10.913473872624204,1.0890291263340934,1
-60.099711079376426,-71.20473397501141,1.2786420060357973,0
83.46077460761454,22.597452834550413,1.2052515278043237,0
-87.58467023103215,43.0722291857427,1.1384626629409054,0
-60.011466037193514,68.04938737117692,1.0899339030089825,0
-5.082100565255379,77.19885516509687,1.3346286003300705,0
40.64915518693272,-14.56977684629269,1.0247458778464429,1
-68.10195693638099,-50.46156045366533,0.8242890009810501,1
5.22882658088027,84.39148966476012,1.362505693471734,0
12.448963557962173,-86.52544092765443,1.2407630774760665,0
-41.45336509171017,72.55122212385102,0.8579104547750176,1
20.293244740033483,-33.66715101363762,1.2338445037056145,0
-46.73190646670394,87.94923072921968,1.1665025033611132,0
-51.89457772096356,11.493627882793328,1.132849033059389,1
56.00795025148996,79.79433340908686,1.1949844551697053,0
-40.05067339733092,-65.65325800705034,1.1216900178976474,0
49.56250970758296,-26.469185990337362,1.0885662369570854,1
-17.882286111217564,-80.48282064185216,1.1962860223586942,0
54.31129823825485,80.35577738442088,0.9587258285720693,0
-59.27392548166494,-18.337552471597412,1.0604265710853245,1
32.54083493119372,78.69479469429305,1.1413761922390637,0
28.60938191862572,57.658418479071656,1.3202127038062017,0
-18.012630781498373,-24.2491219287803,1.2684735280469204,1
-16.704054234779367,28.339472923531645,1.2232033246716838,1
-72.40469495632664,13.565282427414827,1.044535952908186,1
-38.40670587261823,-65.23868706532271,1.338363068147014,0
33.50327521671481,62.743292979037406,1.315507457060432,0
39.27693688787192,-34.66859721374259,1.0445454717557743,1
-45.531112159904524,74.93539649169838,1.158419883211186,0
13.816941530026838,-92.09826507965171,0.9614503952247992,0
17.932418676710167,-12.01677594858103,1.0733443930602509,1
-39.885230379426126,90.52310030201146,1.151467827634398,0
18.399460125557546,-6.85279826693476,1.0856800866876057,1
3.42154759487131,76.3769635280066,0.9687793675634337,1
-52.07221832417971,-43.47806423973057,0.9846265239653262,1
-16.89825546854813,-57.541442492922215,1.0923125094305817,1
70.3054739114982,18.48910812135431,1.1828497192337204,0
38.839405127660136,67.4629667232869,1.183511530001134,0
-4.717721981080205,-0.5245351759876025,1.4750492277528549,0
-36.4060510930646,-68.20753502947008,0.935976300844291,1
-46.2660913790017,29.42781594416794,1.1613759863100246,1
14.099784044799378,92.5650822541079,1.1790585771449928,0
59.87155358317163,46.45371987779394,0.8986865122132977,1
41.17387603908881,-48.3127533652379,1.009649966371002,1
56.651669624776,-25.36745226288881,1.362827957209775,0
18.95453321787148,-46.19568461422896,1.0709687732227366,1
-58.6383907712012,61.834341821355714,1.2561511017181561,0
59.549708614035445,58.39147348024042,1.2293158401284772,0
-96.49892200260695,8.018077193475902,1.2892389908504889,0
-75.09858310794478,43.77074293160653,1.1651274997993877,0
-37.23775346841109,8.99163371085493,1.4124804295853577,0
-83.69005151924253,-33.53659745766725,1.0929134996065306,0
-32.282733621168724,-87.90679395228955,1.2851711027796306,0
-1.1477718941731394,93.32243030353176,1.3243266664919209,0
56.4535252832697,55.706266288191024,1.2137537977551207,0
-5.478027208516489,-83.47594368745112,1.1521580974013388,0
35.792723586134805,76.75102959360537,1.26289234187331,0
-96.95103966804345,-5.208444816548841,1.120689204294479,0
15.579074518994485,-70.66792773645307,1.3187187812817762,0
-7.7994702852941575,-38.01398187257706,1.0306108455827214,1
-39.94491200501259,52.53176684119539,1.0225487091210728,1
-3.1847914037263654,-40.37560077705291,1.3957617952800008,0
40.64155934367626,-85.33702023332394,1.0894189387332391,0
38.53940972245163,-61.70483269383313,0.9433227536845767,1
32.541695133072466,-80.31722145777331,1.2235046461330175,0
19.972685547220088,-10.608179403278118,1.1484960279687706,1
17.396000225939137,14.354624586053525,1.1019568971952465,1
38.594702993215556,-63.17440495680306,1.0474714923550263,1
-75.22205775999142,26.073575960374672,0.9929184942137428,1
57.71511602337878,48.01088370302164,0.9852197516211028,1
9.742224769815854,6.177921637840546,1.1523050755538395,1
-22.82638542910768,22.267214506305397,1.1988662450154561,1
-9.746009458267682,37.71281920807927,1.0438321283725422,1
63.60877438877142,54.83968465424265,1.2425149668536386,0
-16.626107255873904,-76.30534557730284,1.3171158169493937,0
11.375418992075433,-56.27380476546596,1.2983621507532177,0
-75.66378735438576,1.9931737732146613,1.024055445523592,1
17.736715995120463,-21.208860345905624,1.0376993544504034,1
-12.921668755722795,-17.16413711053578,1.1944657882941652,1
48.0605279643049,72.44644017892936,1.3382131391792282,0
-45.80079850552331,76.69499199035039,1.27405968869113,0
-61.27035045956375,35.33510324471501,0.9464608918603258,1
37.35804510042647,-30.37197926094561,1.3106470334996079,0
-44.727449966247974,-0.47752855105310726,1.4595348892691435,0
66.80665677546541,-19.697084982050413,1.216545579261759,0
37.82919837797284,-45.41174890873162,0.9002116183535833,1
-85.80060039022189,37.666910265320446,1.321762660377382,0
-24.01887021726776,6.669421659286063,1.0904167238044296,1
-40.63721886181543,-59.32552522045323,1.2994749158866443,0
-76.62269528345402,53.4713121698949,1.1706774963525142,0
-43.755855078823856,90.14366984601027,1.1612364211613477,0
-74.52314844315991,-60.05009475311658,1.0454040825671211,0
35.97011574095485,-40.045707639336364,1.0221936505310325,1
-38.72740684304895,-45.920340152859644,1.007311078063218,1
-45.09292338257243,45.46232123357067,1.0929966443528079,0
-20.214166586131416,10.772533418354659,1.2280559982257255,1
-15.89874836140954,18.52153745852345,1.1801348689754636,1
-62.72837257264079,35.70805914860708,1.1385195333790052,0
-73.80014966168592,61.11159733550378,1.0935671110053773,0
-31.07559421522802,1.4182238922254284,1.3372735196023993,0
59.294951475415964,-6.853649414056873,1.1257934659827082,1
-33.567210015618926,34.45749523040166,1.062524682469458,1
-44.889534684850176,-21.546558877348986,1.066466482923189,1
-78.62601413855481,19.74185854916276,1.2464263589998945,0
36.71330903641564,-83.63563130012224,1.1706886888519332,0
34.822851261412204,-42.892266130128164,1.0209305627831249,1
45.93738126207849,-82.0692884643959,1.0873442394377224,0
33.93246953060966,-64.33948768141572,1.308146739973243,0
-74.96413668230548,15.643639186674372,1.2721030015281505,0
-99.51973889304712,-0.8720427839637236,1.3831310003167612,0
9.018639646432778,89.0218587450722,1.1279577564017096,0
-48.52735930905824,-24.160040216251097,1.2875692719874468,0
28.15708286460501,-72.7113383155462,1.2468491822909025,0
-42.31754540413337,-84.55018888283567,1.1464897437466868,0
-72.91206359166418,62.84445822634295,1.1879111461952871,0
-55.85185567256974,82.51820280085255,1.1640153432751656,0
21.04858327593448,44.1190223771609,1.303108833397418,1
-22.415981875450143,10.188526877250148,1.2426787867491127,1
-93.75792398429795,-28.13439575445835,1.024992249322201,0
33.502050978241265,-8.68643105939436,0.9785201346195281,1
-6.34176953481642,72.4315306237374,1.2142897635454517,0
94.66595007678299,0.2851289662392877,1.2625785030786982,0
28.112127568390687,79.77198749811144,1.0826144874049952,0
-36.63513956891818,80.1072356460901,1.1528414811489587,0
78.24857930639772,49.90047028200601,1.1012766122669981,0
36.43346217959878,25.221997533067384,1.119534951975382,1
-80.69896912614918,-20.443481755211668,1.226189957164413,0
-89.03581043851621,-3.4924440214448405,1.2248409527109883,0
-51.74993754601287,-48.610684040165474,1.154665316229115,0
43.63273911937546,-37.6725341108084,1.432420296032498,0
-8.858245277669184,59.38918562107878,1.2943687220938367,0
33.768460573070634,-74.146064363585,1.2596225674430215,0
85.96342410720645,-33.53510541702761,1.1459830001380062,0
-13.76647514016548,-92.64534430982187,1.2321449476552941,0
29.308269057224,72.08484465159997,1.2293435955961307,0
52.78585818757518,-71.63890276378918,1.1150265394264016,0
10.671074654857684,-53.301659811260635,0.9527434497072943,1
17.388573179199483,68.49593855639822,1.2522954289447046,0
51.8454281469512,-19.057337743514037,1.124808066344599,1
78.98181070645985,-27.12018326113519,1.1191022919425702,0
57.33375043588135,63.92976369569606,0.9965787975419471,0
-41.20270226424707,-22.553387900992433,1.1803699158445236,1
-1.1514823636586158,41.093037277231964,1.0828510108708023,1
-94.32084107682935,31.26123548218375,1.2169419131670334,0
61.87528341650804,16.451836909161464,1.400706648147017,0
54.07395786175996,-72.94101217364671,1.2338455409261584,0
-0.4086893926028929,68.954074319958,1.180735671784953,0
90.2320214965196,0.48153648433701096,1.1897714441604648,0
21.313434565329427,85.22772608110934,1.1461697216694997,0
-34.68337989331094,-65.33944369204808,1.250026603169512,0
44.34833085282755,-3.1180936567758493,1.1360404856918664,1
-62.448295229710084,58.12052478004105,1.1643270699556956,0
-15.676871000921372,53.709732926208005,1.226445218606974,0
29.96813359447729,24.321257120239135,1.1417098105835057,1
70.26705710859353,-8.81079838532796,1.1180843174611588,0
-31.71264559571038,-90.29178878951122,1.216107638169157,0
54.021369780656705,-27.02392412417322,1.3938956927413502,0
-7.523927772723048,58.85320611903785,1.0990557692784935,1
-21.963076942316828,33.1927716126637,1.042423733624363,1
28.16375911424689,54.41173804716864,0.9648948762900549,1
-75.00347868223083,41.03497934292986,1.3292172038933132,0
27.775369458507345,69.03832721012536,0.8740599473981424,1
-22.827407946469148,34.50601695327265,1.2037733250051317,1
-82.63897670863021,52.75996767502869,1.1051665297730977,0
74.6724563012575,7.097935730996796,1.2499361437822423,0
-85.46512578111437,42.79250400147229,1.0859756915568766,0
69.34785013472553,30.811738607372117,0.8708601347558252,1
16.909714340660738,-53.04526754774123,1.0267482731633994,1
-55.242230821675506,-24.738492895012115,1.0473124574984876,1
-24.199193986003973,86.8137451727049,1.1221283388648255,0
86.51553765527882,36.11756446299198,1.0539529065122568,0
93.68940947812469,12.650117359304456,0.8545746266395925,0
-26.887765959208526,93.46381293340788,1.176687731629381,0
36.54856841971584,16.129188859452544,1.0658470245125546,1
64.47171199151325,-49.37441317021113,1.2615867506228944,0
82.12689027575736,6.384939243990619,1.0222205678181122,0
-46.51884306336033,19.377629134161314,1.1318461186666187,1
8.592927749676821,45.04204985270159,1.4173609553931301,0
-91.28043526335952,-13.574958749798512,1.192845244150789,0
14.246004027486196,52.89507873695293,1.2327930157092917,0
13.616133332835318,71.96915411584777,1.1072048642943646,0
55.418208981058584,-62.273001769416155,1.3221464405682943,0
-11.282191979494801,42.83260182867105,1.3025354389836845,1
-13.249017414299606,80.40541256191356,1.283293419930944,0
49.68284689040681,-32.81471308936053,1.1303665194846932,1
-37.06262730970912,68.40493971721789,1.2191029330271836,0
88.68764164178809,-25.81304908646048,1.05840092615052,0
-59.77876257706206,32.42194020048579,1.2879176551086946,0
-92.62365598384625,-14.97429801374712,1.217752067981738,0
43.921140628084395,5.419330329752224,1.0292647412464173,1
-66.90509166993269,-40.52581316072071,1.3045027002355445,0
49.45577585846963,-7.07286944825048,1.2900140976856709,0
-29.19748991214053,-55.37047268913668,1.237382466442177,0
-56.47260631828152,-30.904997917045307,1.0681826104541683,1
-94.99524344595628,0.0656497881451112,1.0137943430704046,0
86.62599485582241,38.34481621165792,1.0802526377675257,0
38.04378094996777,89.05594509168556,1.0872416708900674,0
-22.847916723261562,-48.40299198312462,0.9907082035660789,1
2.025705407986676,-46.019946311801,1.233376676224091,1
-86.53170030365594,-39.77344210380843,1.081089391521767,0
-23.700829975655758,44.3871096315579,0.9814554839937798,1
-23.334138336020107,-73.56311260843363,1.3784602521094367,0
19.37623656289762,57.852980578483475,1.1017114118062856,1
-45.376135610840706,-59.07629736103702,1.2998704869428543,0
46.79561660201749,-16.387082345400167,1.1027968661767955,1
1.6035993705652205,37.21700262628413,1.1367202135978667,1
23.840214568501352,19.80781256148627,1.0429760461717585,1
-31.77151338094793,27.76874135489655,1.1043270973554866,1
45.55467069632022,7.5528667748749925,1.1365409997788865,1
-28.1473466672106,66.57186926040833,0.9440936223527367,1
-52.93163373262463,-76.13744127065296,1.065833474915865,0
83.76203239875049,32.487934840521525,1.2655525199526583,0
-24.215819581703066,54.939920433608755,1.0522271556784428,1
61.72870534406772,64.13984301776038,1.0683337699465856,0
-25.564394775243077,68.31204773568099,1.1403156686719311,1
-90.4242940552072,3.462860542360596,1.1692895033323818,0
29.93820812689601,83.95871407101812,1.105775570452769,0
-51.33427257722252,-5.2565469406232515,1.138264169163014,1
77.22086171379904,21.04314436552726,1.2327724929881438,0
11.595316656612011,-69.68426603474181,1.2690556879131238,0
-21.03777301922447,-3.219226884133245,1.1023784798117122,1
38.978069670512056,7.95948008101112,1.4088507816030527,0
-18.829335848432688,69.91442008541247,1.2583260071808646,0
88.89005187496451,-16.553773125663117,1.0934329357543633,0
16.57623994205057,37.70618791634745,1.0678552260939387,1
-88.62105932824319,14.98885376095756,1.2363366469378188,0
-83.57934210377965,12.441231669751863,1.248668677372733,0
-41.63214666718018,-13.181915750118328,1.1605264000993614,1
-84.4483065723184,27.648109869179923,1.240983642654343,0
89.85870703884225,31.826345874455484,1.140462817816981,0
12.67321765909025,-93.56358656865301,1.1745553101360366,0
-63.87963113020346,-32.396380000838086,1.3542112307855203,0
-22.861127331735975,-3.2823281055641043,1.144867758179835,1
15.835888909658241,-88.8740941851035,1.2568776658415635,0
94.02227164720632,-11.432257333621122,0.9207458956450765,0
67.50236005932436,69.38802814773997,0.9823679155121287,0
-62.443966672249964,-30.609787584436262,0.8666819354180162,1
3.682984526321873,-86.50725983228723,1.1749301070120588,0
45.65644357363607,-15.487381839684408,1.0416833079987775,1
-52.38514360428166,-0.8231225280207112,1.0974861662939623,1
10.042860674228123,21.55155396992524,1.0527826660739887,1
-63.414780664124045,69.64637514221833,1.0204591258016786,0
-58.94123560865819,58.69530226850572,1.1975253440573763,0
-53.373277761964374,27.17543139453523,1.1084476367286913,1
-87.41048728990408,6.010458667213037,1.2694137895412887,0
66.56978040351281,-12.050615430288547,1.131591719156415,1
-74.25886263594339,42.32441841714445,0.8929280362299988,1
6.924560608668139,-42.83201064275722,1.0998296611376284,1
-52.31333209154898,26.36137402153601,1.089959174501091,1
-50.20418344332375,-67.52229914787257,1.2275779133692877,0
77.99791647893463,-46.17133323437739,1.1894448506485429,0
51.6288691055375,-56.62677895107727,1.166139948439826,0
84.01382433804905,-4.173071886839389,1.1498469482271285,0
-26.280430816834397,64.34201452443449,1.0795861781970908,1
-5.153332835197249,92.05960960387442,1.0980058061820495,0
72.92309362117292,11.207266943679132,0.9209046329870056,1
11.436932810798757,40.520881721235654,1.3879433980750173,0
-55.47624122353791,25.12325157073344,1.022739667979536,1
-51.64489788498072,74.51091803467018,1.1080407483595387,0
68.70886068439626,60.01739960170834,1.064098109172161,0
-70.81224875832577,41.196435693560495,0.8834853051053965,1
-26.102110018620753,-44.46316213029283,1.3491060530781356,0
54.816246842810166,58.05629598298133,1.0233286655687253,1
17.170403681222353,-89.72629824812915,1.1549610449181564,0
46.30100512996975,77.30262554085245,1.1600385601351646,0
-38.0081135120679,-78.96423984277789,1.0909096634491189,0
44.185387763616454,-29.00815785560876,1.1030207974749453,1
-18.724513211493583,-68.92225103925398,1.2149089483074975,0
12.639191030927847,25.692939814967755,1.0843398842157264,1
-12.436732593361508,-34.282962094568596,1.0719134446281868,1
-71.21862637254624,15.168898983145779,1.3427899151298182,0
-78.26377099291065,37.92072828921315,1.2335109681436573,0
26.617258991237936,92.1303389127266,1.1909586265806107,0
11.967621579488254,-40.73270946275375,1.1593747622488941,1
65.01175426656246,-57.51536908274413,1.233625263583953,0
65.88110589392235,-44.97669043807728,1.2174256950202849,0
-27.26208911488676,-88.50904437722063,1.0426517655912466,0
22.692698587794034,79.94408838036608,1.26262091828517,0
54.38170471300257,8.32443164107296,1.0789927915321744,1
53.54516084365336,-36.87250191982202,1.1331766656036972,1
-30.989841142674848,-50.49536695342187,1.0931911914947725,0
-29.916875120303395,81.99607746449855,1.1109476904788576,0
40.932311343881786,-63.66835817562741,1.2042008773883648,0
-92.40343321480643,-32.388675645535116,1.1961836477378307,0
-55.86647767083842,8.420704360088518,1.1035683307959923,1
29.254080674098706,89.62924790960744,0.8704599079029225,0
48.147315899112265,-72.66214042500344,1.0738924128576561,0
34.304998387092844,68.96808652770437,0.869091627719109,1
-94.6355185794078,-19.340525694327543,1.2389647882545873,0
-48.21678531129488,-22.2092380700214,1.2391736617751585,0
82.9944621730324,-2.331164295406819,1.234872838817565,0
29.197577495238885,-43.08615489837953,1.2867034101289831,0
22.77242640661862,85.3098871746218,1.1265480815092095,0
55.66423834413525,-49.67111801479022,1.1502928800928929,0
44.52846085005212,-14.561464048443144,1.2251529038151816,0
31.944765629341557,-77.86029767169998,0.8382176211458606,1
-31.436699461407933,-27.261372935379725,1.106574903593548,1
76.71356789631416,28.44306912199147,1.2929126732917893,0
56.816147973977024,62.02993478520952,1.1990472928943368,0
0.08355427582104284,54.83667122134418,1.091022412631325,1
-50.811083835925295,-32.218816874782945,1.0332993940111357,1
-55.607148309447076,61.297727818024256,1.1566926633300982,0
62.84034899966322,-52.55084539363697,1.2317934737285792,0
14.561391998190919,61.2023302181207,1.4081669841649755,0
-82.79129335498338,44.06608530866656,1.1546731087321624,0
-53.409086737316244,75.49128820430361,1.0351543955400162,0
7.82569347339799,73.10832025788775,1.0174412458825597,1
19.958388190760907,77.05324160536622,1.1827453159851615,0
22.870258410057197,81.54715680402809,0.8780528226636362,1
10.317536889731164,-86.05594748608173,1.1559004791303151,0
27.56037787956786,81.30875465834308,1.089742171023459,0
-12.086961540270691,66.62116628314273,1.0461899314205885,1
-41.217687541975835,-77.03522590969229,1.0912053221538982,0
-45.499945088764925,-11.521206254878035,1.2880526347334194,0
33.16640559673795,12.983406081746129,1.2948181622184012,0
-76.858539990466,-7.386957566905001,1.2896116712653323,0
-36.267777848567285,59.1877601347245,0.9330861316527196,1
-8.671514984030082,-47.96409556069867,1.2629775706895887,0
-50.02513856656439,-18.769871246939285,1.162306381969487,1
21.374702923671617,-59.931203293450274,0.9938093765546265,1
-75.0891832519149,-13.120632375021643,1.264191009232804,0
-34.917331865609825,30.706196364229754,1.3696466650735597,0
-39.038228749103205,-13.10966587632012,1.244055199677131,0
69.01422501517699,33.77199556166307,1.1893630103020094,0
-14.294377555593089,26.493301825463977,1.3475846682134598,0
34.9734325936611,42.11732317635945,1.1907956774308786,1
10.955440047357854,23.672892323059255,1.1347714222236687,1
56.90046183412371,-4.541420638743226,1.0867195199986681,1
-47.87063188289346,-5.078906337407112,1.1606971270277555,1
71.61496662246356,-36.95486256313132,1.395716965363744,0
-9.113943742291154,88.70722467518364,1.2606896285480755,0
-57.07881807674168,58.457463627788734,1.2180812953003766,0
46.866854504633785,52.277387987988234,1.2684635941732414,0
-78.96296836466756,50.5921140096357,1.2074215346028663,0
67.32803545658868,10.252109643240786,0.9900114249834465,1
-14.188027591202198,-79.58033215162685,1.1731417380748879,0
27.73782077585093,14.16904614186154,1.1766174870948762,1
-72.84348201535434,29.60414427796958,1.2714200666774356,0
-66.25018529849734,48.728853658826644,1.1354093392933229,1
19.280634926376827,17.047986951531072,1.181013494522358,1
-49.450677631470384,-69.12133680357468,1.234029418371257,0
-17.7141491992577,68.29405143011954,1.3470836426695005,0
19.59347768003231,-67.62047542196228,0.8894470182640835,1
75.27162131787091,-11.530490063302603,1.2914856257805332,0
-45.24464035708956,-56.192707968345545,1.0773445815249627,1
-33.14319607567655,-76.1365128898105,1.1683766751767117,0
-13.860062848693806,69.40774116952458,1.30905163961795,0
-77.77296265941646,10.036153976503353,1.1343873924609522,1
18.952894898737725,-68.47272903533683,1.013053448057625,1
21.91733097630481,-69.52760176757738,0.8894470182640835,1
-67.79769843857216,4.287653627658277,1.109435375742343,1
-51.207523387317536,-60.626661173142494,1.204264914794498,0
-16.581346036684064,-81.9333228701053,1.2211061572569293,0
-44.29983431511327,-13.892505168243348,1.0821717603393533,1
-60.33292539083616,-34.10227338147175,1.0449733156428995,1
-85.53652898533925,46.908522918698075,1.1374705140769006,0
-20.637906127795247,-7.237889142997013,1.079079098050165,1
44.128051398390284,34.39777618686814,1.0435823656309147,1
-96.66235018733785,-1.3667092259297624,1.1637300449427614,0
81.9203255383109,18.697590167062355,1.1858803218397609,0
-82.29669871046167,8.673445387013997,1.17379832088389,0
26.18547028296544,-79.3435800789997,1.1974212338196097,0
-39.831776401726955,-78.95697425357605,1.286909109851431,0
-26.886572326696815,32.68762633369998,1.1613665265200872,1
-69.08709871049149,-6.269028165278117,1.2611679160003815,0
-48.20900075143579,82.43537508395167,1.0553637318369355,0
54.396890423242255,37.119496510785666,1.1854939317474982,1
-69.6972313534037,54.21664087111361,0.9419229713111064,0
-10.57518617641545,-61.48759157669844,1.186773606620882,0
78.7751655563396,18.132249414511,1.096043857574495,0
-9.429345774273676,-6.77526877760555,1.2924004010456422,1
-20.930346093168854,-51.8985990497464,0.9898492995108698,1
73.46680919342678,-30.83358239130117,1.2597286015283307,0
-48.79472551813672,20.994469142054776,1.1505026212495038,0
5.736322397713244,-64.04435241682206,0.9379591134716811,1
51.770092324489596,-52.87958352801479,1.2622970296061762,0
-76.07616813505086,39.66440836475625,1.0729389737362114,0
-47.33349725261539,-36.5549956717021,1.0738492307995935,1
-36.906415125890554,-34.93060225059318,1.1348546664825685,1
-12.994588850984808,49.28942689115321,1.2256559021083124,1
68.26923394422431,2.344910321429005,1.3109963124567334,0
-22.763061192325278,-82.84406447655456,1.2162192386854422,0
-89.76792879959086,23.197452110446235,1.0890492663610118,0
18.31231211744314,80.0589219491868,0.878884061099825,1
46.35627550496939,-78.79531489383535,1.057528194487114,0
-87.47826992087236,38.47674401558586,1.0102598870476305,0
-35.28329959370596,80.90393419199016,1.1350763495762755,0
-36.78476993020993,-50.87560173117134,1.016539619962795,1
-24.71208527272084,66.54008230765031,0.9969925874248073,1
-27.414157896881044,-51.91227156760802,1.071584241958314,1
88.94352661148999,25.525831263325696,0.7973448283398786,0
-22.446259383064742,-52.10802729953159,0.9852762950957684,1
-37.07303218179249,63.37257603922097,0.9344769176871066,1
-81.57403948407486,33.388288618084935,0.9821696887208488,1
-27.678027690522296,-53.662059821253656,1.3178563687219862,0
-17.217943182982605,-78.43153435862654,1.2158379074505608,0
-61.75496525932575,-6.508878086458505,0.9443113199986516,1
-24.28678249017475,10.139617057257363,1.2186626959011286,1
-63.221342799984875,-40.553067769738526,1.261929357048125,0
-77.52354381620876,33.90821183762935,1.253625318682617,0
-2.7403544245628,96.5559986058874,0.9255697396450892,0
45.765247767974465,30.48445617070471,1.0797399443403957,1
-95.79679362611519,6.489987554533751,1.0453140633275688,0
-67.43294249178619,44.121299537717874,0.9591147601026944,1
77.66086702731758,-53.52076218587124,1.111677758989139,0
-27.468468176164723,-68.67117044041177,0.996903331661422,1
36.78337735894624,-81.81913202648322,1.0281981749516416,0
66.789315838877,55.18485969533937,1.2205121443345837,0
73.61683473352609,-59.10203817721942,1.1053336236945948,0
38.203293658353374,37.405730116425346,0.9583332465886337,1
68.35933394672256,25.683987571129773,0.9799118470454694,1
88.79283050688421,16.718315367404973,1.1479429447264533,0
-63.15114544008736,-3.93470029869893,1.3787193670192268,0
-68.07953244323785,-29.23170914385858,1.2018670273260044,0
45.41174890873162,-9.391500602284156,1.0616251809483217,1
-13.97605944406439,2.239897317202323,1.1557282088762484,1
39.12428965319887,28.99333370989856,1.11982305297973,1
74.34563053775753,5.138587962993551,1.2075375005133913,0
45.374985027370364,-56.08330101659401,0.9660663453537885,1
31.065843029720284,56.56806112814003,1.017296952729503,1
83.28040347250882,12.774520392193535,1.1917859075809414,0
55.809614344238,47.37991629473818,1.267532444797318,0
-38.330524032899035,50.331006897694955,1.0436255313195173,1
-71.06291158578887,-32.87263937301797,0.9767376153476961,1
40.02410493127153,87.08605078746857,1.0711002479891447,0
-49.184224462051276,67.25283660834972,1.274949503121213,0
-82.07840347630363,41.512042980866305,1.1587971973507338,0
14.700637587100626,26.135285981079104,1.1008732973231017,1
-33.424923954406445,23.321283832047655,1.0511428262512208,1
8.661060327869754,94.38774732024994,1.1235162216126557,0
20.377413385529653,5.116470654687975,1.1648548126272946,1
2.9094792473395623,-60.373932443255235,1.0627130434537737,1
69.3687766139693,-25.25644075335096,1.2754907502039363,0
15.300073353228454,-81.65341604610484,1.1736623885833664,0
-51.506481556356434,50.80651743438399,1.2244586243034128,0
61.66875243836495,68.03786700890461,1.0121272450326195,0
53.99855756233936,44.55049714257637,0.8778942314225548,1
-46.68113117601272,54.2588612677818,1.0616977669927858,1
68.17034213236548,-16.05236789523614,1.3222893913591527,0
-53.13550616562795,44.3021481258283,1.0339753896862267,1
-29.23802837480302,-87.4932631097392,0.9981147666250922,0
-31.72388744372993,-74.3315548559077,1.15922980142694,0
43.08476232711585,-56.62473272391429,1.2914560348037798,0
0.7465392904879358,-39.47576253083733,1.3766271330392283,0
75.59894467507303,24.786697284908847,1.1793525296832894,0
60.07189152072207,45.18469924617447,1.1406953293192978,0
63.86387518104862,16.288070528552247,0.9908759110981196,1
-53.690887804215755,19.306486906560067,1.0406442415941066,1
-19.81252537610367,-91.47499534650022,0.9469778230278432,0
73.15540127591561,-22.843012450550347,1.135334095627591,0
-43.71559710956464,77.64281080669524,1.2460834876081432,0
5.786454963205876,-68.81465884100444,1.3085359806097632,0
18.266522486061003,-85.93274033359988,1.1865030069054294,0
29.22609204968573,-15.67836304156104,1.0084055207000795,1
-56.61123549474321,-6.864305121297194,1.2732304898039022,0
77.71880964268138,-25.063616120485932,1.1069660386835978,0
-68.6948075052822,36.313128031167516,1.089309263448144,0
-67.69462984175345,49.344022014558995,1.1678505155793153,0
-74.55290941431356,45.774888645953816,1.1373878507557735,0
-46.97839158037599,-48.20037286425862,1.2277807381163681,0
39.75166701733784,47.28019538700543,1.2767950462124749,0
-0.020888568955267837,-65.42299796786911,0.9829207527950431,1
-70.64377046445712,-39.51637836555575,1.2278823383603643,0
2.5066282746310002,74.19619692907762,1.0040970482834033,1
78.6810955577066,-47.535010506066115,1.0746064641227235,0
15.651681844240054,26.887274463468405,1.1378330071864267,1
-37.46514046189547,-61.05430297494079,1.0312779695925858,1
64.59125313128699,-3.300393894930808,1.0457776280855329,1
-87.52953117451867,28.700893744524954,1.148394759326448,0
34.154503909600514,29.141247360338514,1.132978158076488,1
-6.58979380620097,66.02986586593767,1.4272034927534913,0
44.796085823734536,32.1310166466516,1.0157308024914924,1
56.39018393535953,45.62511072020318,1.2596373227206241,0
49.28389277678067,1.4216163214692976,1.1052986571953065,1
-7.303403291083958,-22.360263586197004,1.2151068960281477,1
-34.425214232916986,-72.75104899523423,1.1574032925950624,0
-59.6493975086357,24.69864393269745,1.0885161442077114,1
50.64162765456667,50.08769375190131,1.4286898290553172,0
81.89056274071454,-26.36137402153601,1.1058727123679952,0
-81.03324163677803,4.926821091516113,1.235314327800912,0
88.13185650351424,3.109412693054175,1.208947506391673,0
-79.896455301757,-50.91240540028298,1.0943295645499123,0
-53.52410950662831,-1.7204584975876438,1.071233121844005,1
80.74381381614404,47.215761682140304,1.1879817339140233,0
-34.7206579548311,36.7953748959872,1.3470929090807038,0
19.18499010935172,-78.48531642122398,1.1835156141035172,0
-90.5933695154138,37.14695647328163,1.116007273681717,0
62.59912455223012,23.29597652735186,1.3181198389767845,0
36.59677280961261,-50.22656405291867,0.977023288466488,1
64.2367215634798,47.51809390849907,1.1605999680957102,0
-74.52742995108242,-9.775850271060902,1.2539427643286407,0
-93.54449075055312,18.85107739322903,1.192981862358473,0
-67.08204600387488,-64.26952410928891,1.1153917548090597,0
-5.87234642156734,-94.00995406354721,1.0727041007934528,0
-78.03019881277457,-35.696665383722376,1.069191093790792,0
49.263601024081254,37.85008694692811,1.0620779003236132,1
47.96015432127315,-1.4674219691068886,1.2413341877899624,1
-17.02716777981487,43.40047812646817,0.9801913223201822,1
-66.30747965906033,-2.7322248193477847,1.073747431427402,1
-80.38141213656621,-15.209076996160189,1.2300805919384987,0
-33.59426807195677,68.03316088862617,0.9641571749925898,1
24.028703009679973,-83.84671578640696,1.1934832586263753,0
19.845747320491974,-80.44348585969641,1.1513244193120578,0
-51.83900089496496,35.468790086028655,0.9493428935313427,1
2.4672384017439453,-74.41463167872402,1.0205174113753932,0
-55.48223794189828,-29.914629540662077,0.9859258976043832,1
1.476361568532665,-59.15855154254129,1.2768757080627229,0
-58.52380205007522,52.16770892511803,1.155816519114006,0
32.620348864857064,37.33736752711723,1.0815559632891298,1
-58.19935103097796,16.885559559105197,0.9936729854832046,1
18.687573426393755,-56.293593936055146,1.1027542133919486,1
34.54447090975847,-55.13015561516556,1.2231132236300768,0
-80.65445095430336,44.66959034114481,0.9916100810999807,0
-39.82269441522466,-14.434909346733738,1.2441848417694485,1
0.17850231652676168,56.395338257569286,1.1059257842856127,1
68.44169459003186,-4.121613063000411,1.0928385098881364,1
67.1612901844067,-23.524161438221796,0.9597813617755703,1
-51.169790985570764,-79.16191397657937,1.1376555089387177,0
30.645691543807615,52.902821913375995,1.0577497919124328,1
-12.935521175135229,-75.91785477033733,0.942982394685056,1
34.39286810353321,-88.21596168664838,1.2243279387176687,0
63.47072017705074,67.80911526775823,1.1370823831548498,0
-90.88384257222289,5.621346001070646,1.144191166927213,0
81.60077685233757,8.537575903393174,0.9260648895152918,1
-14.710774686740685,-76.3424973892304,0.8797120074438024,1
56.01478651042076,-8.681289257805362,1.0743582295811382,1
-71.86745840296881,53.97740982999757,1.2392781409392466,0
52.91146545915059,3.012275702444496,1.0370124391814723,1
60.68319177583959,-7.554066118547058,0.9865586778410907,1
63.24956784193907,43.50834174734517,1.1115380470105742,0
50.314865730775,-57.76069108291753,1.1443599952384214,0
-91.9154657669864,9.758563179511718,1.1810841444090068,0
63.899739247131805,-9.910822562771804,1.0070471548488606,1
-2.2194104514961888,-92.6355811743319,1.0293125912179146,0
-65.76649887957781,-58.82685208221975,1.1616459647160977,0
-35.2369269706253,-53.46638109787924,1.1235232137598774,0
-29.350760334244107,-42.5709035308165,1.071094954015096,1
63.93294671572735,-0.8912456087576859,0.996511465624678,1
75.5296409866477,-36.676902729867194,1.1606670514610293,0
93.60665095731149,11.285795398398145,1.1633996780121836,0
-11.010046057129227,-16.558616441312413,1.3371455406291963,0
-75.19884823893001,-8.340235895590414,0.9276825086307988,1
44.358149869720066,18.472627638530664,1.1808329997127647,1
-67.30798243039162,37.31868175270633,1.196810661777212,0
-64.00953813522996,20.89553181157675,1.1369512652257578,1
-63.33414107234328,-1.0444284477629073,1.0747702671464747,1
-0.9168982372992284,-42.131144184389996,1.153772496247523,1
-57.03043515206754,64.57352949702194,1.1654520554589751,0
-64.00854344147018,44.68602034160037,1.0641530147186762,1
-6.057684997024908,-72.90110565385159,0.9806788045296495,1
76.24553491036376,50.82358193589667,1.2569064809442558,0
-87.32514456135644,-41.94746008815185,1.1814802756271596,0
-16.919740853759254,51.009885388740855,0.9634703048624738,1
72.88329900490612,-56.55323217968712,1.172873986160387,0
52.48928756651327,-48.32631864766532,1.1963008511392321,0
-66.28103610803126,-68.71053735882747,1.0748560426309468,0
85.8169256102669,-4.752567208700386,1.1303237922449407,0
-92.73418750719422,27.432834735005756,1.2375753798013602,0
-22.805304042592848,46.39768936341982,1.0395548190933324,1
-72.37192857365172,65.19183113809758,1.0458168720406928,0
76.0852831469586,-8.966892964248164,1.2035862156658266,0
46.999280149331256,23.804016365156524,1.296654209003606,0
32.51981564528631,34.075399662777905,1.1264082562689208,1
25.346278457837943,65.74032644093411,1.209846152336547,0
-88.24393657325966,-40.044448817855084,1.1623605867507354,0
32.97218832449617,65.6485945125859,1.0093702600570178,1
-89.00570653768239,-16.931399589920325,1.0518113879626914,0
-21.111152067076663,95.80045619772105,1.1269600455949642,0
-24.898285319393246,32.70616573228641,1.1970654774524354,0
-0.26319596883624363,23.938300022726054,1.0248827827473472,1
-11.999322388742833,37.46480889730889,1.0691744007969533,1
-55.73070197262924,-12.015104863064582,1.0559301035729214,1
-61.62545613180315,-26.25066460607316,1.1429696026858174,1
-88.37698786324006,3.585701178222138,1.0471832606153388,0
3.6649943712407818,87.2952286248387,0.9934539756457179,0
-84.4315957171542,-4.444724194218879,1.3074179464187783,0
77.7585830448032,-0.252787088712783,1.26845316352215,0
57.42779966925834,-45.61354036731828,1.211798649964966,0
8.33347688252322,-79.38576716206366,1.2246695860815038,0
70.98315523159604,42.64116508093873,1.098233412503544,0
-88.02603639045519,-1.6678718904275591,1.15765051473952,0
30.394260401164573,78.90587294285653,1.1092707278631386,0
15.631245968729631,96.68329110859622,1.0848747954891236,0
-36.00841145070618,90.99408779726453,1.254886523603601,0
54.17511795513765,15.02256729688166,1.2622477715345377,0
-81.08942468431286,-1.4128268457011068,0.9202563294957784,1
66.00061230941452,43.440957837735525,1.131385415755541,0
-44.25518182762996,-32.012281623116436,1.0184170871849276,1
-83.72477170818166,41.07144301337957,0.9695715595581669,0
-45.91553204235843,8.216580035518376,1.3845490110363154,0
-21.58403542753341,35.68013325428186,1.267473697096952,0
-81.55406797424448,24.10948439270084,1.0954773406573113,0
-44.775658292803755,-42.78652746841917,1.1195711093432041,1
49.268794938524195,33.517684834423996,1.0993103550310044,1
30.691735047260742,-89.64088345199632,1.010655695394474,0
-64.71155788404002,70.54684105865897,1.199232056706129,0
63.262874190025336,38.211336315919056,1.0260555615735232,0
-18.873771531482955,-63.32084834664448,1.2170501774321216,1
28.16499390650039,-55.48724209997831,1.2815500791887546,0
-50.011875983100744,75.3613148863598,1.1719857810540641,0
74.68023549245463,43.377634469778194,1.2049242444198662,0
25.83867401698118,-31.19003391491435,1.1948653759980796,1
15.907259629104388,93.45545750582578,1.083833593025903,0
40.25417133759694,5.252525611840425,1.018513514166993,1
1.9860208637460959,-57.016152369875904,1.0240939742313329,1
-9.095479739375357,5.765245031651301,1.0871602320778937,1
-23.571131937427992,95.45487602159956,1.2552138302705944,0
48.133859263111596,34.09674092517799,1.0073958839745487,1
-55.483252771159265,42.75729383841726,0.8911760153500311,1
76.70978806002705,-3.8434966877675434,1.0502163853035955,0
24.063631436457605,-51.13521680247241,1.0302082080472341,1
31.703277389027416,-82.14220855965787,1.0580089668560473,0
47.42608442311978,7.550370843449336,1.1533706041988425,1
19.33570385037169,82.3854048348136,1.1267359792998781,0
-1.610026622551446,-71.14003860962366,0.8858306200463902,1
-70.89162532035574,65.42717568166016,1.1644109912158056,0
35.2508224099738,-63.67380736752879,0.9462872165905745,1
44.45087473678975,-81.20431181356678,1.0508344203105306,0
29.001689137480685,74.27139577731653,1.2097701188859615,0
-34.25844671913541,-55.78680270068051,1.0752559600389398,1
-53.171261089696266,73.8249321751936,1.171685670189656,0
87.19229719785322,-3.9568917763818057,1.1020470508299132,0
4.850789901832213,-84.5244338013998,1.1828653489652667,0
6.9308271793547105,5.520848774874772,1.1727692152799836,1
-52.707081616355595,55.1040449039715,1.1866921129732444,0
-47.6233794340353,52.90776108239004,1.1945881541832224,0
-66.08003840955269,-28.981939945013885,1.3490171439233982,0
-23.86760025087749,63.15096439073563,1.1394666911971345,1
-54.31306442619905,-76.66661835085283,1.032204708750817,0
33.9903909607871,88.16937066816857,1.0764139684921352,0
-54.70716209382159,-14.438178861874569,0.9819276612961985,1
-36.52366281826921,-54.69671780934395,1.0083352100012664,1
29.85099377641448,87.54767870953862,0.7805852640757275,1
-63.09989069191644,38.87064274445644,1.26041504383447,0
-61.085308307257655,23.69375092276205,1.094132286662336,0
-53.140519422177206,-20.462002389224644,1.1193264088003863,1
-5.514582204188201,71.06291158578887,0.9838943118791049,1
-51.589543177249276,-58.65510162636541,1.1856381640166374,0
42.79250400147229,-29.714443438180112,1.0172982881542778,1
-37.27096938003061,-66.77139110870509,1.2525483882999162,0
21.46116149250248,-46.07035320049741,1.111468042722059,1
64.9389594044921,2.4806976373072254,1.285198632439181,0
-31.852083575489637,-14.866692933585302,1.0194560962134787,1
12.681260316655933,-61.606086731499175,1.2694369149194205,0
69.91513969161572,1.1807538451551307,0.9304876563075956,1
41.37864828737021,74.49024370744779,1.1311810241458105,0
79.87621659939146,50.77426233092553,1.0582785434184603,0
-19.519753319013763,-67.09162600558916,1.233896858318475,0
74.17407962077203,-35.454045213824955,1.163481990860588,0
58.08090887043248,-64.8488052119362,1.0452674261883763,0
37.1741191581137,-85.89311067290899,1.1345863562348384,0
-60.22592201180083,-13.786455510470502,1.0671735338610377,1
24.815619918846902,24.166175320419775,0.9990603653099438,1
9.08884844764351,-58.61796639266717,1.2597756137857126,0
0.7888506628985745,58.27910738517076,0.9343037964090429,1
84.42977931985374,-11.650372285132788,1.0888876113510046,0
54.41472212844798,41.16440655449575,1.0985076894474464,1
-20.039693067927633,-61.75638745976525,1.2022246873624285,0
-43.5637249258664,55.47020923036366,1.076040857514852,1
-97.95859321323306,-6.9503964702706895,1.0959496260981956,0
5.480839131260482,94.4082976127849,1.0624147002346427,0
-14.576043416979262,-71.68956865444662,0.9135063282882522,1
25.46820762482843,26.47950248045542,1.0987055436274764,1
3.400295746455972,-37.408702402917,1.2281216654308986,1
51.848039218070596,38.61774185603385,1.0884776800211386,1
35.43536837570024,-48.983694200080805,1.325236140062545,0
-56.080110762426294,47.420849450064644,1.1800433398380459,0
60.70860863596697,-61.031578048275186,1.145909327040693,0
-10.755001940838635,48.92625063545384,1.1171630383065092,1
37.00409990424014,61.88238552995282,1.0376257916903948,1
-45.253435544018075,65.09097966131709,1.2449949255082482,0
-45.8500147328495,-46.47903654516255,1.2695773177125353,0
-2.187235317057056,-59.59306575493701,1.2984203652162962,0
-65.96460872006617,-17.022691657895894,1.2866515668972884,0
-34.777568349691016,-79.66900199535529,1.2244841101461714,0
57.15433828757994,8.403631972000076,1.1416384486360807,1
15.997301648695057,71.84497960747373,1.014976258375286,1
-4.571298406103368,-43.52957890602624,1.13623606694364,1
23.533383147593348,-71.76348205228828,1.114763382744757,0
56.33647047233173,-55.9674390874555,1.0428922834267778,0
-62.36946897877316,6.152633037730627,0.9740638801450856,1
-62.95451403654772,-11.029164408376403,1.2143243479819437,1
31.122475702695272,-71.66271192293271,1.2256153080716206,0
-50.62344686306857,-39.11384536872123,1.0050946214897645,1
-42.98084169656344,-55.71764661703221,1.0459628496390634,1
78.32765746029979,-39.47044308160028,1.165243822398369,0
-23.868114431036393,-48.2726473128438,1.0321694203739329,1
57.15613791813607,-70.53150639156709,0.8650490152020842,0
-74.34745898013294,9.598657582681803,1.087641387789388,1
60.77379933468447,33.86932252031173,1.1782503496302008,1
-42.35880421527078,26.104283942086685,1.1570183938728211,1
-68.7780235046829,-38.72258640405929,1.2316462859582191,0
71.40998319304545,6.5654379039373625,0.984067032118285,1
53.96770675280543,-44.63051642980495,0.9372813295044214,1
21.231141486124585,22.810317299142103,1.1042683322667288,1
76.74337360226882,58.47079072381901,1.163088515319538,0
92.97585596261308,7.860786269242821,1.0523856395978008,0
-38.839545476387705,-69.94152525240132,1.0790168868899908,0
72.50053662565077,-45.609575944131436,1.2630720998213971,0
11.830195617878038,-25.900009107219883,1.044309001662147,1
-84.95429572170904,-36.582199389411265,1.0446697648645706,0
-42.547508333586606,13.79146876701976,1.0510987329917891,1
52.18108584119776,-76.53427606110412,1.1505341304633148,0
53.58365549215661,-19.99036049018223,1.2719213465935373,0
-8.850156846833128,-13.30931661959775,1.3390741156288275,0
44.16792957548671,72.66373555208729,1.1116882437639832,0
15.09673847220944,-90.4095243599863,0.6707722167195307,1
-65.36033226100334,-8.718366467700948,1.0632943321674975,1
-11.31797157914911,-26.52121698397627,1.2097857425877974,0
-61.839804985544035,-16.58552375047511,1.115139798737491,0
-61.03639848726486,53.98514416688982,1.1524625331753506,0
36.05963817933454,-19.271196901865483,1.1699538351731888,1
-63.198979743809254,-15.346954485363337,1.2414493647860056,0
70.69781572839698,11.841094001680794,1.1665195167197444,0
36.85123355870393,-1.2039411561485138,1.1355434614636937,1
81.66297522172846,-37.86070825317655,1.139914939310548,0
49.52094819361003,-78.75826038890602,1.118457208522733,0
67.99445283580953,-57.4061092619372,0.9039052371428942,0
26.982062927635116,21.40779909786048,1.3434703502143956,0
13.173724154449587,80.76449138945328,1.2275875365546,0
48.837474217394,-56.94223897203423,0.9124327860312089,1
-49.40307239218252,-5.800594917575583,1.1626583122561975,1
-67.23135122313862,-50.13256549262001,0.8382590074612679,1
-62.64358955746945,-38.77164145966008,1.0999477519494345,1
77.24876034487824,-43.20110103489038,1.1685826904191419,0
-47.08701213894335,-80.25597078299806,0.9684139574714044,0
-60.20563025910145,-0.1468167989426737,1.1432657304266172,1
-40.28798509144826,30.43127584378635,1.0834304723108077,1
29.78948659522185,-51.496887453526305,1.138475702665937,1
10.56794480584429,49.70142542938347,1.2540642722128243,0
-42.61672361755706,30.25338609526417,1.1088859454175266,1
-25.05931988999157,81.70215604033375,1.0581248310464533,0
61.84287888866789,53.200460533092304,1.1445204726042013,0
41.29753636730394,-43.77742727367221,1.3979520664721217,0
26.27447757468216,-48.47317757481429,1.0215610683870167,1
-44.2458453984289,-74.78043413462623,1.2561806779791997,0
53.191580368512284,4.479437564849832,1.0530637141758705,1
37.063524281440436,49.67877933945406,1.3041666884731555,0
-40.99729800285369,48.32918570614937,1.1077404828950332,1
-26.81644641663273,-50.495131368057706,1.2893378249472365,0
42.73801208245856,-16.36181391521235,1.114106434063342,1
52.30743414266748,-25.486511604115776,0.9525119698640796,1
33.92232789625631,51.264796738703325,1.3125495172350656,0
19.164312536042477,78.16692399139082,1.1584957008709416,0
52.323966272108024,-3.6346109982149506,1.073330305254815,1
17.526608751827816,65.16573875020963,1.0008509208864151,1
-59.75443716966787,-12.522398680549454,1.0738030078932317,1
52.21204384698227,75.88177655456926,1.088467749474293,0
54.48783211979137,-17.139070827789464,1.1562076673266102,1
-32.711498983934554,-55.1291111867178,1.0782518223970166,1
56.05322147729843,-54.2885551719582,0.942416313727384,1
-60.40236898250526,7.27659443253175,0.9796775921387522,1
-41.10466075511836,70.71117503757452,1.2474831642998832,0
3.540612437916288,-18.981442609643256,1.1651852401121305,1
-4.421173663702617,-64.83091508230972,1.0324396318293605,1
64.89817267286824,8.906363588298273,1.0769401287688134,1
-61.93878466613202,73.528522306835,1.0982079728530796,0
-24.388353735671156,29.384519637606143,1.224215541494327,1
-60.17601526867529,-25.171290147004015,1.1157524214669179,1
-76.20529747041064,-39.29709508728327,0.9966902072535392,0
-73.68523039617206,17.5271161664583,0.9750139132911716,1
-78.77447974833011,27.04209562160738,1.0838254001959198,1
-84.04995591678245,-43.38838049966011,0.9943963340214983,0
-29.021742163677715,-58.26908087207223,1.2166131785917178,0
-57.94489028188663,-17.138267421291197,1.1350662889918415,1
58.924754061969665,47.19677207399915,1.0520394437673941,1
-2.3627292440503456,-75.13850348417037,1.0094555658730093,1
-8.56211447492378,-93.74130108100302,0.9547114020488552,0
-8.752984217058241,25.312902624943057,1.126539115736439,1
48.31705044228013,-44.70034393174111,1.0554358717360552,0
67.80429482876856,-31.370114123456343,1.0904140695428144,1
-39.36600023682399,-17.415098346126808,1.1746361624082835,1
-75.16221290260849,-38.2299375393145,1.3056395020060247,0
-73.0394496187356,-42.10930040046094,1.2080181869835918,0
70.27235959148216,-6.88840731624559,1.1911263139530124,0
-51.82726417394662,-36.907376747990796,0.9842540448281415,1
45.37233651447641,-19.511499899981494,1.2676025283916221,0
57.64548746019458,32.74631326552666,1.1146602328919748,1
43.425877515961936,46.445490181680235,1.1619352145689124,0
2.0316881804903764,-31.497763187797432,1.147411816360215,1
-26.83345567992485,95.93284178391944,1.1368095501230502,0
-18.294064631919007,-47.561110624679586,1.0667923002191773,1
-91.94465978383731,1.6037305389731051,1.11585893750498,0
-58.85563188833589,-48.2964602814528,1.112618577534011,0
85.36135925448185,-9.319857255143983,1.081456054537415,0
29.452882226914255,56.23923058236759,1.049142288560343,1
-27.843363018993294,79.92186361955054,1.075839475680235,0
-72.18306109601458,43.764163032385625,1.0418181194501208,1
44.000278463612034,-48.16307184826709,1.038175858673874,1
-47.688602924854784,-49.71740518463425,1.0614076341771737,1
71.69694109054846,-52.38607346108729,1.1123882330194552,0
-6.8761371079082085,28.35338391554202,1.2118880569385777,1
54.608687411603945,55.21743999258577,1.1279319747349572,0
-2.6121705177733614,-64.690798656069,1.131521563516171,1
-17.358400801819677,71.55170409934192,1.132323222340368,1
-57.98886621652928,-21.471250089273433,1.1276976958870386,1
82.19735438169978,-15.917089543906853,1.141072827603755,0
1.7660335571263763,-53.63045131221872,0.9848878992134636,1
70.49689874958186,-53.759090593174854,0.926836755381026,0
-21.56270004426894,94.22643559635627,0.9623343137726033,0
-85.62642186139497,-8.47240356825277,0.9222915547575194,1
-50.57630644393982,-41.36275386691777,1.0909575889151046,1
72.4655567692526,56.97246073137376,1.0579129387353994,0
-18.755239622601966,10.10332912629494,1.09143569959054,1
41.09730993906373,0.6665352457541446,1.2025140166781503,1
-26.68239834442735,27.948905262135654,1.1667409040560557,1
72.08522272524623,-21.82978329759528,1.2507987934107299,0
65.63366140797108,-37.62875700352985,1.1317691333152782,0
59.08894113543617,13.853941656325938,1.028005840788138,1
64.85418616708748,-24.025067924540195,0.9684288700965421,1
-22.346591068335364,41.672695065740385,1.01222542853375,1
-11.958705726885407,-42.60223638424939,1.0263386914176909,1
-64.2054928059055,-13.790931632389478,1.2507042182133268,0
-91.72098598705814,17.36056168826331,1.1717009615388776,0
54.25404082879214,-70.89901666013992,1.1090799687910713,0
-52.90030087919174,28.75311516691311,1.2145049233829104,0
-26.47990450584027,80.36658304232624,1.0956646907431564,0
-84.37812098062874,23.858087917937848,1.1605364265898757,0
47.24994297679436,76.00244377403232,0.9552602524208075,0
-81.34472941598824,56.71942756984482,1.1188108553123186,0
-90.52346200883318,18.571836762038785,0.8374247914368108,0
-73.96120052833096,-63.0521453914473,1.0118485251180087,0
8.105524338965889,-92.51053460472248,1.110463220311929,0
67.61880433644586,15.195180600813126,1.2156823015456335,0
-44.62672734055261,-64.98871004586908,1.130687227046326,0
-53.34297785974356,79.80397428706621,0.998270816264714,0
75.92673452637095,-55.844785695384886,1.0763533867732349,0
-46.0953748018128,52.886058673085884,1.0569778372498964,1
85.27549390294665,-28.806172132059448,1.1013421157660988,0
-73.07987294165473,68.4863308941914,0.9934579690639131,0
12.286059443227094,50.24357331621082,1.1434664467062017,1
-32.6639594821743,89.4001939465808,1.1755365679523577,0
-13.968388207822757,73.75955845543221,1.281154998690758,0
-37.308655239607816,-33.15266556026961,1.2389804410853682,0
53.669460473349346,70.86747955081763,1.1891193099003496,0
3.869607398961607,-59.03892908091828,1.0911687932246898,1
-39.86135772919155,-56.130568864058475,1.325073017283962,0
17.100218089532692,96.98144794547343,1.066582619011716,0
16.761427489045712,-16.682270806688955,0.969892219769147,1
45.25328390286415,64.424668430904,1.2505917513131841,0
-39.87888920670757,34.842133017370905,1.1183864886315436,1
36.05158115988038,20.071825909107748,1.186989126367159,1
71.99593433245705,-27.16210249815425,1.1216130200559535,1
64.63894796103686,52.26319952605636,1.1352074325761006,0
70.1518486167403,60.73271083091534,1.0718475662605231,0
-43.24798128315935,36.34178820926221,1.0525469616491145,1
50.38542711681524,-76.30484299519264,1.1403959746111714,0
43.70134373310107,-68.87084058483704,1.1707881594862635,0
18.639131185888953,-88.94222107593029,1.16842147371329,0
13.22448562309355,40.60333510019216,1.0839917878814966,1
-30.215769093106314,-32.73329575154004,1.2137810007024699,1
19.25591840571536,-19.476501693882884,1.0401039226850597,1
-22.03326253400649,47.17975738510469,1.0482073926610147,1
2.0431935122282834,35.229785994726626,1.1809798851645472,1
50.6468564662081,-54.68339234294146,0.9981047162039364,1
-15.183442244014865,-34.47836623117445,1.1793786146295964,1
49.05941526254361,-22.810317299142103,1.121177772716815,1
-57.02022296280052,26.31124145604341,1.1772834953650213,0
-73.56953986041987,-14.27978128792448,1.1861233431833367,0
56.740949125738105,31.179037606944238,1.1669229036787314,0
-60.60072262048376,12.616695648976044,1.1882208457823715,1
-58.6013881633376,20.09650852426098,1.2537122610845381,1
37.29117658839553,46.88411074211848,1.1199293840357876,1
-25.86731395581164,-68.19663664566733,0.9961737396725168,1
52.8636244383517,-69.54144651676866,1.0625867659810766,0
76.66294702661222,56.15986711661908,1.0127750996804439,0
51.73054101769727,-6.767896341503701,1.0488336651164578,1
-63.99793337469927,36.796374690740635,1.0196367919818186,1
57.96995656463293,72.01543033014863,0.9096737870506123,0
-41.18276317569886,74.20189381151995,1.0962188797330723,0
39.031240573307265,25.989177701969588,1.099180248354173,1
53.83659081228627,-60.0954487964803,1.2810052443740676,0
-41.997164170178735,42.955253199593244,1.1947264270572708,0
3.4675024465728934,-6.260602524018857,1.0392993681626463,1
-9.89334847143423,12.305978185766568,1.1467417739266812,1
-18.536083913607516,83.89857706105451,0.965043577077085,1
-25.435849735518428,73.4988400885713,1.0870189266058625,0
87.96027182995317,-32.4474077907145,1.0938477238888975,0
-1.7725442799176319,72.72802893965087,0.8721334475924569,1
-61.68233731188131,-5.312123766621862,0.9880485808450167,1
-56.19502501969185,-13.711256662231584,1.0710959098734572,1
-31.548423464505774,-41.64512215471944,1.0098697432399204,1
83.0640338965732,29.938861178118227,1.1098829358116389,0
-77.4524489424426,-59.953345893131846,1.0973652179900966,0
24.985712551768298,20.52749512046029,1.0725575406705987,1
58.239001332776674,-44.00636598942183,1.2176906356648827,0
60.235367277763224,-37.75200149270341,1.1636534516206753,0
91.58941201248939,-22.322917356852738,0.9604113388705503,0
-5.003094542743232,-77.4717503636292,1.0604551172025278,0
13.14189395413682,84.74194017020378,0.8397944002755098,1
67.49991853827767,-39.79272385976713,0.9773755284956186,1
-37.59372723702267,74.418375344329,1.09768922684649,0
-39.359077168255965,85.6615146572398,1.078562706992873,0
-19.913769070679617,86.79896686541682,1.0371519202401023,0
-24.109806167832396,-81.44562975491833,0.8302240888032211,1
-33.97158779226256,78.24406285905606,1.0608513136639786,0
-44.48622462271403,-57.55925516271263,1.113854275630881,0
-95.74582765480237,12.44221466123211,1.0811154069980016,0
-48.60352224509509,45.91003622635523,1.286830209136827,0
-50.030021608657826,62.01626226734788,0.9456364206090698,1
-69.73532698107688,-42.08814549273941,0.9658570165884643,1
-9.328238079162496,-82.88584161446508,1.023655951584287,0
41.66885838980981,85.75482261587099,1.0470954908931946,0
76.4255769248479,34.215475948713156,1.0084372867975981,0
-41.356808747457805,-36.13381391399197,1.2630176809626814,1
71.7887893569841,-33.31726748363704,1.1450369853832794,0
-59.737509290410614,70.78946122855638,0.8972326028187814,0
-13.029453771531944,94.69038970246066,1.090408435986549,0
-77.54216588354718,12.787602122246328,1.0987805181846386,1
89.16076772862469,-20.648350412272865,0.9590668874848265,0
-26.15248833198345,55.851855672569755,1.3115201915920245,0
65.3477991196302,-10.674655552392876,1.1240120304826915,1
-77.33843451620433,-16.628792929025284,1.2033025273559386,0
41.304874612397775,-72.7521610752141,1.141774119604962,0
-43.60254305881089,81.49355454899829,1.1173495540034093,0
12.821403624737561,-18.98770918032983,1.0310919432272154,1
19.2186770713494,-61.79554876472453,1.07878918662821,1
-45.58482562293234,47.957170239993815,1.0757181892139847,1
-8.013838042717353,-78.39111307103362,1.1651340563499957,0
60.96478053656111,-39.09146475912632,1.1416848050921893,0
11.715503102620591,66.70615291797783,1.1723568397850495,1
-82.63196516100886,-17.440348264644157,1.2067825276806845,0
-34.53986313719481,92.11121665658742,0.9219277296633691,0
35.61278788052872,-65.60699514973032,1.2223547435622284,0
-14.58022113077031,-55.98972022767445,1.0900953667368352,1
-87.21628166377978,-16.537582772545004,1.215306229065623,0
-4.68005840056104,90.81025140788186,1.0484107675459413,0
-34.53235159852499,-35.33163495402056,1.2608393754041438,0
-20.429020438242652,89.20647683245622,0.9731261111687325,0
-21.48538521112285,-55.527784445635305,1.1455254475849634,0
-24.166175320419775,40.82385958183125,0.9303591027693673,1
90.929080038728,27.310854428593228,1.0841533647517947,0
-52.008214925705964,16.046742730525697,1.298462534573866,0
39.304404294945144,14.460407452234485,1.273260055913494,0
-5.303918764086235,-92.16125510587447,1.0466770263727543,0
35.837411891121455,62.85493272572264,1.2554830914706518,0
-10.176419299261743,-80.87808151605967,1.1695240194547585,0
31.235373444429626,62.01119837184359,0.9826507596475771,1
68.3661253041169,26.825244311439,0.9902271500141895,1
-32.160040763515724,22.52623276135059,1.1038143307363228,1
-20.448302194201357,-88.54182336235041,1.098159072926974,0
-24.70957026107406,40.154256783992764,0.9289711593717708,1
-84.33358012436413,-32.00771489144201,1.1559316155208088,0
35.02088437793885,90.59406599451206,1.1274067871993003,0
-70.449219835793,53.01518800844566,0.9426076630625218,0
60.53507283233866,-4.821081714873628,0.9571998185151824,1
31.199024974157194,92.96404507006478,1.134963804716519,0
54.51052142744967,-32.218816874782945,1.0736847921471517,1
-82.28940630514684,-29.44221572361796,1.1555827309836555,0
-60.79870097846365,-75.80821821603858,1.0852581584327186,0
19.405480559434984,-93.67687633675153,1.1070446777362917,0
35.711857070235304,-71.4502995918682,1.0546631381594824,1
60.67497766627155,-70.12438332482238,1.002377878649222,0
37.15293095804636,-27.776574568254773,1.1104305873577522,1
-22.786130535088656,-66.77525795813057,1.2896186941584855,0
78.20388748444695,37.602338803505276,1.044267278286777,0
7.697987359195731,6.721721610128908,0.9962351160755115,1
-30.052507029865197,76.75934721382285,1.208981119956907,0
-34.41871607908865,27.420480923159385,1.1598378429007041,1
58.34746997447887,60.84840136666754,1.0724293839601358,0
70.52847951968828,41.12525690953559,1.1990199691430035,0
-41.87597650508544,-9.503789397350943,1.160943266168966,1
73.07911258929641,-8.544332901350888,1.149101876074417,0
-27.716146922348486,43.55266627171363,1.076147562715671,1
62.08918236260989,-24.217610030470663,1.0952706343236636,1
38.793370745012936,-36.557194468434226,1.1650084108727263,1
77.04168421120502,-50.044369312586696,1.0941287686610568,0
50.41008505159702,26.820922538551706,1.0294899791889545,1
-30.994458615812313,24.890818767085822,1.159559683903436,1
71.44906783350228,-0.9653906192835617,1.0945478980480652,1
39.58523074147823,-78.40454728793033,1.0630704873358938,0
-50.90245846268524,31.082190605424405,0.9649560283861247,1
-68.08837936656008,61.27035045956374,0.9317680323672886,0
-53.561504427275494,-22.170805726511876,1.1584143764225663,1
-23.001612614837637,-26.240440201268747,1.1731180906828864,1
71.08470835339435,-12.342419656606994,1.146624965190822,0
43.59554280799022,-53.59567034572863,0.9457768558410508,1
3.532067114252781,-79.17527218368555,1.1424383853581255,0
57.47465459005664,-66.13709555773491,1.018381127713359,0
-47.12461156306281,81.26093082941921,1.0084733079900523,0
-22.875967087287215,-58.553642862868436,1.166177725112515,1
13.32690699345481,26.424039728401787,1.159735544375556,1
-48.252594286646755,33.30923341865425,1.1882844726870723,1
46.648352190882925,-4.219490928962194,1.0768605619971632,1
2.2188302134696625,25.841480749760706,1.3097506847101632,0
89.96044328550698,-1.4581240085353635,1.0182169546609616,0
-4.5328194632910686,-51.761873871130156,1.0115049223687849,1
-32.52998452266816,25.73615754384071,1.0938528897457866,1
2.0053026197048003,76.44478994014366,1.0744021196132776,1
-63.29769718608091,-68.51361729797266,1.0382177794381833,0
54.31467687713595,-14.518654822270614,1.1663387370944767,1
58.68558764592174,0.7350518048579996,1.1532351237410359,1
32.46083615647146,-28.25178951198691,1.0293802162768957,1
-37.0157378212295,72.28757854282286,1.0367064909665935,0
-22.515788476872974,5.370451078396907,1.188917474253212,1
-14.839239385815533,-7.077047162041528,1.1326782804245557,1
-70.41536594817586,-63.292363934432764,0.8555517156704925,0
-57.49703936348589,-28.48031045635743,1.0120809948236043,1
41.41385845042524,-77.34582984807048,1.0606401702377646,0
-24.690288505115355,-72.14185158226046,0.9536410079440188,1
-10.72366908740575,7.72354837120677,1.0941108995591993,1
51.51121104366706,25.918536359684538,1.0551767645031076,1
-53.15444513481405,-8.917097991789156,1.0624107899574022,1
-49.33237262033396,-35.87370696116136,1.120882677598547,1
58.18886876728404,-2.501615018081743,1.2305059118172064,0
41.56445429933587,9.468218619174365,1.0181868472732065,1
42.98322571802029,52.05613023380423,1.1998520954822829,0
90.23429611382875,-12.433740596747226,0.8690787032807779,0
-56.304498172910414,45.58738340688605,1.1833191536436825,0
44.43815995568653,74.77926046252439,1.1102364364726267,0
-56.96312754098948,-29.813210041392463,1.0450119021173898,1
-47.53558201274069,-59.85886613499634,1.1299559193168813,0
-76.88545097800316,26.17278008468283,1.071854022941997,1
28.978413303501966,-60.942399926966196,1.2599729742305132,0
25.032861035981593,94.77143735000706,1.140031917451184,0
-57.66209119449236,-33.08749322512921,1.012041152780778,1
46.4056050316555,-54.25530936536837,1.2334214764077682,0
-9.180526055836038,77.04748659147037,0.8189734775077397,1
88.74603468682209,32.994064353074776,1.084796972286112,0
-26.31414769172414,65.70090675483907,1.009801893710495,1
-75.83496428220901,61.45732285791044,1.075386196628992,0
-9.480426224407958,8.558345109097266,1.1040897356669916,1
-23.237918593049756,82.64500870180447,0.9832665650350363,0
-95.49789535922883,19.885917645405947,1.0552002934989024,0
26.242010770363105,-64.90376782526698,1.1626044092518124,1
73.14654633907588,28.5337851928829,1.1566123866778337,0
-21.344484677673112,-59.761287582343876,1.1944180681337395,0
6.33139727988691,-92.48161801522203,0.8302184268288691,0
-25.988363861620698,66.99859288335146,1.0560703300257297,1
-12.898237230546895,-0.991752926049643,1.2440965688729342,1
2.1097454644810827,-3.0079539295572006,1.139844829575077,1
-17.30074835150316,80.78862929135713,0.9539490463735949,1
80.82710312068869,43.19270279274047,1.019017847884386,0
-86.70275285083501,32.01268140434047,1.0253146837277876,0
5.305696514635608,-93.56407806439314,0.8302184268288691,0
-36.97708882369455,-89.18842707510338,1.0998013224686065,0
32.22840335282387,-63.11917870818553,1.2511760234634148,0
-20.722900994578712,48.79713767044591,1.063179966541417,1
94.59787233159705,-8.980565482109805,1.044122770169273,0
-4.16164566108608,-5.684904381823385,1.165383836831084,1
-76.81792548162534,37.484323841548274,1.1827800570560092,0
-69.25936197355436,57.72887191025175,1.083176952904229,0
-21.624040894752795,83.48529496541369,1.0910831001643184,0
-48.6483776984306,-15.316818036034679,1.13683158007535,1
61.08530830725767,75.74602685009945,0.9389029006833014,0
14.448921554480116,-53.561274882561705,1.0337930863941198,1
72.01107097662754,3.1114885756832646,0.9595712775012167,1
-72.92830937156077,-12.67596089112816,1.1735464055117624,1
-64.62923234756929,-59.663721098776456,0.8383168791093426,1
82.10401231928255,44.30763883538227,1.0177508187889786,0
-34.72339799383574,93.82045776335981,1.2249680153925804,0
-5.435885735100938,-60.34853305376147,1.1627610140171571,0
46.94767309661826,33.59619131615725,1.116200076830808,1
81.39230893416409,29.10822083915249,0.9418503419810087,1
-45.78282819252503,-13.447323449785127,1.119100550199408,1
-9.086527495537377,-38.49763258454112,1.1173774652388302,1
16.79082854249251,9.707813217892339,1.1384072424432043,1
42.48287313307648,88.81073499456012,1.0707690301083521,0
-39.90015078582275,-49.756571251425356,1.0588461731096448,1
-19.55879477308773,94.45968531144838,1.0920712383030222,0
40.84507555782342,-80.87333603994811,0.9182446822761642,0
-97.63976768707387,-20.138779269601176,0.9108312947307609,0
35.09279584483401,52.6123370357371,1.2565489514746617,0
37.69467599390099,70.01012771044383,0.9362963753709277,1
-29.02751500455262,18.742743235309067,1.1473403800558122,1
-80.33743620192357,46.16619486982153,0.9493972135350645,0
54.65076295764238,-37.79368781074891,1.166007386956212,1
44.078766740982125,9.982792837919982,1.2074122725031784,1
49.4626906950893,17.35191814248875,1.042692902161617,1
-5.057728986392539,4.66960589870775,1.085871538667383,1
-64.45304180942495,0.4304861602083786,1.2217534976921252,1
-56.57866496102918,-76.550395105927,0.9119076669408094,0
68.65949741658383,-58.99423368705079,0.9039052371428942,0
13.01907545095627,31.563727089761414,1.2938657152746798,0
53.35479571016986,-12.909135614349653,1.0803372945450167,1
-82.37122323384008,50.95291656431742,1.0386589494966214,0
-96.23662125815449,27.358057168829767,0.9658639575731067,0
-49.52065329616597,-47.47848849595189,1.094328062248733,1
19.03317253629126,69.20505768812119,1.248424567941401,0
82.17563026998627,-24.554512806906185,1.0860046357467235,0
-57.170620659278384,11.048660406067977,1.1855029166765254,0
38.799024793752714,-54.742971069173464,1.0449465134078813,1
28.92975980438257,78.12506428996663,0.9276214463314374,1
65.01567087324158,-14.287781165396702,1.0626877539577477,1
-34.57754447727097,61.60271080116297,1.0485984624769586,1
62.048690675096616,39.12268284020231,0.9643586449455009,1
21.20079809122114,40.8778300470745,1.1574652030167123,1
72.2804167477525,-60.16803083498198,0.8108601069609463,0
-76.93558354349578,56.60324733870317,0.9505945492202675,0
9.650518857329352,2.787927669895156,1.23708836883564,1
13.888999394432672,-52.3999247046726,1.0004929834798497,1
15.001790431503721,-23.383803465004643,1.3864954883313727,0
71.60913207548458,47.56794805641173,1.2737325256901317,0
19.38079406885152,85.10002992372246,1.0797977104013843,0
26.534052858232837,16.61894546080352,1.2262885262641638,1
52.4706446246465,5.28552824116158,1.0661728833779593,1
-3.3789349142025933,9.685611653174183,1.2998464791872912,1
-31.596481579012494,60.82895338867472,1.0278590464553057,1
91.57645786119932,12.489421112550984,1.0263540476881587,0
-77.88500529539269,-5.5721669077945775,1.08810315970986,0
-28.217909272096065,68.31784793869295,1.1260936734195286,0
-92.81397629145786,8.025253427649247,1.2148775650697636,0
-69.82099121335806,-56.59283018223717,1.0885277293218059,0
3.630213404750693,-94.07112059082289,1.1295771896294262,0
90.89120559269755,-17.663085790373962,1.1221877126451523,0
-12.666068630143002,23.88512911993084,1.1213730316261543,1
-10.01955024220557,-50.33448832585417,1.0717418015670928,0
27.121717931507437,-17.162048253640258,1.1186228935836062,1
90.31543391448695,-15.852402362626055,0.808408064623193,0
-11.23425217630077,71.40472453232945,1.1536745578840832,0
-95.33821385432641,14.541229135387159,1.0266165650502406,0
68.38917475951581,-48.14292929963165,1.095601920801243,0
-16.105086664504178,83.82791607434721,1.0865836113099654,0
-60.03374717741246,-38.639336119886245,1.1037536653587194,1
4.730100392312932,14.394544962279147,1.0909980500494305,1
-26.89612138679062,-29.703545054377354,0.9106097552316585,1
87.23983454840746,-27.22137168974276,0.9802334832919175,0
-36.919347103970864,-70.23695702316455,1.2414247981850721,0
-54.402915545995,-79.95599276882753,1.190446673658699,0
76.51482808311128,-13.379128415842965,1.031957025623812,1
-45.66241173619471,42.04868930693503,1.017221798391062,1
15.768970600405922,-39.707270623131976,1.0617992567360888,1
48.22980675687738,37.15506728896224,1.0812215385553299,1
-29.946121984180362,49.86168792100665,1.0882260420513545,1
81.05128034100326,49.56584953487735,1.0213614844468695,0
-18.817616547408434,-71.95813596958564,1.0440285858928917,0
-36.72970006660061,-47.690501885668894,1.086054472697524,1
66.66735986134663,-32.96216181139766,0.9574360977140308,1
44.625355724533655,-46.85183142729413,1.0666089052537489,1
0.04595485170155504,-78.36555529254717,1.224661354735553,0
33.986930429555635,-21.726569192169276,1.1392916767990329,1
18.639806462902587,-18.51015327628374,1.059158236518438,1
-61.175655613633246,36.26255570632846,0.9464608918603258,1
-57.422676058005166,50.498115449337035,0.9995687231543608,1
-24.58584566033907,-65.00000444652512,1.2227231330902388,0
-37.019766330956585,-44.33598760753582,1.1038294564270212,1
-13.69825933043719,78.74062115289938,0.9762675966013951,1
-33.23031274310236,83.85837452256804,1.0416096863615698,0
56.055278197934015,19.149997292982224,1.1532826529719988,1
-67.4396943524586,-48.634285410283745,1.0909713498394817,0
-48.687076520916136,-64.6375877751514,0.9481337657017523,0
-51.60236116274455,59.12224598663755,1.0636376329257418,1
57.69692275364355,-57.12282401977646,0.9788506057512091,0
29.693100769899736,12.240701407781394,1.0342577792097172,1
82.2971637620896,24.04312265966516,1.1281095892131496,0
61.06982019759327,-72.1658280266265,0.9874634131199375,0
30.8582377513795,90.42558770064342,1.121525861213836,0
-78.90924102219195,-56.67603116302302,0.985984632080127,0
-97.88383412434057,16.342743401863064,1.041894636512598,0
20.1261361883914,-36.1685571460298,1.0062410189503395,1
-78.90772970454144,-16.186319988219058,0.9646181334749275,1
-83.46445497452574,-50.151365204679735,0.9519654801217049,0
80.04820986254306,33.53418723817242,1.0472723295851645,0
-31.364186286320393,-25.296057004817836,1.217381656633705,0
26.005085977468966,-84.82099017239562,1.1109186252139456,0
-61.96743184641352,63.086462326159506,0.943358647127035,0
13.56712553644029,-48.38575891373653,1.3238037207050641,0
-97.9165292757488,-2.4848315070255147,0.9917774227175016,0
-74.93589801796382,3.9295084422891744,1.1887408958493342,0
44.022659073206945,-75.53567641333355,0.9523204656164621,0
-15.8622570503993,71.64256937429728,1.063876543216419,1
92.3642386636031,-6.973439860023456,1.0862741703689045,0
90.2004735434064,11.230784508727167,1.0228909311418883,0
37.20896856130134,1.7016149633552775,1.239977270070825,0
80.77377519787785,21.812307893501973,0.9301325619602702,1
85.52049660204769,32.468922054131546,0.9084754919157254,0
26.70170485231925,-66.79552979141707,1.14375752258784,0
-28.456497487748425,-9.424922312612567,1.1770728140290092,1
55.61028551629894,71.54211993240949,0.9504277197451175,0
21.562016418375862,-39.01817572290614,1.0248233621956941,1
93.62256605746786,13.803166365634722,0.8545746266395925,0
-7.8416816969875125,65.09442642376207,1.1319709053992186,1
29.661767916466847,76.92364721837849,1.0765076146819461,0
-76.70282520370861,-12.011762692031743,1.183979704253044,0
-18.680348808559597,-78.32616541966011,1.0971350717121673,0
79.63861862232947,-31.283480451720518,0.9560349591186139,0
-57.64170762390745,72.61702111606009,0.9217062832558004,0
-65.77288149786969,-49.45368700157412,1.1528599940537354,0
92.27661565782905,16.418415198833053,1.034539996494697,0
-47.39001926272962,-64.21391844716474,1.0556329207969173,1
-51.95613756241406,-81.50928492031356,0.9461738465335734,0
32.90939068982647,-39.94773902938247,1.146356790638942,1
-65.04700372667446,-50.41903729543498,0.8068424231831243,1
-54.725066581497515,80.49857659100698,0.8374585526651069,0
51.39110177217433,80.69254187416294,1.0214059458226021,0
-88.25188288386033,0.15782474321751905,1.159199475480426,0
2.3902491047374306,42.64848964407887,1.092928046565612,1
80.45938028014885,-9.962153723905093,1.033565128724354,0
63.955407542560955,-37.34471834317186,1.0314090347343645,1
44.49265187470026,1.4943360867992481,1.05598850089604,1
0.4028509727085618,25.63027410810198,1.1100991857680595,1
54.32510342938186,5.397336688116743,1.0831326004482076,1
-13.846396621385596,-43.20664258597652,1.0569967252753965,1
-76.89082232430594,-4.681128302873382,1.0888440611016752,0
39.1807332331418,76.51349477019923,1.09407031959846,0
31.30646787210193,72.59327411135304,1.0704977434174077,0
83.21483657551042,16.898852284803986,1.130453466955887,0
82.76693745271974,-32.69221722797585,0.9543463923572598,0
63.41769534816431,-48.00193145918366,0.889178988928009,1
-22.19201565806645,64.95509402327133,1.0510182589614376,1
47.15246298833648,-42.66838351927435,1.0864605341430817,1
-83.9774963920399,-10.500592793943351,0.9503059451547148,1
-48.26894186235088,-54.51916497322426,1.1258025601142694,0
27.30996079997482,-37.11038585804189,1.2373234806594786,0
25.229213584161013,67.49096629443969,0.9513984270792474,1
37.50542555916634,-60.666670816756785,1.0898153052276955,0
67.6371862771265,36.34610998214951,1.1386482574287937,0
47.520929817295,-45.94243147137872,1.1028128627774638,1
-13.49175732142606,88.60930950820587,1.0292293903284129,0
-77.14796781109999,60.13746972670753,0.8582151378376749,0
-11.43649150300394,87.98265243954812,1.085590478174385,0
50.75922256127776,75.16751538549713,1.0550588317339595,0
59.62015351209835,23.349242378187764,0.971784500927244,1
-72.34679436059986,-21.890201310527566,1.1276019365448124,0
-65.44090245554504,-54.48335599787238,1.1185463358866354,0
-43.21069055710325,-70.1318782266402,1.031188531052305,0
-76.87291783663001,58.81624201544882,0.8570867744533055,0
13.849121217336277,-90.75560996835866,0.6707722167195307,0
-88.2597008277968,-11.332598357410681,0.9745019086905657,0
-16.599125609329693,-86.41163774184334,1.0760383782130243,0
-3.7000013010314077,-46.57424318102427,0.9952385243847721,1
75.1908483614578,-45.72463300542314,1.0707346081646187,0
-43.37786193150911,-50.897746755402096,1.1374251023562938,1
83.51458754001834,-28.31236636195716,1.0526707682284764,0
-73.56953986041987,-32.711498983934554,0.8790827779711259,1
61.89350363923545,25.126926978760757,1.044807724300762,1
59.497445314003045,76.93891461097037,0.9422360734984836,0
-89.80565482109793,13.61554903720022,0.8735010427215086,1
-51.662928018184196,66.56417347184586,1.0406274596139533,0
87.95070521644004,26.430183425153356,1.057226195277084,0
69.07378076140428,62.39482929416165,0.9203054080077399,0
-67.57601261090038,74.35733731816103,1.1220356400063771,0
-93.21434373845653,-0.6051716834466264,0.932930659375523,0
-18.02981908966727,74.25587855466405,1.1251785847558644,0
-62.98440674640666,-53.58096981900523,1.0120710344599404,0
20.590160827326066,81.1878993665305,0.9469863837460804,1
-21.824602666821004,61.72741493054152,1.1273223467638123,1
12.173857987124572,42.10299958621871,1.2112775602119203,1
-16.208181859670443,-49.98297638590815,1.0655013220047023,1
62.335287684119095,-54.993905176752854,1.2374884492068279,0
-55.05629960350234,-33.74279747406846,1.1064537476678777,1
11.43649150300394,-76.410385238335,0.9726001975687179,1
-14.383965738725573,90.81864001072948,1.030482306047555,0
-54.42930471432239,-4.287280247081131,1.2666631917684363,0
-25.02070768677127,-42.19111136799363,1.0173526907079948,1
69.85864017558569,25.191614160041553,1.1434288925733136,0
-2.4221024374632014,86.48741952689035,1.1031808008852175,0
22.87152566398773,-76.81649788127909,1.0899592467561252,0
21.461512560888274,-85.21939317489537,1.001477504838628,0
16.873700742592572,-83.84160021849955,1.1193602071464568,0
-32.61401899547668,-47.166388700973314,0.9972775322714633,1
-56.64979900666061,-67.80429482876856,1.0276779476047764,0
41.366738967513356,-15.666426716443752,1.1318444487202093,1
85.88699461459498,-35.57371871147833,0.973036386074655,0
61.44425664720481,72.73258092804308,1.11926526488491,0
71.24888723197117,10.062899637994446,1.0017730351854501,1
-28.911450519593966,-79.23451976108593,0.9196037686891702,1
14.69510826002424,-68.57717188011311,0.9255303270267244,1
35.714632474502096,68.96602062528024,1.224084331337826,0
-76.96132124452994,-36.87876849050859,0.9811860407967791,0
-4.485345442938195,96.48619896515238,0.8774423909284813,0
-64.8163939254084,-55.536856052724445,1.127145568962375,0
32.40067707788031,-78.74322061925824,0.8412907171257782,0
5.6177963096141745,37.80585233031698,1.140686241727538,1
72.88849368768993,6.566893130802161,1.1560634419298081,0
87.33870827934118,5.588052343272201,0.9317514130507136,0
-60.30150065220259,-40.1459305711924,1.199010839193074,1
-47.19479715475247,24.439625677652256,1.2880272296831288,1
0.04511930894334547,-57.24136327947353,1.2412631286257734,0
73.76571076886924,18.979535392477782,0.9127624430993743,1
-11.397996854500668,-73.69129037661622,1.0357996469379929,0
76.65005408213743,31.082190605424405,1.0449620861082465,0
-44.95100675920421,-77.07881944490326,0.9231361934921124,0
12.014879040697501,89.9168210136215,0.9694989808385583,0
-35.32257010334184,68.67465186857098,1.0518427884613144,0
9.18877154358153,-48.96500442785768,0.9963057471273787,1
-85.20842465992273,-49.04523079511116,0.9437978620316994,0
-67.89453344665527,42.84830372654233,0.9591147601026944,1
56.48514793371917,-58.22504285375716,1.137716356733742,0
-97.40808630895141,14.602388591702445,1.0338134454752137,0
-38.08546545564347,62.00236743212267,1.1088365131652151,0
-15.81682441292162,96.47009577744866,1.0715893314075404,0
71.75641207510344,-61.470880721534236,0.8108601069609463,0
-24.971334705604285,-27.30325858533675,1.10257963936356,1
-3.101952489855863,-47.824378623063964,1.0283951062763403,1
-2.2932261377367387,84.81549374119676,1.0083081368295082,0
-50.14823191933645,-12.211979625467904,1.1244384589243779,1
16.97670967818269,-58.76334239276993,1.1972828446079058,1
-47.92882146784025,-7.906323349565271,1.2035398386722096,0
80.59421275688575,13.153684714313657,1.0777210593500528,0
-49.7017387579178,65.28200012742111,1.028780530856962,1
-9.71590916014581,-70.01666674072548,0.9917799935474755,1
-50.48070830854099,68.18493097417549,0.9532638466424175,1
2.600626834929663,71.07335587026648,0.9826084419102961,1
57.58978460964723,-61.5001247180716,1.0194891788532439,0
-92.60012557702628,-8.054192429801192,0.9900657608599622,0
-62.20885364797936,-69.75299616485266,0.9098048954936107,0
9.525187443597801,41.95653385566183,1.1108862803513908,1
-2.4005786168581547,58.8447055599593,1.1507392722097434,1
42.06659379461097,69.38884198808887,1.0016337185627118,1
-25.204147301414697,-23.393108372993822,1.156556499535542,1
-42.04868930693503,75.18989599509203,0.8965554226142574,0
-76.59929055758255,-0.1035346461260643,0.9473523899197798,1
56.087829119283654,-71.67743980795646,0.8643028844805799,0
53.28059570811246,27.10844754652408,1.0476215478754975,1
74.62733699231416,-41.795519851197305,1.110094272874977,0
38.846471686093935,49.14871389482735,1.1198573725721495,0
71.57990366743151,8.51470292038718,0.998386208075954,0
39.0685868026515,69.57982318996552,1.005728398828507,0
-43.01146243969104,57.367606194395854,1.1035687232978726,1
76.15638023983907,-16.328176580946334,0.9204830978239157,1
-41.703017181965755,-6.464675179249942,1.0956660204997637,1
-70.16309630771619,2.5741144204864375,1.1325686611872108,1
-20.582203277247874,-86.28371549785378,1.1607020632138347,0
3.6525154858908824,-22.989362175901448,1.0666098835915452,1
1.9828072377529975,87.36242262287662,1.0241367309406322,0
-35.144762528576365,75.01849327770655,1.085796434327983,0
-27.026252727005524,-26.812922661079483,1.2270622890216578,1
12.528499468942734,-91.56156058721571,0.8670210909518561,0
-84.59110842553982,3.6422068414714013,0.994085350731406,0
11.630755194287836,87.8222282299717,1.0956039335205179,0
-96.50313395995364,1.699165232065441,1.1045269929192154,0
10.013547779862114,91.12458132861146,0.9577846359843352,0
93.5223009264826,-10.402507339718651,0.9207458956450765,0
-15.72579422821132,-31.21411840935234,1.161186148506921,1
-63.09989069191644,-75.48979616366397,1.0609086699281178,0
-50.11937271222722,-30.686407193640566,1.137593913672343,1
-22.1428546539206,55.772479110539756,1.1548847991551012,0
-78.5090720486633,-29.578213640645806,1.0174924093015936,0
59.787904788939024,-49.20222076761274,1.1917171808045135,0
-40.68884346794773,-88.09545071190651,0.9482173547616571,0
-33.09213512934147,-79.65971818693075,0.9145459953865893,0
50.076043482505774,77.29016261315647,1.09177826667374,0
70.08304780570585,-10.250590474589496,1.0805238987599013,1
-85.67154117033833,-28.97662285473437,1.1324611350245948,0
-70.11039284142907,35.90995666236371,0.9318558361820988,1
30.91621116561775,-39.892650257201744,1.1273455925280425,1
86.59831000605872,29.29336951852865,1.0140472100001527,0
88.15157738849064,24.537711131876954,0.7973448283398786,0
-94.66788338050547,-7.527884701365222,1.0297865903450363,0
57.947347760587235,41.06446908733729,1.0604856119617518,1
-80.16763235106146,-8.259744459792163,0.9709992038681204,0
-44.311617610421365,-6.886264898916819,1.0980188153216541,1
-0.562658048879924,66.26831835410105,1.1736108950913322,0
38.789045243244814,-67.47966592107045,1.2589189511484413,0
-16.58385266495869,90.62463864100918,1.0725396793229824,0
14.452104574511404,-10.073860521489248,1.2130011357341333,1
59.68054046598719,-13.689608508950672,1.1510090599551128,0
-2.102782608162679,-82.13106798954841,1.0910638999539524,0
-2.571800609771404,-94.82574762929075,1.0476396931048237,0
9.077575251699397,-0.005968162558643882,0.9725373498222926,1
0.5416866186702615,79.46224056705239,1.2408253588617992,0
-64.37299923505147,64.51782664647459,1.1064902613216543,0
-67.56556832642275,-4.147872978258438,1.1248073661801246,0
-25.21250272899682,75.3032910837063,0.9991925332792273,0
-26.417682337850206,77.38942338328145,1.084344823009018,0
-5.138587962993551,12.570003553664277,1.090207540956692,1
56.26186844034867,-76.53571665206654,0.9215486561005402,0
21.477246807633787,-88.40991862272385,0.9946903063773318,0
-76.82815661744016,-15.061886956091579,1.174130373353621,0
-35.533062605891,-51.94183692674469,1.0593506344435901,0
48.799495001111694,-69.34017433522428,1.1550536837791379,0
16.125975233459446,49.798348389335864,0.8294283005531877,1
-25.203272896202627,57.42219027733179,1.1339716330519454,0
-4.330200344425047,-56.90046183412371,1.0873002878471925,0
-50.93229927547847,-44.77912367751522,1.085002915747191,0
-54.17642192342778,-0.31460742630574157,1.1697635884863873,0
29.115451497637014,10.609786216274681,1.175974047463387,0
-61.34450487935492,-17.880615025701147,1.147502756937822,0
13.517225066158298,88.60466760399359,1.1113169658114956,0
-27.874239739061533,-91.96925804654104,0.9611955565018678,0
16.15521922999681,49.10484790002129,0.8294283005531877,1
-95.75320009090422,21.920032084359367,1.0998487978295763,0
-29.826511724453606,-53.37935853136374,1.131899294734219,0
-25.72242955937518,91.91216088183732,0.8320438743741516,0
-26.779145400641198,74.45614356496527,1.0879829598816841,0
-0.5902705291873047,-86.03395110346402,1.1630470748421375,0
-63.683103047831125,8.286618178486,0.9699466018009628,0
-51.961264756612174,52.832887770290675,0.9971453869075563,0
