foam	beta	k	series	f	S
ordered	0.001	1	t1	7.629388473795709e-6	0.0
ordered	0.001	1	t1	1.525877694759142e-5	0.0
ordered	0.001	1	t1	2.2888165421387134e-5	0.0
ordered	0.001	1	t1	3.0517553895182842e-5	0.0
ordered	0.001	1	t1	3.814694236897854e-5	0.0
ordered	0.001	1	t1	4.577633084277418e-5	0.0
ordered	0.001	1	t1	5.340571931656997e-5	0.0
ordered	0.001	1	t1	6.10351077903657e-5	0.0
ordered	0.001	1	t1	6.86644962641613e-5	0.0
ordered	0.001	1	t1	7.629388473795709e-5	0.0
ordered	0.001	1	t1	8.392327321175269e-5	0.0
ordered	0.001	1	t1	9.529103149571589e-5	0.0
ordered	0.001	1	t1	0.00010681143863313985	0.0
ordered	0.001	1	t1	0.00011819397800303034	0.0
ordered	0.001	1	t1	0.00013345979153336977	0.0
ordered	0.001	1	t1	0.0001487241608614854	0.0
ordered	0.001	1	t1	0.00016773086992482195	0.0
ordered	0.001	1	t1	0.00019063293236353633	0.0
ordered	0.001	1	t1	0.00021353201256911329	0.0
ordered	0.001	1	t1	0.00023642897778077072	0.0
ordered	0.001	1	t1	0.0002630756059577625	0.0
ordered	0.001	1	t1	0.00029735037055581985	0.0
ordered	0.001	1	t1	0.00033551959004834276	0.0
ordered	0.001	1	t1	0.0003774297929274283	0.0
ordered	0.001	1	t1	0.0004232304713625064	0.0
ordered	0.001	1	t1	0.00047277581579931876	0.0
ordered	0.001	1	t1	0.000529954140682307	0.0
ordered	0.001	1	t1	0.0005947660315265448	0.0
ordered	0.001	1	t1	0.0006672115727191813	0.0
ordered	0.001	1	t1	0.0007510328933877064	0.0
ordered	0.001	1	t1	0.0008426357798242797	0.0
ordered	0.001	1	t1	0.000945469465562411	0.0
ordered	0.001	1	t1	0.0010637181906205887	0.0
ordered	0.001	1	t1	0.0011933427345577946	0.0
ordered	0.001	1	t1	0.001338234444659373	0.0
ordered	0.001	1	t1	0.0014983929255561702	0.0
ordered	0.001	1	t1	0.0016813062912522984	0.0
ordered	0.001	1	t1	0.0018872672594733926	0.0
ordered	0.001	1	t1	0.0021159825568989763	0.0
ordered	0.001	1	t1	0.0023752319840376667	0.0
ordered	0.001	1	t1	0.0026650158537247022	0.0
ordered	0.001	1	t1	0.002989077753483762	0.0
ordered	0.001	1	t1	0.0033550511129892243	0.0
ordered	0.001	1	t1	0.0037630823722051253	0.0
ordered	0.001	1	t1	0.004220512937761092	0.0
ordered	0.001	1	t1	0.004735268427364398	0.0
ordered	0.001	1	t1	0.00531468965810924	0.0
ordered	0.001	1	t1	0.005966703895880201	0.0
ordered	0.001	1	t1	0.006691163505285742	0.0
ordered	0.001	1	t1	0.00750693386647431	0.0
ordered	0.001	1	t1	0.008425831166491782	0.0
ordered	0.001	1	t1	0.009451452182471384	0.0
ordered	0.001	1	t1	0.010602808117072449	0.0
ordered	0.001	1	t1	0.011899055913815891	0.0
ordered	0.001	1	t1	0.013351719421174534	0.0
ordered	0.001	1	t1	0.014979662876172375	0.0
ordered	0.001	1	t1	0.016805933483363636	0.0
ordered	0.001	1	t1	0.0188570292540463	0.0
ordered	0.001	1	t1	0.021159887502757043	0.0
ordered	0.001	1	t1	0.023741006069205848	0.0
ordered	0.001	1	t1	0.026638552998525435	0.0
ordered	0.001	1	t1	0.029886952690767608	0.0
ordered	0.001	1	t1	0.0335317139880143	0.0
ordered	0.001	1	t1	0.03762641841208682	0.0
ordered	0.001	1	t1	0.042216867626638205	0.0
ordered	0.001	1	t1	0.047367581161098446	0.0
ordered	0.001	1	t1	0.05314755428959493	0.0
ordered	0.001	1	t1	0.05963268370222095	0.0
ordered	0.001	1	t1	0.06691097550584788	0.0
ordered	0.001	1	t1	0.07507374000353845	0.0
ordered	0.001	1	t1	0.0842315912160045	0.0
ordered	0.001	1	t1	0.09451026390588896	0.0
ordered	0.001	1	t1	0.10604341934190899	0.0
ordered	0.001	1	t1	0.11898329021012795	0.0
ordered	0.001	1	t1	0.13350170578599946	0.0
ordered	0.001	1	t1	0.14978906678461706	0.0
ordered	0.001	1	t1	0.16806660120897057	0.0
ordered	0.001	1	t1	0.18857454785745398	0.0
ordered	0.001	1	t1	0.2115835334850689	0.0
ordered	0.001	1	t1	0.23739860927755593	0.0
ordered	0.001	1	t1	0.266366591568392	0.0
ordered	0.001	1	t1	0.29886901401039945	0.0
ordered	0.001	1	t1	0.33533636966402874	0.0
ordered	0.001	1	t1	0.3762531725804453	0.0
ordered	0.001	1	t1	0.4221605298354539	0.0
ordered	0.001	1	t1	0.47367243381911905	0.0
ordered	0.001	1	phi	7.629388473795709e-6	5.463169877868476e-31
ordered	0.001	1	phi	1.525877694759142e-5	5.656756659203888e-33
ordered	0.001	1	phi	2.2888165421387134e-5	6.037016408514536e-32
ordered	0.001	1	phi	3.0517553895182842e-5	6.197291174829415e-32
ordered	0.001	1	phi	3.814694236897854e-5	3.3720554882741355e-32
ordered	0.001	1	phi	4.577633084277418e-5	8.705119934085281e-33
ordered	0.001	1	phi	5.340571931656997e-5	1.9471813365053391e-31
ordered	0.001	1	phi	6.10351077903657e-5	1.1678059768337056e-31
ordered	0.001	1	phi	6.86644962641613e-5	1.352593356640679e-31
ordered	0.001	1	phi	7.629388473795709e-5	1.1006319869171801e-31
ordered	0.001	1	phi	8.392327321175269e-5	5.602703122174949e-31
ordered	0.001	1	phi	9.529103149571589e-5	1.4822273458004595e-31
ordered	0.001	1	phi	0.00010681143863313985	2.6800455330902387e-31
ordered	0.001	1	phi	0.00011819397800303034	1.995735116458693e-31
ordered	0.001	1	phi	0.00013345979153336977	7.330213550496245e-32
ordered	0.001	1	phi	0.0001487241608614854	4.3054201406577555e-32
ordered	0.001	1	phi	0.00016773086992482195	1.677228246772398e-31
ordered	0.001	1	phi	0.00019063293236353633	9.715478780770559e-32
ordered	0.001	1	phi	0.00021353201256911329	1.7235559737238247e-31
ordered	0.001	1	phi	0.00023642897778077072	6.152245874077527e-32
ordered	0.001	1	phi	0.0002630756059577625	6.762180126036573e-32
ordered	0.001	1	phi	0.00029735037055581985	1.588998350833809e-31
ordered	0.001	1	phi	0.00033551959004834276	1.752667039589128e-31
ordered	0.001	1	phi	0.0003774297929274283	1.451848057263336e-31
ordered	0.001	1	phi	0.0004232304713625064	1.403621477919286e-31
ordered	0.001	1	phi	0.00047277581579931876	8.049117536024655e-32
ordered	0.001	1	phi	0.000529954140682307	1.9673937445780644e-31
ordered	0.001	1	phi	0.0005947660315265448	1.3765898538727868e-31
ordered	0.001	1	phi	0.0006672115727191813	2.0355819248983445e-31
ordered	0.001	1	phi	0.0007510328933877064	1.874865528144243e-31
ordered	0.001	1	phi	0.0008426357798242797	1.405554918231954e-31
ordered	0.001	1	phi	0.000945469465562411	1.469852938183615e-31
ordered	0.001	1	phi	0.0010637181906205887	1.8286892392589723e-31
ordered	0.001	1	phi	0.0011933427345577946	1.9148943718989667e-31
ordered	0.001	1	phi	0.001338234444659373	1.4034829217131232e-31
ordered	0.001	1	phi	0.0014983929255561702	1.2904633299940732e-31
ordered	0.001	1	phi	0.0016813062912522984	1.5447844388596906e-31
ordered	0.001	1	phi	0.0018872672594733926	1.2935212101413635e-31
ordered	0.001	1	phi	0.0021159825568989763	1.7453521687634936e-31
ordered	0.001	1	phi	0.0023752319840376667	1.3458990239399658e-31
ordered	0.001	1	phi	0.0026650158537247022	1.648890607623244e-31
ordered	0.001	1	phi	0.002989077753483762	1.7235844094630837e-31
ordered	0.001	1	phi	0.0033550511129892243	1.9148519745124514e-31
ordered	0.001	1	phi	0.0037630823722051253	1.8265613063755933e-31
ordered	0.001	1	phi	0.004220512937761092	1.838681011414977e-31
ordered	0.001	1	phi	0.004735268427364398	1.5879969024604162e-31
ordered	0.001	1	phi	0.00531468965810924	1.7040271342521789e-31
ordered	0.001	1	phi	0.005966703895880201	1.9496536644406496e-31
ordered	0.001	1	phi	0.006691163505285742	1.5104128049270254e-31
ordered	0.001	1	phi	0.00750693386647431	1.6399781643006974e-31
ordered	0.001	1	phi	0.008425831166491782	1.5144109066601127e-31
ordered	0.001	1	phi	0.009451452182471384	1.7348165946331029e-31
ordered	0.001	1	phi	0.010602808117072449	1.408954756297159e-31
ordered	0.001	1	phi	0.011899055913815891	1.5890669938789613e-31
ordered	0.001	1	phi	0.013351719421174534	1.6360870329377075e-31
ordered	0.001	1	phi	0.014979662876172375	1.6279501640549316e-31
ordered	0.001	1	phi	0.016805933483363636	1.7050091875322851e-31
ordered	0.001	1	phi	0.0188570292540463	1.6544190273751413e-31
ordered	0.001	1	phi	0.021159887502757043	1.648383521469298e-31
ordered	0.001	1	phi	0.023741006069205848	1.6926706216431109e-31
ordered	0.001	1	phi	0.026638552998525435	1.6755237664798552e-31
ordered	0.001	1	phi	0.029886952690767608	1.7389254569193222e-31
ordered	0.001	1	phi	0.0335317139880143	1.62074445140723e-31
ordered	0.001	1	phi	0.03762641841208682	1.6947961746036077e-31
ordered	0.001	1	phi	0.042216867626638205	1.7154248624509915e-31
ordered	0.001	1	phi	0.047367581161098446	1.708001325580272e-31
ordered	0.001	1	phi	0.05314755428959493	1.7049671129771426e-31
ordered	0.001	1	phi	0.05963268370222095	1.700967652786359e-31
ordered	0.001	1	phi	0.06691097550584788	1.603970664914712e-31
ordered	0.001	1	phi	0.07507374000353845	1.733932078159389e-31
ordered	0.001	1	phi	0.0842315912160045	1.6325509378617746e-31
ordered	0.001	1	phi	0.09451026390588896	1.6189037189802453e-31
ordered	0.001	1	phi	0.10604341934190899	1.6521591015086351e-31
ordered	0.001	1	phi	0.11898329021012795	1.6557762477186764e-31
ordered	0.001	1	phi	0.13350170578599946	1.656414737058876e-31
ordered	0.001	1	phi	0.14978906678461706	1.6515018239975233e-31
ordered	0.001	1	phi	0.16806660120897057	1.548388898559373e-31
ordered	0.001	1	phi	0.18857454785745398	1.561495607598718e-31
ordered	0.001	1	phi	0.2115835334850689	1.5433095342961192e-31
ordered	0.001	1	phi	0.23739860927755593	1.5402955713632477e-31
ordered	0.001	1	phi	0.266366591568392	1.4423191108721497e-31
ordered	0.001	1	phi	0.29886901401039945	1.3837010541409368e-31
ordered	0.001	1	phi	0.33533636966402874	1.3186582987785236e-31
ordered	0.001	1	phi	0.3762531725804453	1.2129330875019085e-31
ordered	0.001	1	phi	0.4221605298354539	1.1122075703566014e-31
ordered	0.001	1	phi	0.47367243381911905	9.916422602903205e-32
ordered	0.001	2	t1	7.629388473795709e-6	0.0
ordered	0.001	2	t1	1.525877694759142e-5	0.0
ordered	0.001	2	t1	2.2888165421387134e-5	0.0
ordered	0.001	2	t1	3.0517553895182842e-5	0.0
ordered	0.001	2	t1	3.814694236897854e-5	0.0
ordered	0.001	2	t1	4.577633084277418e-5	0.0
ordered	0.001	2	t1	5.340571931656997e-5	0.0
ordered	0.001	2	t1	6.10351077903657e-5	0.0
ordered	0.001	2	t1	6.86644962641613e-5	0.0
ordered	0.001	2	t1	7.629388473795709e-5	0.0
ordered	0.001	2	t1	8.392327321175269e-5	0.0
ordered	0.001	2	t1	9.529103149571589e-5	0.0
ordered	0.001	2	t1	0.00010681143863313985	0.0
ordered	0.001	2	t1	0.00011819397800303034	0.0
ordered	0.001	2	t1	0.00013345979153336977	0.0
ordered	0.001	2	t1	0.0001487241608614854	0.0
ordered	0.001	2	t1	0.00016773086992482195	0.0
ordered	0.001	2	t1	0.00019063293236353633	0.0
ordered	0.001	2	t1	0.00021353201256911329	0.0
ordered	0.001	2	t1	0.00023642897778077072	0.0
ordered	0.001	2	t1	0.0002630756059577625	0.0
ordered	0.001	2	t1	0.00029735037055581985	0.0
ordered	0.001	2	t1	0.00033551959004834276	0.0
ordered	0.001	2	t1	0.0003774297929274283	0.0
ordered	0.001	2	t1	0.0004232304713625064	0.0
ordered	0.001	2	t1	0.00047277581579931876	0.0
ordered	0.001	2	t1	0.000529954140682307	0.0
ordered	0.001	2	t1	0.0005947660315265448	0.0
ordered	0.001	2	t1	0.0006672115727191813	0.0
ordered	0.001	2	t1	0.0007510328933877064	0.0
ordered	0.001	2	t1	0.0008426357798242797	0.0
ordered	0.001	2	t1	0.000945469465562411	0.0
ordered	0.001	2	t1	0.0010637181906205887	0.0
ordered	0.001	2	t1	0.0011933427345577946	0.0
ordered	0.001	2	t1	0.001338234444659373	0.0
ordered	0.001	2	t1	0.0014983929255561702	0.0
ordered	0.001	2	t1	0.0016813062912522984	0.0
ordered	0.001	2	t1	0.0018872672594733926	0.0
ordered	0.001	2	t1	0.0021159825568989763	0.0
ordered	0.001	2	t1	0.0023752319840376667	0.0
ordered	0.001	2	t1	0.0026650158537247022	0.0
ordered	0.001	2	t1	0.002989077753483762	0.0
ordered	0.001	2	t1	0.0033550511129892243	0.0
ordered	0.001	2	t1	0.0037630823722051253	0.0
ordered	0.001	2	t1	0.004220512937761092	0.0
ordered	0.001	2	t1	0.004735268427364398	0.0
ordered	0.001	2	t1	0.00531468965810924	0.0
ordered	0.001	2	t1	0.005966703895880201	0.0
ordered	0.001	2	t1	0.006691163505285742	0.0
ordered	0.001	2	t1	0.00750693386647431	0.0
ordered	0.001	2	t1	0.008425831166491782	0.0
ordered	0.001	2	t1	0.009451452182471384	0.0
ordered	0.001	2	t1	0.010602808117072449	0.0
ordered	0.001	2	t1	0.011899055913815891	0.0
ordered	0.001	2	t1	0.013351719421174534	0.0
ordered	0.001	2	t1	0.014979662876172375	0.0
ordered	0.001	2	t1	0.016805933483363636	0.0
ordered	0.001	2	t1	0.0188570292540463	0.0
ordered	0.001	2	t1	0.021159887502757043	0.0
ordered	0.001	2	t1	0.023741006069205848	0.0
ordered	0.001	2	t1	0.026638552998525435	0.0
ordered	0.001	2	t1	0.029886952690767608	0.0
ordered	0.001	2	t1	0.0335317139880143	0.0
ordered	0.001	2	t1	0.03762641841208682	0.0
ordered	0.001	2	t1	0.042216867626638205	0.0
ordered	0.001	2	t1	0.047367581161098446	0.0
ordered	0.001	2	t1	0.05314755428959493	0.0
ordered	0.001	2	t1	0.05963268370222095	0.0
ordered	0.001	2	t1	0.06691097550584788	0.0
ordered	0.001	2	t1	0.07507374000353845	0.0
ordered	0.001	2	t1	0.0842315912160045	0.0
ordered	0.001	2	t1	0.09451026390588896	0.0
ordered	0.001	2	t1	0.10604341934190899	0.0
ordered	0.001	2	t1	0.11898329021012795	0.0
ordered	0.001	2	t1	0.13350170578599946	0.0
ordered	0.001	2	t1	0.14978906678461706	0.0
ordered	0.001	2	t1	0.16806660120897057	0.0
ordered	0.001	2	t1	0.18857454785745398	0.0
ordered	0.001	2	t1	0.2115835334850689	0.0
ordered	0.001	2	t1	0.23739860927755593	0.0
ordered	0.001	2	t1	0.266366591568392	0.0
ordered	0.001	2	t1	0.29886901401039945	0.0
ordered	0.001	2	t1	0.33533636966402874	0.0
ordered	0.001	2	t1	0.3762531725804453	0.0
ordered	0.001	2	t1	0.4221605298354539	0.0
ordered	0.001	2	t1	0.47367243381911905	0.0
ordered	0.001	2	phi	7.629388473795709e-6	5.463169877868476e-31
ordered	0.001	2	phi	1.525877694759142e-5	5.656756659203888e-33
ordered	0.001	2	phi	2.2888165421387134e-5	6.037016408514536e-32
ordered	0.001	2	phi	3.0517553895182842e-5	6.197291174829415e-32
ordered	0.001	2	phi	3.814694236897854e-5	3.3720554882741355e-32
ordered	0.001	2	phi	4.577633084277418e-5	8.705119934085281e-33
ordered	0.001	2	phi	5.340571931656997e-5	1.9471813365053391e-31
ordered	0.001	2	phi	6.10351077903657e-5	1.1678059768337056e-31
ordered	0.001	2	phi	6.86644962641613e-5	1.352593356640679e-31
ordered	0.001	2	phi	7.629388473795709e-5	1.1006319869171801e-31
ordered	0.001	2	phi	8.392327321175269e-5	5.602703122174949e-31
ordered	0.001	2	phi	9.529103149571589e-5	1.4822273458004595e-31
ordered	0.001	2	phi	0.00010681143863313985	2.6800455330902387e-31
ordered	0.001	2	phi	0.00011819397800303034	1.995735116458693e-31
ordered	0.001	2	phi	0.00013345979153336977	7.330213550496245e-32
ordered	0.001	2	phi	0.0001487241608614854	4.3054201406577555e-32
ordered	0.001	2	phi	0.00016773086992482195	1.677228246772398e-31
ordered	0.001	2	phi	0.00019063293236353633	9.715478780770559e-32
ordered	0.001	2	phi	0.00021353201256911329	1.7235559737238247e-31
ordered	0.001	2	phi	0.00023642897778077072	6.152245874077527e-32
ordered	0.001	2	phi	0.0002630756059577625	6.762180126036573e-32
ordered	0.001	2	phi	0.00029735037055581985	1.588998350833809e-31
ordered	0.001	2	phi	0.00033551959004834276	1.752667039589128e-31
ordered	0.001	2	phi	0.0003774297929274283	1.451848057263336e-31
ordered	0.001	2	phi	0.0004232304713625064	1.403621477919286e-31
ordered	0.001	2	phi	0.00047277581579931876	8.049117536024655e-32
ordered	0.001	2	phi	0.000529954140682307	1.9673937445780644e-31
ordered	0.001	2	phi	0.0005947660315265448	1.3765898538727868e-31
ordered	0.001	2	phi	0.0006672115727191813	2.0355819248983445e-31
ordered	0.001	2	phi	0.0007510328933877064	1.874865528144243e-31
ordered	0.001	2	phi	0.0008426357798242797	1.405554918231954e-31
ordered	0.001	2	phi	0.000945469465562411	1.469852938183615e-31
ordered	0.001	2	phi	0.0010637181906205887	1.8286892392589723e-31
ordered	0.001	2	phi	0.0011933427345577946	1.9148943718989667e-31
ordered	0.001	2	phi	0.001338234444659373	1.4034829217131232e-31
ordered	0.001	2	phi	0.0014983929255561702	1.2904633299940732e-31
ordered	0.001	2	phi	0.0016813062912522984	1.5447844388596906e-31
ordered	0.001	2	phi	0.0018872672594733926	1.2935212101413635e-31
ordered	0.001	2	phi	0.0021159825568989763	1.7453521687634936e-31
ordered	0.001	2	phi	0.0023752319840376667	1.3458990239399658e-31
ordered	0.001	2	phi	0.0026650158537247022	1.648890607623244e-31
ordered	0.001	2	phi	0.002989077753483762	1.7235844094630837e-31
ordered	0.001	2	phi	0.0033550511129892243	1.9148519745124514e-31
ordered	0.001	2	phi	0.0037630823722051253	1.8265613063755933e-31
ordered	0.001	2	phi	0.004220512937761092	1.838681011414977e-31
ordered	0.001	2	phi	0.004735268427364398	1.5879969024604162e-31
ordered	0.001	2	phi	0.00531468965810924	1.7040271342521789e-31
ordered	0.001	2	phi	0.005966703895880201	1.9496536644406496e-31
ordered	0.001	2	phi	0.006691163505285742	1.5104128049270254e-31
ordered	0.001	2	phi	0.00750693386647431	1.6399781643006974e-31
ordered	0.001	2	phi	0.008425831166491782	1.5144109066601127e-31
ordered	0.001	2	phi	0.009451452182471384	1.7348165946331029e-31
ordered	0.001	2	phi	0.010602808117072449	1.408954756297159e-31
ordered	0.001	2	phi	0.011899055913815891	1.5890669938789613e-31
ordered	0.001	2	phi	0.013351719421174534	1.6360870329377075e-31
ordered	0.001	2	phi	0.014979662876172375	1.6279501640549316e-31
ordered	0.001	2	phi	0.016805933483363636	1.7050091875322851e-31
ordered	0.001	2	phi	0.0188570292540463	1.6544190273751413e-31
ordered	0.001	2	phi	0.021159887502757043	1.648383521469298e-31
ordered	0.001	2	phi	0.023741006069205848	1.6926706216431109e-31
ordered	0.001	2	phi	0.026638552998525435	1.6755237664798552e-31
ordered	0.001	2	phi	0.029886952690767608	1.7389254569193222e-31
ordered	0.001	2	phi	0.0335317139880143	1.62074445140723e-31
ordered	0.001	2	phi	0.03762641841208682	1.6947961746036077e-31
ordered	0.001	2	phi	0.042216867626638205	1.7154248624509915e-31
ordered	0.001	2	phi	0.047367581161098446	1.708001325580272e-31
ordered	0.001	2	phi	0.05314755428959493	1.7049671129771426e-31
ordered	0.001	2	phi	0.05963268370222095	1.700967652786359e-31
ordered	0.001	2	phi	0.06691097550584788	1.603970664914712e-31
ordered	0.001	2	phi	0.07507374000353845	1.733932078159389e-31
ordered	0.001	2	phi	0.0842315912160045	1.6325509378617746e-31
ordered	0.001	2	phi	0.09451026390588896	1.6189037189802453e-31
ordered	0.001	2	phi	0.10604341934190899	1.6521591015086351e-31
ordered	0.001	2	phi	0.11898329021012795	1.6557762477186764e-31
ordered	0.001	2	phi	0.13350170578599946	1.656414737058876e-31
ordered	0.001	2	phi	0.14978906678461706	1.6515018239975233e-31
ordered	0.001	2	phi	0.16806660120897057	1.548388898559373e-31
ordered	0.001	2	phi	0.18857454785745398	1.561495607598718e-31
ordered	0.001	2	phi	0.2115835334850689	1.5433095342961192e-31
ordered	0.001	2	phi	0.23739860927755593	1.5402955713632477e-31
ordered	0.001	2	phi	0.266366591568392	1.4423191108721497e-31
ordered	0.001	2	phi	0.29886901401039945	1.3837010541409368e-31
ordered	0.001	2	phi	0.33533636966402874	1.3186582987785236e-31
ordered	0.001	2	phi	0.3762531725804453	1.2129330875019085e-31
ordered	0.001	2	phi	0.4221605298354539	1.1122075703566014e-31
ordered	0.001	2	phi	0.47367243381911905	9.916422602903205e-32
ordered	0.001	3	t1	7.629388473795709e-6	0.0
ordered	0.001	3	t1	1.525877694759142e-5	0.0
ordered	0.001	3	t1	2.2888165421387134e-5	0.0
ordered	0.001	3	t1	3.0517553895182842e-5	0.0
ordered	0.001	3	t1	3.814694236897854e-5	0.0
ordered	0.001	3	t1	4.577633084277418e-5	0.0
ordered	0.001	3	t1	5.340571931656997e-5	0.0
ordered	0.001	3	t1	6.10351077903657e-5	0.0
ordered	0.001	3	t1	6.86644962641613e-5	0.0
ordered	0.001	3	t1	7.629388473795709e-5	0.0
ordered	0.001	3	t1	8.392327321175269e-5	0.0
ordered	0.001	3	t1	9.529103149571589e-5	0.0
ordered	0.001	3	t1	0.00010681143863313985	0.0
ordered	0.001	3	t1	0.00011819397800303034	0.0
ordered	0.001	3	t1	0.00013345979153336977	0.0
ordered	0.001	3	t1	0.0001487241608614854	0.0
ordered	0.001	3	t1	0.00016773086992482195	0.0
ordered	0.001	3	t1	0.00019063293236353633	0.0
ordered	0.001	3	t1	0.00021353201256911329	0.0
ordered	0.001	3	t1	0.00023642897778077072	0.0
ordered	0.001	3	t1	0.0002630756059577625	0.0
ordered	0.001	3	t1	0.00029735037055581985	0.0
ordered	0.001	3	t1	0.00033551959004834276	0.0
ordered	0.001	3	t1	0.0003774297929274283	0.0
ordered	0.001	3	t1	0.0004232304713625064	0.0
ordered	0.001	3	t1	0.00047277581579931876	0.0
ordered	0.001	3	t1	0.000529954140682307	0.0
ordered	0.001	3	t1	0.0005947660315265448	0.0
ordered	0.001	3	t1	0.0006672115727191813	0.0
ordered	0.001	3	t1	0.0007510328933877064	0.0
ordered	0.001	3	t1	0.0008426357798242797	0.0
ordered	0.001	3	t1	0.000945469465562411	0.0
ordered	0.001	3	t1	0.0010637181906205887	0.0
ordered	0.001	3	t1	0.0011933427345577946	0.0
ordered	0.001	3	t1	0.001338234444659373	0.0
ordered	0.001	3	t1	0.0014983929255561702	0.0
ordered	0.001	3	t1	0.0016813062912522984	0.0
ordered	0.001	3	t1	0.0018872672594733926	0.0
ordered	0.001	3	t1	0.0021159825568989763	0.0
ordered	0.001	3	t1	0.0023752319840376667	0.0
ordered	0.001	3	t1	0.0026650158537247022	0.0
ordered	0.001	3	t1	0.002989077753483762	0.0
ordered	0.001	3	t1	0.0033550511129892243	0.0
ordered	0.001	3	t1	0.0037630823722051253	0.0
ordered	0.001	3	t1	0.004220512937761092	0.0
ordered	0.001	3	t1	0.004735268427364398	0.0
ordered	0.001	3	t1	0.00531468965810924	0.0
ordered	0.001	3	t1	0.005966703895880201	0.0
ordered	0.001	3	t1	0.006691163505285742	0.0
ordered	0.001	3	t1	0.00750693386647431	0.0
ordered	0.001	3	t1	0.008425831166491782	0.0
ordered	0.001	3	t1	0.009451452182471384	0.0
ordered	0.001	3	t1	0.010602808117072449	0.0
ordered	0.001	3	t1	0.011899055913815891	0.0
ordered	0.001	3	t1	0.013351719421174534	0.0
ordered	0.001	3	t1	0.014979662876172375	0.0
ordered	0.001	3	t1	0.016805933483363636	0.0
ordered	0.001	3	t1	0.0188570292540463	0.0
ordered	0.001	3	t1	0.021159887502757043	0.0
ordered	0.001	3	t1	0.023741006069205848	0.0
ordered	0.001	3	t1	0.026638552998525435	0.0
ordered	0.001	3	t1	0.029886952690767608	0.0
ordered	0.001	3	t1	0.0335317139880143	0.0
ordered	0.001	3	t1	0.03762641841208682	0.0
ordered	0.001	3	t1	0.042216867626638205	0.0
ordered	0.001	3	t1	0.047367581161098446	0.0
ordered	0.001	3	t1	0.05314755428959493	0.0
ordered	0.001	3	t1	0.05963268370222095	0.0
ordered	0.001	3	t1	0.06691097550584788	0.0
ordered	0.001	3	t1	0.07507374000353845	0.0
ordered	0.001	3	t1	0.0842315912160045	0.0
ordered	0.001	3	t1	0.09451026390588896	0.0
ordered	0.001	3	t1	0.10604341934190899	0.0
ordered	0.001	3	t1	0.11898329021012795	0.0
ordered	0.001	3	t1	0.13350170578599946	0.0
ordered	0.001	3	t1	0.14978906678461706	0.0
ordered	0.001	3	t1	0.16806660120897057	0.0
ordered	0.001	3	t1	0.18857454785745398	0.0
ordered	0.001	3	t1	0.2115835334850689	0.0
ordered	0.001	3	t1	0.23739860927755593	0.0
ordered	0.001	3	t1	0.266366591568392	0.0
ordered	0.001	3	t1	0.29886901401039945	0.0
ordered	0.001	3	t1	0.33533636966402874	0.0
ordered	0.001	3	t1	0.3762531725804453	0.0
ordered	0.001	3	t1	0.4221605298354539	0.0
ordered	0.001	3	t1	0.47367243381911905	0.0
ordered	0.001	3	phi	7.629388473795709e-6	5.463169877868476e-31
ordered	0.001	3	phi	1.525877694759142e-5	5.656756659203888e-33
ordered	0.001	3	phi	2.2888165421387134e-5	6.037016408514536e-32
ordered	0.001	3	phi	3.0517553895182842e-5	6.197291174829415e-32
ordered	0.001	3	phi	3.814694236897854e-5	3.3720554882741355e-32
ordered	0.001	3	phi	4.577633084277418e-5	8.705119934085281e-33
ordered	0.001	3	phi	5.340571931656997e-5	1.9471813365053391e-31
ordered	0.001	3	phi	6.10351077903657e-5	1.1678059768337056e-31
ordered	0.001	3	phi	6.86644962641613e-5	1.352593356640679e-31
ordered	0.001	3	phi	7.629388473795709e-5	1.1006319869171801e-31
ordered	0.001	3	phi	8.392327321175269e-5	5.602703122174949e-31
ordered	0.001	3	phi	9.529103149571589e-5	1.4822273458004595e-31
ordered	0.001	3	phi	0.00010681143863313985	2.6800455330902387e-31
ordered	0.001	3	phi	0.00011819397800303034	1.995735116458693e-31
ordered	0.001	3	phi	0.00013345979153336977	7.330213550496245e-32
ordered	0.001	3	phi	0.0001487241608614854	4.3054201406577555e-32
ordered	0.001	3	phi	0.00016773086992482195	1.677228246772398e-31
ordered	0.001	3	phi	0.00019063293236353633	9.715478780770559e-32
ordered	0.001	3	phi	0.00021353201256911329	1.7235559737238247e-31
ordered	0.001	3	phi	0.00023642897778077072	6.152245874077527e-32
ordered	0.001	3	phi	0.0002630756059577625	6.762180126036573e-32
ordered	0.001	3	phi	0.00029735037055581985	1.588998350833809e-31
ordered	0.001	3	phi	0.00033551959004834276	1.752667039589128e-31
ordered	0.001	3	phi	0.0003774297929274283	1.451848057263336e-31
ordered	0.001	3	phi	0.0004232304713625064	1.403621477919286e-31
ordered	0.001	3	phi	0.00047277581579931876	8.049117536024655e-32
ordered	0.001	3	phi	0.000529954140682307	1.9673937445780644e-31
ordered	0.001	3	phi	0.0005947660315265448	1.3765898538727868e-31
ordered	0.001	3	phi	0.0006672115727191813	2.0355819248983445e-31
ordered	0.001	3	phi	0.0007510328933877064	1.874865528144243e-31
ordered	0.001	3	phi	0.0008426357798242797	1.405554918231954e-31
ordered	0.001	3	phi	0.000945469465562411	1.469852938183615e-31
ordered	0.001	3	phi	0.0010637181906205887	1.8286892392589723e-31
ordered	0.001	3	phi	0.0011933427345577946	1.9148943718989667e-31
ordered	0.001	3	phi	0.001338234444659373	1.4034829217131232e-31
ordered	0.001	3	phi	0.0014983929255561702	1.2904633299940732e-31
ordered	0.001	3	phi	0.0016813062912522984	1.5447844388596906e-31
ordered	0.001	3	phi	0.0018872672594733926	1.2935212101413635e-31
ordered	0.001	3	phi	0.0021159825568989763	1.7453521687634936e-31
ordered	0.001	3	phi	0.0023752319840376667	1.3458990239399658e-31
ordered	0.001	3	phi	0.0026650158537247022	1.648890607623244e-31
ordered	0.001	3	phi	0.002989077753483762	1.7235844094630837e-31
ordered	0.001	3	phi	0.0033550511129892243	1.9148519745124514e-31
ordered	0.001	3	phi	0.0037630823722051253	1.8265613063755933e-31
ordered	0.001	3	phi	0.004220512937761092	1.838681011414977e-31
ordered	0.001	3	phi	0.004735268427364398	1.5879969024604162e-31
ordered	0.001	3	phi	0.00531468965810924	1.7040271342521789e-31
ordered	0.001	3	phi	0.005966703895880201	1.9496536644406496e-31
ordered	0.001	3	phi	0.006691163505285742	1.5104128049270254e-31
ordered	0.001	3	phi	0.00750693386647431	1.6399781643006974e-31
ordered	0.001	3	phi	0.008425831166491782	1.5144109066601127e-31
ordered	0.001	3	phi	0.009451452182471384	1.7348165946331029e-31
ordered	0.001	3	phi	0.010602808117072449	1.408954756297159e-31
ordered	0.001	3	phi	0.011899055913815891	1.5890669938789613e-31
ordered	0.001	3	phi	0.013351719421174534	1.6360870329377075e-31
ordered	0.001	3	phi	0.014979662876172375	1.6279501640549316e-31
ordered	0.001	3	phi	0.016805933483363636	1.7050091875322851e-31
ordered	0.001	3	phi	0.0188570292540463	1.6544190273751413e-31
ordered	0.001	3	phi	0.021159887502757043	1.648383521469298e-31
ordered	0.001	3	phi	0.023741006069205848	1.6926706216431109e-31
ordered	0.001	3	phi	0.026638552998525435	1.6755237664798552e-31
ordered	0.001	3	phi	0.029886952690767608	1.7389254569193222e-31
ordered	0.001	3	phi	0.0335317139880143	1.62074445140723e-31
ordered	0.001	3	phi	0.03762641841208682	1.6947961746036077e-31
ordered	0.001	3	phi	0.042216867626638205	1.7154248624509915e-31
ordered	0.001	3	phi	0.047367581161098446	1.708001325580272e-31
ordered	0.001	3	phi	0.05314755428959493	1.7049671129771426e-31
ordered	0.001	3	phi	0.05963268370222095	1.700967652786359e-31
ordered	0.001	3	phi	0.06691097550584788	1.603970664914712e-31
ordered	0.001	3	phi	0.07507374000353845	1.733932078159389e-31
ordered	0.001	3	phi	0.0842315912160045	1.6325509378617746e-31
ordered	0.001	3	phi	0.09451026390588896	1.6189037189802453e-31
ordered	0.001	3	phi	0.10604341934190899	1.6521591015086351e-31
ordered	0.001	3	phi	0.11898329021012795	1.6557762477186764e-31
ordered	0.001	3	phi	0.13350170578599946	1.656414737058876e-31
ordered	0.001	3	phi	0.14978906678461706	1.6515018239975233e-31
ordered	0.001	3	phi	0.16806660120897057	1.548388898559373e-31
ordered	0.001	3	phi	0.18857454785745398	1.561495607598718e-31
ordered	0.001	3	phi	0.2115835334850689	1.5433095342961192e-31
ordered	0.001	3	phi	0.23739860927755593	1.5402955713632477e-31
ordered	0.001	3	phi	0.266366591568392	1.4423191108721497e-31
ordered	0.001	3	phi	0.29886901401039945	1.3837010541409368e-31
ordered	0.001	3	phi	0.33533636966402874	1.3186582987785236e-31
ordered	0.001	3	phi	0.3762531725804453	1.2129330875019085e-31
ordered	0.001	3	phi	0.4221605298354539	1.1122075703566014e-31
ordered	0.001	3	phi	0.47367243381911905	9.916422602903205e-32
ordered	0.001	4	t1	7.629388473795709e-6	0.0
ordered	0.001	4	t1	1.525877694759142e-5	0.0
ordered	0.001	4	t1	2.2888165421387134e-5	0.0
ordered	0.001	4	t1	3.0517553895182842e-5	0.0
ordered	0.001	4	t1	3.814694236897854e-5	0.0
ordered	0.001	4	t1	4.577633084277418e-5	0.0
ordered	0.001	4	t1	5.340571931656997e-5	0.0
ordered	0.001	4	t1	6.10351077903657e-5	0.0
ordered	0.001	4	t1	6.86644962641613e-5	0.0
ordered	0.001	4	t1	7.629388473795709e-5	0.0
ordered	0.001	4	t1	8.392327321175269e-5	0.0
ordered	0.001	4	t1	9.529103149571589e-5	0.0
ordered	0.001	4	t1	0.00010681143863313985	0.0
ordered	0.001	4	t1	0.00011819397800303034	0.0
ordered	0.001	4	t1	0.00013345979153336977	0.0
ordered	0.001	4	t1	0.0001487241608614854	0.0
ordered	0.001	4	t1	0.00016773086992482195	0.0
ordered	0.001	4	t1	0.00019063293236353633	0.0
ordered	0.001	4	t1	0.00021353201256911329	0.0
ordered	0.001	4	t1	0.00023642897778077072	0.0
ordered	0.001	4	t1	0.0002630756059577625	0.0
ordered	0.001	4	t1	0.00029735037055581985	0.0
ordered	0.001	4	t1	0.00033551959004834276	0.0
ordered	0.001	4	t1	0.0003774297929274283	0.0
ordered	0.001	4	t1	0.0004232304713625064	0.0
ordered	0.001	4	t1	0.00047277581579931876	0.0
ordered	0.001	4	t1	0.000529954140682307	0.0
ordered	0.001	4	t1	0.0005947660315265448	0.0
ordered	0.001	4	t1	0.0006672115727191813	0.0
ordered	0.001	4	t1	0.0007510328933877064	0.0
ordered	0.001	4	t1	0.0008426357798242797	0.0
ordered	0.001	4	t1	0.000945469465562411	0.0
ordered	0.001	4	t1	0.0010637181906205887	0.0
ordered	0.001	4	t1	0.0011933427345577946	0.0
ordered	0.001	4	t1	0.001338234444659373	0.0
ordered	0.001	4	t1	0.0014983929255561702	0.0
ordered	0.001	4	t1	0.0016813062912522984	0.0
ordered	0.001	4	t1	0.0018872672594733926	0.0
ordered	0.001	4	t1	0.0021159825568989763	0.0
ordered	0.001	4	t1	0.0023752319840376667	0.0
ordered	0.001	4	t1	0.0026650158537247022	0.0
ordered	0.001	4	t1	0.002989077753483762	0.0
ordered	0.001	4	t1	0.0033550511129892243	0.0
ordered	0.001	4	t1	0.0037630823722051253	0.0
ordered	0.001	4	t1	0.004220512937761092	0.0
ordered	0.001	4	t1	0.004735268427364398	0.0
ordered	0.001	4	t1	0.00531468965810924	0.0
ordered	0.001	4	t1	0.005966703895880201	0.0
ordered	0.001	4	t1	0.006691163505285742	0.0
ordered	0.001	4	t1	0.00750693386647431	0.0
ordered	0.001	4	t1	0.008425831166491782	0.0
ordered	0.001	4	t1	0.009451452182471384	0.0
ordered	0.001	4	t1	0.010602808117072449	0.0
ordered	0.001	4	t1	0.011899055913815891	0.0
ordered	0.001	4	t1	0.013351719421174534	0.0
ordered	0.001	4	t1	0.014979662876172375	0.0
ordered	0.001	4	t1	0.016805933483363636	0.0
ordered	0.001	4	t1	0.0188570292540463	0.0
ordered	0.001	4	t1	0.021159887502757043	0.0
ordered	0.001	4	t1	0.023741006069205848	0.0
ordered	0.001	4	t1	0.026638552998525435	0.0
ordered	0.001	4	t1	0.029886952690767608	0.0
ordered	0.001	4	t1	0.0335317139880143	0.0
ordered	0.001	4	t1	0.03762641841208682	0.0
ordered	0.001	4	t1	0.042216867626638205	0.0
ordered	0.001	4	t1	0.047367581161098446	0.0
ordered	0.001	4	t1	0.05314755428959493	0.0
ordered	0.001	4	t1	0.05963268370222095	0.0
ordered	0.001	4	t1	0.06691097550584788	0.0
ordered	0.001	4	t1	0.07507374000353845	0.0
ordered	0.001	4	t1	0.0842315912160045	0.0
ordered	0.001	4	t1	0.09451026390588896	0.0
ordered	0.001	4	t1	0.10604341934190899	0.0
ordered	0.001	4	t1	0.11898329021012795	0.0
ordered	0.001	4	t1	0.13350170578599946	0.0
ordered	0.001	4	t1	0.14978906678461706	0.0
ordered	0.001	4	t1	0.16806660120897057	0.0
ordered	0.001	4	t1	0.18857454785745398	0.0
ordered	0.001	4	t1	0.2115835334850689	0.0
ordered	0.001	4	t1	0.23739860927755593	0.0
ordered	0.001	4	t1	0.266366591568392	0.0
ordered	0.001	4	t1	0.29886901401039945	0.0
ordered	0.001	4	t1	0.33533636966402874	0.0
ordered	0.001	4	t1	0.3762531725804453	0.0
ordered	0.001	4	t1	0.4221605298354539	0.0
ordered	0.001	4	t1	0.47367243381911905	0.0
ordered	0.001	4	phi	7.629388473795709e-6	5.463169877868476e-31
ordered	0.001	4	phi	1.525877694759142e-5	5.656756659203888e-33
ordered	0.001	4	phi	2.2888165421387134e-5	6.037016408514536e-32
ordered	0.001	4	phi	3.0517553895182842e-5	6.197291174829415e-32
ordered	0.001	4	phi	3.814694236897854e-5	3.3720554882741355e-32
ordered	0.001	4	phi	4.577633084277418e-5	8.705119934085281e-33
ordered	0.001	4	phi	5.340571931656997e-5	1.9471813365053391e-31
ordered	0.001	4	phi	6.10351077903657e-5	1.1678059768337056e-31
ordered	0.001	4	phi	6.86644962641613e-5	1.352593356640679e-31
ordered	0.001	4	phi	7.629388473795709e-5	1.1006319869171801e-31
ordered	0.001	4	phi	8.392327321175269e-5	5.602703122174949e-31
ordered	0.001	4	phi	9.529103149571589e-5	1.4822273458004595e-31
ordered	0.001	4	phi	0.00010681143863313985	2.6800455330902387e-31
ordered	0.001	4	phi	0.00011819397800303034	1.995735116458693e-31
ordered	0.001	4	phi	0.00013345979153336977	7.330213550496245e-32
ordered	0.001	4	phi	0.0001487241608614854	4.3054201406577555e-32
ordered	0.001	4	phi	0.00016773086992482195	1.677228246772398e-31
ordered	0.001	4	phi	0.00019063293236353633	9.715478780770559e-32
ordered	0.001	4	phi	0.00021353201256911329	1.7235559737238247e-31
ordered	0.001	4	phi	0.00023642897778077072	6.152245874077527e-32
ordered	0.001	4	phi	0.0002630756059577625	6.762180126036573e-32
ordered	0.001	4	phi	0.00029735037055581985	1.588998350833809e-31
ordered	0.001	4	phi	0.00033551959004834276	1.752667039589128e-31
ordered	0.001	4	phi	0.0003774297929274283	1.451848057263336e-31
ordered	0.001	4	phi	0.0004232304713625064	1.403621477919286e-31
ordered	0.001	4	phi	0.00047277581579931876	8.049117536024655e-32
ordered	0.001	4	phi	0.000529954140682307	1.9673937445780644e-31
ordered	0.001	4	phi	0.0005947660315265448	1.3765898538727868e-31
ordered	0.001	4	phi	0.0006672115727191813	2.0355819248983445e-31
ordered	0.001	4	phi	0.0007510328933877064	1.874865528144243e-31
ordered	0.001	4	phi	0.0008426357798242797	1.405554918231954e-31
ordered	0.001	4	phi	0.000945469465562411	1.469852938183615e-31
ordered	0.001	4	phi	0.0010637181906205887	1.8286892392589723e-31
ordered	0.001	4	phi	0.0011933427345577946	1.9148943718989667e-31
ordered	0.001	4	phi	0.001338234444659373	1.4034829217131232e-31
ordered	0.001	4	phi	0.0014983929255561702	1.2904633299940732e-31
ordered	0.001	4	phi	0.0016813062912522984	1.5447844388596906e-31
ordered	0.001	4	phi	0.0018872672594733926	1.2935212101413635e-31
ordered	0.001	4	phi	0.0021159825568989763	1.7453521687634936e-31
ordered	0.001	4	phi	0.0023752319840376667	1.3458990239399658e-31
ordered	0.001	4	phi	0.0026650158537247022	1.648890607623244e-31
ordered	0.001	4	phi	0.002989077753483762	1.7235844094630837e-31
ordered	0.001	4	phi	0.0033550511129892243	1.9148519745124514e-31
ordered	0.001	4	phi	0.0037630823722051253	1.8265613063755933e-31
ordered	0.001	4	phi	0.004220512937761092	1.838681011414977e-31
ordered	0.001	4	phi	0.004735268427364398	1.5879969024604162e-31
ordered	0.001	4	phi	0.00531468965810924	1.7040271342521789e-31
ordered	0.001	4	phi	0.005966703895880201	1.9496536644406496e-31
ordered	0.001	4	phi	0.006691163505285742	1.5104128049270254e-31
ordered	0.001	4	phi	0.00750693386647431	1.6399781643006974e-31
ordered	0.001	4	phi	0.008425831166491782	1.5144109066601127e-31
ordered	0.001	4	phi	0.009451452182471384	1.7348165946331029e-31
ordered	0.001	4	phi	0.010602808117072449	1.408954756297159e-31
ordered	0.001	4	phi	0.011899055913815891	1.5890669938789613e-31
ordered	0.001	4	phi	0.013351719421174534	1.6360870329377075e-31
ordered	0.001	4	phi	0.014979662876172375	1.6279501640549316e-31
ordered	0.001	4	phi	0.016805933483363636	1.7050091875322851e-31
ordered	0.001	4	phi	0.0188570292540463	1.6544190273751413e-31
ordered	0.001	4	phi	0.021159887502757043	1.648383521469298e-31
ordered	0.001	4	phi	0.023741006069205848	1.6926706216431109e-31
ordered	0.001	4	phi	0.026638552998525435	1.6755237664798552e-31
ordered	0.001	4	phi	0.029886952690767608	1.7389254569193222e-31
ordered	0.001	4	phi	0.0335317139880143	1.62074445140723e-31
ordered	0.001	4	phi	0.03762641841208682	1.6947961746036077e-31
ordered	0.001	4	phi	0.042216867626638205	1.7154248624509915e-31
ordered	0.001	4	phi	0.047367581161098446	1.708001325580272e-31
ordered	0.001	4	phi	0.05314755428959493	1.7049671129771426e-31
ordered	0.001	4	phi	0.05963268370222095	1.700967652786359e-31
ordered	0.001	4	phi	0.06691097550584788	1.603970664914712e-31
ordered	0.001	4	phi	0.07507374000353845	1.733932078159389e-31
ordered	0.001	4	phi	0.0842315912160045	1.6325509378617746e-31
ordered	0.001	4	phi	0.09451026390588896	1.6189037189802453e-31
ordered	0.001	4	phi	0.10604341934190899	1.6521591015086351e-31
ordered	0.001	4	phi	0.11898329021012795	1.6557762477186764e-31
ordered	0.001	4	phi	0.13350170578599946	1.656414737058876e-31
ordered	0.001	4	phi	0.14978906678461706	1.6515018239975233e-31
ordered	0.001	4	phi	0.16806660120897057	1.548388898559373e-31
ordered	0.001	4	phi	0.18857454785745398	1.561495607598718e-31
ordered	0.001	4	phi	0.2115835334850689	1.5433095342961192e-31
ordered	0.001	4	phi	0.23739860927755593	1.5402955713632477e-31
ordered	0.001	4	phi	0.266366591568392	1.4423191108721497e-31
ordered	0.001	4	phi	0.29886901401039945	1.3837010541409368e-31
ordered	0.001	4	phi	0.33533636966402874	1.3186582987785236e-31
ordered	0.001	4	phi	0.3762531725804453	1.2129330875019085e-31
ordered	0.001	4	phi	0.4221605298354539	1.1122075703566014e-31
ordered	0.001	4	phi	0.47367243381911905	9.916422602903205e-32
ordered	0.001	5	t1	7.629388473795709e-6	0.0
ordered	0.001	5	t1	1.525877694759142e-5	0.0
ordered	0.001	5	t1	2.2888165421387134e-5	0.0
ordered	0.001	5	t1	3.0517553895182842e-5	0.0
ordered	0.001	5	t1	3.814694236897854e-5	0.0
ordered	0.001	5	t1	4.577633084277418e-5	0.0
ordered	0.001	5	t1	5.340571931656997e-5	0.0
ordered	0.001	5	t1	6.10351077903657e-5	0.0
ordered	0.001	5	t1	6.86644962641613e-5	0.0
ordered	0.001	5	t1	7.629388473795709e-5	0.0
ordered	0.001	5	t1	8.392327321175269e-5	0.0
ordered	0.001	5	t1	9.529103149571589e-5	0.0
ordered	0.001	5	t1	0.00010681143863313985	0.0
ordered	0.001	5	t1	0.00011819397800303034	0.0
ordered	0.001	5	t1	0.00013345979153336977	0.0
ordered	0.001	5	t1	0.0001487241608614854	0.0
ordered	0.001	5	t1	0.00016773086992482195	0.0
ordered	0.001	5	t1	0.00019063293236353633	0.0
ordered	0.001	5	t1	0.00021353201256911329	0.0
ordered	0.001	5	t1	0.00023642897778077072	0.0
ordered	0.001	5	t1	0.0002630756059577625	0.0
ordered	0.001	5	t1	0.00029735037055581985	0.0
ordered	0.001	5	t1	0.00033551959004834276	0.0
ordered	0.001	5	t1	0.0003774297929274283	0.0
ordered	0.001	5	t1	0.0004232304713625064	0.0
ordered	0.001	5	t1	0.00047277581579931876	0.0
ordered	0.001	5	t1	0.000529954140682307	0.0
ordered	0.001	5	t1	0.0005947660315265448	0.0
ordered	0.001	5	t1	0.0006672115727191813	0.0
ordered	0.001	5	t1	0.0007510328933877064	0.0
ordered	0.001	5	t1	0.0008426357798242797	0.0
ordered	0.001	5	t1	0.000945469465562411	0.0
ordered	0.001	5	t1	0.0010637181906205887	0.0
ordered	0.001	5	t1	0.0011933427345577946	0.0
ordered	0.001	5	t1	0.001338234444659373	0.0
ordered	0.001	5	t1	0.0014983929255561702	0.0
ordered	0.001	5	t1	0.0016813062912522984	0.0
ordered	0.001	5	t1	0.0018872672594733926	0.0
ordered	0.001	5	t1	0.0021159825568989763	0.0
ordered	0.001	5	t1	0.0023752319840376667	0.0
ordered	0.001	5	t1	0.0026650158537247022	0.0
ordered	0.001	5	t1	0.002989077753483762	0.0
ordered	0.001	5	t1	0.0033550511129892243	0.0
ordered	0.001	5	t1	0.0037630823722051253	0.0
ordered	0.001	5	t1	0.004220512937761092	0.0
ordered	0.001	5	t1	0.004735268427364398	0.0
ordered	0.001	5	t1	0.00531468965810924	0.0
ordered	0.001	5	t1	0.005966703895880201	0.0
ordered	0.001	5	t1	0.006691163505285742	0.0
ordered	0.001	5	t1	0.00750693386647431	0.0
ordered	0.001	5	t1	0.008425831166491782	0.0
ordered	0.001	5	t1	0.009451452182471384	0.0
ordered	0.001	5	t1	0.010602808117072449	0.0
ordered	0.001	5	t1	0.011899055913815891	0.0
ordered	0.001	5	t1	0.013351719421174534	0.0
ordered	0.001	5	t1	0.014979662876172375	0.0
ordered	0.001	5	t1	0.016805933483363636	0.0
ordered	0.001	5	t1	0.0188570292540463	0.0
ordered	0.001	5	t1	0.021159887502757043	0.0
ordered	0.001	5	t1	0.023741006069205848	0.0
ordered	0.001	5	t1	0.026638552998525435	0.0
ordered	0.001	5	t1	0.029886952690767608	0.0
ordered	0.001	5	t1	0.0335317139880143	0.0
ordered	0.001	5	t1	0.03762641841208682	0.0
ordered	0.001	5	t1	0.042216867626638205	0.0
ordered	0.001	5	t1	0.047367581161098446	0.0
ordered	0.001	5	t1	0.05314755428959493	0.0
ordered	0.001	5	t1	0.05963268370222095	0.0
ordered	0.001	5	t1	0.06691097550584788	0.0
ordered	0.001	5	t1	0.07507374000353845	0.0
ordered	0.001	5	t1	0.0842315912160045	0.0
ordered	0.001	5	t1	0.09451026390588896	0.0
ordered	0.001	5	t1	0.10604341934190899	0.0
ordered	0.001	5	t1	0.11898329021012795	0.0
ordered	0.001	5	t1	0.13350170578599946	0.0
ordered	0.001	5	t1	0.14978906678461706	0.0
ordered	0.001	5	t1	0.16806660120897057	0.0
ordered	0.001	5	t1	0.18857454785745398	0.0
ordered	0.001	5	t1	0.2115835334850689	0.0
ordered	0.001	5	t1	0.23739860927755593	0.0
ordered	0.001	5	t1	0.266366591568392	0.0
ordered	0.001	5	t1	0.29886901401039945	0.0
ordered	0.001	5	t1	0.33533636966402874	0.0
ordered	0.001	5	t1	0.3762531725804453	0.0
ordered	0.001	5	t1	0.4221605298354539	0.0
ordered	0.001	5	t1	0.47367243381911905	0.0
ordered	0.001	5	phi	7.629388473795709e-6	5.463169877868476e-31
ordered	0.001	5	phi	1.525877694759142e-5	5.656756659203888e-33
ordered	0.001	5	phi	2.2888165421387134e-5	6.037016408514536e-32
ordered	0.001	5	phi	3.0517553895182842e-5	6.197291174829415e-32
ordered	0.001	5	phi	3.814694236897854e-5	3.3720554882741355e-32
ordered	0.001	5	phi	4.577633084277418e-5	8.705119934085281e-33
ordered	0.001	5	phi	5.340571931656997e-5	1.9471813365053391e-31
ordered	0.001	5	phi	6.10351077903657e-5	1.1678059768337056e-31
ordered	0.001	5	phi	6.86644962641613e-5	1.352593356640679e-31
ordered	0.001	5	phi	7.629388473795709e-5	1.1006319869171801e-31
ordered	0.001	5	phi	8.392327321175269e-5	5.602703122174949e-31
ordered	0.001	5	phi	9.529103149571589e-5	1.4822273458004595e-31
ordered	0.001	5	phi	0.00010681143863313985	2.6800455330902387e-31
ordered	0.001	5	phi	0.00011819397800303034	1.995735116458693e-31
ordered	0.001	5	phi	0.00013345979153336977	7.330213550496245e-32
ordered	0.001	5	phi	0.0001487241608614854	4.3054201406577555e-32
ordered	0.001	5	phi	0.00016773086992482195	1.677228246772398e-31
ordered	0.001	5	phi	0.00019063293236353633	9.715478780770559e-32
ordered	0.001	5	phi	0.00021353201256911329	1.7235559737238247e-31
ordered	0.001	5	phi	0.00023642897778077072	6.152245874077527e-32
ordered	0.001	5	phi	0.0002630756059577625	6.762180126036573e-32
ordered	0.001	5	phi	0.00029735037055581985	1.588998350833809e-31
ordered	0.001	5	phi	0.00033551959004834276	1.752667039589128e-31
ordered	0.001	5	phi	0.0003774297929274283	1.451848057263336e-31
ordered	0.001	5	phi	0.0004232304713625064	1.403621477919286e-31
ordered	0.001	5	phi	0.00047277581579931876	8.049117536024655e-32
ordered	0.001	5	phi	0.000529954140682307	1.9673937445780644e-31
ordered	0.001	5	phi	0.0005947660315265448	1.3765898538727868e-31
ordered	0.001	5	phi	0.0006672115727191813	2.0355819248983445e-31
ordered	0.001	5	phi	0.0007510328933877064	1.874865528144243e-31
ordered	0.001	5	phi	0.0008426357798242797	1.405554918231954e-31
ordered	0.001	5	phi	0.000945469465562411	1.469852938183615e-31
ordered	0.001	5	phi	0.0010637181906205887	1.8286892392589723e-31
ordered	0.001	5	phi	0.0011933427345577946	1.9148943718989667e-31
ordered	0.001	5	phi	0.001338234444659373	1.4034829217131232e-31
ordered	0.001	5	phi	0.0014983929255561702	1.2904633299940732e-31
ordered	0.001	5	phi	0.0016813062912522984	1.5447844388596906e-31
ordered	0.001	5	phi	0.0018872672594733926	1.2935212101413635e-31
ordered	0.001	5	phi	0.0021159825568989763	1.7453521687634936e-31
ordered	0.001	5	phi	0.0023752319840376667	1.3458990239399658e-31
ordered	0.001	5	phi	0.0026650158537247022	1.648890607623244e-31
ordered	0.001	5	phi	0.002989077753483762	1.7235844094630837e-31
ordered	0.001	5	phi	0.0033550511129892243	1.9148519745124514e-31
ordered	0.001	5	phi	0.0037630823722051253	1.8265613063755933e-31
ordered	0.001	5	phi	0.004220512937761092	1.838681011414977e-31
ordered	0.001	5	phi	0.004735268427364398	1.5879969024604162e-31
ordered	0.001	5	phi	0.00531468965810924	1.7040271342521789e-31
ordered	0.001	5	phi	0.005966703895880201	1.9496536644406496e-31
ordered	0.001	5	phi	0.006691163505285742	1.5104128049270254e-31
ordered	0.001	5	phi	0.00750693386647431	1.6399781643006974e-31
ordered	0.001	5	phi	0.008425831166491782	1.5144109066601127e-31
ordered	0.001	5	phi	0.009451452182471384	1.7348165946331029e-31
ordered	0.001	5	phi	0.010602808117072449	1.408954756297159e-31
ordered	0.001	5	phi	0.011899055913815891	1.5890669938789613e-31
ordered	0.001	5	phi	0.013351719421174534	1.6360870329377075e-31
ordered	0.001	5	phi	0.014979662876172375	1.6279501640549316e-31
ordered	0.001	5	phi	0.016805933483363636	1.7050091875322851e-31
ordered	0.001	5	phi	0.0188570292540463	1.6544190273751413e-31
ordered	0.001	5	phi	0.021159887502757043	1.648383521469298e-31
ordered	0.001	5	phi	0.023741006069205848	1.6926706216431109e-31
ordered	0.001	5	phi	0.026638552998525435	1.6755237664798552e-31
ordered	0.001	5	phi	0.029886952690767608	1.7389254569193222e-31
ordered	0.001	5	phi	0.0335317139880143	1.62074445140723e-31
ordered	0.001	5	phi	0.03762641841208682	1.6947961746036077e-31
ordered	0.001	5	phi	0.042216867626638205	1.7154248624509915e-31
ordered	0.001	5	phi	0.047367581161098446	1.708001325580272e-31
ordered	0.001	5	phi	0.05314755428959493	1.7049671129771426e-31
ordered	0.001	5	phi	0.05963268370222095	1.700967652786359e-31
ordered	0.001	5	phi	0.06691097550584788	1.603970664914712e-31
ordered	0.001	5	phi	0.07507374000353845	1.733932078159389e-31
ordered	0.001	5	phi	0.0842315912160045	1.6325509378617746e-31
ordered	0.001	5	phi	0.09451026390588896	1.6189037189802453e-31
ordered	0.001	5	phi	0.10604341934190899	1.6521591015086351e-31
ordered	0.001	5	phi	0.11898329021012795	1.6557762477186764e-31
ordered	0.001	5	phi	0.13350170578599946	1.656414737058876e-31
ordered	0.001	5	phi	0.14978906678461706	1.6515018239975233e-31
ordered	0.001	5	phi	0.16806660120897057	1.548388898559373e-31
ordered	0.001	5	phi	0.18857454785745398	1.561495607598718e-31
ordered	0.001	5	phi	0.2115835334850689	1.5433095342961192e-31
ordered	0.001	5	phi	0.23739860927755593	1.5402955713632477e-31
ordered	0.001	5	phi	0.266366591568392	1.4423191108721497e-31
ordered	0.001	5	phi	0.29886901401039945	1.3837010541409368e-31
ordered	0.001	5	phi	0.33533636966402874	1.3186582987785236e-31
ordered	0.001	5	phi	0.3762531725804453	1.2129330875019085e-31
ordered	0.001	5	phi	0.4221605298354539	1.1122075703566014e-31
ordered	0.001	5	phi	0.47367243381911905	9.916422602903205e-32
ordered	0.005	1	t1	7.629388473795709e-6	0.0
ordered	0.005	1	t1	1.525877694759142e-5	0.0
ordered	0.005	1	t1	2.2888165421387134e-5	0.0
ordered	0.005	1	t1	3.0517553895182842e-5	0.0
ordered	0.005	1	t1	3.814694236897854e-5	0.0
ordered	0.005	1	t1	4.577633084277418e-5	0.0
ordered	0.005	1	t1	5.340571931656997e-5	0.0
ordered	0.005	1	t1	6.10351077903657e-5	0.0
ordered	0.005	1	t1	6.86644962641613e-5	0.0
ordered	0.005	1	t1	7.629388473795709e-5	0.0
ordered	0.005	1	t1	8.392327321175269e-5	0.0
ordered	0.005	1	t1	9.529103149571589e-5	0.0
ordered	0.005	1	t1	0.00010681143863313985	0.0
ordered	0.005	1	t1	0.00011819397800303034	0.0
ordered	0.005	1	t1	0.00013345979153336977	0.0
ordered	0.005	1	t1	0.0001487241608614854	0.0
ordered	0.005	1	t1	0.00016773086992482195	0.0
ordered	0.005	1	t1	0.00019063293236353633	0.0
ordered	0.005	1	t1	0.00021353201256911329	0.0
ordered	0.005	1	t1	0.00023642897778077072	0.0
ordered	0.005	1	t1	0.0002630756059577625	0.0
ordered	0.005	1	t1	0.00029735037055581985	0.0
ordered	0.005	1	t1	0.00033551959004834276	0.0
ordered	0.005	1	t1	0.0003774297929274283	0.0
ordered	0.005	1	t1	0.0004232304713625064	0.0
ordered	0.005	1	t1	0.00047277581579931876	0.0
ordered	0.005	1	t1	0.000529954140682307	0.0
ordered	0.005	1	t1	0.0005947660315265448	0.0
ordered	0.005	1	t1	0.0006672115727191813	0.0
ordered	0.005	1	t1	0.0007510328933877064	0.0
ordered	0.005	1	t1	0.0008426357798242797	0.0
ordered	0.005	1	t1	0.000945469465562411	0.0
ordered	0.005	1	t1	0.0010637181906205887	0.0
ordered	0.005	1	t1	0.0011933427345577946	0.0
ordered	0.005	1	t1	0.001338234444659373	0.0
ordered	0.005	1	t1	0.0014983929255561702	0.0
ordered	0.005	1	t1	0.0016813062912522984	0.0
ordered	0.005	1	t1	0.0018872672594733926	0.0
ordered	0.005	1	t1	0.0021159825568989763	0.0
ordered	0.005	1	t1	0.0023752319840376667	0.0
ordered	0.005	1	t1	0.0026650158537247022	0.0
ordered	0.005	1	t1	0.002989077753483762	0.0
ordered	0.005	1	t1	0.0033550511129892243	0.0
ordered	0.005	1	t1	0.0037630823722051253	0.0
ordered	0.005	1	t1	0.004220512937761092	0.0
ordered	0.005	1	t1	0.004735268427364398	0.0
ordered	0.005	1	t1	0.00531468965810924	0.0
ordered	0.005	1	t1	0.005966703895880201	0.0
ordered	0.005	1	t1	0.006691163505285742	0.0
ordered	0.005	1	t1	0.00750693386647431	0.0
ordered	0.005	1	t1	0.008425831166491782	0.0
ordered	0.005	1	t1	0.009451452182471384	0.0
ordered	0.005	1	t1	0.010602808117072449	0.0
ordered	0.005	1	t1	0.011899055913815891	0.0
ordered	0.005	1	t1	0.013351719421174534	0.0
ordered	0.005	1	t1	0.014979662876172375	0.0
ordered	0.005	1	t1	0.016805933483363636	0.0
ordered	0.005	1	t1	0.0188570292540463	0.0
ordered	0.005	1	t1	0.021159887502757043	0.0
ordered	0.005	1	t1	0.023741006069205848	0.0
ordered	0.005	1	t1	0.026638552998525435	0.0
ordered	0.005	1	t1	0.029886952690767608	0.0
ordered	0.005	1	t1	0.0335317139880143	0.0
ordered	0.005	1	t1	0.03762641841208682	0.0
ordered	0.005	1	t1	0.042216867626638205	0.0
ordered	0.005	1	t1	0.047367581161098446	0.0
ordered	0.005	1	t1	0.05314755428959493	0.0
ordered	0.005	1	t1	0.05963268370222095	0.0
ordered	0.005	1	t1	0.06691097550584788	0.0
ordered	0.005	1	t1	0.07507374000353845	0.0
ordered	0.005	1	t1	0.0842315912160045	0.0
ordered	0.005	1	t1	0.09451026390588896	0.0
ordered	0.005	1	t1	0.10604341934190899	0.0
ordered	0.005	1	t1	0.11898329021012795	0.0
ordered	0.005	1	t1	0.13350170578599946	0.0
ordered	0.005	1	t1	0.14978906678461706	0.0
ordered	0.005	1	t1	0.16806660120897057	0.0
ordered	0.005	1	t1	0.18857454785745398	0.0
ordered	0.005	1	t1	0.2115835334850689	0.0
ordered	0.005	1	t1	0.23739860927755593	0.0
ordered	0.005	1	t1	0.266366591568392	0.0
ordered	0.005	1	t1	0.29886901401039945	0.0
ordered	0.005	1	t1	0.33533636966402874	0.0
ordered	0.005	1	t1	0.3762531725804453	0.0
ordered	0.005	1	t1	0.4221605298354539	0.0
ordered	0.005	1	t1	0.47367243381911905	0.0
ordered	0.005	1	phi	7.629388473795709e-6	1.8585056101048459e-9
ordered	0.005	1	phi	1.525877694759142e-5	1.858504210311608e-9
ordered	0.005	1	phi	2.2888165421387134e-5	1.8585018772496392e-9
ordered	0.005	1	phi	3.0517553895182842e-5	1.8584986110484367e-9
ordered	0.005	1	phi	3.814694236897854e-5	1.8584944116320144e-9
ordered	0.005	1	phi	4.577633084277418e-5	1.858489278980192e-9
ordered	0.005	1	phi	5.340571931656997e-5	1.8584832131596635e-9
ordered	0.005	1	phi	6.10351077903657e-5	1.8584762141684146e-9
ordered	0.005	1	phi	6.86644962641613e-5	1.8584682819463377e-9
ordered	0.005	1	phi	7.629388473795709e-5	1.8584594166180246e-9
ordered	0.005	1	phi	8.392327321175269e-5	1.85844961810589e-9
ordered	0.005	1	phi	9.529103149571589e-5	1.8584330541620566e-9
ordered	0.005	1	phi	0.00010681143863313985	1.8584146238823663e-9
ordered	0.005	1	phi	0.00011819397800303034	1.8583938609446308e-9
ordered	0.005	1	phi	0.00013345979153336977	1.858363066760068e-9
ordered	0.005	1	phi	0.0001487241608614854	1.85832854047293e-9
ordered	0.005	1	phi	0.00016773086992482195	1.8582799402319217e-9
ordered	0.005	1	phi	0.00019063293236353633	1.8582141566286553e-9
ordered	0.005	1	phi	0.00021353201256911329	1.8581399774932402e-9
ordered	0.005	1	phi	0.00023642897778077072	1.8580574036670746e-9
ordered	0.005	1	phi	0.0002630756059577625	1.8579501868493669e-9
ordered	0.005	1	phi	0.00029735037055581985	1.8577955520544023e-9
ordered	0.005	1	phi	0.00033551959004834276	1.8576019822008094e-9
ordered	0.005	1	phi	0.0003774297929274283	1.8573617154859502e-9
ordered	0.005	1	phi	0.0004232304713625064	1.8570679274562678e-9
ordered	0.005	1	phi	0.00047277581579931876	1.8567113163575188e-9
ordered	0.005	1	phi	0.000529954140682307	1.8562509709469986e-9
ordered	0.005	1	phi	0.0005947660315265448	1.8556659868496733e-9
ordered	0.005	1	phi	0.0006672115727191813	1.8549327062851705e-9
ordered	0.005	1	phi	0.0007510328933877064	1.8539780983287976e-9
ordered	0.005	1	phi	0.0008426357798242797	1.8528105869800588e-9
ordered	0.005	1	phi	0.000945469465562411	1.8513346546687096e-9
ordered	0.005	1	phi	0.0010637181906205887	1.8494348083011257e-9
ordered	0.005	1	phi	0.0011933427345577946	1.8470952409349385e-9
ordered	0.005	1	phi	0.001338234444659373	1.8441663266314788e-9
ordered	0.005	1	phi	0.0014983929255561702	1.8405449445838675e-9
ordered	0.005	1	phi	0.0016813062912522984	1.8359112355871238e-9
ordered	0.005	1	phi	0.0018872672594733926	1.8300800106985027e-9
ordered	0.005	1	phi	0.0021159825568989763	1.8228299108160828e-9
ordered	0.005	1	phi	0.0023752319840376667	1.8136480522865537e-9
ordered	0.005	1	phi	0.0026650158537247022	1.8021886112016624e-9
ordered	0.005	1	phi	0.002989077753483762	1.7878970393832831e-9
ordered	0.005	1	phi	0.0033550511129892243	1.769923576815106e-9
ordered	0.005	1	phi	0.0037630823722051253	1.7476699534845294e-9
ordered	0.005	1	phi	0.004220512937761092	1.7200081196031914e-9
ordered	0.005	1	phi	0.004735268427364398	1.6856412893117331e-9
ordered	0.005	1	phi	0.00531468965810924	1.6430496911481865e-9
ordered	0.005	1	phi	0.005966703895880201	1.5905902419183007e-9
ordered	0.005	1	phi	0.006691163505285742	1.527203154362556e-9
ordered	0.005	1	phi	0.00750693386647431	1.4502150709605099e-9
ordered	0.005	1	phi	0.008425831166491782	1.3577194434925515e-9
ordered	0.005	1	phi	0.009451452182471384	1.2490811071685862e-9
ordered	0.005	1	phi	0.010602808117072449	1.1230296430675625e-9
ordered	0.005	1	phi	0.011899055913815891	9.797577550024432e-10
ordered	0.005	1	phi	0.013351719421174534	8.226344225666591e-10
ordered	0.005	1	phi	0.014979662876172375	6.573991423717993e-10
ordered	0.005	1	phi	0.016805933483363636	4.933261502897253e-10
ordered	0.005	1	phi	0.0188570292540463	3.4357181765937704e-10
ordered	0.005	1	phi	0.021159887502757043	2.2423584686795249e-10
ordered	0.005	1	phi	0.023741006069205848	1.5076643682399537e-10
ordered	0.005	1	phi	0.026638552998525435	1.3133648437870352e-10
ordered	0.005	1	phi	0.029886952690767608	1.5963354638082016e-10
ordered	0.005	1	phi	0.0335317139880143	2.0975422900474482e-10
ordered	0.005	1	phi	0.03762641841208682	2.4156634260197267e-10
ordered	0.005	1	phi	0.042216867626638205	2.2205490947404685e-10
ordered	0.005	1	phi	0.047367581161098446	1.548854678072861e-10
ordered	0.005	1	phi	0.05314755428959493	8.653413353769478e-11
ordered	0.005	1	phi	0.05963268370222095	6.169288713315472e-11
ordered	0.005	1	phi	0.06691097550584788	6.736856681268233e-11
ordered	0.005	1	phi	0.07507374000353845	6.005710696081949e-11
ordered	0.005	1	phi	0.0842315912160045	4.0919991195112875e-11
ordered	0.005	1	phi	0.09451026390588896	2.7514128959072363e-11
ordered	0.005	1	phi	0.10604341934190899	1.7996977912872597e-11
ordered	0.005	1	phi	0.11898329021012795	1.0978063065578055e-11
ordered	0.005	1	phi	0.13350170578599946	4.5505663187902125e-12
ordered	0.005	1	phi	0.14978906678461706	8.267742071465086e-12
ordered	0.005	1	phi	0.16806660120897057	9.275847822967135e-12
ordered	0.005	1	phi	0.18857454785745398	6.081356915499669e-12
ordered	0.005	1	phi	0.2115835334850689	5.219109149064038e-12
ordered	0.005	1	phi	0.23739860927755593	3.611338280905667e-12
ordered	0.005	1	phi	0.266366591568392	2.738682986626667e-12
ordered	0.005	1	phi	0.29886901401039945	2.6352721816627916e-12
ordered	0.005	1	phi	0.33533636966402874	2.4752864730557742e-12
ordered	0.005	1	phi	0.3762531725804453	1.474357577655979e-12
ordered	0.005	1	phi	0.4221605298354539	1.219385186311766e-12
ordered	0.005	1	phi	0.47367243381911905	8.39612951458106e-13
ordered	0.005	2	t1	7.629388473795709e-6	0.0
ordered	0.005	2	t1	1.525877694759142e-5	0.0
ordered	0.005	2	t1	2.2888165421387134e-5	0.0
ordered	0.005	2	t1	3.0517553895182842e-5	0.0
ordered	0.005	2	t1	3.814694236897854e-5	0.0
ordered	0.005	2	t1	4.577633084277418e-5	0.0
ordered	0.005	2	t1	5.340571931656997e-5	0.0
ordered	0.005	2	t1	6.10351077903657e-5	0.0
ordered	0.005	2	t1	6.86644962641613e-5	0.0
ordered	0.005	2	t1	7.629388473795709e-5	0.0
ordered	0.005	2	t1	8.392327321175269e-5	0.0
ordered	0.005	2	t1	9.529103149571589e-5	0.0
ordered	0.005	2	t1	0.00010681143863313985	0.0
ordered	0.005	2	t1	0.00011819397800303034	0.0
ordered	0.005	2	t1	0.00013345979153336977	0.0
ordered	0.005	2	t1	0.0001487241608614854	0.0
ordered	0.005	2	t1	0.00016773086992482195	0.0
ordered	0.005	2	t1	0.00019063293236353633	0.0
ordered	0.005	2	t1	0.00021353201256911329	0.0
ordered	0.005	2	t1	0.00023642897778077072	0.0
ordered	0.005	2	t1	0.0002630756059577625	0.0
ordered	0.005	2	t1	0.00029735037055581985	0.0
ordered	0.005	2	t1	0.00033551959004834276	0.0
ordered	0.005	2	t1	0.0003774297929274283	0.0
ordered	0.005	2	t1	0.0004232304713625064	0.0
ordered	0.005	2	t1	0.00047277581579931876	0.0
ordered	0.005	2	t1	0.000529954140682307	0.0
ordered	0.005	2	t1	0.0005947660315265448	0.0
ordered	0.005	2	t1	0.0006672115727191813	0.0
ordered	0.005	2	t1	0.0007510328933877064	0.0
ordered	0.005	2	t1	0.0008426357798242797	0.0
ordered	0.005	2	t1	0.000945469465562411	0.0
ordered	0.005	2	t1	0.0010637181906205887	0.0
ordered	0.005	2	t1	0.0011933427345577946	0.0
ordered	0.005	2	t1	0.001338234444659373	0.0
ordered	0.005	2	t1	0.0014983929255561702	0.0
ordered	0.005	2	t1	0.0016813062912522984	0.0
ordered	0.005	2	t1	0.0018872672594733926	0.0
ordered	0.005	2	t1	0.0021159825568989763	0.0
ordered	0.005	2	t1	0.0023752319840376667	0.0
ordered	0.005	2	t1	0.0026650158537247022	0.0
ordered	0.005	2	t1	0.002989077753483762	0.0
ordered	0.005	2	t1	0.0033550511129892243	0.0
ordered	0.005	2	t1	0.0037630823722051253	0.0
ordered	0.005	2	t1	0.004220512937761092	0.0
ordered	0.005	2	t1	0.004735268427364398	0.0
ordered	0.005	2	t1	0.00531468965810924	0.0
ordered	0.005	2	t1	0.005966703895880201	0.0
ordered	0.005	2	t1	0.006691163505285742	0.0
ordered	0.005	2	t1	0.00750693386647431	0.0
ordered	0.005	2	t1	0.008425831166491782	0.0
ordered	0.005	2	t1	0.009451452182471384	0.0
ordered	0.005	2	t1	0.010602808117072449	0.0
ordered	0.005	2	t1	0.011899055913815891	0.0
ordered	0.005	2	t1	0.013351719421174534	0.0
ordered	0.005	2	t1	0.014979662876172375	0.0
ordered	0.005	2	t1	0.016805933483363636	0.0
ordered	0.005	2	t1	0.0188570292540463	0.0
ordered	0.005	2	t1	0.021159887502757043	0.0
ordered	0.005	2	t1	0.023741006069205848	0.0
ordered	0.005	2	t1	0.026638552998525435	0.0
ordered	0.005	2	t1	0.029886952690767608	0.0
ordered	0.005	2	t1	0.0335317139880143	0.0
ordered	0.005	2	t1	0.03762641841208682	0.0
ordered	0.005	2	t1	0.042216867626638205	0.0
ordered	0.005	2	t1	0.047367581161098446	0.0
ordered	0.005	2	t1	0.05314755428959493	0.0
ordered	0.005	2	t1	0.05963268370222095	0.0
ordered	0.005	2	t1	0.06691097550584788	0.0
ordered	0.005	2	t1	0.07507374000353845	0.0
ordered	0.005	2	t1	0.0842315912160045	0.0
ordered	0.005	2	t1	0.09451026390588896	0.0
ordered	0.005	2	t1	0.10604341934190899	0.0
ordered	0.005	2	t1	0.11898329021012795	0.0
ordered	0.005	2	t1	0.13350170578599946	0.0
ordered	0.005	2	t1	0.14978906678461706	0.0
ordered	0.005	2	t1	0.16806660120897057	0.0
ordered	0.005	2	t1	0.18857454785745398	0.0
ordered	0.005	2	t1	0.2115835334850689	0.0
ordered	0.005	2	t1	0.23739860927755593	0.0
ordered	0.005	2	t1	0.266366591568392	0.0
ordered	0.005	2	t1	0.29886901401039945	0.0
ordered	0.005	2	t1	0.33533636966402874	0.0
ordered	0.005	2	t1	0.3762531725804453	0.0
ordered	0.005	2	t1	0.4221605298354539	0.0
ordered	0.005	2	t1	0.47367243381911905	0.0
ordered	0.005	2	phi	7.629388473795709e-6	3.4124137558406563e-9
ordered	0.005	2	phi	1.525877694759142e-5	3.412403712883167e-9
ordered	0.005	2	phi	2.2888165421387134e-5	3.412386974614305e-9
ordered	0.005	2	phi	3.0517553895182842e-5	3.4123635412384677e-9
ordered	0.005	2	phi	3.814694236897854e-5	3.4123334127277038e-9
ordered	0.005	2	phi	4.577633084277418e-5	3.412296589342301e-9
ordered	0.005	2	phi	5.340571931656997e-5	3.4122530712344e-9
ordered	0.005	2	phi	6.10351077903657e-5	3.4122028585643716e-9
ordered	0.005	2	phi	6.86644962641613e-5	3.4121459516085536e-9
ordered	0.005	2	phi	7.629388473795709e-5	3.4120823507293826e-9
ordered	0.005	2	phi	8.392327321175269e-5	3.4120120561712226e-9
ordered	0.005	2	phi	9.529103149571589e-5	3.4118932279533132e-9
ordered	0.005	2	phi	0.00010681143863313985	3.4117610142569175e-9
ordered	0.005	2	phi	0.00011819397800303034	3.411612070423471e-9
ordered	0.005	2	phi	0.00013345979153336977	3.4113911746421882e-9
ordered	0.005	2	phi	0.0001487241608614854	3.4111435180746497e-9
ordered	0.005	2	phi	0.00016773086992482195	3.410794929254107e-9
ordered	0.005	2	phi	0.00019063293236353633	3.4103231263097892e-9
ordered	0.005	2	phi	0.00021353201256911329	3.4097911594302854e-9
ordered	0.005	2	phi	0.00023642897778077072	3.409199052463809e-9
ordered	0.005	2	phi	0.0002630756059577625	3.408430339200404e-9
ordered	0.005	2	phi	0.00029735037055581985	3.4073218461500387e-9
ordered	0.005	2	phi	0.00033551959004834276	3.4059345637794706e-9
ordered	0.005	2	phi	0.0003774297929274283	3.4042131167785828e-9
ordered	0.005	2	phi	0.0004232304713625064	3.4021089390867696e-9
ordered	0.005	2	phi	0.00047277581579931876	3.399555925212578e-9
ordered	0.005	2	phi	0.000529954140682307	3.3962620577420336e-9
ordered	0.005	2	phi	0.0005947660315265448	3.3920792840449337e-9
ordered	0.005	2	phi	0.0006672115727191813	3.386840752104348e-9
ordered	0.005	2	phi	0.0007510328933877064	3.380028794153192e-9
ordered	0.005	2	phi	0.0008426357798242797	3.3717091795766326e-9
ordered	0.005	2	phi	0.000945469465562411	3.361210671554125e-9
ordered	0.005	2	phi	0.0010637181906205887	3.3477269189757336e-9
ordered	0.005	2	phi	0.0011933427345577946	3.3311695945444242e-9
ordered	0.005	2	phi	0.001338234444659373	3.310514513877682e-9
ordered	0.005	2	phi	0.0014983929255561702	3.2850882623657084e-9
ordered	0.005	2	phi	0.0016813062912522984	3.2527364642204414e-9
ordered	0.005	2	phi	0.0018872672594733926	3.2123096852528288e-9
ordered	0.005	2	phi	0.0021159825568989763	3.162494658203146e-9
ordered	0.005	2	phi	0.0023752319840376667	3.100114147996382e-9
ordered	0.005	2	phi	0.0026650158537247022	3.0233643384968446e-9
ordered	0.005	2	phi	0.002989077753483762	2.9293592638905827e-9
ordered	0.005	2	phi	0.0033550511129892243	2.813817788583322e-9
ordered	0.005	2	phi	0.0037630823722051253	2.674851779515205e-9
ordered	0.005	2	phi	0.004220512937761092	2.5083950725133816e-9
ordered	0.005	2	phi	0.004735268427364398	2.311106372882013e-9
ordered	0.005	2	phi	0.00531468965810924	2.0810533054069643e-9
ordered	0.005	2	phi	0.005966703895880201	1.8191045813953784e-9
ordered	0.005	2	phi	0.006691163505285742	1.5332718198985385e-9
ordered	0.005	2	phi	0.00750693386647431	1.2297078658393199e-9
ordered	0.005	2	phi	0.008425831166491782	9.249245898338288e-10
ordered	0.005	2	phi	0.009451452182471384	6.45205705227956e-10
ordered	0.005	2	phi	0.010602808117072449	4.1724588763736545e-10
ordered	0.005	2	phi	0.011899055913815891	2.68316495805939e-10
ordered	0.005	2	phi	0.013351719421174534	2.1483232934096348e-10
ordered	0.005	2	phi	0.014979662876172375	2.459338592604966e-10
ordered	0.005	2	phi	0.016805933483363636	3.155386857971146e-10
ordered	0.005	2	phi	0.0188570292540463	3.5222998115406507e-10
ordered	0.005	2	phi	0.021159887502757043	2.991123678298751e-10
ordered	0.005	2	phi	0.023741006069205848	1.699404660047388e-10
ordered	0.005	2	phi	0.026638552998525435	5.8132685715938206e-11
ordered	0.005	2	phi	0.029886952690767608	4.154611717024144e-11
ordered	0.005	2	phi	0.0335317139880143	6.959964460036236e-11
ordered	0.005	2	phi	0.03762641841208682	5.49913739607897e-11
ordered	0.005	2	phi	0.042216867626638205	5.839718314568651e-11
ordered	0.005	2	phi	0.047367581161098446	1.0080299044125129e-10
ordered	0.005	2	phi	0.05314755428959493	6.587297672441094e-11
ordered	0.005	2	phi	0.05963268370222095	5.0975547366365605e-11
ordered	0.005	2	phi	0.06691097550584788	4.4444736643799677e-11
ordered	0.005	2	phi	0.07507374000353845	4.257935303750608e-11
ordered	0.005	2	phi	0.0842315912160045	3.090679395195969e-11
ordered	0.005	2	phi	0.09451026390588896	2.5278857936944308e-11
ordered	0.005	2	phi	0.10604341934190899	2.0688699062245296e-11
ordered	0.005	2	phi	0.11898329021012795	1.4135247237158745e-11
ordered	0.005	2	phi	0.13350170578599946	1.6096110735518824e-11
ordered	0.005	2	phi	0.14978906678461706	1.2376411374583292e-11
ordered	0.005	2	phi	0.16806660120897057	7.62351826797634e-12
ordered	0.005	2	phi	0.18857454785745398	8.282518911257834e-12
ordered	0.005	2	phi	0.2115835334850689	8.023065398899865e-12
ordered	0.005	2	phi	0.23739860927755593	3.988442605829313e-12
ordered	0.005	2	phi	0.266366591568392	3.6063078061351426e-12
ordered	0.005	2	phi	0.29886901401039945	1.918237469163844e-12
ordered	0.005	2	phi	0.33533636966402874	1.8487468542434607e-12
ordered	0.005	2	phi	0.3762531725804453	1.2483128092517388e-12
ordered	0.005	2	phi	0.4221605298354539	1.0237767862720943e-12
ordered	0.005	2	phi	0.47367243381911905	7.240314632403672e-13
ordered	0.005	3	t1	7.629388473795709e-6	0.0
ordered	0.005	3	t1	1.525877694759142e-5	0.0
ordered	0.005	3	t1	2.2888165421387134e-5	0.0
ordered	0.005	3	t1	3.0517553895182842e-5	0.0
ordered	0.005	3	t1	3.814694236897854e-5	0.0
ordered	0.005	3	t1	4.577633084277418e-5	0.0
ordered	0.005	3	t1	5.340571931656997e-5	0.0
ordered	0.005	3	t1	6.10351077903657e-5	0.0
ordered	0.005	3	t1	6.86644962641613e-5	0.0
ordered	0.005	3	t1	7.629388473795709e-5	0.0
ordered	0.005	3	t1	8.392327321175269e-5	0.0
ordered	0.005	3	t1	9.529103149571589e-5	0.0
ordered	0.005	3	t1	0.00010681143863313985	0.0
ordered	0.005	3	t1	0.00011819397800303034	0.0
ordered	0.005	3	t1	0.00013345979153336977	0.0
ordered	0.005	3	t1	0.0001487241608614854	0.0
ordered	0.005	3	t1	0.00016773086992482195	0.0
ordered	0.005	3	t1	0.00019063293236353633	0.0
ordered	0.005	3	t1	0.00021353201256911329	0.0
ordered	0.005	3	t1	0.00023642897778077072	0.0
ordered	0.005	3	t1	0.0002630756059577625	0.0
ordered	0.005	3	t1	0.00029735037055581985	0.0
ordered	0.005	3	t1	0.00033551959004834276	0.0
ordered	0.005	3	t1	0.0003774297929274283	0.0
ordered	0.005	3	t1	0.0004232304713625064	0.0
ordered	0.005	3	t1	0.00047277581579931876	0.0
ordered	0.005	3	t1	0.000529954140682307	0.0
ordered	0.005	3	t1	0.0005947660315265448	0.0
ordered	0.005	3	t1	0.0006672115727191813	0.0
ordered	0.005	3	t1	0.0007510328933877064	0.0
ordered	0.005	3	t1	0.0008426357798242797	0.0
ordered	0.005	3	t1	0.000945469465562411	0.0
ordered	0.005	3	t1	0.0010637181906205887	0.0
ordered	0.005	3	t1	0.0011933427345577946	0.0
ordered	0.005	3	t1	0.001338234444659373	0.0
ordered	0.005	3	t1	0.0014983929255561702	0.0
ordered	0.005	3	t1	0.0016813062912522984	0.0
ordered	0.005	3	t1	0.0018872672594733926	0.0
ordered	0.005	3	t1	0.0021159825568989763	0.0
ordered	0.005	3	t1	0.0023752319840376667	0.0
ordered	0.005	3	t1	0.0026650158537247022	0.0
ordered	0.005	3	t1	0.002989077753483762	0.0
ordered	0.005	3	t1	0.0033550511129892243	0.0
ordered	0.005	3	t1	0.0037630823722051253	0.0
ordered	0.005	3	t1	0.004220512937761092	0.0
ordered	0.005	3	t1	0.004735268427364398	0.0
ordered	0.005	3	t1	0.00531468965810924	0.0
ordered	0.005	3	t1	0.005966703895880201	0.0
ordered	0.005	3	t1	0.006691163505285742	0.0
ordered	0.005	3	t1	0.00750693386647431	0.0
ordered	0.005	3	t1	0.008425831166491782	0.0
ordered	0.005	3	t1	0.009451452182471384	0.0
ordered	0.005	3	t1	0.010602808117072449	0.0
ordered	0.005	3	t1	0.011899055913815891	0.0
ordered	0.005	3	t1	0.013351719421174534	0.0
ordered	0.005	3	t1	0.014979662876172375	0.0
ordered	0.005	3	t1	0.016805933483363636	0.0
ordered	0.005	3	t1	0.0188570292540463	0.0
ordered	0.005	3	t1	0.021159887502757043	0.0
ordered	0.005	3	t1	0.023741006069205848	0.0
ordered	0.005	3	t1	0.026638552998525435	0.0
ordered	0.005	3	t1	0.029886952690767608	0.0
ordered	0.005	3	t1	0.0335317139880143	0.0
ordered	0.005	3	t1	0.03762641841208682	0.0
ordered	0.005	3	t1	0.042216867626638205	0.0
ordered	0.005	3	t1	0.047367581161098446	0.0
ordered	0.005	3	t1	0.05314755428959493	0.0
ordered	0.005	3	t1	0.05963268370222095	0.0
ordered	0.005	3	t1	0.06691097550584788	0.0
ordered	0.005	3	t1	0.07507374000353845	0.0
ordered	0.005	3	t1	0.0842315912160045	0.0
ordered	0.005	3	t1	0.09451026390588896	0.0
ordered	0.005	3	t1	0.10604341934190899	0.0
ordered	0.005	3	t1	0.11898329021012795	0.0
ordered	0.005	3	t1	0.13350170578599946	0.0
ordered	0.005	3	t1	0.14978906678461706	0.0
ordered	0.005	3	t1	0.16806660120897057	0.0
ordered	0.005	3	t1	0.18857454785745398	0.0
ordered	0.005	3	t1	0.2115835334850689	0.0
ordered	0.005	3	t1	0.23739860927755593	0.0
ordered	0.005	3	t1	0.266366591568392	0.0
ordered	0.005	3	t1	0.29886901401039945	0.0
ordered	0.005	3	t1	0.33533636966402874	0.0
ordered	0.005	3	t1	0.3762531725804453	0.0
ordered	0.005	3	t1	0.4221605298354539	0.0
ordered	0.005	3	t1	0.47367243381911905	0.0
ordered	0.005	3	phi	7.629388473795709e-6	1.7921465296481747e-5
ordered	0.005	3	phi	1.525877694759142e-5	1.5158795410124425e-5
ordered	0.005	3	phi	2.2888165421387134e-5	1.1265396382462284e-5
ordered	0.005	3	phi	3.0517553895182842e-5	7.190928924867873e-6
ordered	0.005	3	phi	3.814694236897854e-5	3.7213232071079694e-6
ordered	0.005	3	phi	4.577633084277418e-5	1.356269383570039e-6
ordered	0.005	3	phi	5.340571931656997e-5	2.0646021138164894e-7
ordered	0.005	3	phi	6.10351077903657e-5	2.311109763145141e-8
ordered	0.005	3	phi	6.86644962641613e-5	3.528637896142182e-7
ordered	0.005	3	phi	7.629388473795709e-5	7.585192362130036e-7
ordered	0.005	3	phi	8.392327321175269e-5	9.345793645932606e-7
ordered	0.005	3	phi	9.529103149571589e-5	6.724212646976024e-7
ordered	0.005	3	phi	0.00010681143863313985	2.0228717356698526e-7
ordered	0.005	3	phi	0.00011819397800303034	2.2221803543769704e-8
ordered	0.005	3	phi	0.00013345979153336977	2.17969750979321e-7
ordered	0.005	3	phi	0.0001487241608614854	3.3589704827120737e-7
ordered	0.005	3	phi	0.00016773086992482195	9.079010711997052e-8
ordered	0.005	3	phi	0.00019063293236353633	9.254867082451565e-8
ordered	0.005	3	phi	0.00021353201256911329	1.5643331871307347e-7
ordered	0.005	3	phi	0.00023642897778077072	1.9490176493914534e-8
ordered	0.005	3	phi	0.0002630756059577625	1.0915595574965068e-7
ordered	0.005	3	phi	0.00029735037055581985	3.46491746348871e-8
ordered	0.005	3	phi	0.00033551959004834276	6.8541239582456e-8
ordered	0.005	3	phi	0.0003774297929274283	5.316353963780263e-8
ordered	0.005	3	phi	0.0004232304713625064	3.2323401736038355e-8
ordered	0.005	3	phi	0.00047277581579931876	3.476160232089467e-8
ordered	0.005	3	phi	0.000529954140682307	3.593826550081316e-8
ordered	0.005	3	phi	0.0005947660315265448	3.468828704793999e-8
ordered	0.005	3	phi	0.0006672115727191813	3.342472006624012e-8
ordered	0.005	3	phi	0.0007510328933877064	2.5875184855864478e-8
ordered	0.005	3	phi	0.0008426357798242797	2.985996728336182e-8
ordered	0.005	3	phi	0.000945469465562411	2.4794332313880764e-8
ordered	0.005	3	phi	0.0010637181906205887	2.4729355275312088e-8
ordered	0.005	3	phi	0.0011933427345577946	2.3415197849274737e-8
ordered	0.005	3	phi	0.001338234444659373	2.173686703988304e-8
ordered	0.005	3	phi	0.0014983929255561702	2.1589140736096768e-8
ordered	0.005	3	phi	0.0016813062912522984	1.9882782683292313e-8
ordered	0.005	3	phi	0.0018872672594733926	1.946791276604979e-8
ordered	0.005	3	phi	0.0021159825568989763	1.7836024872982086e-8
ordered	0.005	3	phi	0.0023752319840376667	1.5204404688947964e-8
ordered	0.005	3	phi	0.0026650158537247022	1.3873218421472531e-8
ordered	0.005	3	phi	0.002989077753483762	1.1875407622574463e-8
ordered	0.005	3	phi	0.0033550511129892243	9.686185290808643e-9
ordered	0.005	3	phi	0.0037630823722051253	7.337836709815044e-9
ordered	0.005	3	phi	0.004220512937761092	5.205011683542279e-9
ordered	0.005	3	phi	0.004735268427364398	3.4898901125178647e-9
ordered	0.005	3	phi	0.00531468965810924	2.032314523580978e-9
ordered	0.005	3	phi	0.005966703895880201	1.147610799699764e-9
ordered	0.005	3	phi	0.006691163505285742	7.970173031102905e-10
ordered	0.005	3	phi	0.00750693386647431	9.065255244673856e-10
ordered	0.005	3	phi	0.008425831166491782	9.869209117600057e-10
ordered	0.005	3	phi	0.009451452182471384	1.0409467388657536e-9
ordered	0.005	3	phi	0.010602808117072449	8.868374383970506e-10
ordered	0.005	3	phi	0.011899055913815891	8.37849738033506e-10
ordered	0.005	3	phi	0.013351719421174534	9.078886103587359e-10
ordered	0.005	3	phi	0.014979662876172375	8.341838100068924e-10
ordered	0.005	3	phi	0.016805933483363636	4.4472018361705787e-10
ordered	0.005	3	phi	0.0188570292540463	4.36238008522998e-10
ordered	0.005	3	phi	0.021159887502757043	5.988243073607399e-10
ordered	0.005	3	phi	0.023741006069205848	2.774593202760241e-10
ordered	0.005	3	phi	0.026638552998525435	3.1800123892855024e-10
ordered	0.005	3	phi	0.029886952690767608	2.2775992054821114e-10
ordered	0.005	3	phi	0.0335317139880143	1.7320689088383754e-10
ordered	0.005	3	phi	0.03762641841208682	1.879927522546062e-10
ordered	0.005	3	phi	0.042216867626638205	1.2719487077042954e-10
ordered	0.005	3	phi	0.047367581161098446	1.902079859984299e-10
ordered	0.005	3	phi	0.05314755428959493	1.3333039801331616e-10
ordered	0.005	3	phi	0.05963268370222095	1.3258946348843703e-10
ordered	0.005	3	phi	0.06691097550584788	1.0062949947147902e-10
ordered	0.005	3	phi	0.07507374000353845	7.270899570634438e-11
ordered	0.005	3	phi	0.0842315912160045	5.196699267697642e-11
ordered	0.005	3	phi	0.09451026390588896	4.259564159258273e-11
ordered	0.005	3	phi	0.10604341934190899	3.4721342837332364e-11
ordered	0.005	3	phi	0.11898329021012795	2.487382965098159e-11
ordered	0.005	3	phi	0.13350170578599946	2.0683481392539723e-11
ordered	0.005	3	phi	0.14978906678461706	1.720107376018993e-11
ordered	0.005	3	phi	0.16806660120897057	1.5044287188334544e-11
ordered	0.005	3	phi	0.18857454785745398	1.318562305678605e-11
ordered	0.005	3	phi	0.2115835334850689	1.1044511015487323e-11
ordered	0.005	3	phi	0.23739860927755593	7.484174026208662e-12
ordered	0.005	3	phi	0.266366591568392	6.5792985846567105e-12
ordered	0.005	3	phi	0.29886901401039945	5.915315174300145e-12
ordered	0.005	3	phi	0.33533636966402874	4.037984244392503e-12
ordered	0.005	3	phi	0.3762531725804453	2.9209546175412727e-12
ordered	0.005	3	phi	0.4221605298354539	2.9917028928518346e-12
ordered	0.005	3	phi	0.47367243381911905	2.3059082463792415e-12
ordered	0.005	4	t1	7.629388473795709e-6	0.0
ordered	0.005	4	t1	1.525877694759142e-5	0.0
ordered	0.005	4	t1	2.2888165421387134e-5	0.0
ordered	0.005	4	t1	3.0517553895182842e-5	0.0
ordered	0.005	4	t1	3.814694236897854e-5	0.0
ordered	0.005	4	t1	4.577633084277418e-5	0.0
ordered	0.005	4	t1	5.340571931656997e-5	0.0
ordered	0.005	4	t1	6.10351077903657e-5	0.0
ordered	0.005	4	t1	6.86644962641613e-5	0.0
ordered	0.005	4	t1	7.629388473795709e-5	0.0
ordered	0.005	4	t1	8.392327321175269e-5	0.0
ordered	0.005	4	t1	9.529103149571589e-5	0.0
ordered	0.005	4	t1	0.00010681143863313985	0.0
ordered	0.005	4	t1	0.00011819397800303034	0.0
ordered	0.005	4	t1	0.00013345979153336977	0.0
ordered	0.005	4	t1	0.0001487241608614854	0.0
ordered	0.005	4	t1	0.00016773086992482195	0.0
ordered	0.005	4	t1	0.00019063293236353633	0.0
ordered	0.005	4	t1	0.00021353201256911329	0.0
ordered	0.005	4	t1	0.00023642897778077072	0.0
ordered	0.005	4	t1	0.0002630756059577625	0.0
ordered	0.005	4	t1	0.00029735037055581985	0.0
ordered	0.005	4	t1	0.00033551959004834276	0.0
ordered	0.005	4	t1	0.0003774297929274283	0.0
ordered	0.005	4	t1	0.0004232304713625064	0.0
ordered	0.005	4	t1	0.00047277581579931876	0.0
ordered	0.005	4	t1	0.000529954140682307	0.0
ordered	0.005	4	t1	0.0005947660315265448	0.0
ordered	0.005	4	t1	0.0006672115727191813	0.0
ordered	0.005	4	t1	0.0007510328933877064	0.0
ordered	0.005	4	t1	0.0008426357798242797	0.0
ordered	0.005	4	t1	0.000945469465562411	0.0
ordered	0.005	4	t1	0.0010637181906205887	0.0
ordered	0.005	4	t1	0.0011933427345577946	0.0
ordered	0.005	4	t1	0.001338234444659373	0.0
ordered	0.005	4	t1	0.0014983929255561702	0.0
ordered	0.005	4	t1	0.0016813062912522984	0.0
ordered	0.005	4	t1	0.0018872672594733926	0.0
ordered	0.005	4	t1	0.0021159825568989763	0.0
ordered	0.005	4	t1	0.0023752319840376667	0.0
ordered	0.005	4	t1	0.0026650158537247022	0.0
ordered	0.005	4	t1	0.002989077753483762	0.0
ordered	0.005	4	t1	0.0033550511129892243	0.0
ordered	0.005	4	t1	0.0037630823722051253	0.0
ordered	0.005	4	t1	0.004220512937761092	0.0
ordered	0.005	4	t1	0.004735268427364398	0.0
ordered	0.005	4	t1	0.00531468965810924	0.0
ordered	0.005	4	t1	0.005966703895880201	0.0
ordered	0.005	4	t1	0.006691163505285742	0.0
ordered	0.005	4	t1	0.00750693386647431	0.0
ordered	0.005	4	t1	0.008425831166491782	0.0
ordered	0.005	4	t1	0.009451452182471384	0.0
ordered	0.005	4	t1	0.010602808117072449	0.0
ordered	0.005	4	t1	0.011899055913815891	0.0
ordered	0.005	4	t1	0.013351719421174534	0.0
ordered	0.005	4	t1	0.014979662876172375	0.0
ordered	0.005	4	t1	0.016805933483363636	0.0
ordered	0.005	4	t1	0.0188570292540463	0.0
ordered	0.005	4	t1	0.021159887502757043	0.0
ordered	0.005	4	t1	0.023741006069205848	0.0
ordered	0.005	4	t1	0.026638552998525435	0.0
ordered	0.005	4	t1	0.029886952690767608	0.0
ordered	0.005	4	t1	0.0335317139880143	0.0
ordered	0.005	4	t1	0.03762641841208682	0.0
ordered	0.005	4	t1	0.042216867626638205	0.0
ordered	0.005	4	t1	0.047367581161098446	0.0
ordered	0.005	4	t1	0.05314755428959493	0.0
ordered	0.005	4	t1	0.05963268370222095	0.0
ordered	0.005	4	t1	0.06691097550584788	0.0
ordered	0.005	4	t1	0.07507374000353845	0.0
ordered	0.005	4	t1	0.0842315912160045	0.0
ordered	0.005	4	t1	0.09451026390588896	0.0
ordered	0.005	4	t1	0.10604341934190899	0.0
ordered	0.005	4	t1	0.11898329021012795	0.0
ordered	0.005	4	t1	0.13350170578599946	0.0
ordered	0.005	4	t1	0.14978906678461706	0.0
ordered	0.005	4	t1	0.16806660120897057	0.0
ordered	0.005	4	t1	0.18857454785745398	0.0
ordered	0.005	4	t1	0.2115835334850689	0.0
ordered	0.005	4	t1	0.23739860927755593	0.0
ordered	0.005	4	t1	0.266366591568392	0.0
ordered	0.005	4	t1	0.29886901401039945	0.0
ordered	0.005	4	t1	0.33533636966402874	0.0
ordered	0.005	4	t1	0.3762531725804453	0.0
ordered	0.005	4	t1	0.4221605298354539	0.0
ordered	0.005	4	t1	0.47367243381911905	0.0
ordered	0.005	4	phi	7.629388473795709e-6	1.29896990560195e-8
ordered	0.005	4	phi	1.525877694759142e-5	1.2989674720530268e-8
ordered	0.005	4	phi	2.2888165421387134e-5	1.2989634161274393e-8
ordered	0.005	4	phi	3.0517553895182842e-5	1.2989577378650292e-8
ordered	0.005	4	phi	3.814694236897854e-5	1.2989504372775339e-8
ordered	0.005	4	phi	4.577633084277418e-5	1.2989415143933233e-8
ordered	0.005	4	phi	5.340571931656997e-5	1.2989309692451642e-8
ordered	0.005	4	phi	6.10351077903657e-5	1.2989188018619803e-8
ordered	0.005	4	phi	6.86644962641613e-5	1.2989050123128044e-8
ordered	0.005	4	phi	7.629388473795709e-5	1.2988896006359052e-8
ordered	0.005	4	phi	8.392327321175269e-5	1.2988725669047247e-8
ordered	0.005	4	phi	9.529103149571589e-5	1.298843772339855e-8
ordered	0.005	4	phi	0.00010681143863313985	1.298811733974562e-8
ordered	0.005	4	phi	0.00011819397800303034	1.2987756411971567e-8
ordered	0.005	4	phi	0.00013345979153336977	1.298722112138462e-8
ordered	0.005	4	phi	0.0001487241608614854	1.2986620973620735e-8
ordered	0.005	4	phi	0.00016773086992482195	1.2985776220791634e-8
ordered	0.005	4	phi	0.00019063293236353633	1.2984632850058711e-8
ordered	0.005	4	phi	0.00021353201256911329	1.2983343639514831e-8
ordered	0.005	4	phi	0.00023642897778077072	1.2981908633340364e-8
ordered	0.005	4	phi	0.0002630756059577625	1.2980045534568623e-8
ordered	0.005	4	phi	0.00029735037055581985	1.297735877602467e-8
ordered	0.005	4	phi	0.00033551959004834276	1.2973996046204088e-8
ordered	0.005	4	phi	0.0003774297929274283	1.2969822922267351e-8
ordered	0.005	4	phi	0.0004232304713625064	1.2964721416050744e-8
ordered	0.005	4	phi	0.00047277581579931876	1.2958530858264117e-8
ordered	0.005	4	phi	0.000529954140682307	1.2950542491196523e-8
ordered	0.005	4	phi	0.0005947660315265448	1.2940396076117076e-8
ordered	0.005	4	phi	0.0006672115727191813	1.2927685084380238e-8
ordered	0.005	4	phi	0.0007510328933877064	1.2911150279152055e-8
ordered	0.005	4	phi	0.0008426357798242797	1.2890946919488988e-8
ordered	0.005	4	phi	0.000945469465562411	1.2865437668634063e-8
ordered	0.005	4	phi	0.0010637181906205887	1.2832651475085386e-8
ordered	0.005	4	phi	0.0011933427345577946	1.2792355005417095e-8
ordered	0.005	4	phi	0.001338234444659373	1.2742028572206459e-8
ordered	0.005	4	phi	0.0014983929255561702	1.2679989342345468e-8
ordered	0.005	4	phi	0.0016813062912522984	1.2600909054807573e-8
ordered	0.005	4	phi	0.0018872672594733926	1.2501865086639496e-8
ordered	0.005	4	phi	0.0021159825568989763	1.2379464894913738e-8
ordered	0.005	4	phi	0.0023752319840376667	1.2225625723807229e-8
ordered	0.005	4	phi	0.0026650158537247022	1.2035461294988352e-8
ordered	0.005	4	phi	0.002989077753483762	1.1801149893223944e-8
ordered	0.005	4	phi	0.0033550511129892243	1.1510946653323777e-8
ordered	0.005	4	phi	0.0037630823722051253	1.1158475737908651e-8
ordered	0.005	4	phi	0.004220512937761092	1.0730887351512991e-8
ordered	0.005	4	phi	0.004735268427364398	1.0215695828044453e-8
ordered	0.005	4	phi	0.00531468965810924	9.601708041106653e-9
ordered	0.005	4	phi	0.005966703895880201	8.882029078154373e-9
ordered	0.005	4	phi	0.006691163505285742	8.065356810593852e-9
ordered	0.005	4	phi	0.00750693386647431	7.1496350209968795e-9
ordered	0.005	4	phi	0.008425831166491782	6.156019031054889e-9
ordered	0.005	4	phi	0.009451452182471384	5.131537680046463e-9
ordered	0.005	4	phi	0.010602808117072449	4.124980513585747e-9
ordered	0.005	4	phi	0.011899055913815891	3.1997836610488047e-9
ordered	0.005	4	phi	0.013351719421174534	2.422997933117373e-9
ordered	0.005	4	phi	0.014979662876172375	1.8300085119961758e-9
ordered	0.005	4	phi	0.016805933483363636	1.4057198934561255e-9
ordered	0.005	4	phi	0.0188570292540463	1.0831001362858622e-9
ordered	0.005	4	phi	0.021159887502757043	7.82872555919505e-10
ordered	0.005	4	phi	0.023741006069205848	4.916606547517772e-10
ordered	0.005	4	phi	0.026638552998525435	3.0026201428535993e-10
ordered	0.005	4	phi	0.029886952690767608	2.9765011955607307e-10
ordered	0.005	4	phi	0.0335317139880143	3.8179143676827595e-10
ordered	0.005	4	phi	0.03762641841208682	3.3545529760901924e-10
ordered	0.005	4	phi	0.042216867626638205	1.9317229623406688e-10
ordered	0.005	4	phi	0.047367581161098446	1.3317678673205259e-10
ordered	0.005	4	phi	0.05314755428959493	8.876538990767303e-11
ordered	0.005	4	phi	0.05963268370222095	1.090239533953499e-10
ordered	0.005	4	phi	0.06691097550584788	1.0657357399228568e-10
ordered	0.005	4	phi	0.07507374000353845	8.336111621070016e-11
ordered	0.005	4	phi	0.0842315912160045	9.906797615963323e-11
ordered	0.005	4	phi	0.09451026390588896	3.939748363790505e-11
ordered	0.005	4	phi	0.10604341934190899	4.206445266852285e-11
ordered	0.005	4	phi	0.11898329021012795	2.8275189384875045e-11
ordered	0.005	4	phi	0.13350170578599946	3.726654579873219e-11
ordered	0.005	4	phi	0.14978906678461706	1.972805438147511e-11
ordered	0.005	4	phi	0.16806660120897057	1.6759523279823567e-11
ordered	0.005	4	phi	0.18857454785745398	1.5364793518097607e-11
ordered	0.005	4	phi	0.2115835334850689	9.552019641580715e-12
ordered	0.005	4	phi	0.23739860927755593	8.217318273417405e-12
ordered	0.005	4	phi	0.266366591568392	7.52883866111663e-12
ordered	0.005	4	phi	0.29886901401039945	5.316712460954383e-12
ordered	0.005	4	phi	0.33533636966402874	3.960431055820119e-12
ordered	0.005	4	phi	0.3762531725804453	3.0865354136848588e-12
ordered	0.005	4	phi	0.4221605298354539	3.581383443609882e-12
ordered	0.005	4	phi	0.47367243381911905	2.3542740716751287e-12
ordered	0.005	5	t1	7.629388473795709e-6	0.0
ordered	0.005	5	t1	1.525877694759142e-5	0.0
ordered	0.005	5	t1	2.2888165421387134e-5	0.0
ordered	0.005	5	t1	3.0517553895182842e-5	0.0
ordered	0.005	5	t1	3.814694236897854e-5	0.0
ordered	0.005	5	t1	4.577633084277418e-5	0.0
ordered	0.005	5	t1	5.340571931656997e-5	0.0
ordered	0.005	5	t1	6.10351077903657e-5	0.0
ordered	0.005	5	t1	6.86644962641613e-5	0.0
ordered	0.005	5	t1	7.629388473795709e-5	0.0
ordered	0.005	5	t1	8.392327321175269e-5	0.0
ordered	0.005	5	t1	9.529103149571589e-5	0.0
ordered	0.005	5	t1	0.00010681143863313985	0.0
ordered	0.005	5	t1	0.00011819397800303034	0.0
ordered	0.005	5	t1	0.00013345979153336977	0.0
ordered	0.005	5	t1	0.0001487241608614854	0.0
ordered	0.005	5	t1	0.00016773086992482195	0.0
ordered	0.005	5	t1	0.00019063293236353633	0.0
ordered	0.005	5	t1	0.00021353201256911329	0.0
ordered	0.005	5	t1	0.00023642897778077072	0.0
ordered	0.005	5	t1	0.0002630756059577625	0.0
ordered	0.005	5	t1	0.00029735037055581985	0.0
ordered	0.005	5	t1	0.00033551959004834276	0.0
ordered	0.005	5	t1	0.0003774297929274283	0.0
ordered	0.005	5	t1	0.0004232304713625064	0.0
ordered	0.005	5	t1	0.00047277581579931876	0.0
ordered	0.005	5	t1	0.000529954140682307	0.0
ordered	0.005	5	t1	0.0005947660315265448	0.0
ordered	0.005	5	t1	0.0006672115727191813	0.0
ordered	0.005	5	t1	0.0007510328933877064	0.0
ordered	0.005	5	t1	0.0008426357798242797	0.0
ordered	0.005	5	t1	0.000945469465562411	0.0
ordered	0.005	5	t1	0.0010637181906205887	0.0
ordered	0.005	5	t1	0.0011933427345577946	0.0
ordered	0.005	5	t1	0.001338234444659373	0.0
ordered	0.005	5	t1	0.0014983929255561702	0.0
ordered	0.005	5	t1	0.0016813062912522984	0.0
ordered	0.005	5	t1	0.0018872672594733926	0.0
ordered	0.005	5	t1	0.0021159825568989763	0.0
ordered	0.005	5	t1	0.0023752319840376667	0.0
ordered	0.005	5	t1	0.0026650158537247022	0.0
ordered	0.005	5	t1	0.002989077753483762	0.0
ordered	0.005	5	t1	0.0033550511129892243	0.0
ordered	0.005	5	t1	0.0037630823722051253	0.0
ordered	0.005	5	t1	0.004220512937761092	0.0
ordered	0.005	5	t1	0.004735268427364398	0.0
ordered	0.005	5	t1	0.00531468965810924	0.0
ordered	0.005	5	t1	0.005966703895880201	0.0
ordered	0.005	5	t1	0.006691163505285742	0.0
ordered	0.005	5	t1	0.00750693386647431	0.0
ordered	0.005	5	t1	0.008425831166491782	0.0
ordered	0.005	5	t1	0.009451452182471384	0.0
ordered	0.005	5	t1	0.010602808117072449	0.0
ordered	0.005	5	t1	0.011899055913815891	0.0
ordered	0.005	5	t1	0.013351719421174534	0.0
ordered	0.005	5	t1	0.014979662876172375	0.0
ordered	0.005	5	t1	0.016805933483363636	0.0
ordered	0.005	5	t1	0.0188570292540463	0.0
ordered	0.005	5	t1	0.021159887502757043	0.0
ordered	0.005	5	t1	0.023741006069205848	0.0
ordered	0.005	5	t1	0.026638552998525435	0.0
ordered	0.005	5	t1	0.029886952690767608	0.0
ordered	0.005	5	t1	0.0335317139880143	0.0
ordered	0.005	5	t1	0.03762641841208682	0.0
ordered	0.005	5	t1	0.042216867626638205	0.0
ordered	0.005	5	t1	0.047367581161098446	0.0
ordered	0.005	5	t1	0.05314755428959493	0.0
ordered	0.005	5	t1	0.05963268370222095	0.0
ordered	0.005	5	t1	0.06691097550584788	0.0
ordered	0.005	5	t1	0.07507374000353845	0.0
ordered	0.005	5	t1	0.0842315912160045	0.0
ordered	0.005	5	t1	0.09451026390588896	0.0
ordered	0.005	5	t1	0.10604341934190899	0.0
ordered	0.005	5	t1	0.11898329021012795	0.0
ordered	0.005	5	t1	0.13350170578599946	0.0
ordered	0.005	5	t1	0.14978906678461706	0.0
ordered	0.005	5	t1	0.16806660120897057	0.0
ordered	0.005	5	t1	0.18857454785745398	0.0
ordered	0.005	5	t1	0.2115835334850689	0.0
ordered	0.005	5	t1	0.23739860927755593	0.0
ordered	0.005	5	t1	0.266366591568392	0.0
ordered	0.005	5	t1	0.29886901401039945	0.0
ordered	0.005	5	t1	0.33533636966402874	0.0
ordered	0.005	5	t1	0.3762531725804453	0.0
ordered	0.005	5	t1	0.4221605298354539	0.0
ordered	0.005	5	t1	0.47367243381911905	0.0
ordered	0.005	5	phi	7.629388473795709e-6	6.460886240717416e-9
ordered	0.005	5	phi	1.525877694759142e-5	6.460879008984929e-9
ordered	0.005	5	phi	2.2888165421387134e-5	6.460866955992581e-9
ordered	0.005	5	phi	3.0517553895182842e-5	6.460850081929599e-9
ordered	0.005	5	phi	3.814694236897854e-5	6.46082838665353e-9
ordered	0.005	5	phi	4.577633084277418e-5	6.4608018703354425e-9
ordered	0.005	5	phi	5.340571931656997e-5	6.460770533016486e-9
ordered	0.005	5	phi	6.10351077903657e-5	6.460734374698068e-9
ordered	0.005	5	phi	6.86644962641613e-5	6.460693395485348e-9
ordered	0.005	5	phi	7.629388473795709e-5	6.460647595467728e-9
ordered	0.005	5	phi	8.392327321175269e-5	6.46059697480227e-9
ordered	0.005	5	phi	9.529103149571589e-5	6.460511402552667e-9
ordered	0.005	5	phi	0.00010681143863313985	6.460416189301003e-9
ordered	0.005	5	phi	0.00011819397800303034	6.460308925540747e-9
ordered	0.005	5	phi	0.00013345979153336977	6.4601498403009295e-9
ordered	0.005	5	phi	0.0001487241608614854	6.4599714760954634e-9
ordered	0.005	5	phi	0.00016773086992482195	6.459720407972541e-9
ordered	0.005	5	phi	0.00019063293236353633	6.459380575393098e-9
ordered	0.005	5	phi	0.00021353201256911329	6.458997378690944e-9
ordered	0.005	5	phi	0.00023642897778077072	6.458570824563473e-9
ordered	0.005	5	phi	0.0002630756059577625	6.458016984679374e-9
ordered	0.005	5	phi	0.00029735037055581985	6.457218227574044e-9
ordered	0.005	5	phi	0.00033551959004834276	6.456218395175188e-9
ordered	0.005	5	phi	0.0003774297929274283	6.454977429452159e-9
ordered	0.005	5	phi	0.0004232304713625064	6.453460125808963e-9
ordered	0.005	5	phi	0.00047277581579931876	6.451618512401483e-9
ordered	0.005	5	phi	0.000529954140682307	6.449241430112155e-9
ordered	0.005	5	phi	0.0005947660315265448	6.4462211364631434e-9
ordered	0.005	5	phi	0.0006672115727191813	6.442435790566661e-9
ordered	0.005	5	phi	0.0007510328933877064	6.437508929509411e-9
ordered	0.005	5	phi	0.0008426357798242797	6.43148478014228e-9
ordered	0.005	5	phi	0.000945469465562411	6.4238717377814494e-9
ordered	0.005	5	phi	0.0010637181906205887	6.4140760893299556e-9
ordered	0.005	5	phi	0.0011933427345577946	6.402019508546339e-9
ordered	0.005	5	phi	0.001338234444659373	6.386935555355236e-9
ordered	0.005	5	phi	0.0014983929255561702	6.368300353424532e-9
ordered	0.005	5	phi	0.0016813062912522984	6.3444802123314684e-9
ordered	0.005	5	phi	0.0018872672594733926	6.314542494451865e-9
ordered	0.005	5	phi	0.0021159825568989763	6.277380750334463e-9
ordered	0.005	5	phi	0.0023752319840376667	6.2304134605422826e-9
ordered	0.005	5	phi	0.0026650158537247022	6.171946851590552e-9
ordered	0.005	5	phi	0.002989077753483762	6.0992670681975116e-9
ordered	0.005	5	phi	0.0033550511129892243	6.008237726353435e-9
ordered	0.005	5	phi	0.0037630823722051253	5.8961109966167355e-9
ordered	0.005	5	phi	0.004220512937761092	5.757642708310767e-9
ordered	0.005	5	phi	0.004735268427364398	5.587020362087774e-9
ordered	0.005	5	phi	0.00531468965810924	5.3777721128729995e-9
ordered	0.005	5	phi	0.005966703895880201	5.123446739144265e-9
ordered	0.005	5	phi	0.006691163505285742	4.8212751970813576e-9
ordered	0.005	5	phi	0.00750693386647431	4.462054714884162e-9
ordered	0.005	5	phi	0.008425831166491782	4.042138527674701e-9
ordered	0.005	5	phi	0.009451452182471384	3.565982168166682e-9
ordered	0.005	5	phi	0.010602808117072449	3.0379879401053453e-9
ordered	0.005	5	phi	0.011899055913815891	2.4722826110119826e-9
ordered	0.005	5	phi	0.013351719421174534	1.8983193757134655e-9
ordered	0.005	5	phi	0.014979662876172375	1.354469096408665e-9
ordered	0.005	5	phi	0.016805933483363636	8.865328932979219e-10
ordered	0.005	5	phi	0.0188570292540463	5.393449077427556e-10
ordered	0.005	5	phi	0.021159887502757043	3.4039397528348723e-10
ordered	0.005	5	phi	0.023741006069205848	2.796554344780137e-10
ordered	0.005	5	phi	0.026638552998525435	2.9897153084519846e-10
ordered	0.005	5	phi	0.029886952690767608	3.1124013349262777e-10
ordered	0.005	5	phi	0.0335317139880143	2.5443701687589864e-10
ordered	0.005	5	phi	0.03762641841208682	1.4809098030090065e-10
ordered	0.005	5	phi	0.042216867626638205	7.621745383296667e-11
ordered	0.005	5	phi	0.047367581161098446	7.339401035140723e-11
ordered	0.005	5	phi	0.05314755428959493	7.28576485164664e-11
ordered	0.005	5	phi	0.05963268370222095	4.803697291184349e-11
ordered	0.005	5	phi	0.06691097550584788	5.517078007994709e-11
ordered	0.005	5	phi	0.07507374000353845	5.341306724892056e-11
ordered	0.005	5	phi	0.0842315912160045	3.540960976225264e-11
ordered	0.005	5	phi	0.09451026390588896	2.811419681411702e-11
ordered	0.005	5	phi	0.10604341934190899	1.563623992076985e-11
ordered	0.005	5	phi	0.11898329021012795	1.9769390203290958e-11
ordered	0.005	5	phi	0.13350170578599946	1.71556533984722e-11
ordered	0.005	5	phi	0.14978906678461706	1.1255503461131495e-11
ordered	0.005	5	phi	0.16806660120897057	9.2574791039054e-12
ordered	0.005	5	phi	0.18857454785745398	8.40065754960968e-12
ordered	0.005	5	phi	0.2115835334850689	4.151545212925824e-12
ordered	0.005	5	phi	0.23739860927755593	3.978077943975187e-12
ordered	0.005	5	phi	0.266366591568392	3.090305724001022e-12
ordered	0.005	5	phi	0.29886901401039945	4.248933411785139e-12
ordered	0.005	5	phi	0.33533636966402874	3.2041690182341767e-12
ordered	0.005	5	phi	0.3762531725804453	1.4720875097826126e-12
ordered	0.005	5	phi	0.4221605298354539	1.3286183388131126e-12
ordered	0.005	5	phi	0.47367243381911905	1.3987620263465013e-12
ordered	0.01	1	t1	7.629388473795709e-6	0.1129808353198386
ordered	0.01	1	t1	1.525877694759142e-5	0.10437257424461993
ordered	0.01	1	t1	2.2888165421387134e-5	0.17242426236494288
ordered	0.01	1	t1	3.0517553895182842e-5	0.034473887335850724
ordered	0.01	1	t1	3.814694236897854e-5	0.05290083836361426
ordered	0.01	1	t1	4.577633084277418e-5	0.40888967475258803
ordered	0.01	1	t1	5.340571931656997e-5	0.08689678788037006
ordered	0.01	1	t1	6.10351077903657e-5	0.15497090545295936
ordered	0.01	1	t1	6.86644962641613e-5	0.07227853530785534
ordered	0.01	1	t1	7.629388473795709e-5	0.12405733639085026
ordered	0.01	1	t1	8.392327321175269e-5	0.02027911596190759
ordered	0.01	1	t1	9.529103149571589e-5	0.10279075144196001
ordered	0.01	1	t1	0.00010681143863313985	0.10525581167593807
ordered	0.01	1	t1	0.00011819397800303034	0.052353931719128985
ordered	0.01	1	t1	0.00013345979153336977	0.06003717978146331
ordered	0.01	1	t1	0.0001487241608614854	0.06963966454429366
ordered	0.01	1	t1	0.00016773086992482195	0.07890368631362171
ordered	0.01	1	t1	0.00019063293236353633	0.07414809087262626
ordered	0.01	1	t1	0.00021353201256911329	0.07255630491859504
ordered	0.01	1	t1	0.00023642897778077072	0.02693376862035528
ordered	0.01	1	t1	0.0002630756059577625	0.11919520081546767
ordered	0.01	1	t1	0.00029735037055581985	0.048622191252159205
ordered	0.01	1	t1	0.00033551959004834276	0.07377417151649637
ordered	0.01	1	t1	0.0003774297929274283	0.04005029282414843
ordered	0.01	1	t1	0.0004232304713625064	0.11879837790110968
ordered	0.01	1	t1	0.00047277581579931876	0.0857910299068091
ordered	0.01	1	t1	0.000529954140682307	0.04821431392393708
ordered	0.01	1	t1	0.0005947660315265448	0.07300979735201102
ordered	0.01	1	t1	0.0006672115727191813	0.08395939330967786
ordered	0.01	1	t1	0.0007510328933877064	0.10204950350959292
ordered	0.01	1	t1	0.0008426357798242797	0.11596235357148577
ordered	0.01	1	t1	0.000945469465562411	0.15498306078673627
ordered	0.01	1	t1	0.0010637181906205887	0.1374381614540629
ordered	0.01	1	t1	0.0011933427345577946	0.1195127719592301
ordered	0.01	1	t1	0.001338234444659373	0.14698621243445797
ordered	0.01	1	t1	0.0014983929255561702	0.15053158985303638
ordered	0.01	1	t1	0.0016813062912522984	0.2012016925497208
ordered	0.01	1	t1	0.0018872672594733926	0.18882470522233746
ordered	0.01	1	t1	0.0021159825568989763	0.11721900285806748
ordered	0.01	1	t1	0.0023752319840376667	0.14196411663907982
ordered	0.01	1	t1	0.0026650158537247022	0.16646433473770614
ordered	0.01	1	t1	0.002989077753483762	0.13137277823946555
ordered	0.01	1	t1	0.0033550511129892243	0.0986971832180348
ordered	0.01	1	t1	0.0037630823722051253	0.1125468362860942
ordered	0.01	1	t1	0.004220512937761092	0.09061574560657344
ordered	0.01	1	t1	0.004735268427364398	0.08716896189282711
ordered	0.01	1	t1	0.00531468965810924	0.08771094262889845
ordered	0.01	1	t1	0.005966703895880201	0.09265731753064763
ordered	0.01	1	t1	0.006691163505285742	0.10407125822073579
ordered	0.01	1	t1	0.00750693386647431	0.07127539099676462
ordered	0.01	1	t1	0.008425831166491782	0.08840733534770769
ordered	0.01	1	t1	0.009451452182471384	0.08515965174354767
ordered	0.01	1	t1	0.010602808117072449	0.08092642479880385
ordered	0.01	1	t1	0.011899055913815891	0.07944949651434209
ordered	0.01	1	t1	0.013351719421174534	0.0746685435987375
ordered	0.01	1	t1	0.014979662876172375	0.0777281524570534
ordered	0.01	1	t1	0.016805933483363636	0.06924880039963101
ordered	0.01	1	t1	0.0188570292540463	0.07437542167462648
ordered	0.01	1	t1	0.021159887502757043	0.07756215108318038
ordered	0.01	1	t1	0.023741006069205848	0.06983627207032869
ordered	0.01	1	t1	0.026638552998525435	0.07277029313770955
ordered	0.01	1	t1	0.029886952690767608	0.07084120851822828
ordered	0.01	1	t1	0.0335317139880143	0.06344202775494451
ordered	0.01	1	t1	0.03762641841208682	0.06181063073643983
ordered	0.01	1	t1	0.042216867626638205	0.060992949249933266
ordered	0.01	1	t1	0.047367581161098446	0.06334463760469594
ordered	0.01	1	t1	0.05314755428959493	0.05688515939920565
ordered	0.01	1	t1	0.05963268370222095	0.054711972222551926
ordered	0.01	1	t1	0.06691097550584788	0.05327412487712248
ordered	0.01	1	t1	0.07507374000353845	0.053892236896276036
ordered	0.01	1	t1	0.0842315912160045	0.04934615794112588
ordered	0.01	1	t1	0.09451026390588896	0.046427273255111624
ordered	0.01	1	t1	0.10604341934190899	0.04553247339765792
ordered	0.01	1	t1	0.11898329021012795	0.0455325443456753
ordered	0.01	1	t1	0.13350170578599946	0.0429485812493045
ordered	0.01	1	t1	0.14978906678461706	0.04201072773927962
ordered	0.01	1	t1	0.16806660120897057	0.038640183853543786
ordered	0.01	1	t1	0.18857454785745398	0.03719025723328712
ordered	0.01	1	t1	0.2115835334850689	0.03769538296699237
ordered	0.01	1	t1	0.23739860927755593	0.03502137886088913
ordered	0.01	1	t1	0.266366591568392	0.03464837217751791
ordered	0.01	1	t1	0.29886901401039945	0.034326736901779634
ordered	0.01	1	t1	0.33533636966402874	0.03267354719727526
ordered	0.01	1	t1	0.3762531725804453	0.03232625928280858
ordered	0.01	1	t1	0.4221605298354539	0.03244167399263286
ordered	0.01	1	t1	0.47367243381911905	0.03222823603984698
ordered	0.01	1	phi	7.629388473795709e-6	2.557258608986384
ordered	0.01	1	phi	1.525877694759142e-5	0.9066775693546116
ordered	0.01	1	phi	2.2888165421387134e-5	0.2729847420900229
ordered	0.01	1	phi	3.0517553895182842e-5	0.12722170888886958
ordered	0.01	1	phi	3.814694236897854e-5	0.1898328154436645
ordered	0.01	1	phi	4.577633084277418e-5	0.3522915955507868
ordered	0.01	1	phi	5.340571931656997e-5	0.10808651653861834
ordered	0.01	1	phi	6.10351077903657e-5	0.018770877937146827
ordered	0.01	1	phi	6.86644962641613e-5	0.24216848457736045
ordered	0.01	1	phi	7.629388473795709e-5	0.3035449861721001
ordered	0.01	1	phi	8.392327321175269e-5	0.015654336468627676
ordered	0.01	1	phi	9.529103149571589e-5	0.20638193263958315
ordered	0.01	1	phi	0.00010681143863313985	0.1999848260608512
ordered	0.01	1	phi	0.00011819397800303034	0.10449215244780685
ordered	0.01	1	phi	0.00013345979153336977	0.03890922285884858
ordered	0.01	1	phi	0.0001487241608614854	0.06475959524291909
ordered	0.01	1	phi	0.00016773086992482195	0.09397111664274223
ordered	0.01	1	phi	0.00019063293236353633	0.04099027842637449
ordered	0.01	1	phi	0.00021353201256911329	0.09603761155333106
ordered	0.01	1	phi	0.00023642897778077072	0.045636870928605945
ordered	0.01	1	phi	0.0002630756059577625	0.027925396161276907
ordered	0.01	1	phi	0.00029735037055581985	0.021429800916650237
ordered	0.01	1	phi	0.00033551959004834276	0.017920100975606208
ordered	0.01	1	phi	0.0003774297929274283	0.034667980914323306
ordered	0.01	1	phi	0.0004232304713625064	0.018023741243239497
ordered	0.01	1	phi	0.00047277581579931876	0.03058210253814537
ordered	0.01	1	phi	0.000529954140682307	0.015679147527440106
ordered	0.01	1	phi	0.0005947660315265448	0.014457025527680904
ordered	0.01	1	phi	0.0006672115727191813	0.013376425794522338
ordered	0.01	1	phi	0.0007510328933877064	0.016181640230137528
ordered	0.01	1	phi	0.0008426357798242797	0.007281703787770531
ordered	0.01	1	phi	0.000945469465562411	0.01012976969194235
ordered	0.01	1	phi	0.0010637181906205887	0.00776783299403205
ordered	0.01	1	phi	0.0011933427345577946	0.004771939797993086
ordered	0.01	1	phi	0.001338234444659373	0.0061591227033927845
ordered	0.01	1	phi	0.0014983929255561702	0.004719768869178871
ordered	0.01	1	phi	0.0016813062912522984	0.004248583714941249
ordered	0.01	1	phi	0.0018872672594733926	0.00364852209828146
ordered	0.01	1	phi	0.0021159825568989763	0.0017754095704798272
ordered	0.01	1	phi	0.0023752319840376667	0.0015273324840320774
ordered	0.01	1	phi	0.0026650158537247022	0.0012653787866758696
ordered	0.01	1	phi	0.002989077753483762	0.0007398268948661404
ordered	0.01	1	phi	0.0033550511129892243	0.0006021890878141775
ordered	0.01	1	phi	0.0037630823722051253	0.00041495020784943463
ordered	0.01	1	phi	0.004220512937761092	0.0002839775679256095
ordered	0.01	1	phi	0.004735268427364398	0.0002227229561919427
ordered	0.01	1	phi	0.00531468965810924	0.00015406166021240638
ordered	0.01	1	phi	0.005966703895880201	0.00010191311316796686
ordered	0.01	1	phi	0.006691163505285742	9.961740158152504e-5
ordered	0.01	1	phi	0.00750693386647431	6.571687733552941e-5
ordered	0.01	1	phi	0.008425831166491782	5.549856517275252e-5
ordered	0.01	1	phi	0.009451452182471384	3.991792880966648e-5
ordered	0.01	1	phi	0.010602808117072449	3.09608023303722e-5
ordered	0.01	1	phi	0.011899055913815891	2.4661497572132845e-5
ordered	0.01	1	phi	0.013351719421174534	1.7769257766636275e-5
ordered	0.01	1	phi	0.014979662876172375	1.4929608516572806e-5
ordered	0.01	1	phi	0.016805933483363636	1.1920324084641077e-5
ordered	0.01	1	phi	0.0188570292540463	9.950000969319642e-6
ordered	0.01	1	phi	0.021159887502757043	7.533694059922735e-6
ordered	0.01	1	phi	0.023741006069205848	6.2127516060361175e-6
ordered	0.01	1	phi	0.026638552998525435	5.545333020282575e-6
ordered	0.01	1	phi	0.029886952690767608	4.3787765336939595e-6
ordered	0.01	1	phi	0.0335317139880143	3.5968170933037813e-6
ordered	0.01	1	phi	0.03762641841208682	2.8267594455486884e-6
ordered	0.01	1	phi	0.042216867626638205	2.44191167987536e-6
ordered	0.01	1	phi	0.047367581161098446	1.8921991118690286e-6
ordered	0.01	1	phi	0.05314755428959493	1.633615420659103e-6
ordered	0.01	1	phi	0.05963268370222095	1.3063648837709028e-6
ordered	0.01	1	phi	0.06691097550584788	1.1315899051912336e-6
ordered	0.01	1	phi	0.07507374000353845	9.5036757806959e-7
ordered	0.01	1	phi	0.0842315912160045	8.479013631488112e-7
ordered	0.01	1	phi	0.09451026390588896	6.569132276737385e-7
ordered	0.01	1	phi	0.10604341934190899	5.285937023857118e-7
ordered	0.01	1	phi	0.11898329021012795	4.001088082695356e-7
ordered	0.01	1	phi	0.13350170578599946	3.2986313387116915e-7
ordered	0.01	1	phi	0.14978906678461706	2.616565338295372e-7
ordered	0.01	1	phi	0.16806660120897057	2.1798652457227783e-7
ordered	0.01	1	phi	0.18857454785745398	1.815156691392181e-7
ordered	0.01	1	phi	0.2115835334850689	1.4156150208494266e-7
ordered	0.01	1	phi	0.23739860927755593	1.1577768314997136e-7
ordered	0.01	1	phi	0.266366591568392	9.647517232667162e-8
ordered	0.01	1	phi	0.29886901401039945	7.780380643592644e-8
ordered	0.01	1	phi	0.33533636966402874	6.228428075645649e-8
ordered	0.01	1	phi	0.3762531725804453	5.2382860593353384e-8
ordered	0.01	1	phi	0.4221605298354539	4.2380674066438044e-8
ordered	0.01	1	phi	0.47367243381911905	3.4893193345363125e-8
ordered	0.01	2	t1	7.629388473795709e-6	0.05966086609170231
ordered	0.01	2	t1	1.525877694759142e-5	0.6381478834647707
ordered	0.01	2	t1	2.2888165421387134e-5	0.24837899821762074
ordered	0.01	2	t1	3.0517553895182842e-5	0.018150746044403455
ordered	0.01	2	t1	3.814694236897854e-5	0.11401001660112829
ordered	0.01	2	t1	4.577633084277418e-5	0.01791273662533362
ordered	0.01	2	t1	5.340571931656997e-5	0.002815217125555972
ordered	0.01	2	t1	6.10351077903657e-5	0.0326652167900447
ordered	0.01	2	t1	6.86644962641613e-5	0.216553168103819
ordered	0.01	2	t1	7.629388473795709e-5	0.14553966806171717
ordered	0.01	2	t1	8.392327321175269e-5	0.16527661723312456
ordered	0.01	2	t1	9.529103149571589e-5	0.12217822317229374
ordered	0.01	2	t1	0.00010681143863313985	0.05652554475716428
ordered	0.01	2	t1	0.00011819397800303034	0.03652800711783273
ordered	0.01	2	t1	0.00013345979153336977	0.034061916521379326
ordered	0.01	2	t1	0.0001487241608614854	0.009250738198096943
ordered	0.01	2	t1	0.00016773086992482195	0.18510953475975578
ordered	0.01	2	t1	0.00019063293236353633	0.09741304363434666
ordered	0.01	2	t1	0.00021353201256911329	0.10157186531273295
ordered	0.01	2	t1	0.00023642897778077072	0.052211327880747026
ordered	0.01	2	t1	0.0002630756059577625	0.08162836323383238
ordered	0.01	2	t1	0.00029735037055581985	0.08575618430786863
ordered	0.01	2	t1	0.00033551959004834276	0.10736426019407971
ordered	0.01	2	t1	0.0003774297929274283	0.0813977158957306
ordered	0.01	2	t1	0.0004232304713625064	0.07806150872329304
ordered	0.01	2	t1	0.00047277581579931876	0.041699727444161616
ordered	0.01	2	t1	0.000529954140682307	0.1445888756868841
ordered	0.01	2	t1	0.0005947660315265448	0.13385972924879372
ordered	0.01	2	t1	0.0006672115727191813	0.0380886440609364
ordered	0.01	2	t1	0.0007510328933877064	0.1100529970639365
ordered	0.01	2	t1	0.0008426357798242797	0.12485248452365734
ordered	0.01	2	t1	0.000945469465562411	0.1659287473598242
ordered	0.01	2	t1	0.0010637181906205887	0.08255416636154435
ordered	0.01	2	t1	0.0011933427345577946	0.16649740425664764
ordered	0.01	2	t1	0.001338234444659373	0.14626695324993083
ordered	0.01	2	t1	0.0014983929255561702	0.1195697359449456
ordered	0.01	2	t1	0.0016813062912522984	0.13781168697122365
ordered	0.01	2	t1	0.0018872672594733926	0.12229762907956376
ordered	0.01	2	t1	0.0021159825568989763	0.12387924751738554
ordered	0.01	2	t1	0.0023752319840376667	0.11855833056170467
ordered	0.01	2	t1	0.0026650158537247022	0.10803736054986987
ordered	0.01	2	t1	0.002989077753483762	0.10374091413207687
ordered	0.01	2	t1	0.0033550511129892243	0.11262330593462525
ordered	0.01	2	t1	0.0037630823722051253	0.09993357366796274
ordered	0.01	2	t1	0.004220512937761092	0.10278152890729571
ordered	0.01	2	t1	0.004735268427364398	0.1042680365457735
ordered	0.01	2	t1	0.00531468965810924	0.08608088969921557
ordered	0.01	2	t1	0.005966703895880201	0.08353174381999309
ordered	0.01	2	t1	0.006691163505285742	0.09948890839872762
ordered	0.01	2	t1	0.00750693386647431	0.08230941200290703
ordered	0.01	2	t1	0.008425831166491782	0.08886475887120833
ordered	0.01	2	t1	0.009451452182471384	0.08094115098824557
ordered	0.01	2	t1	0.010602808117072449	0.07954662719507057
ordered	0.01	2	t1	0.011899055913815891	0.08087440799407021
ordered	0.01	2	t1	0.013351719421174534	0.06974733340725797
ordered	0.01	2	t1	0.014979662876172375	0.08639941530706924
ordered	0.01	2	t1	0.016805933483363636	0.07485243371348636
ordered	0.01	2	t1	0.0188570292540463	0.07970562338116223
ordered	0.01	2	t1	0.021159887502757043	0.07312439261193757
ordered	0.01	2	t1	0.023741006069205848	0.0700384165363559
ordered	0.01	2	t1	0.026638552998525435	0.06380570437459714
ordered	0.01	2	t1	0.029886952690767608	0.0743877328107829
ordered	0.01	2	t1	0.0335317139880143	0.06558102947023856
ordered	0.01	2	t1	0.03762641841208682	0.06547441263891982
ordered	0.01	2	t1	0.042216867626638205	0.05907798256349838
ordered	0.01	2	t1	0.047367581161098446	0.06551707551388983
ordered	0.01	2	t1	0.05314755428959493	0.061224980584161426
ordered	0.01	2	t1	0.05963268370222095	0.058460229350700124
ordered	0.01	2	t1	0.06691097550584788	0.0560897150591257
ordered	0.01	2	t1	0.07507374000353845	0.04983015518830185
ordered	0.01	2	t1	0.0842315912160045	0.051308330372476646
ordered	0.01	2	t1	0.09451026390588896	0.04950244986099131
ordered	0.01	2	t1	0.10604341934190899	0.04524319833976846
ordered	0.01	2	t1	0.11898329021012795	0.044180796333437244
ordered	0.01	2	t1	0.13350170578599946	0.041262568307266996
ordered	0.01	2	t1	0.14978906678461706	0.04106561213162699
ordered	0.01	2	t1	0.16806660120897057	0.03895695575931949
ordered	0.01	2	t1	0.18857454785745398	0.03969937302520482
ordered	0.01	2	t1	0.2115835334850689	0.03748028623460262
ordered	0.01	2	t1	0.23739860927755593	0.03603390492257217
ordered	0.01	2	t1	0.266366591568392	0.035016088299904505
ordered	0.01	2	t1	0.29886901401039945	0.035523173941592205
ordered	0.01	2	t1	0.33533636966402874	0.03445445545983308
ordered	0.01	2	t1	0.3762531725804453	0.034599380942206284
ordered	0.01	2	t1	0.4221605298354539	0.032971346910051706
ordered	0.01	2	t1	0.47367243381911905	0.033110109738099476
ordered	0.01	2	phi	7.629388473795709e-6	2.736877624311125
ordered	0.01	2	phi	1.525877694759142e-5	2.8306592907180224
ordered	0.01	2	phi	2.2888165421387134e-5	0.12497002634466449
ordered	0.01	2	phi	3.0517553895182842e-5	0.2014109189342422
ordered	0.01	2	phi	3.814694236897854e-5	0.2263352690667371
ordered	0.01	2	phi	4.577633084277418e-5	0.06022171708831032
ordered	0.01	2	phi	5.340571931656997e-5	0.07328073095907564
ordered	0.01	2	phi	6.10351077903657e-5	0.14278473980844109
ordered	0.01	2	phi	6.86644962641613e-5	0.11285361667903958
ordered	0.01	2	phi	7.629388473795709e-5	0.15675311427804628
ordered	0.01	2	phi	8.392327321175269e-5	0.06491459920991266
ordered	0.01	2	phi	9.529103149571589e-5	0.20143658915823304
ordered	0.01	2	phi	0.00010681143863313985	0.2671469596014864
ordered	0.01	2	phi	0.00011819397800303034	0.05049214269736149
ordered	0.01	2	phi	0.00013345979153336977	0.02350565858054371
ordered	0.01	2	phi	0.0001487241608614854	0.08806392032389485
ordered	0.01	2	phi	0.00016773086992482195	0.04561598010937915
ordered	0.01	2	phi	0.00019063293236353633	0.09587847120078626
ordered	0.01	2	phi	0.00021353201256911329	0.03339823831905697
ordered	0.01	2	phi	0.00023642897778077072	0.03604786452913908
ordered	0.01	2	phi	0.0002630756059577625	0.039090226738496485
ordered	0.01	2	phi	0.00029735037055581985	0.03678038888043285
ordered	0.01	2	phi	0.00033551959004834276	0.039285983538682914
ordered	0.01	2	phi	0.0003774297929274283	0.013029195362033915
ordered	0.01	2	phi	0.0004232304713625064	0.019961546139318553
ordered	0.01	2	phi	0.00047277581579931876	0.011093157044177604
ordered	0.01	2	phi	0.000529954140682307	0.01970920182178417
ordered	0.01	2	phi	0.0005947660315265448	0.014774357233180248
ordered	0.01	2	phi	0.0006672115727191813	0.009468194793788399
ordered	0.01	2	phi	0.0007510328933877064	0.006758586203667455
ordered	0.01	2	phi	0.0008426357798242797	0.009532312101342045
ordered	0.01	2	phi	0.000945469465562411	0.010951156422926015
ordered	0.01	2	phi	0.0010637181906205887	0.0053681285972917575
ordered	0.01	2	phi	0.0011933427345577946	0.00802719665622619
ordered	0.01	2	phi	0.001338234444659373	0.004166125803226926
ordered	0.01	2	phi	0.0014983929255561702	0.004436956892335372
ordered	0.01	2	phi	0.0016813062912522984	0.0031614826598712225
ordered	0.01	2	phi	0.0018872672594733926	0.002521944943125705
ordered	0.01	2	phi	0.0021159825568989763	0.002066813646393438
ordered	0.01	2	phi	0.0023752319840376667	0.0013074605484478244
ordered	0.01	2	phi	0.0026650158537247022	0.0008362397889382327
ordered	0.01	2	phi	0.002989077753483762	0.0006016209323808769
ordered	0.01	2	phi	0.0033550511129892243	0.00061766943520807
ordered	0.01	2	phi	0.0037630823722051253	0.0005437230437452985
ordered	0.01	2	phi	0.004220512937761092	0.0002654569464734302
ordered	0.01	2	phi	0.004735268427364398	0.0002027909407730269
ordered	0.01	2	phi	0.00531468965810924	0.00016438641523395717
ordered	0.01	2	phi	0.005966703895880201	0.00012794064263278718
ordered	0.01	2	phi	0.006691163505285742	8.432382715824927e-5
ordered	0.01	2	phi	0.00750693386647431	6.940077873734332e-5
ordered	0.01	2	phi	0.008425831166491782	5.172305400334518e-5
ordered	0.01	2	phi	0.009451452182471384	4.178622852372242e-5
ordered	0.01	2	phi	0.010602808117072449	2.8834619880205e-5
ordered	0.01	2	phi	0.011899055913815891	2.546416092316189e-5
ordered	0.01	2	phi	0.013351719421174534	1.781951837473557e-5
ordered	0.01	2	phi	0.014979662876172375	1.406761593054485e-5
ordered	0.01	2	phi	0.016805933483363636	1.1553767007677033e-5
ordered	0.01	2	phi	0.0188570292540463	8.713923024743324e-6
ordered	0.01	2	phi	0.021159887502757043	7.473524437988856e-6
ordered	0.01	2	phi	0.023741006069205848	5.8595881715443425e-6
ordered	0.01	2	phi	0.026638552998525435	4.940048203271458e-6
ordered	0.01	2	phi	0.029886952690767608	4.063033832763337e-6
ordered	0.01	2	phi	0.0335317139880143	3.3520856284841446e-6
ordered	0.01	2	phi	0.03762641841208682	2.649966588093075e-6
ordered	0.01	2	phi	0.042216867626638205	2.3183676431089866e-6
ordered	0.01	2	phi	0.047367581161098446	1.9355368509190464e-6
ordered	0.01	2	phi	0.05314755428959493	1.6783042721474122e-6
ordered	0.01	2	phi	0.05963268370222095	1.3629544790822086e-6
ordered	0.01	2	phi	0.06691097550584788	1.1886415731285625e-6
ordered	0.01	2	phi	0.07507374000353845	9.821674218148349e-7
ordered	0.01	2	phi	0.0842315912160045	7.996494941020192e-7
ordered	0.01	2	phi	0.09451026390588896	6.303953633595825e-7
ordered	0.01	2	phi	0.10604341934190899	4.992025923130595e-7
ordered	0.01	2	phi	0.11898329021012795	4.253219913779455e-7
ordered	0.01	2	phi	0.13350170578599946	3.161786716128969e-7
ordered	0.01	2	phi	0.14978906678461706	2.691138617936413e-7
ordered	0.01	2	phi	0.16806660120897057	2.1616575281162584e-7
ordered	0.01	2	phi	0.18857454785745398	1.7333907328565153e-7
ordered	0.01	2	phi	0.2115835334850689	1.4150394871481117e-7
ordered	0.01	2	phi	0.23739860927755593	1.1616173842159372e-7
ordered	0.01	2	phi	0.266366591568392	9.191976441659257e-8
ordered	0.01	2	phi	0.29886901401039945	7.538530845408997e-8
ordered	0.01	2	phi	0.33533636966402874	6.26853498394979e-8
ordered	0.01	2	phi	0.3762531725804453	5.14122513914373e-8
ordered	0.01	2	phi	0.4221605298354539	4.095494721689132e-8
ordered	0.01	2	phi	0.47367243381911905	3.420113652305658e-8
ordered	0.01	3	t1	7.629388473795709e-6	0.3216652595096955
ordered	0.01	3	t1	1.525877694759142e-5	0.13882368341781276
ordered	0.01	3	t1	2.2888165421387134e-5	0.00818190094882714
ordered	0.01	3	t1	3.0517553895182842e-5	0.004375114726929519
ordered	0.01	3	t1	3.814694236897854e-5	0.11280943156726295
ordered	0.01	3	t1	4.577633084277418e-5	0.02457895530351849
ordered	0.01	3	t1	5.340571931656997e-5	0.007707348311264021
ordered	0.01	3	t1	6.10351077903657e-5	0.028626377780247975
ordered	0.01	3	t1	6.86644962641613e-5	0.07060617673720147
ordered	0.01	3	t1	7.629388473795709e-5	0.0321857801840064
ordered	0.01	3	t1	8.392327321175269e-5	0.0829405250382966
ordered	0.01	3	t1	9.529103149571589e-5	0.15572846427215556
ordered	0.01	3	t1	0.00010681143863313985	0.03954148529978737
ordered	0.01	3	t1	0.00011819397800303034	0.09098491874592936
ordered	0.01	3	t1	0.00013345979153336977	0.04816136672668045
ordered	0.01	3	t1	0.0001487241608614854	0.035894753728181454
ordered	0.01	3	t1	0.00016773086992482195	0.11025923065376204
ordered	0.01	3	t1	0.00019063293236353633	0.033929355794130714
ordered	0.01	3	t1	0.00021353201256911329	0.10951288553675227
ordered	0.01	3	t1	0.00023642897778077072	0.12091702071960923
ordered	0.01	3	t1	0.0002630756059577625	0.0754478651449833
ordered	0.01	3	t1	0.00029735037055581985	0.07627521409459248
ordered	0.01	3	t1	0.00033551959004834276	0.06982973811376764
ordered	0.01	3	t1	0.0003774297929274283	0.07097865886303928
ordered	0.01	3	t1	0.0004232304713625064	0.07581073931996006
ordered	0.01	3	t1	0.00047277581579931876	0.045911634435009833
ordered	0.01	3	t1	0.000529954140682307	0.0915831877505744
ordered	0.01	3	t1	0.0005947660315265448	0.06155520043909367
ordered	0.01	3	t1	0.0006672115727191813	0.06758618217909183
ordered	0.01	3	t1	0.0007510328933877064	0.10457872653852812
ordered	0.01	3	t1	0.0008426357798242797	0.12787684448701442
ordered	0.01	3	t1	0.000945469465562411	0.09384378720153257
ordered	0.01	3	t1	0.0010637181906205887	0.12144462868816097
ordered	0.01	3	t1	0.0011933427345577946	0.14593364735738665
ordered	0.01	3	t1	0.001338234444659373	0.140338793374517
ordered	0.01	3	t1	0.0014983929255561702	0.15781707499172787
ordered	0.01	3	t1	0.0016813062912522984	0.1667650338858884
ordered	0.01	3	t1	0.0018872672594733926	0.10007461558336692
ordered	0.01	3	t1	0.0021159825568989763	0.13286450462390878
ordered	0.01	3	t1	0.0023752319840376667	0.15655797181312642
ordered	0.01	3	t1	0.0026650158537247022	0.17637747691520259
ordered	0.01	3	t1	0.002989077753483762	0.14146101947314593
ordered	0.01	3	t1	0.0033550511129892243	0.09828655095098171
ordered	0.01	3	t1	0.0037630823722051253	0.09871672065355097
ordered	0.01	3	t1	0.004220512937761092	0.10713685134096793
ordered	0.01	3	t1	0.004735268427364398	0.09527532712726737
ordered	0.01	3	t1	0.00531468965810924	0.07933408245289653
ordered	0.01	3	t1	0.005966703895880201	0.08997517930135537
ordered	0.01	3	t1	0.006691163505285742	0.09572019705970732
ordered	0.01	3	t1	0.00750693386647431	0.09032593174928355
ordered	0.01	3	t1	0.008425831166491782	0.08935705812376778
ordered	0.01	3	t1	0.009451452182471384	0.08067659827023121
ordered	0.01	3	t1	0.010602808117072449	0.08123162448798785
ordered	0.01	3	t1	0.011899055913815891	0.08289871848773246
ordered	0.01	3	t1	0.013351719421174534	0.07854310594069429
ordered	0.01	3	t1	0.014979662876172375	0.0797750698504678
ordered	0.01	3	t1	0.016805933483363636	0.09292939211704386
ordered	0.01	3	t1	0.0188570292540463	0.07473716340309688
ordered	0.01	3	t1	0.021159887502757043	0.07496842202323327
ordered	0.01	3	t1	0.023741006069205848	0.07303620651253453
ordered	0.01	3	t1	0.026638552998525435	0.06707827020232175
ordered	0.01	3	t1	0.029886952690767608	0.0702153378018323
ordered	0.01	3	t1	0.0335317139880143	0.06682661200142326
ordered	0.01	3	t1	0.03762641841208682	0.06656996338887171
ordered	0.01	3	t1	0.042216867626638205	0.0647661574026903
ordered	0.01	3	t1	0.047367581161098446	0.05891804688280656
ordered	0.01	3	t1	0.05314755428959493	0.057638538603807424
ordered	0.01	3	t1	0.05963268370222095	0.05065209151431159
ordered	0.01	3	t1	0.06691097550584788	0.057339156970278804
ordered	0.01	3	t1	0.07507374000353845	0.052599894386679585
ordered	0.01	3	t1	0.0842315912160045	0.0497048689541131
ordered	0.01	3	t1	0.09451026390588896	0.047190974547418156
ordered	0.01	3	t1	0.10604341934190899	0.048391614237405046
ordered	0.01	3	t1	0.11898329021012795	0.045384447065889406
ordered	0.01	3	t1	0.13350170578599946	0.04357453987557138
ordered	0.01	3	t1	0.14978906678461706	0.041103145439164566
ordered	0.01	3	t1	0.16806660120897057	0.04023344450386555
ordered	0.01	3	t1	0.18857454785745398	0.03859220801225017
ordered	0.01	3	t1	0.2115835334850689	0.03644059821465256
ordered	0.01	3	t1	0.23739860927755593	0.036064466787767056
ordered	0.01	3	t1	0.266366591568392	0.035096771645575044
ordered	0.01	3	t1	0.29886901401039945	0.03495296519507728
ordered	0.01	3	t1	0.33533636966402874	0.033699596735383724
ordered	0.01	3	t1	0.3762531725804453	0.033311522083697996
ordered	0.01	3	t1	0.4221605298354539	0.03339339396619937
ordered	0.01	3	t1	0.47367243381911905	0.03204607736897316
ordered	0.01	3	phi	7.629388473795709e-6	3.2946883066449475
ordered	0.01	3	phi	1.525877694759142e-5	1.7659034122618642
ordered	0.01	3	phi	2.2888165421387134e-5	1.12426352919114
ordered	0.01	3	phi	3.0517553895182842e-5	0.479886489557423
ordered	0.01	3	phi	3.814694236897854e-5	0.2634270825587376
ordered	0.01	3	phi	4.577633084277418e-5	0.17731496541680183
ordered	0.01	3	phi	5.340571931656997e-5	0.05466631201134279
ordered	0.01	3	phi	6.10351077903657e-5	0.25100229757672143
ordered	0.01	3	phi	6.86644962641613e-5	0.5122009196132409
ordered	0.01	3	phi	7.629388473795709e-5	0.060403475381200625
ordered	0.01	3	phi	8.392327321175269e-5	0.051469542189662876
ordered	0.01	3	phi	9.529103149571589e-5	0.23047795657250714
ordered	0.01	3	phi	0.00010681143863313985	0.06267723361448761
ordered	0.01	3	phi	0.00011819397800303034	0.1621597015973844
ordered	0.01	3	phi	0.00013345979153336977	0.19815185665649715
ordered	0.01	3	phi	0.0001487241608614854	0.2775438495012374
ordered	0.01	3	phi	0.00016773086992482195	0.027515378364461177
ordered	0.01	3	phi	0.00019063293236353633	0.07625771847900505
ordered	0.01	3	phi	0.00021353201256911329	0.04623628022260251
ordered	0.01	3	phi	0.00023642897778077072	0.037096619187626675
ordered	0.01	3	phi	0.0002630756059577625	0.016451089523543155
ordered	0.01	3	phi	0.00029735037055581985	0.05815284948470765
ordered	0.01	3	phi	0.00033551959004834276	0.06596694309978149
ordered	0.01	3	phi	0.0003774297929274283	0.020746606105790134
ordered	0.01	3	phi	0.0004232304713625064	0.012383044779967359
ordered	0.01	3	phi	0.00047277581579931876	0.020201671186720893
ordered	0.01	3	phi	0.000529954140682307	0.014328023539286923
ordered	0.01	3	phi	0.0005947660315265448	0.012022400413935205
ordered	0.01	3	phi	0.0006672115727191813	0.014477843795561588
ordered	0.01	3	phi	0.0007510328933877064	0.009171566162916556
ordered	0.01	3	phi	0.0008426357798242797	0.010304252739594651
ordered	0.01	3	phi	0.000945469465562411	0.007865241626847942
ordered	0.01	3	phi	0.0010637181906205887	0.007929444600086228
ordered	0.01	3	phi	0.0011933427345577946	0.005978724207789753
ordered	0.01	3	phi	0.001338234444659373	0.006303215565153281
ordered	0.01	3	phi	0.0014983929255561702	0.005055101496626777
ordered	0.01	3	phi	0.0016813062912522984	0.004311101115848659
ordered	0.01	3	phi	0.0018872672594733926	0.0021251031452606058
ordered	0.01	3	phi	0.0021159825568989763	0.001964536903994535
ordered	0.01	3	phi	0.0023752319840376667	0.0020306974308918874
ordered	0.01	3	phi	0.0026650158537247022	0.0013997295961403551
ordered	0.01	3	phi	0.002989077753483762	0.000840862660744984
ordered	0.01	3	phi	0.0033550511129892243	0.0005633844774392908
ordered	0.01	3	phi	0.0037630823722051253	0.0005597835904686234
ordered	0.01	3	phi	0.004220512937761092	0.0002905848746755901
ordered	0.01	3	phi	0.004735268427364398	0.00019573463505321095
ordered	0.01	3	phi	0.00531468965810924	0.00017914206753565608
ordered	0.01	3	phi	0.005966703895880201	0.00012960028168536872
ordered	0.01	3	phi	0.006691163505285742	8.228903170030751e-5
ordered	0.01	3	phi	0.00750693386647431	7.183318547277366e-5
ordered	0.01	3	phi	0.008425831166491782	5.3649681396729806e-5
ordered	0.01	3	phi	0.009451452182471384	4.142868633422371e-5
ordered	0.01	3	phi	0.010602808117072449	3.481854300945823e-5
ordered	0.01	3	phi	0.011899055913815891	2.7107851380866187e-5
ordered	0.01	3	phi	0.013351719421174534	2.107699239672589e-5
ordered	0.01	3	phi	0.014979662876172375	1.6056574813070054e-5
ordered	0.01	3	phi	0.016805933483363636	1.426617570623654e-5
ordered	0.01	3	phi	0.0188570292540463	9.825094748612771e-6
ordered	0.01	3	phi	0.021159887502757043	8.1382693128555e-6
ordered	0.01	3	phi	0.023741006069205848	6.761561001626245e-6
ordered	0.01	3	phi	0.026638552998525435	5.559083454914295e-6
ordered	0.01	3	phi	0.029886952690767608	4.851305493966442e-6
ordered	0.01	3	phi	0.0335317139880143	3.7371581180594163e-6
ordered	0.01	3	phi	0.03762641841208682	3.0397762407249233e-6
ordered	0.01	3	phi	0.042216867626638205	2.4385284921416574e-6
ordered	0.01	3	phi	0.047367581161098446	2.0768383105796213e-6
ordered	0.01	3	phi	0.05314755428959493	1.7121283738275986e-6
ordered	0.01	3	phi	0.05963268370222095	1.4839981683562434e-6
ordered	0.01	3	phi	0.06691097550584788	1.2109088835765506e-6
ordered	0.01	3	phi	0.07507374000353845	1.0727937558270032e-6
ordered	0.01	3	phi	0.0842315912160045	8.683612532781676e-7
ordered	0.01	3	phi	0.09451026390588896	7.184709012497164e-7
ordered	0.01	3	phi	0.10604341934190899	5.284200091504003e-7
ordered	0.01	3	phi	0.11898329021012795	4.37236520056912e-7
ordered	0.01	3	phi	0.13350170578599946	3.466636084180704e-7
ordered	0.01	3	phi	0.14978906678461706	2.895164197909676e-7
ordered	0.01	3	phi	0.16806660120897057	2.3359221631959393e-7
ordered	0.01	3	phi	0.18857454785745398	1.8724260781042332e-7
ordered	0.01	3	phi	0.2115835334850689	1.5656197801530286e-7
ordered	0.01	3	phi	0.23739860927755593	1.200876418069931e-7
ordered	0.01	3	phi	0.266366591568392	9.713915389213562e-8
ordered	0.01	3	phi	0.29886901401039945	8.06384248303772e-8
ordered	0.01	3	phi	0.33533636966402874	6.586714137497316e-8
ordered	0.01	3	phi	0.3762531725804453	5.3970272044205975e-8
ordered	0.01	3	phi	0.4221605298354539	4.429632340732238e-8
ordered	0.01	3	phi	0.47367243381911905	3.684403077063809e-8
ordered	0.01	4	t1	7.629388473795709e-6	0.20201930964329495
ordered	0.01	4	t1	1.525877694759142e-5	0.05431673844876032
ordered	0.01	4	t1	2.2888165421387134e-5	0.2076684993039518
ordered	0.01	4	t1	3.0517553895182842e-5	0.12830215776845058
ordered	0.01	4	t1	3.814694236897854e-5	0.14266768224661103
ordered	0.01	4	t1	4.577633084277418e-5	0.030511057513332943
ordered	0.01	4	t1	5.340571931656997e-5	0.14623840858409176
ordered	0.01	4	t1	6.10351077903657e-5	0.004747250569775579
ordered	0.01	4	t1	6.86644962641613e-5	0.09485276434528897
ordered	0.01	4	t1	7.629388473795709e-5	0.22534301949463656
ordered	0.01	4	t1	8.392327321175269e-5	0.01218100930249466
ordered	0.01	4	t1	9.529103149571589e-5	0.0623656421788384
ordered	0.01	4	t1	0.00010681143863313985	0.00415712241362627
ordered	0.01	4	t1	0.00011819397800303034	0.004982365993332611
ordered	0.01	4	t1	0.00013345979153336977	0.0299923116258572
ordered	0.01	4	t1	0.0001487241608614854	0.011277143914435237
ordered	0.01	4	t1	0.00016773086992482195	0.039975955127606835
ordered	0.01	4	t1	0.00019063293236353633	0.08371735406411947
ordered	0.01	4	t1	0.00021353201256911329	0.14015836547072844
ordered	0.01	4	t1	0.00023642897778077072	0.1456677797129498
ordered	0.01	4	t1	0.0002630756059577625	0.06510732416971815
ordered	0.01	4	t1	0.00029735037055581985	0.08623218907534899
ordered	0.01	4	t1	0.00033551959004834276	0.14570920519847258
ordered	0.01	4	t1	0.0003774297929274283	0.0832378188037184
ordered	0.01	4	t1	0.0004232304713625064	0.09177808236571694
ordered	0.01	4	t1	0.00047277581579931876	0.08129087853274108
ordered	0.01	4	t1	0.000529954140682307	0.0927422829378861
ordered	0.01	4	t1	0.0005947660315265448	0.1280287940680034
ordered	0.01	4	t1	0.0006672115727191813	0.08958551932651157
ordered	0.01	4	t1	0.0007510328933877064	0.1286903429142749
ordered	0.01	4	t1	0.0008426357798242797	0.10962042696926727
ordered	0.01	4	t1	0.000945469465562411	0.11680878548393794
ordered	0.01	4	t1	0.0010637181906205887	0.15736452179912558
ordered	0.01	4	t1	0.0011933427345577946	0.1773877174254987
ordered	0.01	4	t1	0.001338234444659373	0.1210697198855039
ordered	0.01	4	t1	0.0014983929255561702	0.10454273358466963
ordered	0.01	4	t1	0.0016813062912522984	0.13481234293486122
ordered	0.01	4	t1	0.0018872672594733926	0.18862067489272896
ordered	0.01	4	t1	0.0021159825568989763	0.10349765681761991
ordered	0.01	4	t1	0.0023752319840376667	0.11826461659636495
ordered	0.01	4	t1	0.0026650158537247022	0.14801706121409644
ordered	0.01	4	t1	0.002989077753483762	0.12206220489214895
ordered	0.01	4	t1	0.0033550511129892243	0.08931292643743656
ordered	0.01	4	t1	0.0037630823722051253	0.12853739526328217
ordered	0.01	4	t1	0.004220512937761092	0.0898987688297051
ordered	0.01	4	t1	0.004735268427364398	0.0980168527946786
ordered	0.01	4	t1	0.00531468965810924	0.0998618283358493
ordered	0.01	4	t1	0.005966703895880201	0.09040546535386347
ordered	0.01	4	t1	0.006691163505285742	0.09355488987173793
ordered	0.01	4	t1	0.00750693386647431	0.08345274835067655
ordered	0.01	4	t1	0.008425831166491782	0.08322322579292514
ordered	0.01	4	t1	0.009451452182471384	0.08180289385160298
ordered	0.01	4	t1	0.010602808117072449	0.07429053189206472
ordered	0.01	4	t1	0.011899055913815891	0.06801505906873034
ordered	0.01	4	t1	0.013351719421174534	0.08217879934559245
ordered	0.01	4	t1	0.014979662876172375	0.07371891056767568
ordered	0.01	4	t1	0.016805933483363636	0.0782116617405446
ordered	0.01	4	t1	0.0188570292540463	0.07371177909372033
ordered	0.01	4	t1	0.021159887502757043	0.06649584848202911
ordered	0.01	4	t1	0.023741006069205848	0.07012853300644446
ordered	0.01	4	t1	0.026638552998525435	0.06708946378857426
ordered	0.01	4	t1	0.029886952690767608	0.06289640184027681
ordered	0.01	4	t1	0.0335317139880143	0.06889238834397374
ordered	0.01	4	t1	0.03762641841208682	0.060172995068004415
ordered	0.01	4	t1	0.042216867626638205	0.06061047093045518
ordered	0.01	4	t1	0.047367581161098446	0.060498786292572444
ordered	0.01	4	t1	0.05314755428959493	0.05541857031554944
ordered	0.01	4	t1	0.05963268370222095	0.05731102502588216
ordered	0.01	4	t1	0.06691097550584788	0.04929548586795411
ordered	0.01	4	t1	0.07507374000353845	0.05029038063855604
ordered	0.01	4	t1	0.0842315912160045	0.04751667983164092
ordered	0.01	4	t1	0.09451026390588896	0.04627105167946507
ordered	0.01	4	t1	0.10604341934190899	0.044930403867455546
ordered	0.01	4	t1	0.11898329021012795	0.04293384473496471
ordered	0.01	4	t1	0.13350170578599946	0.04284894830256773
ordered	0.01	4	t1	0.14978906678461706	0.04050529707892478
ordered	0.01	4	t1	0.16806660120897057	0.03801729809376838
ordered	0.01	4	t1	0.18857454785745398	0.0375961000578397
ordered	0.01	4	t1	0.2115835334850689	0.03618966834816555
ordered	0.01	4	t1	0.23739860927755593	0.03525512016016024
ordered	0.01	4	t1	0.266366591568392	0.035441861202654155
ordered	0.01	4	t1	0.29886901401039945	0.03428597752911271
ordered	0.01	4	t1	0.33533636966402874	0.03309005331716733
ordered	0.01	4	t1	0.3762531725804453	0.03271503353379623
ordered	0.01	4	t1	0.4221605298354539	0.03227087562450626
ordered	0.01	4	t1	0.47367243381911905	0.03177185503574786
ordered	0.01	4	phi	7.629388473795709e-6	3.9503676105735654
ordered	0.01	4	phi	1.525877694759142e-5	1.709383766669043
ordered	0.01	4	phi	2.2888165421387134e-5	0.5359770948533576
ordered	0.01	4	phi	3.0517553895182842e-5	0.23048560529483159
ordered	0.01	4	phi	3.814694236897854e-5	0.14826875154857153
ordered	0.01	4	phi	4.577633084277418e-5	0.11561002633455937
ordered	0.01	4	phi	5.340571931656997e-5	0.012431626876033192
ordered	0.01	4	phi	6.10351077903657e-5	0.3660450918316279
ordered	0.01	4	phi	6.86644962641613e-5	0.519844791998152
ordered	0.01	4	phi	7.629388473795709e-5	0.03833572702499098
ordered	0.01	4	phi	8.392327321175269e-5	0.05638666464351842
ordered	0.01	4	phi	9.529103149571589e-5	0.21150908786265513
ordered	0.01	4	phi	0.00010681143863313985	0.01178491328460245
ordered	0.01	4	phi	0.00011819397800303034	0.16706800189150015
ordered	0.01	4	phi	0.00013345979153336977	0.08410356347259888
ordered	0.01	4	phi	0.0001487241608614854	0.1670231758688303
ordered	0.01	4	phi	0.00016773086992482195	0.17761103750771556
ordered	0.01	4	phi	0.00019063293236353633	0.07467123044406164
ordered	0.01	4	phi	0.00021353201256911329	0.06202241757814387
ordered	0.01	4	phi	0.00023642897778077072	0.0561403165082352
ordered	0.01	4	phi	0.0002630756059577625	0.06504917918841296
ordered	0.01	4	phi	0.00029735037055581985	0.010556331693265909
ordered	0.01	4	phi	0.00033551959004834276	0.032595715197582434
ordered	0.01	4	phi	0.0003774297929274283	0.03564326843610955
ordered	0.01	4	phi	0.0004232304713625064	0.028733689267987982
ordered	0.01	4	phi	0.00047277581579931876	0.012023069306874261
ordered	0.01	4	phi	0.000529954140682307	0.017835157434129417
ordered	0.01	4	phi	0.0005947660315265448	0.015024986289598264
ordered	0.01	4	phi	0.0006672115727191813	0.011859703480886268
ordered	0.01	4	phi	0.0007510328933877064	0.009234612470014924
ordered	0.01	4	phi	0.0008426357798242797	0.009971499979853539
ordered	0.01	4	phi	0.000945469465562411	0.009819644054179727
ordered	0.01	4	phi	0.0010637181906205887	0.00922365644702327
ordered	0.01	4	phi	0.0011933427345577946	0.00967000661161486
ordered	0.01	4	phi	0.001338234444659373	0.004802744837945722
ordered	0.01	4	phi	0.0014983929255561702	0.0031709115334882907
ordered	0.01	4	phi	0.0016813062912522984	0.004474971653685468
ordered	0.01	4	phi	0.0018872672594733926	0.0027215962615150975
ordered	0.01	4	phi	0.0021159825568989763	0.0017277576998990718
ordered	0.01	4	phi	0.0023752319840376667	0.0016192848014368656
ordered	0.01	4	phi	0.0026650158537247022	0.0006996593219007219
ordered	0.01	4	phi	0.002989077753483762	0.0008229626104623405
ordered	0.01	4	phi	0.0033550511129892243	0.0005968009560963199
ordered	0.01	4	phi	0.0037630823722051253	0.000482733367028295
ordered	0.01	4	phi	0.004220512937761092	0.00022745261342552102
ordered	0.01	4	phi	0.004735268427364398	0.00023572432853240816
ordered	0.01	4	phi	0.00531468965810924	0.00016327262141543683
ordered	0.01	4	phi	0.005966703895880201	0.00012063640287340138
ordered	0.01	4	phi	0.006691163505285742	9.709982835414648e-5
ordered	0.01	4	phi	0.00750693386647431	6.557451345670369e-5
ordered	0.01	4	phi	0.008425831166491782	5.910571168695116e-5
ordered	0.01	4	phi	0.009451452182471384	3.994271370313571e-5
ordered	0.01	4	phi	0.010602808117072449	3.45279903159481e-5
ordered	0.01	4	phi	0.011899055913815891	2.793350164526719e-5
ordered	0.01	4	phi	0.013351719421174534	2.1005532017021695e-5
ordered	0.01	4	phi	0.014979662876172375	1.571909349528891e-5
ordered	0.01	4	phi	0.016805933483363636	1.2666575958148418e-5
ordered	0.01	4	phi	0.0188570292540463	9.949115302547477e-6
ordered	0.01	4	phi	0.021159887502757043	7.557166279823866e-6
ordered	0.01	4	phi	0.023741006069205848	6.480684487365004e-6
ordered	0.01	4	phi	0.026638552998525435	5.811735166152512e-6
ordered	0.01	4	phi	0.029886952690767608	4.635369912052399e-6
ordered	0.01	4	phi	0.0335317139880143	3.6976659694965713e-6
ordered	0.01	4	phi	0.03762641841208682	3.1565140309091955e-6
ordered	0.01	4	phi	0.042216867626638205	2.5541535831300157e-6
ordered	0.01	4	phi	0.047367581161098446	2.1239221764478306e-6
ordered	0.01	4	phi	0.05314755428959493	1.7069308816213171e-6
ordered	0.01	4	phi	0.05963268370222095	1.478429730523495e-6
ordered	0.01	4	phi	0.06691097550584788	1.264016712673031e-6
ordered	0.01	4	phi	0.07507374000353845	1.0231608341865599e-6
ordered	0.01	4	phi	0.0842315912160045	8.548532184631101e-7
ordered	0.01	4	phi	0.09451026390588896	6.783019430279065e-7
ordered	0.01	4	phi	0.10604341934190899	5.232765333850461e-7
ordered	0.01	4	phi	0.11898329021012795	4.1743097746474553e-7
ordered	0.01	4	phi	0.13350170578599946	3.4902237096372836e-7
ordered	0.01	4	phi	0.14978906678461706	2.713484596700292e-7
ordered	0.01	4	phi	0.16806660120897057	2.260008989878532e-7
ordered	0.01	4	phi	0.18857454785745398	1.8717472884774385e-7
ordered	0.01	4	phi	0.2115835334850689	1.4657356028530756e-7
ordered	0.01	4	phi	0.23739860927755593	1.2373899784731862e-7
ordered	0.01	4	phi	0.266366591568392	9.797049631025525e-8
ordered	0.01	4	phi	0.29886901401039945	7.772355346668526e-8
ordered	0.01	4	phi	0.33533636966402874	6.47332975453695e-8
ordered	0.01	4	phi	0.3762531725804453	5.4572762265687195e-8
ordered	0.01	4	phi	0.4221605298354539	4.364521184437374e-8
ordered	0.01	4	phi	0.47367243381911905	3.6260938998429455e-8
ordered	0.01	5	t1	7.629388473795709e-6	0.15320453838892767
ordered	0.01	5	t1	1.525877694759142e-5	0.11531697802923095
ordered	0.01	5	t1	2.2888165421387134e-5	0.08697654298838459
ordered	0.01	5	t1	3.0517553895182842e-5	0.03289151945506555
ordered	0.01	5	t1	3.814694236897854e-5	0.055034946784470094
ordered	0.01	5	t1	4.577633084277418e-5	0.18566316032848929
ordered	0.01	5	t1	5.340571931656997e-5	0.15997878947783575
ordered	0.01	5	t1	6.10351077903657e-5	0.09110172177397652
ordered	0.01	5	t1	6.86644962641613e-5	0.06516251054258287
ordered	0.01	5	t1	7.629388473795709e-5	0.09319655311808961
ordered	0.01	5	t1	8.392327321175269e-5	0.026799698851779945
ordered	0.01	5	t1	9.529103149571589e-5	0.055546426822821876
ordered	0.01	5	t1	0.00010681143863313985	0.0801295489545652
ordered	0.01	5	t1	0.00011819397800303034	0.010074839230612012
ordered	0.01	5	t1	0.00013345979153336977	0.021622125355807938
ordered	0.01	5	t1	0.0001487241608614854	0.10001509314412359
ordered	0.01	5	t1	0.00016773086992482195	0.03773421429590105
ordered	0.01	5	t1	0.00019063293236353633	0.05481408071236992
ordered	0.01	5	t1	0.00021353201256911329	0.06439711036321558
ordered	0.01	5	t1	0.00023642897778077072	0.13271975455984444
ordered	0.01	5	t1	0.0002630756059577625	0.04168897061657262
ordered	0.01	5	t1	0.00029735037055581985	0.005668140998961573
ordered	0.01	5	t1	0.00033551959004834276	0.0693288893125442
ordered	0.01	5	t1	0.0003774297929274283	0.0976573785218589
ordered	0.01	5	t1	0.0004232304713625064	0.056724857344043804
ordered	0.01	5	t1	0.00047277581579931876	0.10958020370751413
ordered	0.01	5	t1	0.000529954140682307	0.06373330458524225
ordered	0.01	5	t1	0.0005947660315265448	0.05938249163446406
ordered	0.01	5	t1	0.0006672115727191813	0.13988014562250456
ordered	0.01	5	t1	0.0007510328933877064	0.1108423258157224
ordered	0.01	5	t1	0.0008426357798242797	0.0965312126838865
ordered	0.01	5	t1	0.000945469465562411	0.10416893513977378
ordered	0.01	5	t1	0.0010637181906205887	0.10042984531303371
ordered	0.01	5	t1	0.0011933427345577946	0.21201020199752454
ordered	0.01	5	t1	0.001338234444659373	0.11949404248339264
ordered	0.01	5	t1	0.0014983929255561702	0.14725531287349175
ordered	0.01	5	t1	0.0016813062912522984	0.15544039458848827
ordered	0.01	5	t1	0.0018872672594733926	0.17165911225714958
ordered	0.01	5	t1	0.0021159825568989763	0.14891023072938325
ordered	0.01	5	t1	0.0023752319840376667	0.140338299664328
ordered	0.01	5	t1	0.0026650158537247022	0.12759804650406312
ordered	0.01	5	t1	0.002989077753483762	0.09984376646717409
ordered	0.01	5	t1	0.0033550511129892243	0.1323580862713627
ordered	0.01	5	t1	0.0037630823722051253	0.09740448786637014
ordered	0.01	5	t1	0.004220512937761092	0.11693587151506228
ordered	0.01	5	t1	0.004735268427364398	0.08557472780738941
ordered	0.01	5	t1	0.00531468965810924	0.07174855128633231
ordered	0.01	5	t1	0.005966703895880201	0.07844744730589916
ordered	0.01	5	t1	0.006691163505285742	0.09439775138419228
ordered	0.01	5	t1	0.00750693386647431	0.07603843934913661
ordered	0.01	5	t1	0.008425831166491782	0.08644370435798492
ordered	0.01	5	t1	0.009451452182471384	0.08626175475766062
ordered	0.01	5	t1	0.010602808117072449	0.07923152686844906
ordered	0.01	5	t1	0.011899055913815891	0.08186159290182547
ordered	0.01	5	t1	0.013351719421174534	0.0806169469408993
ordered	0.01	5	t1	0.014979662876172375	0.06983351763545002
ordered	0.01	5	t1	0.016805933483363636	0.07262354452381889
ordered	0.01	5	t1	0.0188570292540463	0.0717851153350525
ordered	0.01	5	t1	0.021159887502757043	0.07631120927440854
ordered	0.01	5	t1	0.023741006069205848	0.07321592357315383
ordered	0.01	5	t1	0.026638552998525435	0.06395689967234693
ordered	0.01	5	t1	0.029886952690767608	0.06393344713507802
ordered	0.01	5	t1	0.0335317139880143	0.06396396748269569
ordered	0.01	5	t1	0.03762641841208682	0.06042251908541187
ordered	0.01	5	t1	0.042216867626638205	0.05737820452725507
ordered	0.01	5	t1	0.047367581161098446	0.05982107777287231
ordered	0.01	5	t1	0.05314755428959493	0.05492253003239185
ordered	0.01	5	t1	0.05963268370222095	0.05222780901907644
ordered	0.01	5	t1	0.06691097550584788	0.05346911782625988
ordered	0.01	5	t1	0.07507374000353845	0.04689258316007412
ordered	0.01	5	t1	0.0842315912160045	0.0469682634166827
ordered	0.01	5	t1	0.09451026390588896	0.04580036161577752
ordered	0.01	5	t1	0.10604341934190899	0.046647980259316574
ordered	0.01	5	t1	0.11898329021012795	0.04229867956870665
ordered	0.01	5	t1	0.13350170578599946	0.04153398289519062
ordered	0.01	5	t1	0.14978906678461706	0.039796423064794424
ordered	0.01	5	t1	0.16806660120897057	0.037898598655325265
ordered	0.01	5	t1	0.18857454785745398	0.036126792804865936
ordered	0.01	5	t1	0.2115835334850689	0.036014338427096934
ordered	0.01	5	t1	0.23739860927755593	0.03484668488785811
ordered	0.01	5	t1	0.266366591568392	0.03356829839032906
ordered	0.01	5	t1	0.29886901401039945	0.03382652106551573
ordered	0.01	5	t1	0.33533636966402874	0.03190910374313351
ordered	0.01	5	t1	0.3762531725804453	0.031613001900282406
ordered	0.01	5	t1	0.4221605298354539	0.03208715168615916
ordered	0.01	5	t1	0.47367243381911905	0.03125517900019337
ordered	0.01	5	phi	7.629388473795709e-6	4.179269469903811
ordered	0.01	5	phi	1.525877694759142e-5	0.662890995776514
ordered	0.01	5	phi	2.2888165421387134e-5	1.8297359059534994
ordered	0.01	5	phi	3.0517553895182842e-5	0.405801985996455
ordered	0.01	5	phi	3.814694236897854e-5	0.6623668384556746
ordered	0.01	5	phi	4.577633084277418e-5	0.0026058488698664137
ordered	0.01	5	phi	5.340571931656997e-5	0.5634214727743365
ordered	0.01	5	phi	6.10351077903657e-5	0.05633481721858879
ordered	0.01	5	phi	6.86644962641613e-5	0.20242464384691666
ordered	0.01	5	phi	7.629388473795709e-5	0.05804742734783597
ordered	0.01	5	phi	8.392327321175269e-5	0.06566994578267064
ordered	0.01	5	phi	9.529103149571589e-5	0.25348073115814834
ordered	0.01	5	phi	0.00010681143863313985	0.2843408666210853
ordered	0.01	5	phi	0.00011819397800303034	0.0775637943632247
ordered	0.01	5	phi	0.00013345979153336977	0.0661839205658356
ordered	0.01	5	phi	0.0001487241608614854	0.019953970288281206
ordered	0.01	5	phi	0.00016773086992482195	0.11793830376687818
ordered	0.01	5	phi	0.00019063293236353633	0.11935401287034741
ordered	0.01	5	phi	0.00021353201256911329	0.013489457952059905
ordered	0.01	5	phi	0.00023642897778077072	0.04407670800323679
ordered	0.01	5	phi	0.0002630756059577625	0.02428984853936258
ordered	0.01	5	phi	0.00029735037055581985	0.007926393225083869
ordered	0.01	5	phi	0.00033551959004834276	0.018561777968373234
ordered	0.01	5	phi	0.0003774297929274283	0.044759867109038294
ordered	0.01	5	phi	0.0004232304713625064	0.02074064163512233
ordered	0.01	5	phi	0.00047277581579931876	0.010426922652093468
ordered	0.01	5	phi	0.000529954140682307	0.018689415882297007
ordered	0.01	5	phi	0.0005947660315265448	0.007964504269684243
ordered	0.01	5	phi	0.0006672115727191813	0.01399066877872934
ordered	0.01	5	phi	0.0007510328933877064	0.012834341929042517
ordered	0.01	5	phi	0.0008426357798242797	0.011061715539571753
ordered	0.01	5	phi	0.000945469465562411	0.006335778650541317
ordered	0.01	5	phi	0.0010637181906205887	0.0065037336534814255
ordered	0.01	5	phi	0.0011933427345577946	0.00878753428061173
ordered	0.01	5	phi	0.001338234444659373	0.004765356955530733
ordered	0.01	5	phi	0.0014983929255561702	0.004822609948401623
ordered	0.01	5	phi	0.0016813062912522984	0.0037322685456782348
ordered	0.01	5	phi	0.0018872672594733926	0.003601576688568847
ordered	0.01	5	phi	0.0021159825568989763	0.0019285066048972867
ordered	0.01	5	phi	0.0023752319840376667	0.0011604186109650796
ordered	0.01	5	phi	0.0026650158537247022	0.0011155112576944502
ordered	0.01	5	phi	0.002989077753483762	0.0006302511749960511
ordered	0.01	5	phi	0.0033550511129892243	0.0006258904043649248
ordered	0.01	5	phi	0.0037630823722051253	0.0004906948759598332
ordered	0.01	5	phi	0.004220512937761092	0.00029354931269174375
ordered	0.01	5	phi	0.004735268427364398	0.0001906143075615239
ordered	0.01	5	phi	0.00531468965810924	0.00016158881325981683
ordered	0.01	5	phi	0.005966703895880201	0.00010887459603945042
ordered	0.01	5	phi	0.006691163505285742	8.549623688928233e-5
ordered	0.01	5	phi	0.00750693386647431	6.554418238611231e-5
ordered	0.01	5	phi	0.008425831166491782	4.55696909998873e-5
ordered	0.01	5	phi	0.009451452182471384	3.6977904765829946e-5
ordered	0.01	5	phi	0.010602808117072449	3.1727433482254374e-5
ordered	0.01	5	phi	0.011899055913815891	2.3125720972511526e-5
ordered	0.01	5	phi	0.013351719421174534	1.7254347509208185e-5
ordered	0.01	5	phi	0.014979662876172375	1.3975806880570997e-5
ordered	0.01	5	phi	0.016805933483363636	1.1878233961934004e-5
ordered	0.01	5	phi	0.0188570292540463	8.805842913197821e-6
ordered	0.01	5	phi	0.021159887502757043	6.915466461386862e-6
ordered	0.01	5	phi	0.023741006069205848	6.444801750021572e-6
ordered	0.01	5	phi	0.026638552998525435	4.843058030689831e-6
ordered	0.01	5	phi	0.029886952690767608	3.832592151615094e-6
ordered	0.01	5	phi	0.0335317139880143	3.4980372379152382e-6
ordered	0.01	5	phi	0.03762641841208682	2.723080639627009e-6
ordered	0.01	5	phi	0.042216867626638205	2.2586838047887264e-6
ordered	0.01	5	phi	0.047367581161098446	1.9895849010195624e-6
ordered	0.01	5	phi	0.05314755428959493	1.7843595363566362e-6
ordered	0.01	5	phi	0.05963268370222095	1.3814661974337731e-6
ordered	0.01	5	phi	0.06691097550584788	1.1682196172819258e-6
ordered	0.01	5	phi	0.07507374000353845	9.684756972267395e-7
ordered	0.01	5	phi	0.0842315912160045	8.233729077402274e-7
ordered	0.01	5	phi	0.09451026390588896	6.296365251711676e-7
ordered	0.01	5	phi	0.10604341934190899	5.066775243969994e-7
ordered	0.01	5	phi	0.11898329021012795	4.088504642598909e-7
ordered	0.01	5	phi	0.13350170578599946	3.2511200370858106e-7
ordered	0.01	5	phi	0.14978906678461706	2.554297261325863e-7
ordered	0.01	5	phi	0.16806660120897057	2.1214387863610195e-7
ordered	0.01	5	phi	0.18857454785745398	1.7423638662255677e-7
ordered	0.01	5	phi	0.2115835334850689	1.434393465467533e-7
ordered	0.01	5	phi	0.23739860927755593	1.152510464684581e-7
ordered	0.01	5	phi	0.266366591568392	9.450117792140038e-8
ordered	0.01	5	phi	0.29886901401039945	7.602716958267685e-8
ordered	0.01	5	phi	0.33533636966402874	6.372318517268398e-8
ordered	0.01	5	phi	0.3762531725804453	5.07453028192666e-8
ordered	0.01	5	phi	0.4221605298354539	4.16705158108384e-8
ordered	0.01	5	phi	0.47367243381911905	3.443769428933635e-8
ordered	0.02	1	t1	7.629388473795709e-6	6.060704185750354
ordered	0.02	1	t1	1.525877694759142e-5	4.818072663115309
ordered	0.02	1	t1	2.2888165421387134e-5	0.3134863319474012
ordered	0.02	1	t1	3.0517553895182842e-5	1.0557956836861304
ordered	0.02	1	t1	3.814694236897854e-5	0.34823505986981507
ordered	0.02	1	t1	4.577633084277418e-5	0.43018548969381337
ordered	0.02	1	t1	5.340571931656997e-5	0.4282223716799685
ordered	0.02	1	t1	6.10351077903657e-5	1.0632833917861928
ordered	0.02	1	t1	6.86644962641613e-5	2.846203815851724
ordered	0.02	1	t1	7.629388473795709e-5	0.03960728052218812
ordered	0.02	1	t1	8.392327321175269e-5	1.2002561086619736
ordered	0.02	1	t1	9.529103149571589e-5	0.8603654785687289
ordered	0.02	1	t1	0.00010681143863313985	1.2126800687063188
ordered	0.02	1	t1	0.00011819397800303034	0.5157037596479167
ordered	0.02	1	t1	0.00013345979153336977	0.29200235941209074
ordered	0.02	1	t1	0.0001487241608614854	0.10961909736651343
ordered	0.02	1	t1	0.00016773086992482195	0.5837100806985754
ordered	0.02	1	t1	0.00019063293236353633	0.6050335322283459
ordered	0.02	1	t1	0.00021353201256911329	1.4305136889789025
ordered	0.02	1	t1	0.00023642897778077072	0.5508120625939009
ordered	0.02	1	t1	0.0002630756059577625	0.49515718705674255
ordered	0.02	1	t1	0.00029735037055581985	0.5363844905719526
ordered	0.02	1	t1	0.00033551959004834276	0.14898904527154588
ordered	0.02	1	t1	0.0003774297929274283	0.38002314034230245
ordered	0.02	1	t1	0.0004232304713625064	0.6355344539343165
ordered	0.02	1	t1	0.00047277581579931876	0.5296811732612637
ordered	0.02	1	t1	0.000529954140682307	0.6274932127017075
ordered	0.02	1	t1	0.0005947660315265448	0.7643599010267655
ordered	0.02	1	t1	0.0006672115727191813	0.49537268712799926
ordered	0.02	1	t1	0.0007510328933877064	0.48997483612754866
ordered	0.02	1	t1	0.0008426357798242797	0.7198654684757226
ordered	0.02	1	t1	0.000945469465562411	0.6986701178162126
ordered	0.02	1	t1	0.0010637181906205887	0.9546913289970931
ordered	0.02	1	t1	0.0011933427345577946	0.6066997209372021
ordered	0.02	1	t1	0.001338234444659373	0.7283308210471037
ordered	0.02	1	t1	0.0014983929255561702	0.8099002079358253
ordered	0.02	1	t1	0.0016813062912522984	0.6989428578557652
ordered	0.02	1	t1	0.0018872672594733926	1.4456032153148717
ordered	0.02	1	t1	0.0021159825568989763	1.8853360337000298
ordered	0.02	1	t1	0.0023752319840376667	2.0867758966466794
ordered	0.02	1	t1	0.0026650158537247022	3.713313716695391
ordered	0.02	1	t1	0.002989077753483762	4.414705572519872
ordered	0.02	1	t1	0.0033550511129892243	2.6843025179776547
ordered	0.02	1	t1	0.0037630823722051253	2.3087836905793417
ordered	0.02	1	t1	0.004220512937761092	2.6709483420701887
ordered	0.02	1	t1	0.004735268427364398	1.8276335898750402
ordered	0.02	1	t1	0.00531468965810924	2.1779522312542965
ordered	0.02	1	t1	0.005966703895880201	1.970701209588425
ordered	0.02	1	t1	0.006691163505285742	1.397791951977781
ordered	0.02	1	t1	0.00750693386647431	1.3756969574865112
ordered	0.02	1	t1	0.008425831166491782	1.070380229307073
ordered	0.02	1	t1	0.009451452182471384	1.0814788904687045
ordered	0.02	1	t1	0.010602808117072449	0.9764431356334988
ordered	0.02	1	t1	0.011899055913815891	0.9136375934536847
ordered	0.02	1	t1	0.013351719421174534	0.8266845388739202
ordered	0.02	1	t1	0.014979662876172375	0.8588667221486223
ordered	0.02	1	t1	0.016805933483363636	0.7941709664311732
ordered	0.02	1	t1	0.0188570292540463	0.8295205342326317
ordered	0.02	1	t1	0.021159887502757043	0.7545845167389025
ordered	0.02	1	t1	0.023741006069205848	0.7927206891880609
ordered	0.02	1	t1	0.026638552998525435	0.7111683469203718
ordered	0.02	1	t1	0.029886952690767608	0.6677826805647438
ordered	0.02	1	t1	0.0335317139880143	0.6734529256398452
ordered	0.02	1	t1	0.03762641841208682	0.6172671172190618
ordered	0.02	1	t1	0.042216867626638205	0.5726929313676913
ordered	0.02	1	t1	0.047367581161098446	0.5969036277733283
ordered	0.02	1	t1	0.05314755428959493	0.5319470665715078
ordered	0.02	1	t1	0.05963268370222095	0.4856463411409277
ordered	0.02	1	t1	0.06691097550584788	0.5038952181134069
ordered	0.02	1	t1	0.07507374000353845	0.4653108330372766
ordered	0.02	1	t1	0.0842315912160045	0.41454267166512676
ordered	0.02	1	t1	0.09451026390588896	0.39501364165064906
ordered	0.02	1	t1	0.10604341934190899	0.38714962261743485
ordered	0.02	1	t1	0.11898329021012795	0.35715704478568516
ordered	0.02	1	t1	0.13350170578599946	0.33825243905538305
ordered	0.02	1	t1	0.14978906678461706	0.30901229228242505
ordered	0.02	1	t1	0.16806660120897057	0.288672365201185
ordered	0.02	1	t1	0.18857454785745398	0.25868965490979073
ordered	0.02	1	t1	0.2115835334850689	0.24799696376586208
ordered	0.02	1	t1	0.23739860927755593	0.23797498660086594
ordered	0.02	1	t1	0.266366591568392	0.2256105657032351
ordered	0.02	1	t1	0.29886901401039945	0.21593515453824177
ordered	0.02	1	t1	0.33533636966402874	0.21394041720541807
ordered	0.02	1	t1	0.3762531725804453	0.20336378597953303
ordered	0.02	1	t1	0.4221605298354539	0.1920470412277936
ordered	0.02	1	t1	0.47367243381911905	0.1929245443043325
ordered	0.02	1	phi	7.629388473795709e-6	0.27048901260060265
ordered	0.02	1	phi	1.525877694759142e-5	1.1399794282520428
ordered	0.02	1	phi	2.2888165421387134e-5	0.5178856823437721
ordered	0.02	1	phi	3.0517553895182842e-5	0.08787038335439426
ordered	0.02	1	phi	3.814694236897854e-5	0.901688273379979
ordered	0.02	1	phi	4.577633084277418e-5	0.18876125916752048
ordered	0.02	1	phi	5.340571931656997e-5	0.07123626143110612
ordered	0.02	1	phi	6.10351077903657e-5	0.2420651810035347
ordered	0.02	1	phi	6.86644962641613e-5	0.061638739300888826
ordered	0.02	1	phi	7.629388473795709e-5	0.07940282455232876
ordered	0.02	1	phi	8.392327321175269e-5	0.10929152920891667
ordered	0.02	1	phi	9.529103149571589e-5	0.04173291348666881
ordered	0.02	1	phi	0.00010681143863313985	0.0066765348301456836
ordered	0.02	1	phi	0.00011819397800303034	0.06124290378753073
ordered	0.02	1	phi	0.00013345979153336977	0.023327754807411408
ordered	0.02	1	phi	0.0001487241608614854	0.029311255777727578
ordered	0.02	1	phi	0.00016773086992482195	0.044379198504528504
ordered	0.02	1	phi	0.00019063293236353633	0.045042050472140736
ordered	0.02	1	phi	0.00021353201256911329	0.027580177181832827
ordered	0.02	1	phi	0.00023642897778077072	0.03150705177663645
ordered	0.02	1	phi	0.0002630756059577625	0.019804975813362546
ordered	0.02	1	phi	0.00029735037055581985	0.022604463962723764
ordered	0.02	1	phi	0.00033551959004834276	0.029498730265160904
ordered	0.02	1	phi	0.0003774297929274283	0.03358358849095862
ordered	0.02	1	phi	0.0004232304713625064	0.012527163636935226
ordered	0.02	1	phi	0.00047277581579931876	0.00801917285771714
ordered	0.02	1	phi	0.000529954140682307	0.009677029396545406
ordered	0.02	1	phi	0.0005947660315265448	0.004767374932019451
ordered	0.02	1	phi	0.0006672115727191813	0.009038805702746703
ordered	0.02	1	phi	0.0007510328933877064	0.0028117397829604796
ordered	0.02	1	phi	0.0008426357798242797	0.004514985255339428
ordered	0.02	1	phi	0.000945469465562411	0.0052991656558017625
ordered	0.02	1	phi	0.0010637181906205887	0.004706916545786444
ordered	0.02	1	phi	0.0011933427345577946	0.002963533079463782
ordered	0.02	1	phi	0.001338234444659373	0.004355253876110685
ordered	0.02	1	phi	0.0014983929255561702	0.004481137785221318
ordered	0.02	1	phi	0.0016813062912522984	0.005454844665646399
ordered	0.02	1	phi	0.0018872672594733926	0.005625813083639447
ordered	0.02	1	phi	0.0021159825568989763	0.006744981393212078
ordered	0.02	1	phi	0.0023752319840376667	0.0067468297227784675
ordered	0.02	1	phi	0.0026650158537247022	0.00897808160547438
ordered	0.02	1	phi	0.002989077753483762	0.009781699193189095
ordered	0.02	1	phi	0.0033550511129892243	0.005396308872826746
ordered	0.02	1	phi	0.0037630823722051253	0.003714395066668297
ordered	0.02	1	phi	0.004220512937761092	0.003075518563412625
ordered	0.02	1	phi	0.004735268427364398	0.001627558397344289
ordered	0.02	1	phi	0.00531468965810924	0.0016868995803929873
ordered	0.02	1	phi	0.005966703895880201	0.0011336171473322085
ordered	0.02	1	phi	0.006691163505285742	0.0005734711670236465
ordered	0.02	1	phi	0.00750693386647431	0.0003643090691875059
ordered	0.02	1	phi	0.008425831166491782	0.00021156645522043096
ordered	0.02	1	phi	0.009451452182471384	0.00018220862148325519
ordered	0.02	1	phi	0.010602808117072449	0.00014326598821297361
ordered	0.02	1	phi	0.011899055913815891	8.975516069291528e-5
ordered	0.02	1	phi	0.013351719421174534	6.0697914796076846e-5
ordered	0.02	1	phi	0.014979662876172375	4.210176947101163e-5
ordered	0.02	1	phi	0.016805933483363636	2.8660115602933852e-5
ordered	0.02	1	phi	0.0188570292540463	2.165337290581104e-5
ordered	0.02	1	phi	0.021159887502757043	1.507448167616762e-5
ordered	0.02	1	phi	0.023741006069205848	1.2069264703671521e-5
ordered	0.02	1	phi	0.026638552998525435	8.957618041765265e-6
ordered	0.02	1	phi	0.029886952690767608	6.748542937756473e-6
ordered	0.02	1	phi	0.0335317139880143	5.502914604871752e-6
ordered	0.02	1	phi	0.03762641841208682	4.5309992619447315e-6
ordered	0.02	1	phi	0.042216867626638205	3.5954883809668465e-6
ordered	0.02	1	phi	0.047367581161098446	3.0282264485684517e-6
ordered	0.02	1	phi	0.05314755428959493	2.7177947604165887e-6
ordered	0.02	1	phi	0.05963268370222095	2.201953683863961e-6
ordered	0.02	1	phi	0.06691097550584788	1.8997568836701525e-6
ordered	0.02	1	phi	0.07507374000353845	1.6503257293018077e-6
ordered	0.02	1	phi	0.0842315912160045	1.4636967853504602e-6
ordered	0.02	1	phi	0.09451026390588896	1.2988560526059907e-6
ordered	0.02	1	phi	0.10604341934190899	1.2165540201465807e-6
ordered	0.02	1	phi	0.11898329021012795	1.0589365548118114e-6
ordered	0.02	1	phi	0.13350170578599946	9.733867014860074e-7
ordered	0.02	1	phi	0.14978906678461706	8.460011258092761e-7
ordered	0.02	1	phi	0.16806660120897057	7.820211483313508e-7
ordered	0.02	1	phi	0.18857454785745398	7.075635309513454e-7
ordered	0.02	1	phi	0.2115835334850689	6.630303690831223e-7
ordered	0.02	1	phi	0.23739860927755593	5.725510070648142e-7
ordered	0.02	1	phi	0.266366591568392	4.949763693800646e-7
ordered	0.02	1	phi	0.29886901401039945	4.5681468975996213e-7
ordered	0.02	1	phi	0.33533636966402874	3.900276273974348e-7
ordered	0.02	1	phi	0.3762531725804453	3.433030905854759e-7
ordered	0.02	1	phi	0.4221605298354539	2.9085226005023285e-7
ordered	0.02	1	phi	0.47367243381911905	2.47449532944474e-7
ordered	0.02	2	t1	7.629388473795709e-6	1.0076844881922125
ordered	0.02	2	t1	1.525877694759142e-5	0.7380161992034115
ordered	0.02	2	t1	2.2888165421387134e-5	5.160352168438118
ordered	0.02	2	t1	3.0517553895182842e-5	1.8192367715162976
ordered	0.02	2	t1	3.814694236897854e-5	0.9866313245696567
ordered	0.02	2	t1	4.577633084277418e-5	0.5627172096429696
ordered	0.02	2	t1	5.340571931656997e-5	2.309098699938242
ordered	0.02	2	t1	6.10351077903657e-5	0.3477323934254175
ordered	0.02	2	t1	6.86644962641613e-5	0.9206178145962534
ordered	0.02	2	t1	7.629388473795709e-5	0.8656386117589523
ordered	0.02	2	t1	8.392327321175269e-5	0.2054707472143967
ordered	0.02	2	t1	9.529103149571589e-5	0.29914476053944844
ordered	0.02	2	t1	0.00010681143863313985	0.13211245477721564
ordered	0.02	2	t1	0.00011819397800303034	0.9523256715322255
ordered	0.02	2	t1	0.00013345979153336977	0.7726496560302409
ordered	0.02	2	t1	0.0001487241608614854	1.5413890110627002
ordered	0.02	2	t1	0.00016773086992482195	0.8757179910775591
ordered	0.02	2	t1	0.00019063293236353633	0.4703170560312695
ordered	0.02	2	t1	0.00021353201256911329	0.882709335485
ordered	0.02	2	t1	0.00023642897778077072	0.4318915719390155
ordered	0.02	2	t1	0.0002630756059577625	0.7671701152241244
ordered	0.02	2	t1	0.00029735037055581985	0.6507093141429194
ordered	0.02	2	t1	0.00033551959004834276	0.6447327841307283
ordered	0.02	2	t1	0.0003774297929274283	0.8638647312713399
ordered	0.02	2	t1	0.0004232304713625064	0.34241704389532
ordered	0.02	2	t1	0.00047277581579931876	0.4940120662021959
ordered	0.02	2	t1	0.000529954140682307	0.5212446721821108
ordered	0.02	2	t1	0.0005947660315265448	0.5179112732479814
ordered	0.02	2	t1	0.0006672115727191813	0.7611856955617764
ordered	0.02	2	t1	0.0007510328933877064	0.5920048581902925
ordered	0.02	2	t1	0.0008426357798242797	0.46326224379481534
ordered	0.02	2	t1	0.000945469465562411	0.8886418026812754
ordered	0.02	2	t1	0.0010637181906205887	0.6288070290256691
ordered	0.02	2	t1	0.0011933427345577946	0.5479581540660234
ordered	0.02	2	t1	0.001338234444659373	0.5622321418817079
ordered	0.02	2	t1	0.0014983929255561702	0.7631461182329052
ordered	0.02	2	t1	0.0016813062912522984	1.2567377228662389
ordered	0.02	2	t1	0.0018872672594733926	1.2928841644176734
ordered	0.02	2	t1	0.0021159825568989763	1.3392935992700767
ordered	0.02	2	t1	0.0023752319840376667	1.609890655010346
ordered	0.02	2	t1	0.0026650158537247022	1.8773556279158476
ordered	0.02	2	t1	0.002989077753483762	1.8064547629251886
ordered	0.02	2	t1	0.0033550511129892243	1.787720248353304
ordered	0.02	2	t1	0.0037630823722051253	2.834674508318662
ordered	0.02	2	t1	0.004220512937761092	3.43566301215783
ordered	0.02	2	t1	0.004735268427364398	1.841126364180846
ordered	0.02	2	t1	0.00531468965810924	2.4823083000948807
ordered	0.02	2	t1	0.005966703895880201	1.7304999457156243
ordered	0.02	2	t1	0.006691163505285742	1.8032228840282465
ordered	0.02	2	t1	0.00750693386647431	1.162542473669085
ordered	0.02	2	t1	0.008425831166491782	1.3291279033100016
ordered	0.02	2	t1	0.009451452182471384	1.2119351581674584
ordered	0.02	2	t1	0.010602808117072449	1.021942794374449
ordered	0.02	2	t1	0.011899055913815891	1.0206759794718707
ordered	0.02	2	t1	0.013351719421174534	0.9301692265860456
ordered	0.02	2	t1	0.014979662876172375	0.8840674108789904
ordered	0.02	2	t1	0.016805933483363636	0.785571760010524
ordered	0.02	2	t1	0.0188570292540463	0.7887070881352578
ordered	0.02	2	t1	0.021159887502757043	0.7745503694801401
ordered	0.02	2	t1	0.023741006069205848	0.7794333039659728
ordered	0.02	2	t1	0.026638552998525435	0.6677066917014193
ordered	0.02	2	t1	0.029886952690767608	0.6793595586860619
ordered	0.02	2	t1	0.0335317139880143	0.6707198708874752
ordered	0.02	2	t1	0.03762641841208682	0.6582401860502861
ordered	0.02	2	t1	0.042216867626638205	0.575681975963877
ordered	0.02	2	t1	0.047367581161098446	0.561640661353038
ordered	0.02	2	t1	0.05314755428959493	0.5583540478591791
ordered	0.02	2	t1	0.05963268370222095	0.5321645706781578
ordered	0.02	2	t1	0.06691097550584788	0.5042488650794947
ordered	0.02	2	t1	0.07507374000353845	0.4767439476286779
ordered	0.02	2	t1	0.0842315912160045	0.4557216873617977
ordered	0.02	2	t1	0.09451026390588896	0.4184394594862964
ordered	0.02	2	t1	0.10604341934190899	0.37726006083639607
ordered	0.02	2	t1	0.11898329021012795	0.36919905789164714
ordered	0.02	2	t1	0.13350170578599946	0.3363127537916128
ordered	0.02	2	t1	0.14978906678461706	0.31840587632780537
ordered	0.02	2	t1	0.16806660120897057	0.307306085454021
ordered	0.02	2	t1	0.18857454785745398	0.2804118973165459
ordered	0.02	2	t1	0.2115835334850689	0.2720577118543354
ordered	0.02	2	t1	0.23739860927755593	0.2529328573081408
ordered	0.02	2	t1	0.266366591568392	0.23927006741310194
ordered	0.02	2	t1	0.29886901401039945	0.23442780949719205
ordered	0.02	2	t1	0.33533636966402874	0.2271612052872298
ordered	0.02	2	t1	0.3762531725804453	0.218538618590036
ordered	0.02	2	t1	0.4221605298354539	0.20407767190772275
ordered	0.02	2	t1	0.47367243381911905	0.2016418707832325
ordered	0.02	2	phi	7.629388473795709e-6	0.9676410577607918
ordered	0.02	2	phi	1.525877694759142e-5	0.8321748240250432
ordered	0.02	2	phi	2.2888165421387134e-5	0.4789171388818275
ordered	0.02	2	phi	3.0517553895182842e-5	0.08170078483496654
ordered	0.02	2	phi	3.814694236897854e-5	0.0012830005293155626
ordered	0.02	2	phi	4.577633084277418e-5	0.35075473987251876
ordered	0.02	2	phi	5.340571931656997e-5	0.20680360157820377
ordered	0.02	2	phi	6.10351077903657e-5	0.17127521906492765
ordered	0.02	2	phi	6.86644962641613e-5	0.10464148945538576
ordered	0.02	2	phi	7.629388473795709e-5	0.18375000327925206
ordered	0.02	2	phi	8.392327321175269e-5	0.049887488619150544
ordered	0.02	2	phi	9.529103149571589e-5	0.032046774750005835
ordered	0.02	2	phi	0.00010681143863313985	0.004914532889141103
ordered	0.02	2	phi	0.00011819397800303034	0.04258374116009857
ordered	0.02	2	phi	0.00013345979153336977	0.05741410824379738
ordered	0.02	2	phi	0.0001487241608614854	0.020603316143689595
ordered	0.02	2	phi	0.00016773086992482195	0.06393562518644917
ordered	0.02	2	phi	0.00019063293236353633	0.023561446894758625
ordered	0.02	2	phi	0.00021353201256911329	0.031658942880561716
ordered	0.02	2	phi	0.00023642897778077072	0.021892033676775252
ordered	0.02	2	phi	0.0002630756059577625	0.021712260050262902
ordered	0.02	2	phi	0.00029735037055581985	0.032276236830877554
ordered	0.02	2	phi	0.00033551959004834276	0.01164870969509368
ordered	0.02	2	phi	0.0003774297929274283	0.004741371113359442
ordered	0.02	2	phi	0.0004232304713625064	0.009132099295237119
ordered	0.02	2	phi	0.00047277581579931876	0.009791175652026593
ordered	0.02	2	phi	0.000529954140682307	0.006072724828640844
ordered	0.02	2	phi	0.0005947660315265448	0.007803967659983301
ordered	0.02	2	phi	0.0006672115727191813	0.005158125218715243
ordered	0.02	2	phi	0.0007510328933877064	0.004584357259806985
ordered	0.02	2	phi	0.0008426357798242797	0.006962362683194956
ordered	0.02	2	phi	0.000945469465562411	0.007371416107935677
ordered	0.02	2	phi	0.0010637181906205887	0.0052778087948935695
ordered	0.02	2	phi	0.0011933427345577946	0.003167201435180691
ordered	0.02	2	phi	0.001338234444659373	0.004069710542627542
ordered	0.02	2	phi	0.0014983929255561702	0.003237858889784945
ordered	0.02	2	phi	0.0016813062912522984	0.006223612753000144
ordered	0.02	2	phi	0.0018872672594733926	0.004349081500752666
ordered	0.02	2	phi	0.0021159825568989763	0.0037362773302005107
ordered	0.02	2	phi	0.0023752319840376667	0.004354916954567442
ordered	0.02	2	phi	0.0026650158537247022	0.004012030151166043
ordered	0.02	2	phi	0.002989077753483762	0.0037285670701349347
ordered	0.02	2	phi	0.0033550511129892243	0.003456709563503189
ordered	0.02	2	phi	0.0037630823722051253	0.004122100330023797
ordered	0.02	2	phi	0.004220512937761092	0.00445803160134439
ordered	0.02	2	phi	0.004735268427364398	0.0017747578678650056
ordered	0.02	2	phi	0.00531468965810924	0.0016192180366080325
ordered	0.02	2	phi	0.005966703895880201	0.0011644615347845544
ordered	0.02	2	phi	0.006691163505285742	0.0008703216494087215
ordered	0.02	2	phi	0.00750693386647431	0.00036922801066196055
ordered	0.02	2	phi	0.008425831166491782	0.00029922701372626703
ordered	0.02	2	phi	0.009451452182471384	0.00023256912998756887
ordered	0.02	2	phi	0.010602808117072449	0.000140523648974347
ordered	0.02	2	phi	0.011899055913815891	0.00010799481760057357
ordered	0.02	2	phi	0.013351719421174534	6.511308668871377e-5
ordered	0.02	2	phi	0.014979662876172375	5.119744888253627e-5
ordered	0.02	2	phi	0.016805933483363636	3.2817108979246106e-5
ordered	0.02	2	phi	0.0188570292540463	2.4908248161212597e-5
ordered	0.02	2	phi	0.021159887502757043	2.0758752927469934e-5
ordered	0.02	2	phi	0.023741006069205848	1.4350299499915414e-5
ordered	0.02	2	phi	0.026638552998525435	1.0516100141713056e-5
ordered	0.02	2	phi	0.029886952690767608	8.767099170091424e-6
ordered	0.02	2	phi	0.0335317139880143	6.757444047163407e-6
ordered	0.02	2	phi	0.03762641841208682	5.239213862897362e-6
ordered	0.02	2	phi	0.042216867626638205	4.3546014178516986e-6
ordered	0.02	2	phi	0.047367581161098446	3.4394938952145118e-6
ordered	0.02	2	phi	0.05314755428959493	3.0548268156856075e-6
ordered	0.02	2	phi	0.05963268370222095	2.586877779828498e-6
ordered	0.02	2	phi	0.06691097550584788	2.2755125138410894e-6
ordered	0.02	2	phi	0.07507374000353845	1.8970743379474576e-6
ordered	0.02	2	phi	0.0842315912160045	1.7473105730633686e-6
ordered	0.02	2	phi	0.09451026390588896	1.5066357480094431e-6
ordered	0.02	2	phi	0.10604341934190899	1.2985115689755856e-6
ordered	0.02	2	phi	0.11898329021012795	1.1730678283547025e-6
ordered	0.02	2	phi	0.13350170578599946	1.0591728920697454e-6
ordered	0.02	2	phi	0.14978906678461706	9.355013681187586e-7
ordered	0.02	2	phi	0.16806660120897057	8.580699351337708e-7
ordered	0.02	2	phi	0.18857454785745398	7.569614417407352e-7
ordered	0.02	2	phi	0.2115835334850689	6.822620662268876e-7
ordered	0.02	2	phi	0.23739860927755593	6.139333671651355e-7
ordered	0.02	2	phi	0.266366591568392	5.274344828734649e-7
ordered	0.02	2	phi	0.29886901401039945	4.69021304543518e-7
ordered	0.02	2	phi	0.33533636966402874	4.093007133671653e-7
ordered	0.02	2	phi	0.3762531725804453	3.5300746769331037e-7
ordered	0.02	2	phi	0.4221605298354539	3.048736780316938e-7
ordered	0.02	2	phi	0.47367243381911905	2.594266422708212e-7
ordered	0.02	3	t1	7.629388473795709e-6	10.883086464326379
ordered	0.02	3	t1	1.525877694759142e-5	3.2125724597585927
ordered	0.02	3	t1	2.2888165421387134e-5	1.2098279069577
ordered	0.02	3	t1	3.0517553895182842e-5	2.9251404873143825
ordered	0.02	3	t1	3.814694236897854e-5	8.835533036564868
ordered	0.02	3	t1	4.577633084277418e-5	0.38057824079557967
ordered	0.02	3	t1	5.340571931656997e-5	2.166524343599547
ordered	0.02	3	t1	6.10351077903657e-5	1.1550777214706935
ordered	0.02	3	t1	6.86644962641613e-5	0.7281949069288891
ordered	0.02	3	t1	7.629388473795709e-5	1.0531994267029248
ordered	0.02	3	t1	8.392327321175269e-5	1.22432509078963
ordered	0.02	3	t1	9.529103149571589e-5	0.8605145956127128
ordered	0.02	3	t1	0.00010681143863313985	0.46062785615620916
ordered	0.02	3	t1	0.00011819397800303034	1.298956484359528
ordered	0.02	3	t1	0.00013345979153336977	0.12399414305526082
ordered	0.02	3	t1	0.0001487241608614854	1.6775371166627697
ordered	0.02	3	t1	0.00016773086992482195	1.820148792980974
ordered	0.02	3	t1	0.00019063293236353633	1.1006485091930192
ordered	0.02	3	t1	0.00021353201256911329	0.40985120054378593
ordered	0.02	3	t1	0.00023642897778077072	0.8902892264677386
ordered	0.02	3	t1	0.0002630756059577625	1.055710120148588
ordered	0.02	3	t1	0.00029735037055581985	0.5912447791648708
ordered	0.02	3	t1	0.00033551959004834276	0.8232013482313413
ordered	0.02	3	t1	0.0003774297929274283	0.5232355978059821
ordered	0.02	3	t1	0.0004232304713625064	0.42034852576024795
ordered	0.02	3	t1	0.00047277581579931876	0.3410280438712136
ordered	0.02	3	t1	0.000529954140682307	0.44160561088138833
ordered	0.02	3	t1	0.0005947660315265448	0.6060797628089019
ordered	0.02	3	t1	0.0006672115727191813	0.6688943725568294
ordered	0.02	3	t1	0.0007510328933877064	0.49767160591420806
ordered	0.02	3	t1	0.0008426357798242797	0.7672409552796399
ordered	0.02	3	t1	0.000945469465562411	0.646154135095123
ordered	0.02	3	t1	0.0010637181906205887	0.7245160961943954
ordered	0.02	3	t1	0.0011933427345577946	0.688289692439561
ordered	0.02	3	t1	0.001338234444659373	0.6682501845668392
ordered	0.02	3	t1	0.0014983929255561702	0.7715224132264265
ordered	0.02	3	t1	0.0016813062912522984	1.018683584558162
ordered	0.02	3	t1	0.0018872672594733926	0.9762787410617492
ordered	0.02	3	t1	0.0021159825568989763	1.421965986536974
ordered	0.02	3	t1	0.0023752319840376667	1.6349520135607265
ordered	0.02	3	t1	0.0026650158537247022	1.724125279981756
ordered	0.02	3	t1	0.002989077753483762	2.5588994883870124
ordered	0.02	3	t1	0.0033550511129892243	3.5651493369948035
ordered	0.02	3	t1	0.0037630823722051253	2.1405253343020116
ordered	0.02	3	t1	0.004220512937761092	2.0479780372491194
ordered	0.02	3	t1	0.004735268427364398	1.524862638079458
ordered	0.02	3	t1	0.00531468965810924	2.051551921555336
ordered	0.02	3	t1	0.005966703895880201	1.944803648314308
ordered	0.02	3	t1	0.006691163505285742	1.459683017909848
ordered	0.02	3	t1	0.00750693386647431	1.3107831817822067
ordered	0.02	3	t1	0.008425831166491782	1.0710138609724495
ordered	0.02	3	t1	0.009451452182471384	1.020025726993563
ordered	0.02	3	t1	0.010602808117072449	0.9196372333697349
ordered	0.02	3	t1	0.011899055913815891	0.8475473716353752
ordered	0.02	3	t1	0.013351719421174534	0.8733938531796726
ordered	0.02	3	t1	0.014979662876172375	0.8608187535667357
ordered	0.02	3	t1	0.016805933483363636	0.8126038323999832
ordered	0.02	3	t1	0.0188570292540463	0.7900241892240181
ordered	0.02	3	t1	0.021159887502757043	0.6625230163363977
ordered	0.02	3	t1	0.023741006069205848	0.7271464496706664
ordered	0.02	3	t1	0.026638552998525435	0.7102039044336262
ordered	0.02	3	t1	0.029886952690767608	0.6724895767904681
ordered	0.02	3	t1	0.0335317139880143	0.6487700344199266
ordered	0.02	3	t1	0.03762641841208682	0.6372485766964529
ordered	0.02	3	t1	0.042216867626638205	0.6367934074886006
ordered	0.02	3	t1	0.047367581161098446	0.5705936529835607
ordered	0.02	3	t1	0.05314755428959493	0.5536336452002949
ordered	0.02	3	t1	0.05963268370222095	0.4912501182181757
ordered	0.02	3	t1	0.06691097550584788	0.5165718813612492
ordered	0.02	3	t1	0.07507374000353845	0.4732358148083699
ordered	0.02	3	t1	0.0842315912160045	0.45096117693049576
ordered	0.02	3	t1	0.09451026390588896	0.3969871918113193
ordered	0.02	3	t1	0.10604341934190899	0.3602436923442408
ordered	0.02	3	t1	0.11898329021012795	0.3544707374833963
ordered	0.02	3	t1	0.13350170578599946	0.33815842351409087
ordered	0.02	3	t1	0.14978906678461706	0.30409465476586023
ordered	0.02	3	t1	0.16806660120897057	0.2862975322472129
ordered	0.02	3	t1	0.18857454785745398	0.263579239462116
ordered	0.02	3	t1	0.2115835334850689	0.2625739248713194
ordered	0.02	3	t1	0.23739860927755593	0.25129186990498625
ordered	0.02	3	t1	0.266366591568392	0.23651157181967317
ordered	0.02	3	t1	0.29886901401039945	0.2283578313427234
ordered	0.02	3	t1	0.33533636966402874	0.20894078340282038
ordered	0.02	3	t1	0.3762531725804453	0.20882996742997434
ordered	0.02	3	t1	0.4221605298354539	0.20387523622351247
ordered	0.02	3	t1	0.47367243381911905	0.19532093172277565
ordered	0.02	3	phi	7.629388473795709e-6	1.3483800899400087
ordered	0.02	3	phi	1.525877694759142e-5	0.028067524978635718
ordered	0.02	3	phi	2.2888165421387134e-5	1.426498736741572
ordered	0.02	3	phi	3.0517553895182842e-5	0.09310293750224785
ordered	0.02	3	phi	3.814694236897854e-5	0.10709506029725972
ordered	0.02	3	phi	4.577633084277418e-5	0.3557888110473696
ordered	0.02	3	phi	5.340571931656997e-5	0.3158932496880188
ordered	0.02	3	phi	6.10351077903657e-5	0.22897001088812016
ordered	0.02	3	phi	6.86644962641613e-5	0.3114525650013863
ordered	0.02	3	phi	7.629388473795709e-5	0.10289691095955396
ordered	0.02	3	phi	8.392327321175269e-5	0.06585792425024505
ordered	0.02	3	phi	9.529103149571589e-5	0.16499685191516594
ordered	0.02	3	phi	0.00010681143863313985	0.09492127979825546
ordered	0.02	3	phi	0.00011819397800303034	0.10574167654940138
ordered	0.02	3	phi	0.00013345979153336977	0.07056416829009206
ordered	0.02	3	phi	0.0001487241608614854	0.04864892552457431
ordered	0.02	3	phi	0.00016773086992482195	0.06075200125881483
ordered	0.02	3	phi	0.00019063293236353633	0.03893397439416338
ordered	0.02	3	phi	0.00021353201256911329	0.07689971460418644
ordered	0.02	3	phi	0.00023642897778077072	0.051113439758810136
ordered	0.02	3	phi	0.0002630756059577625	0.036642662053735085
ordered	0.02	3	phi	0.00029735037055581985	0.058237698447529976
ordered	0.02	3	phi	0.00033551959004834276	0.035017932071573464
ordered	0.02	3	phi	0.0003774297929274283	0.02818425734260117
ordered	0.02	3	phi	0.0004232304713625064	0.019381284731005016
ordered	0.02	3	phi	0.00047277581579931876	0.011082237053129279
ordered	0.02	3	phi	0.000529954140682307	0.009861031376999648
ordered	0.02	3	phi	0.0005947660315265448	0.014318435999106855
ordered	0.02	3	phi	0.0006672115727191813	0.006776809838306553
ordered	0.02	3	phi	0.0007510328933877064	0.009052948766528741
ordered	0.02	3	phi	0.0008426357798242797	0.004144060493745919
ordered	0.02	3	phi	0.000945469465562411	0.010227659197842402
ordered	0.02	3	phi	0.0010637181906205887	0.006763487936690884
ordered	0.02	3	phi	0.0011933427345577946	0.005038084885149462
ordered	0.02	3	phi	0.001338234444659373	0.003998995953011788
ordered	0.02	3	phi	0.0014983929255561702	0.005823748802589665
ordered	0.02	3	phi	0.0016813062912522984	0.0039061686380512644
ordered	0.02	3	phi	0.0018872672594733926	0.004962723527784826
ordered	0.02	3	phi	0.0021159825568989763	0.0039980842172659655
ordered	0.02	3	phi	0.0023752319840376667	0.00516308318043046
ordered	0.02	3	phi	0.0026650158537247022	0.004854998212669515
ordered	0.02	3	phi	0.002989077753483762	0.005945153669910616
ordered	0.02	3	phi	0.0033550511129892243	0.006472155900354171
ordered	0.02	3	phi	0.0037630823722051253	0.0038530437703632415
ordered	0.02	3	phi	0.004220512937761092	0.0028080734561578167
ordered	0.02	3	phi	0.004735268427364398	0.0017131748696465163
ordered	0.02	3	phi	0.00531468965810924	0.001337059939573121
ordered	0.02	3	phi	0.005966703895880201	0.0010398648937331445
ordered	0.02	3	phi	0.006691163505285742	0.0006649904769142949
ordered	0.02	3	phi	0.00750693386647431	0.0004212573784242117
ordered	0.02	3	phi	0.008425831166491782	0.0002346363514055711
ordered	0.02	3	phi	0.009451452182471384	0.00018996926203775362
ordered	0.02	3	phi	0.010602808117072449	0.00011566221940934149
ordered	0.02	3	phi	0.011899055913815891	9.006826015102355e-5
ordered	0.02	3	phi	0.013351719421174534	5.6795724118532674e-5
ordered	0.02	3	phi	0.014979662876172375	4.079110243375405e-5
ordered	0.02	3	phi	0.016805933483363636	3.451465018640492e-5
ordered	0.02	3	phi	0.0188570292540463	2.197448694711456e-5
ordered	0.02	3	phi	0.021159887502757043	1.72614726903135e-5
ordered	0.02	3	phi	0.023741006069205848	1.221687573103321e-5
ordered	0.02	3	phi	0.026638552998525435	9.175161478459028e-6
ordered	0.02	3	phi	0.029886952690767608	7.416374009395734e-6
ordered	0.02	3	phi	0.0335317139880143	5.980091736366369e-6
ordered	0.02	3	phi	0.03762641841208682	4.6025722176201544e-6
ordered	0.02	3	phi	0.042216867626638205	4.087267843754027e-6
ordered	0.02	3	phi	0.047367581161098446	3.0550359566764155e-6
ordered	0.02	3	phi	0.05314755428959493	2.7293111162341237e-6
ordered	0.02	3	phi	0.05963268370222095	2.34169611234135e-6
ordered	0.02	3	phi	0.06691097550584788	2.016211273543396e-6
ordered	0.02	3	phi	0.07507374000353845	1.7284086242870423e-6
ordered	0.02	3	phi	0.0842315912160045	1.6177631571954216e-6
ordered	0.02	3	phi	0.09451026390588896	1.4162565532924046e-6
ordered	0.02	3	phi	0.10604341934190899	1.2083582118653588e-6
ordered	0.02	3	phi	0.11898329021012795	1.0862367316866462e-6
ordered	0.02	3	phi	0.13350170578599946	9.88674504279756e-7
ordered	0.02	3	phi	0.14978906678461706	8.837449803518527e-7
ordered	0.02	3	phi	0.16806660120897057	8.260946319298369e-7
ordered	0.02	3	phi	0.18857454785745398	7.231980497915846e-7
ordered	0.02	3	phi	0.2115835334850689	6.262351696137314e-7
ordered	0.02	3	phi	0.23739860927755593	5.9041747231613e-7
ordered	0.02	3	phi	0.266366591568392	5.212924629801346e-7
ordered	0.02	3	phi	0.29886901401039945	4.520463186189587e-7
ordered	0.02	3	phi	0.33533636966402874	3.9975832021573746e-7
ordered	0.02	3	phi	0.3762531725804453	3.49560142735971e-7
ordered	0.02	3	phi	0.4221605298354539	3.015867880527964e-7
ordered	0.02	3	phi	0.47367243381911905	2.517595397243707e-7
ordered	0.02	4	t1	7.629388473795709e-6	8.066582021327008
ordered	0.02	4	t1	1.525877694759142e-5	1.1282035268453545
ordered	0.02	4	t1	2.2888165421387134e-5	0.8399647940399936
ordered	0.02	4	t1	3.0517553895182842e-5	1.017792667619049
ordered	0.02	4	t1	3.814694236897854e-5	0.14097577348690357
ordered	0.02	4	t1	4.577633084277418e-5	0.5229266016499641
ordered	0.02	4	t1	5.340571931656997e-5	2.727114898539258
ordered	0.02	4	t1	6.10351077903657e-5	0.12023056552249199
ordered	0.02	4	t1	6.86644962641613e-5	1.2888677427129547
ordered	0.02	4	t1	7.629388473795709e-5	0.652295792148273
ordered	0.02	4	t1	8.392327321175269e-5	0.1520707390810783
ordered	0.02	4	t1	9.529103149571589e-5	0.12830416450859833
ordered	0.02	4	t1	0.00010681143863313985	0.35835357104534776
ordered	0.02	4	t1	0.00011819397800303034	0.12020097004312644
ordered	0.02	4	t1	0.00013345979153336977	0.17786513128421658
ordered	0.02	4	t1	0.0001487241608614854	0.8583147579687389
ordered	0.02	4	t1	0.00016773086992482195	0.13925619373924306
ordered	0.02	4	t1	0.00019063293236353633	0.13471416794598262
ordered	0.02	4	t1	0.00021353201256911329	0.09243864369785593
ordered	0.02	4	t1	0.00023642897778077072	0.9163048503215506
ordered	0.02	4	t1	0.0002630756059577625	0.7179747173168519
ordered	0.02	4	t1	0.00029735037055581985	0.8804727729949464
ordered	0.02	4	t1	0.00033551959004834276	0.6922752173857571
ordered	0.02	4	t1	0.0003774297929274283	0.8177092812454703
ordered	0.02	4	t1	0.0004232304713625064	0.5418555732365988
ordered	0.02	4	t1	0.00047277581579931876	0.3401578966606437
ordered	0.02	4	t1	0.000529954140682307	0.7790970142237201
ordered	0.02	4	t1	0.0005947660315265448	0.32543594632108225
ordered	0.02	4	t1	0.0006672115727191813	0.7898817452679887
ordered	0.02	4	t1	0.0007510328933877064	0.4317957840228368
ordered	0.02	4	t1	0.0008426357798242797	0.7540737635460334
ordered	0.02	4	t1	0.000945469465562411	0.6816540252767257
ordered	0.02	4	t1	0.0010637181906205887	0.7070408083819202
ordered	0.02	4	t1	0.0011933427345577946	0.6402523085160596
ordered	0.02	4	t1	0.001338234444659373	0.6796390771146091
ordered	0.02	4	t1	0.0014983929255561702	0.6802422293493348
ordered	0.02	4	t1	0.0016813062912522984	0.9895617718978988
ordered	0.02	4	t1	0.0018872672594733926	1.1889705795452075
ordered	0.02	4	t1	0.0021159825568989763	1.3541003542346244
ordered	0.02	4	t1	0.0023752319840376667	1.9365168326558582
ordered	0.02	4	t1	0.0026650158537247022	1.5517622368147326
ordered	0.02	4	t1	0.002989077753483762	2.401791230214746
ordered	0.02	4	t1	0.0033550511129892243	3.1316449850731223
ordered	0.02	4	t1	0.0037630823722051253	2.9531857038257323
ordered	0.02	4	t1	0.004220512937761092	2.535883411936529
ordered	0.02	4	t1	0.004735268427364398	2.3849539911026123
ordered	0.02	4	t1	0.00531468965810924	1.8188226650218728
ordered	0.02	4	t1	0.005966703895880201	2.06592017269027
ordered	0.02	4	t1	0.006691163505285742	1.3635045262828842
ordered	0.02	4	t1	0.00750693386647431	1.2239525898914048
ordered	0.02	4	t1	0.008425831166491782	1.2331468421900413
ordered	0.02	4	t1	0.009451452182471384	1.0616545950050795
ordered	0.02	4	t1	0.010602808117072449	1.020484897721977
ordered	0.02	4	t1	0.011899055913815891	0.8451964909760745
ordered	0.02	4	t1	0.013351719421174534	0.8603311840836393
ordered	0.02	4	t1	0.014979662876172375	0.7861671802092742
ordered	0.02	4	t1	0.016805933483363636	0.7848202178571017
ordered	0.02	4	t1	0.0188570292540463	0.7118603446405302
ordered	0.02	4	t1	0.021159887502757043	0.7096737325803164
ordered	0.02	4	t1	0.023741006069205848	0.7184830144778898
ordered	0.02	4	t1	0.026638552998525435	0.6841478825913648
ordered	0.02	4	t1	0.029886952690767608	0.6033862841260282
ordered	0.02	4	t1	0.0335317139880143	0.6000169052778965
ordered	0.02	4	t1	0.03762641841208682	0.62047204930136
ordered	0.02	4	t1	0.042216867626638205	0.5962352595074449
ordered	0.02	4	t1	0.047367581161098446	0.5556849213395754
ordered	0.02	4	t1	0.05314755428959493	0.527754840615047
ordered	0.02	4	t1	0.05963268370222095	0.4688971545583233
ordered	0.02	4	t1	0.06691097550584788	0.4628267423170014
ordered	0.02	4	t1	0.07507374000353845	0.45305721965496115
ordered	0.02	4	t1	0.0842315912160045	0.43721355953749386
ordered	0.02	4	t1	0.09451026390588896	0.40077342430070284
ordered	0.02	4	t1	0.10604341934190899	0.35132390633728805
ordered	0.02	4	t1	0.11898329021012795	0.34539217332366884
ordered	0.02	4	t1	0.13350170578599946	0.3298426596045413
ordered	0.02	4	t1	0.14978906678461706	0.29288798209429584
ordered	0.02	4	t1	0.16806660120897057	0.2897482388693462
ordered	0.02	4	t1	0.18857454785745398	0.26788534292808064
ordered	0.02	4	t1	0.2115835334850689	0.25077214315454294
ordered	0.02	4	t1	0.23739860927755593	0.23511558063755456
ordered	0.02	4	t1	0.266366591568392	0.23005801877002902
ordered	0.02	4	t1	0.29886901401039945	0.2185020105985559
ordered	0.02	4	t1	0.33533636966402874	0.20774396937250336
ordered	0.02	4	t1	0.3762531725804453	0.20566459016097297
ordered	0.02	4	t1	0.4221605298354539	0.19152443200124045
ordered	0.02	4	t1	0.47367243381911905	0.1918952152376845
ordered	0.02	4	phi	7.629388473795709e-6	3.4286541377722166
ordered	0.02	4	phi	1.525877694759142e-5	0.22258441916462154
ordered	0.02	4	phi	2.2888165421387134e-5	0.025848939209390638
ordered	0.02	4	phi	3.0517553895182842e-5	0.043948652849119585
ordered	0.02	4	phi	3.814694236897854e-5	0.21318489928257872
ordered	0.02	4	phi	4.577633084277418e-5	0.1599536176361865
ordered	0.02	4	phi	5.340571931656997e-5	0.21643775755505273
ordered	0.02	4	phi	6.10351077903657e-5	0.0646983103933065
ordered	0.02	4	phi	6.86644962641613e-5	0.09418217248601711
ordered	0.02	4	phi	7.629388473795709e-5	0.0907450013087023
ordered	0.02	4	phi	8.392327321175269e-5	0.0027377375469930993
ordered	0.02	4	phi	9.529103149571589e-5	0.1339586589161983
ordered	0.02	4	phi	0.00010681143863313985	0.27527298398742556
ordered	0.02	4	phi	0.00011819397800303034	0.047300663934778796
ordered	0.02	4	phi	0.00013345979153336977	0.10047793684588047
ordered	0.02	4	phi	0.0001487241608614854	0.13380724339983896
ordered	0.02	4	phi	0.00016773086992482195	0.01815141646615998
ordered	0.02	4	phi	0.00019063293236353633	0.021400325318298316
ordered	0.02	4	phi	0.00021353201256911329	0.09262550794085993
ordered	0.02	4	phi	0.00023642897778077072	0.015254387225990734
ordered	0.02	4	phi	0.0002630756059577625	0.0359833156270241
ordered	0.02	4	phi	0.00029735037055581985	0.02951980316657976
ordered	0.02	4	phi	0.00033551959004834276	0.019172072711843274
ordered	0.02	4	phi	0.0003774297929274283	0.04716165505424013
ordered	0.02	4	phi	0.0004232304713625064	0.012517582856233353
ordered	0.02	4	phi	0.00047277581579931876	0.017905753779431408
ordered	0.02	4	phi	0.000529954140682307	0.022507653152952015
ordered	0.02	4	phi	0.0005947660315265448	0.0064449647659843455
ordered	0.02	4	phi	0.0006672115727191813	0.010173712477754398
ordered	0.02	4	phi	0.0007510328933877064	0.005887835209035144
ordered	0.02	4	phi	0.0008426357798242797	0.005001513464429378
ordered	0.02	4	phi	0.000945469465562411	0.0053501430166923965
ordered	0.02	4	phi	0.0010637181906205887	0.00767698823648965
ordered	0.02	4	phi	0.0011933427345577946	0.00450054199691228
ordered	0.02	4	phi	0.001338234444659373	0.005869451194449638
ordered	0.02	4	phi	0.0014983929255561702	0.005156903981167917
ordered	0.02	4	phi	0.0016813062912522984	0.0031439442783422625
ordered	0.02	4	phi	0.0018872672594733926	0.005692011087600436
ordered	0.02	4	phi	0.0021159825568989763	0.005165656957559915
ordered	0.02	4	phi	0.0023752319840376667	0.0059695036981749754
ordered	0.02	4	phi	0.0026650158537247022	0.005712249092219171
ordered	0.02	4	phi	0.002989077753483762	0.0052325117699368
ordered	0.02	4	phi	0.0033550511129892243	0.005565817151909239
ordered	0.02	4	phi	0.0037630823722051253	0.004728095526956625
ordered	0.02	4	phi	0.004220512937761092	0.0038462462835472605
ordered	0.02	4	phi	0.004735268427364398	0.00241124368191601
ordered	0.02	4	phi	0.00531468965810924	0.0014457841473514736
ordered	0.02	4	phi	0.005966703895880201	0.0013310728585511776
ordered	0.02	4	phi	0.006691163505285742	0.0006147511105030158
ordered	0.02	4	phi	0.00750693386647431	0.000377823348821656
ordered	0.02	4	phi	0.008425831166491782	0.00027345302204665134
ordered	0.02	4	phi	0.009451452182471384	0.00021603379677155102
ordered	0.02	4	phi	0.010602808117072449	0.00013787855369268393
ordered	0.02	4	phi	0.011899055913815891	8.557957611794538e-5
ordered	0.02	4	phi	0.013351719421174534	7.006219232747419e-5
ordered	0.02	4	phi	0.014979662876172375	4.21388835937587e-5
ordered	0.02	4	phi	0.016805933483363636	3.279012623618125e-5
ordered	0.02	4	phi	0.0188570292540463	2.4559079623812253e-5
ordered	0.02	4	phi	0.021159887502757043	1.579706661784345e-5
ordered	0.02	4	phi	0.023741006069205848	1.2895340299335097e-5
ordered	0.02	4	phi	0.026638552998525435	9.522413290122779e-6
ordered	0.02	4	phi	0.029886952690767608	8.106057530521896e-6
ordered	0.02	4	phi	0.0335317139880143	5.764889849869563e-6
ordered	0.02	4	phi	0.03762641841208682	5.210229619249621e-6
ordered	0.02	4	phi	0.042216867626638205	4.2654119164773635e-6
ordered	0.02	4	phi	0.047367581161098446	3.275607879340534e-6
ordered	0.02	4	phi	0.05314755428959493	2.9743707852663606e-6
ordered	0.02	4	phi	0.05963268370222095	2.553218431366789e-6
ordered	0.02	4	phi	0.06691097550584788	2.125142712990733e-6
ordered	0.02	4	phi	0.07507374000353845	1.7933732139081243e-6
ordered	0.02	4	phi	0.0842315912160045	1.5251754534969833e-6
ordered	0.02	4	phi	0.09451026390588896	1.4277577567071183e-6
ordered	0.02	4	phi	0.10604341934190899	1.3064494989997266e-6
ordered	0.02	4	phi	0.11898329021012795	1.1090682113246104e-6
ordered	0.02	4	phi	0.13350170578599946	1.0235521125364244e-6
ordered	0.02	4	phi	0.14978906678461706	9.142716155425469e-7
ordered	0.02	4	phi	0.16806660120897057	7.95083635446337e-7
ordered	0.02	4	phi	0.18857454785745398	7.58892865944444e-7
ordered	0.02	4	phi	0.2115835334850689	6.621209095336607e-7
ordered	0.02	4	phi	0.23739860927755593	5.81565613446374e-7
ordered	0.02	4	phi	0.266366591568392	5.213539241499598e-7
ordered	0.02	4	phi	0.29886901401039945	4.62065572131414e-7
ordered	0.02	4	phi	0.33533636966402874	3.9992568801392044e-7
ordered	0.02	4	phi	0.3762531725804453	3.5621380563320474e-7
ordered	0.02	4	phi	0.4221605298354539	2.942758679886731e-7
ordered	0.02	4	phi	0.47367243381911905	2.5180701884638593e-7
ordered	0.02	5	t1	7.629388473795709e-6	5.578832214754526
ordered	0.02	5	t1	1.525877694759142e-5	7.675381962323934
ordered	0.02	5	t1	2.2888165421387134e-5	2.057132831116972
ordered	0.02	5	t1	3.0517553895182842e-5	0.7260595475578646
ordered	0.02	5	t1	3.814694236897854e-5	9.127729680812484
ordered	0.02	5	t1	4.577633084277418e-5	0.20725387079021806
ordered	0.02	5	t1	5.340571931656997e-5	0.08513222393371576
ordered	0.02	5	t1	6.10351077903657e-5	0.9045335557958093
ordered	0.02	5	t1	6.86644962641613e-5	0.6587081936562471
ordered	0.02	5	t1	7.629388473795709e-5	2.3603434054629715
ordered	0.02	5	t1	8.392327321175269e-5	1.748498694680642
ordered	0.02	5	t1	9.529103149571589e-5	5.164875582293026
ordered	0.02	5	t1	0.00010681143863313985	2.268469269696678
ordered	0.02	5	t1	0.00011819397800303034	1.0754073589812452
ordered	0.02	5	t1	0.00013345979153336977	0.4228588327097098
ordered	0.02	5	t1	0.0001487241608614854	1.267433105569573
ordered	0.02	5	t1	0.00016773086992482195	0.6861434649952253
ordered	0.02	5	t1	0.00019063293236353633	0.7511176073604156
ordered	0.02	5	t1	0.00021353201256911329	0.8861047205780435
ordered	0.02	5	t1	0.00023642897778077072	0.3504639020408991
ordered	0.02	5	t1	0.0002630756059577625	1.534870937705392
ordered	0.02	5	t1	0.00029735037055581985	0.8151426839008646
ordered	0.02	5	t1	0.00033551959004834276	1.015119626647969
ordered	0.02	5	t1	0.0003774297929274283	0.699948343383762
ordered	0.02	5	t1	0.0004232304713625064	0.949086361446966
ordered	0.02	5	t1	0.00047277581579931876	0.43442704946118826
ordered	0.02	5	t1	0.000529954140682307	0.7173471622308222
ordered	0.02	5	t1	0.0005947660315265448	0.7229714668163871
ordered	0.02	5	t1	0.0006672115727191813	0.5620988550706121
ordered	0.02	5	t1	0.0007510328933877064	0.6649035439222242
ordered	0.02	5	t1	0.0008426357798242797	0.3488549384688863
ordered	0.02	5	t1	0.000945469465562411	0.5563035512267337
ordered	0.02	5	t1	0.0010637181906205887	0.5203154285762022
ordered	0.02	5	t1	0.0011933427345577946	0.6626934720101595
ordered	0.02	5	t1	0.001338234444659373	0.7369485176775492
ordered	0.02	5	t1	0.0014983929255561702	0.5735305053320472
ordered	0.02	5	t1	0.0016813062912522984	1.0558046581771483
ordered	0.02	5	t1	0.0018872672594733926	1.0795015240953856
ordered	0.02	5	t1	0.0021159825568989763	1.3233912967516375
ordered	0.02	5	t1	0.0023752319840376667	1.8324960661993468
ordered	0.02	5	t1	0.0026650158537247022	2.0853080076286523
ordered	0.02	5	t1	0.002989077753483762	1.949254750911484
ordered	0.02	5	t1	0.0033550511129892243	1.9918896935070638
ordered	0.02	5	t1	0.0037630823722051253	2.410243375943882
ordered	0.02	5	t1	0.004220512937761092	2.4954838507264383
ordered	0.02	5	t1	0.004735268427364398	1.7271791280777868
ordered	0.02	5	t1	0.00531468965810924	1.484090176314725
ordered	0.02	5	t1	0.005966703895880201	1.7208450595956113
ordered	0.02	5	t1	0.006691163505285742	1.4711368520100458
ordered	0.02	5	t1	0.00750693386647431	0.9988409013145454
ordered	0.02	5	t1	0.008425831166491782	1.030823423682635
ordered	0.02	5	t1	0.009451452182471384	1.074729311777931
ordered	0.02	5	t1	0.010602808117072449	0.9059088804993601
ordered	0.02	5	t1	0.011899055913815891	0.7507624563345928
ordered	0.02	5	t1	0.013351719421174534	0.8040455262909987
ordered	0.02	5	t1	0.014979662876172375	0.7230502086014636
ordered	0.02	5	t1	0.016805933483363636	0.8005451608399416
ordered	0.02	5	t1	0.0188570292540463	0.708108427496389
ordered	0.02	5	t1	0.021159887502757043	0.7178223086767863
ordered	0.02	5	t1	0.023741006069205848	0.6312586032316835
ordered	0.02	5	t1	0.026638552998525435	0.6547251226969925
ordered	0.02	5	t1	0.029886952690767608	0.6590681204307197
ordered	0.02	5	t1	0.0335317139880143	0.6279797782719031
ordered	0.02	5	t1	0.03762641841208682	0.6380560481038718
ordered	0.02	5	t1	0.042216867626638205	0.540102306221465
ordered	0.02	5	t1	0.047367581161098446	0.5465690595793635
ordered	0.02	5	t1	0.05314755428959493	0.5147412383085775
ordered	0.02	5	t1	0.05963268370222095	0.5142848302922367
ordered	0.02	5	t1	0.06691097550584788	0.4786995911721491
ordered	0.02	5	t1	0.07507374000353845	0.4416488799236462
ordered	0.02	5	t1	0.0842315912160045	0.39027419010342596
ordered	0.02	5	t1	0.09451026390588896	0.3934390086568923
ordered	0.02	5	t1	0.10604341934190899	0.362505226452732
ordered	0.02	5	t1	0.11898329021012795	0.35198531108519304
ordered	0.02	5	t1	0.13350170578599946	0.3136239940383748
ordered	0.02	5	t1	0.14978906678461706	0.30057292720733325
ordered	0.02	5	t1	0.16806660120897057	0.28755834671925534
ordered	0.02	5	t1	0.18857454785745398	0.2613817986718439
ordered	0.02	5	t1	0.2115835334850689	0.2509915663479538
ordered	0.02	5	t1	0.23739860927755593	0.2455782825907824
ordered	0.02	5	t1	0.266366591568392	0.22931713796340164
ordered	0.02	5	t1	0.29886901401039945	0.22149534544722035
ordered	0.02	5	t1	0.33533636966402874	0.21253166717040461
ordered	0.02	5	t1	0.3762531725804453	0.2050862506106009
ordered	0.02	5	t1	0.4221605298354539	0.19776334054439879
ordered	0.02	5	t1	0.47367243381911905	0.1937339081724827
ordered	0.02	5	phi	7.629388473795709e-6	0.4061298748044926
ordered	0.02	5	phi	1.525877694759142e-5	2.277792103540458
ordered	0.02	5	phi	2.2888165421387134e-5	0.6125940983050738
ordered	0.02	5	phi	3.0517553895182842e-5	0.6505819256830351
ordered	0.02	5	phi	3.814694236897854e-5	0.279074746946228
ordered	0.02	5	phi	4.577633084277418e-5	0.48969394023913076
ordered	0.02	5	phi	5.340571931656997e-5	0.01832813165659805
ordered	0.02	5	phi	6.10351077903657e-5	0.05594701395455041
ordered	0.02	5	phi	6.86644962641613e-5	0.17307500078731464
ordered	0.02	5	phi	7.629388473795709e-5	0.026575507641247727
ordered	0.02	5	phi	8.392327321175269e-5	0.05998142971294991
ordered	0.02	5	phi	9.529103149571589e-5	0.128158519223211
ordered	0.02	5	phi	0.00010681143863313985	0.31487337642316787
ordered	0.02	5	phi	0.00011819397800303034	0.1592385895836752
ordered	0.02	5	phi	0.00013345979153336977	0.072065039715207
ordered	0.02	5	phi	0.0001487241608614854	0.03808575483775421
ordered	0.02	5	phi	0.00016773086992482195	0.05086417498880976
ordered	0.02	5	phi	0.00019063293236353633	0.03686604026786694
ordered	0.02	5	phi	0.00021353201256911329	0.03985760147851954
ordered	0.02	5	phi	0.00023642897778077072	0.11858751517527695
ordered	0.02	5	phi	0.0002630756059577625	0.04651532800457346
ordered	0.02	5	phi	0.00029735037055581985	0.038211628025389174
ordered	0.02	5	phi	0.00033551959004834276	0.020357415258798132
ordered	0.02	5	phi	0.0003774297929274283	0.02975653056534379
ordered	0.02	5	phi	0.0004232304713625064	0.020798746118028053
ordered	0.02	5	phi	0.00047277581579931876	0.013856216725921956
ordered	0.02	5	phi	0.000529954140682307	0.015339812755605527
ordered	0.02	5	phi	0.0005947660315265448	0.01995921616638729
ordered	0.02	5	phi	0.0006672115727191813	0.013502844424301769
ordered	0.02	5	phi	0.0007510328933877064	0.009948980987161129
ordered	0.02	5	phi	0.0008426357798242797	0.005495219478204257
ordered	0.02	5	phi	0.000945469465562411	0.008335617820181334
ordered	0.02	5	phi	0.0010637181906205887	0.005660191020309375
ordered	0.02	5	phi	0.0011933427345577946	0.008714960374443477
ordered	0.02	5	phi	0.001338234444659373	0.005409410246918666
ordered	0.02	5	phi	0.0014983929255561702	0.006304671158424515
ordered	0.02	5	phi	0.0016813062912522984	0.005127691436020016
ordered	0.02	5	phi	0.0018872672594733926	0.0051271865801393104
ordered	0.02	5	phi	0.0021159825568989763	0.005963422298327376
ordered	0.02	5	phi	0.0023752319840376667	0.00474253494260935
ordered	0.02	5	phi	0.0026650158537247022	0.00533347007566229
ordered	0.02	5	phi	0.002989077753483762	0.0042644909584308496
ordered	0.02	5	phi	0.0033550511129892243	0.003997336974717783
ordered	0.02	5	phi	0.0037630823722051253	0.0037300466701555464
ordered	0.02	5	phi	0.004220512937761092	0.003495866725329041
ordered	0.02	5	phi	0.004735268427364398	0.001398359192986829
ordered	0.02	5	phi	0.00531468965810924	0.0012992930942393613
ordered	0.02	5	phi	0.005966703895880201	0.0011214644170686855
ordered	0.02	5	phi	0.006691163505285742	0.0006419964487110507
ordered	0.02	5	phi	0.00750693386647431	0.0004211299947943611
ordered	0.02	5	phi	0.008425831166491782	0.00024405247212383536
ordered	0.02	5	phi	0.009451452182471384	0.0002094713735949676
ordered	0.02	5	phi	0.010602808117072449	0.00014879807214205642
ordered	0.02	5	phi	0.011899055913815891	9.510574437116023e-5
ordered	0.02	5	phi	0.013351719421174534	6.067588573078581e-5
ordered	0.02	5	phi	0.014979662876172375	5.640015838546579e-5
ordered	0.02	5	phi	0.016805933483363636	4.1349547216454956e-5
ordered	0.02	5	phi	0.0188570292540463	2.8297793934261813e-5
ordered	0.02	5	phi	0.021159887502757043	2.103268270168438e-5
ordered	0.02	5	phi	0.023741006069205848	1.3914320094244143e-5
ordered	0.02	5	phi	0.026638552998525435	1.1228684858160371e-5
ordered	0.02	5	phi	0.029886952690767608	9.277934678574058e-6
ordered	0.02	5	phi	0.0335317139880143	7.348588613835886e-6
ordered	0.02	5	phi	0.03762641841208682	5.8509558880987535e-6
ordered	0.02	5	phi	0.042216867626638205	4.892900057807551e-6
ordered	0.02	5	phi	0.047367581161098446	4.106824070613551e-6
ordered	0.02	5	phi	0.05314755428959493	3.4432856730685382e-6
ordered	0.02	5	phi	0.05963268370222095	2.823405922294722e-6
ordered	0.02	5	phi	0.06691097550584788	2.438121163772754e-6
ordered	0.02	5	phi	0.07507374000353845	2.166085359415715e-6
ordered	0.02	5	phi	0.0842315912160045	1.7054241393032092e-6
ordered	0.02	5	phi	0.09451026390588896	1.5569318385952303e-6
ordered	0.02	5	phi	0.10604341934190899	1.3638068582861784e-6
ordered	0.02	5	phi	0.11898329021012795	1.2298209113621528e-6
ordered	0.02	5	phi	0.13350170578599946	1.1093707843818982e-6
ordered	0.02	5	phi	0.14978906678461706	9.785723129233769e-7
ordered	0.02	5	phi	0.16806660120897057	8.890655199231866e-7
ordered	0.02	5	phi	0.18857454785745398	7.637710829452645e-7
ordered	0.02	5	phi	0.2115835334850689	6.976544388765768e-7
ordered	0.02	5	phi	0.23739860927755593	6.146073969476376e-7
ordered	0.02	5	phi	0.266366591568392	5.423137431748006e-7
ordered	0.02	5	phi	0.29886901401039945	4.699821976278383e-7
ordered	0.02	5	phi	0.33533636966402874	4.1824174992110594e-7
ordered	0.02	5	phi	0.3762531725804453	3.575744113491514e-7
ordered	0.02	5	phi	0.4221605298354539	3.0599856099634673e-7
ordered	0.02	5	phi	0.47367243381911905	2.6070216420161413e-7
ordered	0.05	1	t1	7.629388473795709e-6	25.19338725876407
ordered	0.05	1	t1	1.525877694759142e-5	8.514210038436975
ordered	0.05	1	t1	2.2888165421387134e-5	12.770293189328433
ordered	0.05	1	t1	3.0517553895182842e-5	0.5128704484305319
ordered	0.05	1	t1	3.814694236897854e-5	3.0564030143104266
ordered	0.05	1	t1	4.577633084277418e-5	2.8780192166457437
ordered	0.05	1	t1	5.340571931656997e-5	0.6141540052735726
ordered	0.05	1	t1	6.10351077903657e-5	1.5797905854258754
ordered	0.05	1	t1	6.86644962641613e-5	6.514441691742446
ordered	0.05	1	t1	7.629388473795709e-5	0.025474201951707146
ordered	0.05	1	t1	8.392327321175269e-5	7.163198864772498
ordered	0.05	1	t1	9.529103149571589e-5	4.379031872056336
ordered	0.05	1	t1	0.00010681143863313985	0.13380206592110366
ordered	0.05	1	t1	0.00011819397800303034	2.5258973877494557
ordered	0.05	1	t1	0.00013345979153336977	0.27157080662173266
ordered	0.05	1	t1	0.0001487241608614854	5.746971612251524
ordered	0.05	1	t1	0.00016773086992482195	7.135216346668056
ordered	0.05	1	t1	0.00019063293236353633	1.6938698877775658
ordered	0.05	1	t1	0.00021353201256911329	7.998790328137786
ordered	0.05	1	t1	0.00023642897778077072	3.694995623316904
ordered	0.05	1	t1	0.0002630756059577625	8.236469779596655
ordered	0.05	1	t1	0.00029735037055581985	4.769377041817553
ordered	0.05	1	t1	0.00033551959004834276	6.585870712738979
ordered	0.05	1	t1	0.0003774297929274283	5.6532851030246425
ordered	0.05	1	t1	0.0004232304713625064	4.387263041385686
ordered	0.05	1	t1	0.00047277581579931876	2.927308859143333
ordered	0.05	1	t1	0.000529954140682307	3.1771408939140193
ordered	0.05	1	t1	0.0005947660315265448	4.5661923764494485
ordered	0.05	1	t1	0.0006672115727191813	2.6475217803535984
ordered	0.05	1	t1	0.0007510328933877064	1.9114902826382754
ordered	0.05	1	t1	0.0008426357798242797	3.2890504261130054
ordered	0.05	1	t1	0.000945469465562411	4.659883626868912
ordered	0.05	1	t1	0.0010637181906205887	3.166603961676492
ordered	0.05	1	t1	0.0011933427345577946	2.2985844438842813
ordered	0.05	1	t1	0.001338234444659373	3.5116057594722294
ordered	0.05	1	t1	0.0014983929255561702	3.9061249914431815
ordered	0.05	1	t1	0.0016813062912522984	4.699305035953877
ordered	0.05	1	t1	0.0018872672594733926	4.891112482422254
ordered	0.05	1	t1	0.0021159825568989763	5.662141453232127
ordered	0.05	1	t1	0.0023752319840376667	3.6853967691301253
ordered	0.05	1	t1	0.0026650158537247022	4.498422874675483
ordered	0.05	1	t1	0.002989077753483762	5.6812296733619645
ordered	0.05	1	t1	0.0033550511129892243	6.432992147848968
ordered	0.05	1	t1	0.0037630823722051253	8.044099661527243
ordered	0.05	1	t1	0.004220512937761092	12.120205532364013
ordered	0.05	1	t1	0.004735268427364398	24.798484684021094
ordered	0.05	1	t1	0.00531468965810924	37.75686956840217
ordered	0.05	1	t1	0.005966703895880201	74.43971290664626
ordered	0.05	1	t1	0.006691163505285742	64.91650381672916
ordered	0.05	1	t1	0.00750693386647431	16.997497828685802
ordered	0.05	1	t1	0.008425831166491782	11.396789210076362
ordered	0.05	1	t1	0.009451452182471384	10.392552277229484
ordered	0.05	1	t1	0.010602808117072449	9.635011137478397
ordered	0.05	1	t1	0.011899055913815891	10.521143094059337
ordered	0.05	1	t1	0.013351719421174534	9.958672579651116
ordered	0.05	1	t1	0.014979662876172375	7.229094148034772
ordered	0.05	1	t1	0.016805933483363636	6.986948526862005
ordered	0.05	1	t1	0.0188570292540463	6.9631951880282745
ordered	0.05	1	t1	0.021159887502757043	5.233288102151491
ordered	0.05	1	t1	0.023741006069205848	5.522751100682199
ordered	0.05	1	t1	0.026638552998525435	4.761095016524861
ordered	0.05	1	t1	0.029886952690767608	4.791775344581995
ordered	0.05	1	t1	0.0335317139880143	4.366834243481025
ordered	0.05	1	t1	0.03762641841208682	3.912971717007217
ordered	0.05	1	t1	0.042216867626638205	3.8102346729672663
ordered	0.05	1	t1	0.047367581161098446	3.505629799119624
ordered	0.05	1	t1	0.05314755428959493	3.2579991486510615
ordered	0.05	1	t1	0.05963268370222095	3.010173750886235
ordered	0.05	1	t1	0.06691097550584788	2.816147117561552
ordered	0.05	1	t1	0.07507374000353845	2.602303540406104
ordered	0.05	1	t1	0.0842315912160045	2.4004195624414244
ordered	0.05	1	t1	0.09451026390588896	2.1957843060518383
ordered	0.05	1	t1	0.10604341934190899	2.1323652540440317
ordered	0.05	1	t1	0.11898329021012795	1.941481880058846
ordered	0.05	1	t1	0.13350170578599946	1.79241333254934
ordered	0.05	1	t1	0.14978906678461706	1.7040907713130418
ordered	0.05	1	t1	0.16806660120897057	1.559581479434649
ordered	0.05	1	t1	0.18857454785745398	1.4063011660843279
ordered	0.05	1	t1	0.2115835334850689	1.2952624038019616
ordered	0.05	1	t1	0.23739860927755593	1.2794961591222391
ordered	0.05	1	t1	0.266366591568392	1.1557877405028871
ordered	0.05	1	t1	0.29886901401039945	1.116393941525757
ordered	0.05	1	t1	0.33533636966402874	1.0507410933118184
ordered	0.05	1	t1	0.3762531725804453	0.9991288693890077
ordered	0.05	1	t1	0.4221605298354539	0.944010752781127
ordered	0.05	1	t1	0.47367243381911905	0.9008395481941851
ordered	0.05	1	phi	7.629388473795709e-6	0.0996613632715458
ordered	0.05	1	phi	1.525877694759142e-5	0.04229151550421451
ordered	0.05	1	phi	2.2888165421387134e-5	0.03168324517749681
ordered	0.05	1	phi	3.0517553895182842e-5	0.05020513434530231
ordered	0.05	1	phi	3.814694236897854e-5	0.07855344498257355
ordered	0.05	1	phi	4.577633084277418e-5	0.0642948461853248
ordered	0.05	1	phi	5.340571931656997e-5	0.0655316735838988
ordered	0.05	1	phi	6.10351077903657e-5	0.05707485742741187
ordered	0.05	1	phi	6.86644962641613e-5	0.03399190553949116
ordered	0.05	1	phi	7.629388473795709e-5	0.056373672551067934
ordered	0.05	1	phi	8.392327321175269e-5	0.061336413789166246
ordered	0.05	1	phi	9.529103149571589e-5	0.04734387125145484
ordered	0.05	1	phi	0.00010681143863313985	0.030380365226953126
ordered	0.05	1	phi	0.00011819397800303034	0.026914931239037758
ordered	0.05	1	phi	0.00013345979153336977	0.04962798468733523
ordered	0.05	1	phi	0.0001487241608614854	0.04400572235217917
ordered	0.05	1	phi	0.00016773086992482195	0.02028582036247474
ordered	0.05	1	phi	0.00019063293236353633	0.027085545470183353
ordered	0.05	1	phi	0.00021353201256911329	0.023566234009364116
ordered	0.05	1	phi	0.00023642897778077072	0.01918932216552778
ordered	0.05	1	phi	0.0002630756059577625	0.008960612759720989
ordered	0.05	1	phi	0.00029735037055581985	0.010330914306562588
ordered	0.05	1	phi	0.00033551959004834276	0.004743063692637302
ordered	0.05	1	phi	0.0003774297929274283	0.004668168995450046
ordered	0.05	1	phi	0.0004232304713625064	0.009606869641876114
ordered	0.05	1	phi	0.00047277581579931876	0.01056713140286455
ordered	0.05	1	phi	0.000529954140682307	0.005701897535406586
ordered	0.05	1	phi	0.0005947660315265448	0.0026130708774033586
ordered	0.05	1	phi	0.0006672115727191813	0.0019255772362087142
ordered	0.05	1	phi	0.0007510328933877064	0.0015510515443022458
ordered	0.05	1	phi	0.0008426357798242797	0.0012028717349939705
ordered	0.05	1	phi	0.000945469465562411	0.0006346365787896584
ordered	0.05	1	phi	0.0010637181906205887	0.0008273943972122187
ordered	0.05	1	phi	0.0011933427345577946	0.000821739807507195
ordered	0.05	1	phi	0.001338234444659373	0.0007489500654546009
ordered	0.05	1	phi	0.0014983929255561702	0.0006569419453039039
ordered	0.05	1	phi	0.0016813062912522984	0.0010289023928549458
ordered	0.05	1	phi	0.0018872672594733926	0.0006091687021347623
ordered	0.05	1	phi	0.0021159825568989763	0.0005508086882163184
ordered	0.05	1	phi	0.0023752319840376667	0.0008105381486125837
ordered	0.05	1	phi	0.0026650158537247022	0.0007000413315742949
ordered	0.05	1	phi	0.002989077753483762	0.0006287538710544687
ordered	0.05	1	phi	0.0033550511129892243	0.0010054848636404073
ordered	0.05	1	phi	0.0037630823722051253	0.001092102993204069
ordered	0.05	1	phi	0.004220512937761092	0.0014299285101491118
ordered	0.05	1	phi	0.004735268427364398	0.0024396716456367234
ordered	0.05	1	phi	0.00531468965810924	0.0073132536399764395
ordered	0.05	1	phi	0.005966703895880201	0.013771281415645887
ordered	0.05	1	phi	0.006691163505285742	0.016242485491821227
ordered	0.05	1	phi	0.00750693386647431	0.002294695187357939
ordered	0.05	1	phi	0.008425831166491782	0.0009924643380951306
ordered	0.05	1	phi	0.009451452182471384	0.0008084305072098254
ordered	0.05	1	phi	0.010602808117072449	0.000523587556376867
ordered	0.05	1	phi	0.011899055913815891	0.0005514771806277677
ordered	0.05	1	phi	0.013351719421174534	0.0003973530478331917
ordered	0.05	1	phi	0.014979662876172375	0.00020073115734083158
ordered	0.05	1	phi	0.016805933483363636	0.00013907386173409432
ordered	0.05	1	phi	0.0188570292540463	0.00010330324172514227
ordered	0.05	1	phi	0.021159887502757043	7.117770288948434e-5
ordered	0.05	1	phi	0.023741006069205848	5.348429348974801e-5
ordered	0.05	1	phi	0.026638552998525435	4.094989304993189e-5
ordered	0.05	1	phi	0.029886952690767608	3.2276281756370365e-5
ordered	0.05	1	phi	0.0335317139880143	2.615513568832154e-5
ordered	0.05	1	phi	0.03762641841208682	2.083563294275284e-5
ordered	0.05	1	phi	0.042216867626638205	1.9775171685785546e-5
ordered	0.05	1	phi	0.047367581161098446	1.6923099007396405e-5
ordered	0.05	1	phi	0.05314755428959493	1.4707954618758618e-5
ordered	0.05	1	phi	0.05963268370222095	1.3859931504169916e-5
ordered	0.05	1	phi	0.06691097550584788	1.2920720746574067e-5
ordered	0.05	1	phi	0.07507374000353845	1.2430892437998987e-5
ordered	0.05	1	phi	0.0842315912160045	1.0717786364763677e-5
ordered	0.05	1	phi	0.09451026390588896	1.0927172660491272e-5
ordered	0.05	1	phi	0.10604341934190899	9.971194213240303e-6
ordered	0.05	1	phi	0.11898329021012795	9.061488013750208e-6
ordered	0.05	1	phi	0.13350170578599946	8.93665517005777e-6
ordered	0.05	1	phi	0.14978906678461706	7.97771520868995e-6
ordered	0.05	1	phi	0.16806660120897057	7.837893444887277e-6
ordered	0.05	1	phi	0.18857454785745398	6.785250593475254e-6
ordered	0.05	1	phi	0.2115835334850689	6.371732632785363e-6
ordered	0.05	1	phi	0.23739860927755593	5.946602654413193e-6
ordered	0.05	1	phi	0.266366591568392	5.365289542374902e-6
ordered	0.05	1	phi	0.29886901401039945	4.745441129104558e-6
ordered	0.05	1	phi	0.33533636966402874	4.409010614158689e-6
ordered	0.05	1	phi	0.3762531725804453	3.95529053236377e-6
ordered	0.05	1	phi	0.4221605298354539	3.4187058322017645e-6
ordered	0.05	1	phi	0.47367243381911905	2.9767880249105e-6
ordered	0.05	2	t1	7.629388473795709e-6	60.068420784153226
ordered	0.05	2	t1	1.525877694759142e-5	8.425660091606032
ordered	0.05	2	t1	2.2888165421387134e-5	1.026597696390927
ordered	0.05	2	t1	3.0517553895182842e-5	45.06625074587969
ordered	0.05	2	t1	3.814694236897854e-5	14.9090588963976
ordered	0.05	2	t1	4.577633084277418e-5	5.9735721653618805
ordered	0.05	2	t1	5.340571931656997e-5	7.814683353148932
ordered	0.05	2	t1	6.10351077903657e-5	8.77560094472873
ordered	0.05	2	t1	6.86644962641613e-5	18.42199693604611
ordered	0.05	2	t1	7.629388473795709e-5	4.607109540816846
ordered	0.05	2	t1	8.392327321175269e-5	4.618387150837325
ordered	0.05	2	t1	9.529103149571589e-5	3.3037175443550613
ordered	0.05	2	t1	0.00010681143863313985	6.686804436506749
ordered	0.05	2	t1	0.00011819397800303034	8.411159072426253
ordered	0.05	2	t1	0.00013345979153336977	10.533395648766922
ordered	0.05	2	t1	0.0001487241608614854	5.855418176623226
ordered	0.05	2	t1	0.00016773086992482195	5.492648620971653
ordered	0.05	2	t1	0.00019063293236353633	6.952580877302594
ordered	0.05	2	t1	0.00021353201256911329	17.324207251309474
ordered	0.05	2	t1	0.00023642897778077072	11.70740248042019
ordered	0.05	2	t1	0.0002630756059577625	3.3497235578019278
ordered	0.05	2	t1	0.00029735037055581985	7.327555803826881
ordered	0.05	2	t1	0.00033551959004834276	4.652936350469851
ordered	0.05	2	t1	0.0003774297929274283	6.301952700108249
ordered	0.05	2	t1	0.0004232304713625064	3.112384866383732
ordered	0.05	2	t1	0.00047277581579931876	2.285303358435263
ordered	0.05	2	t1	0.000529954140682307	5.804817340763126
ordered	0.05	2	t1	0.0005947660315265448	5.432471696305593
ordered	0.05	2	t1	0.0006672115727191813	4.976356757625686
ordered	0.05	2	t1	0.0007510328933877064	5.562218884581484
ordered	0.05	2	t1	0.0008426357798242797	3.7396006211318373
ordered	0.05	2	t1	0.000945469465562411	3.626784302743697
ordered	0.05	2	t1	0.0010637181906205887	3.992867841231636
ordered	0.05	2	t1	0.0011933427345577946	2.7506530625760663
ordered	0.05	2	t1	0.001338234444659373	3.4849292853892884
ordered	0.05	2	t1	0.0014983929255561702	3.5036946542894687
ordered	0.05	2	t1	0.0016813062912522984	3.5764339776198595
ordered	0.05	2	t1	0.0018872672594733926	4.966641743515841
ordered	0.05	2	t1	0.0021159825568989763	4.293482768467754
ordered	0.05	2	t1	0.0023752319840376667	5.099950935116052
ordered	0.05	2	t1	0.0026650158537247022	4.391898919869004
ordered	0.05	2	t1	0.002989077753483762	5.065809574305513
ordered	0.05	2	t1	0.0033550511129892243	8.244900696079878
ordered	0.05	2	t1	0.0037630823722051253	8.393018175141973
ordered	0.05	2	t1	0.004220512937761092	16.440195446472092
ordered	0.05	2	t1	0.004735268427364398	20.815927943629884
ordered	0.05	2	t1	0.00531468965810924	36.76388184939441
ordered	0.05	2	t1	0.005966703895880201	54.4294087534551
ordered	0.05	2	t1	0.006691163505285742	57.423437877190665
ordered	0.05	2	t1	0.00750693386647431	19.483162073258082
ordered	0.05	2	t1	0.008425831166491782	15.009800643008614
ordered	0.05	2	t1	0.009451452182471384	10.654125261255274
ordered	0.05	2	t1	0.010602808117072449	10.168279478144704
ordered	0.05	2	t1	0.011899055913815891	10.839207150469246
ordered	0.05	2	t1	0.013351719421174534	9.325224017812284
ordered	0.05	2	t1	0.014979662876172375	8.009561237995147
ordered	0.05	2	t1	0.016805933483363636	6.724165880343341
ordered	0.05	2	t1	0.0188570292540463	6.223252831930028
ordered	0.05	2	t1	0.021159887502757043	5.81431431677745
ordered	0.05	2	t1	0.023741006069205848	5.179879419519706
ordered	0.05	2	t1	0.026638552998525435	5.1427921279887485
ordered	0.05	2	t1	0.029886952690767608	4.588019834327979
ordered	0.05	2	t1	0.0335317139880143	3.974781194736973
ordered	0.05	2	t1	0.03762641841208682	4.125606703862363
ordered	0.05	2	t1	0.042216867626638205	3.894564475571521
ordered	0.05	2	t1	0.047367581161098446	3.654251964413531
ordered	0.05	2	t1	0.05314755428959493	3.4649008016895384
ordered	0.05	2	t1	0.05963268370222095	3.0297177684331333
ordered	0.05	2	t1	0.06691097550584788	2.9074929340040834
ordered	0.05	2	t1	0.07507374000353845	2.65191561124887
ordered	0.05	2	t1	0.0842315912160045	2.3776115323426286
ordered	0.05	2	t1	0.09451026390588896	2.2865628589672458
ordered	0.05	2	t1	0.10604341934190899	2.1211671595504678
ordered	0.05	2	t1	0.11898329021012795	1.9155171776429358
ordered	0.05	2	t1	0.13350170578599946	1.7218259305562202
ordered	0.05	2	t1	0.14978906678461706	1.6529391606479513
ordered	0.05	2	t1	0.16806660120897057	1.5395191438105091
ordered	0.05	2	t1	0.18857454785745398	1.4478390967079584
ordered	0.05	2	t1	0.2115835334850689	1.3480355561043111
ordered	0.05	2	t1	0.23739860927755593	1.2164602596467868
ordered	0.05	2	t1	0.266366591568392	1.1733451694577306
ordered	0.05	2	t1	0.29886901401039945	1.118802368322062
ordered	0.05	2	t1	0.33533636966402874	1.0544725030157442
ordered	0.05	2	t1	0.3762531725804453	1.0166593644467552
ordered	0.05	2	t1	0.4221605298354539	0.9621979993753156
ordered	0.05	2	t1	0.47367243381911905	0.9259095519596279
ordered	0.05	2	phi	7.629388473795709e-6	0.09461296729728608
ordered	0.05	2	phi	1.525877694759142e-5	0.06190652491230149
ordered	0.05	2	phi	2.2888165421387134e-5	0.004399124576349025
ordered	0.05	2	phi	3.0517553895182842e-5	0.0038717761334585384
ordered	0.05	2	phi	3.814694236897854e-5	0.05599140165950845
ordered	0.05	2	phi	4.577633084277418e-5	0.057468648083212476
ordered	0.05	2	phi	5.340571931656997e-5	0.05871145044405781
ordered	0.05	2	phi	6.10351077903657e-5	0.08987405024960674
ordered	0.05	2	phi	6.86644962641613e-5	0.029250035768234952
ordered	0.05	2	phi	7.629388473795709e-5	0.008979409136235362
ordered	0.05	2	phi	8.392327321175269e-5	0.009309201773471092
ordered	0.05	2	phi	9.529103149571589e-5	0.01697721200596409
ordered	0.05	2	phi	0.00010681143863313985	0.04792298440182459
ordered	0.05	2	phi	0.00011819397800303034	0.053393199482927665
ordered	0.05	2	phi	0.00013345979153336977	0.004586466241329962
ordered	0.05	2	phi	0.0001487241608614854	0.04329096124362995
ordered	0.05	2	phi	0.00016773086992482195	0.028542700708897584
ordered	0.05	2	phi	0.00019063293236353633	0.013727586234726858
ordered	0.05	2	phi	0.00021353201256911329	0.008795645764640102
ordered	0.05	2	phi	0.00023642897778077072	0.002218801445791823
ordered	0.05	2	phi	0.0002630756059577625	0.0031730961617828916
ordered	0.05	2	phi	0.00029735037055581985	0.0056748449682081925
ordered	0.05	2	phi	0.00033551959004834276	0.003359393618130084
ordered	0.05	2	phi	0.0003774297929274283	0.0042988247375363615
ordered	0.05	2	phi	0.0004232304713625064	0.004302568615887574
ordered	0.05	2	phi	0.00047277581579931876	0.003300325065396122
ordered	0.05	2	phi	0.000529954140682307	0.0027472036690246986
ordered	0.05	2	phi	0.0005947660315265448	0.0020054428978595494
ordered	0.05	2	phi	0.0006672115727191813	0.0012045310468170509
ordered	0.05	2	phi	0.0007510328933877064	0.0023933046523077627
ordered	0.05	2	phi	0.0008426357798242797	0.0016643578965489017
ordered	0.05	2	phi	0.000945469465562411	0.0008350579320219328
ordered	0.05	2	phi	0.0010637181906205887	0.0009984413802505423
ordered	0.05	2	phi	0.0011933427345577946	0.001270221772242902
ordered	0.05	2	phi	0.001338234444659373	0.0008668718561443218
ordered	0.05	2	phi	0.0014983929255561702	0.0009992491263006666
ordered	0.05	2	phi	0.0016813062912522984	0.0010886625905055273
ordered	0.05	2	phi	0.0018872672594733926	0.000747315153644329
ordered	0.05	2	phi	0.0021159825568989763	0.0008103942323807427
ordered	0.05	2	phi	0.0023752319840376667	0.0006932167724061576
ordered	0.05	2	phi	0.0026650158537247022	0.0008211222732723743
ordered	0.05	2	phi	0.002989077753483762	0.0011641344528680062
ordered	0.05	2	phi	0.0033550511129892243	0.0012023916771686817
ordered	0.05	2	phi	0.0037630823722051253	0.0012020947518114496
ordered	0.05	2	phi	0.004220512937761092	0.0019860018633500133
ordered	0.05	2	phi	0.004735268427364398	0.002800404611120425
ordered	0.05	2	phi	0.00531468965810924	0.00483656965449689
ordered	0.05	2	phi	0.005966703895880201	0.008153221135149252
ordered	0.05	2	phi	0.006691163505285742	0.010560998746617166
ordered	0.05	2	phi	0.00750693386647431	0.0033312344551421503
ordered	0.05	2	phi	0.008425831166491782	0.002174553176660176
ordered	0.05	2	phi	0.009451452182471384	0.0009494453163728968
ordered	0.05	2	phi	0.010602808117072449	0.0005287624151386849
ordered	0.05	2	phi	0.011899055913815891	0.0005133371148529316
ordered	0.05	2	phi	0.013351719421174534	0.00041552804697949166
ordered	0.05	2	phi	0.014979662876172375	0.00023411854556737983
ordered	0.05	2	phi	0.016805933483363636	0.00012693274542141742
ordered	0.05	2	phi	0.0188570292540463	0.00012165660767256547
ordered	0.05	2	phi	0.021159887502757043	7.536232705076521e-5
ordered	0.05	2	phi	0.023741006069205848	5.2614494311687456e-5
ordered	0.05	2	phi	0.026638552998525435	4.80307402399032e-5
ordered	0.05	2	phi	0.029886952690767608	3.322935151240009e-5
ordered	0.05	2	phi	0.0335317139880143	2.6228769217879622e-5
ordered	0.05	2	phi	0.03762641841208682	2.075289930130463e-5
ordered	0.05	2	phi	0.042216867626638205	1.901883438486809e-5
ordered	0.05	2	phi	0.047367581161098446	1.640530204762702e-5
ordered	0.05	2	phi	0.05314755428959493	1.4479090334842398e-5
ordered	0.05	2	phi	0.05963268370222095	1.3454095426911324e-5
ordered	0.05	2	phi	0.06691097550584788	1.2590855941427272e-5
ordered	0.05	2	phi	0.07507374000353845	1.1803163723035983e-5
ordered	0.05	2	phi	0.0842315912160045	1.0545717775132802e-5
ordered	0.05	2	phi	0.09451026390588896	1.015507408374245e-5
ordered	0.05	2	phi	0.10604341934190899	1.0753079176082073e-5
ordered	0.05	2	phi	0.11898329021012795	9.365094120300039e-6
ordered	0.05	2	phi	0.13350170578599946	8.213397660353472e-6
ordered	0.05	2	phi	0.14978906678461706	8.225499329750558e-6
ordered	0.05	2	phi	0.16806660120897057	7.563374868173196e-6
ordered	0.05	2	phi	0.18857454785745398	7.085872869185219e-6
ordered	0.05	2	phi	0.2115835334850689	6.581192218227889e-6
ordered	0.05	2	phi	0.23739860927755593	5.991667512434756e-6
ordered	0.05	2	phi	0.266366591568392	5.399569394575333e-6
ordered	0.05	2	phi	0.29886901401039945	4.749200226996877e-6
ordered	0.05	2	phi	0.33533636966402874	4.343400045628424e-6
ordered	0.05	2	phi	0.3762531725804453	3.876748446494132e-6
ordered	0.05	2	phi	0.4221605298354539	3.429493834045901e-6
ordered	0.05	2	phi	0.47367243381911905	2.953925483550079e-6
ordered	0.05	3	t1	7.629388473795709e-6	15.237584711367598
ordered	0.05	3	t1	1.525877694759142e-5	1.6277522737901806
ordered	0.05	3	t1	2.2888165421387134e-5	10.46914544557269
ordered	0.05	3	t1	3.0517553895182842e-5	4.625307334249696
ordered	0.05	3	t1	3.814694236897854e-5	1.0461905635180153
ordered	0.05	3	t1	4.577633084277418e-5	3.3437461151122854
ordered	0.05	3	t1	5.340571931656997e-5	8.136013119451997
ordered	0.05	3	t1	6.10351077903657e-5	0.07551601421253851
ordered	0.05	3	t1	6.86644962641613e-5	1.788667027354754
ordered	0.05	3	t1	7.629388473795709e-5	0.7696566190103442
ordered	0.05	3	t1	8.392327321175269e-5	1.171709391652434
ordered	0.05	3	t1	9.529103149571589e-5	2.9451592477960187
ordered	0.05	3	t1	0.00010681143863313985	6.490707361566043
ordered	0.05	3	t1	0.00011819397800303034	8.550272362837374
ordered	0.05	3	t1	0.00013345979153336977	9.536455713765825
ordered	0.05	3	t1	0.0001487241608614854	6.389359223494696
ordered	0.05	3	t1	0.00016773086992482195	8.050567963341644
ordered	0.05	3	t1	0.00019063293236353633	1.8193308311622776
ordered	0.05	3	t1	0.00021353201256911329	1.5770373448839046
ordered	0.05	3	t1	0.00023642897778077072	6.406351711122823
ordered	0.05	3	t1	0.0002630756059577625	4.4111449759178605
ordered	0.05	3	t1	0.00029735037055581985	5.8774024468686035
ordered	0.05	3	t1	0.00033551959004834276	8.599023626573585
ordered	0.05	3	t1	0.0003774297929274283	4.538731411507277
ordered	0.05	3	t1	0.0004232304713625064	6.274227710662572
ordered	0.05	3	t1	0.00047277581579931876	5.911367094033286
ordered	0.05	3	t1	0.000529954140682307	2.8965294613767756
ordered	0.05	3	t1	0.0005947660315265448	3.6897250474587406
ordered	0.05	3	t1	0.0006672115727191813	3.5458150117177363
ordered	0.05	3	t1	0.0007510328933877064	3.507912619087963
ordered	0.05	3	t1	0.0008426357798242797	3.3679088817090013
ordered	0.05	3	t1	0.000945469465562411	3.971651482506968
ordered	0.05	3	t1	0.0010637181906205887	4.947427777906809
ordered	0.05	3	t1	0.0011933427345577946	4.8990197035251235
ordered	0.05	3	t1	0.001338234444659373	4.61727469839937
ordered	0.05	3	t1	0.0014983929255561702	2.679700162509631
ordered	0.05	3	t1	0.0016813062912522984	3.8648752029179
ordered	0.05	3	t1	0.0018872672594733926	3.506696698592221
ordered	0.05	3	t1	0.0021159825568989763	4.586777492708639
ordered	0.05	3	t1	0.0023752319840376667	4.764113813269269
ordered	0.05	3	t1	0.0026650158537247022	4.748691626923729
ordered	0.05	3	t1	0.002989077753483762	4.747186131673185
ordered	0.05	3	t1	0.0033550511129892243	6.336599308974611
ordered	0.05	3	t1	0.0037630823722051253	7.20723606509579
ordered	0.05	3	t1	0.004220512937761092	8.860867750517366
ordered	0.05	3	t1	0.004735268427364398	18.05535311041654
ordered	0.05	3	t1	0.00531468965810924	23.625688332242753
ordered	0.05	3	t1	0.005966703895880201	42.34596378582292
ordered	0.05	3	t1	0.006691163505285742	94.03146280767356
ordered	0.05	3	t1	0.00750693386647431	29.86185411220914
ordered	0.05	3	t1	0.008425831166491782	12.054527277337518
ordered	0.05	3	t1	0.009451452182471384	9.360282727785302
ordered	0.05	3	t1	0.010602808117072449	8.451401118536992
ordered	0.05	3	t1	0.011899055913815891	11.066039811843163
ordered	0.05	3	t1	0.013351719421174534	11.02872440002201
ordered	0.05	3	t1	0.014979662876172375	7.90494968285909
ordered	0.05	3	t1	0.016805933483363636	6.73762673481202
ordered	0.05	3	t1	0.0188570292540463	7.073663210008565
ordered	0.05	3	t1	0.021159887502757043	6.029650040631522
ordered	0.05	3	t1	0.023741006069205848	5.385313454267477
ordered	0.05	3	t1	0.026638552998525435	4.843931622279958
ordered	0.05	3	t1	0.029886952690767608	4.690887982393029
ordered	0.05	3	t1	0.0335317139880143	4.411476194361979
ordered	0.05	3	t1	0.03762641841208682	4.3235596753101575
ordered	0.05	3	t1	0.042216867626638205	3.911918836899293
ordered	0.05	3	t1	0.047367581161098446	3.5911148877216075
ordered	0.05	3	t1	0.05314755428959493	3.406846353404023
ordered	0.05	3	t1	0.05963268370222095	3.0860134277877846
ordered	0.05	3	t1	0.06691097550584788	2.989482766580813
ordered	0.05	3	t1	0.07507374000353845	2.7542591149501354
ordered	0.05	3	t1	0.0842315912160045	2.5197536965870286
ordered	0.05	3	t1	0.09451026390588896	2.3227926296615786
ordered	0.05	3	t1	0.10604341934190899	2.165819407490466
ordered	0.05	3	t1	0.11898329021012795	1.9942427799358768
ordered	0.05	3	t1	0.13350170578599946	1.820169900900971
ordered	0.05	3	t1	0.14978906678461706	1.7558016819167845
ordered	0.05	3	t1	0.16806660120897057	1.603851045083945
ordered	0.05	3	t1	0.18857454785745398	1.4913708179822558
ordered	0.05	3	t1	0.2115835334850689	1.3886835150851815
ordered	0.05	3	t1	0.23739860927755593	1.2457344478452055
ordered	0.05	3	t1	0.266366591568392	1.210539781414715
ordered	0.05	3	t1	0.29886901401039945	1.1563234783042056
ordered	0.05	3	t1	0.33533636966402874	1.0981166869347592
ordered	0.05	3	t1	0.3762531725804453	1.0200340554349518
ordered	0.05	3	t1	0.4221605298354539	0.9549075929922091
ordered	0.05	3	t1	0.47367243381911905	0.9324619003786879
ordered	0.05	3	phi	7.629388473795709e-6	0.12023135235376334
ordered	0.05	3	phi	1.525877694759142e-5	0.030760647308374724
ordered	0.05	3	phi	2.2888165421387134e-5	0.1058395994535641
ordered	0.05	3	phi	3.0517553895182842e-5	0.026034987852346318
ordered	0.05	3	phi	3.814694236897854e-5	0.09807663917572809
ordered	0.05	3	phi	4.577633084277418e-5	0.13185212763158194
ordered	0.05	3	phi	5.340571931656997e-5	0.11769822283162072
ordered	0.05	3	phi	6.10351077903657e-5	0.06551522851360259
ordered	0.05	3	phi	6.86644962641613e-5	0.03537132300740255
ordered	0.05	3	phi	7.629388473795709e-5	0.08494218815946425
ordered	0.05	3	phi	8.392327321175269e-5	0.0602301237094204
ordered	0.05	3	phi	9.529103149571589e-5	0.060741728574609286
ordered	0.05	3	phi	0.00010681143863313985	0.037743860071011874
ordered	0.05	3	phi	0.00011819397800303034	0.047167945118273887
ordered	0.05	3	phi	0.00013345979153336977	0.011924799967637865
ordered	0.05	3	phi	0.0001487241608614854	0.04314952966836456
ordered	0.05	3	phi	0.00016773086992482195	0.015514025106143711
ordered	0.05	3	phi	0.00019063293236353633	0.016302964320649937
ordered	0.05	3	phi	0.00021353201256911329	0.011825122382070974
ordered	0.05	3	phi	0.00023642897778077072	0.01691369602505756
ordered	0.05	3	phi	0.0002630756059577625	0.0152617287890113
ordered	0.05	3	phi	0.00029735037055581985	0.009544756782287538
ordered	0.05	3	phi	0.00033551959004834276	0.0035728602459860898
ordered	0.05	3	phi	0.0003774297929274283	0.0032418423958110788
ordered	0.05	3	phi	0.0004232304713625064	0.003321630911028875
ordered	0.05	3	phi	0.00047277581579931876	0.0024903781326730506
ordered	0.05	3	phi	0.000529954140682307	0.0016256317780183771
ordered	0.05	3	phi	0.0005947660315265448	0.003055007305066534
ordered	0.05	3	phi	0.0006672115727191813	0.002250549681725807
ordered	0.05	3	phi	0.0007510328933877064	0.0030033993421152067
ordered	0.05	3	phi	0.0008426357798242797	0.004509894616487881
ordered	0.05	3	phi	0.000945469465562411	0.001442504396543491
ordered	0.05	3	phi	0.0010637181906205887	0.0005926731717512676
ordered	0.05	3	phi	0.0011933427345577946	0.0006965529661237187
ordered	0.05	3	phi	0.001338234444659373	0.0009110912446854677
ordered	0.05	3	phi	0.0014983929255561702	0.0006187218974962191
ordered	0.05	3	phi	0.0016813062912522984	0.001214247181412956
ordered	0.05	3	phi	0.0018872672594733926	0.0005113935326805346
ordered	0.05	3	phi	0.0021159825568989763	0.0006867066520753918
ordered	0.05	3	phi	0.0023752319840376667	0.0012663581567858696
ordered	0.05	3	phi	0.0026650158537247022	0.000742453004747044
ordered	0.05	3	phi	0.002989077753483762	0.0008953602565130463
ordered	0.05	3	phi	0.0033550511129892243	0.0007309452312732377
ordered	0.05	3	phi	0.0037630823722051253	0.0009558054868720829
ordered	0.05	3	phi	0.004220512937761092	0.0013218893111071155
ordered	0.05	3	phi	0.004735268427364398	0.0024248437589392867
ordered	0.05	3	phi	0.00531468965810924	0.005892059499746186
ordered	0.05	3	phi	0.005966703895880201	0.010278382471175405
ordered	0.05	3	phi	0.006691163505285742	0.020189103534150016
ordered	0.05	3	phi	0.00750693386647431	0.003529948145729949
ordered	0.05	3	phi	0.008425831166491782	0.0012267950207240554
ordered	0.05	3	phi	0.009451452182471384	0.0007916597550558694
ordered	0.05	3	phi	0.010602808117072449	0.0004586510819732094
ordered	0.05	3	phi	0.011899055913815891	0.0006755432336396792
ordered	0.05	3	phi	0.013351719421174534	0.00046088147473570984
ordered	0.05	3	phi	0.014979662876172375	0.00018469592990600736
ordered	0.05	3	phi	0.016805933483363636	0.00011600586720033902
ordered	0.05	3	phi	0.0188570292540463	0.0001297463937531395
ordered	0.05	3	phi	0.021159887502757043	7.588322455792682e-5
ordered	0.05	3	phi	0.023741006069205848	5.013561293442229e-5
ordered	0.05	3	phi	0.026638552998525435	4.1889247482143155e-5
ordered	0.05	3	phi	0.029886952690767608	3.235062257226194e-5
ordered	0.05	3	phi	0.0335317139880143	2.4207372406013698e-5
ordered	0.05	3	phi	0.03762641841208682	2.1821432274088618e-5
ordered	0.05	3	phi	0.042216867626638205	1.860301516816186e-5
ordered	0.05	3	phi	0.047367581161098446	1.5955895212224417e-5
ordered	0.05	3	phi	0.05314755428959493	1.443886144689068e-5
ordered	0.05	3	phi	0.05963268370222095	1.4383368174045075e-5
ordered	0.05	3	phi	0.06691097550584788	1.287887446682682e-5
ordered	0.05	3	phi	0.07507374000353845	1.1582297635751869e-5
ordered	0.05	3	phi	0.0842315912160045	1.1529228423748742e-5
ordered	0.05	3	phi	0.09451026390588896	9.672133216208816e-6
ordered	0.05	3	phi	0.10604341934190899	9.868251986091807e-6
ordered	0.05	3	phi	0.11898329021012795	8.7468397199377e-6
ordered	0.05	3	phi	0.13350170578599946	8.743458145802687e-6
ordered	0.05	3	phi	0.14978906678461706	7.828660289865053e-6
ordered	0.05	3	phi	0.16806660120897057	7.347168756252909e-6
ordered	0.05	3	phi	0.18857454785745398	7.1988740195815005e-6
ordered	0.05	3	phi	0.2115835334850689	6.241631441804012e-6
ordered	0.05	3	phi	0.23739860927755593	6.058536638516034e-6
ordered	0.05	3	phi	0.266366591568392	5.484814521508106e-6
ordered	0.05	3	phi	0.29886901401039945	4.969291803344128e-6
ordered	0.05	3	phi	0.33533636966402874	4.357024747129238e-6
ordered	0.05	3	phi	0.3762531725804453	3.939556901392927e-6
ordered	0.05	3	phi	0.4221605298354539	3.495157838997541e-6
ordered	0.05	3	phi	0.47367243381911905	2.9933167023920556e-6
ordered	0.05	4	t1	7.629388473795709e-6	110.66274292211695
ordered	0.05	4	t1	1.525877694759142e-5	28.885446361905636
ordered	0.05	4	t1	2.2888165421387134e-5	28.67465125661164
ordered	0.05	4	t1	3.0517553895182842e-5	11.734699055592918
ordered	0.05	4	t1	3.814694236897854e-5	29.122126175452244
ordered	0.05	4	t1	4.577633084277418e-5	50.32719218157157
ordered	0.05	4	t1	5.340571931656997e-5	4.779545798773278
ordered	0.05	4	t1	6.10351077903657e-5	0.6588692588293674
ordered	0.05	4	t1	6.86644962641613e-5	40.34857446048734
ordered	0.05	4	t1	7.629388473795709e-5	6.892350051093868
ordered	0.05	4	t1	8.392327321175269e-5	53.865287748183476
ordered	0.05	4	t1	9.529103149571589e-5	18.19359250124613
ordered	0.05	4	t1	0.00010681143863313985	1.262839890954481
ordered	0.05	4	t1	0.00011819397800303034	6.421562384205458
ordered	0.05	4	t1	0.00013345979153336977	5.278672251290914
ordered	0.05	4	t1	0.0001487241608614854	4.16703982941783
ordered	0.05	4	t1	0.00016773086992482195	5.7405931716169745
ordered	0.05	4	t1	0.00019063293236353633	10.1023380538255
ordered	0.05	4	t1	0.00021353201256911329	6.24833114973509
ordered	0.05	4	t1	0.00023642897778077072	8.859506213254653
ordered	0.05	4	t1	0.0002630756059577625	9.149652282114644
ordered	0.05	4	t1	0.00029735037055581985	6.901195797153261
ordered	0.05	4	t1	0.00033551959004834276	3.5830071664782763
ordered	0.05	4	t1	0.0003774297929274283	5.465181906986065
ordered	0.05	4	t1	0.0004232304713625064	7.835752551365715
ordered	0.05	4	t1	0.00047277581579931876	4.878851397659354
ordered	0.05	4	t1	0.000529954140682307	7.489074110327012
ordered	0.05	4	t1	0.0005947660315265448	5.526730674818214
ordered	0.05	4	t1	0.0006672115727191813	4.723293050359407
ordered	0.05	4	t1	0.0007510328933877064	3.6013282868080165
ordered	0.05	4	t1	0.0008426357798242797	3.693398446055216
ordered	0.05	4	t1	0.000945469465562411	4.295706610655389
ordered	0.05	4	t1	0.0010637181906205887	2.8904268375052826
ordered	0.05	4	t1	0.0011933427345577946	5.468482179879546
ordered	0.05	4	t1	0.001338234444659373	3.4033091451053417
ordered	0.05	4	t1	0.0014983929255561702	2.8676906622804794
ordered	0.05	4	t1	0.0016813062912522984	3.9786158442237203
ordered	0.05	4	t1	0.0018872672594733926	3.8470247920770833
ordered	0.05	4	t1	0.0021159825568989763	5.257604123088855
ordered	0.05	4	t1	0.0023752319840376667	4.668177061315401
ordered	0.05	4	t1	0.0026650158537247022	5.83382296432138
ordered	0.05	4	t1	0.002989077753483762	5.5749935857434085
ordered	0.05	4	t1	0.0033550511129892243	7.891009091156059
ordered	0.05	4	t1	0.0037630823722051253	12.125984615274023
ordered	0.05	4	t1	0.004220512937761092	19.187090655104445
ordered	0.05	4	t1	0.004735268427364398	23.672531840521383
ordered	0.05	4	t1	0.00531468965810924	33.52099424335643
ordered	0.05	4	t1	0.005966703895880201	70.09708909371584
ordered	0.05	4	t1	0.006691163505285742	38.55965029473662
ordered	0.05	4	t1	0.00750693386647431	13.91304738933232
ordered	0.05	4	t1	0.008425831166491782	13.062820309833043
ordered	0.05	4	t1	0.009451452182471384	9.104180224656911
ordered	0.05	4	t1	0.010602808117072449	8.509058387396527
ordered	0.05	4	t1	0.011899055913815891	11.970456797539697
ordered	0.05	4	t1	0.013351719421174534	9.039811083334092
ordered	0.05	4	t1	0.014979662876172375	6.6893546428824
ordered	0.05	4	t1	0.016805933483363636	5.857661478640656
ordered	0.05	4	t1	0.0188570292540463	6.1847792384478
ordered	0.05	4	t1	0.021159887502757043	4.817908274389005
ordered	0.05	4	t1	0.023741006069205848	5.079519069675454
ordered	0.05	4	t1	0.026638552998525435	4.647715232416498
ordered	0.05	4	t1	0.029886952690767608	4.360902603964658
ordered	0.05	4	t1	0.0335317139880143	4.021676559714643
ordered	0.05	4	t1	0.03762641841208682	3.735608136658902
ordered	0.05	4	t1	0.042216867626638205	3.7166396784397384
ordered	0.05	4	t1	0.047367581161098446	3.4068598487300896
ordered	0.05	4	t1	0.05314755428959493	3.0081326666084887
ordered	0.05	4	t1	0.05963268370222095	3.033447245931171
ordered	0.05	4	t1	0.06691097550584788	2.663463538964264
ordered	0.05	4	t1	0.07507374000353845	2.5992905142092093
ordered	0.05	4	t1	0.0842315912160045	2.3744972494338152
ordered	0.05	4	t1	0.09451026390588896	2.0295729080847056
ordered	0.05	4	t1	0.10604341934190899	2.0403604843017704
ordered	0.05	4	t1	0.11898329021012795	1.8382307899362849
ordered	0.05	4	t1	0.13350170578599946	1.827796232967643
ordered	0.05	4	t1	0.14978906678461706	1.517030701109116
ordered	0.05	4	t1	0.16806660120897057	1.4654515813698081
ordered	0.05	4	t1	0.18857454785745398	1.3472454869755803
ordered	0.05	4	t1	0.2115835334850689	1.2885910043170563
ordered	0.05	4	t1	0.23739860927755593	1.1945065250588522
ordered	0.05	4	t1	0.266366591568392	1.1587605573713016
ordered	0.05	4	t1	0.29886901401039945	1.0344953905313847
ordered	0.05	4	t1	0.33533636966402874	0.9948961863359542
ordered	0.05	4	t1	0.3762531725804453	0.9586110281574007
ordered	0.05	4	t1	0.4221605298354539	0.9048343571678062
ordered	0.05	4	t1	0.47367243381911905	0.8697770467295418
ordered	0.05	4	phi	7.629388473795709e-6	0.02934924547318725
ordered	0.05	4	phi	1.525877694759142e-5	0.009651445457000571
ordered	0.05	4	phi	2.2888165421387134e-5	0.03264867650315375
ordered	0.05	4	phi	3.0517553895182842e-5	0.027015056867254257
ordered	0.05	4	phi	3.814694236897854e-5	0.00210849391597105
ordered	0.05	4	phi	4.577633084277418e-5	0.009472570818467576
ordered	0.05	4	phi	5.340571931656997e-5	0.00573605493785348
ordered	0.05	4	phi	6.10351077903657e-5	0.01741822859152059
ordered	0.05	4	phi	6.86644962641613e-5	0.03372918165687589
ordered	0.05	4	phi	7.629388473795709e-5	0.01426401487164048
ordered	0.05	4	phi	8.392327321175269e-5	0.01652077152911458
ordered	0.05	4	phi	9.529103149571589e-5	0.0013578016589907667
ordered	0.05	4	phi	0.00010681143863313985	0.02391237744959866
ordered	0.05	4	phi	0.00011819397800303034	0.025807538512361384
ordered	0.05	4	phi	0.00013345979153336977	0.008413942875234389
ordered	0.05	4	phi	0.0001487241608614854	0.007829484786088232
ordered	0.05	4	phi	0.00016773086992482195	0.011166932532118435
ordered	0.05	4	phi	0.00019063293236353633	0.008684495381246724
ordered	0.05	4	phi	0.00021353201256911329	0.008302264681260895
ordered	0.05	4	phi	0.00023642897778077072	0.013849522543703386
ordered	0.05	4	phi	0.0002630756059577625	0.006992347943615191
ordered	0.05	4	phi	0.00029735037055581985	0.004524825525670007
ordered	0.05	4	phi	0.00033551959004834276	0.010617773462574712
ordered	0.05	4	phi	0.0003774297929274283	0.0047059804789541205
ordered	0.05	4	phi	0.0004232304713625064	0.005860044078117851
ordered	0.05	4	phi	0.00047277581579931876	0.0026188467646345347
ordered	0.05	4	phi	0.000529954140682307	0.0023326249640523338
ordered	0.05	4	phi	0.0005947660315265448	0.0024310299721669263
ordered	0.05	4	phi	0.0006672115727191813	0.0008026237215363162
ordered	0.05	4	phi	0.0007510328933877064	0.00276738081933061
ordered	0.05	4	phi	0.0008426357798242797	0.001304679542344689
ordered	0.05	4	phi	0.000945469465562411	0.000746700484110969
ordered	0.05	4	phi	0.0010637181906205887	0.0009360748026508814
ordered	0.05	4	phi	0.0011933427345577946	0.0014199454397586034
ordered	0.05	4	phi	0.001338234444659373	0.0012409231122326673
ordered	0.05	4	phi	0.0014983929255561702	0.0008368483836293686
ordered	0.05	4	phi	0.0016813062912522984	0.001346503122165257
ordered	0.05	4	phi	0.0018872672594733926	0.0008169349550203435
ordered	0.05	4	phi	0.0021159825568989763	0.0009371026995584485
ordered	0.05	4	phi	0.0023752319840376667	0.0011723680606981902
ordered	0.05	4	phi	0.0026650158537247022	0.0010967925666793873
ordered	0.05	4	phi	0.002989077753483762	0.0016494659140311356
ordered	0.05	4	phi	0.0033550511129892243	0.0037604966529533475
ordered	0.05	4	phi	0.0037630823722051253	0.002155467923224806
ordered	0.05	4	phi	0.004220512937761092	0.0035811222450746975
ordered	0.05	4	phi	0.004735268427364398	0.004234846379656763
ordered	0.05	4	phi	0.00531468965810924	0.005359475813288504
ordered	0.05	4	phi	0.005966703895880201	0.015557060721849616
ordered	0.05	4	phi	0.006691163505285742	0.01883240366467453
ordered	0.05	4	phi	0.00750693386647431	0.0020621607230878044
ordered	0.05	4	phi	0.008425831166491782	0.0013818151892951759
ordered	0.05	4	phi	0.009451452182471384	0.000973071854924225
ordered	0.05	4	phi	0.010602808117072449	0.00043577351472311827
ordered	0.05	4	phi	0.011899055913815891	0.0006932307074844058
ordered	0.05	4	phi	0.013351719421174534	0.0005109851749906405
ordered	0.05	4	phi	0.014979662876172375	0.0001750496304889265
ordered	0.05	4	phi	0.016805933483363636	0.00013852072620072065
ordered	0.05	4	phi	0.0188570292540463	0.00013841424609814496
ordered	0.05	4	phi	0.021159887502757043	7.240653714859821e-5
ordered	0.05	4	phi	0.023741006069205848	5.3591835440635145e-5
ordered	0.05	4	phi	0.026638552998525435	4.0351883938168274e-5
ordered	0.05	4	phi	0.029886952690767608	3.257266229696903e-5
ordered	0.05	4	phi	0.0335317139880143	2.5945573268435855e-5
ordered	0.05	4	phi	0.03762641841208682	2.2022438617991503e-5
ordered	0.05	4	phi	0.042216867626638205	1.8109976739163077e-5
ordered	0.05	4	phi	0.047367581161098446	1.5910625626193672e-5
ordered	0.05	4	phi	0.05314755428959493	1.6151911582118054e-5
ordered	0.05	4	phi	0.05963268370222095	1.363148708190328e-5
ordered	0.05	4	phi	0.06691097550584788	1.2998092084421128e-5
ordered	0.05	4	phi	0.07507374000353845	1.1840654907281592e-5
ordered	0.05	4	phi	0.0842315912160045	1.0960548675201974e-5
ordered	0.05	4	phi	0.09451026390588896	1.0216304515605687e-5
ordered	0.05	4	phi	0.10604341934190899	9.895571734665344e-6
ordered	0.05	4	phi	0.11898329021012795	9.204888940343894e-6
ordered	0.05	4	phi	0.13350170578599946	8.74221953982176e-6
ordered	0.05	4	phi	0.14978906678461706	8.012159679603059e-6
ordered	0.05	4	phi	0.16806660120897057	7.737711110531151e-6
ordered	0.05	4	phi	0.18857454785745398	7.117659339434722e-6
ordered	0.05	4	phi	0.2115835334850689	6.41684858315907e-6
ordered	0.05	4	phi	0.23739860927755593	5.820701733378713e-6
ordered	0.05	4	phi	0.266366591568392	5.294409722994415e-6
ordered	0.05	4	phi	0.29886901401039945	4.810884449037375e-6
ordered	0.05	4	phi	0.33533636966402874	4.346045362779991e-6
ordered	0.05	4	phi	0.3762531725804453	3.8122124529919984e-6
ordered	0.05	4	phi	0.4221605298354539	3.362703687961704e-6
ordered	0.05	4	phi	0.47367243381911905	2.976068433928587e-6
ordered	0.05	5	t1	7.629388473795709e-6	34.34649089426387
ordered	0.05	5	t1	1.525877694759142e-5	5.5540044918790406
ordered	0.05	5	t1	2.2888165421387134e-5	36.15350698274975
ordered	0.05	5	t1	3.0517553895182842e-5	7.727261180484341
ordered	0.05	5	t1	3.814694236897854e-5	2.2722183250180796
ordered	0.05	5	t1	4.577633084277418e-5	14.422605148488742
ordered	0.05	5	t1	5.340571931656997e-5	16.152581820258487
ordered	0.05	5	t1	6.10351077903657e-5	16.761216016062765
ordered	0.05	5	t1	6.86644962641613e-5	10.653424458651413
ordered	0.05	5	t1	7.629388473795709e-5	1.9734011541507193
ordered	0.05	5	t1	8.392327321175269e-5	28.933983750102584
ordered	0.05	5	t1	9.529103149571589e-5	27.716382964862014
ordered	0.05	5	t1	0.00010681143863313985	29.338628697890318
ordered	0.05	5	t1	0.00011819397800303034	16.472370448561115
ordered	0.05	5	t1	0.00013345979153336977	6.55615518828069
ordered	0.05	5	t1	0.0001487241608614854	17.43161500338098
ordered	0.05	5	t1	0.00016773086992482195	9.710674976651381
ordered	0.05	5	t1	0.00019063293236353633	2.973360795870075
ordered	0.05	5	t1	0.00021353201256911329	5.832247569848843
ordered	0.05	5	t1	0.00023642897778077072	11.227019939546127
ordered	0.05	5	t1	0.0002630756059577625	6.916559975826823
ordered	0.05	5	t1	0.00029735037055581985	3.3731466693722028
ordered	0.05	5	t1	0.00033551959004834276	3.2043731761071834
ordered	0.05	5	t1	0.0003774297929274283	11.252019767281576
ordered	0.05	5	t1	0.0004232304713625064	5.415359979371318
ordered	0.05	5	t1	0.00047277581579931876	6.167389413142374
ordered	0.05	5	t1	0.000529954140682307	4.298593648455228
ordered	0.05	5	t1	0.0005947660315265448	2.544477687526772
ordered	0.05	5	t1	0.0006672115727191813	6.916597604456794
ordered	0.05	5	t1	0.0007510328933877064	3.4095083088841345
ordered	0.05	5	t1	0.0008426357798242797	3.7429978670657884
ordered	0.05	5	t1	0.000945469465562411	4.986806644864722
ordered	0.05	5	t1	0.0010637181906205887	3.9404199071630264
ordered	0.05	5	t1	0.0011933427345577946	3.0794901179227465
ordered	0.05	5	t1	0.001338234444659373	3.2593514488512314
ordered	0.05	5	t1	0.0014983929255561702	3.5205852062100007
ordered	0.05	5	t1	0.0016813062912522984	5.3881889243995245
ordered	0.05	5	t1	0.0018872672594733926	5.0521886403604395
ordered	0.05	5	t1	0.0021159825568989763	3.6898092834307645
ordered	0.05	5	t1	0.0023752319840376667	4.0934140817435924
ordered	0.05	5	t1	0.0026650158537247022	5.143856641415176
ordered	0.05	5	t1	0.002989077753483762	6.570737190286973
ordered	0.05	5	t1	0.0033550511129892243	9.048144076088114
ordered	0.05	5	t1	0.0037630823722051253	10.46112765674719
ordered	0.05	5	t1	0.004220512937761092	13.344369489469923
ordered	0.05	5	t1	0.004735268427364398	29.040261066499706
ordered	0.05	5	t1	0.00531468965810924	49.67289820389972
ordered	0.05	5	t1	0.005966703895880201	64.21052425259184
ordered	0.05	5	t1	0.006691163505285742	32.85022362075732
ordered	0.05	5	t1	0.00750693386647431	14.926727970786825
ordered	0.05	5	t1	0.008425831166491782	10.960372665075063
ordered	0.05	5	t1	0.009451452182471384	11.096162611926005
ordered	0.05	5	t1	0.010602808117072449	9.99029819418163
ordered	0.05	5	t1	0.011899055913815891	10.881565800137995
ordered	0.05	5	t1	0.013351719421174534	8.294102077809912
ordered	0.05	5	t1	0.014979662876172375	6.82810953583977
ordered	0.05	5	t1	0.016805933483363636	6.955442358895365
ordered	0.05	5	t1	0.0188570292540463	6.186549902484916
ordered	0.05	5	t1	0.021159887502757043	5.149980897029876
ordered	0.05	5	t1	0.023741006069205848	5.019155784028254
ordered	0.05	5	t1	0.026638552998525435	4.789701080434337
ordered	0.05	5	t1	0.029886952690767608	3.848469113674794
ordered	0.05	5	t1	0.0335317139880143	4.04956165624261
ordered	0.05	5	t1	0.03762641841208682	3.628436461524615
ordered	0.05	5	t1	0.042216867626638205	3.758349599810845
ordered	0.05	5	t1	0.047367581161098446	3.2345402004896426
ordered	0.05	5	t1	0.05314755428959493	3.0826248869971806
ordered	0.05	5	t1	0.05963268370222095	2.9232302063301465
ordered	0.05	5	t1	0.06691097550584788	2.6120677680309234
ordered	0.05	5	t1	0.07507374000353845	2.3521739315387897
ordered	0.05	5	t1	0.0842315912160045	2.3134416230515673
ordered	0.05	5	t1	0.09451026390588896	2.1119660478924454
ordered	0.05	5	t1	0.10604341934190899	1.9443720776223312
ordered	0.05	5	t1	0.11898329021012795	1.8479411889540884
ordered	0.05	5	t1	0.13350170578599946	1.6419602847487533
ordered	0.05	5	t1	0.14978906678461706	1.478161624033686
ordered	0.05	5	t1	0.16806660120897057	1.4189446598234738
ordered	0.05	5	t1	0.18857454785745398	1.3401052328360665
ordered	0.05	5	t1	0.2115835334850689	1.2423663379414813
ordered	0.05	5	t1	0.23739860927755593	1.1468046190296053
ordered	0.05	5	t1	0.266366591568392	1.1196126336299452
ordered	0.05	5	t1	0.29886901401039945	1.0179838415970992
ordered	0.05	5	t1	0.33533636966402874	0.9901144017034177
ordered	0.05	5	t1	0.3762531725804453	0.9423168521691301
ordered	0.05	5	t1	0.4221605298354539	0.888115596842872
ordered	0.05	5	t1	0.47367243381911905	0.8402009943362447
ordered	0.05	5	phi	7.629388473795709e-6	0.15698626727879997
ordered	0.05	5	phi	1.525877694759142e-5	0.05382965627306116
ordered	0.05	5	phi	2.2888165421387134e-5	0.04494619552547725
ordered	0.05	5	phi	3.0517553895182842e-5	0.027747992171570608
ordered	0.05	5	phi	3.814694236897854e-5	0.08216875951378509
ordered	0.05	5	phi	4.577633084277418e-5	0.02976465393528695
ordered	0.05	5	phi	5.340571931656997e-5	0.0077182294350222865
ordered	0.05	5	phi	6.10351077903657e-5	0.0492622832064655
ordered	0.05	5	phi	6.86644962641613e-5	0.023796839980892846
ordered	0.05	5	phi	7.629388473795709e-5	0.002987934678300131
ordered	0.05	5	phi	8.392327321175269e-5	0.005057221184266389
ordered	0.05	5	phi	9.529103149571589e-5	0.016227363390244907
ordered	0.05	5	phi	0.00010681143863313985	0.012873692774844252
ordered	0.05	5	phi	0.00011819397800303034	0.0096014768168159
ordered	0.05	5	phi	0.00013345979153336977	0.008545375118390437
ordered	0.05	5	phi	0.0001487241608614854	0.045165309855362525
ordered	0.05	5	phi	0.00016773086992482195	0.013477269520289511
ordered	0.05	5	phi	0.00019063293236353633	0.010117299052664746
ordered	0.05	5	phi	0.00021353201256911329	0.014420262005953663
ordered	0.05	5	phi	0.00023642897778077072	0.016606780511542695
ordered	0.05	5	phi	0.0002630756059577625	0.005290073999401423
ordered	0.05	5	phi	0.00029735037055581985	0.0025298635696303995
ordered	0.05	5	phi	0.00033551959004834276	0.005301896586834814
ordered	0.05	5	phi	0.0003774297929274283	0.002677825680015323
ordered	0.05	5	phi	0.0004232304713625064	0.0024275524573303467
ordered	0.05	5	phi	0.00047277581579931876	0.001893456805119247
ordered	0.05	5	phi	0.000529954140682307	0.004461300119710364
ordered	0.05	5	phi	0.0005947660315265448	0.0026683626406340854
ordered	0.05	5	phi	0.0006672115727191813	0.0014072487734152958
ordered	0.05	5	phi	0.0007510328933877064	0.0013425141538427733
ordered	0.05	5	phi	0.0008426357798242797	0.0013718878140808923
ordered	0.05	5	phi	0.000945469465562411	0.0017659061240361095
ordered	0.05	5	phi	0.0010637181906205887	0.0014532230044341057
ordered	0.05	5	phi	0.0011933427345577946	0.0010511729822098204
ordered	0.05	5	phi	0.001338234444659373	0.0018779099548304299
ordered	0.05	5	phi	0.0014983929255561702	0.001320850084094682
ordered	0.05	5	phi	0.0016813062912522984	0.0011356569752056923
ordered	0.05	5	phi	0.0018872672594733926	0.0010053350212546428
ordered	0.05	5	phi	0.0021159825568989763	0.0016242709162203775
ordered	0.05	5	phi	0.0023752319840376667	0.0008409109989085919
ordered	0.05	5	phi	0.0026650158537247022	0.0009988601767217172
ordered	0.05	5	phi	0.002989077753483762	0.0019537291878435883
ordered	0.05	5	phi	0.0033550511129892243	0.0014338003297575982
ordered	0.05	5	phi	0.0037630823722051253	0.001809604122648073
ordered	0.05	5	phi	0.004220512937761092	0.0031958600657198315
ordered	0.05	5	phi	0.004735268427364398	0.004310654844064305
ordered	0.05	5	phi	0.00531468965810924	0.008968660990446532
ordered	0.05	5	phi	0.005966703895880201	0.01621637853960656
ordered	0.05	5	phi	0.006691163505285742	0.012054944499066808
ordered	0.05	5	phi	0.00750693386647431	0.003825719193077874
ordered	0.05	5	phi	0.008425831166491782	0.0012826402630422586
ordered	0.05	5	phi	0.009451452182471384	0.0010021467655951565
ordered	0.05	5	phi	0.010602808117072449	0.000824734063851844
ordered	0.05	5	phi	0.011899055913815891	0.0006689550704098904
ordered	0.05	5	phi	0.013351719421174534	0.00036032147517965553
ordered	0.05	5	phi	0.014979662876172375	0.00020944023508672786
ordered	0.05	5	phi	0.016805933483363636	0.00014976436381568286
ordered	0.05	5	phi	0.0188570292540463	0.00011721987331398041
ordered	0.05	5	phi	0.021159887502757043	7.75575905660234e-5
ordered	0.05	5	phi	0.023741006069205848	5.215526336752219e-5
ordered	0.05	5	phi	0.026638552998525435	4.310600983856423e-5
ordered	0.05	5	phi	0.029886952690767608	3.48719402073606e-5
ordered	0.05	5	phi	0.0335317139880143	2.3444047780771027e-5
ordered	0.05	5	phi	0.03762641841208682	2.1883073507435623e-5
ordered	0.05	5	phi	0.042216867626638205	1.8987304006812677e-5
ordered	0.05	5	phi	0.047367581161098446	1.6980088211226667e-5
ordered	0.05	5	phi	0.05314755428959493	1.4993551155567454e-5
ordered	0.05	5	phi	0.05963268370222095	1.3835867910494232e-5
ordered	0.05	5	phi	0.06691097550584788	1.2453231664747275e-5
ordered	0.05	5	phi	0.07507374000353845	1.202925471799132e-5
ordered	0.05	5	phi	0.0842315912160045	1.0967709732439941e-5
ordered	0.05	5	phi	0.09451026390588896	1.0447370525756563e-5
ordered	0.05	5	phi	0.10604341934190899	9.604752749200783e-6
ordered	0.05	5	phi	0.11898329021012795	9.035388935202815e-6
ordered	0.05	5	phi	0.13350170578599946	8.585614715532425e-6
ordered	0.05	5	phi	0.14978906678461706	8.052095060973247e-6
ordered	0.05	5	phi	0.16806660120897057	7.330180583784919e-6
ordered	0.05	5	phi	0.18857454785745398	7.204979612007493e-6
ordered	0.05	5	phi	0.2115835334850689	6.495903755346482e-6
ordered	0.05	5	phi	0.23739860927755593	6.053362715193134e-6
ordered	0.05	5	phi	0.266366591568392	5.448262270034568e-6
ordered	0.05	5	phi	0.29886901401039945	4.728259506911728e-6
ordered	0.05	5	phi	0.33533636966402874	4.338683268858786e-6
ordered	0.05	5	phi	0.3762531725804453	3.894840230253358e-6
ordered	0.05	5	phi	0.4221605298354539	3.4360146850528168e-6
ordered	0.05	5	phi	0.47367243381911905	2.933634111631487e-6
d081	0.001	1	t1	7.629388473795709e-6	0.0
d081	0.001	1	t1	1.525877694759142e-5	0.0
d081	0.001	1	t1	2.2888165421387134e-5	0.0
d081	0.001	1	t1	3.0517553895182842e-5	0.0
d081	0.001	1	t1	3.814694236897854e-5	0.0
d081	0.001	1	t1	4.577633084277418e-5	0.0
d081	0.001	1	t1	5.340571931656997e-5	0.0
d081	0.001	1	t1	6.10351077903657e-5	0.0
d081	0.001	1	t1	6.86644962641613e-5	0.0
d081	0.001	1	t1	7.629388473795709e-5	0.0
d081	0.001	1	t1	8.392327321175269e-5	0.0
d081	0.001	1	t1	9.529103149571589e-5	0.0
d081	0.001	1	t1	0.00010681143863313985	0.0
d081	0.001	1	t1	0.00011819397800303034	0.0
d081	0.001	1	t1	0.00013345979153336977	0.0
d081	0.001	1	t1	0.0001487241608614854	0.0
d081	0.001	1	t1	0.00016773086992482195	0.0
d081	0.001	1	t1	0.00019063293236353633	0.0
d081	0.001	1	t1	0.00021353201256911329	0.0
d081	0.001	1	t1	0.00023642897778077072	0.0
d081	0.001	1	t1	0.0002630756059577625	0.0
d081	0.001	1	t1	0.00029735037055581985	0.0
d081	0.001	1	t1	0.00033551959004834276	0.0
d081	0.001	1	t1	0.0003774297929274283	0.0
d081	0.001	1	t1	0.0004232304713625064	0.0
d081	0.001	1	t1	0.00047277581579931876	0.0
d081	0.001	1	t1	0.000529954140682307	0.0
d081	0.001	1	t1	0.0005947660315265448	0.0
d081	0.001	1	t1	0.0006672115727191813	0.0
d081	0.001	1	t1	0.0007510328933877064	0.0
d081	0.001	1	t1	0.0008426357798242797	0.0
d081	0.001	1	t1	0.000945469465562411	0.0
d081	0.001	1	t1	0.0010637181906205887	0.0
d081	0.001	1	t1	0.0011933427345577946	0.0
d081	0.001	1	t1	0.001338234444659373	0.0
d081	0.001	1	t1	0.0014983929255561702	0.0
d081	0.001	1	t1	0.0016813062912522984	0.0
d081	0.001	1	t1	0.0018872672594733926	0.0
d081	0.001	1	t1	0.0021159825568989763	0.0
d081	0.001	1	t1	0.0023752319840376667	0.0
d081	0.001	1	t1	0.0026650158537247022	0.0
d081	0.001	1	t1	0.002989077753483762	0.0
d081	0.001	1	t1	0.0033550511129892243	0.0
d081	0.001	1	t1	0.0037630823722051253	0.0
d081	0.001	1	t1	0.004220512937761092	0.0
d081	0.001	1	t1	0.004735268427364398	0.0
d081	0.001	1	t1	0.00531468965810924	0.0
d081	0.001	1	t1	0.005966703895880201	0.0
d081	0.001	1	t1	0.006691163505285742	0.0
d081	0.001	1	t1	0.00750693386647431	0.0
d081	0.001	1	t1	0.008425831166491782	0.0
d081	0.001	1	t1	0.009451452182471384	0.0
d081	0.001	1	t1	0.010602808117072449	0.0
d081	0.001	1	t1	0.011899055913815891	0.0
d081	0.001	1	t1	0.013351719421174534	0.0
d081	0.001	1	t1	0.014979662876172375	0.0
d081	0.001	1	t1	0.016805933483363636	0.0
d081	0.001	1	t1	0.0188570292540463	0.0
d081	0.001	1	t1	0.021159887502757043	0.0
d081	0.001	1	t1	0.023741006069205848	0.0
d081	0.001	1	t1	0.026638552998525435	0.0
d081	0.001	1	t1	0.029886952690767608	0.0
d081	0.001	1	t1	0.0335317139880143	0.0
d081	0.001	1	t1	0.03762641841208682	0.0
d081	0.001	1	t1	0.042216867626638205	0.0
d081	0.001	1	t1	0.047367581161098446	0.0
d081	0.001	1	t1	0.05314755428959493	0.0
d081	0.001	1	t1	0.05963268370222095	0.0
d081	0.001	1	t1	0.06691097550584788	0.0
d081	0.001	1	t1	0.07507374000353845	0.0
d081	0.001	1	t1	0.0842315912160045	0.0
d081	0.001	1	t1	0.09451026390588896	0.0
d081	0.001	1	t1	0.10604341934190899	0.0
d081	0.001	1	t1	0.11898329021012795	0.0
d081	0.001	1	t1	0.13350170578599946	0.0
d081	0.001	1	t1	0.14978906678461706	0.0
d081	0.001	1	t1	0.16806660120897057	0.0
d081	0.001	1	t1	0.18857454785745398	0.0
d081	0.001	1	t1	0.2115835334850689	0.0
d081	0.001	1	t1	0.23739860927755593	0.0
d081	0.001	1	t1	0.266366591568392	0.0
d081	0.001	1	t1	0.29886901401039945	0.0
d081	0.001	1	t1	0.33533636966402874	0.0
d081	0.001	1	t1	0.3762531725804453	0.0
d081	0.001	1	t1	0.4221605298354539	0.0
d081	0.001	1	t1	0.47367243381911905	0.0
d081	0.001	1	phi	7.629388473795709e-6	1.2089377392163667e-7
d081	0.001	1	phi	1.525877694759142e-5	1.748895477763999e-7
d081	0.001	1	phi	2.2888165421387134e-5	1.6018056499787382e-7
d081	0.001	1	phi	3.0517553895182842e-5	3.1302576871163525e-7
d081	0.001	1	phi	3.814694236897854e-5	2.4675447325791924e-7
d081	0.001	1	phi	4.577633084277418e-5	2.0445569384177802e-7
d081	0.001	1	phi	5.340571931656997e-5	2.1343950807322722e-7
d081	0.001	1	phi	6.10351077903657e-5	1.0077462458809335e-7
d081	0.001	1	phi	6.86644962641613e-5	3.27032460177541e-7
d081	0.001	1	phi	7.629388473795709e-5	2.0911580649380095e-7
d081	0.001	1	phi	8.392327321175269e-5	2.5766882429114256e-7
d081	0.001	1	phi	9.529103149571589e-5	1.7679174538779706e-7
d081	0.001	1	phi	0.00010681143863313985	2.5854528338686434e-7
d081	0.001	1	phi	0.00011819397800303034	1.3119525740825975e-7
d081	0.001	1	phi	0.00013345979153336977	1.635380022776304e-7
d081	0.001	1	phi	0.0001487241608614854	2.760811051077414e-7
d081	0.001	1	phi	0.00016773086992482195	3.5342610443463067e-7
d081	0.001	1	phi	0.00019063293236353633	1.9125476937653456e-7
d081	0.001	1	phi	0.00021353201256911329	2.1146211391033927e-7
d081	0.001	1	phi	0.00023642897778077072	1.8418630114098536e-7
d081	0.001	1	phi	0.0002630756059577625	2.2936001988089918e-7
d081	0.001	1	phi	0.00029735037055581985	1.694000549235765e-7
d081	0.001	1	phi	0.00033551959004834276	1.8040582608727993e-7
d081	0.001	1	phi	0.0003774297929274283	1.1083580742688989e-7
d081	0.001	1	phi	0.0004232304713625064	1.5059619256289581e-7
d081	0.001	1	phi	0.00047277581579931876	1.1150306067031961e-7
d081	0.001	1	phi	0.000529954140682307	1.1389789225795216e-7
d081	0.001	1	phi	0.0005947660315265448	1.0652919895368471e-7
d081	0.001	1	phi	0.0006672115727191813	8.791928593547586e-8
d081	0.001	1	phi	0.0007510328933877064	6.364381143688554e-8
d081	0.001	1	phi	0.0008426357798242797	5.4625292612227376e-8
d081	0.001	1	phi	0.000945469465562411	6.535877724519131e-8
d081	0.001	1	phi	0.0010637181906205887	4.2686727915175265e-8
d081	0.001	1	phi	0.0011933427345577946	2.565542941772442e-8
d081	0.001	1	phi	0.001338234444659373	1.1815675438598392e-8
d081	0.001	1	phi	0.0014983929255561702	1.4726543549385709e-8
d081	0.001	1	phi	0.0016813062912522984	2.3076532001290847e-8
d081	0.001	1	phi	0.0018872672594733926	1.989828424726137e-8
d081	0.001	1	phi	0.0021159825568989763	1.814166310019841e-8
d081	0.001	1	phi	0.0023752319840376667	1.9360191253113734e-8
d081	0.001	1	phi	0.0026650158537247022	1.6248557433344686e-8
d081	0.001	1	phi	0.002989077753483762	1.143832298572385e-8
d081	0.001	1	phi	0.0033550511129892243	1.3543144486842216e-8
d081	0.001	1	phi	0.0037630823722051253	1.1744682312836213e-8
d081	0.001	1	phi	0.004220512937761092	1.1830929987695804e-8
d081	0.001	1	phi	0.004735268427364398	1.096667809914022e-8
d081	0.001	1	phi	0.00531468965810924	1.1414865074595915e-8
d081	0.001	1	phi	0.005966703895880201	1.050081846641893e-8
d081	0.001	1	phi	0.006691163505285742	8.960468821141953e-9
d081	0.001	1	phi	0.00750693386647431	8.360643617603815e-9
d081	0.001	1	phi	0.008425831166491782	9.25698694221637e-9
d081	0.001	1	phi	0.009451452182471384	7.718664036061839e-9
d081	0.001	1	phi	0.010602808117072449	7.993466995770658e-9
d081	0.001	1	phi	0.011899055913815891	7.928921962387066e-9
d081	0.001	1	phi	0.013351719421174534	7.438607395285816e-9
d081	0.001	1	phi	0.014979662876172375	7.099867388975289e-9
d081	0.001	1	phi	0.016805933483363636	6.432005180386423e-9
d081	0.001	1	phi	0.0188570292540463	6.250805183010626e-9
d081	0.001	1	phi	0.021159887502757043	5.383404726788989e-9
d081	0.001	1	phi	0.023741006069205848	4.8130366354255184e-9
d081	0.001	1	phi	0.026638552998525435	4.8537132431939194e-9
d081	0.001	1	phi	0.029886952690767608	3.9280221216679615e-9
d081	0.001	1	phi	0.0335317139880143	3.6263889350096137e-9
d081	0.001	1	phi	0.03762641841208682	3.18057856146501e-9
d081	0.001	1	phi	0.042216867626638205	2.8504373780819305e-9
d081	0.001	1	phi	0.047367581161098446	2.430137535733135e-9
d081	0.001	1	phi	0.05314755428959493	2.081982493811558e-9
d081	0.001	1	phi	0.05963268370222095	1.757075208991133e-9
d081	0.001	1	phi	0.06691097550584788	1.4564584939529068e-9
d081	0.001	1	phi	0.07507374000353845	1.2714384156917184e-9
d081	0.001	1	phi	0.0842315912160045	1.0331517364056045e-9
d081	0.001	1	phi	0.09451026390588896	8.413561365031908e-10
d081	0.001	1	phi	0.10604341934190899	7.118832013497254e-10
d081	0.001	1	phi	0.11898329021012795	5.731961777572445e-10
d081	0.001	1	phi	0.13350170578599946	4.652690666214985e-10
d081	0.001	1	phi	0.14978906678461706	3.804776384141518e-10
d081	0.001	1	phi	0.16806660120897057	3.1377344287926564e-10
d081	0.001	1	phi	0.18857454785745398	2.518909599236839e-10
d081	0.001	1	phi	0.2115835334850689	2.2632923642751101e-10
d081	0.001	1	phi	0.23739860927755593	1.8379509825827813e-10
d081	0.001	1	phi	0.266366591568392	1.488887747613103e-10
d081	0.001	1	phi	0.29886901401039945	1.2202442836723798e-10
d081	0.001	1	phi	0.33533636966402874	1.005028210017477e-10
d081	0.001	1	phi	0.3762531725804453	8.325239537829308e-11
d081	0.001	1	phi	0.4221605298354539	6.797136418163539e-11
d081	0.001	1	phi	0.47367243381911905	5.730743103991511e-11
d081	0.001	2	t1	7.629388473795709e-6	0.0
d081	0.001	2	t1	1.525877694759142e-5	0.0
d081	0.001	2	t1	2.2888165421387134e-5	0.0
d081	0.001	2	t1	3.0517553895182842e-5	0.0
d081	0.001	2	t1	3.814694236897854e-5	0.0
d081	0.001	2	t1	4.577633084277418e-5	0.0
d081	0.001	2	t1	5.340571931656997e-5	0.0
d081	0.001	2	t1	6.10351077903657e-5	0.0
d081	0.001	2	t1	6.86644962641613e-5	0.0
d081	0.001	2	t1	7.629388473795709e-5	0.0
d081	0.001	2	t1	8.392327321175269e-5	0.0
d081	0.001	2	t1	9.529103149571589e-5	0.0
d081	0.001	2	t1	0.00010681143863313985	0.0
d081	0.001	2	t1	0.00011819397800303034	0.0
d081	0.001	2	t1	0.00013345979153336977	0.0
d081	0.001	2	t1	0.0001487241608614854	0.0
d081	0.001	2	t1	0.00016773086992482195	0.0
d081	0.001	2	t1	0.00019063293236353633	0.0
d081	0.001	2	t1	0.00021353201256911329	0.0
d081	0.001	2	t1	0.00023642897778077072	0.0
d081	0.001	2	t1	0.0002630756059577625	0.0
d081	0.001	2	t1	0.00029735037055581985	0.0
d081	0.001	2	t1	0.00033551959004834276	0.0
d081	0.001	2	t1	0.0003774297929274283	0.0
d081	0.001	2	t1	0.0004232304713625064	0.0
d081	0.001	2	t1	0.00047277581579931876	0.0
d081	0.001	2	t1	0.000529954140682307	0.0
d081	0.001	2	t1	0.0005947660315265448	0.0
d081	0.001	2	t1	0.0006672115727191813	0.0
d081	0.001	2	t1	0.0007510328933877064	0.0
d081	0.001	2	t1	0.0008426357798242797	0.0
d081	0.001	2	t1	0.000945469465562411	0.0
d081	0.001	2	t1	0.0010637181906205887	0.0
d081	0.001	2	t1	0.0011933427345577946	0.0
d081	0.001	2	t1	0.001338234444659373	0.0
d081	0.001	2	t1	0.0014983929255561702	0.0
d081	0.001	2	t1	0.0016813062912522984	0.0
d081	0.001	2	t1	0.0018872672594733926	0.0
d081	0.001	2	t1	0.0021159825568989763	0.0
d081	0.001	2	t1	0.0023752319840376667	0.0
d081	0.001	2	t1	0.0026650158537247022	0.0
d081	0.001	2	t1	0.002989077753483762	0.0
d081	0.001	2	t1	0.0033550511129892243	0.0
d081	0.001	2	t1	0.0037630823722051253	0.0
d081	0.001	2	t1	0.004220512937761092	0.0
d081	0.001	2	t1	0.004735268427364398	0.0
d081	0.001	2	t1	0.00531468965810924	0.0
d081	0.001	2	t1	0.005966703895880201	0.0
d081	0.001	2	t1	0.006691163505285742	0.0
d081	0.001	2	t1	0.00750693386647431	0.0
d081	0.001	2	t1	0.008425831166491782	0.0
d081	0.001	2	t1	0.009451452182471384	0.0
d081	0.001	2	t1	0.010602808117072449	0.0
d081	0.001	2	t1	0.011899055913815891	0.0
d081	0.001	2	t1	0.013351719421174534	0.0
d081	0.001	2	t1	0.014979662876172375	0.0
d081	0.001	2	t1	0.016805933483363636	0.0
d081	0.001	2	t1	0.0188570292540463	0.0
d081	0.001	2	t1	0.021159887502757043	0.0
d081	0.001	2	t1	0.023741006069205848	0.0
d081	0.001	2	t1	0.026638552998525435	0.0
d081	0.001	2	t1	0.029886952690767608	0.0
d081	0.001	2	t1	0.0335317139880143	0.0
d081	0.001	2	t1	0.03762641841208682	0.0
d081	0.001	2	t1	0.042216867626638205	0.0
d081	0.001	2	t1	0.047367581161098446	0.0
d081	0.001	2	t1	0.05314755428959493	0.0
d081	0.001	2	t1	0.05963268370222095	0.0
d081	0.001	2	t1	0.06691097550584788	0.0
d081	0.001	2	t1	0.07507374000353845	0.0
d081	0.001	2	t1	0.0842315912160045	0.0
d081	0.001	2	t1	0.09451026390588896	0.0
d081	0.001	2	t1	0.10604341934190899	0.0
d081	0.001	2	t1	0.11898329021012795	0.0
d081	0.001	2	t1	0.13350170578599946	0.0
d081	0.001	2	t1	0.14978906678461706	0.0
d081	0.001	2	t1	0.16806660120897057	0.0
d081	0.001	2	t1	0.18857454785745398	0.0
d081	0.001	2	t1	0.2115835334850689	0.0
d081	0.001	2	t1	0.23739860927755593	0.0
d081	0.001	2	t1	0.266366591568392	0.0
d081	0.001	2	t1	0.29886901401039945	0.0
d081	0.001	2	t1	0.33533636966402874	0.0
d081	0.001	2	t1	0.3762531725804453	0.0
d081	0.001	2	t1	0.4221605298354539	0.0
d081	0.001	2	t1	0.47367243381911905	0.0
d081	0.001	2	phi	7.629388473795709e-6	5.496464962327688e-7
d081	0.001	2	phi	1.525877694759142e-5	5.367667956476537e-7
d081	0.001	2	phi	2.2888165421387134e-5	5.158984217444667e-7
d081	0.001	2	phi	3.0517553895182842e-5	4.879055453486691e-7
d081	0.001	2	phi	3.814694236897854e-5	4.539348883919068e-7
d081	0.001	2	phi	4.577633084277418e-5	4.1535697247049404e-7
d081	0.001	2	phi	5.340571931656997e-5	3.7369651794154714e-7
d081	0.001	2	phi	6.10351077903657e-5	3.305559415981133e-7
d081	0.001	2	phi	6.86644962641613e-5	2.8753625776635594e-7
d081	0.001	2	phi	7.629388473795709e-5	2.461597852338496e-7
d081	0.001	2	phi	8.392327321175269e-5	2.077988968612297e-7
d081	0.001	2	phi	9.529103149571589e-5	1.590614963666527e-7
d081	0.001	2	phi	0.00010681143863313985	1.2108884292292891e-7
d081	0.001	2	phi	0.00011819397800303034	9.792945031246109e-8
d081	0.001	2	phi	0.00013345979153336977	8.610951340566874e-8
d081	0.001	2	phi	0.0001487241608614854	9.308451700363209e-8
d081	0.001	2	phi	0.00016773086992482195	1.1730884414494222e-7
d081	0.001	2	phi	0.00019063293236353633	1.4786114529683957e-7
d081	0.001	2	phi	0.00021353201256911329	1.6197595301671237e-7
d081	0.001	2	phi	0.00023642897778077072	1.534542118265457e-7
d081	0.001	2	phi	0.0002630756059577625	1.2586329287108955e-7
d081	0.001	2	phi	0.00029735037055581985	9.812239910700847e-8
d081	0.001	2	phi	0.00033551959004834276	1.0174068098957987e-7
d081	0.001	2	phi	0.0003774297929274283	1.1963657878302434e-7
d081	0.001	2	phi	0.0004232304713625064	1.0809327914411059e-7
d081	0.001	2	phi	0.00047277581579931876	8.176708518096025e-8
d081	0.001	2	phi	0.000529954140682307	8.434684209381975e-8
d081	0.001	2	phi	0.0005947660315265448	7.76625970846075e-8
d081	0.001	2	phi	0.0006672115727191813	5.6518496714225715e-8
d081	0.001	2	phi	0.0007510328933877064	5.317478906340765e-8
d081	0.001	2	phi	0.0008426357798242797	3.526691728377215e-8
d081	0.001	2	phi	0.000945469465562411	2.7956108589382744e-8
d081	0.001	2	phi	0.0010637181906205887	1.9222035183939984e-8
d081	0.001	2	phi	0.0011933427345577946	1.3340874721021526e-8
d081	0.001	2	phi	0.001338234444659373	1.216258054915732e-8
d081	0.001	2	phi	0.0014983929255561702	1.4159176765751187e-8
d081	0.001	2	phi	0.0016813062912522984	1.74747743579706e-8
d081	0.001	2	phi	0.0018872672594733926	1.878652962110848e-8
d081	0.001	2	phi	0.0021159825568989763	1.6727138175444226e-8
d081	0.001	2	phi	0.0023752319840376667	1.1949931662287447e-8
d081	0.001	2	phi	0.0026650158537247022	7.75076602495753e-9
d081	0.001	2	phi	0.002989077753483762	6.929923787379156e-9
d081	0.001	2	phi	0.0033550511129892243	7.005059708751314e-9
d081	0.001	2	phi	0.0037630823722051253	4.977213771585114e-9
d081	0.001	2	phi	0.004220512937761092	3.508766325930449e-9
d081	0.001	2	phi	0.004735268427364398	3.908636045934016e-9
d081	0.001	2	phi	0.00531468965810924	2.495215600027308e-9
d081	0.001	2	phi	0.005966703895880201	2.4022757913831702e-9
d081	0.001	2	phi	0.006691163505285742	2.133770534320873e-9
d081	0.001	2	phi	0.00750693386647431	1.953967529117222e-9
d081	0.001	2	phi	0.008425831166491782	1.6598377596870903e-9
d081	0.001	2	phi	0.009451452182471384	8.97629949931295e-10
d081	0.001	2	phi	0.010602808117072449	3.909759512203775e-10
d081	0.001	2	phi	0.011899055913815891	2.248446475615628e-10
d081	0.001	2	phi	0.013351719421174534	2.51435577884015e-10
d081	0.001	2	phi	0.014979662876172375	3.5530252616159095e-10
d081	0.001	2	phi	0.016805933483363636	2.0086880245158813e-10
d081	0.001	2	phi	0.0188570292540463	1.9867648813119474e-10
d081	0.001	2	phi	0.021159887502757043	1.5420141853354077e-10
d081	0.001	2	phi	0.023741006069205848	1.0014356575814744e-10
d081	0.001	2	phi	0.026638552998525435	8.222565175696771e-11
d081	0.001	2	phi	0.029886952690767608	5.718442192274413e-11
d081	0.001	2	phi	0.0335317139880143	9.482911728240287e-11
d081	0.001	2	phi	0.03762641841208682	6.231460558917893e-11
d081	0.001	2	phi	0.042216867626638205	2.2027539353647582e-11
d081	0.001	2	phi	0.047367581161098446	3.4147345774358195e-11
d081	0.001	2	phi	0.05314755428959493	1.9737659445633558e-11
d081	0.001	2	phi	0.05963268370222095	2.143523126247079e-11
d081	0.001	2	phi	0.06691097550584788	1.1959148049752782e-11
d081	0.001	2	phi	0.07507374000353845	1.2195084174908841e-11
d081	0.001	2	phi	0.0842315912160045	1.0152498298024384e-11
d081	0.001	2	phi	0.09451026390588896	8.543349901908594e-12
d081	0.001	2	phi	0.10604341934190899	6.6464572556069924e-12
d081	0.001	2	phi	0.11898329021012795	4.856723836114731e-12
d081	0.001	2	phi	0.13350170578599946	3.6207852055658245e-12
d081	0.001	2	phi	0.14978906678461706	3.6151690559945836e-12
d081	0.001	2	phi	0.16806660120897057	2.6449606666792368e-12
d081	0.001	2	phi	0.18857454785745398	1.9671647414384866e-12
d081	0.001	2	phi	0.2115835334850689	1.5205324033480797e-12
d081	0.001	2	phi	0.23739860927755593	1.1966037975550966e-12
d081	0.001	2	phi	0.266366591568392	9.278057108120691e-13
d081	0.001	2	phi	0.29886901401039945	7.004920965373154e-13
d081	0.001	2	phi	0.33533636966402874	6.284070226884053e-13
d081	0.001	2	phi	0.3762531725804453	4.864464019733175e-13
d081	0.001	2	phi	0.4221605298354539	4.3034160858500443e-13
d081	0.001	2	phi	0.47367243381911905	3.372672602931397e-13
d081	0.001	3	t1	7.629388473795709e-6	0.0
d081	0.001	3	t1	1.525877694759142e-5	0.0
d081	0.001	3	t1	2.2888165421387134e-5	0.0
d081	0.001	3	t1	3.0517553895182842e-5	0.0
d081	0.001	3	t1	3.814694236897854e-5	0.0
d081	0.001	3	t1	4.577633084277418e-5	0.0
d081	0.001	3	t1	5.340571931656997e-5	0.0
d081	0.001	3	t1	6.10351077903657e-5	0.0
d081	0.001	3	t1	6.86644962641613e-5	0.0
d081	0.001	3	t1	7.629388473795709e-5	0.0
d081	0.001	3	t1	8.392327321175269e-5	0.0
d081	0.001	3	t1	9.529103149571589e-5	0.0
d081	0.001	3	t1	0.00010681143863313985	0.0
d081	0.001	3	t1	0.00011819397800303034	0.0
d081	0.001	3	t1	0.00013345979153336977	0.0
d081	0.001	3	t1	0.0001487241608614854	0.0
d081	0.001	3	t1	0.00016773086992482195	0.0
d081	0.001	3	t1	0.00019063293236353633	0.0
d081	0.001	3	t1	0.00021353201256911329	0.0
d081	0.001	3	t1	0.00023642897778077072	0.0
d081	0.001	3	t1	0.0002630756059577625	0.0
d081	0.001	3	t1	0.00029735037055581985	0.0
d081	0.001	3	t1	0.00033551959004834276	0.0
d081	0.001	3	t1	0.0003774297929274283	0.0
d081	0.001	3	t1	0.0004232304713625064	0.0
d081	0.001	3	t1	0.00047277581579931876	0.0
d081	0.001	3	t1	0.000529954140682307	0.0
d081	0.001	3	t1	0.0005947660315265448	0.0
d081	0.001	3	t1	0.0006672115727191813	0.0
d081	0.001	3	t1	0.0007510328933877064	0.0
d081	0.001	3	t1	0.0008426357798242797	0.0
d081	0.001	3	t1	0.000945469465562411	0.0
d081	0.001	3	t1	0.0010637181906205887	0.0
d081	0.001	3	t1	0.0011933427345577946	0.0
d081	0.001	3	t1	0.001338234444659373	0.0
d081	0.001	3	t1	0.0014983929255561702	0.0
d081	0.001	3	t1	0.0016813062912522984	0.0
d081	0.001	3	t1	0.0018872672594733926	0.0
d081	0.001	3	t1	0.0021159825568989763	0.0
d081	0.001	3	t1	0.0023752319840376667	0.0
d081	0.001	3	t1	0.0026650158537247022	0.0
d081	0.001	3	t1	0.002989077753483762	0.0
d081	0.001	3	t1	0.0033550511129892243	0.0
d081	0.001	3	t1	0.0037630823722051253	0.0
d081	0.001	3	t1	0.004220512937761092	0.0
d081	0.001	3	t1	0.004735268427364398	0.0
d081	0.001	3	t1	0.00531468965810924	0.0
d081	0.001	3	t1	0.005966703895880201	0.0
d081	0.001	3	t1	0.006691163505285742	0.0
d081	0.001	3	t1	0.00750693386647431	0.0
d081	0.001	3	t1	0.008425831166491782	0.0
d081	0.001	3	t1	0.009451452182471384	0.0
d081	0.001	3	t1	0.010602808117072449	0.0
d081	0.001	3	t1	0.011899055913815891	0.0
d081	0.001	3	t1	0.013351719421174534	0.0
d081	0.001	3	t1	0.014979662876172375	0.0
d081	0.001	3	t1	0.016805933483363636	0.0
d081	0.001	3	t1	0.0188570292540463	0.0
d081	0.001	3	t1	0.021159887502757043	0.0
d081	0.001	3	t1	0.023741006069205848	0.0
d081	0.001	3	t1	0.026638552998525435	0.0
d081	0.001	3	t1	0.029886952690767608	0.0
d081	0.001	3	t1	0.0335317139880143	0.0
d081	0.001	3	t1	0.03762641841208682	0.0
d081	0.001	3	t1	0.042216867626638205	0.0
d081	0.001	3	t1	0.047367581161098446	0.0
d081	0.001	3	t1	0.05314755428959493	0.0
d081	0.001	3	t1	0.05963268370222095	0.0
d081	0.001	3	t1	0.06691097550584788	0.0
d081	0.001	3	t1	0.07507374000353845	0.0
d081	0.001	3	t1	0.0842315912160045	0.0
d081	0.001	3	t1	0.09451026390588896	0.0
d081	0.001	3	t1	0.10604341934190899	0.0
d081	0.001	3	t1	0.11898329021012795	0.0
d081	0.001	3	t1	0.13350170578599946	0.0
d081	0.001	3	t1	0.14978906678461706	0.0
d081	0.001	3	t1	0.16806660120897057	0.0
d081	0.001	3	t1	0.18857454785745398	0.0
d081	0.001	3	t1	0.2115835334850689	0.0
d081	0.001	3	t1	0.23739860927755593	0.0
d081	0.001	3	t1	0.266366591568392	0.0
d081	0.001	3	t1	0.29886901401039945	0.0
d081	0.001	3	t1	0.33533636966402874	0.0
d081	0.001	3	t1	0.3762531725804453	0.0
d081	0.001	3	t1	0.4221605298354539	0.0
d081	0.001	3	t1	0.47367243381911905	0.0
d081	0.001	3	phi	7.629388473795709e-6	3.787948158940139e-6
d081	0.001	3	phi	1.525877694759142e-5	3.329446585963813e-6
d081	0.001	3	phi	2.2888165421387134e-5	2.6641057717071454e-6
d081	0.001	3	phi	3.0517553895182842e-5	1.913145462671802e-6
d081	0.001	3	phi	3.814694236897854e-5	1.200653548021454e-6
d081	0.001	3	phi	4.577633084277418e-5	6.247700874845089e-7
d081	0.001	3	phi	5.340571931656997e-5	2.3832358439023714e-7
d081	0.001	3	phi	6.10351077903657e-5	4.356282217580261e-8
d081	0.001	3	phi	6.86644962641613e-5	9.950129262886398e-10
d081	0.001	3	phi	7.629388473795709e-5	4.805724609891017e-8
d081	0.001	3	phi	8.392327321175269e-5	1.2080918635456473e-7
d081	0.001	3	phi	9.529103149571589e-5	1.753569099683384e-7
d081	0.001	3	phi	0.00010681143863313985	1.454914841809903e-7
d081	0.001	3	phi	0.00011819397800303034	6.457903789132723e-8
d081	0.001	3	phi	0.00013345979153336977	3.7905393549818055e-9
d081	0.001	3	phi	0.0001487241608614854	2.7314803356146944e-8
d081	0.001	3	phi	0.00016773086992482195	5.5129723669295536e-8
d081	0.001	3	phi	0.00019063293236353633	1.5235193001704696e-8
d081	0.001	3	phi	0.00021353201256911329	9.40557997512372e-9
d081	0.001	3	phi	0.00023642897778077072	2.5741910109492085e-8
d081	0.001	3	phi	0.0002630756059577625	5.297216358559647e-9
d081	0.001	3	phi	0.00029735037055581985	1.1552267172472735e-8
d081	0.001	3	phi	0.00033551959004834276	3.0052368002382666e-9
d081	0.001	3	phi	0.0003774297929274283	6.0618782078528085e-9
d081	0.001	3	phi	0.0004232304713625064	3.190883158611482e-9
d081	0.001	3	phi	0.00047277581579931876	2.0011421958462723e-9
d081	0.001	3	phi	0.000529954140682307	1.8430811544304128e-9
d081	0.001	3	phi	0.0005947660315265448	1.4143005165824946e-9
d081	0.001	3	phi	0.0006672115727191813	1.0642483244266853e-9
d081	0.001	3	phi	0.0007510328933877064	7.940493569203555e-10
d081	0.001	3	phi	0.0008426357798242797	8.595475026046008e-10
d081	0.001	3	phi	0.000945469465562411	6.067581709125588e-10
d081	0.001	3	phi	0.0010637181906205887	6.675498625393796e-10
d081	0.001	3	phi	0.0011933427345577946	6.078259723410697e-10
d081	0.001	3	phi	0.001338234444659373	5.341067296285506e-10
d081	0.001	3	phi	0.0014983929255561702	3.968170600029658e-10
d081	0.001	3	phi	0.0016813062912522984	2.360325915628671e-10
d081	0.001	3	phi	0.0018872672594733926	1.3428391208007903e-10
d081	0.001	3	phi	0.0021159825568989763	1.084640699648384e-10
d081	0.001	3	phi	0.0023752319840376667	1.271156875091227e-10
d081	0.001	3	phi	0.0026650158537247022	1.3470812702906734e-10
d081	0.001	3	phi	0.002989077753483762	7.58188583317542e-11
d081	0.001	3	phi	0.0033550511129892243	4.2184121782169254e-11
d081	0.001	3	phi	0.0037630823722051253	5.3791055328156874e-11
d081	0.001	3	phi	0.004220512937761092	4.4930673443822234e-11
d081	0.001	3	phi	0.004735268427364398	2.2773027327090707e-11
d081	0.001	3	phi	0.00531468965810924	2.977678781106326e-11
d081	0.001	3	phi	0.005966703895880201	1.5845696874456368e-11
d081	0.001	3	phi	0.006691163505285742	1.7867302816608048e-11
d081	0.001	3	phi	0.00750693386647431	1.1161551924588746e-11
d081	0.001	3	phi	0.008425831166491782	9.16663771862267e-12
d081	0.001	3	phi	0.009451452182471384	8.227857363457963e-12
d081	0.001	3	phi	0.010602808117072449	6.272591069090848e-12
d081	0.001	3	phi	0.011899055913815891	4.790180763752841e-12
d081	0.001	3	phi	0.013351719421174534	3.69883395123377e-12
d081	0.001	3	phi	0.014979662876172375	3.092030259902959e-12
d081	0.001	3	phi	0.016805933483363636	2.5501485569829557e-12
d081	0.001	3	phi	0.0188570292540463	1.8806080512210245e-12
d081	0.001	3	phi	0.021159887502757043	1.4986357813734882e-12
d081	0.001	3	phi	0.023741006069205848	1.219951539760958e-12
d081	0.001	3	phi	0.026638552998525435	1.0113149924410504e-12
d081	0.001	3	phi	0.029886952690767608	7.386280001885348e-13
d081	0.001	3	phi	0.0335317139880143	6.149645934463898e-13
d081	0.001	3	phi	0.03762641841208682	4.87698750851067e-13
d081	0.001	3	phi	0.042216867626638205	3.883804108625585e-13
d081	0.001	3	phi	0.047367581161098446	3.054111558523281e-13
d081	0.001	3	phi	0.05314755428959493	2.48023475389603e-13
d081	0.001	3	phi	0.05963268370222095	1.922965741865875e-13
d081	0.001	3	phi	0.06691097550584788	1.5388519599024962e-13
d081	0.001	3	phi	0.07507374000353845	1.203949976799922e-13
d081	0.001	3	phi	0.0842315912160045	9.751064490131446e-14
d081	0.001	3	phi	0.09451026390588896	7.761560724180716e-14
d081	0.001	3	phi	0.10604341934190899	6.133354911800688e-14
d081	0.001	3	phi	0.11898329021012795	4.836912092245096e-14
d081	0.001	3	phi	0.13350170578599946	3.8933732167696116e-14
d081	0.001	3	phi	0.14978906678461706	3.081272465783236e-14
d081	0.001	3	phi	0.16806660120897057	2.4403694152948937e-14
d081	0.001	3	phi	0.18857454785745398	1.9535529613049635e-14
d081	0.001	3	phi	0.2115835334850689	1.560304214460453e-14
d081	0.001	3	phi	0.23739860927755593	1.2319102176564784e-14
d081	0.001	3	phi	0.266366591568392	9.883005790896611e-15
d081	0.001	3	phi	0.29886901401039945	7.893384249205336e-15
d081	0.001	3	phi	0.33533636966402874	6.305175001217187e-15
d081	0.001	3	phi	0.3762531725804453	5.059158854505636e-15
d081	0.001	3	phi	0.4221605298354539	4.042482480571934e-15
d081	0.001	3	phi	0.47367243381911905	3.2612666836448474e-15
d081	0.001	4	t1	7.629388473795709e-6	0.0
d081	0.001	4	t1	1.525877694759142e-5	0.0
d081	0.001	4	t1	2.2888165421387134e-5	0.0
d081	0.001	4	t1	3.0517553895182842e-5	0.0
d081	0.001	4	t1	3.814694236897854e-5	0.0
d081	0.001	4	t1	4.577633084277418e-5	0.0
d081	0.001	4	t1	5.340571931656997e-5	0.0
d081	0.001	4	t1	6.10351077903657e-5	0.0
d081	0.001	4	t1	6.86644962641613e-5	0.0
d081	0.001	4	t1	7.629388473795709e-5	0.0
d081	0.001	4	t1	8.392327321175269e-5	0.0
d081	0.001	4	t1	9.529103149571589e-5	0.0
d081	0.001	4	t1	0.00010681143863313985	0.0
d081	0.001	4	t1	0.00011819397800303034	0.0
d081	0.001	4	t1	0.00013345979153336977	0.0
d081	0.001	4	t1	0.0001487241608614854	0.0
d081	0.001	4	t1	0.00016773086992482195	0.0
d081	0.001	4	t1	0.00019063293236353633	0.0
d081	0.001	4	t1	0.00021353201256911329	0.0
d081	0.001	4	t1	0.00023642897778077072	0.0
d081	0.001	4	t1	0.0002630756059577625	0.0
d081	0.001	4	t1	0.00029735037055581985	0.0
d081	0.001	4	t1	0.00033551959004834276	0.0
d081	0.001	4	t1	0.0003774297929274283	0.0
d081	0.001	4	t1	0.0004232304713625064	0.0
d081	0.001	4	t1	0.00047277581579931876	0.0
d081	0.001	4	t1	0.000529954140682307	0.0
d081	0.001	4	t1	0.0005947660315265448	0.0
d081	0.001	4	t1	0.0006672115727191813	0.0
d081	0.001	4	t1	0.0007510328933877064	0.0
d081	0.001	4	t1	0.0008426357798242797	0.0
d081	0.001	4	t1	0.000945469465562411	0.0
d081	0.001	4	t1	0.0010637181906205887	0.0
d081	0.001	4	t1	0.0011933427345577946	0.0
d081	0.001	4	t1	0.001338234444659373	0.0
d081	0.001	4	t1	0.0014983929255561702	0.0
d081	0.001	4	t1	0.0016813062912522984	0.0
d081	0.001	4	t1	0.0018872672594733926	0.0
d081	0.001	4	t1	0.0021159825568989763	0.0
d081	0.001	4	t1	0.0023752319840376667	0.0
d081	0.001	4	t1	0.0026650158537247022	0.0
d081	0.001	4	t1	0.002989077753483762	0.0
d081	0.001	4	t1	0.0033550511129892243	0.0
d081	0.001	4	t1	0.0037630823722051253	0.0
d081	0.001	4	t1	0.004220512937761092	0.0
d081	0.001	4	t1	0.004735268427364398	0.0
d081	0.001	4	t1	0.00531468965810924	0.0
d081	0.001	4	t1	0.005966703895880201	0.0
d081	0.001	4	t1	0.006691163505285742	0.0
d081	0.001	4	t1	0.00750693386647431	0.0
d081	0.001	4	t1	0.008425831166491782	0.0
d081	0.001	4	t1	0.009451452182471384	0.0
d081	0.001	4	t1	0.010602808117072449	0.0
d081	0.001	4	t1	0.011899055913815891	0.0
d081	0.001	4	t1	0.013351719421174534	0.0
d081	0.001	4	t1	0.014979662876172375	0.0
d081	0.001	4	t1	0.016805933483363636	0.0
d081	0.001	4	t1	0.0188570292540463	0.0
d081	0.001	4	t1	0.021159887502757043	0.0
d081	0.001	4	t1	0.023741006069205848	0.0
d081	0.001	4	t1	0.026638552998525435	0.0
d081	0.001	4	t1	0.029886952690767608	0.0
d081	0.001	4	t1	0.0335317139880143	0.0
d081	0.001	4	t1	0.03762641841208682	0.0
d081	0.001	4	t1	0.042216867626638205	0.0
d081	0.001	4	t1	0.047367581161098446	0.0
d081	0.001	4	t1	0.05314755428959493	0.0
d081	0.001	4	t1	0.05963268370222095	0.0
d081	0.001	4	t1	0.06691097550584788	0.0
d081	0.001	4	t1	0.07507374000353845	0.0
d081	0.001	4	t1	0.0842315912160045	0.0
d081	0.001	4	t1	0.09451026390588896	0.0
d081	0.001	4	t1	0.10604341934190899	0.0
d081	0.001	4	t1	0.11898329021012795	0.0
d081	0.001	4	t1	0.13350170578599946	0.0
d081	0.001	4	t1	0.14978906678461706	0.0
d081	0.001	4	t1	0.16806660120897057	0.0
d081	0.001	4	t1	0.18857454785745398	0.0
d081	0.001	4	t1	0.2115835334850689	0.0
d081	0.001	4	t1	0.23739860927755593	0.0
d081	0.001	4	t1	0.266366591568392	0.0
d081	0.001	4	t1	0.29886901401039945	0.0
d081	0.001	4	t1	0.33533636966402874	0.0
d081	0.001	4	t1	0.3762531725804453	0.0
d081	0.001	4	t1	0.4221605298354539	0.0
d081	0.001	4	t1	0.47367243381911905	0.0
d081	0.001	4	phi	7.629388473795709e-6	3.883555218378288e-7
d081	0.001	4	phi	1.525877694759142e-5	3.8735881730047725e-7
d081	0.001	4	phi	2.2888165421387134e-5	3.857022853121212e-7
d081	0.001	4	phi	3.0517553895182842e-5	3.8339286237788993e-7
d081	0.001	4	phi	3.814694236897854e-5	3.804402060593494e-7
d081	0.001	4	phi	4.577633084277418e-5	3.7685664184205403e-7
d081	0.001	4	phi	5.340571931656997e-5	3.726570953869552e-7
d081	0.001	4	phi	6.10351077903657e-5	3.678590106051347e-7
d081	0.001	4	phi	6.86644962641613e-5	3.62482254070078e-7
d081	0.001	4	phi	7.629388473795709e-5	3.5654900635673385e-7
d081	0.001	4	phi	8.392327321175269e-5	3.500836410009042e-7
d081	0.001	4	phi	9.529103149571589e-5	3.393884006671824e-7
d081	0.001	4	phi	0.00010681143863313985	3.277686081272545e-7
d081	0.001	4	phi	0.00011819397800303034	3.151107715370738e-7
d081	0.001	4	phi	0.00013345979153336977	2.970456656220841e-7
d081	0.001	4	phi	0.0001487241608614854	2.778041066258627e-7
d081	0.001	4	phi	0.00016773086992482195	2.5252259417752813e-7
d081	0.001	4	phi	0.00019063293236353633	2.2125383610662093e-7
d081	0.001	4	phi	0.00021353201256911329	1.8986112256348991e-7
d081	0.001	4	phi	0.00023642897778077072	1.5930130234104505e-7
d081	0.001	4	phi	0.0002630756059577625	1.2592989355552272e-7
d081	0.001	4	phi	0.00029735037055581985	8.828333762541681e-8
d081	0.001	4	phi	0.00033551959004834276	5.502773201821784e-8
d081	0.001	4	phi	0.0003774297929274283	3.03407768159587e-8
d081	0.001	4	phi	0.0004232304713625064	1.656697916881197e-8
d081	0.001	4	phi	0.00047277581579931876	1.4323590095664561e-8
d081	0.001	4	phi	0.000529954140682307	2.109191359893282e-8
d081	0.001	4	phi	0.0005947660315265448	3.098382977279224e-8
d081	0.001	4	phi	0.0006672115727191813	3.535335444996178e-8
d081	0.001	4	phi	0.0007510328933877064	2.8882815203576797e-8
d081	0.001	4	phi	0.0008426357798242797	1.7240166775460944e-8
d081	0.001	4	phi	0.000945469465562411	1.3348633326236895e-8
d081	0.001	4	phi	0.0010637181906205887	2.119551385896842e-8
d081	0.001	4	phi	0.0011933427345577946	2.440879341546068e-8
d081	0.001	4	phi	0.001338234444659373	1.3154901569267669e-8
d081	0.001	4	phi	0.0014983929255561702	7.632703566801054e-9
d081	0.001	4	phi	0.0016813062912522984	1.2133474345617437e-8
d081	0.001	4	phi	0.0018872672594733926	6.7480916008903e-9
d081	0.001	4	phi	0.0021159825568989763	5.69876780427467e-9
d081	0.001	4	phi	0.0023752319840376667	3.0240501913241267e-9
d081	0.001	4	phi	0.0026650158537247022	3.770268204771361e-9
d081	0.001	4	phi	0.002989077753483762	1.9451926447020103e-9
d081	0.001	4	phi	0.0033550511129892243	2.298671637517099e-9
d081	0.001	4	phi	0.0037630823722051253	2.163471652442715e-9
d081	0.001	4	phi	0.004220512937761092	1.976727023400002e-9
d081	0.001	4	phi	0.004735268427364398	9.931071249846724e-10
d081	0.001	4	phi	0.00531468965810924	4.6155934313023705e-10
d081	0.001	4	phi	0.005966703895880201	3.2001290801338545e-10
d081	0.001	4	phi	0.006691163505285742	4.929065238671401e-10
d081	0.001	4	phi	0.00750693386647431	4.4396384222826077e-10
d081	0.001	4	phi	0.008425831166491782	2.5409881666155214e-10
d081	0.001	4	phi	0.009451452182471384	2.352838557607554e-10
d081	0.001	4	phi	0.010602808117072449	1.7245818441543327e-10
d081	0.001	4	phi	0.011899055913815891	1.8088832088705695e-10
d081	0.001	4	phi	0.013351719421174534	2.1589652368338727e-10
d081	0.001	4	phi	0.014979662876172375	1.3214664927717124e-10
d081	0.001	4	phi	0.016805933483363636	7.847109005925786e-11
d081	0.001	4	phi	0.0188570292540463	5.982517050296354e-11
d081	0.001	4	phi	0.021159887502757043	3.98774009658392e-11
d081	0.001	4	phi	0.023741006069205848	2.3592696144016544e-11
d081	0.001	4	phi	0.026638552998525435	2.173299255782194e-11
d081	0.001	4	phi	0.029886952690767608	2.0883822720486417e-11
d081	0.001	4	phi	0.0335317139880143	2.5231463082293964e-11
d081	0.001	4	phi	0.03762641841208682	2.137864673113407e-11
d081	0.001	4	phi	0.042216867626638205	1.0529708923038755e-11
d081	0.001	4	phi	0.047367581161098446	7.393413890806939e-12
d081	0.001	4	phi	0.05314755428959493	7.540018927523868e-12
d081	0.001	4	phi	0.05963268370222095	7.035328418157955e-12
d081	0.001	4	phi	0.06691097550584788	5.591520813735275e-12
d081	0.001	4	phi	0.07507374000353845	2.6430354169319374e-12
d081	0.001	4	phi	0.0842315912160045	3.9822632137189745e-12
d081	0.001	4	phi	0.09451026390588896	2.0228023548353065e-12
d081	0.001	4	phi	0.10604341934190899	1.997690201854779e-12
d081	0.001	4	phi	0.11898329021012795	1.4825702920731466e-12
d081	0.001	4	phi	0.13350170578599946	1.4040109197137197e-12
d081	0.001	4	phi	0.14978906678461706	8.252612041384385e-13
d081	0.001	4	phi	0.16806660120897057	7.74590200599587e-13
d081	0.001	4	phi	0.18857454785745398	6.39254269680585e-13
d081	0.001	4	phi	0.2115835334850689	5.000443341511705e-13
d081	0.001	4	phi	0.23739860927755593	3.8523288303498095e-13
d081	0.001	4	phi	0.266366591568392	3.140925138228534e-13
d081	0.001	4	phi	0.29886901401039945	2.5548949859741714e-13
d081	0.001	4	phi	0.33533636966402874	1.975025075694961e-13
d081	0.001	4	phi	0.3762531725804453	1.5220010415149106e-13
d081	0.001	4	phi	0.4221605298354539	1.284516193375548e-13
d081	0.001	4	phi	0.47367243381911905	1.04906955703314e-13
d081	0.001	5	t1	7.629388473795709e-6	0.0
d081	0.001	5	t1	1.525877694759142e-5	0.0
d081	0.001	5	t1	2.2888165421387134e-5	0.0
d081	0.001	5	t1	3.0517553895182842e-5	0.0
d081	0.001	5	t1	3.814694236897854e-5	0.0
d081	0.001	5	t1	4.577633084277418e-5	0.0
d081	0.001	5	t1	5.340571931656997e-5	0.0
d081	0.001	5	t1	6.10351077903657e-5	0.0
d081	0.001	5	t1	6.86644962641613e-5	0.0
d081	0.001	5	t1	7.629388473795709e-5	0.0
d081	0.001	5	t1	8.392327321175269e-5	0.0
d081	0.001	5	t1	9.529103149571589e-5	0.0
d081	0.001	5	t1	0.00010681143863313985	0.0
d081	0.001	5	t1	0.00011819397800303034	0.0
d081	0.001	5	t1	0.00013345979153336977	0.0
d081	0.001	5	t1	0.0001487241608614854	0.0
d081	0.001	5	t1	0.00016773086992482195	0.0
d081	0.001	5	t1	0.00019063293236353633	0.0
d081	0.001	5	t1	0.00021353201256911329	0.0
d081	0.001	5	t1	0.00023642897778077072	0.0
d081	0.001	5	t1	0.0002630756059577625	0.0
d081	0.001	5	t1	0.00029735037055581985	0.0
d081	0.001	5	t1	0.00033551959004834276	0.0
d081	0.001	5	t1	0.0003774297929274283	0.0
d081	0.001	5	t1	0.0004232304713625064	0.0
d081	0.001	5	t1	0.00047277581579931876	0.0
d081	0.001	5	t1	0.000529954140682307	0.0
d081	0.001	5	t1	0.0005947660315265448	0.0
d081	0.001	5	t1	0.0006672115727191813	0.0
d081	0.001	5	t1	0.0007510328933877064	0.0
d081	0.001	5	t1	0.0008426357798242797	0.0
d081	0.001	5	t1	0.000945469465562411	0.0
d081	0.001	5	t1	0.0010637181906205887	0.0
d081	0.001	5	t1	0.0011933427345577946	0.0
d081	0.001	5	t1	0.001338234444659373	0.0
d081	0.001	5	t1	0.0014983929255561702	0.0
d081	0.001	5	t1	0.0016813062912522984	0.0
d081	0.001	5	t1	0.0018872672594733926	0.0
d081	0.001	5	t1	0.0021159825568989763	0.0
d081	0.001	5	t1	0.0023752319840376667	0.0
d081	0.001	5	t1	0.0026650158537247022	0.0
d081	0.001	5	t1	0.002989077753483762	0.0
d081	0.001	5	t1	0.0033550511129892243	0.0
d081	0.001	5	t1	0.0037630823722051253	0.0
d081	0.001	5	t1	0.004220512937761092	0.0
d081	0.001	5	t1	0.004735268427364398	0.0
d081	0.001	5	t1	0.00531468965810924	0.0
d081	0.001	5	t1	0.005966703895880201	0.0
d081	0.001	5	t1	0.006691163505285742	0.0
d081	0.001	5	t1	0.00750693386647431	0.0
d081	0.001	5	t1	0.008425831166491782	0.0
d081	0.001	5	t1	0.009451452182471384	0.0
d081	0.001	5	t1	0.010602808117072449	0.0
d081	0.001	5	t1	0.011899055913815891	0.0
d081	0.001	5	t1	0.013351719421174534	0.0
d081	0.001	5	t1	0.014979662876172375	0.0
d081	0.001	5	t1	0.016805933483363636	0.0
d081	0.001	5	t1	0.0188570292540463	0.0
d081	0.001	5	t1	0.021159887502757043	0.0
d081	0.001	5	t1	0.023741006069205848	0.0
d081	0.001	5	t1	0.026638552998525435	0.0
d081	0.001	5	t1	0.029886952690767608	0.0
d081	0.001	5	t1	0.0335317139880143	0.0
d081	0.001	5	t1	0.03762641841208682	0.0
d081	0.001	5	t1	0.042216867626638205	0.0
d081	0.001	5	t1	0.047367581161098446	0.0
d081	0.001	5	t1	0.05314755428959493	0.0
d081	0.001	5	t1	0.05963268370222095	0.0
d081	0.001	5	t1	0.06691097550584788	0.0
d081	0.001	5	t1	0.07507374000353845	0.0
d081	0.001	5	t1	0.0842315912160045	0.0
d081	0.001	5	t1	0.09451026390588896	0.0
d081	0.001	5	t1	0.10604341934190899	0.0
d081	0.001	5	t1	0.11898329021012795	0.0
d081	0.001	5	t1	0.13350170578599946	0.0
d081	0.001	5	t1	0.14978906678461706	0.0
d081	0.001	5	t1	0.16806660120897057	0.0
d081	0.001	5	t1	0.18857454785745398	0.0
d081	0.001	5	t1	0.2115835334850689	0.0
d081	0.001	5	t1	0.23739860927755593	0.0
d081	0.001	5	t1	0.266366591568392	0.0
d081	0.001	5	t1	0.29886901401039945	0.0
d081	0.001	5	t1	0.33533636966402874	0.0
d081	0.001	5	t1	0.3762531725804453	0.0
d081	0.001	5	t1	0.4221605298354539	0.0
d081	0.001	5	t1	0.47367243381911905	0.0
d081	0.001	5	phi	7.629388473795709e-6	0.000331888994444021
d081	0.001	5	phi	1.525877694759142e-5	9.357875896879888e-5
d081	0.001	5	phi	2.2888165421387134e-5	1.8529383731795418e-6
d081	0.001	5	phi	3.0517553895182842e-5	2.2454356613592574e-5
d081	0.001	5	phi	3.814694236897854e-5	1.0386466374938062e-5
d081	0.001	5	phi	4.577633084277418e-5	5.653612957413279e-7
d081	0.001	5	phi	5.340571931656997e-5	9.070910381132214e-6
d081	0.001	5	phi	6.10351077903657e-5	3.0548908871418126e-6
d081	0.001	5	phi	6.86644962641613e-5	3.7742533702990083e-7
d081	0.001	5	phi	7.629388473795709e-5	3.4980217292051088e-6
d081	0.001	5	phi	8.392327321175269e-5	1.9052410611375691e-6
d081	0.001	5	phi	9.529103149571589e-5	1.2237481547176942e-6
d081	0.001	5	phi	0.00010681143863313985	8.409069411874723e-7
d081	0.001	5	phi	0.00011819397800303034	9.252458544000763e-7
d081	0.001	5	phi	0.00013345979153336977	4.4170983679861135e-7
d081	0.001	5	phi	0.0001487241608614854	7.718221864152361e-7
d081	0.001	5	phi	0.00016773086992482195	4.810918870945784e-7
d081	0.001	5	phi	0.00019063293236353633	4.7656915023739006e-7
d081	0.001	5	phi	0.00021353201256911329	4.058426546170439e-7
d081	0.001	5	phi	0.00023642897778077072	3.6993414224963207e-7
d081	0.001	5	phi	0.0002630756059577625	3.1404413149005994e-7
d081	0.001	5	phi	0.00029735037055581985	3.419989597624371e-7
d081	0.001	5	phi	0.00033551959004834276	3.016737282753644e-7
d081	0.001	5	phi	0.0003774297929274283	2.354710941238975e-7
d081	0.001	5	phi	0.0004232304713625064	2.1301156254012393e-7
d081	0.001	5	phi	0.00047277581579931876	1.881913800741221e-7
d081	0.001	5	phi	0.000529954140682307	2.1077278327234323e-7
d081	0.001	5	phi	0.0005947660315265448	1.8362261745894428e-7
d081	0.001	5	phi	0.0006672115727191813	1.673870099547586e-7
d081	0.001	5	phi	0.0007510328933877064	1.5660077913553857e-7
d081	0.001	5	phi	0.0008426357798242797	1.499548479576171e-7
d081	0.001	5	phi	0.000945469465562411	1.317418647910497e-7
d081	0.001	5	phi	0.0010637181906205887	1.1516846817516499e-7
d081	0.001	5	phi	0.0011933427345577946	1.0476044831197105e-7
d081	0.001	5	phi	0.001338234444659373	8.716271673175113e-8
d081	0.001	5	phi	0.0014983929255561702	7.309130000454123e-8
d081	0.001	5	phi	0.0016813062912522984	5.692090338255637e-8
d081	0.001	5	phi	0.0018872672594733926	4.167860009363634e-8
d081	0.001	5	phi	0.0021159825568989763	3.0153766161685624e-8
d081	0.001	5	phi	0.0023752319840376667	2.0834828408330476e-8
d081	0.001	5	phi	0.0026650158537247022	1.563503843873529e-8
d081	0.001	5	phi	0.002989077753483762	1.2964118239743931e-8
d081	0.001	5	phi	0.0033550511129892243	1.2533540200461696e-8
d081	0.001	5	phi	0.0037630823722051253	1.2360017735708524e-8
d081	0.001	5	phi	0.004220512937761092	1.173642233477219e-8
d081	0.001	5	phi	0.004735268427364398	1.0254195487192354e-8
d081	0.001	5	phi	0.00531468965810924	7.642909492390629e-9
d081	0.001	5	phi	0.005966703895880201	4.906470272769653e-9
d081	0.001	5	phi	0.006691163505285742	3.429897927421676e-9
d081	0.001	5	phi	0.00750693386647431	2.7115211690717435e-9
d081	0.001	5	phi	0.008425831166491782	1.3659665227944938e-9
d081	0.001	5	phi	0.009451452182471384	1.3543429495100024e-9
d081	0.001	5	phi	0.010602808117072449	9.692124981910896e-10
d081	0.001	5	phi	0.011899055913815891	9.536238233846598e-10
d081	0.001	5	phi	0.013351719421174534	9.060303247450915e-10
d081	0.001	5	phi	0.014979662876172375	7.469543090169638e-10
d081	0.001	5	phi	0.016805933483363636	5.839332597808036e-10
d081	0.001	5	phi	0.0188570292540463	3.841453141688152e-10
d081	0.001	5	phi	0.021159887502757043	3.041012521272542e-10
d081	0.001	5	phi	0.023741006069205848	3.2714539461177825e-10
d081	0.001	5	phi	0.026638552998525435	3.038618873959525e-10
d081	0.001	5	phi	0.029886952690767608	2.005280174201155e-10
d081	0.001	5	phi	0.0335317139880143	1.905457487032772e-10
d081	0.001	5	phi	0.03762641841208682	1.6462663188204247e-10
d081	0.001	5	phi	0.042216867626638205	1.1243764051338879e-10
d081	0.001	5	phi	0.047367581161098446	9.195127111735398e-11
d081	0.001	5	phi	0.05314755428959493	7.046655597854706e-11
d081	0.001	5	phi	0.05963268370222095	4.7874549700390725e-11
d081	0.001	5	phi	0.06691097550584788	4.7029641495480144e-11
d081	0.001	5	phi	0.07507374000353845	3.769762792736683e-11
d081	0.001	5	phi	0.0842315912160045	2.9994673273135595e-11
d081	0.001	5	phi	0.09451026390588896	2.4604258339913862e-11
d081	0.001	5	phi	0.10604341934190899	2.049413147341678e-11
d081	0.001	5	phi	0.11898329021012795	1.4329942449795547e-11
d081	0.001	5	phi	0.13350170578599946	8.851194065151847e-12
d081	0.001	5	phi	0.14978906678461706	6.571550616454049e-12
d081	0.001	5	phi	0.16806660120897057	5.862839640768164e-12
d081	0.001	5	phi	0.18857454785745398	5.2036348979804516e-12
d081	0.001	5	phi	0.2115835334850689	3.8683242524380315e-12
d081	0.001	5	phi	0.23739860927755593	3.810466073180474e-12
d081	0.001	5	phi	0.266366591568392	2.843651795028279e-12
d081	0.001	5	phi	0.29886901401039945	2.024160974924929e-12
d081	0.001	5	phi	0.33533636966402874	1.5991753234148285e-12
d081	0.001	5	phi	0.3762531725804453	1.3409977418503552e-12
d081	0.001	5	phi	0.4221605298354539	1.0667060731652887e-12
d081	0.001	5	phi	0.47367243381911905	9.189036859824327e-13
d081	0.005	1	t1	7.629388473795709e-6	0.028998171334990913
d081	0.005	1	t1	1.525877694759142e-5	0.003418404283739502
d081	0.005	1	t1	2.2888165421387134e-5	0.014077338793483041
d081	0.005	1	t1	3.0517553895182842e-5	0.0054425130358356985
d081	0.005	1	t1	3.814694236897854e-5	0.010152951002559852
d081	0.005	1	t1	4.577633084277418e-5	0.013176802163659896
d081	0.005	1	t1	5.340571931656997e-5	0.022191569137470595
d081	0.005	1	t1	6.10351077903657e-5	0.025740371621229347
d081	0.005	1	t1	6.86644962641613e-5	0.01851929247251858
d081	0.005	1	t1	7.629388473795709e-5	0.0065196189566695895
d081	0.005	1	t1	8.392327321175269e-5	0.002760495207210801
d081	0.005	1	t1	9.529103149571589e-5	0.004929735398854088
d081	0.005	1	t1	0.00010681143863313985	0.002788128276089064
d081	0.005	1	t1	0.00011819397800303034	0.013466927674762156
d081	0.005	1	t1	0.00013345979153336977	0.008760592281566788
d081	0.005	1	t1	0.0001487241608614854	0.031023023570133975
d081	0.005	1	t1	0.00016773086992482195	0.0034579139542195206
d081	0.005	1	t1	0.00019063293236353633	0.022513209341079976
d081	0.005	1	t1	0.00021353201256911329	0.01533111930257052
d081	0.005	1	t1	0.00023642897778077072	0.007200185529137876
d081	0.005	1	t1	0.0002630756059577625	0.01533299743585345
d081	0.005	1	t1	0.00029735037055581985	0.010876907930610736
d081	0.005	1	t1	0.00033551959004834276	0.007698872580015018
d081	0.005	1	t1	0.0003774297929274283	0.01651160959716352
d081	0.005	1	t1	0.0004232304713625064	0.018228888442442675
d081	0.005	1	t1	0.00047277581579931876	0.011053429292978352
d081	0.005	1	t1	0.000529954140682307	0.014740145638356562
d081	0.005	1	t1	0.0005947660315265448	0.01330477284991444
d081	0.005	1	t1	0.0006672115727191813	0.01660147559340073
d081	0.005	1	t1	0.0007510328933877064	0.008694555730771445
d081	0.005	1	t1	0.0008426357798242797	0.00861702509704363
d081	0.005	1	t1	0.000945469465562411	0.013298579737682588
d081	0.005	1	t1	0.0010637181906205887	0.011675631766008688
d081	0.005	1	t1	0.0011933427345577946	0.008263747533384385
d081	0.005	1	t1	0.001338234444659373	0.011318273695542716
d081	0.005	1	t1	0.0014983929255561702	0.006659874275715782
d081	0.005	1	t1	0.0016813062912522984	0.007660060095905498
d081	0.005	1	t1	0.0018872672594733926	0.0077529919804751315
d081	0.005	1	t1	0.0021159825568989763	0.007079304135023756
d081	0.005	1	t1	0.0023752319840376667	0.007372559489838641
d081	0.005	1	t1	0.0026650158537247022	0.006130635108986549
d081	0.005	1	t1	0.002989077753483762	0.007305807999727888
d081	0.005	1	t1	0.0033550511129892243	0.005638178313789425
d081	0.005	1	t1	0.0037630823722051253	0.0073282395193725305
d081	0.005	1	t1	0.004220512937761092	0.005709349531960229
d081	0.005	1	t1	0.004735268427364398	0.0044688351875186985
d081	0.005	1	t1	0.00531468965810924	0.004313694835774198
d081	0.005	1	t1	0.005966703895880201	0.0038850693875886696
d081	0.005	1	t1	0.006691163505285742	0.0037492777525993813
d081	0.005	1	t1	0.00750693386647431	0.0038509492746563335
d081	0.005	1	t1	0.008425831166491782	0.00424697896412253
d081	0.005	1	t1	0.009451452182471384	0.004211529275285929
d081	0.005	1	t1	0.010602808117072449	0.0042597246659461145
d081	0.005	1	t1	0.011899055913815891	0.004373076779596587
d081	0.005	1	t1	0.013351719421174534	0.0038393750767816708
d081	0.005	1	t1	0.014979662876172375	0.002683063553770621
d081	0.005	1	t1	0.016805933483363636	0.0036972058870379442
d081	0.005	1	t1	0.0188570292540463	0.002952746176037819
d081	0.005	1	t1	0.021159887502757043	0.003445917762434635
d081	0.005	1	t1	0.023741006069205848	0.003359852235119363
d081	0.005	1	t1	0.026638552998525435	0.003096870768217243
d081	0.005	1	t1	0.029886952690767608	0.002818150406850876
d081	0.005	1	t1	0.0335317139880143	0.0031712404269292178
d081	0.005	1	t1	0.03762641841208682	0.0027593131686501006
d081	0.005	1	t1	0.042216867626638205	0.0024301357678662627
d081	0.005	1	t1	0.047367581161098446	0.0027225861557386745
d081	0.005	1	t1	0.05314755428959493	0.0027094554724352163
d081	0.005	1	t1	0.05963268370222095	0.0025559317924584786
d081	0.005	1	t1	0.06691097550584788	0.0024592804420657233
d081	0.005	1	t1	0.07507374000353845	0.002732140078723878
d081	0.005	1	t1	0.0842315912160045	0.0021552327019040084
d081	0.005	1	t1	0.09451026390588896	0.0019597372772530005
d081	0.005	1	t1	0.10604341934190899	0.0018481327648133727
d081	0.005	1	t1	0.11898329021012795	0.0019091403218793649
d081	0.005	1	t1	0.13350170578599946	0.001971862377132797
d081	0.005	1	t1	0.14978906678461706	0.0018603987781384537
d081	0.005	1	t1	0.16806660120897057	0.001907133130692981
d081	0.005	1	t1	0.18857454785745398	0.001815637775946287
d081	0.005	1	t1	0.2115835334850689	0.001796489550784466
d081	0.005	1	t1	0.23739860927755593	0.0016692698246864304
d081	0.005	1	t1	0.266366591568392	0.0016827889914842384
d081	0.005	1	t1	0.29886901401039945	0.0017056516737413807
d081	0.005	1	t1	0.33533636966402874	0.0017264976563792927
d081	0.005	1	t1	0.3762531725804453	0.0016417871099978173
d081	0.005	1	t1	0.4221605298354539	0.0016562709540798317
d081	0.005	1	t1	0.47367243381911905	0.0016524110018656104
d081	0.005	1	phi	7.629388473795709e-6	10.601828370046404
d081	0.005	1	phi	1.525877694759142e-5	1.6930237603486273
d081	0.005	1	phi	2.2888165421387134e-5	2.396945367473323
d081	0.005	1	phi	3.0517553895182842e-5	0.2524542596462806
d081	0.005	1	phi	3.814694236897854e-5	0.3046351680413147
d081	0.005	1	phi	4.577633084277418e-5	0.7251923645381086
d081	0.005	1	phi	5.340571931656997e-5	0.16519314143260255
d081	0.005	1	phi	6.10351077903657e-5	0.11933243677566506
d081	0.005	1	phi	6.86644962641613e-5	0.2534722228757768
d081	0.005	1	phi	7.629388473795709e-5	0.08319613491698277
d081	0.005	1	phi	8.392327321175269e-5	0.03416196483276764
d081	0.005	1	phi	9.529103149571589e-5	0.10972567426699953
d081	0.005	1	phi	0.00010681143863313985	0.03957276681631612
d081	0.005	1	phi	0.00011819397800303034	0.03741453543748636
d081	0.005	1	phi	0.00013345979153336977	0.03722413280928135
d081	0.005	1	phi	0.0001487241608614854	0.03026606690033395
d081	0.005	1	phi	0.00016773086992482195	0.014412393126473718
d081	0.005	1	phi	0.00019063293236353633	0.016811979178988235
d081	0.005	1	phi	0.00021353201256911329	0.013367856638112735
d081	0.005	1	phi	0.00023642897778077072	0.014124388552164642
d081	0.005	1	phi	0.0002630756059577625	0.006945630571342795
d081	0.005	1	phi	0.00029735037055581985	0.005616241489384135
d081	0.005	1	phi	0.00033551959004834276	0.004925301202566465
d081	0.005	1	phi	0.0003774297929274283	0.003785816043256684
d081	0.005	1	phi	0.0004232304713625064	0.005189226621419989
d081	0.005	1	phi	0.00047277581579931876	0.0029046543999556233
d081	0.005	1	phi	0.000529954140682307	0.0023198295207400533
d081	0.005	1	phi	0.0005947660315265448	0.0013468095537056697
d081	0.005	1	phi	0.0006672115727191813	0.0014753780583450277
d081	0.005	1	phi	0.0007510328933877064	0.0013954998257207692
d081	0.005	1	phi	0.0008426357798242797	0.000772001383107322
d081	0.005	1	phi	0.000945469465562411	0.0006493210969232562
d081	0.005	1	phi	0.0010637181906205887	0.0005135683324135462
d081	0.005	1	phi	0.0011933427345577946	0.0004306268765500153
d081	0.005	1	phi	0.001338234444659373	0.0002738910909532433
d081	0.005	1	phi	0.0014983929255561702	0.00021742023548461568
d081	0.005	1	phi	0.0016813062912522984	0.00020272474279879493
d081	0.005	1	phi	0.0018872672594733926	0.00015683061866873807
d081	0.005	1	phi	0.0021159825568989763	0.00012047272688873027
d081	0.005	1	phi	0.0023752319840376667	9.954841048584615e-5
d081	0.005	1	phi	0.0026650158537247022	7.949639872541994e-5
d081	0.005	1	phi	0.002989077753483762	6.201271770989549e-5
d081	0.005	1	phi	0.0033550511129892243	4.837472162936366e-5
d081	0.005	1	phi	0.0037630823722051253	3.498025057443862e-5
d081	0.005	1	phi	0.004220512937761092	3.171392898916346e-5
d081	0.005	1	phi	0.004735268427364398	2.6074816583533066e-5
d081	0.005	1	phi	0.00531468965810924	2.0499940839510576e-5
d081	0.005	1	phi	0.005966703895880201	1.6533247502123907e-5
d081	0.005	1	phi	0.006691163505285742	1.179508863202151e-5
d081	0.005	1	phi	0.00750693386647431	1.049518299272477e-5
d081	0.005	1	phi	0.008425831166491782	8.693069518801839e-6
d081	0.005	1	phi	0.009451452182471384	6.548449504528117e-6
d081	0.005	1	phi	0.010602808117072449	4.875998160897694e-6
d081	0.005	1	phi	0.011899055913815891	3.910743703320754e-6
d081	0.005	1	phi	0.013351719421174534	3.162276069621326e-6
d081	0.005	1	phi	0.014979662876172375	2.6609473979770674e-6
d081	0.005	1	phi	0.016805933483363636	2.071447091127745e-6
d081	0.005	1	phi	0.0188570292540463	1.523610781749616e-6
d081	0.005	1	phi	0.021159887502757043	1.275663954193399e-6
d081	0.005	1	phi	0.023741006069205848	1.0112460427399696e-6
d081	0.005	1	phi	0.026638552998525435	8.127571945125404e-7
d081	0.005	1	phi	0.029886952690767608	6.756542991999007e-7
d081	0.005	1	phi	0.0335317139880143	5.348752341500134e-7
d081	0.005	1	phi	0.03762641841208682	4.216527590376979e-7
d081	0.005	1	phi	0.042216867626638205	3.2326316157133704e-7
d081	0.005	1	phi	0.047367581161098446	2.5974742960144583e-7
d081	0.005	1	phi	0.05314755428959493	2.095565819166665e-7
d081	0.005	1	phi	0.05963268370222095	1.6933542280060791e-7
d081	0.005	1	phi	0.06691097550584788	1.3507671263294206e-7
d081	0.005	1	phi	0.07507374000353845	1.0830392710589855e-7
d081	0.005	1	phi	0.0842315912160045	8.626501574742261e-8
d081	0.005	1	phi	0.09451026390588896	7.103204311765016e-8
d081	0.005	1	phi	0.10604341934190899	5.796613329605222e-8
d081	0.005	1	phi	0.11898329021012795	4.6130463007697904e-8
d081	0.005	1	phi	0.13350170578599946	3.6395510292889845e-8
d081	0.005	1	phi	0.14978906678461706	2.9848046434786755e-8
d081	0.005	1	phi	0.16806660120897057	2.3500004058281323e-8
d081	0.005	1	phi	0.18857454785745398	1.9197075436995088e-8
d081	0.005	1	phi	0.2115835334850689	1.5554697851042317e-8
d081	0.005	1	phi	0.23739860927755593	1.266950075518653e-8
d081	0.005	1	phi	0.266366591568392	1.02888781137484e-8
d081	0.005	1	phi	0.29886901401039945	8.334223306740694e-9
d081	0.005	1	phi	0.33533636966402874	6.9563619657074476e-9
d081	0.005	1	phi	0.3762531725804453	5.632130702968447e-9
d081	0.005	1	phi	0.4221605298354539	4.60985504544013e-9
d081	0.005	1	phi	0.47367243381911905	3.771510356401683e-9
d081	0.005	2	t1	7.629388473795709e-6	0.005394175053866096
d081	0.005	2	t1	1.525877694759142e-5	0.04610038738815541
d081	0.005	2	t1	2.2888165421387134e-5	0.0018879094335372902
d081	0.005	2	t1	3.0517553895182842e-5	0.01950254931677686
d081	0.005	2	t1	3.814694236897854e-5	0.00177978980379147
d081	0.005	2	t1	4.577633084277418e-5	0.004438127401203584
d081	0.005	2	t1	5.340571931656997e-5	0.01105671365709553
d081	0.005	2	t1	6.10351077903657e-5	0.036624001642631965
d081	0.005	2	t1	6.86644962641613e-5	0.027095427433927975
d081	0.005	2	t1	7.629388473795709e-5	0.004527100096550244
d081	0.005	2	t1	8.392327321175269e-5	0.00372140067343237
d081	0.005	2	t1	9.529103149571589e-5	0.009973796942292822
d081	0.005	2	t1	0.00010681143863313985	0.005993180612893713
d081	0.005	2	t1	0.00011819397800303034	0.01528997906953344
d081	0.005	2	t1	0.00013345979153336977	0.022446254864443967
d081	0.005	2	t1	0.0001487241608614854	0.010197339858563992
d081	0.005	2	t1	0.00016773086992482195	0.009799533512878955
d081	0.005	2	t1	0.00019063293236353633	0.005023594305622198
d081	0.005	2	t1	0.00021353201256911329	0.010002609385869912
d081	0.005	2	t1	0.00023642897778077072	0.0093587955257199
d081	0.005	2	t1	0.0002630756059577625	0.010139466484677947
d081	0.005	2	t1	0.00029735037055581985	0.004271033824194295
d081	0.005	2	t1	0.00033551959004834276	0.010776613831051957
d081	0.005	2	t1	0.0003774297929274283	0.013073274055176392
d081	0.005	2	t1	0.0004232304713625064	0.005279667966367775
d081	0.005	2	t1	0.00047277581579931876	0.0041983608145388426
d081	0.005	2	t1	0.000529954140682307	0.0053469369666778324
d081	0.005	2	t1	0.0005947660315265448	0.008393511192919405
d081	0.005	2	t1	0.0006672115727191813	0.008627747586634985
d081	0.005	2	t1	0.0007510328933877064	0.012972407123234568
d081	0.005	2	t1	0.0008426357798242797	0.0129264303201328
d081	0.005	2	t1	0.000945469465562411	0.005845497609883828
d081	0.005	2	t1	0.0010637181906205887	0.007987408809740696
d081	0.005	2	t1	0.0011933427345577946	0.006393087629753335
d081	0.005	2	t1	0.001338234444659373	0.010444749643751458
d081	0.005	2	t1	0.0014983929255561702	0.00822513584309766
d081	0.005	2	t1	0.0016813062912522984	0.007419450478568407
d081	0.005	2	t1	0.0018872672594733926	0.008834470772447246
d081	0.005	2	t1	0.0021159825568989763	0.0067730308023380365
d081	0.005	2	t1	0.0023752319840376667	0.009296485013491746
d081	0.005	2	t1	0.0026650158537247022	0.007435089334195134
d081	0.005	2	t1	0.002989077753483762	0.006698513642520559
d081	0.005	2	t1	0.0033550511129892243	0.007472388275020072
d081	0.005	2	t1	0.0037630823722051253	0.006757261904741775
d081	0.005	2	t1	0.004220512937761092	0.005483834008349424
d081	0.005	2	t1	0.004735268427364398	0.006359670583452943
d081	0.005	2	t1	0.00531468965810924	0.0056940126280878404
d081	0.005	2	t1	0.005966703895880201	0.00567040821916311
d081	0.005	2	t1	0.006691163505285742	0.005528471209462638
d081	0.005	2	t1	0.00750693386647431	0.005480481717222764
d081	0.005	2	t1	0.008425831166491782	0.004495755709372321
d081	0.005	2	t1	0.009451452182471384	0.004576603944601064
d081	0.005	2	t1	0.010602808117072449	0.004104987258022169
d081	0.005	2	t1	0.011899055913815891	0.004492577136880799
d081	0.005	2	t1	0.013351719421174534	0.0038883410975032464
d081	0.005	2	t1	0.014979662876172375	0.0037817026902360437
d081	0.005	2	t1	0.016805933483363636	0.0034594953855168233
d081	0.005	2	t1	0.0188570292540463	0.003456484770529279
d081	0.005	2	t1	0.021159887502757043	0.0032419264155629977
d081	0.005	2	t1	0.023741006069205848	0.0028028154644543666
d081	0.005	2	t1	0.026638552998525435	0.0028955166705557285
d081	0.005	2	t1	0.029886952690767608	0.002793927222385285
d081	0.005	2	t1	0.0335317139880143	0.002683759744496782
d081	0.005	2	t1	0.03762641841208682	0.002720393672290542
d081	0.005	2	t1	0.042216867626638205	0.0028122929634896666
d081	0.005	2	t1	0.047367581161098446	0.0029979534443404245
d081	0.005	2	t1	0.05314755428959493	0.0026516527633252966
d081	0.005	2	t1	0.05963268370222095	0.002453196544282381
d081	0.005	2	t1	0.06691097550584788	0.002516756861054198
d081	0.005	2	t1	0.07507374000353845	0.002253264658687712
d081	0.005	2	t1	0.0842315912160045	0.0022639900584345563
d081	0.005	2	t1	0.09451026390588896	0.002281251841861649
d081	0.005	2	t1	0.10604341934190899	0.002226769079712143
d081	0.005	2	t1	0.11898329021012795	0.00200755710925614
d081	0.005	2	t1	0.13350170578599946	0.0018883109911100968
d081	0.005	2	t1	0.14978906678461706	0.0017759634593686017
d081	0.005	2	t1	0.16806660120897057	0.0018513809632428467
d081	0.005	2	t1	0.18857454785745398	0.001821844044299261
d081	0.005	2	t1	0.2115835334850689	0.001761697285359361
d081	0.005	2	t1	0.23739860927755593	0.0016857647633507194
d081	0.005	2	t1	0.266366591568392	0.0016589846076853888
d081	0.005	2	t1	0.29886901401039945	0.0016271526817974815
d081	0.005	2	t1	0.33533636966402874	0.001605841048640987
d081	0.005	2	t1	0.3762531725804453	0.0016276781021249327
d081	0.005	2	t1	0.4221605298354539	0.0015585868407650353
d081	0.005	2	t1	0.47367243381911905	0.0016712497905006201
d081	0.005	2	phi	7.629388473795709e-6	8.315790769250112
d081	0.005	2	phi	1.525877694759142e-5	0.20357085595176733
d081	0.005	2	phi	2.2888165421387134e-5	0.4890754079768316
d081	0.005	2	phi	3.0517553895182842e-5	0.39407625515492645
d081	0.005	2	phi	3.814694236897854e-5	0.5419714427650917
d081	0.005	2	phi	4.577633084277418e-5	0.10863806237307806
d081	0.005	2	phi	5.340571931656997e-5	0.22049314597988748
d081	0.005	2	phi	6.10351077903657e-5	0.14438680156355946
d081	0.005	2	phi	6.86644962641613e-5	0.3209262639254389
d081	0.005	2	phi	7.629388473795709e-5	0.13141685396690256
d081	0.005	2	phi	8.392327321175269e-5	0.13205922555104918
d081	0.005	2	phi	9.529103149571589e-5	0.15683713036228342
d081	0.005	2	phi	0.00010681143863313985	0.06485451791711755
d081	0.005	2	phi	0.00011819397800303034	0.03663464009790683
d081	0.005	2	phi	0.00013345979153336977	0.0727678355798903
d081	0.005	2	phi	0.0001487241608614854	0.011613524306331953
d081	0.005	2	phi	0.00016773086992482195	0.007798281982694985
d081	0.005	2	phi	0.00019063293236353633	0.021184902568625767
d081	0.005	2	phi	0.00021353201256911329	0.008683317304530265
d081	0.005	2	phi	0.00023642897778077072	0.0075944804070902745
d081	0.005	2	phi	0.0002630756059577625	0.005493576579458129
d081	0.005	2	phi	0.00029735037055581985	0.006474702977340171
d081	0.005	2	phi	0.00033551959004834276	0.0036456824946322643
d081	0.005	2	phi	0.0003774297929274283	0.004144892073621279
d081	0.005	2	phi	0.0004232304713625064	0.0031903393025369087
d081	0.005	2	phi	0.00047277581579931876	0.0024381453688444295
d081	0.005	2	phi	0.000529954140682307	0.00195552865613243
d081	0.005	2	phi	0.0005947660315265448	0.0013269940575564767
d081	0.005	2	phi	0.0006672115727191813	0.0010027964493583388
d081	0.005	2	phi	0.0007510328933877064	0.0009240497545674038
d081	0.005	2	phi	0.0008426357798242797	0.0004986784213480622
d081	0.005	2	phi	0.000945469465562411	0.0005706411029018509
d081	0.005	2	phi	0.0010637181906205887	0.0004799761376214126
d081	0.005	2	phi	0.0011933427345577946	0.000344055884825486
d081	0.005	2	phi	0.001338234444659373	0.00021447469215099205
d081	0.005	2	phi	0.0014983929255561702	0.00027718147553446856
d081	0.005	2	phi	0.0016813062912522984	0.0002025159548513913
d081	0.005	2	phi	0.0018872672594733926	0.00012882057438338485
d081	0.005	2	phi	0.0021159825568989763	0.00011837500024605748
d081	0.005	2	phi	0.0023752319840376667	7.593425938719026e-5
d081	0.005	2	phi	0.0026650158537247022	6.923519103545792e-5
d081	0.005	2	phi	0.002989077753483762	4.353978619285916e-5
d081	0.005	2	phi	0.0033550511129892243	4.120534645437698e-5
d081	0.005	2	phi	0.0037630823722051253	3.1713289755190144e-5
d081	0.005	2	phi	0.004220512937761092	2.5763866198687877e-5
d081	0.005	2	phi	0.004735268427364398	2.0848775366595135e-5
d081	0.005	2	phi	0.00531468965810924	1.5812905935294627e-5
d081	0.005	2	phi	0.005966703895880201	1.1869797667559491e-5
d081	0.005	2	phi	0.006691163505285742	9.77762005293751e-6
d081	0.005	2	phi	0.00750693386647431	8.401687956520542e-6
d081	0.005	2	phi	0.008425831166491782	6.682761080563024e-6
d081	0.005	2	phi	0.009451452182471384	4.822879741390563e-6
d081	0.005	2	phi	0.010602808117072449	3.85928191949219e-6
d081	0.005	2	phi	0.011899055913815891	3.4228272147113886e-6
d081	0.005	2	phi	0.013351719421174534	2.4573983009726667e-6
d081	0.005	2	phi	0.014979662876172375	2.08843262316935e-6
d081	0.005	2	phi	0.016805933483363636	1.7135894437539907e-6
d081	0.005	2	phi	0.0188570292540463	1.253992604629783e-6
d081	0.005	2	phi	0.021159887502757043	1.0609635249091388e-6
d081	0.005	2	phi	0.023741006069205848	8.350731508759101e-7
d081	0.005	2	phi	0.026638552998525435	6.394440437962396e-7
d081	0.005	2	phi	0.029886952690767608	5.162141271571125e-7
d081	0.005	2	phi	0.0335317139880143	3.990155867431636e-7
d081	0.005	2	phi	0.03762641841208682	3.223031811087081e-7
d081	0.005	2	phi	0.042216867626638205	2.6546675053738165e-7
d081	0.005	2	phi	0.047367581161098446	2.091092729136002e-7
d081	0.005	2	phi	0.05314755428959493	1.654503636542972e-7
d081	0.005	2	phi	0.05963268370222095	1.3642502111219108e-7
d081	0.005	2	phi	0.06691097550584788	1.0224597792927442e-7
d081	0.005	2	phi	0.07507374000353845	8.293664890379865e-8
d081	0.005	2	phi	0.0842315912160045	7.166051140103289e-8
d081	0.005	2	phi	0.09451026390588896	5.5657775627868346e-8
d081	0.005	2	phi	0.10604341934190899	4.517025531305363e-8
d081	0.005	2	phi	0.11898329021012795	3.562587194220469e-8
d081	0.005	2	phi	0.13350170578599946	2.869429244129836e-8
d081	0.005	2	phi	0.14978906678461706	2.467505510382833e-8
d081	0.005	2	phi	0.16806660120897057	1.9479500540135572e-8
d081	0.005	2	phi	0.18857454785745398	1.5514659596385625e-8
d081	0.005	2	phi	0.2115835334850689	1.2392829504943846e-8
d081	0.005	2	phi	0.23739860927755593	1.0520329454138303e-8
d081	0.005	2	phi	0.266366591568392	8.322588634762317e-9
d081	0.005	2	phi	0.29886901401039945	6.6761062499356764e-9
d081	0.005	2	phi	0.33533636966402874	5.586495920040703e-9
d081	0.005	2	phi	0.3762531725804453	4.558151372161417e-9
d081	0.005	2	phi	0.4221605298354539	3.724100365562e-9
d081	0.005	2	phi	0.47367243381911905	3.1417610473861788e-9
d081	0.005	3	t1	7.629388473795709e-6	0.013955306148799917
d081	0.005	3	t1	1.525877694759142e-5	0.011281531137281746
d081	0.005	3	t1	2.2888165421387134e-5	0.0010536544983570531
d081	0.005	3	t1	3.0517553895182842e-5	0.00010744458032143472
d081	0.005	3	t1	3.814694236897854e-5	0.003600504567431652
d081	0.005	3	t1	4.577633084277418e-5	0.0010245695735700156
d081	0.005	3	t1	5.340571931656997e-5	0.002478623492907318
d081	0.005	3	t1	6.10351077903657e-5	0.0010905835013546483
d081	0.005	3	t1	6.86644962641613e-5	0.001702703963307637
d081	0.005	3	t1	7.629388473795709e-5	0.0037647338034955207
d081	0.005	3	t1	8.392327321175269e-5	0.0018686859333832768
d081	0.005	3	t1	9.529103149571589e-5	0.008717286751051085
d081	0.005	3	t1	0.00010681143863313985	0.0014492051045762863
d081	0.005	3	t1	0.00011819397800303034	0.0025406875937676633
d081	0.005	3	t1	0.00013345979153336977	0.0031043972626390807
d081	0.005	3	t1	0.0001487241608614854	0.0067187308777387775
d081	0.005	3	t1	0.00016773086992482195	0.010324899056179374
d081	0.005	3	t1	0.00019063293236353633	0.002601000622174723
d081	0.005	3	t1	0.00021353201256911329	0.006566504880935627
d081	0.005	3	t1	0.00023642897778077072	0.002211383701082662
d081	0.005	3	t1	0.0002630756059577625	0.007832862626461523
d081	0.005	3	t1	0.00029735037055581985	0.010146853462779187
d081	0.005	3	t1	0.00033551959004834276	0.007139051280814291
d081	0.005	3	t1	0.0003774297929274283	0.008154962156853162
d081	0.005	3	t1	0.0004232304713625064	0.0020339798034836685
d081	0.005	3	t1	0.00047277581579931876	0.003650908692644192
d081	0.005	3	t1	0.000529954140682307	0.005355263157060684
d081	0.005	3	t1	0.0005947660315265448	0.002826548003332324
d081	0.005	3	t1	0.0006672115727191813	0.0027476598953128793
d081	0.005	3	t1	0.0007510328933877064	0.0025859579506695403
d081	0.005	3	t1	0.0008426357798242797	0.003985114884203833
d081	0.005	3	t1	0.000945469465562411	0.0024644154185440303
d081	0.005	3	t1	0.0010637181906205887	0.0023925827078433806
d081	0.005	3	t1	0.0011933427345577946	0.003959528561231409
d081	0.005	3	t1	0.001338234444659373	0.002909616423441501
d081	0.005	3	t1	0.0014983929255561702	0.0016665330454741676
d081	0.005	3	t1	0.0016813062912522984	0.002368295957461633
d081	0.005	3	t1	0.0018872672594733926	0.002929268809816247
d081	0.005	3	t1	0.0021159825568989763	0.002708179656725444
d081	0.005	3	t1	0.0023752319840376667	0.002808446736736599
d081	0.005	3	t1	0.0026650158537247022	0.0023494141490481425
d081	0.005	3	t1	0.002989077753483762	0.0023783741793980033
d081	0.005	3	t1	0.0033550511129892243	0.0021520946941045015
d081	0.005	3	t1	0.0037630823722051253	0.002755173245892087
d081	0.005	3	t1	0.004220512937761092	0.003047050526833847
d081	0.005	3	t1	0.004735268427364398	0.0035426508602020264
d081	0.005	3	t1	0.00531468965810924	0.0028947227484046566
d081	0.005	3	t1	0.005966703895880201	0.0023710674937779015
d081	0.005	3	t1	0.006691163505285742	0.0021946092726321145
d081	0.005	3	t1	0.00750693386647431	0.0023863223677005993
d081	0.005	3	t1	0.008425831166491782	0.002195022426285606
d081	0.005	3	t1	0.009451452182471384	0.002472626678903495
d081	0.005	3	t1	0.010602808117072449	0.002177493155889196
d081	0.005	3	t1	0.011899055913815891	0.0023078676680130254
d081	0.005	3	t1	0.013351719421174534	0.0024209988713648034
d081	0.005	3	t1	0.014979662876172375	0.0021197837981857216
d081	0.005	3	t1	0.016805933483363636	0.002274759440175735
d081	0.005	3	t1	0.0188570292540463	0.002073266838523012
d081	0.005	3	t1	0.021159887502757043	0.002010181668184971
d081	0.005	3	t1	0.023741006069205848	0.0020129797284122457
d081	0.005	3	t1	0.026638552998525435	0.0017802937024984252
d081	0.005	3	t1	0.029886952690767608	0.001920071819263993
d081	0.005	3	t1	0.0335317139880143	0.0018599554516233593
d081	0.005	3	t1	0.03762641841208682	0.0021042958027832326
d081	0.005	3	t1	0.042216867626638205	0.0018721141283058805
d081	0.005	3	t1	0.047367581161098446	0.001720130841987415
d081	0.005	3	t1	0.05314755428959493	0.0016305742754270781
d081	0.005	3	t1	0.05963268370222095	0.0014115453210978666
d081	0.005	3	t1	0.06691097550584788	0.0016004428869903842
d081	0.005	3	t1	0.07507374000353845	0.00142876325498205
d081	0.005	3	t1	0.0842315912160045	0.0013960493783214075
d081	0.005	3	t1	0.09451026390588896	0.0012432641607789156
d081	0.005	3	t1	0.10604341934190899	0.0012695502733130904
d081	0.005	3	t1	0.11898329021012795	0.0011983610192807946
d081	0.005	3	t1	0.13350170578599946	0.0011758780933434024
d081	0.005	3	t1	0.14978906678461706	0.0011600789290621696
d081	0.005	3	t1	0.16806660120897057	0.0011562168904097998
d081	0.005	3	t1	0.18857454785745398	0.001135546456303985
d081	0.005	3	t1	0.2115835334850689	0.0010622997636958896
d081	0.005	3	t1	0.23739860927755593	0.0010412072722952993
d081	0.005	3	t1	0.266366591568392	0.0010564017397844622
d081	0.005	3	t1	0.29886901401039945	0.0010074269851969564
d081	0.005	3	t1	0.33533636966402874	0.0009846514426087613
d081	0.005	3	t1	0.3762531725804453	0.0010177204495498957
d081	0.005	3	t1	0.4221605298354539	0.0009998995062470363
d081	0.005	3	t1	0.47367243381911905	0.0010251943141674042
d081	0.005	3	phi	7.629388473795709e-6	1.9091364209401316
d081	0.005	3	phi	1.525877694759142e-5	1.7062670928316566
d081	0.005	3	phi	2.2888165421387134e-5	1.4239288944029165
d081	0.005	3	phi	3.0517553895182842e-5	0.6757111604438857
d081	0.005	3	phi	3.814694236897854e-5	0.20822196613662008
d081	0.005	3	phi	4.577633084277418e-5	0.03284004022465903
d081	0.005	3	phi	5.340571931656997e-5	0.09010480830270375
d081	0.005	3	phi	6.10351077903657e-5	0.17104365131500948
d081	0.005	3	phi	6.86644962641613e-5	0.031510922500504815
d081	0.005	3	phi	7.629388473795709e-5	0.1459701857310347
d081	0.005	3	phi	8.392327321175269e-5	0.036850881418898064
d081	0.005	3	phi	9.529103149571589e-5	0.07811565434214367
d081	0.005	3	phi	0.00010681143863313985	0.014758037869368228
d081	0.005	3	phi	0.00011819397800303034	0.029315585696651866
d081	0.005	3	phi	0.00013345979153336977	0.03955001978463556
d081	0.005	3	phi	0.0001487241608614854	0.019044297870613305
d081	0.005	3	phi	0.00016773086992482195	0.030949813035544293
d081	0.005	3	phi	0.00019063293236353633	0.005577703615929102
d081	0.005	3	phi	0.00021353201256911329	0.016070431886066775
d081	0.005	3	phi	0.00023642897778077072	0.011881575235509633
d081	0.005	3	phi	0.0002630756059577625	0.008362388534051288
d081	0.005	3	phi	0.00029735037055581985	0.008888369180319624
d081	0.005	3	phi	0.00033551959004834276	0.004091250186722432
d081	0.005	3	phi	0.0003774297929274283	0.0021254388228428662
d081	0.005	3	phi	0.0004232304713625064	0.0019966824657822947
d081	0.005	3	phi	0.00047277581579931876	0.0015454488865559496
d081	0.005	3	phi	0.000529954140682307	0.0014639892498658016
d081	0.005	3	phi	0.0005947660315265448	0.0007649580257448898
d081	0.005	3	phi	0.0006672115727191813	0.0008950684218143493
d081	0.005	3	phi	0.0007510328933877064	0.0005926201359180045
d081	0.005	3	phi	0.0008426357798242797	0.000571812985884582
d081	0.005	3	phi	0.000945469465562411	0.0004502574970132523
d081	0.005	3	phi	0.0010637181906205887	0.0002425159991614322
d081	0.005	3	phi	0.0011933427345577946	0.00029667895555731565
d081	0.005	3	phi	0.001338234444659373	0.00016424327456398028
d081	0.005	3	phi	0.0014983929255561702	0.00018652464194230102
d081	0.005	3	phi	0.0016813062912522984	0.00011125162471273895
d081	0.005	3	phi	0.0018872672594733926	0.00010451689929849651
d081	0.005	3	phi	0.0021159825568989763	8.039020024415605e-5
d081	0.005	3	phi	0.0023752319840376667	4.916205658176979e-5
d081	0.005	3	phi	0.0026650158537247022	4.411309438601071e-5
d081	0.005	3	phi	0.002989077753483762	3.941905871309938e-5
d081	0.005	3	phi	0.0033550511129892243	3.053681058721435e-5
d081	0.005	3	phi	0.0037630823722051253	2.4738997709426854e-5
d081	0.005	3	phi	0.004220512937761092	2.1410613581232304e-5
d081	0.005	3	phi	0.004735268427364398	1.5294051817234412e-5
d081	0.005	3	phi	0.00531468965810924	1.130183680754473e-5
d081	0.005	3	phi	0.005966703895880201	1.0027230839176457e-5
d081	0.005	3	phi	0.006691163505285742	7.795773513005108e-6
d081	0.005	3	phi	0.00750693386647431	5.414705767296781e-6
d081	0.005	3	phi	0.008425831166491782	5.034295218285546e-6
d081	0.005	3	phi	0.009451452182471384	3.789114096588223e-6
d081	0.005	3	phi	0.010602808117072449	3.157910687255024e-6
d081	0.005	3	phi	0.011899055913815891	2.3231834463831608e-6
d081	0.005	3	phi	0.013351719421174534	1.8493474318031541e-6
d081	0.005	3	phi	0.014979662876172375	1.5660097777180926e-6
d081	0.005	3	phi	0.016805933483363636	1.1997075066569251e-6
d081	0.005	3	phi	0.0188570292540463	9.893364070823357e-7
d081	0.005	3	phi	0.021159887502757043	7.35454705902552e-7
d081	0.005	3	phi	0.023741006069205848	6.145679031209555e-7
d081	0.005	3	phi	0.026638552998525435	4.799571236790318e-7
d081	0.005	3	phi	0.029886952690767608	3.813252130973877e-7
d081	0.005	3	phi	0.0335317139880143	3.1110404230218607e-7
d081	0.005	3	phi	0.03762641841208682	2.309005673983152e-7
d081	0.005	3	phi	0.042216867626638205	1.9982931240300023e-7
d081	0.005	3	phi	0.047367581161098446	1.5973208107496701e-7
d081	0.005	3	phi	0.05314755428959493	1.282781893822797e-7
d081	0.005	3	phi	0.05963268370222095	1.0387510227210231e-7
d081	0.005	3	phi	0.06691097550584788	8.057749712917431e-8
d081	0.005	3	phi	0.07507374000353845	6.668931461629312e-8
d081	0.005	3	phi	0.0842315912160045	5.439930530971002e-8
d081	0.005	3	phi	0.09451026390588896	4.3630492369781166e-8
d081	0.005	3	phi	0.10604341934190899	3.497012006324037e-8
d081	0.005	3	phi	0.11898329021012795	2.8043273706547116e-8
d081	0.005	3	phi	0.13350170578599946	2.3732903389360678e-8
d081	0.005	3	phi	0.14978906678461706	1.8644192408784876e-8
d081	0.005	3	phi	0.16806660120897057	1.5193945648929675e-8
d081	0.005	3	phi	0.18857454785745398	1.2421192422327301e-8
d081	0.005	3	phi	0.2115835334850689	9.859319192255214e-9
d081	0.005	3	phi	0.23739860927755593	8.345051114437147e-9
d081	0.005	3	phi	0.266366591568392	6.676930516531596e-9
d081	0.005	3	phi	0.29886901401039945	5.6228116834633556e-9
d081	0.005	3	phi	0.33533636966402874	4.476812068377691e-9
d081	0.005	3	phi	0.3762531725804453	3.663034782613254e-9
d081	0.005	3	phi	0.4221605298354539	2.9983056600421823e-9
d081	0.005	3	phi	0.47367243381911905	2.5575200792244495e-9
d081	0.005	4	t1	7.629388473795709e-6	0.011197680885783518
d081	0.005	4	t1	1.525877694759142e-5	0.0023962500077202853
d081	0.005	4	t1	2.2888165421387134e-5	0.009771050272322543
d081	0.005	4	t1	3.0517553895182842e-5	0.011552438896550178
d081	0.005	4	t1	3.814694236897854e-5	0.003856007103608061
d081	0.005	4	t1	4.577633084277418e-5	0.0031247992836329983
d081	0.005	4	t1	5.340571931656997e-5	0.0027850174575192077
d081	0.005	4	t1	6.10351077903657e-5	0.008832227406596529
d081	0.005	4	t1	6.86644962641613e-5	0.022776553521095776
d081	0.005	4	t1	7.629388473795709e-5	0.012304756443076522
d081	0.005	4	t1	8.392327321175269e-5	0.0010910301672823711
d081	0.005	4	t1	9.529103149571589e-5	0.005752353225177786
d081	0.005	4	t1	0.00010681143863313985	0.0016094843774726653
d081	0.005	4	t1	0.00011819397800303034	0.0034903920216729596
d081	0.005	4	t1	0.00013345979153336977	0.002107496037142251
d081	0.005	4	t1	0.0001487241608614854	0.0006404894928292468
d081	0.005	4	t1	0.00016773086992482195	0.009782752914237412
d081	0.005	4	t1	0.00019063293236353633	0.0043336437606708526
d081	0.005	4	t1	0.00021353201256911329	0.0051108535821286815
d081	0.005	4	t1	0.00023642897778077072	0.007919641088604858
d081	0.005	4	t1	0.0002630756059577625	0.0032361901301738998
d081	0.005	4	t1	0.00029735037055581985	0.005097040244340638
d081	0.005	4	t1	0.00033551959004834276	0.002430711037175996
d081	0.005	4	t1	0.0003774297929274283	0.004478609386024355
d081	0.005	4	t1	0.0004232304713625064	0.004806415489110504
d081	0.005	4	t1	0.00047277581579931876	0.004990651202119396
d081	0.005	4	t1	0.000529954140682307	0.00402174981836345
d081	0.005	4	t1	0.0005947660315265448	0.0037695915711258004
d081	0.005	4	t1	0.0006672115727191813	0.0031710087700761746
d081	0.005	4	t1	0.0007510328933877064	0.004353816140811428
d081	0.005	4	t1	0.0008426357798242797	0.002577317381021985
d081	0.005	4	t1	0.000945469465562411	0.0047720372583661165
d081	0.005	4	t1	0.0010637181906205887	0.0027554302752791733
d081	0.005	4	t1	0.0011933427345577946	0.004655531077327236
d081	0.005	4	t1	0.001338234444659373	0.004069976187951906
d081	0.005	4	t1	0.0014983929255561702	0.0026796253795939315
d081	0.005	4	t1	0.0016813062912522984	0.0023792550091340996
d081	0.005	4	t1	0.0018872672594733926	0.0020853778310964952
d081	0.005	4	t1	0.0021159825568989763	0.003021416442519627
d081	0.005	4	t1	0.0023752319840376667	0.0032241917527890324
d081	0.005	4	t1	0.0026650158537247022	0.002979899919139924
d081	0.005	4	t1	0.002989077753483762	0.0029981002702619175
d081	0.005	4	t1	0.0033550511129892243	0.0036747813073394428
d081	0.005	4	t1	0.0037630823722051253	0.0034005671242907094
d081	0.005	4	t1	0.004220512937761092	0.002590631361581068
d081	0.005	4	t1	0.004735268427364398	0.003166999751497083
d081	0.005	4	t1	0.00531468965810924	0.0029331499225143396
d081	0.005	4	t1	0.005966703895880201	0.002722017843758677
d081	0.005	4	t1	0.006691163505285742	0.002521262852950497
d081	0.005	4	t1	0.00750693386647431	0.002515240184961032
d081	0.005	4	t1	0.008425831166491782	0.002697265264757107
d081	0.005	4	t1	0.009451452182471384	0.002661712115359663
d081	0.005	4	t1	0.010602808117072449	0.002126891894688157
d081	0.005	4	t1	0.011899055913815891	0.0023943081543884043
d081	0.005	4	t1	0.013351719421174534	0.00256940379045249
d081	0.005	4	t1	0.014979662876172375	0.0021370318814691023
d081	0.005	4	t1	0.016805933483363636	0.0019127381442372103
d081	0.005	4	t1	0.0188570292540463	0.0018890814017917098
d081	0.005	4	t1	0.021159887502757043	0.00188929133997284
d081	0.005	4	t1	0.023741006069205848	0.002012255374362931
d081	0.005	4	t1	0.026638552998525435	0.0019598078704201123
d081	0.005	4	t1	0.029886952690767608	0.0018642570831645339
d081	0.005	4	t1	0.0335317139880143	0.0016527301246952477
d081	0.005	4	t1	0.03762641841208682	0.0016011394978764598
d081	0.005	4	t1	0.042216867626638205	0.0016654457690508085
d081	0.005	4	t1	0.047367581161098446	0.0015346814351412884
d081	0.005	4	t1	0.05314755428959493	0.0016479324820174598
d081	0.005	4	t1	0.05963268370222095	0.0016557477317002238
d081	0.005	4	t1	0.06691097550584788	0.001567612087530988
d081	0.005	4	t1	0.07507374000353845	0.001637604803688759
d081	0.005	4	t1	0.0842315912160045	0.0014748895559739128
d081	0.005	4	t1	0.09451026390588896	0.0015231270954840096
d081	0.005	4	t1	0.10604341934190899	0.001435567192506477
d081	0.005	4	t1	0.11898329021012795	0.0014346683218429436
d081	0.005	4	t1	0.13350170578599946	0.0013497359260688788
d081	0.005	4	t1	0.14978906678461706	0.0013697301792239146
d081	0.005	4	t1	0.16806660120897057	0.0013297526469668738
d081	0.005	4	t1	0.18857454785745398	0.0012498890980104378
d081	0.005	4	t1	0.2115835334850689	0.0012224905567042382
d081	0.005	4	t1	0.23739860927755593	0.0012565186956403505
d081	0.005	4	t1	0.266366591568392	0.0012103309269716133
d081	0.005	4	t1	0.29886901401039945	0.0011544019450179868
d081	0.005	4	t1	0.33533636966402874	0.0011264853613937333
d081	0.005	4	t1	0.3762531725804453	0.0011296980685014941
d081	0.005	4	t1	0.4221605298354539	0.0010886123671930569
d081	0.005	4	t1	0.47367243381911905	0.0011882243801331262
d081	0.005	4	phi	7.629388473795709e-6	2.431691586649151
d081	0.005	4	phi	1.525877694759142e-5	2.2407139138119447
d081	0.005	4	phi	2.2888165421387134e-5	1.0517525098953917
d081	0.005	4	phi	3.0517553895182842e-5	0.04216286214582954
d081	0.005	4	phi	3.814694236897854e-5	0.4266853266316634
d081	0.005	4	phi	4.577633084277418e-5	0.14426870971439118
d081	0.005	4	phi	5.340571931656997e-5	0.19291038406319932
d081	0.005	4	phi	6.10351077903657e-5	0.2714456889859877
d081	0.005	4	phi	6.86644962641613e-5	0.2208011194042632
d081	0.005	4	phi	7.629388473795709e-5	0.028338867952476678
d081	0.005	4	phi	8.392327321175269e-5	0.013130076890482956
d081	0.005	4	phi	9.529103149571589e-5	0.03505813743585756
d081	0.005	4	phi	0.00010681143863313985	0.003602993523621213
d081	0.005	4	phi	0.00011819397800303034	0.01946880386804256
d081	0.005	4	phi	0.00013345979153336977	0.03915511741556153
d081	0.005	4	phi	0.0001487241608614854	0.008493656954754396
d081	0.005	4	phi	0.00016773086992482195	0.016932046571902917
d081	0.005	4	phi	0.00019063293236353633	0.022692187703706217
d081	0.005	4	phi	0.00021353201256911329	0.00894008153513143
d081	0.005	4	phi	0.00023642897778077072	0.0046545532021023414
d081	0.005	4	phi	0.0002630756059577625	0.003845892807347294
d081	0.005	4	phi	0.00029735037055581985	0.003949875376259601
d081	0.005	4	phi	0.00033551959004834276	0.007722063573494299
d081	0.005	4	phi	0.0003774297929274283	0.0027228231614510345
d081	0.005	4	phi	0.0004232304713625064	0.0021663672675640653
d081	0.005	4	phi	0.00047277581579931876	0.0019201298503852032
d081	0.005	4	phi	0.000529954140682307	0.002096473361031748
d081	0.005	4	phi	0.0005947660315265448	0.0010427267499013605
d081	0.005	4	phi	0.0006672115727191813	0.0008209232779965621
d081	0.005	4	phi	0.0007510328933877064	0.0006905498493471582
d081	0.005	4	phi	0.0008426357798242797	0.0006454863771521241
d081	0.005	4	phi	0.000945469465562411	0.00043595830484806933
d081	0.005	4	phi	0.0010637181906205887	0.00028882430240923543
d081	0.005	4	phi	0.0011933427345577946	0.0002974745898010956
d081	0.005	4	phi	0.001338234444659373	0.00022909862822572498
d081	0.005	4	phi	0.0014983929255561702	0.00014009208065336807
d081	0.005	4	phi	0.0016813062912522984	0.00012726474243725984
d081	0.005	4	phi	0.0018872672594733926	9.352216410896629e-5
d081	0.005	4	phi	0.0021159825568989763	7.826921321277197e-5
d081	0.005	4	phi	0.0023752319840376667	5.9486838334303574e-5
d081	0.005	4	phi	0.0026650158537247022	4.280058752628841e-5
d081	0.005	4	phi	0.002989077753483762	3.595503398157865e-5
d081	0.005	4	phi	0.0033550511129892243	2.9362218476826926e-5
d081	0.005	4	phi	0.0037630823722051253	2.182950709132589e-5
d081	0.005	4	phi	0.004220512937761092	1.639336012133768e-5
d081	0.005	4	phi	0.004735268427364398	1.599488177113975e-5
d081	0.005	4	phi	0.00531468965810924	1.0730409354572631e-5
d081	0.005	4	phi	0.005966703895880201	9.090904910416472e-6
d081	0.005	4	phi	0.006691163505285742	7.566839435160685e-6
d081	0.005	4	phi	0.00750693386647431	5.4219372069393885e-6
d081	0.005	4	phi	0.008425831166491782	4.479543637181258e-6
d081	0.005	4	phi	0.009451452182471384	3.381945568613262e-6
d081	0.005	4	phi	0.010602808117072449	2.7880267888626662e-6
d081	0.005	4	phi	0.011899055913815891	2.2228959862513905e-6
d081	0.005	4	phi	0.013351719421174534	1.6536947473489022e-6
d081	0.005	4	phi	0.014979662876172375	1.3716687825133953e-6
d081	0.005	4	phi	0.016805933483363636	1.1121905750130184e-6
d081	0.005	4	phi	0.0188570292540463	9.574995154932165e-7
d081	0.005	4	phi	0.021159887502757043	7.163021805158212e-7
d081	0.005	4	phi	0.023741006069205848	5.631546038819869e-7
d081	0.005	4	phi	0.026638552998525435	4.462534027246096e-7
d081	0.005	4	phi	0.029886952690767608	3.869653365767111e-7
d081	0.005	4	phi	0.0335317139880143	2.757426410493948e-7
d081	0.005	4	phi	0.03762641841208682	2.353935601518144e-7
d081	0.005	4	phi	0.042216867626638205	1.8345304254789258e-7
d081	0.005	4	phi	0.047367581161098446	1.4918217307093762e-7
d081	0.005	4	phi	0.05314755428959493	1.1702395663190037e-7
d081	0.005	4	phi	0.05963268370222095	1.009845376084313e-7
d081	0.005	4	phi	0.06691097550584788	7.947671046444562e-8
d081	0.005	4	phi	0.07507374000353845	6.088571720635468e-8
d081	0.005	4	phi	0.0842315912160045	4.951843364128093e-8
d081	0.005	4	phi	0.09451026390588896	3.936903394974402e-8
d081	0.005	4	phi	0.10604341934190899	3.168311312262064e-8
d081	0.005	4	phi	0.11898329021012795	2.6505899123896823e-8
d081	0.005	4	phi	0.13350170578599946	2.1754915750702406e-8
d081	0.005	4	phi	0.14978906678461706	1.6490886981924726e-8
d081	0.005	4	phi	0.16806660120897057	1.3738132140752976e-8
d081	0.005	4	phi	0.18857454785745398	1.1057028620794457e-8
d081	0.005	4	phi	0.2115835334850689	9.174456823189476e-9
d081	0.005	4	phi	0.23739860927755593	7.434877181152696e-9
d081	0.005	4	phi	0.266366591568392	6.326729023957991e-9
d081	0.005	4	phi	0.29886901401039945	4.932604911468763e-9
d081	0.005	4	phi	0.33533636966402874	4.045209324801391e-9
d081	0.005	4	phi	0.3762531725804453	3.362642387446335e-9
d081	0.005	4	phi	0.4221605298354539	2.781153563563158e-9
d081	0.005	4	phi	0.47367243381911905	2.2210215918131866e-9
d081	0.005	5	t1	7.629388473795709e-6	0.05383214461426854
d081	0.005	5	t1	1.525877694759142e-5	0.0007389265299017153
d081	0.005	5	t1	2.2888165421387134e-5	0.006644038167739276
d081	0.005	5	t1	3.0517553895182842e-5	0.0013540892954636784
d081	0.005	5	t1	3.814694236897854e-5	0.0009218140082919323
d081	0.005	5	t1	4.577633084277418e-5	0.00647555082988281
d081	0.005	5	t1	5.340571931656997e-5	0.004695572967521643
d081	0.005	5	t1	6.10351077903657e-5	2.160399331830659e-5
d081	0.005	5	t1	6.86644962641613e-5	0.005862621307330513
d081	0.005	5	t1	7.629388473795709e-5	0.008172378947088464
d081	0.005	5	t1	8.392327321175269e-5	0.017033579253709533
d081	0.005	5	t1	9.529103149571589e-5	0.0036885682399926192
d081	0.005	5	t1	0.00010681143863313985	0.003070273858427008
d081	0.005	5	t1	0.00011819397800303034	0.001318095428854943
d081	0.005	5	t1	0.00013345979153336977	0.0005402838732693962
d081	0.005	5	t1	0.0001487241608614854	0.007249361821582688
d081	0.005	5	t1	0.00016773086992482195	0.01111077409214112
d081	0.005	5	t1	0.00019063293236353633	0.0049279218498736194
d081	0.005	5	t1	0.00021353201256911329	0.008763184668059329
d081	0.005	5	t1	0.00023642897778077072	0.005016386686676732
d081	0.005	5	t1	0.0002630756059577625	0.0015953068585883496
d081	0.005	5	t1	0.00029735037055581985	0.0034925881566926337
d081	0.005	5	t1	0.00033551959004834276	0.004044801351156554
d081	0.005	5	t1	0.0003774297929274283	0.0026862771819168747
d081	0.005	5	t1	0.0004232304713625064	0.004097120464371558
d081	0.005	5	t1	0.00047277581579931876	0.001870627783935781
d081	0.005	5	t1	0.000529954140682307	0.004538563065709203
d081	0.005	5	t1	0.0005947660315265448	0.0032641704307263316
d081	0.005	5	t1	0.0006672115727191813	0.00624174400619909
d081	0.005	5	t1	0.0007510328933877064	0.0039364935939280865
d081	0.005	5	t1	0.0008426357798242797	0.003877675723280257
d081	0.005	5	t1	0.000945469465562411	0.0036117434721233852
d081	0.005	5	t1	0.0010637181906205887	0.005527754176648443
d081	0.005	5	t1	0.0011933427345577946	0.0034464037470769253
d081	0.005	5	t1	0.001338234444659373	0.003066852230279894
d081	0.005	5	t1	0.0014983929255561702	0.002908242044253659
d081	0.005	5	t1	0.0016813062912522984	0.0032147538234732604
d081	0.005	5	t1	0.0018872672594733926	0.0022407732761675313
d081	0.005	5	t1	0.0021159825568989763	0.0034107247993800166
d081	0.005	5	t1	0.0023752319840376667	0.0039416452488404904
d081	0.005	5	t1	0.0026650158537247022	0.003816728449486234
d081	0.005	5	t1	0.002989077753483762	0.003364129431651588
d081	0.005	5	t1	0.0033550511129892243	0.0025588762577562173
d081	0.005	5	t1	0.0037630823722051253	0.0022697093301112955
d081	0.005	5	t1	0.004220512937761092	0.002945844573893134
d081	0.005	5	t1	0.004735268427364398	0.0025188677600470567
d081	0.005	5	t1	0.00531468965810924	0.003172146925866092
d081	0.005	5	t1	0.005966703895880201	0.0026974115832948628
d081	0.005	5	t1	0.006691163505285742	0.0022843206185415034
d081	0.005	5	t1	0.00750693386647431	0.0025399400256671755
d081	0.005	5	t1	0.008425831166491782	0.0023069354575747762
d081	0.005	5	t1	0.009451452182471384	0.002552530720673219
d081	0.005	5	t1	0.010602808117072449	0.00213806228599902
d081	0.005	5	t1	0.011899055913815891	0.0023408162073356143
d081	0.005	5	t1	0.013351719421174534	0.002197914393070629
d081	0.005	5	t1	0.014979662876172375	0.0020873755584288026
d081	0.005	5	t1	0.016805933483363636	0.0021511880452037336
d081	0.005	5	t1	0.0188570292540463	0.0023923628622018016
d081	0.005	5	t1	0.021159887502757043	0.002270126816944737
d081	0.005	5	t1	0.023741006069205848	0.002006325534813334
d081	0.005	5	t1	0.026638552998525435	0.002120993459892308
d081	0.005	5	t1	0.029886952690767608	0.0020819795620503766
d081	0.005	5	t1	0.0335317139880143	0.002060497144622442
d081	0.005	5	t1	0.03762641841208682	0.0018829641673093268
d081	0.005	5	t1	0.042216867626638205	0.0018306925310818919
d081	0.005	5	t1	0.047367581161098446	0.0017011305656008202
d081	0.005	5	t1	0.05314755428959493	0.001700328990411403
d081	0.005	5	t1	0.05963268370222095	0.0016143249774443395
d081	0.005	5	t1	0.06691097550584788	0.0014503483080905042
d081	0.005	5	t1	0.07507374000353845	0.0015203404101189774
d081	0.005	5	t1	0.0842315912160045	0.0014621426230792738
d081	0.005	5	t1	0.09451026390588896	0.001397701076132124
d081	0.005	5	t1	0.10604341934190899	0.001361862042482572
d081	0.005	5	t1	0.11898329021012795	0.001462438376022981
d081	0.005	5	t1	0.13350170578599946	0.0011854895741152836
d081	0.005	5	t1	0.14978906678461706	0.0012377266683079918
d081	0.005	5	t1	0.16806660120897057	0.0010588098008192583
d081	0.005	5	t1	0.18857454785745398	0.001055986197921488
d081	0.005	5	t1	0.2115835334850689	0.0010556910837513417
d081	0.005	5	t1	0.23739860927755593	0.0010032429319528722
d081	0.005	5	t1	0.266366591568392	0.0010070767253031524
d081	0.005	5	t1	0.29886901401039945	0.0010633773025583498
d081	0.005	5	t1	0.33533636966402874	0.001046412545248632
d081	0.005	5	t1	0.3762531725804453	0.0009687156213827993
d081	0.005	5	t1	0.4221605298354539	0.0009682417963612973
d081	0.005	5	t1	0.47367243381911905	0.000933870708807174
d081	0.005	5	phi	7.629388473795709e-6	8.555382472952157
d081	0.005	5	phi	1.525877694759142e-5	1.3932767920698
d081	0.005	5	phi	2.2888165421387134e-5	0.19748264271721874
d081	0.005	5	phi	3.0517553895182842e-5	0.4716874191933026
d081	0.005	5	phi	3.814694236897854e-5	0.2790986452321284
d081	0.005	5	phi	4.577633084277418e-5	0.1413037277931377
d081	0.005	5	phi	5.340571931656997e-5	0.2614376816734008
d081	0.005	5	phi	6.10351077903657e-5	0.0841597128408194
d081	0.005	5	phi	6.86644962641613e-5	0.06204989415308005
d081	0.005	5	phi	7.629388473795709e-5	0.014534246268114328
d081	0.005	5	phi	8.392327321175269e-5	0.11439038949319277
d081	0.005	5	phi	9.529103149571589e-5	0.07712297257523426
d081	0.005	5	phi	0.00010681143863313985	0.027971717994885768
d081	0.005	5	phi	0.00011819397800303034	0.0361903987991768
d081	0.005	5	phi	0.00013345979153336977	0.045448301597423524
d081	0.005	5	phi	0.0001487241608614854	0.040104516262206055
d081	0.005	5	phi	0.00016773086992482195	0.01228166527242987
d081	0.005	5	phi	0.00019063293236353633	0.009290922580215362
d081	0.005	5	phi	0.00021353201256911329	0.012020989343291119
d081	0.005	5	phi	0.00023642897778077072	0.015826973558702728
d081	0.005	5	phi	0.0002630756059577625	0.0020263301578421354
d081	0.005	5	phi	0.00029735037055581985	0.0038640826462328754
d081	0.005	5	phi	0.00033551959004834276	0.003309783840385233
d081	0.005	5	phi	0.0003774297929274283	0.0027771937400419854
d081	0.005	5	phi	0.0004232304713625064	0.004419077250370609
d081	0.005	5	phi	0.00047277581579931876	0.001214459974304794
d081	0.005	5	phi	0.000529954140682307	0.0008667252740141534
d081	0.005	5	phi	0.0005947660315265448	0.0011057220952891066
d081	0.005	5	phi	0.0006672115727191813	0.0008158043129340433
d081	0.005	5	phi	0.0007510328933877064	0.0005321689333510827
d081	0.005	5	phi	0.0008426357798242797	0.0004091382971969084
d081	0.005	5	phi	0.000945469465562411	0.0003193618701108362
d081	0.005	5	phi	0.0010637181906205887	0.0002486004388531619
d081	0.005	5	phi	0.0011933427345577946	0.00027630030941389906
d081	0.005	5	phi	0.001338234444659373	0.00019319661474541015
d081	0.005	5	phi	0.0014983929255561702	0.00013781842492630202
d081	0.005	5	phi	0.0016813062912522984	0.00010523447694760552
d081	0.005	5	phi	0.0018872672594733926	8.154694591786154e-5
d081	0.005	5	phi	0.0021159825568989763	6.804340801589945e-5
d081	0.005	5	phi	0.0023752319840376667	6.594947331770477e-5
d081	0.005	5	phi	0.0026650158537247022	4.704524505064943e-5
d081	0.005	5	phi	0.002989077753483762	3.7626254067204234e-5
d081	0.005	5	phi	0.0033550511129892243	2.5787801311555825e-5
d081	0.005	5	phi	0.0037630823722051253	2.4405822043997808e-5
d081	0.005	5	phi	0.004220512937761092	1.5341718208675357e-5
d081	0.005	5	phi	0.004735268427364398	1.2585540877593336e-5
d081	0.005	5	phi	0.00531468965810924	1.109962796275587e-5
d081	0.005	5	phi	0.005966703895880201	8.322927782109634e-6
d081	0.005	5	phi	0.006691163505285742	7.148051193165257e-6
d081	0.005	5	phi	0.00750693386647431	5.230373578964169e-6
d081	0.005	5	phi	0.008425831166491782	4.3050914248321945e-6
d081	0.005	5	phi	0.009451452182471384	3.23151208910628e-6
d081	0.005	5	phi	0.010602808117072449	2.7354873851526758e-6
d081	0.005	5	phi	0.011899055913815891	2.1238490837644732e-6
d081	0.005	5	phi	0.013351719421174534	1.7708024436874726e-6
d081	0.005	5	phi	0.014979662876172375	1.3040148098043547e-6
d081	0.005	5	phi	0.016805933483363636	1.157626303935431e-6
d081	0.005	5	phi	0.0188570292540463	8.53664363628137e-7
d081	0.005	5	phi	0.021159887502757043	7.176332357138367e-7
d081	0.005	5	phi	0.023741006069205848	5.70272820404484e-7
d081	0.005	5	phi	0.026638552998525435	4.3991224473564977e-7
d081	0.005	5	phi	0.029886952690767608	3.383957198856542e-7
d081	0.005	5	phi	0.0335317139880143	2.947869220321272e-7
d081	0.005	5	phi	0.03762641841208682	2.2532555851605646e-7
d081	0.005	5	phi	0.042216867626638205	1.770262629784492e-7
d081	0.005	5	phi	0.047367581161098446	1.4613051734795012e-7
d081	0.005	5	phi	0.05314755428959493	1.1637196817371359e-7
d081	0.005	5	phi	0.05963268370222095	9.975295873115938e-8
d081	0.005	5	phi	0.06691097550584788	7.686334766145255e-8
d081	0.005	5	phi	0.07507374000353845	6.194770798014174e-8
d081	0.005	5	phi	0.0842315912160045	5.003577993725141e-8
d081	0.005	5	phi	0.09451026390588896	3.921351391618265e-8
d081	0.005	5	phi	0.10604341934190899	3.1880634072830985e-8
d081	0.005	5	phi	0.11898329021012795	2.571374912665658e-8
d081	0.005	5	phi	0.13350170578599946	2.1078319265088944e-8
d081	0.005	5	phi	0.14978906678461706	1.6835692759836038e-8
d081	0.005	5	phi	0.16806660120897057	1.3894957502226887e-8
d081	0.005	5	phi	0.18857454785745398	1.1269577514626908e-8
d081	0.005	5	phi	0.2115835334850689	9.171268234075786e-9
d081	0.005	5	phi	0.23739860927755593	7.639158913416685e-9
d081	0.005	5	phi	0.266366591568392	6.214044883394073e-9
d081	0.005	5	phi	0.29886901401039945	5.110590059168025e-9
d081	0.005	5	phi	0.33533636966402874	4.102890508795464e-9
d081	0.005	5	phi	0.3762531725804453	3.4590906291785997e-9
d081	0.005	5	phi	0.4221605298354539	2.748304189737144e-9
d081	0.005	5	phi	0.47367243381911905	2.27956380766934e-9
d081	0.01	1	t1	7.629388473795709e-6	2.021111081423811
d081	0.01	1	t1	1.525877694759142e-5	0.05973446911935198
d081	0.01	1	t1	2.2888165421387134e-5	0.02718785332635747
d081	0.01	1	t1	3.0517553895182842e-5	0.4603006792376165
d081	0.01	1	t1	3.814694236897854e-5	0.2497758786670081
d081	0.01	1	t1	4.577633084277418e-5	0.2635914605802978
d081	0.01	1	t1	5.340571931656997e-5	0.06592406928460735
d081	0.01	1	t1	6.10351077903657e-5	0.028461542012080114
d081	0.01	1	t1	6.86644962641613e-5	0.4133910947080882
d081	0.01	1	t1	7.629388473795709e-5	0.17227904693934484
d081	0.01	1	t1	8.392327321175269e-5	0.1499136547975039
d081	0.01	1	t1	9.529103149571589e-5	0.07889068172474423
d081	0.01	1	t1	0.00010681143863313985	0.06531312822726787
d081	0.01	1	t1	0.00011819397800303034	0.2289553492729572
d081	0.01	1	t1	0.00013345979153336977	0.09555846562604697
d081	0.01	1	t1	0.0001487241608614854	0.23110537439117548
d081	0.01	1	t1	0.00016773086992482195	0.09512946683806865
d081	0.01	1	t1	0.00019063293236353633	0.0680640987528429
d081	0.01	1	t1	0.00021353201256911329	0.04349113410971234
d081	0.01	1	t1	0.00023642897778077072	0.11776008987032734
d081	0.01	1	t1	0.0002630756059577625	0.12249055212037616
d081	0.01	1	t1	0.00029735037055581985	0.07623628419911391
d081	0.01	1	t1	0.00033551959004834276	0.060245446452298734
d081	0.01	1	t1	0.0003774297929274283	0.09888417585246019
d081	0.01	1	t1	0.0004232304713625064	0.09498623690364645
d081	0.01	1	t1	0.00047277581579931876	0.07968070817099629
d081	0.01	1	t1	0.000529954140682307	0.10338938089784111
d081	0.01	1	t1	0.0005947660315265448	0.09856639045080647
d081	0.01	1	t1	0.0006672115727191813	0.04271271424105656
d081	0.01	1	t1	0.0007510328933877064	0.11938855780797057
d081	0.01	1	t1	0.0008426357798242797	0.061885559311624934
d081	0.01	1	t1	0.000945469465562411	0.06544655677137869
d081	0.01	1	t1	0.0010637181906205887	0.07614584668826194
d081	0.01	1	t1	0.0011933427345577946	0.10524348343646321
d081	0.01	1	t1	0.001338234444659373	0.12110437733194454
d081	0.01	1	t1	0.0014983929255561702	0.12397917305428473
d081	0.01	1	t1	0.0016813062912522984	0.11951123148100257
d081	0.01	1	t1	0.0018872672594733926	0.19072442732199643
d081	0.01	1	t1	0.0021159825568989763	0.16256869461530896
d081	0.01	1	t1	0.0023752319840376667	0.14460635025392057
d081	0.01	1	t1	0.0026650158537247022	0.16385562143660035
d081	0.01	1	t1	0.002989077753483762	0.15118062227827372
d081	0.01	1	t1	0.0033550511129892243	0.1205249974087168
d081	0.01	1	t1	0.0037630823722051253	0.13771407405045272
d081	0.01	1	t1	0.004220512937761092	0.12980535657156383
d081	0.01	1	t1	0.004735268427364398	0.08875909686897303
d081	0.01	1	t1	0.00531468965810924	0.1269353404048695
d081	0.01	1	t1	0.005966703895880201	0.10691243839907107
d081	0.01	1	t1	0.006691163505285742	0.11344008009720881
d081	0.01	1	t1	0.00750693386647431	0.09631250329235085
d081	0.01	1	t1	0.008425831166491782	0.10040446773236643
d081	0.01	1	t1	0.009451452182471384	0.1008855222562047
d081	0.01	1	t1	0.010602808117072449	0.10967461424341829
d081	0.01	1	t1	0.011899055913815891	0.09629309665647649
d081	0.01	1	t1	0.013351719421174534	0.10134644466910377
d081	0.01	1	t1	0.014979662876172375	0.10140402399867815
d081	0.01	1	t1	0.016805933483363636	0.09632538655143796
d081	0.01	1	t1	0.0188570292540463	0.09445440068484538
d081	0.01	1	t1	0.021159887502757043	0.10037707876512264
d081	0.01	1	t1	0.023741006069205848	0.09011526994015233
d081	0.01	1	t1	0.026638552998525435	0.08950492920333393
d081	0.01	1	t1	0.029886952690767608	0.09404710544422497
d081	0.01	1	t1	0.0335317139880143	0.0896049356633112
d081	0.01	1	t1	0.03762641841208682	0.07799246644617373
d081	0.01	1	t1	0.042216867626638205	0.07900244916798768
d081	0.01	1	t1	0.047367581161098446	0.0758124535402608
d081	0.01	1	t1	0.05314755428959493	0.07562677908818771
d081	0.01	1	t1	0.05963268370222095	0.07346459417545775
d081	0.01	1	t1	0.06691097550584788	0.06677022245701987
d081	0.01	1	t1	0.07507374000353845	0.0685727661463622
d081	0.01	1	t1	0.0842315912160045	0.06135079999990178
d081	0.01	1	t1	0.09451026390588896	0.06307572192083248
d081	0.01	1	t1	0.10604341934190899	0.05654222832067432
d081	0.01	1	t1	0.11898329021012795	0.05662553972294535
d081	0.01	1	t1	0.13350170578599946	0.05549162115154093
d081	0.01	1	t1	0.14978906678461706	0.05051416355413384
d081	0.01	1	t1	0.16806660120897057	0.04969084067877984
d081	0.01	1	t1	0.18857454785745398	0.047638592725696045
d081	0.01	1	t1	0.2115835334850689	0.046963132877388084
d081	0.01	1	t1	0.23739860927755593	0.0455582466127878
d081	0.01	1	t1	0.266366591568392	0.043290783879213396
d081	0.01	1	t1	0.29886901401039945	0.04172740456687734
d081	0.01	1	t1	0.33533636966402874	0.04129013779959548
d081	0.01	1	t1	0.3762531725804453	0.0417312728883155
d081	0.01	1	t1	0.4221605298354539	0.04047387147692184
d081	0.01	1	t1	0.47367243381911905	0.03928243963214025
d081	0.01	1	phi	7.629388473795709e-6	1.717434839505337
d081	0.01	1	phi	1.525877694759142e-5	0.8581486034603796
d081	0.01	1	phi	2.2888165421387134e-5	0.08941033293101508
d081	0.01	1	phi	3.0517553895182842e-5	0.0863675527993545
d081	0.01	1	phi	3.814694236897854e-5	0.4103744478701808
d081	0.01	1	phi	4.577633084277418e-5	0.0570912583116415
d081	0.01	1	phi	5.340571931656997e-5	0.25176465229717976
d081	0.01	1	phi	6.10351077903657e-5	0.040154358787561996
d081	0.01	1	phi	6.86644962641613e-5	0.0626768635717693
d081	0.01	1	phi	7.629388473795709e-5	0.0763320747599089
d081	0.01	1	phi	8.392327321175269e-5	0.2355474781009989
d081	0.01	1	phi	9.529103149571589e-5	0.0372341117563998
d081	0.01	1	phi	0.00010681143863313985	0.013721944320797666
d081	0.01	1	phi	0.00011819397800303034	0.13672717194502748
d081	0.01	1	phi	0.00013345979153336977	0.06505968054638735
d081	0.01	1	phi	0.0001487241608614854	0.05381111941153088
d081	0.01	1	phi	0.00016773086992482195	0.10268237524779626
d081	0.01	1	phi	0.00019063293236353633	0.11768692008262543
d081	0.01	1	phi	0.00021353201256911329	0.06204048069626389
d081	0.01	1	phi	0.00023642897778077072	0.07228002065416483
d081	0.01	1	phi	0.0002630756059577625	0.062267723916684614
d081	0.01	1	phi	0.00029735037055581985	0.021322395333301623
d081	0.01	1	phi	0.00033551959004834276	0.03969142798529277
d081	0.01	1	phi	0.0003774297929274283	0.029544794254325425
d081	0.01	1	phi	0.0004232304713625064	0.026173738779358847
d081	0.01	1	phi	0.00047277581579931876	0.03642164817552486
d081	0.01	1	phi	0.000529954140682307	0.021171910876974964
d081	0.01	1	phi	0.0005947660315265448	0.014182191848290948
d081	0.01	1	phi	0.0006672115727191813	0.011987242777386314
d081	0.01	1	phi	0.0007510328933877064	0.015538098377945541
d081	0.01	1	phi	0.0008426357798242797	0.01250769030886382
d081	0.01	1	phi	0.000945469465562411	0.006546691495015208
d081	0.01	1	phi	0.0010637181906205887	0.008179424742409451
d081	0.01	1	phi	0.0011933427345577946	0.004553446827725345
d081	0.01	1	phi	0.001338234444659373	0.006980387391592735
d081	0.01	1	phi	0.0014983929255561702	0.005091501345592915
d081	0.01	1	phi	0.0016813062912522984	0.002690911160487049
d081	0.01	1	phi	0.0018872672594733926	0.004409927415058529
d081	0.01	1	phi	0.0021159825568989763	0.0031469044174235847
d081	0.01	1	phi	0.0023752319840376667	0.0019029694125481354
d081	0.01	1	phi	0.0026650158537247022	0.0013301357032438324
d081	0.01	1	phi	0.002989077753483762	0.0010611134522932719
d081	0.01	1	phi	0.0033550511129892243	0.0007563241068988619
d081	0.01	1	phi	0.0037630823722051253	0.0004744876779727689
d081	0.01	1	phi	0.004220512937761092	0.00039956791255605045
d081	0.01	1	phi	0.004735268427364398	0.00029626405022833665
d081	0.01	1	phi	0.00531468965810924	0.00017262501927445232
d081	0.01	1	phi	0.005966703895880201	0.00016094796625711058
d081	0.01	1	phi	0.006691163505285742	0.00010014771414720864
d081	0.01	1	phi	0.00750693386647431	8.935393966674244e-5
d081	0.01	1	phi	0.008425831166491782	5.95713381876286e-5
d081	0.01	1	phi	0.009451452182471384	4.030045885643918e-5
d081	0.01	1	phi	0.010602808117072449	3.6719238803261845e-5
d081	0.01	1	phi	0.011899055913815891	2.521824256288928e-5
d081	0.01	1	phi	0.013351719421174534	1.8298206419240675e-5
d081	0.01	1	phi	0.014979662876172375	1.6150236723950463e-5
d081	0.01	1	phi	0.016805933483363636	1.1266140294182957e-5
d081	0.01	1	phi	0.0188570292540463	9.164655931271659e-6
d081	0.01	1	phi	0.021159887502757043	6.963278819397834e-6
d081	0.01	1	phi	0.023741006069205848	5.651590815656789e-6
d081	0.01	1	phi	0.026638552998525435	4.29282142532801e-6
d081	0.01	1	phi	0.029886952690767608	3.4612865583372148e-6
d081	0.01	1	phi	0.0335317139880143	2.963066259038569e-6
d081	0.01	1	phi	0.03762641841208682	2.4329414271612014e-6
d081	0.01	1	phi	0.042216867626638205	1.8780781099936306e-6
d081	0.01	1	phi	0.047367581161098446	1.6146107216123546e-6
d081	0.01	1	phi	0.05314755428959493	1.3582797096545618e-6
d081	0.01	1	phi	0.05963268370222095	1.0981260981670136e-6
d081	0.01	1	phi	0.06691097550584788	1.0022421267227553e-6
d081	0.01	1	phi	0.07507374000353845	8.59245815280108e-7
d081	0.01	1	phi	0.0842315912160045	7.165384005985287e-7
d081	0.01	1	phi	0.09451026390588896	5.803377302013043e-7
d081	0.01	1	phi	0.10604341934190899	5.219849624110488e-7
d081	0.01	1	phi	0.11898329021012795	4.2357190868103213e-7
d081	0.01	1	phi	0.13350170578599946	3.4063203633547436e-7
d081	0.01	1	phi	0.14978906678461706	2.75743267204147e-7
d081	0.01	1	phi	0.16806660120897057	2.3003232643518922e-7
d081	0.01	1	phi	0.18857454785745398	1.8089379918565153e-7
d081	0.01	1	phi	0.2115835334850689	1.4891719545750621e-7
d081	0.01	1	phi	0.23739860927755593	1.2466013290958507e-7
d081	0.01	1	phi	0.266366591568392	1.0184418368768131e-7
d081	0.01	1	phi	0.29886901401039945	8.155523604929045e-8
d081	0.01	1	phi	0.33533636966402874	6.783414239859111e-8
d081	0.01	1	phi	0.3762531725804453	5.5899875063772675e-8
d081	0.01	1	phi	0.4221605298354539	4.586492241454253e-8
d081	0.01	1	phi	0.47367243381911905	3.873742060547485e-8
d081	0.01	2	t1	7.629388473795709e-6	0.2817506611411256
d081	0.01	2	t1	1.525877694759142e-5	0.005274416709928878
d081	0.01	2	t1	2.2888165421387134e-5	0.08233759618238225
d081	0.01	2	t1	3.0517553895182842e-5	0.023184558104304635
d081	0.01	2	t1	3.814694236897854e-5	0.041249403748037206
d081	0.01	2	t1	4.577633084277418e-5	0.0680230957633499
d081	0.01	2	t1	5.340571931656997e-5	0.19489635235333017
d081	0.01	2	t1	6.10351077903657e-5	0.03350734857381109
d081	0.01	2	t1	6.86644962641613e-5	0.01499436335374532
d081	0.01	2	t1	7.629388473795709e-5	0.07767943703358535
d081	0.01	2	t1	8.392327321175269e-5	0.06620050585794739
d081	0.01	2	t1	9.529103149571589e-5	0.070896025454035
d081	0.01	2	t1	0.00010681143863313985	0.027561230711840204
d081	0.01	2	t1	0.00011819397800303034	0.21870535265630536
d081	0.01	2	t1	0.00013345979153336977	0.05669663597649822
d081	0.01	2	t1	0.0001487241608614854	0.25158887039979655
d081	0.01	2	t1	0.00016773086992482195	0.1235812727929011
d081	0.01	2	t1	0.00019063293236353633	0.0035765708187717325
d081	0.01	2	t1	0.00021353201256911329	0.048405546082235275
d081	0.01	2	t1	0.00023642897778077072	0.0643694377841738
d081	0.01	2	t1	0.0002630756059577625	0.11674910626121643
d081	0.01	2	t1	0.00029735037055581985	0.1589997538734385
d081	0.01	2	t1	0.00033551959004834276	0.16152502096794855
d081	0.01	2	t1	0.0003774297929274283	0.060568479983631573
d081	0.01	2	t1	0.0004232304713625064	0.10014305358947523
d081	0.01	2	t1	0.00047277581579931876	0.05792108807345634
d081	0.01	2	t1	0.000529954140682307	0.05735370113152022
d081	0.01	2	t1	0.0005947660315265448	0.13659630962787633
d081	0.01	2	t1	0.0006672115727191813	0.15285898823309257
d081	0.01	2	t1	0.0007510328933877064	0.11244406582291477
d081	0.01	2	t1	0.0008426357798242797	0.14153248038694732
d081	0.01	2	t1	0.000945469465562411	0.12877860719464318
d081	0.01	2	t1	0.0010637181906205887	0.1555221216210564
d081	0.01	2	t1	0.0011933427345577946	0.12906002284619014
d081	0.01	2	t1	0.001338234444659373	0.1003075781442245
d081	0.01	2	t1	0.0014983929255561702	0.16969608740961972
d081	0.01	2	t1	0.0016813062912522984	0.1024176345029677
d081	0.01	2	t1	0.0018872672594733926	0.1366045081004116
d081	0.01	2	t1	0.0021159825568989763	0.21430182199079556
d081	0.01	2	t1	0.0023752319840376667	0.1402760743833432
d081	0.01	2	t1	0.0026650158537247022	0.1901958464566904
d081	0.01	2	t1	0.002989077753483762	0.1882803536304319
d081	0.01	2	t1	0.0033550511129892243	0.16563712770632677
d081	0.01	2	t1	0.0037630823722051253	0.14851264700159492
d081	0.01	2	t1	0.004220512937761092	0.12855723343300926
d081	0.01	2	t1	0.004735268427364398	0.12591261988299496
d081	0.01	2	t1	0.00531468965810924	0.12727282116108243
d081	0.01	2	t1	0.005966703895880201	0.10793173748823166
d081	0.01	2	t1	0.006691163505285742	0.11453621908145442
d081	0.01	2	t1	0.00750693386647431	0.09860153022144623
d081	0.01	2	t1	0.008425831166491782	0.11508917172750817
d081	0.01	2	t1	0.009451452182471384	0.12346911372329186
d081	0.01	2	t1	0.010602808117072449	0.12202535974842361
d081	0.01	2	t1	0.011899055913815891	0.10539831802718354
d081	0.01	2	t1	0.013351719421174534	0.11411912270824111
d081	0.01	2	t1	0.014979662876172375	0.10470172676593278
d081	0.01	2	t1	0.016805933483363636	0.09831482391577501
d081	0.01	2	t1	0.0188570292540463	0.10394880416010889
d081	0.01	2	t1	0.021159887502757043	0.09899964381358507
d081	0.01	2	t1	0.023741006069205848	0.10408849693100486
d081	0.01	2	t1	0.026638552998525435	0.10244537808612547
d081	0.01	2	t1	0.029886952690767608	0.09130808962284889
d081	0.01	2	t1	0.0335317139880143	0.09135604157635624
d081	0.01	2	t1	0.03762641841208682	0.09063036291574311
d081	0.01	2	t1	0.042216867626638205	0.0906979312124642
d081	0.01	2	t1	0.047367581161098446	0.08330476631453035
d081	0.01	2	t1	0.05314755428959493	0.08193238267823659
d081	0.01	2	t1	0.05963268370222095	0.08035406806250785
d081	0.01	2	t1	0.06691097550584788	0.07614977069790671
d081	0.01	2	t1	0.07507374000353845	0.07891126386823454
d081	0.01	2	t1	0.0842315912160045	0.0702247616436615
d081	0.01	2	t1	0.09451026390588896	0.06844228905409537
d081	0.01	2	t1	0.10604341934190899	0.0628124842609207
d081	0.01	2	t1	0.11898329021012795	0.05892577908401811
d081	0.01	2	t1	0.13350170578599946	0.059941778027634854
d081	0.01	2	t1	0.14978906678461706	0.05858923828008936
d081	0.01	2	t1	0.16806660120897057	0.05511587616220483
d081	0.01	2	t1	0.18857454785745398	0.051026002069687416
d081	0.01	2	t1	0.2115835334850689	0.051921445732279865
d081	0.01	2	t1	0.23739860927755593	0.049043716110528976
d081	0.01	2	t1	0.266366591568392	0.047736773316506234
d081	0.01	2	t1	0.29886901401039945	0.04565137429378941
d081	0.01	2	t1	0.33533636966402874	0.04579419773581349
d081	0.01	2	t1	0.3762531725804453	0.044624857613291644
d081	0.01	2	t1	0.4221605298354539	0.04428237875283197
d081	0.01	2	t1	0.47367243381911905	0.04432055267298658
d081	0.01	2	phi	7.629388473795709e-6	1.9132767777537725
d081	0.01	2	phi	1.525877694759142e-5	1.0173082077066684
d081	0.01	2	phi	2.2888165421387134e-5	0.2641401701913176
d081	0.01	2	phi	3.0517553895182842e-5	0.1310902595181767
d081	0.01	2	phi	3.814694236897854e-5	0.03455608985576031
d081	0.01	2	phi	4.577633084277418e-5	0.483178094105138
d081	0.01	2	phi	5.340571931656997e-5	0.28973095199574106
d081	0.01	2	phi	6.10351077903657e-5	0.19148998344903934
d081	0.01	2	phi	6.86644962641613e-5	0.04374219254324781
d081	0.01	2	phi	7.629388473795709e-5	0.18985293951488072
d081	0.01	2	phi	8.392327321175269e-5	0.09461626101226592
d081	0.01	2	phi	9.529103149571589e-5	0.05824270199018691
d081	0.01	2	phi	0.00010681143863313985	0.12047987415555152
d081	0.01	2	phi	0.00011819397800303034	0.0037129554655051223
d081	0.01	2	phi	0.00013345979153336977	0.06495553587017983
d081	0.01	2	phi	0.0001487241608614854	0.02071651798566853
d081	0.01	2	phi	0.00016773086992482195	0.057609682031110464
d081	0.01	2	phi	0.00019063293236353633	0.09590554110877085
d081	0.01	2	phi	0.00021353201256911329	0.0941006097071627
d081	0.01	2	phi	0.00023642897778077072	0.058955456096994395
d081	0.01	2	phi	0.0002630756059577625	0.05303281223632156
d081	0.01	2	phi	0.00029735037055581985	0.02532412028386453
d081	0.01	2	phi	0.00033551959004834276	0.03322741908631685
d081	0.01	2	phi	0.0003774297929274283	0.03288428121341435
d081	0.01	2	phi	0.0004232304713625064	0.02657405558396346
d081	0.01	2	phi	0.00047277581579931876	0.012310130695874392
d081	0.01	2	phi	0.000529954140682307	0.018242836870543976
d081	0.01	2	phi	0.0005947660315265448	0.02385597706093003
d081	0.01	2	phi	0.0006672115727191813	0.02391658411240981
d081	0.01	2	phi	0.0007510328933877064	0.012550784428591567
d081	0.01	2	phi	0.0008426357798242797	0.011119377491438293
d081	0.01	2	phi	0.000945469465562411	0.0092425098525892
d081	0.01	2	phi	0.0010637181906205887	0.010398218349744928
d081	0.01	2	phi	0.0011933427345577946	0.004960469565547294
d081	0.01	2	phi	0.001338234444659373	0.005546345033495946
d081	0.01	2	phi	0.0014983929255561702	0.005511159337638974
d081	0.01	2	phi	0.0016813062912522984	0.004039805281879046
d081	0.01	2	phi	0.0018872672594733926	0.0024888128354100827
d081	0.01	2	phi	0.0021159825568989763	0.003788007517271337
d081	0.01	2	phi	0.0023752319840376667	0.0016004811670832944
d081	0.01	2	phi	0.0026650158537247022	0.0017426188195370372
d081	0.01	2	phi	0.002989077753483762	0.0013899963244086945
d081	0.01	2	phi	0.0033550511129892243	0.0010393506888827435
d081	0.01	2	phi	0.0037630823722051253	0.0005413610932030083
d081	0.01	2	phi	0.004220512937761092	0.000352157758354173
d081	0.01	2	phi	0.004735268427364398	0.000324645188523317
d081	0.01	2	phi	0.00531468965810924	0.00021547039327200046
d081	0.01	2	phi	0.005966703895880201	0.00015119916828986772
d081	0.01	2	phi	0.006691163505285742	0.00011282670952769381
d081	0.01	2	phi	0.00750693386647431	7.845855637136926e-5
d081	0.01	2	phi	0.008425831166491782	6.5450513886343e-5
d081	0.01	2	phi	0.009451452182471384	4.691648891180185e-5
d081	0.01	2	phi	0.010602808117072449	3.467377316747106e-5
d081	0.01	2	phi	0.011899055913815891	2.598052599072378e-5
d081	0.01	2	phi	0.013351719421174534	2.01255692914189e-5
d081	0.01	2	phi	0.014979662876172375	1.4937492036310953e-5
d081	0.01	2	phi	0.016805933483363636	1.2246516284460781e-5
d081	0.01	2	phi	0.0188570292540463	8.984962570139602e-6
d081	0.01	2	phi	0.021159887502757043	7.134932778838989e-6
d081	0.01	2	phi	0.023741006069205848	5.58817099838569e-6
d081	0.01	2	phi	0.026638552998525435	4.475461579031822e-6
d081	0.01	2	phi	0.029886952690767608	3.5921733164788966e-6
d081	0.01	2	phi	0.0335317139880143	2.9741158988179567e-6
d081	0.01	2	phi	0.03762641841208682	2.292331692928425e-6
d081	0.01	2	phi	0.042216867626638205	1.840428491293735e-6
d081	0.01	2	phi	0.047367581161098446	1.582242044694458e-6
d081	0.01	2	phi	0.05314755428959493	1.3300548079891302e-6
d081	0.01	2	phi	0.05963268370222095	1.1935360306308936e-6
d081	0.01	2	phi	0.06691097550584788	9.918410901027751e-7
d081	0.01	2	phi	0.07507374000353845	8.72760323889727e-7
d081	0.01	2	phi	0.0842315912160045	7.070703236722641e-7
d081	0.01	2	phi	0.09451026390588896	5.981521704671205e-7
d081	0.01	2	phi	0.10604341934190899	5.163308451731883e-7
d081	0.01	2	phi	0.11898329021012795	4.111676715359031e-7
d081	0.01	2	phi	0.13350170578599946	3.2923972994364004e-7
d081	0.01	2	phi	0.14978906678461706	2.683830083267939e-7
d081	0.01	2	phi	0.16806660120897057	2.278391068073819e-7
d081	0.01	2	phi	0.18857454785745398	1.7602538945673702e-7
d081	0.01	2	phi	0.2115835334850689	1.4699368451349992e-7
d081	0.01	2	phi	0.23739860927755593	1.225594171786871e-7
d081	0.01	2	phi	0.266366591568392	9.735226355021635e-8
d081	0.01	2	phi	0.29886901401039945	8.405193529755671e-8
d081	0.01	2	phi	0.33533636966402874	6.755068767756845e-8
d081	0.01	2	phi	0.3762531725804453	5.737968769787484e-8
d081	0.01	2	phi	0.4221605298354539	4.656396996307784e-8
d081	0.01	2	phi	0.47367243381911905	3.832163642586104e-8
d081	0.01	3	t1	7.629388473795709e-6	0.7243872947224687
d081	0.01	3	t1	1.525877694759142e-5	0.038055696585630586
d081	0.01	3	t1	2.2888165421387134e-5	0.338079384433762
d081	0.01	3	t1	3.0517553895182842e-5	0.5432928711100883
d081	0.01	3	t1	3.814694236897854e-5	0.2136375182963486
d081	0.01	3	t1	4.577633084277418e-5	0.17528221047507148
d081	0.01	3	t1	5.340571931656997e-5	0.124485965006465
d081	0.01	3	t1	6.10351077903657e-5	0.2742002644517163
d081	0.01	3	t1	6.86644962641613e-5	0.04604552251018342
d081	0.01	3	t1	7.629388473795709e-5	0.13764167976842528
d081	0.01	3	t1	8.392327321175269e-5	0.09237692086680108
d081	0.01	3	t1	9.529103149571589e-5	0.029311964664714682
d081	0.01	3	t1	0.00010681143863313985	0.0022728548129519336
d081	0.01	3	t1	0.00011819397800303034	0.0070754979419332615
d081	0.01	3	t1	0.00013345979153336977	0.03269012198069901
d081	0.01	3	t1	0.0001487241608614854	0.11137598915082102
d081	0.01	3	t1	0.00016773086992482195	0.16788703468457153
d081	0.01	3	t1	0.00019063293236353633	0.06765114548236299
d081	0.01	3	t1	0.00021353201256911329	0.09772864347039185
d081	0.01	3	t1	0.00023642897778077072	0.0802112357272865
d081	0.01	3	t1	0.0002630756059577625	0.08488735236197589
d081	0.01	3	t1	0.00029735037055581985	0.09800603138059513
d081	0.01	3	t1	0.00033551959004834276	0.08251682165271153
d081	0.01	3	t1	0.0003774297929274283	0.11633575744047002
d081	0.01	3	t1	0.0004232304713625064	0.09863716347392408
d081	0.01	3	t1	0.00047277581579931876	0.059397208779116535
d081	0.01	3	t1	0.000529954140682307	0.11443072751640505
d081	0.01	3	t1	0.0005947660315265448	0.08845718021120932
d081	0.01	3	t1	0.0006672115727191813	0.12304182039369116
d081	0.01	3	t1	0.0007510328933877064	0.13683777983978265
d081	0.01	3	t1	0.0008426357798242797	0.09190474784559355
d081	0.01	3	t1	0.000945469465562411	0.07480563822740244
d081	0.01	3	t1	0.0010637181906205887	0.17048109461436087
d081	0.01	3	t1	0.0011933427345577946	0.12491281691662198
d081	0.01	3	t1	0.001338234444659373	0.14162220269226342
d081	0.01	3	t1	0.0014983929255561702	0.16196898458289669
d081	0.01	3	t1	0.0016813062912522984	0.17041811617644906
d081	0.01	3	t1	0.0018872672594733926	0.09815636285421014
d081	0.01	3	t1	0.0021159825568989763	0.14639895608157852
d081	0.01	3	t1	0.0023752319840376667	0.17527978072340555
d081	0.01	3	t1	0.0026650158537247022	0.1397783217266511
d081	0.01	3	t1	0.002989077753483762	0.14132705417974456
d081	0.01	3	t1	0.0033550511129892243	0.15744247229984176
d081	0.01	3	t1	0.0037630823722051253	0.13534169926448544
d081	0.01	3	t1	0.004220512937761092	0.11746187963507759
d081	0.01	3	t1	0.004735268427364398	0.12002412373932907
d081	0.01	3	t1	0.00531468965810924	0.10828108796276506
d081	0.01	3	t1	0.005966703895880201	0.10377002520239659
d081	0.01	3	t1	0.006691163505285742	0.12470114934024223
d081	0.01	3	t1	0.00750693386647431	0.1065045576306288
d081	0.01	3	t1	0.008425831166491782	0.10944506279621666
d081	0.01	3	t1	0.009451452182471384	0.12387293647728237
d081	0.01	3	t1	0.010602808117072449	0.10562975129299375
d081	0.01	3	t1	0.011899055913815891	0.10104093708091683
d081	0.01	3	t1	0.013351719421174534	0.09966187963641229
d081	0.01	3	t1	0.014979662876172375	0.09819148603477154
d081	0.01	3	t1	0.016805933483363636	0.10382485237751145
d081	0.01	3	t1	0.0188570292540463	0.09654279483748736
d081	0.01	3	t1	0.021159887502757043	0.10095528567287271
d081	0.01	3	t1	0.023741006069205848	0.08627666240011701
d081	0.01	3	t1	0.026638552998525435	0.09309675003105476
d081	0.01	3	t1	0.029886952690767608	0.0886406779198506
d081	0.01	3	t1	0.0335317139880143	0.09344358635699562
d081	0.01	3	t1	0.03762641841208682	0.08889444540440183
d081	0.01	3	t1	0.042216867626638205	0.07906976830536942
d081	0.01	3	t1	0.047367581161098446	0.08267919388237407
d081	0.01	3	t1	0.05314755428959493	0.07925002474653398
d081	0.01	3	t1	0.05963268370222095	0.0765495568223837
d081	0.01	3	t1	0.06691097550584788	0.07395861996186233
d081	0.01	3	t1	0.07507374000353845	0.07001482340197611
d081	0.01	3	t1	0.0842315912160045	0.06927406099495242
d081	0.01	3	t1	0.09451026390588896	0.06252111034299622
d081	0.01	3	t1	0.10604341934190899	0.058509507503281835
d081	0.01	3	t1	0.11898329021012795	0.05631703561303909
d081	0.01	3	t1	0.13350170578599946	0.05465021999747043
d081	0.01	3	t1	0.14978906678461706	0.052511187171804696
d081	0.01	3	t1	0.16806660120897057	0.049659638086020426
d081	0.01	3	t1	0.18857454785745398	0.04895391194023902
d081	0.01	3	t1	0.2115835334850689	0.046755937075204236
d081	0.01	3	t1	0.23739860927755593	0.044334058565873594
d081	0.01	3	t1	0.266366591568392	0.04567848936974051
d081	0.01	3	t1	0.29886901401039945	0.04377679690394902
d081	0.01	3	t1	0.33533636966402874	0.04277946257780412
d081	0.01	3	t1	0.3762531725804453	0.042591552216335045
d081	0.01	3	t1	0.4221605298354539	0.041416945481240704
d081	0.01	3	t1	0.47367243381911905	0.04134450011200987
d081	0.01	3	phi	7.629388473795709e-6	0.6901457255370131
d081	0.01	3	phi	1.525877694759142e-5	0.6140576662465339
d081	0.01	3	phi	2.2888165421387134e-5	0.17974846926838622
d081	0.01	3	phi	3.0517553895182842e-5	0.1622346448682973
d081	0.01	3	phi	3.814694236897854e-5	0.027888040854617324
d081	0.01	3	phi	4.577633084277418e-5	0.3538481636742287
d081	0.01	3	phi	5.340571931656997e-5	0.31723170731582695
d081	0.01	3	phi	6.10351077903657e-5	0.1735941656127456
d081	0.01	3	phi	6.86644962641613e-5	0.032026402095377396
d081	0.01	3	phi	7.629388473795709e-5	0.0629448103780701
d081	0.01	3	phi	8.392327321175269e-5	0.48603903615238847
d081	0.01	3	phi	9.529103149571589e-5	0.06924543772579114
d081	0.01	3	phi	0.00010681143863313985	0.11921569587705844
d081	0.01	3	phi	0.00011819397800303034	0.08971427028985103
d081	0.01	3	phi	0.00013345979153336977	0.023575057969078106
d081	0.01	3	phi	0.0001487241608614854	0.06720315988186303
d081	0.01	3	phi	0.00016773086992482195	0.09820274857961474
d081	0.01	3	phi	0.00019063293236353633	0.040675317826382784
d081	0.01	3	phi	0.00021353201256911329	0.029059092054103817
d081	0.01	3	phi	0.00023642897778077072	0.04776230209323629
d081	0.01	3	phi	0.0002630756059577625	0.019706559773094177
d081	0.01	3	phi	0.00029735037055581985	0.03676419441577614
d081	0.01	3	phi	0.00033551959004834276	0.03585960933160587
d081	0.01	3	phi	0.0003774297929274283	0.046487191152908613
d081	0.01	3	phi	0.0004232304713625064	0.01878071779312291
d081	0.01	3	phi	0.00047277581579931876	0.021376149280577895
d081	0.01	3	phi	0.000529954140682307	0.026262620617645265
d081	0.01	3	phi	0.0005947660315265448	0.008527865645361846
d081	0.01	3	phi	0.0006672115727191813	0.020310375965312922
d081	0.01	3	phi	0.0007510328933877064	0.013183092642919047
d081	0.01	3	phi	0.0008426357798242797	0.010014056595980132
d081	0.01	3	phi	0.000945469465562411	0.010165292232038103
d081	0.01	3	phi	0.0010637181906205887	0.009585120069930517
d081	0.01	3	phi	0.0011933427345577946	0.008075748403185022
d081	0.01	3	phi	0.001338234444659373	0.005292507754875414
d081	0.01	3	phi	0.0014983929255561702	0.003893824990520708
d081	0.01	3	phi	0.0016813062912522984	0.003676628912989903
d081	0.01	3	phi	0.0018872672594733926	0.002527152468613354
d081	0.01	3	phi	0.0021159825568989763	0.002091329482886386
d081	0.01	3	phi	0.0023752319840376667	0.0020892071009974283
d081	0.01	3	phi	0.0026650158537247022	0.0013897808854389556
d081	0.01	3	phi	0.002989077753483762	0.0009959096505848981
d081	0.01	3	phi	0.0033550511129892243	0.0008964240204906106
d081	0.01	3	phi	0.0037630823722051253	0.000526140529132201
d081	0.01	3	phi	0.004220512937761092	0.0003679201680600899
d081	0.01	3	phi	0.004735268427364398	0.00026331819659830064
d081	0.01	3	phi	0.00531468965810924	0.0001774294643037103
d081	0.01	3	phi	0.005966703895880201	0.00012944828546313926
d081	0.01	3	phi	0.006691163505285742	0.0001043697970084192
d081	0.01	3	phi	0.00750693386647431	7.472414796525261e-5
d081	0.01	3	phi	0.008425831166491782	5.8900055289829256e-5
d081	0.01	3	phi	0.009451452182471384	4.8688642199615154e-5
d081	0.01	3	phi	0.010602808117072449	2.6737079734403364e-5
d081	0.01	3	phi	0.011899055913815891	2.2107178536063775e-5
d081	0.01	3	phi	0.013351719421174534	1.735907091633745e-5
d081	0.01	3	phi	0.014979662876172375	1.2408452545672062e-5
d081	0.01	3	phi	0.016805933483363636	9.34330476274152e-6
d081	0.01	3	phi	0.0188570292540463	8.279030804232344e-6
d081	0.01	3	phi	0.021159887502757043	6.953210008792685e-6
d081	0.01	3	phi	0.023741006069205848	4.871406701084405e-6
d081	0.01	3	phi	0.026638552998525435	3.976980397503704e-6
d081	0.01	3	phi	0.029886952690767608	3.2413929058161086e-6
d081	0.01	3	phi	0.0335317139880143	2.5644905435747016e-6
d081	0.01	3	phi	0.03762641841208682	2.033745547038992e-6
d081	0.01	3	phi	0.042216867626638205	1.6693169547532117e-6
d081	0.01	3	phi	0.047367581161098446	1.3971024151134725e-6
d081	0.01	3	phi	0.05314755428959493	1.1730478338450767e-6
d081	0.01	3	phi	0.05963268370222095	1.0011430527545375e-6
d081	0.01	3	phi	0.06691097550584788	8.010596181355604e-7
d081	0.01	3	phi	0.07507374000353845	7.551906845255352e-7
d081	0.01	3	phi	0.0842315912160045	6.040252730430253e-7
d081	0.01	3	phi	0.09451026390588896	5.569142556452045e-7
d081	0.01	3	phi	0.10604341934190899	4.598931224440786e-7
d081	0.01	3	phi	0.11898329021012795	3.8250916496968373e-7
d081	0.01	3	phi	0.13350170578599946	3.242825237684757e-7
d081	0.01	3	phi	0.14978906678461706	2.523894482696448e-7
d081	0.01	3	phi	0.16806660120897057	2.0150410212066744e-7
d081	0.01	3	phi	0.18857454785745398	1.6807652109725064e-7
d081	0.01	3	phi	0.2115835334850689	1.3553982240629423e-7
d081	0.01	3	phi	0.23739860927755593	1.1628100577750577e-7
d081	0.01	3	phi	0.266366591568392	9.319303468882696e-8
d081	0.01	3	phi	0.29886901401039945	8.030213373278581e-8
d081	0.01	3	phi	0.33533636966402874	6.429958821501664e-8
d081	0.01	3	phi	0.3762531725804453	5.268900602511741e-8
d081	0.01	3	phi	0.4221605298354539	4.290207713439214e-8
d081	0.01	3	phi	0.47367243381911905	3.6656183546620506e-8
d081	0.01	4	t1	7.629388473795709e-6	0.07491489690483241
d081	0.01	4	t1	1.525877694759142e-5	0.2446876747696051
d081	0.01	4	t1	2.2888165421387134e-5	0.10229926023114873
d081	0.01	4	t1	3.0517553895182842e-5	0.15817516351222485
d081	0.01	4	t1	3.814694236897854e-5	0.33731005585319396
d081	0.01	4	t1	4.577633084277418e-5	0.30797740241102123
d081	0.01	4	t1	5.340571931656997e-5	0.31380844394335256
d081	0.01	4	t1	6.10351077903657e-5	0.02840171160227191
d081	0.01	4	t1	6.86644962641613e-5	0.035945020659460356
d081	0.01	4	t1	7.629388473795709e-5	0.22254867153651003
d081	0.01	4	t1	8.392327321175269e-5	0.08851847913094071
d081	0.01	4	t1	9.529103149571589e-5	0.19599791216677337
d081	0.01	4	t1	0.00010681143863313985	0.020129966936035578
d081	0.01	4	t1	0.00011819397800303034	0.06423421646483879
d081	0.01	4	t1	0.00013345979153336977	0.07098174884601258
d081	0.01	4	t1	0.0001487241608614854	0.0847472422583985
d081	0.01	4	t1	0.00016773086992482195	0.13021629314127586
d081	0.01	4	t1	0.00019063293236353633	0.04519968689120693
d081	0.01	4	t1	0.00021353201256911329	0.1749871901417294
d081	0.01	4	t1	0.00023642897778077072	0.028074219412841408
d081	0.01	4	t1	0.0002630756059577625	0.054084046465066565
d081	0.01	4	t1	0.00029735037055581985	0.07210535756686068
d081	0.01	4	t1	0.00033551959004834276	0.05484416506797962
d081	0.01	4	t1	0.0003774297929274283	0.05425066932985789
d081	0.01	4	t1	0.0004232304713625064	0.05131666812608701
d081	0.01	4	t1	0.00047277581579931876	0.13133842103449941
d081	0.01	4	t1	0.000529954140682307	0.07226025042897466
d081	0.01	4	t1	0.0005947660315265448	0.1181640311064707
d081	0.01	4	t1	0.0006672115727191813	0.07867082290069086
d081	0.01	4	t1	0.0007510328933877064	0.1372750561623932
d081	0.01	4	t1	0.0008426357798242797	0.0746369732759649
d081	0.01	4	t1	0.000945469465562411	0.08996168395322537
d081	0.01	4	t1	0.0010637181906205887	0.16111727205200532
d081	0.01	4	t1	0.0011933427345577946	0.08231967680972202
d081	0.01	4	t1	0.001338234444659373	0.1317333087351215
d081	0.01	4	t1	0.0014983929255561702	0.10636219057780329
d081	0.01	4	t1	0.0016813062912522984	0.10180370014858216
d081	0.01	4	t1	0.0018872672594733926	0.13341242129271155
d081	0.01	4	t1	0.0021159825568989763	0.11119994496673458
d081	0.01	4	t1	0.0023752319840376667	0.12712828578309576
d081	0.01	4	t1	0.0026650158537247022	0.16902128704867336
d081	0.01	4	t1	0.002989077753483762	0.11775048388425302
d081	0.01	4	t1	0.0033550511129892243	0.1298613188845945
d081	0.01	4	t1	0.0037630823722051253	0.11984742396989494
d081	0.01	4	t1	0.004220512937761092	0.1377253315008875
d081	0.01	4	t1	0.004735268427364398	0.11445527466670116
d081	0.01	4	t1	0.00531468965810924	0.10333001744081735
d081	0.01	4	t1	0.005966703895880201	0.09360911602745173
d081	0.01	4	t1	0.006691163505285742	0.09823545732072889
d081	0.01	4	t1	0.00750693386647431	0.10322511971716725
d081	0.01	4	t1	0.008425831166491782	0.11530817427657554
d081	0.01	4	t1	0.009451452182471384	0.10271396773701831
d081	0.01	4	t1	0.010602808117072449	0.08242480419955055
d081	0.01	4	t1	0.011899055913815891	0.08781145027179137
d081	0.01	4	t1	0.013351719421174534	0.1066700449113842
d081	0.01	4	t1	0.014979662876172375	0.10295015739014528
d081	0.01	4	t1	0.016805933483363636	0.08815323811182672
d081	0.01	4	t1	0.0188570292540463	0.0977599839730802
d081	0.01	4	t1	0.021159887502757043	0.0856855655311052
d081	0.01	4	t1	0.023741006069205848	0.08571788917165868
d081	0.01	4	t1	0.026638552998525435	0.08061127707289788
d081	0.01	4	t1	0.029886952690767608	0.08851377030882433
d081	0.01	4	t1	0.0335317139880143	0.07175273418153084
d081	0.01	4	t1	0.03762641841208682	0.08378354995262084
d081	0.01	4	t1	0.042216867626638205	0.07507827823440505
d081	0.01	4	t1	0.047367581161098446	0.07716427385279324
d081	0.01	4	t1	0.05314755428959493	0.07147272589928019
d081	0.01	4	t1	0.05963268370222095	0.07123356229980592
d081	0.01	4	t1	0.06691097550584788	0.06724788556288867
d081	0.01	4	t1	0.07507374000353845	0.063566550532998
d081	0.01	4	t1	0.0842315912160045	0.063216732152204
d081	0.01	4	t1	0.09451026390588896	0.05841610771522464
d081	0.01	4	t1	0.10604341934190899	0.0563471026552058
d081	0.01	4	t1	0.11898329021012795	0.05475465140835895
d081	0.01	4	t1	0.13350170578599946	0.05044814957318155
d081	0.01	4	t1	0.14978906678461706	0.051321673931747316
d081	0.01	4	t1	0.16806660120897057	0.04773639374561
d081	0.01	4	t1	0.18857454785745398	0.04600291240403962
d081	0.01	4	t1	0.2115835334850689	0.04545461044043904
d081	0.01	4	t1	0.23739860927755593	0.04406922957552083
d081	0.01	4	t1	0.266366591568392	0.04183925388207569
d081	0.01	4	t1	0.29886901401039945	0.0426252549556176
d081	0.01	4	t1	0.33533636966402874	0.04109187648148689
d081	0.01	4	t1	0.3762531725804453	0.0399096245339134
d081	0.01	4	t1	0.4221605298354539	0.04017328452150799
d081	0.01	4	t1	0.47367243381911905	0.0395260865267064
d081	0.01	4	phi	7.629388473795709e-6	1.3311604053698365
d081	0.01	4	phi	1.525877694759142e-5	0.5903021316196687
d081	0.01	4	phi	2.2888165421387134e-5	0.12119283822544866
d081	0.01	4	phi	3.0517553895182842e-5	0.32254119627977984
d081	0.01	4	phi	3.814694236897854e-5	0.27589053137226727
d081	0.01	4	phi	4.577633084277418e-5	0.39034567504643775
d081	0.01	4	phi	5.340571931656997e-5	0.14806916987520916
d081	0.01	4	phi	6.10351077903657e-5	0.14705752352334064
d081	0.01	4	phi	6.86644962641613e-5	0.37578706557066016
d081	0.01	4	phi	7.629388473795709e-5	0.01838705316464144
d081	0.01	4	phi	8.392327321175269e-5	0.09818051478536756
d081	0.01	4	phi	9.529103149571589e-5	0.06524801951503428
d081	0.01	4	phi	0.00010681143863313985	0.12988717971316333
d081	0.01	4	phi	0.00011819397800303034	0.12783121420543286
d081	0.01	4	phi	0.00013345979153336977	0.08205693684409485
d081	0.01	4	phi	0.0001487241608614854	0.007808408783337714
d081	0.01	4	phi	0.00016773086992482195	0.06201334233551092
d081	0.01	4	phi	0.00019063293236353633	0.06161117894742881
d081	0.01	4	phi	0.00021353201256911329	0.034811737421456844
d081	0.01	4	phi	0.00023642897778077072	0.07796851301262246
d081	0.01	4	phi	0.0002630756059577625	0.01120931407437323
d081	0.01	4	phi	0.00029735037055581985	0.034634254369620934
d081	0.01	4	phi	0.00033551959004834276	0.024873090794179886
d081	0.01	4	phi	0.0003774297929274283	0.04174428500010466
d081	0.01	4	phi	0.0004232304713625064	0.041015251161528245
d081	0.01	4	phi	0.00047277581579931876	0.014665866128589763
d081	0.01	4	phi	0.000529954140682307	0.02628831273682871
d081	0.01	4	phi	0.0005947660315265448	0.02946887820684535
d081	0.01	4	phi	0.0006672115727191813	0.01789614307363962
d081	0.01	4	phi	0.0007510328933877064	0.019053850084845694
d081	0.01	4	phi	0.0008426357798242797	0.01175174415654103
d081	0.01	4	phi	0.000945469465562411	0.010082010029022509
d081	0.01	4	phi	0.0010637181906205887	0.011674808109107603
d081	0.01	4	phi	0.0011933427345577946	0.008073605316820635
d081	0.01	4	phi	0.001338234444659373	0.007902474654963288
d081	0.01	4	phi	0.0014983929255561702	0.00428077539114532
d081	0.01	4	phi	0.0016813062912522984	0.0033355667899227412
d081	0.01	4	phi	0.0018872672594733926	0.002618882455555692
d081	0.01	4	phi	0.0021159825568989763	0.0021438763690492437
d081	0.01	4	phi	0.0023752319840376667	0.0015573292358008314
d081	0.01	4	phi	0.0026650158537247022	0.0011196956649427484
d081	0.01	4	phi	0.002989077753483762	0.0010349078523885784
d081	0.01	4	phi	0.0033550511129892243	0.0008248706072192213
d081	0.01	4	phi	0.0037630823722051253	0.0006265552460778948
d081	0.01	4	phi	0.004220512937761092	0.00044208736942974957
d081	0.01	4	phi	0.004735268427364398	0.00030771571444587715
d081	0.01	4	phi	0.00531468965810924	0.00023095104911176334
d081	0.01	4	phi	0.005966703895880201	0.00014733538056812886
d081	0.01	4	phi	0.006691163505285742	0.00010595397449023747
d081	0.01	4	phi	0.00750693386647431	8.774276567651277e-5
d081	0.01	4	phi	0.008425831166491782	7.018463687357233e-5
d081	0.01	4	phi	0.009451452182471384	4.3132853773230634e-5
d081	0.01	4	phi	0.010602808117072449	3.0174858742272376e-5
d081	0.01	4	phi	0.011899055913815891	2.2555538512002748e-5
d081	0.01	4	phi	0.013351719421174534	1.9366397993865055e-5
d081	0.01	4	phi	0.014979662876172375	1.5149951996100934e-5
d081	0.01	4	phi	0.016805933483363636	1.103158708561035e-5
d081	0.01	4	phi	0.0188570292540463	8.747717661483569e-6
d081	0.01	4	phi	0.021159887502757043	6.526025635870639e-6
d081	0.01	4	phi	0.023741006069205848	5.063187713015465e-6
d081	0.01	4	phi	0.026638552998525435	4.1978722801612364e-6
d081	0.01	4	phi	0.029886952690767608	3.563566209234501e-6
d081	0.01	4	phi	0.0335317139880143	3.0938905436316874e-6
d081	0.01	4	phi	0.03762641841208682	2.453900008055863e-6
d081	0.01	4	phi	0.042216867626638205	1.9701581924688393e-6
d081	0.01	4	phi	0.047367581161098446	1.5588305122871157e-6
d081	0.01	4	phi	0.05314755428959493	1.3252429010756143e-6
d081	0.01	4	phi	0.05963268370222095	1.1068515568300374e-6
d081	0.01	4	phi	0.06691097550584788	9.562939348729188e-7
d081	0.01	4	phi	0.07507374000353845	7.988141829411835e-7
d081	0.01	4	phi	0.0842315912160045	7.376209942155814e-7
d081	0.01	4	phi	0.09451026390588896	5.824978333800994e-7
d081	0.01	4	phi	0.10604341934190899	4.932073878267839e-7
d081	0.01	4	phi	0.11898329021012795	4.1343073263486223e-7
d081	0.01	4	phi	0.13350170578599946	3.2549484200588436e-7
d081	0.01	4	phi	0.14978906678461706	2.6986947220518114e-7
d081	0.01	4	phi	0.16806660120897057	2.220059253377634e-7
d081	0.01	4	phi	0.18857454785745398	1.760226634133443e-7
d081	0.01	4	phi	0.2115835334850689	1.4792146914323703e-7
d081	0.01	4	phi	0.23739860927755593	1.173323786158285e-7
d081	0.01	4	phi	0.266366591568392	9.842956873124985e-8
d081	0.01	4	phi	0.29886901401039945	8.036266179213757e-8
d081	0.01	4	phi	0.33533636966402874	6.616082915893028e-8
d081	0.01	4	phi	0.3762531725804453	5.4052346446129015e-8
d081	0.01	4	phi	0.4221605298354539	4.46199272627644e-8
d081	0.01	4	phi	0.47367243381911905	3.747826669390985e-8
d081	0.01	5	t1	7.629388473795709e-6	0.09976521139647997
d081	0.01	5	t1	1.525877694759142e-5	0.09408775479851302
d081	0.01	5	t1	2.2888165421387134e-5	0.7162607145278751
d081	0.01	5	t1	3.0517553895182842e-5	0.0002054165584858295
d081	0.01	5	t1	3.814694236897854e-5	0.10668106415457833
d081	0.01	5	t1	4.577633084277418e-5	0.09594027033409452
d081	0.01	5	t1	5.340571931656997e-5	0.11582598023534006
d081	0.01	5	t1	6.10351077903657e-5	0.04650051882939717
d081	0.01	5	t1	6.86644962641613e-5	0.015315852309056322
d081	0.01	5	t1	7.629388473795709e-5	0.003531438449400962
d081	0.01	5	t1	8.392327321175269e-5	0.044691978376690436
d081	0.01	5	t1	9.529103149571589e-5	0.00983085726105158
d081	0.01	5	t1	0.00010681143863313985	0.012775150853242101
d081	0.01	5	t1	0.00011819397800303034	0.04336498064497513
d081	0.01	5	t1	0.00013345979153336977	0.02982849408811778
d081	0.01	5	t1	0.0001487241608614854	0.01928743921908104
d081	0.01	5	t1	0.00016773086992482195	0.04918537303880693
d081	0.01	5	t1	0.00019063293236353633	0.06252147260147561
d081	0.01	5	t1	0.00021353201256911329	0.029863437065463728
d081	0.01	5	t1	0.00023642897778077072	0.10207675574230342
d081	0.01	5	t1	0.0002630756059577625	0.01782682247822736
d081	0.01	5	t1	0.00029735037055581985	0.08129585772791478
d081	0.01	5	t1	0.00033551959004834276	0.04473161978141671
d081	0.01	5	t1	0.0003774297929274283	0.04889778040758563
d081	0.01	5	t1	0.0004232304713625064	0.045555650514170425
d081	0.01	5	t1	0.00047277581579931876	0.06130295242064083
d081	0.01	5	t1	0.000529954140682307	0.06550109452853599
d081	0.01	5	t1	0.0005947660315265448	0.09276702958909729
d081	0.01	5	t1	0.0006672115727191813	0.08548926794217329
d081	0.01	5	t1	0.0007510328933877064	0.09875947144582518
d081	0.01	5	t1	0.0008426357798242797	0.07556049634428029
d081	0.01	5	t1	0.000945469465562411	0.10991291963878996
d081	0.01	5	t1	0.0010637181906205887	0.1085954609720551
d081	0.01	5	t1	0.0011933427345577946	0.13634106964008946
d081	0.01	5	t1	0.001338234444659373	0.10195732818050003
d081	0.01	5	t1	0.0014983929255561702	0.11122226135835062
d081	0.01	5	t1	0.0016813062912522984	0.0978685081842061
d081	0.01	5	t1	0.0018872672594733926	0.13519099354514633
d081	0.01	5	t1	0.0021159825568989763	0.14282151824935507
d081	0.01	5	t1	0.0023752319840376667	0.10578076689611632
d081	0.01	5	t1	0.0026650158537247022	0.08495905681898643
d081	0.01	5	t1	0.002989077753483762	0.12015821443473554
d081	0.01	5	t1	0.0033550511129892243	0.10228315690837754
d081	0.01	5	t1	0.0037630823722051253	0.13093164658104584
d081	0.01	5	t1	0.004220512937761092	0.11493978978686131
d081	0.01	5	t1	0.004735268427364398	0.09644578434366549
d081	0.01	5	t1	0.00531468965810924	0.09587503620551299
d081	0.01	5	t1	0.005966703895880201	0.09762087181878847
d081	0.01	5	t1	0.006691163505285742	0.12163176505754462
d081	0.01	5	t1	0.00750693386647431	0.10187059105486088
d081	0.01	5	t1	0.008425831166491782	0.08217410538371164
d081	0.01	5	t1	0.009451452182471384	0.08070236113252889
d081	0.01	5	t1	0.010602808117072449	0.07968173465368858
d081	0.01	5	t1	0.011899055913815891	0.07950607483873126
d081	0.01	5	t1	0.013351719421174534	0.0835915379372422
d081	0.01	5	t1	0.014979662876172375	0.08513430324717312
d081	0.01	5	t1	0.016805933483363636	0.08255843474857552
d081	0.01	5	t1	0.0188570292540463	0.07780197288674842
d081	0.01	5	t1	0.021159887502757043	0.08323976714923989
d081	0.01	5	t1	0.023741006069205848	0.0776692964765408
d081	0.01	5	t1	0.026638552998525435	0.07639224552488529
d081	0.01	5	t1	0.029886952690767608	0.07125809620433894
d081	0.01	5	t1	0.0335317139880143	0.07531118549327123
d081	0.01	5	t1	0.03762641841208682	0.07409007300843361
d081	0.01	5	t1	0.042216867626638205	0.07351481362416606
d081	0.01	5	t1	0.047367581161098446	0.06800068419393446
d081	0.01	5	t1	0.05314755428959493	0.06777872537178722
d081	0.01	5	t1	0.05963268370222095	0.06477836176681089
d081	0.01	5	t1	0.06691097550584788	0.06473417674781076
d081	0.01	5	t1	0.07507374000353845	0.057548473970981846
d081	0.01	5	t1	0.0842315912160045	0.057192021980775526
d081	0.01	5	t1	0.09451026390588896	0.054003716435016995
d081	0.01	5	t1	0.10604341934190899	0.054599376986623586
d081	0.01	5	t1	0.11898329021012795	0.0474285625316318
d081	0.01	5	t1	0.13350170578599946	0.047279363969286274
d081	0.01	5	t1	0.14978906678461706	0.04532009233098985
d081	0.01	5	t1	0.16806660120897057	0.043723438353347535
d081	0.01	5	t1	0.18857454785745398	0.04087021317396143
d081	0.01	5	t1	0.2115835334850689	0.04037861396191883
d081	0.01	5	t1	0.23739860927755593	0.0404175769531083
d081	0.01	5	t1	0.266366591568392	0.03794244539473392
d081	0.01	5	t1	0.29886901401039945	0.03723203593884131
d081	0.01	5	t1	0.33533636966402874	0.03725252306617087
d081	0.01	5	t1	0.3762531725804453	0.03597763086186431
d081	0.01	5	t1	0.4221605298354539	0.03492325493292728
d081	0.01	5	t1	0.47367243381911905	0.03438134970060951
d081	0.01	5	phi	7.629388473795709e-6	1.6582139443429385
d081	0.01	5	phi	1.525877694759142e-5	0.198090654685842
d081	0.01	5	phi	2.2888165421387134e-5	0.8075562751999511
d081	0.01	5	phi	3.0517553895182842e-5	0.39684730550242525
d081	0.01	5	phi	3.814694236897854e-5	0.005354456789530132
d081	0.01	5	phi	4.577633084277418e-5	0.3331206967212135
d081	0.01	5	phi	5.340571931656997e-5	0.3484640907256124
d081	0.01	5	phi	6.10351077903657e-5	0.036397538376133104
d081	0.01	5	phi	6.86644962641613e-5	0.02697543434169693
d081	0.01	5	phi	7.629388473795709e-5	0.00116725251539274
d081	0.01	5	phi	8.392327321175269e-5	0.16424804030663726
d081	0.01	5	phi	9.529103149571589e-5	0.1327643580424138
d081	0.01	5	phi	0.00010681143863313985	0.24291089578120403
d081	0.01	5	phi	0.00011819397800303034	0.16700905429890883
d081	0.01	5	phi	0.00013345979153336977	0.24172415012798487
d081	0.01	5	phi	0.0001487241608614854	0.12857244596321507
d081	0.01	5	phi	0.00016773086992482195	0.04458972908335698
d081	0.01	5	phi	0.00019063293236353633	0.044082794317994355
d081	0.01	5	phi	0.00021353201256911329	0.03401697258148385
d081	0.01	5	phi	0.00023642897778077072	0.07236860792152944
d081	0.01	5	phi	0.0002630756059577625	0.034319830542884115
d081	0.01	5	phi	0.00029735037055581985	0.04057704996110027
d081	0.01	5	phi	0.00033551959004834276	0.05840168819418705
d081	0.01	5	phi	0.0003774297929274283	0.02883368343598867
d081	0.01	5	phi	0.0004232304713625064	0.0534450743940369
d081	0.01	5	phi	0.00047277581579931876	0.020547353162203748
d081	0.01	5	phi	0.000529954140682307	0.02790413423668079
d081	0.01	5	phi	0.0005947660315265448	0.015426248225241955
d081	0.01	5	phi	0.0006672115727191813	0.02230239764314143
d081	0.01	5	phi	0.0007510328933877064	0.0225205577772823
d081	0.01	5	phi	0.0008426357798242797	0.012159091203129633
d081	0.01	5	phi	0.000945469465562411	0.016868994807171946
d081	0.01	5	phi	0.0010637181906205887	0.009668818870637388
d081	0.01	5	phi	0.0011933427345577946	0.010559643982717646
d081	0.01	5	phi	0.001338234444659373	0.004909732791041675
d081	0.01	5	phi	0.0014983929255561702	0.004246228600317514
d081	0.01	5	phi	0.0016813062912522984	0.0046428164276364255
d081	0.01	5	phi	0.0018872672594733926	0.003030194979082071
d081	0.01	5	phi	0.0021159825568989763	0.0029035812671296055
d081	0.01	5	phi	0.0023752319840376667	0.001443989717573411
d081	0.01	5	phi	0.0026650158537247022	0.0011973618075079616
d081	0.01	5	phi	0.002989077753483762	0.0009482039872215109
d081	0.01	5	phi	0.0033550511129892243	0.0008035684864542249
d081	0.01	5	phi	0.0037630823722051253	0.0006072140817231275
d081	0.01	5	phi	0.004220512937761092	0.00042112039643409267
d081	0.01	5	phi	0.004735268427364398	0.00028964962908637057
d081	0.01	5	phi	0.00531468965810924	0.00018359456386243133
d081	0.01	5	phi	0.005966703895880201	0.00014189948870366872
d081	0.01	5	phi	0.006691163505285742	0.00012769805537688844
d081	0.01	5	phi	0.00750693386647431	8.246527031478374e-5
d081	0.01	5	phi	0.008425831166491782	4.951087536167368e-5
d081	0.01	5	phi	0.009451452182471384	3.832996111520317e-5
d081	0.01	5	phi	0.010602808117072449	3.4437791261510926e-5
d081	0.01	5	phi	0.011899055913815891	2.474449306100501e-5
d081	0.01	5	phi	0.013351719421174534	1.714915208416866e-5
d081	0.01	5	phi	0.014979662876172375	1.4155460351686056e-5
d081	0.01	5	phi	0.016805933483363636	1.162777481391335e-5
d081	0.01	5	phi	0.0188570292540463	8.733186580701934e-6
d081	0.01	5	phi	0.021159887502757043	6.587930110120236e-6
d081	0.01	5	phi	0.023741006069205848	5.145131724582626e-6
d081	0.01	5	phi	0.026638552998525435	4.081661936569341e-6
d081	0.01	5	phi	0.029886952690767608	3.3761111696507114e-6
d081	0.01	5	phi	0.0335317139880143	2.6168094054315156e-6
d081	0.01	5	phi	0.03762641841208682	2.1608658414893267e-6
d081	0.01	5	phi	0.042216867626638205	1.8904174461539752e-6
d081	0.01	5	phi	0.047367581161098446	1.575580404291587e-6
d081	0.01	5	phi	0.05314755428959493	1.2621909401692356e-6
d081	0.01	5	phi	0.05963268370222095	1.0531292351296233e-6
d081	0.01	5	phi	0.06691097550584788	9.331587366581945e-7
d081	0.01	5	phi	0.07507374000353845	7.990035524310157e-7
d081	0.01	5	phi	0.0842315912160045	6.779910448650712e-7
d081	0.01	5	phi	0.09451026390588896	6.010386858511923e-7
d081	0.01	5	phi	0.10604341934190899	4.6913676191125306e-7
d081	0.01	5	phi	0.11898329021012795	4.043472608442305e-7
d081	0.01	5	phi	0.13350170578599946	3.265745707649641e-7
d081	0.01	5	phi	0.14978906678461706	2.6052231297331765e-7
d081	0.01	5	phi	0.16806660120897057	2.1614646570066078e-7
d081	0.01	5	phi	0.18857454785745398	1.8088318469822392e-7
d081	0.01	5	phi	0.2115835334850689	1.464514884166529e-7
d081	0.01	5	phi	0.23739860927755593	1.2005095807555267e-7
d081	0.01	5	phi	0.266366591568392	9.971154153046103e-8
d081	0.01	5	phi	0.29886901401039945	7.942825262162361e-8
d081	0.01	5	phi	0.33533636966402874	6.499398154261754e-8
d081	0.01	5	phi	0.3762531725804453	5.394322102579235e-8
d081	0.01	5	phi	0.4221605298354539	4.5335851805928495e-8
d081	0.01	5	phi	0.47367243381911905	3.7348021306588526e-8
d081	0.02	1	t1	7.629388473795709e-6	1.6617059159795704
d081	0.02	1	t1	1.525877694759142e-5	2.4342278224904708
d081	0.02	1	t1	2.2888165421387134e-5	2.327309979607635
d081	0.02	1	t1	3.0517553895182842e-5	0.002612770343551659
d081	0.02	1	t1	3.814694236897854e-5	0.709563646409254
d081	0.02	1	t1	4.577633084277418e-5	1.487606458061552
d081	0.02	1	t1	5.340571931656997e-5	1.0699559725506966
d081	0.02	1	t1	6.10351077903657e-5	1.5635074661812123
d081	0.02	1	t1	6.86644962641613e-5	0.017366875166366032
d081	0.02	1	t1	7.629388473795709e-5	0.12645485609399115
d081	0.02	1	t1	8.392327321175269e-5	3.6767441415093165
d081	0.02	1	t1	9.529103149571589e-5	0.42777245369865635
d081	0.02	1	t1	0.00010681143863313985	0.2897059313969885
d081	0.02	1	t1	0.00011819397800303034	1.0523544491256702
d081	0.02	1	t1	0.00013345979153336977	0.8369847198719238
d081	0.02	1	t1	0.0001487241608614854	0.6988093858384252
d081	0.02	1	t1	0.00016773086992482195	0.42859642045204144
d081	0.02	1	t1	0.00019063293236353633	0.5587585284359916
d081	0.02	1	t1	0.00021353201256911329	0.8313811845136514
d081	0.02	1	t1	0.00023642897778077072	0.5415344946698799
d081	0.02	1	t1	0.0002630756059577625	0.38373844994588596
d081	0.02	1	t1	0.00029735037055581985	0.7790099322538063
d081	0.02	1	t1	0.00033551959004834276	0.5801541115891695
d081	0.02	1	t1	0.0003774297929274283	0.42318489197539616
d081	0.02	1	t1	0.0004232304713625064	1.1323232326911485
d081	0.02	1	t1	0.00047277581579931876	0.2569204779494404
d081	0.02	1	t1	0.000529954140682307	0.4411707838318405
d081	0.02	1	t1	0.0005947660315265448	0.4892431431325637
d081	0.02	1	t1	0.0006672115727191813	0.5471372118939691
d081	0.02	1	t1	0.0007510328933877064	0.5371608596365117
d081	0.02	1	t1	0.0008426357798242797	0.4572133423411417
d081	0.02	1	t1	0.000945469465562411	0.5004716400598893
d081	0.02	1	t1	0.0010637181906205887	0.7616234923161255
d081	0.02	1	t1	0.0011933427345577946	0.820790288169092
d081	0.02	1	t1	0.001338234444659373	0.6527193029076661
d081	0.02	1	t1	0.0014983929255561702	0.8461005418975635
d081	0.02	1	t1	0.0016813062912522984	1.034518961246251
d081	0.02	1	t1	0.0018872672594733926	0.8852789219743668
d081	0.02	1	t1	0.0021159825568989763	0.9942519879223664
d081	0.02	1	t1	0.0023752319840376667	1.2097728253725117
d081	0.02	1	t1	0.0026650158537247022	0.9280083813846955
d081	0.02	1	t1	0.002989077753483762	0.9241869166307844
d081	0.02	1	t1	0.0033550511129892243	0.8942081105578534
d081	0.02	1	t1	0.0037630823722051253	1.1407393038033147
d081	0.02	1	t1	0.004220512937761092	1.1817422338707093
d081	0.02	1	t1	0.004735268427364398	1.0296712851430487
d081	0.02	1	t1	0.00531468965810924	1.12053517623951
d081	0.02	1	t1	0.005966703895880201	1.080054156927719
d081	0.02	1	t1	0.006691163505285742	1.0035992168330514
d081	0.02	1	t1	0.00750693386647431	0.9339358061670252
d081	0.02	1	t1	0.008425831166491782	1.0016724020133045
d081	0.02	1	t1	0.009451452182471384	0.9006979403906397
d081	0.02	1	t1	0.010602808117072449	0.7224761557476609
d081	0.02	1	t1	0.011899055913815891	0.9300267471418097
d081	0.02	1	t1	0.013351719421174534	0.832427253910876
d081	0.02	1	t1	0.014979662876172375	0.882014529890218
d081	0.02	1	t1	0.016805933483363636	0.7491262202968177
d081	0.02	1	t1	0.0188570292540463	0.7667800555661833
d081	0.02	1	t1	0.021159887502757043	0.7628015992183195
d081	0.02	1	t1	0.023741006069205848	0.6800778291554896
d081	0.02	1	t1	0.026638552998525435	0.7044484725586342
d081	0.02	1	t1	0.029886952690767608	0.6864220673729167
d081	0.02	1	t1	0.0335317139880143	0.6434186352837905
d081	0.02	1	t1	0.03762641841208682	0.6018182727754492
d081	0.02	1	t1	0.042216867626638205	0.6153205246401534
d081	0.02	1	t1	0.047367581161098446	0.585082241742716
d081	0.02	1	t1	0.05314755428959493	0.5455702367815557
d081	0.02	1	t1	0.05963268370222095	0.5019583466491124
d081	0.02	1	t1	0.06691097550584788	0.49982502062258627
d081	0.02	1	t1	0.07507374000353845	0.45989285858279016
d081	0.02	1	t1	0.0842315912160045	0.43763585057360077
d081	0.02	1	t1	0.09451026390588896	0.39916003910265213
d081	0.02	1	t1	0.10604341934190899	0.384753034496096
d081	0.02	1	t1	0.11898329021012795	0.3523902633264492
d081	0.02	1	t1	0.13350170578599946	0.33971947182564527
d081	0.02	1	t1	0.14978906678461706	0.3195590175016454
d081	0.02	1	t1	0.16806660120897057	0.3014317759543491
d081	0.02	1	t1	0.18857454785745398	0.27980402391223896
d081	0.02	1	t1	0.2115835334850689	0.2620215961945164
d081	0.02	1	t1	0.23739860927755593	0.260098207519524
d081	0.02	1	t1	0.266366591568392	0.2373215859078787
d081	0.02	1	t1	0.29886901401039945	0.23565671492576148
d081	0.02	1	t1	0.33533636966402874	0.2217954667645428
d081	0.02	1	t1	0.3762531725804453	0.21225494081499865
d081	0.02	1	t1	0.4221605298354539	0.20830046967425553
d081	0.02	1	t1	0.47367243381911905	0.20381633837861943
d081	0.02	1	phi	7.629388473795709e-6	0.006357945977588884
d081	0.02	1	phi	1.525877694759142e-5	0.0540741759987272
d081	0.02	1	phi	2.2888165421387134e-5	0.09799131599696075
d081	0.02	1	phi	3.0517553895182842e-5	0.3217706173797437
d081	0.02	1	phi	3.814694236897854e-5	0.04857764816557761
d081	0.02	1	phi	4.577633084277418e-5	0.003930270104175253
d081	0.02	1	phi	5.340571931656997e-5	0.07302061090854844
d081	0.02	1	phi	6.10351077903657e-5	0.08648321672126837
d081	0.02	1	phi	6.86644962641613e-5	0.03172452404151299
d081	0.02	1	phi	7.629388473795709e-5	0.03730709596420973
d081	0.02	1	phi	8.392327321175269e-5	0.01855764711228151
d081	0.02	1	phi	9.529103149571589e-5	0.06684008577861306
d081	0.02	1	phi	0.00010681143863313985	0.03946008353382618
d081	0.02	1	phi	0.00011819397800303034	0.06093313195440744
d081	0.02	1	phi	0.00013345979153336977	0.08399329639606987
d081	0.02	1	phi	0.0001487241608614854	0.012813057383350385
d081	0.02	1	phi	0.00016773086992482195	0.09097572041873815
d081	0.02	1	phi	0.00019063293236353633	0.0749987116176194
d081	0.02	1	phi	0.00021353201256911329	0.034179146810314885
d081	0.02	1	phi	0.00023642897778077072	0.0703827231145165
d081	0.02	1	phi	0.0002630756059577625	0.07994094990885336
d081	0.02	1	phi	0.00029735037055581985	0.02166470612285273
d081	0.02	1	phi	0.00033551959004834276	0.047028407655717176
d081	0.02	1	phi	0.0003774297929274283	0.04691197710039808
d081	0.02	1	phi	0.0004232304713625064	0.017972668762491747
d081	0.02	1	phi	0.00047277581579931876	0.023719827146728333
d081	0.02	1	phi	0.000529954140682307	0.028538511444225024
d081	0.02	1	phi	0.0005947660315265448	0.025375881522733623
d081	0.02	1	phi	0.0006672115727191813	0.013123962131672048
d081	0.02	1	phi	0.0007510328933877064	0.011508925043086989
d081	0.02	1	phi	0.0008426357798242797	0.011561145415568215
d081	0.02	1	phi	0.000945469465562411	0.01596963156331342
d081	0.02	1	phi	0.0010637181906205887	0.0120184332644743
d081	0.02	1	phi	0.0011933427345577946	0.013011279883270235
d081	0.02	1	phi	0.001338234444659373	0.011154432205833141
d081	0.02	1	phi	0.0014983929255561702	0.01170521775363304
d081	0.02	1	phi	0.0016813062912522984	0.01096528093106876
d081	0.02	1	phi	0.0018872672594733926	0.007433348708034746
d081	0.02	1	phi	0.0021159825568989763	0.005573768544405174
d081	0.02	1	phi	0.0023752319840376667	0.005233806549155418
d081	0.02	1	phi	0.0026650158537247022	0.005282378757002829
d081	0.02	1	phi	0.002989077753483762	0.0035286477846882664
d081	0.02	1	phi	0.0033550511129892243	0.0029523590691621516
d081	0.02	1	phi	0.0037630823722051253	0.002312206816935611
d081	0.02	1	phi	0.004220512937761092	0.0016986532719196004
d081	0.02	1	phi	0.004735268427364398	0.0013238123490660395
d081	0.02	1	phi	0.00531468965810924	0.0011175260530756294
d081	0.02	1	phi	0.005966703895880201	0.000785918914323087
d081	0.02	1	phi	0.006691163505285742	0.0005024737297946359
d081	0.02	1	phi	0.00750693386647431	0.00032438219671965696
d081	0.02	1	phi	0.008425831166491782	0.0002630594232607515
d081	0.02	1	phi	0.009451452182471384	0.0001619448266020836
d081	0.02	1	phi	0.010602808117072449	0.00011207194207160183
d081	0.02	1	phi	0.011899055913815891	9.57576740884363e-5
d081	0.02	1	phi	0.013351719421174534	6.0769705006606195e-5
d081	0.02	1	phi	0.014979662876172375	4.829539205234639e-5
d081	0.02	1	phi	0.016805933483363636	3.098295334503043e-5
d081	0.02	1	phi	0.0188570292540463	2.3470634846703182e-5
d081	0.02	1	phi	0.021159887502757043	1.796018253975539e-5
d081	0.02	1	phi	0.023741006069205848	1.3216875081669786e-5
d081	0.02	1	phi	0.026638552998525435	1.0695304546196147e-5
d081	0.02	1	phi	0.029886952690767608	8.604875965211546e-6
d081	0.02	1	phi	0.0335317139880143	6.901532554327309e-6
d081	0.02	1	phi	0.03762641841208682	5.307041656825073e-6
d081	0.02	1	phi	0.042216867626638205	4.3138106959469435e-6
d081	0.02	1	phi	0.047367581161098446	3.8109256782416733e-6
d081	0.02	1	phi	0.05314755428959493	2.946962985018489e-6
d081	0.02	1	phi	0.05963268370222095	2.6171241366398595e-6
d081	0.02	1	phi	0.06691097550584788	2.22291861746292e-6
d081	0.02	1	phi	0.07507374000353845	2.0135939073653593e-6
d081	0.02	1	phi	0.0842315912160045	1.74330765954784e-6
d081	0.02	1	phi	0.09451026390588896	1.4960813137028009e-6
d081	0.02	1	phi	0.10604341934190899	1.3781331529299405e-6
d081	0.02	1	phi	0.11898329021012795	1.2295382519091463e-6
d081	0.02	1	phi	0.13350170578599946	1.1671338683275104e-6
d081	0.02	1	phi	0.14978906678461706	1.0056383426288901e-6
d081	0.02	1	phi	0.16806660120897057	8.863414529849841e-7
d081	0.02	1	phi	0.18857454785745398	8.184591603442449e-7
d081	0.02	1	phi	0.2115835334850689	7.179766280305404e-7
d081	0.02	1	phi	0.23739860927755593	6.555986066980807e-7
d081	0.02	1	phi	0.266366591568392	5.813193387466902e-7
d081	0.02	1	phi	0.29886901401039945	5.019262416437361e-7
d081	0.02	1	phi	0.33533636966402874	4.4137592848161933e-7
d081	0.02	1	phi	0.3762531725804453	3.92340837045667e-7
d081	0.02	1	phi	0.4221605298354539	3.293026346571166e-7
d081	0.02	1	phi	0.47367243381911905	2.816879326460618e-7
d081	0.02	2	t1	7.629388473795709e-6	6.008856056949925
d081	0.02	2	t1	1.525877694759142e-5	2.5857395712313216
d081	0.02	2	t1	2.2888165421387134e-5	0.7849329222961486
d081	0.02	2	t1	3.0517553895182842e-5	2.7134255594566783
d081	0.02	2	t1	3.814694236897854e-5	1.2426984487650294
d081	0.02	2	t1	4.577633084277418e-5	0.40186796120347407
d081	0.02	2	t1	5.340571931656997e-5	0.18329999187339
d081	0.02	2	t1	6.10351077903657e-5	1.5204995725926724
d081	0.02	2	t1	6.86644962641613e-5	0.3572983538201743
d081	0.02	2	t1	7.629388473795709e-5	1.3236577492740083
d081	0.02	2	t1	8.392327321175269e-5	0.13843073273521359
d081	0.02	2	t1	9.529103149571589e-5	0.4896099006853609
d081	0.02	2	t1	0.00010681143863313985	0.642289214408847
d081	0.02	2	t1	0.00011819397800303034	1.5251624216511477
d081	0.02	2	t1	0.00013345979153336977	0.4827571928223232
d081	0.02	2	t1	0.0001487241608614854	1.2523276001300723
d081	0.02	2	t1	0.00016773086992482195	0.7240840566379544
d081	0.02	2	t1	0.00019063293236353633	0.24785383132626984
d081	0.02	2	t1	0.00021353201256911329	0.839047441786614
d081	0.02	2	t1	0.00023642897778077072	0.2662991281704811
d081	0.02	2	t1	0.0002630756059577625	0.5406193235408343
d081	0.02	2	t1	0.00029735037055581985	0.7845096006176657
d081	0.02	2	t1	0.00033551959004834276	0.507308657363447
d081	0.02	2	t1	0.0003774297929274283	1.0111406183756746
d081	0.02	2	t1	0.0004232304713625064	0.7934871701196795
d081	0.02	2	t1	0.00047277581579931876	0.605710699158812
d081	0.02	2	t1	0.000529954140682307	0.36980438208218336
d081	0.02	2	t1	0.0005947660315265448	0.47980136031049153
d081	0.02	2	t1	0.0006672115727191813	0.5038400009236671
d081	0.02	2	t1	0.0007510328933877064	0.7642286125135893
d081	0.02	2	t1	0.0008426357798242797	0.36315932800404527
d081	0.02	2	t1	0.000945469465562411	0.782627965294951
d081	0.02	2	t1	0.0010637181906205887	0.569427869922638
d081	0.02	2	t1	0.0011933427345577946	0.855229773293168
d081	0.02	2	t1	0.001338234444659373	0.7847215179480681
d081	0.02	2	t1	0.0014983929255561702	0.9921665836353941
d081	0.02	2	t1	0.0016813062912522984	0.7881167288572046
d081	0.02	2	t1	0.0018872672594733926	1.1709690765555099
d081	0.02	2	t1	0.0021159825568989763	1.0556029999546188
d081	0.02	2	t1	0.0023752319840376667	0.9003848466323411
d081	0.02	2	t1	0.0026650158537247022	1.1217506074417023
d081	0.02	2	t1	0.002989077753483762	1.136578553280041
d081	0.02	2	t1	0.0033550511129892243	1.2105827461638208
d081	0.02	2	t1	0.0037630823722051253	1.111317165986545
d081	0.02	2	t1	0.004220512937761092	1.3713768997664835
d081	0.02	2	t1	0.004735268427364398	1.309723617768162
d081	0.02	2	t1	0.00531468965810924	1.102056547596085
d081	0.02	2	t1	0.005966703895880201	1.0630824819964753
d081	0.02	2	t1	0.006691163505285742	1.062862584212437
d081	0.02	2	t1	0.00750693386647431	1.0918830296754514
d081	0.02	2	t1	0.008425831166491782	1.0002858045426974
d081	0.02	2	t1	0.009451452182471384	1.0193157425580797
d081	0.02	2	t1	0.010602808117072449	0.8935407367199248
d081	0.02	2	t1	0.011899055913815891	0.927177758842377
d081	0.02	2	t1	0.013351719421174534	0.9932679971434444
d081	0.02	2	t1	0.014979662876172375	0.9043480802716951
d081	0.02	2	t1	0.016805933483363636	0.8344892697255955
d081	0.02	2	t1	0.0188570292540463	0.8028775325006738
d081	0.02	2	t1	0.021159887502757043	0.8232582316470675
d081	0.02	2	t1	0.023741006069205848	0.7713246911375059
d081	0.02	2	t1	0.026638552998525435	0.7825108005558629
d081	0.02	2	t1	0.029886952690767608	0.6991253224413213
d081	0.02	2	t1	0.0335317139880143	0.6627923900345984
d081	0.02	2	t1	0.03762641841208682	0.6672914203135566
d081	0.02	2	t1	0.042216867626638205	0.6825587529811508
d081	0.02	2	t1	0.047367581161098446	0.5908763114567532
d081	0.02	2	t1	0.05314755428959493	0.6052019344657604
d081	0.02	2	t1	0.05963268370222095	0.5211369934718096
d081	0.02	2	t1	0.06691097550584788	0.4856571421839167
d081	0.02	2	t1	0.07507374000353845	0.48478827412982506
d081	0.02	2	t1	0.0842315912160045	0.46507618713891846
d081	0.02	2	t1	0.09451026390588896	0.4591789433965996
d081	0.02	2	t1	0.10604341934190899	0.39723575923289917
d081	0.02	2	t1	0.11898329021012795	0.3810971233461294
d081	0.02	2	t1	0.13350170578599946	0.3542190568856008
d081	0.02	2	t1	0.14978906678461706	0.3424177030198699
d081	0.02	2	t1	0.16806660120897057	0.3054449240688476
d081	0.02	2	t1	0.18857454785745398	0.293356800569867
d081	0.02	2	t1	0.2115835334850689	0.2770912564048343
d081	0.02	2	t1	0.23739860927755593	0.2636137965086615
d081	0.02	2	t1	0.266366591568392	0.25536506707266726
d081	0.02	2	t1	0.29886901401039945	0.2451605406748497
d081	0.02	2	t1	0.33533636966402874	0.24104303691143839
d081	0.02	2	t1	0.3762531725804453	0.22327023651160752
d081	0.02	2	t1	0.4221605298354539	0.21395188963215805
d081	0.02	2	t1	0.47367243381911905	0.21094085296695375
d081	0.02	2	phi	7.629388473795709e-6	0.039867848979642594
d081	0.02	2	phi	1.525877694759142e-5	0.45475062410756534
d081	0.02	2	phi	2.2888165421387134e-5	0.0008344591300477584
d081	0.02	2	phi	3.0517553895182842e-5	0.05668516699405077
d081	0.02	2	phi	3.814694236897854e-5	0.1642286651704664
d081	0.02	2	phi	4.577633084277418e-5	0.17056896159160895
d081	0.02	2	phi	5.340571931656997e-5	0.17313293483390813
d081	0.02	2	phi	6.10351077903657e-5	0.04443415063631322
d081	0.02	2	phi	6.86644962641613e-5	0.14254163047827328
d081	0.02	2	phi	7.629388473795709e-5	0.11392603309422086
d081	0.02	2	phi	8.392327321175269e-5	0.06259917675675512
d081	0.02	2	phi	9.529103149571589e-5	0.0561033947780209
d081	0.02	2	phi	0.00010681143863313985	0.041151696541670765
d081	0.02	2	phi	0.00011819397800303034	0.08506128604431104
d081	0.02	2	phi	0.00013345979153336977	0.05200323162297078
d081	0.02	2	phi	0.0001487241608614854	0.09680713328221197
d081	0.02	2	phi	0.00016773086992482195	0.08241694803565953
d081	0.02	2	phi	0.00019063293236353633	0.04324635868531227
d081	0.02	2	phi	0.00021353201256911329	0.017470312031098636
d081	0.02	2	phi	0.00023642897778077072	0.0412702002471107
d081	0.02	2	phi	0.0002630756059577625	0.06287333960578892
d081	0.02	2	phi	0.00029735037055581985	0.039907830904173346
d081	0.02	2	phi	0.00033551959004834276	0.020734436711549793
d081	0.02	2	phi	0.0003774297929274283	0.02281684602879228
d081	0.02	2	phi	0.0004232304713625064	0.024749732226321642
d081	0.02	2	phi	0.00047277581579931876	0.03282968164289424
d081	0.02	2	phi	0.000529954140682307	0.022807415973810752
d081	0.02	2	phi	0.0005947660315265448	0.02023869584928901
d081	0.02	2	phi	0.0006672115727191813	0.016232337469181006
d081	0.02	2	phi	0.0007510328933877064	0.023228992700390902
d081	0.02	2	phi	0.0008426357798242797	0.013689184899331658
d081	0.02	2	phi	0.000945469465562411	0.015107742411801843
d081	0.02	2	phi	0.0010637181906205887	0.013784957602225954
d081	0.02	2	phi	0.0011933427345577946	0.012726456396123147
d081	0.02	2	phi	0.001338234444659373	0.01089930915033059
d081	0.02	2	phi	0.0014983929255561702	0.011947801964980043
d081	0.02	2	phi	0.0016813062912522984	0.01020573997259319
d081	0.02	2	phi	0.0018872672594733926	0.009470371265386824
d081	0.02	2	phi	0.0021159825568989763	0.005120566149646269
d081	0.02	2	phi	0.0023752319840376667	0.00393486296680614
d081	0.02	2	phi	0.0026650158537247022	0.005656368418658071
d081	0.02	2	phi	0.002989077753483762	0.0038855306254457008
d081	0.02	2	phi	0.0033550511129892243	0.00347973451339979
d081	0.02	2	phi	0.0037630823722051253	0.0026096518709869333
d081	0.02	2	phi	0.004220512937761092	0.0021371273616638447
d081	0.02	2	phi	0.004735268427364398	0.0013255625635686169
d081	0.02	2	phi	0.00531468965810924	0.0011076620973177764
d081	0.02	2	phi	0.005966703895880201	0.0006694973344642304
d081	0.02	2	phi	0.006691163505285742	0.000514923544977591
d081	0.02	2	phi	0.00750693386647431	0.00037253138828478453
d081	0.02	2	phi	0.008425831166491782	0.00021813665721389118
d081	0.02	2	phi	0.009451452182471384	0.00015738780224218443
d081	0.02	2	phi	0.010602808117072449	0.00010415812654425514
d081	0.02	2	phi	0.011899055913815891	9.011891390877438e-5
d081	0.02	2	phi	0.013351719421174534	6.112280935145798e-5
d081	0.02	2	phi	0.014979662876172375	4.1591506996749313e-5
d081	0.02	2	phi	0.016805933483363636	3.166776352352329e-5
d081	0.02	2	phi	0.0188570292540463	2.2745766504091288e-5
d081	0.02	2	phi	0.021159887502757043	1.8287937607527598e-5
d081	0.02	2	phi	0.023741006069205848	1.4489901235976955e-5
d081	0.02	2	phi	0.026638552998525435	1.1215361109076245e-5
d081	0.02	2	phi	0.029886952690767608	8.448054183238923e-6
d081	0.02	2	phi	0.0335317139880143	7.134402649372186e-6
d081	0.02	2	phi	0.03762641841208682	5.6238161623404296e-6
d081	0.02	2	phi	0.042216867626638205	4.5148883647225304e-6
d081	0.02	2	phi	0.047367581161098446	3.735424747190906e-6
d081	0.02	2	phi	0.05314755428959493	3.350274143045016e-6
d081	0.02	2	phi	0.05963268370222095	2.660743556375669e-6
d081	0.02	2	phi	0.06691097550584788	2.3568494417854517e-6
d081	0.02	2	phi	0.07507374000353845	2.090074680826698e-6
d081	0.02	2	phi	0.0842315912160045	1.7824436087913224e-6
d081	0.02	2	phi	0.09451026390588896	1.6281583367927856e-6
d081	0.02	2	phi	0.10604341934190899	1.4287303525760482e-6
d081	0.02	2	phi	0.11898329021012795	1.2101170292179406e-6
d081	0.02	2	phi	0.13350170578599946	1.1578661858605467e-6
d081	0.02	2	phi	0.14978906678461706	1.0030284582059733e-6
d081	0.02	2	phi	0.16806660120897057	9.049536358990246e-7
d081	0.02	2	phi	0.18857454785745398	8.171179417718183e-7
d081	0.02	2	phi	0.2115835334850689	7.497896357502192e-7
d081	0.02	2	phi	0.23739860927755593	6.45887598686529e-7
d081	0.02	2	phi	0.266366591568392	5.594113397960833e-7
d081	0.02	2	phi	0.29886901401039945	5.091649717680493e-7
d081	0.02	2	phi	0.33533636966402874	4.412943561591211e-7
d081	0.02	2	phi	0.3762531725804453	3.7436806917130576e-7
d081	0.02	2	phi	0.4221605298354539	3.3138908453880233e-7
d081	0.02	2	phi	0.47367243381911905	2.8123522498244004e-7
d081	0.02	3	t1	7.629388473795709e-6	14.29558430333907
d081	0.02	3	t1	1.525877694759142e-5	3.369301506943599
d081	0.02	3	t1	2.2888165421387134e-5	0.7818926425642359
d081	0.02	3	t1	3.0517553895182842e-5	2.1377451382029067
d081	0.02	3	t1	3.814694236897854e-5	2.9655193365017714
d081	0.02	3	t1	4.577633084277418e-5	0.6858975355898906
d081	0.02	3	t1	5.340571931656997e-5	1.0414168798640726
d081	0.02	3	t1	6.10351077903657e-5	1.088860049815015
d081	0.02	3	t1	6.86644962641613e-5	0.3690561381375702
d081	0.02	3	t1	7.629388473795709e-5	0.11286194323826998
d081	0.02	3	t1	8.392327321175269e-5	0.43287637600095785
d081	0.02	3	t1	9.529103149571589e-5	0.11952711507078123
d081	0.02	3	t1	0.00010681143863313985	0.6101230400245196
d081	0.02	3	t1	0.00011819397800303034	0.17029540337627622
d081	0.02	3	t1	0.00013345979153336977	0.974822416471769
d081	0.02	3	t1	0.0001487241608614854	0.5827022990699737
d081	0.02	3	t1	0.00016773086992482195	0.6313003319719402
d081	0.02	3	t1	0.00019063293236353633	0.41787705843049644
d081	0.02	3	t1	0.00021353201256911329	0.5840054734844536
d081	0.02	3	t1	0.00023642897778077072	0.36276525521747405
d081	0.02	3	t1	0.0002630756059577625	0.3624123661331518
d081	0.02	3	t1	0.00029735037055581985	0.21890481279165463
d081	0.02	3	t1	0.00033551959004834276	0.9024820999647544
d081	0.02	3	t1	0.0003774297929274283	0.4295969214386
d081	0.02	3	t1	0.0004232304713625064	1.0086159368728416
d081	0.02	3	t1	0.00047277581579931876	0.34909665187393607
d081	0.02	3	t1	0.000529954140682307	0.8458424427798266
d081	0.02	3	t1	0.0005947660315265448	0.7195705808976438
d081	0.02	3	t1	0.0006672115727191813	0.6975433764383643
d081	0.02	3	t1	0.0007510328933877064	0.8435801545482885
d081	0.02	3	t1	0.0008426357798242797	0.4048384090446557
d081	0.02	3	t1	0.000945469465562411	0.5940825396632388
d081	0.02	3	t1	0.0010637181906205887	1.0003829430018076
d081	0.02	3	t1	0.0011933427345577946	0.8208786278043201
d081	0.02	3	t1	0.001338234444659373	0.6701638830377862
d081	0.02	3	t1	0.0014983929255561702	0.7429685862558258
d081	0.02	3	t1	0.0016813062912522984	0.8375101869057056
d081	0.02	3	t1	0.0018872672594733926	1.1066794889560951
d081	0.02	3	t1	0.0021159825568989763	0.8242589985400633
d081	0.02	3	t1	0.0023752319840376667	1.1497807426262823
d081	0.02	3	t1	0.0026650158537247022	1.5047082436114494
d081	0.02	3	t1	0.002989077753483762	1.5202131818356601
d081	0.02	3	t1	0.0033550511129892243	1.1481682497201395
d081	0.02	3	t1	0.0037630823722051253	1.2934754587411246
d081	0.02	3	t1	0.004220512937761092	1.004711048284928
d081	0.02	3	t1	0.004735268427364398	1.2704159025465787
d081	0.02	3	t1	0.00531468965810924	1.1056950274528536
d081	0.02	3	t1	0.005966703895880201	1.280503697007576
d081	0.02	3	t1	0.006691163505285742	1.0851167527022765
d081	0.02	3	t1	0.00750693386647431	1.1417158807397563
d081	0.02	3	t1	0.008425831166491782	0.9495989888200169
d081	0.02	3	t1	0.009451452182471384	0.9752531492520896
d081	0.02	3	t1	0.010602808117072449	0.9961215721773845
d081	0.02	3	t1	0.011899055913815891	0.8499449541758839
d081	0.02	3	t1	0.013351719421174534	0.7451391669627468
d081	0.02	3	t1	0.014979662876172375	0.9402099195662896
d081	0.02	3	t1	0.016805933483363636	0.8437958987513626
d081	0.02	3	t1	0.0188570292540463	0.8341947091649022
d081	0.02	3	t1	0.021159887502757043	0.7888129246486865
d081	0.02	3	t1	0.023741006069205848	0.6755440174945698
d081	0.02	3	t1	0.026638552998525435	0.7295297915945366
d081	0.02	3	t1	0.029886952690767608	0.734550934461788
d081	0.02	3	t1	0.0335317139880143	0.7302962290497267
d081	0.02	3	t1	0.03762641841208682	0.6478406337336196
d081	0.02	3	t1	0.042216867626638205	0.6280130977632377
d081	0.02	3	t1	0.047367581161098446	0.6190989101776846
d081	0.02	3	t1	0.05314755428959493	0.5590128506331129
d081	0.02	3	t1	0.05963268370222095	0.5158721787375952
d081	0.02	3	t1	0.06691097550584788	0.49856533204770687
d081	0.02	3	t1	0.07507374000353845	0.45870223413423783
d081	0.02	3	t1	0.0842315912160045	0.4489022477334236
d081	0.02	3	t1	0.09451026390588896	0.42702879790619963
d081	0.02	3	t1	0.10604341934190899	0.4034300399124816
d081	0.02	3	t1	0.11898329021012795	0.36647127621974296
d081	0.02	3	t1	0.13350170578599946	0.3486278616912614
d081	0.02	3	t1	0.14978906678461706	0.32762915012853744
d081	0.02	3	t1	0.16806660120897057	0.30996569402142427
d081	0.02	3	t1	0.18857454785745398	0.28659053823689035
d081	0.02	3	t1	0.2115835334850689	0.28071772976460746
d081	0.02	3	t1	0.23739860927755593	0.26260862197962265
d081	0.02	3	t1	0.266366591568392	0.2492255193352225
d081	0.02	3	t1	0.29886901401039945	0.23852072184713005
d081	0.02	3	t1	0.33533636966402874	0.2321369354493646
d081	0.02	3	t1	0.3762531725804453	0.22716519593587847
d081	0.02	3	t1	0.4221605298354539	0.21518761697689137
d081	0.02	3	t1	0.47367243381911905	0.20651443765583666
d081	0.02	3	phi	7.629388473795709e-6	0.06810237614803154
d081	0.02	3	phi	1.525877694759142e-5	0.05125795689923377
d081	0.02	3	phi	2.2888165421387134e-5	0.011517480131237025
d081	0.02	3	phi	3.0517553895182842e-5	0.0818731243744653
d081	0.02	3	phi	3.814694236897854e-5	0.0627872523543876
d081	0.02	3	phi	4.577633084277418e-5	0.06601350083174476
d081	0.02	3	phi	5.340571931656997e-5	0.178149441890854
d081	0.02	3	phi	6.10351077903657e-5	0.06250732935118351
d081	0.02	3	phi	6.86644962641613e-5	0.029783116494627684
d081	0.02	3	phi	7.629388473795709e-5	0.029691308467768927
d081	0.02	3	phi	8.392327321175269e-5	0.06105437340967341
d081	0.02	3	phi	9.529103149571589e-5	0.15300949715918136
d081	0.02	3	phi	0.00010681143863313985	0.06479878784115359
d081	0.02	3	phi	0.00011819397800303034	0.09283345364014355
d081	0.02	3	phi	0.00013345979153336977	0.04180205159983904
d081	0.02	3	phi	0.0001487241608614854	0.17942207728206763
d081	0.02	3	phi	0.00016773086992482195	0.03107077864013764
d081	0.02	3	phi	0.00019063293236353633	0.02419388059124959
d081	0.02	3	phi	0.00021353201256911329	0.02903446915178254
d081	0.02	3	phi	0.00023642897778077072	0.024975628067477357
d081	0.02	3	phi	0.0002630756059577625	0.0379568295751541
d081	0.02	3	phi	0.00029735037055581985	0.015869221568258755
d081	0.02	3	phi	0.00033551959004834276	0.03660865148334034
d081	0.02	3	phi	0.0003774297929274283	0.0222220336562817
d081	0.02	3	phi	0.0004232304713625064	0.01842274208759991
d081	0.02	3	phi	0.00047277581579931876	0.016182708110474876
d081	0.02	3	phi	0.000529954140682307	0.011364093582141722
d081	0.02	3	phi	0.0005947660315265448	0.018547070731833554
d081	0.02	3	phi	0.0006672115727191813	0.02095221552164329
d081	0.02	3	phi	0.0007510328933877064	0.014696884395463891
d081	0.02	3	phi	0.0008426357798242797	0.01915018355350401
d081	0.02	3	phi	0.000945469465562411	0.02803216864297131
d081	0.02	3	phi	0.0010637181906205887	0.015682060852191187
d081	0.02	3	phi	0.0011933427345577946	0.012834699021831323
d081	0.02	3	phi	0.001338234444659373	0.008146082136058896
d081	0.02	3	phi	0.0014983929255561702	0.00925884307550674
d081	0.02	3	phi	0.0016813062912522984	0.00798663758561348
d081	0.02	3	phi	0.0018872672594733926	0.007779691762278099
d081	0.02	3	phi	0.0021159825568989763	0.006053121975532631
d081	0.02	3	phi	0.0023752319840376667	0.00491464398394806
d081	0.02	3	phi	0.0026650158537247022	0.005400384899115688
d081	0.02	3	phi	0.002989077753483762	0.0038380319555692483
d081	0.02	3	phi	0.0033550511129892243	0.002483588630900268
d081	0.02	3	phi	0.0037630823722051253	0.002663197766449292
d081	0.02	3	phi	0.004220512937761092	0.001806009686436759
d081	0.02	3	phi	0.004735268427364398	0.0015136818467152318
d081	0.02	3	phi	0.00531468965810924	0.0010977006998598889
d081	0.02	3	phi	0.005966703895880201	0.0006769233710774199
d081	0.02	3	phi	0.006691163505285742	0.00047982517341617044
d081	0.02	3	phi	0.00750693386647431	0.0003757425697674272
d081	0.02	3	phi	0.008425831166491782	0.00022923770676995335
d081	0.02	3	phi	0.009451452182471384	0.0001530509644036013
d081	0.02	3	phi	0.010602808117072449	0.00011972123303610127
d081	0.02	3	phi	0.011899055913815891	9.209958577908876e-5
d081	0.02	3	phi	0.013351719421174534	6.992243608107698e-5
d081	0.02	3	phi	0.014979662876172375	5.082370163076084e-5
d081	0.02	3	phi	0.016805933483363636	3.726230541992281e-5
d081	0.02	3	phi	0.0188570292540463	2.6561058378938286e-5
d081	0.02	3	phi	0.021159887502757043	2.095594467155427e-5
d081	0.02	3	phi	0.023741006069205848	1.541018662059505e-5
d081	0.02	3	phi	0.026638552998525435	1.2359556173392407e-5
d081	0.02	3	phi	0.029886952690767608	8.622442811826327e-6
d081	0.02	3	phi	0.0335317139880143	6.892451922777929e-6
d081	0.02	3	phi	0.03762641841208682	5.7306312283815e-6
d081	0.02	3	phi	0.042216867626638205	4.86518695458284e-6
d081	0.02	3	phi	0.047367581161098446	3.7662500965983857e-6
d081	0.02	3	phi	0.05314755428959493	3.404523039759219e-6
d081	0.02	3	phi	0.05963268370222095	2.8777208128173496e-6
d081	0.02	3	phi	0.06691097550584788	2.4292103526140454e-6
d081	0.02	3	phi	0.07507374000353845	2.071117692665398e-6
d081	0.02	3	phi	0.0842315912160045	1.8330290437252257e-6
d081	0.02	3	phi	0.09451026390588896	1.7215140849449834e-6
d081	0.02	3	phi	0.10604341934190899	1.4826166383993265e-6
d081	0.02	3	phi	0.11898329021012795	1.3005287641005403e-6
d081	0.02	3	phi	0.13350170578599946	1.1556396507459134e-6
d081	0.02	3	phi	0.14978906678461706	1.0565399208676024e-6
d081	0.02	3	phi	0.16806660120897057	9.290419577578969e-7
d081	0.02	3	phi	0.18857454785745398	8.222830638417013e-7
d081	0.02	3	phi	0.2115835334850689	7.445158629023818e-7
d081	0.02	3	phi	0.23739860927755593	6.783452067942898e-7
d081	0.02	3	phi	0.266366591568392	5.957961020750024e-7
d081	0.02	3	phi	0.29886901401039945	5.434880338891599e-7
d081	0.02	3	phi	0.33533636966402874	4.4924834108629396e-7
d081	0.02	3	phi	0.3762531725804453	3.966537435501589e-7
d081	0.02	3	phi	0.4221605298354539	3.423514388454017e-7
d081	0.02	3	phi	0.47367243381911905	2.827893525068097e-7
d081	0.02	4	t1	7.629388473795709e-6	2.357598336961404
d081	0.02	4	t1	1.525877694759142e-5	0.011415942195316334
d081	0.02	4	t1	2.2888165421387134e-5	1.0962588093979908
d081	0.02	4	t1	3.0517553895182842e-5	0.6677854431207
d081	0.02	4	t1	3.814694236897854e-5	1.9970129718982517
d081	0.02	4	t1	4.577633084277418e-5	0.10595855947624906
d081	0.02	4	t1	5.340571931656997e-5	0.7321739395668015
d081	0.02	4	t1	6.10351077903657e-5	0.15151822506026727
d081	0.02	4	t1	6.86644962641613e-5	2.6353639527718555
d081	0.02	4	t1	7.629388473795709e-5	0.39705636526795585
d081	0.02	4	t1	8.392327321175269e-5	2.043452637469758
d081	0.02	4	t1	9.529103149571589e-5	0.3796422137981024
d081	0.02	4	t1	0.00010681143863313985	0.9740624734912285
d081	0.02	4	t1	0.00011819397800303034	1.076953404613802
d081	0.02	4	t1	0.00013345979153336977	0.43770016115502947
d081	0.02	4	t1	0.0001487241608614854	0.9020048640984011
d081	0.02	4	t1	0.00016773086992482195	0.5199980378274703
d081	0.02	4	t1	0.00019063293236353633	1.7636488818281901
d081	0.02	4	t1	0.00021353201256911329	0.7151189806172747
d081	0.02	4	t1	0.00023642897778077072	0.8002220041917462
d081	0.02	4	t1	0.0002630756059577625	0.6982631313308937
d081	0.02	4	t1	0.00029735037055581985	1.0646511156491207
d081	0.02	4	t1	0.00033551959004834276	0.9403078818331545
d081	0.02	4	t1	0.0003774297929274283	0.7141059467639778
d081	0.02	4	t1	0.0004232304713625064	0.40642089902292594
d081	0.02	4	t1	0.00047277581579931876	0.5448398547098096
d081	0.02	4	t1	0.000529954140682307	0.8746315438548761
d081	0.02	4	t1	0.0005947660315265448	0.4508280048653479
d081	0.02	4	t1	0.0006672115727191813	0.6036427679552132
d081	0.02	4	t1	0.0007510328933877064	0.5925096884139678
d081	0.02	4	t1	0.0008426357798242797	0.9698053232014847
d081	0.02	4	t1	0.000945469465562411	0.6955316871004409
d081	0.02	4	t1	0.0010637181906205887	0.7080719588917781
d081	0.02	4	t1	0.0011933427345577946	0.7795353609667424
d081	0.02	4	t1	0.001338234444659373	0.7222679383613755
d081	0.02	4	t1	0.0014983929255561702	0.7631624118379083
d081	0.02	4	t1	0.0016813062912522984	0.7576568144406719
d081	0.02	4	t1	0.0018872672594733926	0.974913516741424
d081	0.02	4	t1	0.0021159825568989763	1.36997183266192
d081	0.02	4	t1	0.0023752319840376667	1.0900984613211275
d081	0.02	4	t1	0.0026650158537247022	1.371192189326563
d081	0.02	4	t1	0.002989077753483762	1.3569764013827883
d081	0.02	4	t1	0.0033550511129892243	1.4413133917601244
d081	0.02	4	t1	0.0037630823722051253	1.3228296617417374
d081	0.02	4	t1	0.004220512937761092	1.308536810621933
d081	0.02	4	t1	0.004735268427364398	1.341106933194342
d081	0.02	4	t1	0.00531468965810924	1.1591868019361655
d081	0.02	4	t1	0.005966703895880201	1.129676539355515
d081	0.02	4	t1	0.006691163505285742	1.089680635274341
d081	0.02	4	t1	0.00750693386647431	1.0854806710053118
d081	0.02	4	t1	0.008425831166491782	1.0862823071685905
d081	0.02	4	t1	0.009451452182471384	1.0404376915956874
d081	0.02	4	t1	0.010602808117072449	0.9169142842921267
d081	0.02	4	t1	0.011899055913815891	0.9140774157557842
d081	0.02	4	t1	0.013351719421174534	0.9597052877917162
d081	0.02	4	t1	0.014979662876172375	0.8493344768705682
d081	0.02	4	t1	0.016805933483363636	0.8271748692940503
d081	0.02	4	t1	0.0188570292540463	0.8687667884488877
d081	0.02	4	t1	0.021159887502757043	0.8252704466367746
d081	0.02	4	t1	0.023741006069205848	0.7861887440250791
d081	0.02	4	t1	0.026638552998525435	0.7837297530851862
d081	0.02	4	t1	0.029886952690767608	0.7250262818167701
d081	0.02	4	t1	0.0335317139880143	0.706610097395659
d081	0.02	4	t1	0.03762641841208682	0.6593515308022746
d081	0.02	4	t1	0.042216867626638205	0.6365321921865604
d081	0.02	4	t1	0.047367581161098446	0.6068318165479734
d081	0.02	4	t1	0.05314755428959493	0.6346892599482015
d081	0.02	4	t1	0.05963268370222095	0.5411902620875366
d081	0.02	4	t1	0.06691097550584788	0.5009435537130726
d081	0.02	4	t1	0.07507374000353845	0.4608444326369455
d081	0.02	4	t1	0.0842315912160045	0.4216400745067307
d081	0.02	4	t1	0.09451026390588896	0.4157606669101791
d081	0.02	4	t1	0.10604341934190899	0.3966634688706054
d081	0.02	4	t1	0.11898329021012795	0.37084677287711515
d081	0.02	4	t1	0.13350170578599946	0.3538445857562463
d081	0.02	4	t1	0.14978906678461706	0.32583752825051143
d081	0.02	4	t1	0.16806660120897057	0.29884705774419024
d081	0.02	4	t1	0.18857454785745398	0.2926383567954774
d081	0.02	4	t1	0.2115835334850689	0.2650007058100926
d081	0.02	4	t1	0.23739860927755593	0.2585425653741609
d081	0.02	4	t1	0.266366591568392	0.25212208494163263
d081	0.02	4	t1	0.29886901401039945	0.23936878090789365
d081	0.02	4	t1	0.33533636966402874	0.23030928863200575
d081	0.02	4	t1	0.3762531725804453	0.21965067798822913
d081	0.02	4	t1	0.4221605298354539	0.21609106677712256
d081	0.02	4	t1	0.47367243381911905	0.2109814785071466
d081	0.02	4	phi	7.629388473795709e-6	0.19573125157427676
d081	0.02	4	phi	1.525877694759142e-5	0.07202886194177317
d081	0.02	4	phi	2.2888165421387134e-5	0.1613475621394522
d081	0.02	4	phi	3.0517553895182842e-5	0.0309131429150273
d081	0.02	4	phi	3.814694236897854e-5	0.19486185431535952
d081	0.02	4	phi	4.577633084277418e-5	0.07935668894149503
d081	0.02	4	phi	5.340571931656997e-5	0.017409777364770007
d081	0.02	4	phi	6.10351077903657e-5	0.05022741421553553
d081	0.02	4	phi	6.86644962641613e-5	0.04591981898713331
d081	0.02	4	phi	7.629388473795709e-5	0.04212378995515624
d081	0.02	4	phi	8.392327321175269e-5	0.008396295449215335
d081	0.02	4	phi	9.529103149571589e-5	0.01381403010670768
d081	0.02	4	phi	0.00010681143863313985	0.022239277605167692
d081	0.02	4	phi	0.00011819397800303034	0.00640670749717265
d081	0.02	4	phi	0.00013345979153336977	0.07879473876583945
d081	0.02	4	phi	0.0001487241608614854	0.13727799639574378
d081	0.02	4	phi	0.00016773086992482195	0.10251519179926179
d081	0.02	4	phi	0.00019063293236353633	0.06631569717519864
d081	0.02	4	phi	0.00021353201256911329	0.021046235352773696
d081	0.02	4	phi	0.00023642897778077072	0.0647745772900951
d081	0.02	4	phi	0.0002630756059577625	0.011145367346946223
d081	0.02	4	phi	0.00029735037055581985	0.04503400933146048
d081	0.02	4	phi	0.00033551959004834276	0.038505083557111776
d081	0.02	4	phi	0.0003774297929274283	0.014966092322326303
d081	0.02	4	phi	0.0004232304713625064	0.022517118593501084
d081	0.02	4	phi	0.00047277581579931876	0.023850498366797486
d081	0.02	4	phi	0.000529954140682307	0.026950585018620625
d081	0.02	4	phi	0.0005947660315265448	0.022733709101218778
d081	0.02	4	phi	0.0006672115727191813	0.008808826133731075
d081	0.02	4	phi	0.0007510328933877064	0.0225517882064898
d081	0.02	4	phi	0.0008426357798242797	0.017990192739708297
d081	0.02	4	phi	0.000945469465562411	0.009361288176427559
d081	0.02	4	phi	0.0010637181906205887	0.014355466342944328
d081	0.02	4	phi	0.0011933427345577946	0.012339712604440967
d081	0.02	4	phi	0.001338234444659373	0.010740826967326807
d081	0.02	4	phi	0.0014983929255561702	0.008945504799606662
d081	0.02	4	phi	0.0016813062912522984	0.01065869709271183
d081	0.02	4	phi	0.0018872672594733926	0.008559387994588878
d081	0.02	4	phi	0.0021159825568989763	0.00680842880992164
d081	0.02	4	phi	0.0023752319840376667	0.005373480104267549
d081	0.02	4	phi	0.0026650158537247022	0.00501426166680791
d081	0.02	4	phi	0.002989077753483762	0.004889076748555847
d081	0.02	4	phi	0.0033550511129892243	0.004157370775443519
d081	0.02	4	phi	0.0037630823722051253	0.0030092660460124265
d081	0.02	4	phi	0.004220512937761092	0.002082140262184961
d081	0.02	4	phi	0.004735268427364398	0.0014306958631247614
d081	0.02	4	phi	0.00531468965810924	0.000937925239814588
d081	0.02	4	phi	0.005966703895880201	0.0006325505227991664
d081	0.02	4	phi	0.006691163505285742	0.0005081130204518697
d081	0.02	4	phi	0.00750693386647431	0.00032285099501851795
d081	0.02	4	phi	0.008425831166491782	0.00021998624475466527
d081	0.02	4	phi	0.009451452182471384	0.00017662309991121485
d081	0.02	4	phi	0.010602808117072449	0.0001212174162590911
d081	0.02	4	phi	0.011899055913815891	9.586222251028353e-5
d081	0.02	4	phi	0.013351719421174534	6.72135776448858e-5
d081	0.02	4	phi	0.014979662876172375	4.716492478257307e-5
d081	0.02	4	phi	0.016805933483363636	3.0806052539723395e-5
d081	0.02	4	phi	0.0188570292540463	2.463306915311325e-5
d081	0.02	4	phi	0.021159887502757043	1.713488404224657e-5
d081	0.02	4	phi	0.023741006069205848	1.4156972284792428e-5
d081	0.02	4	phi	0.026638552998525435	1.0523888021432297e-5
d081	0.02	4	phi	0.029886952690767608	8.709174392189977e-6
d081	0.02	4	phi	0.0335317139880143	6.9129178186365024e-6
d081	0.02	4	phi	0.03762641841208682	5.561499317016229e-6
d081	0.02	4	phi	0.042216867626638205	4.272734914803471e-6
d081	0.02	4	phi	0.047367581161098446	3.7110118116420835e-6
d081	0.02	4	phi	0.05314755428959493	3.266846418717124e-6
d081	0.02	4	phi	0.05963268370222095	2.692115559137718e-6
d081	0.02	4	phi	0.06691097550584788	2.3686897384056006e-6
d081	0.02	4	phi	0.07507374000353845	2.1193083758611007e-6
d081	0.02	4	phi	0.0842315912160045	1.8272443004806756e-6
d081	0.02	4	phi	0.09451026390588896	1.576797455355276e-6
d081	0.02	4	phi	0.10604341934190899	1.3992155563521112e-6
d081	0.02	4	phi	0.11898329021012795	1.297288232582223e-6
d081	0.02	4	phi	0.13350170578599946	1.1166255592304663e-6
d081	0.02	4	phi	0.14978906678461706	1.0525634479356586e-6
d081	0.02	4	phi	0.16806660120897057	9.494783840929511e-7
d081	0.02	4	phi	0.18857454785745398	8.17506689036771e-7
d081	0.02	4	phi	0.2115835334850689	7.376669651192926e-7
d081	0.02	4	phi	0.23739860927755593	6.727438275606767e-7
d081	0.02	4	phi	0.266366591568392	5.822109156881651e-7
d081	0.02	4	phi	0.29886901401039945	5.259174440002091e-7
d081	0.02	4	phi	0.33533636966402874	4.5125943598452333e-7
d081	0.02	4	phi	0.3762531725804453	4.0905103110194757e-7
d081	0.02	4	phi	0.4221605298354539	3.405864361371325e-7
d081	0.02	4	phi	0.47367243381911905	2.876541913493119e-7
d081	0.02	5	t1	7.629388473795709e-6	7.849297559033381
d081	0.02	5	t1	1.525877694759142e-5	4.631152580126307
d081	0.02	5	t1	2.2888165421387134e-5	0.9073112288406875
d081	0.02	5	t1	3.0517553895182842e-5	0.33315295066374573
d081	0.02	5	t1	3.814694236897854e-5	0.706418931737921
d081	0.02	5	t1	4.577633084277418e-5	0.5666573873041493
d081	0.02	5	t1	5.340571931656997e-5	1.006491700217529
d081	0.02	5	t1	6.10351077903657e-5	0.428385307778333
d081	0.02	5	t1	6.86644962641613e-5	0.47665532185165627
d081	0.02	5	t1	7.629388473795709e-5	2.080012558688138
d081	0.02	5	t1	8.392327321175269e-5	0.4717727239934594
d081	0.02	5	t1	9.529103149571589e-5	0.7862763332202238
d081	0.02	5	t1	0.00010681143863313985	1.6426872551822114
d081	0.02	5	t1	0.00011819397800303034	0.5922508862151112
d081	0.02	5	t1	0.00013345979153336977	0.37046663245066797
d081	0.02	5	t1	0.0001487241608614854	1.9006591635243
d081	0.02	5	t1	0.00016773086992482195	0.26194746470206226
d081	0.02	5	t1	0.00019063293236353633	0.7891070818173663
d081	0.02	5	t1	0.00021353201256911329	1.051177639052664
d081	0.02	5	t1	0.00023642897778077072	0.14122887536586248
d081	0.02	5	t1	0.0002630756059577625	0.32097743691824526
d081	0.02	5	t1	0.00029735037055581985	0.5698313752610826
d081	0.02	5	t1	0.00033551959004834276	1.4178760120945766
d081	0.02	5	t1	0.0003774297929274283	0.21950359280700812
d081	0.02	5	t1	0.0004232304713625064	0.44013683715163476
d081	0.02	5	t1	0.00047277581579931876	0.703064233773342
d081	0.02	5	t1	0.000529954140682307	0.6465813796181872
d081	0.02	5	t1	0.0005947660315265448	0.8339009189946877
d081	0.02	5	t1	0.0006672115727191813	0.6842829733792002
d081	0.02	5	t1	0.0007510328933877064	0.5942514877810342
d081	0.02	5	t1	0.0008426357798242797	0.5949031681663348
d081	0.02	5	t1	0.000945469465562411	0.4959766415669819
d081	0.02	5	t1	0.0010637181906205887	0.4533574603713051
d081	0.02	5	t1	0.0011933427345577946	1.1347836334673689
d081	0.02	5	t1	0.001338234444659373	0.774391573094023
d081	0.02	5	t1	0.0014983929255561702	0.8216205426278157
d081	0.02	5	t1	0.0016813062912522984	0.7581916531090467
d081	0.02	5	t1	0.0018872672594733926	0.6825697836229152
d081	0.02	5	t1	0.0021159825568989763	0.8565181842974566
d081	0.02	5	t1	0.0023752319840376667	0.8662041705602923
d081	0.02	5	t1	0.0026650158537247022	1.1389658065819785
d081	0.02	5	t1	0.002989077753483762	0.7541473429584419
d081	0.02	5	t1	0.0033550511129892243	0.9367883520200352
d081	0.02	5	t1	0.0037630823722051253	0.9664282739436751
d081	0.02	5	t1	0.004220512937761092	1.1674177077841013
d081	0.02	5	t1	0.004735268427364398	1.0510897851851326
d081	0.02	5	t1	0.00531468965810924	0.9457833159985649
d081	0.02	5	t1	0.005966703895880201	0.8543333968337464
d081	0.02	5	t1	0.006691163505285742	0.9044140658826643
d081	0.02	5	t1	0.00750693386647431	0.8084115956940743
d081	0.02	5	t1	0.008425831166491782	0.9644072163919574
d081	0.02	5	t1	0.009451452182471384	0.8506004648447257
d081	0.02	5	t1	0.010602808117072449	0.8780692256102013
d081	0.02	5	t1	0.011899055913815891	0.8466345696990009
d081	0.02	5	t1	0.013351719421174534	0.7113708057246675
d081	0.02	5	t1	0.014979662876172375	0.8388041421035682
d081	0.02	5	t1	0.016805933483363636	0.6991310092918385
d081	0.02	5	t1	0.0188570292540463	0.7552074039506421
d081	0.02	5	t1	0.021159887502757043	0.7682165763858574
d081	0.02	5	t1	0.023741006069205848	0.6674319732728851
d081	0.02	5	t1	0.026638552998525435	0.6117959331720549
d081	0.02	5	t1	0.029886952690767608	0.5815417332075321
d081	0.02	5	t1	0.0335317139880143	0.5644918883806321
d081	0.02	5	t1	0.03762641841208682	0.6595334523273263
d081	0.02	5	t1	0.042216867626638205	0.5700907655111539
d081	0.02	5	t1	0.047367581161098446	0.5284027623357115
d081	0.02	5	t1	0.05314755428959493	0.479496076275652
d081	0.02	5	t1	0.05963268370222095	0.4998976016644694
d081	0.02	5	t1	0.06691097550584788	0.4649583427085656
d081	0.02	5	t1	0.07507374000353845	0.4412243357072413
d081	0.02	5	t1	0.0842315912160045	0.40400121916154685
d081	0.02	5	t1	0.09451026390588896	0.3797205337320951
d081	0.02	5	t1	0.10604341934190899	0.35914350610896023
d081	0.02	5	t1	0.11898329021012795	0.33589931567015185
d081	0.02	5	t1	0.13350170578599946	0.3154579860331344
d081	0.02	5	t1	0.14978906678461706	0.2917616249648879
d081	0.02	5	t1	0.16806660120897057	0.2726714434960367
d081	0.02	5	t1	0.18857454785745398	0.2560632771132086
d081	0.02	5	t1	0.2115835334850689	0.25079943403617744
d081	0.02	5	t1	0.23739860927755593	0.23469016175294652
d081	0.02	5	t1	0.266366591568392	0.22889466351215842
d081	0.02	5	t1	0.29886901401039945	0.2092529573057026
d081	0.02	5	t1	0.33533636966402874	0.20742537961273216
d081	0.02	5	t1	0.3762531725804453	0.19753984890902274
d081	0.02	5	t1	0.4221605298354539	0.19265147555129525
d081	0.02	5	t1	0.47367243381911905	0.18486530394443085
d081	0.02	5	phi	7.629388473795709e-6	0.26322337190243755
d081	0.02	5	phi	1.525877694759142e-5	0.2248118835407917
d081	0.02	5	phi	2.2888165421387134e-5	0.4944412543377327
d081	0.02	5	phi	3.0517553895182842e-5	0.1035720688541074
d081	0.02	5	phi	3.814694236897854e-5	0.16714629547416593
d081	0.02	5	phi	4.577633084277418e-5	0.01571840178337823
d081	0.02	5	phi	5.340571931656997e-5	0.09342195924048675
d081	0.02	5	phi	6.10351077903657e-5	0.16374633032539623
d081	0.02	5	phi	6.86644962641613e-5	0.09647299190341732
d081	0.02	5	phi	7.629388473795709e-5	0.2229320470657631
d081	0.02	5	phi	8.392327321175269e-5	0.06290572652107382
d081	0.02	5	phi	9.529103149571589e-5	0.02363814166195878
d081	0.02	5	phi	0.00010681143863313985	0.00020611042488703706
d081	0.02	5	phi	0.00011819397800303034	0.10393174263484578
d081	0.02	5	phi	0.00013345979153336977	0.04105804852912704
d081	0.02	5	phi	0.0001487241608614854	0.038299214583423946
d081	0.02	5	phi	0.00016773086992482195	0.06668394015851349
d081	0.02	5	phi	0.00019063293236353633	0.04555228899317634
d081	0.02	5	phi	0.00021353201256911329	0.09319743032621834
d081	0.02	5	phi	0.00023642897778077072	0.024916014062679747
d081	0.02	5	phi	0.0002630756059577625	0.04967563273700603
d081	0.02	5	phi	0.00029735037055581985	0.03268818042965681
d081	0.02	5	phi	0.00033551959004834276	0.03574618456787309
d081	0.02	5	phi	0.0003774297929274283	0.02595123569114947
d081	0.02	5	phi	0.0004232304713625064	0.04114978705237007
d081	0.02	5	phi	0.00047277581579931876	0.012565724881053144
d081	0.02	5	phi	0.000529954140682307	0.02972825809714983
d081	0.02	5	phi	0.0005947660315265448	0.02241807083254286
d081	0.02	5	phi	0.0006672115727191813	0.015017698477248395
d081	0.02	5	phi	0.0007510328933877064	0.011177616413872535
d081	0.02	5	phi	0.0008426357798242797	0.021182752169737487
d081	0.02	5	phi	0.000945469465562411	0.014302468239436827
d081	0.02	5	phi	0.0010637181906205887	0.020432276476747564
d081	0.02	5	phi	0.0011933427345577946	0.014952139201033672
d081	0.02	5	phi	0.001338234444659373	0.016531726288974258
d081	0.02	5	phi	0.0014983929255561702	0.012417045076267562
d081	0.02	5	phi	0.0016813062912522984	0.010139163759754148
d081	0.02	5	phi	0.0018872672594733926	0.011599427141924757
d081	0.02	5	phi	0.0021159825568989763	0.005920392067284499
d081	0.02	5	phi	0.0023752319840376667	0.006147896408156805
d081	0.02	5	phi	0.0026650158537247022	0.0053903654329254015
d081	0.02	5	phi	0.002989077753483762	0.004442968495404156
d081	0.02	5	phi	0.0033550511129892243	0.0029548539896134783
d081	0.02	5	phi	0.0037630823722051253	0.0020546177680030612
d081	0.02	5	phi	0.004220512937761092	0.002135918079484269
d081	0.02	5	phi	0.004735268427364398	0.0015509664526887194
d081	0.02	5	phi	0.00531468965810924	0.0009802888473192618
d081	0.02	5	phi	0.005966703895880201	0.0007233926064046649
d081	0.02	5	phi	0.006691163505285742	0.0005263302013174967
d081	0.02	5	phi	0.00750693386647431	0.0003898760148747139
d081	0.02	5	phi	0.008425831166491782	0.0002737393712955594
d081	0.02	5	phi	0.009451452182471384	0.00018490799552984058
d081	0.02	5	phi	0.010602808117072449	0.00012096299208174209
d081	0.02	5	phi	0.011899055913815891	8.738153251001695e-5
d081	0.02	5	phi	0.013351719421174534	6.628858516643484e-5
d081	0.02	5	phi	0.014979662876172375	5.3221416946951754e-5
d081	0.02	5	phi	0.016805933483363636	4.0460494161510325e-5
d081	0.02	5	phi	0.0188570292540463	2.7639296849724537e-5
d081	0.02	5	phi	0.021159887502757043	2.0113464309384183e-5
d081	0.02	5	phi	0.023741006069205848	1.4598600157289539e-5
d081	0.02	5	phi	0.026638552998525435	1.212366936412388e-5
d081	0.02	5	phi	0.029886952690767608	8.691095627426505e-6
d081	0.02	5	phi	0.0335317139880143	7.098003440431499e-6
d081	0.02	5	phi	0.03762641841208682	6.0593259857248335e-6
d081	0.02	5	phi	0.042216867626638205	5.034413106677531e-6
d081	0.02	5	phi	0.047367581161098446	4.052154139319225e-6
d081	0.02	5	phi	0.05314755428959493	3.2453662350259034e-6
d081	0.02	5	phi	0.05963268370222095	2.739816563021295e-6
d081	0.02	5	phi	0.06691097550584788	2.4511953050924517e-6
d081	0.02	5	phi	0.07507374000353845	2.0610793892534138e-6
d081	0.02	5	phi	0.0842315912160045	1.7891878413930671e-6
d081	0.02	5	phi	0.09451026390588896	1.6887719962004157e-6
d081	0.02	5	phi	0.10604341934190899	1.4471928639204764e-6
d081	0.02	5	phi	0.11898329021012795	1.2758384020587175e-6
d081	0.02	5	phi	0.13350170578599946	1.1720160335080516e-6
d081	0.02	5	phi	0.14978906678461706	1.0137123121046968e-6
d081	0.02	5	phi	0.16806660120897057	9.337739339366007e-7
d081	0.02	5	phi	0.18857454785745398	8.437757678493414e-7
d081	0.02	5	phi	0.2115835334850689	7.558889569265379e-7
d081	0.02	5	phi	0.23739860927755593	6.837002694665784e-7
d081	0.02	5	phi	0.266366591568392	6.159806498306401e-7
d081	0.02	5	phi	0.29886901401039945	5.385503111050345e-7
d081	0.02	5	phi	0.33533636966402874	4.6945633972562595e-7
d081	0.02	5	phi	0.3762531725804453	3.975014949357459e-7
d081	0.02	5	phi	0.4221605298354539	3.3974215308031844e-7
d081	0.02	5	phi	0.47367243381911905	2.8893185867055294e-7
d081	0.05	1	t1	7.629388473795709e-6	262.6922031913814
d081	0.05	1	t1	1.525877694759142e-5	89.58391039129472
d081	0.05	1	t1	2.2888165421387134e-5	56.38697865356933
d081	0.05	1	t1	3.0517553895182842e-5	41.36786950973776
d081	0.05	1	t1	3.814694236897854e-5	49.52233715620998
d081	0.05	1	t1	4.577633084277418e-5	9.109882403978185
d081	0.05	1	t1	5.340571931656997e-5	24.323978383183682
d081	0.05	1	t1	6.10351077903657e-5	22.135986697932513
d081	0.05	1	t1	6.86644962641613e-5	11.732445195096865
d081	0.05	1	t1	7.629388473795709e-5	3.3751073415648163
d081	0.05	1	t1	8.392327321175269e-5	14.777831387106007
d081	0.05	1	t1	9.529103149571589e-5	6.127731254916624
d081	0.05	1	t1	0.00010681143863313985	6.194709881535939
d081	0.05	1	t1	0.00011819397800303034	4.575093120918402
d081	0.05	1	t1	0.00013345979153336977	1.2874325350173585
d081	0.05	1	t1	0.0001487241608614854	23.12773334789849
d081	0.05	1	t1	0.00016773086992482195	3.7107210297426456
d081	0.05	1	t1	0.00019063293236353633	2.8481897526235813
d081	0.05	1	t1	0.00021353201256911329	10.8386665589916
d081	0.05	1	t1	0.00023642897778077072	8.29474640277987
d081	0.05	1	t1	0.0002630756059577625	9.216921840078813
d081	0.05	1	t1	0.00029735037055581985	4.941962958648951
d081	0.05	1	t1	0.00033551959004834276	4.706371454752396
d081	0.05	1	t1	0.0003774297929274283	8.804876587844293
d081	0.05	1	t1	0.0004232304713625064	4.037418382174342
d081	0.05	1	t1	0.00047277581579931876	3.9133685196146577
d081	0.05	1	t1	0.000529954140682307	9.210909590642743
d081	0.05	1	t1	0.0005947660315265448	5.008395559391891
d081	0.05	1	t1	0.0006672115727191813	3.8793842373388876
d081	0.05	1	t1	0.0007510328933877064	6.8011512391091555
d081	0.05	1	t1	0.0008426357798242797	4.099686270357466
d081	0.05	1	t1	0.000945469465562411	8.214412346604428
d081	0.05	1	t1	0.0010637181906205887	5.7472282796867145
d081	0.05	1	t1	0.0011933427345577946	8.880782852491485
d081	0.05	1	t1	0.001338234444659373	6.4326164381517446
d081	0.05	1	t1	0.0014983929255561702	8.344962383513801
d081	0.05	1	t1	0.0016813062912522984	4.2826214035363
d081	0.05	1	t1	0.0018872672594733926	7.020698242525674
d081	0.05	1	t1	0.0021159825568989763	7.041130385536033
d081	0.05	1	t1	0.0023752319840376667	6.4408866110792795
d081	0.05	1	t1	0.0026650158537247022	5.1022379270549205
d081	0.05	1	t1	0.002989077753483762	8.509527948156137
d081	0.05	1	t1	0.0033550511129892243	7.800703507875014
d081	0.05	1	t1	0.0037630823722051253	9.295594694312696
d081	0.05	1	t1	0.004220512937761092	9.239888500094606
d081	0.05	1	t1	0.004735268427364398	9.488424995578882
d081	0.05	1	t1	0.00531468965810924	11.836212969895366
d081	0.05	1	t1	0.005966703895880201	10.145774147495738
d081	0.05	1	t1	0.006691163505285742	10.586273794006456
d081	0.05	1	t1	0.00750693386647431	7.970655253790647
d081	0.05	1	t1	0.008425831166491782	9.809591724989296
d081	0.05	1	t1	0.009451452182471384	8.599719939005332
d081	0.05	1	t1	0.010602808117072449	8.115773458239635
d081	0.05	1	t1	0.011899055913815891	7.9857170716464365
d081	0.05	1	t1	0.013351719421174534	7.1697083382697535
d081	0.05	1	t1	0.014979662876172375	6.556542519868107
d081	0.05	1	t1	0.016805933483363636	6.040911321805324
d081	0.05	1	t1	0.0188570292540463	5.979577667741541
d081	0.05	1	t1	0.021159887502757043	5.423308014435479
d081	0.05	1	t1	0.023741006069205848	5.158461492983031
d081	0.05	1	t1	0.026638552998525435	5.257639080438002
d081	0.05	1	t1	0.029886952690767608	4.62303282541418
d081	0.05	1	t1	0.0335317139880143	4.734742239366225
d081	0.05	1	t1	0.03762641841208682	4.292316337803273
d081	0.05	1	t1	0.042216867626638205	3.7537316921526567
d081	0.05	1	t1	0.047367581161098446	3.495412555348293
d081	0.05	1	t1	0.05314755428959493	3.449728562914836
d081	0.05	1	t1	0.05963268370222095	3.064306724269188
d081	0.05	1	t1	0.06691097550584788	2.866017839599241
d081	0.05	1	t1	0.07507374000353845	2.6207990419463734
d081	0.05	1	t1	0.0842315912160045	2.5310140404053807
d081	0.05	1	t1	0.09451026390588896	2.2647368370322116
d081	0.05	1	t1	0.10604341934190899	2.085622310594105
d081	0.05	1	t1	0.11898329021012795	1.9751494349413112
d081	0.05	1	t1	0.13350170578599946	1.8099344218602844
d081	0.05	1	t1	0.14978906678461706	1.6722787022288768
d081	0.05	1	t1	0.16806660120897057	1.5519992098108977
d081	0.05	1	t1	0.18857454785745398	1.4807474857851377
d081	0.05	1	t1	0.2115835334850689	1.372340761100704
d081	0.05	1	t1	0.23739860927755593	1.2717416100381183
d081	0.05	1	t1	0.266366591568392	1.2333591974730729
d081	0.05	1	t1	0.29886901401039945	1.151641271185016
d081	0.05	1	t1	0.33533636966402874	1.0686403786983054
d081	0.05	1	t1	0.3762531725804453	1.0285972485597614
d081	0.05	1	t1	0.4221605298354539	0.9727939664466687
d081	0.05	1	t1	0.47367243381911905	0.9599615820027751
d081	0.05	1	phi	7.629388473795709e-6	0.40822807857591054
d081	0.05	1	phi	1.525877694759142e-5	0.02867861331154332
d081	0.05	1	phi	2.2888165421387134e-5	0.11182976299349752
d081	0.05	1	phi	3.0517553895182842e-5	0.06120976323123575
d081	0.05	1	phi	3.814694236897854e-5	0.1237092226049229
d081	0.05	1	phi	4.577633084277418e-5	0.18350773228181372
d081	0.05	1	phi	5.340571931656997e-5	0.12803501674739545
d081	0.05	1	phi	6.10351077903657e-5	0.03105635936606634
d081	0.05	1	phi	6.86644962641613e-5	0.2697620840229835
d081	0.05	1	phi	7.629388473795709e-5	0.06881753384779851
d081	0.05	1	phi	8.392327321175269e-5	0.06069738656266179
d081	0.05	1	phi	9.529103149571589e-5	0.17875344744282995
d081	0.05	1	phi	0.00010681143863313985	0.0672894661671965
d081	0.05	1	phi	0.00011819397800303034	0.04060409015772023
d081	0.05	1	phi	0.00013345979153336977	0.037992626475047656
d081	0.05	1	phi	0.0001487241608614854	0.03398364807663571
d081	0.05	1	phi	0.00016773086992482195	0.0305221719587407
d081	0.05	1	phi	0.00019063293236353633	0.047640938235778744
d081	0.05	1	phi	0.00021353201256911329	0.04202633040003248
d081	0.05	1	phi	0.00023642897778077072	0.02153289307407644
d081	0.05	1	phi	0.0002630756059577625	0.07283085305681417
d081	0.05	1	phi	0.00029735037055581985	0.05647313276742474
d081	0.05	1	phi	0.00033551959004834276	0.052657930624628146
d081	0.05	1	phi	0.0003774297929274283	0.03183804633896161
d081	0.05	1	phi	0.0004232304713625064	0.029251289438761766
d081	0.05	1	phi	0.00047277581579931876	0.037114808349048456
d081	0.05	1	phi	0.000529954140682307	0.024646060230364454
d081	0.05	1	phi	0.0005947660315265448	0.013378931422483318
d081	0.05	1	phi	0.0006672115727191813	0.02110918865512728
d081	0.05	1	phi	0.0007510328933877064	0.01878037120888793
d081	0.05	1	phi	0.0008426357798242797	0.02801563873079749
d081	0.05	1	phi	0.000945469465562411	0.017746771517167494
d081	0.05	1	phi	0.0010637181906205887	0.0136967384057133
d081	0.05	1	phi	0.0011933427345577946	0.017725628628020653
d081	0.05	1	phi	0.001338234444659373	0.015887162687801975
d081	0.05	1	phi	0.0014983929255561702	0.011551544338966498
d081	0.05	1	phi	0.0016813062912522984	0.010127435400032098
d081	0.05	1	phi	0.0018872672594733926	0.01045585581704703
d081	0.05	1	phi	0.0021159825568989763	0.008914724235292147
d081	0.05	1	phi	0.0023752319840376667	0.006170356977353367
d081	0.05	1	phi	0.0026650158537247022	0.007785269354872953
d081	0.05	1	phi	0.002989077753483762	0.006424521219887057
d081	0.05	1	phi	0.0033550511129892243	0.005735415230876022
d081	0.05	1	phi	0.0037630823722051253	0.0050152296201574275
d081	0.05	1	phi	0.004220512937761092	0.004993476167200219
d081	0.05	1	phi	0.004735268427364398	0.0043710404220819845
d081	0.05	1	phi	0.00531468965810924	0.0034935024587253796
d081	0.05	1	phi	0.005966703895880201	0.002570946361977165
d081	0.05	1	phi	0.006691163505285742	0.0019901388862095613
d081	0.05	1	phi	0.00750693386647431	0.0013530044511526553
d081	0.05	1	phi	0.008425831166491782	0.0010990773121864758
d081	0.05	1	phi	0.009451452182471384	0.0007711072786862344
d081	0.05	1	phi	0.010602808117072449	0.0004851094770290587
d081	0.05	1	phi	0.011899055913815891	0.0003430313349984574
d081	0.05	1	phi	0.013351719421174534	0.0002616640797827443
d081	0.05	1	phi	0.014979662876172375	0.00018718140833207618
d081	0.05	1	phi	0.016805933483363636	0.00012147124666292898
d081	0.05	1	phi	0.0188570292540463	0.00010176191541715774
d081	0.05	1	phi	0.021159887502757043	7.548214309380577e-5
d081	0.05	1	phi	0.023741006069205848	5.978660325618229e-5
d081	0.05	1	phi	0.026638552998525435	4.814292109161269e-5
d081	0.05	1	phi	0.029886952690767608	4.0703200704275377e-5
d081	0.05	1	phi	0.0335317139880143	3.189651624897643e-5
d081	0.05	1	phi	0.03762641841208682	2.697359241792298e-5
d081	0.05	1	phi	0.042216867626638205	2.1970592409087854e-5
d081	0.05	1	phi	0.047367581161098446	2.0153460485408087e-5
d081	0.05	1	phi	0.05314755428959493	1.7512839459284296e-5
d081	0.05	1	phi	0.05963268370222095	1.5565405881519415e-5
d081	0.05	1	phi	0.06691097550584788	1.4317192624527193e-5
d081	0.05	1	phi	0.07507374000353845	1.39711114461725e-5
d081	0.05	1	phi	0.0842315912160045	1.3122807699369373e-5
d081	0.05	1	phi	0.09451026390588896	1.1986983800691393e-5
d081	0.05	1	phi	0.10604341934190899	1.0892742388197404e-5
d081	0.05	1	phi	0.11898329021012795	1.0374024522314354e-5
d081	0.05	1	phi	0.13350170578599946	9.673573772643864e-6
d081	0.05	1	phi	0.14978906678461706	9.684841938886772e-6
d081	0.05	1	phi	0.16806660120897057	8.827211246168894e-6
d081	0.05	1	phi	0.18857454785745398	8.115025264641629e-6
d081	0.05	1	phi	0.2115835334850689	7.2542735272214444e-6
d081	0.05	1	phi	0.23739860927755593	6.757974629542162e-6
d081	0.05	1	phi	0.266366591568392	6.227894441391285e-6
d081	0.05	1	phi	0.29886901401039945	5.6454552150639385e-6
d081	0.05	1	phi	0.33533636966402874	5.086772077810434e-6
d081	0.05	1	phi	0.3762531725804453	4.411964662298205e-6
d081	0.05	1	phi	0.4221605298354539	3.8640169138758384e-6
d081	0.05	1	phi	0.47367243381911905	3.380605064231853e-6
d081	0.05	2	t1	7.629388473795709e-6	234.01887410376816
d081	0.05	2	t1	1.525877694759142e-5	106.05855356621304
d081	0.05	2	t1	2.2888165421387134e-5	86.29365751288549
d081	0.05	2	t1	3.0517553895182842e-5	128.39968697497707
d081	0.05	2	t1	3.814694236897854e-5	37.79445630954354
d081	0.05	2	t1	4.577633084277418e-5	20.67149593737173
d081	0.05	2	t1	5.340571931656997e-5	21.923136445234903
d081	0.05	2	t1	6.10351077903657e-5	9.511372725487176
d081	0.05	2	t1	6.86644962641613e-5	13.460429358084475
d081	0.05	2	t1	7.629388473795709e-5	28.931447005643093
d081	0.05	2	t1	8.392327321175269e-5	27.559378018131078
d081	0.05	2	t1	9.529103149571589e-5	4.114287532366841
d081	0.05	2	t1	0.00010681143863313985	30.102754735852354
d081	0.05	2	t1	0.00011819397800303034	5.800706646350472
d081	0.05	2	t1	0.00013345979153336977	8.229206663407988
d081	0.05	2	t1	0.0001487241608614854	14.542160070126759
d081	0.05	2	t1	0.00016773086992482195	8.257211661353978
d081	0.05	2	t1	0.00019063293236353633	21.83558090930974
d081	0.05	2	t1	0.00021353201256911329	10.269645995501778
d081	0.05	2	t1	0.00023642897778077072	7.242572001668677
d081	0.05	2	t1	0.0002630756059577625	8.096947060387592
d081	0.05	2	t1	0.00029735037055581985	5.82330646272023
d081	0.05	2	t1	0.00033551959004834276	7.378646709360423
d081	0.05	2	t1	0.0003774297929274283	10.49993125083342
d081	0.05	2	t1	0.0004232304713625064	3.6061586042405964
d081	0.05	2	t1	0.00047277581579931876	8.148160274507115
d081	0.05	2	t1	0.000529954140682307	8.404557612194766
d081	0.05	2	t1	0.0005947660315265448	6.900776878977561
d081	0.05	2	t1	0.0006672115727191813	8.80243243444294
d081	0.05	2	t1	0.0007510328933877064	3.4145815062190117
d081	0.05	2	t1	0.0008426357798242797	4.304387644689434
d081	0.05	2	t1	0.000945469465562411	7.868004504072904
d081	0.05	2	t1	0.0010637181906205887	5.350515738229694
d081	0.05	2	t1	0.0011933427345577946	5.010756927649143
d081	0.05	2	t1	0.001338234444659373	8.007684552145239
d081	0.05	2	t1	0.0014983929255561702	7.860475388585939
d081	0.05	2	t1	0.0016813062912522984	9.861988338512974
d081	0.05	2	t1	0.0018872672594733926	10.36652517104343
d081	0.05	2	t1	0.0021159825568989763	8.852254445115847
d081	0.05	2	t1	0.0023752319840376667	5.547215109531761
d081	0.05	2	t1	0.0026650158537247022	7.183525935704436
d081	0.05	2	t1	0.002989077753483762	7.389876466186724
d081	0.05	2	t1	0.0033550511129892243	9.126432950055287
d081	0.05	2	t1	0.0037630823722051253	10.255371058319437
d081	0.05	2	t1	0.004220512937761092	9.041647726818582
d081	0.05	2	t1	0.004735268427364398	11.695678362245948
d081	0.05	2	t1	0.00531468965810924	11.35874320292161
d081	0.05	2	t1	0.005966703895880201	9.53280036002654
d081	0.05	2	t1	0.006691163505285742	12.473435275103025
d081	0.05	2	t1	0.00750693386647431	9.793898270530702
d081	0.05	2	t1	0.008425831166491782	7.810612419571821
d081	0.05	2	t1	0.009451452182471384	7.9847651944757665
d081	0.05	2	t1	0.010602808117072449	8.145875406059973
d081	0.05	2	t1	0.011899055913815891	6.3175047079864095
d081	0.05	2	t1	0.013351719421174534	8.16815612797873
d081	0.05	2	t1	0.014979662876172375	7.0793261591726155
d081	0.05	2	t1	0.016805933483363636	6.251737858419478
d081	0.05	2	t1	0.0188570292540463	5.904992530325869
d081	0.05	2	t1	0.021159887502757043	5.2754467122421325
d081	0.05	2	t1	0.023741006069205848	4.92439083034573
d081	0.05	2	t1	0.026638552998525435	4.891787591339193
d081	0.05	2	t1	0.029886952690767608	4.73635195604996
d081	0.05	2	t1	0.0335317139880143	4.517153111243037
d081	0.05	2	t1	0.03762641841208682	4.063441602064705
d081	0.05	2	t1	0.042216867626638205	3.64012785186551
d081	0.05	2	t1	0.047367581161098446	3.721504029091264
d081	0.05	2	t1	0.05314755428959493	3.3730310626980624
d081	0.05	2	t1	0.05963268370222095	3.0499730162589085
d081	0.05	2	t1	0.06691097550584788	2.805087313883807
d081	0.05	2	t1	0.07507374000353845	2.88958788598455
d081	0.05	2	t1	0.0842315912160045	2.675559225411122
d081	0.05	2	t1	0.09451026390588896	2.425169628165779
d081	0.05	2	t1	0.10604341934190899	2.2289471082296517
d081	0.05	2	t1	0.11898329021012795	2.013083815847146
d081	0.05	2	t1	0.13350170578599946	1.836396193650551
d081	0.05	2	t1	0.14978906678461706	1.7409631803077639
d081	0.05	2	t1	0.16806660120897057	1.5806455141303097
d081	0.05	2	t1	0.18857454785745398	1.51255732353949
d081	0.05	2	t1	0.2115835334850689	1.4117328964853602
d081	0.05	2	t1	0.23739860927755593	1.336991688695149
d081	0.05	2	t1	0.266366591568392	1.2408763660277449
d081	0.05	2	t1	0.29886901401039945	1.1822490693469365
d081	0.05	2	t1	0.33533636966402874	1.0775504892878929
d081	0.05	2	t1	0.3762531725804453	1.0597302881715787
d081	0.05	2	t1	0.4221605298354539	1.0083760290639399
d081	0.05	2	t1	0.47367243381911905	0.9432301182162206
d081	0.05	2	phi	7.629388473795709e-6	0.4990059873564005
d081	0.05	2	phi	1.525877694759142e-5	0.288935229501476
d081	0.05	2	phi	2.2888165421387134e-5	0.06360682362042898
d081	0.05	2	phi	3.0517553895182842e-5	0.14528153603749963
d081	0.05	2	phi	3.814694236897854e-5	0.00031935230123999434
d081	0.05	2	phi	4.577633084277418e-5	0.07571201509368966
d081	0.05	2	phi	5.340571931656997e-5	0.060027609017866884
d081	0.05	2	phi	6.10351077903657e-5	0.14878204814159462
d081	0.05	2	phi	6.86644962641613e-5	0.06849100792472797
d081	0.05	2	phi	7.629388473795709e-5	0.07703372567385465
d081	0.05	2	phi	8.392327321175269e-5	0.005542432745965512
d081	0.05	2	phi	9.529103149571589e-5	0.13626041018817486
d081	0.05	2	phi	0.00010681143863313985	0.19152555834221746
d081	0.05	2	phi	0.00011819397800303034	0.08985017715840515
d081	0.05	2	phi	0.00013345979153336977	0.07977241788965296
d081	0.05	2	phi	0.0001487241608614854	0.05013006923535544
d081	0.05	2	phi	0.00016773086992482195	0.04963945271977935
d081	0.05	2	phi	0.00019063293236353633	0.06823710956277841
d081	0.05	2	phi	0.00021353201256911329	0.03835907612131518
d081	0.05	2	phi	0.00023642897778077072	0.13271842093569766
d081	0.05	2	phi	0.0002630756059577625	0.03041027730821234
d081	0.05	2	phi	0.00029735037055581985	0.023220880342313267
d081	0.05	2	phi	0.00033551959004834276	0.04425510841112264
d081	0.05	2	phi	0.0003774297929274283	0.04490702563265595
d081	0.05	2	phi	0.0004232304713625064	0.049990085289272075
d081	0.05	2	phi	0.00047277581579931876	0.01980779221754054
d081	0.05	2	phi	0.000529954140682307	0.035678184350992286
d081	0.05	2	phi	0.0005947660315265448	0.026467521392166887
d081	0.05	2	phi	0.0006672115727191813	0.02549708014931708
d081	0.05	2	phi	0.0007510328933877064	0.013071461444764296
d081	0.05	2	phi	0.0008426357798242797	0.019721446422439965
d081	0.05	2	phi	0.000945469465562411	0.012942403839320802
d081	0.05	2	phi	0.0010637181906205887	0.026984592492551304
d081	0.05	2	phi	0.0011933427345577946	0.014293216656055806
d081	0.05	2	phi	0.001338234444659373	0.013837207378190145
d081	0.05	2	phi	0.0014983929255561702	0.01040004127103195
d081	0.05	2	phi	0.0016813062912522984	0.009006015430752235
d081	0.05	2	phi	0.0018872672594733926	0.006924429623137323
d081	0.05	2	phi	0.0021159825568989763	0.008360376410553075
d081	0.05	2	phi	0.0023752319840376667	0.00832619709767357
d081	0.05	2	phi	0.0026650158537247022	0.007118354717492011
d081	0.05	2	phi	0.002989077753483762	0.006585234495371339
d081	0.05	2	phi	0.0033550511129892243	0.005357277891202441
d081	0.05	2	phi	0.0037630823722051253	0.005220976060392011
d081	0.05	2	phi	0.004220512937761092	0.00401068346569096
d081	0.05	2	phi	0.004735268427364398	0.0044705909665047
d081	0.05	2	phi	0.00531468965810924	0.0027901261108087385
d081	0.05	2	phi	0.005966703895880201	0.002619572382489968
d081	0.05	2	phi	0.006691163505285742	0.002069167012915163
d081	0.05	2	phi	0.00750693386647431	0.0016108974224827322
d081	0.05	2	phi	0.008425831166491782	0.0009377493528074523
d081	0.05	2	phi	0.009451452182471384	0.0007959785312426146
d081	0.05	2	phi	0.010602808117072449	0.0005498145642882492
d081	0.05	2	phi	0.011899055913815891	0.0003120541789594275
d081	0.05	2	phi	0.013351719421174534	0.0002790715909329803
d081	0.05	2	phi	0.014979662876172375	0.0001784071123504051
d081	0.05	2	phi	0.016805933483363636	0.00012341234238773483
d081	0.05	2	phi	0.0188570292540463	9.345067186855428e-5
d081	0.05	2	phi	0.021159887502757043	7.125085092719073e-5
d081	0.05	2	phi	0.023741006069205848	5.8241502349663454e-5
d081	0.05	2	phi	0.026638552998525435	4.216816074100561e-5
d081	0.05	2	phi	0.029886952690767608	3.616557006204347e-5
d081	0.05	2	phi	0.0335317139880143	3.0818064288807075e-5
d081	0.05	2	phi	0.03762641841208682	2.3897701672812926e-5
d081	0.05	2	phi	0.042216867626638205	2.181047220016095e-5
d081	0.05	2	phi	0.047367581161098446	1.96753566038808e-5
d081	0.05	2	phi	0.05314755428959493	1.668425988613397e-5
d081	0.05	2	phi	0.05963268370222095	1.5577356773733607e-5
d081	0.05	2	phi	0.06691097550584788	1.4939771857199683e-5
d081	0.05	2	phi	0.07507374000353845	1.3807024679477812e-5
d081	0.05	2	phi	0.0842315912160045	1.2996179795840805e-5
d081	0.05	2	phi	0.09451026390588896	1.1728382646399438e-5
d081	0.05	2	phi	0.10604341934190899	1.0803634860402921e-5
d081	0.05	2	phi	0.11898329021012795	1.0287686956260615e-5
d081	0.05	2	phi	0.13350170578599946	1.0086302145988711e-5
d081	0.05	2	phi	0.14978906678461706	8.899037189698307e-6
d081	0.05	2	phi	0.16806660120897057	8.468770853625058e-6
d081	0.05	2	phi	0.18857454785745398	7.731854192932935e-6
d081	0.05	2	phi	0.2115835334850689	7.154666021206456e-6
d081	0.05	2	phi	0.23739860927755593	6.751245223529953e-6
d081	0.05	2	phi	0.266366591568392	5.949511482745711e-6
d081	0.05	2	phi	0.29886901401039945	5.4779616642368285e-6
d081	0.05	2	phi	0.33533636966402874	4.861022747589707e-6
d081	0.05	2	phi	0.3762531725804453	4.286152473503352e-6
d081	0.05	2	phi	0.4221605298354539	3.881742000396335e-6
d081	0.05	2	phi	0.47367243381911905	3.3616717156579014e-6
d081	0.05	3	t1	7.629388473795709e-6	160.30933797230847
d081	0.05	3	t1	1.525877694759142e-5	53.41264896974716
d081	0.05	3	t1	2.2888165421387134e-5	65.443035782465
d081	0.05	3	t1	3.0517553895182842e-5	3.161708662576718
d081	0.05	3	t1	3.814694236897854e-5	23.766813286549375
d081	0.05	3	t1	4.577633084277418e-5	11.102715047517929
d081	0.05	3	t1	5.340571931656997e-5	2.607814969290665
d081	0.05	3	t1	6.10351077903657e-5	31.214537852897358
d081	0.05	3	t1	6.86644962641613e-5	10.726322422983925
d081	0.05	3	t1	7.629388473795709e-5	16.46734246235417
d081	0.05	3	t1	8.392327321175269e-5	6.720604006912117
d081	0.05	3	t1	9.529103149571589e-5	13.432256411386238
d081	0.05	3	t1	0.00010681143863313985	0.8233192918483565
d081	0.05	3	t1	0.00011819397800303034	2.8587980157941955
d081	0.05	3	t1	0.00013345979153336977	8.500482458464694
d081	0.05	3	t1	0.0001487241608614854	6.510574516649904
d081	0.05	3	t1	0.00016773086992482195	6.619919743835588
d081	0.05	3	t1	0.00019063293236353633	16.63639707923922
d081	0.05	3	t1	0.00021353201256911329	3.3076877673489697
d081	0.05	3	t1	0.00023642897778077072	8.911024704293027
d081	0.05	3	t1	0.0002630756059577625	9.647179891369497
d081	0.05	3	t1	0.00029735037055581985	8.889145150540774
d081	0.05	3	t1	0.00033551959004834276	11.561113838456299
d081	0.05	3	t1	0.0003774297929274283	4.010713268358487
d081	0.05	3	t1	0.0004232304713625064	4.308077347658842
d081	0.05	3	t1	0.00047277581579931876	6.3235883940937025
d081	0.05	3	t1	0.000529954140682307	6.9104143079032045
d081	0.05	3	t1	0.0005947660315265448	9.608523434054518
d081	0.05	3	t1	0.0006672115727191813	3.4224433003040295
d081	0.05	3	t1	0.0007510328933877064	5.170309334282222
d081	0.05	3	t1	0.0008426357798242797	4.061774546097712
d081	0.05	3	t1	0.000945469465562411	4.8768125234349275
d081	0.05	3	t1	0.0010637181906205887	6.44153953799735
d081	0.05	3	t1	0.0011933427345577946	7.698589003539551
d081	0.05	3	t1	0.001338234444659373	6.362338169580359
d081	0.05	3	t1	0.0014983929255561702	6.372176172774568
d081	0.05	3	t1	0.0016813062912522984	8.555467861668786
d081	0.05	3	t1	0.0018872672594733926	6.415396716117414
d081	0.05	3	t1	0.0021159825568989763	6.49432898448696
d081	0.05	3	t1	0.0023752319840376667	6.471045589256213
d081	0.05	3	t1	0.0026650158537247022	5.879428584719948
d081	0.05	3	t1	0.002989077753483762	8.925894603975646
d081	0.05	3	t1	0.0033550511129892243	9.24511112159886
d081	0.05	3	t1	0.0037630823722051253	8.786501993227146
d081	0.05	3	t1	0.004220512937761092	8.163095690060652
d081	0.05	3	t1	0.004735268427364398	8.7183944232962
d081	0.05	3	t1	0.00531468965810924	10.41818600846499
d081	0.05	3	t1	0.005966703895880201	9.866763125756012
d081	0.05	3	t1	0.006691163505285742	9.719146408618089
d081	0.05	3	t1	0.00750693386647431	10.268147844211398
d081	0.05	3	t1	0.008425831166491782	9.790508906605966
d081	0.05	3	t1	0.009451452182471384	8.357282468928812
d081	0.05	3	t1	0.010602808117072449	7.563049951369967
d081	0.05	3	t1	0.011899055913815891	7.042957197571195
d081	0.05	3	t1	0.013351719421174534	6.461440641298793
d081	0.05	3	t1	0.014979662876172375	6.584773277130077
d081	0.05	3	t1	0.016805933483363636	6.429781128180268
d081	0.05	3	t1	0.0188570292540463	5.756647232391582
d081	0.05	3	t1	0.021159887502757043	4.930914370519679
d081	0.05	3	t1	0.023741006069205848	5.313684061403983
d081	0.05	3	t1	0.026638552998525435	5.005791091323918
d081	0.05	3	t1	0.029886952690767608	4.773647578904003
d081	0.05	3	t1	0.0335317139880143	4.199960376889405
d081	0.05	3	t1	0.03762641841208682	3.923151258585379
d081	0.05	3	t1	0.042216867626638205	3.7359626967943873
d081	0.05	3	t1	0.047367581161098446	3.4144062062279907
d081	0.05	3	t1	0.05314755428959493	3.1132644979468895
d081	0.05	3	t1	0.05963268370222095	3.1399726649086688
d081	0.05	3	t1	0.06691097550584788	2.8120071819058303
d081	0.05	3	t1	0.07507374000353845	2.6388227458038918
d081	0.05	3	t1	0.0842315912160045	2.384484613218435
d081	0.05	3	t1	0.09451026390588896	2.286239407503163
d081	0.05	3	t1	0.10604341934190899	2.161234319578543
d081	0.05	3	t1	0.11898329021012795	1.9733916158120368
d081	0.05	3	t1	0.13350170578599946	1.828898607274816
d081	0.05	3	t1	0.14978906678461706	1.6408093505723007
d081	0.05	3	t1	0.16806660120897057	1.6662467868468676
d081	0.05	3	t1	0.18857454785745398	1.4674915667973891
d081	0.05	3	t1	0.2115835334850689	1.3518471403705954
d081	0.05	3	t1	0.23739860927755593	1.3342845817639306
d081	0.05	3	t1	0.266366591568392	1.2148887445213143
d081	0.05	3	t1	0.29886901401039945	1.163174715018521
d081	0.05	3	t1	0.33533636966402874	1.0492217195377167
d081	0.05	3	t1	0.3762531725804453	1.0449197291793635
d081	0.05	3	t1	0.4221605298354539	0.9576073878256249
d081	0.05	3	t1	0.47367243381911905	0.9369126269522638
d081	0.05	3	phi	7.629388473795709e-6	0.37480121744713246
d081	0.05	3	phi	1.525877694759142e-5	0.24051418270057193
d081	0.05	3	phi	2.2888165421387134e-5	0.30384449476827885
d081	0.05	3	phi	3.0517553895182842e-5	0.06759165074471957
d081	0.05	3	phi	3.814694236897854e-5	0.9915800279175324
d081	0.05	3	phi	4.577633084277418e-5	0.1141624182500138
d081	0.05	3	phi	5.340571931656997e-5	0.3772749460360107
d081	0.05	3	phi	6.10351077903657e-5	0.11079404254405864
d081	0.05	3	phi	6.86644962641613e-5	0.038948399329280604
d081	0.05	3	phi	7.629388473795709e-5	0.19772991748951946
d081	0.05	3	phi	8.392327321175269e-5	0.28107550509629514
d081	0.05	3	phi	9.529103149571589e-5	0.10749344762783199
d081	0.05	3	phi	0.00010681143863313985	5.0180153222073535e-5
d081	0.05	3	phi	0.00011819397800303034	0.08425849615853248
d081	0.05	3	phi	0.00013345979153336977	0.02337743024829709
d081	0.05	3	phi	0.0001487241608614854	0.04027966052703047
d081	0.05	3	phi	0.00016773086992482195	0.11446218651327818
d081	0.05	3	phi	0.00019063293236353633	0.00979660305212496
d081	0.05	3	phi	0.00021353201256911329	0.14823983587330378
d081	0.05	3	phi	0.00023642897778077072	0.09550798670128519
d081	0.05	3	phi	0.0002630756059577625	0.018765058805756206
d081	0.05	3	phi	0.00029735037055581985	0.08723207717420768
d081	0.05	3	phi	0.00033551959004834276	0.059410676856414865
d081	0.05	3	phi	0.0003774297929274283	0.03958964748585591
d081	0.05	3	phi	0.0004232304713625064	0.02265588838412203
d081	0.05	3	phi	0.00047277581579931876	0.04743303891960537
d081	0.05	3	phi	0.000529954140682307	0.020685739394013986
d081	0.05	3	phi	0.0005947660315265448	0.02142542248578709
d081	0.05	3	phi	0.0006672115727191813	0.03264160560066583
d081	0.05	3	phi	0.0007510328933877064	0.015896571468421043
d081	0.05	3	phi	0.0008426357798242797	0.018406652111452045
d081	0.05	3	phi	0.000945469465562411	0.024308081512074066
d081	0.05	3	phi	0.0010637181906205887	0.018772083317692607
d081	0.05	3	phi	0.0011933427345577946	0.010778249487577071
d081	0.05	3	phi	0.001338234444659373	0.013095748155774193
d081	0.05	3	phi	0.0014983929255561702	0.007662759156133753
d081	0.05	3	phi	0.0016813062912522984	0.010245581667475908
d081	0.05	3	phi	0.0018872672594733926	0.007365703034686873
d081	0.05	3	phi	0.0021159825568989763	0.010592782202651576
d081	0.05	3	phi	0.0023752319840376667	0.007293520172202941
d081	0.05	3	phi	0.0026650158537247022	0.006579641470544992
d081	0.05	3	phi	0.002989077753483762	0.005961806539487373
d081	0.05	3	phi	0.0033550511129892243	0.004897409880290268
d081	0.05	3	phi	0.0037630823722051253	0.005623420972094487
d081	0.05	3	phi	0.004220512937761092	0.004665822540339868
d081	0.05	3	phi	0.004735268427364398	0.0040702974450547
d081	0.05	3	phi	0.00531468965810924	0.003314319628783056
d081	0.05	3	phi	0.005966703895880201	0.0029451503772755707
d081	0.05	3	phi	0.006691163505285742	0.0019949871017229154
d081	0.05	3	phi	0.00750693386647431	0.00153032121896707
d081	0.05	3	phi	0.008425831166491782	0.0010358594707657277
d081	0.05	3	phi	0.009451452182471384	0.0006996184516506178
d081	0.05	3	phi	0.010602808117072449	0.0004597082412900836
d081	0.05	3	phi	0.011899055913815891	0.0003289858560143439
d081	0.05	3	phi	0.013351719421174534	0.00023471893960575103
d081	0.05	3	phi	0.014979662876172375	0.00018427024308523146
d081	0.05	3	phi	0.016805933483363636	0.00012764164991133927
d081	0.05	3	phi	0.0188570292540463	9.410792696767849e-5
d081	0.05	3	phi	0.021159887502757043	6.808805238695213e-5
d081	0.05	3	phi	0.023741006069205848	5.226858327579754e-5
d081	0.05	3	phi	0.026638552998525435	4.201199263516718e-5
d081	0.05	3	phi	0.029886952690767608	3.465863899832341e-5
d081	0.05	3	phi	0.0335317139880143	3.287383705873486e-5
d081	0.05	3	phi	0.03762641841208682	2.576704561940022e-5
d081	0.05	3	phi	0.042216867626638205	2.2117715710112942e-5
d081	0.05	3	phi	0.047367581161098446	1.937714552399974e-5
d081	0.05	3	phi	0.05314755428959493	1.8530634416002758e-5
d081	0.05	3	phi	0.05963268370222095	1.7250159397251175e-5
d081	0.05	3	phi	0.06691097550584788	1.5010462453890876e-5
d081	0.05	3	phi	0.07507374000353845	1.3347389503234197e-5
d081	0.05	3	phi	0.0842315912160045	1.3029201167949713e-5
d081	0.05	3	phi	0.09451026390588896	1.1931318064038985e-5
d081	0.05	3	phi	0.10604341934190899	1.1394158093623396e-5
d081	0.05	3	phi	0.11898329021012795	1.0930878524092956e-5
d081	0.05	3	phi	0.13350170578599946	1.0136242539422622e-5
d081	0.05	3	phi	0.14978906678461706	9.234782220764251e-6
d081	0.05	3	phi	0.16806660120897057	8.683964157049905e-6
d081	0.05	3	phi	0.18857454785745398	8.111044149302223e-6
d081	0.05	3	phi	0.2115835334850689	7.537747756251391e-6
d081	0.05	3	phi	0.23739860927755593	6.890366904986495e-6
d081	0.05	3	phi	0.266366591568392	6.192568254468635e-6
d081	0.05	3	phi	0.29886901401039945	5.664197994090119e-6
d081	0.05	3	phi	0.33533636966402874	5.000424781928724e-6
d081	0.05	3	phi	0.3762531725804453	4.456256563176935e-6
d081	0.05	3	phi	0.4221605298354539	3.856719162216491e-6
d081	0.05	3	phi	0.47367243381911905	3.438321309086677e-6
d081	0.05	4	t1	7.629388473795709e-6	209.24295392405605
d081	0.05	4	t1	1.525877694759142e-5	29.433920370481246
d081	0.05	4	t1	2.2888165421387134e-5	2.7199890913716374
d081	0.05	4	t1	3.0517553895182842e-5	63.81062280619809
d081	0.05	4	t1	3.814694236897854e-5	7.555501857508684
d081	0.05	4	t1	4.577633084277418e-5	8.832853348155266
d081	0.05	4	t1	5.340571931656997e-5	9.916284381887301
d081	0.05	4	t1	6.10351077903657e-5	24.315866689678643
d081	0.05	4	t1	6.86644962641613e-5	9.543214707982086
d081	0.05	4	t1	7.629388473795709e-5	68.40926949456072
d081	0.05	4	t1	8.392327321175269e-5	3.0457411204699314
d081	0.05	4	t1	9.529103149571589e-5	24.436583855473394
d081	0.05	4	t1	0.00010681143863313985	17.90395768934397
d081	0.05	4	t1	0.00011819397800303034	4.521467373301893
d081	0.05	4	t1	0.00013345979153336977	1.7142154913390315
d081	0.05	4	t1	0.0001487241608614854	14.453436976816809
d081	0.05	4	t1	0.00016773086992482195	1.4829878905195129
d081	0.05	4	t1	0.00019063293236353633	7.383150539439106
d081	0.05	4	t1	0.00021353201256911329	5.568139206551028
d081	0.05	4	t1	0.00023642897778077072	9.364378887252307
d081	0.05	4	t1	0.0002630756059577625	5.875434939792826
d081	0.05	4	t1	0.00029735037055581985	11.913338878247856
d081	0.05	4	t1	0.00033551959004834276	7.073382131594705
d081	0.05	4	t1	0.0003774297929274283	7.136444371710797
d081	0.05	4	t1	0.0004232304713625064	3.638820689793714
d081	0.05	4	t1	0.00047277581579931876	4.52481283074889
d081	0.05	4	t1	0.000529954140682307	12.112537995881134
d081	0.05	4	t1	0.0005947660315265448	3.109335530418166
d081	0.05	4	t1	0.0006672115727191813	7.139850312057031
d081	0.05	4	t1	0.0007510328933877064	5.245566096684491
d081	0.05	4	t1	0.0008426357798242797	8.959329827681856
d081	0.05	4	t1	0.000945469465562411	9.041937776391126
d081	0.05	4	t1	0.0010637181906205887	6.557289935886075
d081	0.05	4	t1	0.0011933427345577946	7.4072927645332545
d081	0.05	4	t1	0.001338234444659373	7.642071167979459
d081	0.05	4	t1	0.0014983929255561702	5.162646372954926
d081	0.05	4	t1	0.0016813062912522984	5.380839863755276
d081	0.05	4	t1	0.0018872672594733926	4.719619789401384
d081	0.05	4	t1	0.0021159825568989763	7.525825446703716
d081	0.05	4	t1	0.0023752319840376667	6.806087227637341
d081	0.05	4	t1	0.0026650158537247022	7.356907729261172
d081	0.05	4	t1	0.002989077753483762	7.707982410543961
d081	0.05	4	t1	0.0033550511129892243	7.654173002739202
d081	0.05	4	t1	0.0037630823722051253	9.584932641581108
d081	0.05	4	t1	0.004220512937761092	9.71853784675475
d081	0.05	4	t1	0.004735268427364398	9.73536947247465
d081	0.05	4	t1	0.00531468965810924	11.688332548910639
d081	0.05	4	t1	0.005966703895880201	11.76340040791687
d081	0.05	4	t1	0.006691163505285742	11.434475361953126
d081	0.05	4	t1	0.00750693386647431	11.793278765811404
d081	0.05	4	t1	0.008425831166491782	8.958632478757128
d081	0.05	4	t1	0.009451452182471384	7.283092476553768
d081	0.05	4	t1	0.010602808117072449	7.540535221270261
d081	0.05	4	t1	0.011899055913815891	7.812865784834478
d081	0.05	4	t1	0.013351719421174534	7.019734962673567
d081	0.05	4	t1	0.014979662876172375	6.9491832656565835
d081	0.05	4	t1	0.016805933483363636	6.332824502414651
d081	0.05	4	t1	0.0188570292540463	6.038187289931112
d081	0.05	4	t1	0.021159887502757043	6.067612692183856
d081	0.05	4	t1	0.023741006069205848	5.176119388248621
d081	0.05	4	t1	0.026638552998525435	4.448707487562708
d081	0.05	4	t1	0.029886952690767608	4.77008605754873
d081	0.05	4	t1	0.0335317139880143	4.1818224792983925
d081	0.05	4	t1	0.03762641841208682	4.112236539275068
d081	0.05	4	t1	0.042216867626638205	3.445019244988861
d081	0.05	4	t1	0.047367581161098446	3.5084315812006355
d081	0.05	4	t1	0.05314755428959493	3.502159314427932
d081	0.05	4	t1	0.05963268370222095	3.2233929135196737
d081	0.05	4	t1	0.06691097550584788	2.8796256244618497
d081	0.05	4	t1	0.07507374000353845	2.7162364864101822
d081	0.05	4	t1	0.0842315912160045	2.369931527126836
d081	0.05	4	t1	0.09451026390588896	2.133484072085949
d081	0.05	4	t1	0.10604341934190899	2.0702356944274003
d081	0.05	4	t1	0.11898329021012795	1.9034480706881192
d081	0.05	4	t1	0.13350170578599946	1.8557112187145077
d081	0.05	4	t1	0.14978906678461706	1.7073282902639246
d081	0.05	4	t1	0.16806660120897057	1.5441138801937837
d081	0.05	4	t1	0.18857454785745398	1.4377298759684731
d081	0.05	4	t1	0.2115835334850689	1.3565747936620598
d081	0.05	4	t1	0.23739860927755593	1.283096579685077
d081	0.05	4	t1	0.266366591568392	1.1947232429662442
d081	0.05	4	t1	0.29886901401039945	1.1616201479661772
d081	0.05	4	t1	0.33533636966402874	1.0763267373178536
d081	0.05	4	t1	0.3762531725804453	1.0207756242075507
d081	0.05	4	t1	0.4221605298354539	0.953667937496689
d081	0.05	4	t1	0.47367243381911905	0.9087916974554979
d081	0.05	4	phi	7.629388473795709e-6	1.1544552955948446
d081	0.05	4	phi	1.525877694759142e-5	1.1323840065716617
d081	0.05	4	phi	2.2888165421387134e-5	1.5569490630464606
d081	0.05	4	phi	3.0517553895182842e-5	0.7738612975102409
d081	0.05	4	phi	3.814694236897854e-5	0.24085657272671668
d081	0.05	4	phi	4.577633084277418e-5	0.13688202575867792
d081	0.05	4	phi	5.340571931656997e-5	0.004748090825636332
d081	0.05	4	phi	6.10351077903657e-5	1.1296252498267312
d081	0.05	4	phi	6.86644962641613e-5	0.18688555126619955
d081	0.05	4	phi	7.629388473795709e-5	0.041924104446884346
d081	0.05	4	phi	8.392327321175269e-5	0.019252658635837375
d081	0.05	4	phi	9.529103149571589e-5	0.028436500782729343
d081	0.05	4	phi	0.00010681143863313985	0.04105173533077291
d081	0.05	4	phi	0.00011819397800303034	0.16058501915889684
d081	0.05	4	phi	0.00013345979153336977	0.015462446875657712
d081	0.05	4	phi	0.0001487241608614854	0.03842558805779789
d081	0.05	4	phi	0.00016773086992482195	0.04753604432636166
d081	0.05	4	phi	0.00019063293236353633	0.06711419784566629
d081	0.05	4	phi	0.00021353201256911329	0.0412442140632115
d081	0.05	4	phi	0.00023642897778077072	0.06605820339965301
d081	0.05	4	phi	0.0002630756059577625	0.054089688781237655
d081	0.05	4	phi	0.00029735037055581985	0.06161865569550482
d081	0.05	4	phi	0.00033551959004834276	0.050425355105089206
d081	0.05	4	phi	0.0003774297929274283	0.03862117776701659
d081	0.05	4	phi	0.0004232304713625064	0.007411035841214396
d081	0.05	4	phi	0.00047277581579931876	0.03765147796789835
d081	0.05	4	phi	0.000529954140682307	0.008523141369558888
d081	0.05	4	phi	0.0005947660315265448	0.02142404105056327
d081	0.05	4	phi	0.0006672115727191813	0.016716317676250866
d081	0.05	4	phi	0.0007510328933877064	0.01623915164063196
d081	0.05	4	phi	0.0008426357798242797	0.018426408486867923
d081	0.05	4	phi	0.000945469465562411	0.01632670679149474
d081	0.05	4	phi	0.0010637181906205887	0.011125690053514442
d081	0.05	4	phi	0.0011933427345577946	0.014312916842232574
d081	0.05	4	phi	0.001338234444659373	0.013966450889613041
d081	0.05	4	phi	0.0014983929255561702	0.011782651304930251
d081	0.05	4	phi	0.0016813062912522984	0.008746050159842715
d081	0.05	4	phi	0.0018872672594733926	0.01072472227125824
d081	0.05	4	phi	0.0021159825568989763	0.010818318089205328
d081	0.05	4	phi	0.0023752319840376667	0.005108596193540764
d081	0.05	4	phi	0.0026650158537247022	0.005827588889258151
d081	0.05	4	phi	0.002989077753483762	0.0070282014065194
d081	0.05	4	phi	0.0033550511129892243	0.005176925636164654
d081	0.05	4	phi	0.0037630823722051253	0.0062045953273811875
d081	0.05	4	phi	0.004220512937761092	0.004097377868628841
d081	0.05	4	phi	0.004735268427364398	0.004414673152900236
d081	0.05	4	phi	0.00531468965810924	0.00371411166279554
d081	0.05	4	phi	0.005966703895880201	0.0025407659992815633
d081	0.05	4	phi	0.006691163505285742	0.0019978921278198955
d081	0.05	4	phi	0.00750693386647431	0.002035130398696886
d081	0.05	4	phi	0.008425831166491782	0.001030920770098598
d081	0.05	4	phi	0.009451452182471384	0.0007204771092509589
d081	0.05	4	phi	0.010602808117072449	0.00046215331229806434
d081	0.05	4	phi	0.011899055913815891	0.00031610410053459155
d081	0.05	4	phi	0.013351719421174534	0.00025613428411473617
d081	0.05	4	phi	0.014979662876172375	0.00018631797356635977
d081	0.05	4	phi	0.016805933483363636	0.00012246639790814722
d081	0.05	4	phi	0.0188570292540463	9.669085403783521e-5
d081	0.05	4	phi	0.021159887502757043	6.716991616007461e-5
d081	0.05	4	phi	0.023741006069205848	5.882245954609388e-5
d081	0.05	4	phi	0.026638552998525435	5.0231273427045403e-5
d081	0.05	4	phi	0.029886952690767608	3.6452993864002547e-5
d081	0.05	4	phi	0.0335317139880143	3.1366473356113696e-5
d081	0.05	4	phi	0.03762641841208682	2.6608767411788403e-5
d081	0.05	4	phi	0.042216867626638205	2.1947808287275255e-5
d081	0.05	4	phi	0.047367581161098446	1.948322725562303e-5
d081	0.05	4	phi	0.05314755428959493	1.8046369765295182e-5
d081	0.05	4	phi	0.05963268370222095	1.602206675283872e-5
d081	0.05	4	phi	0.06691097550584788	1.5359682840717807e-5
d081	0.05	4	phi	0.07507374000353845	1.3815329674001218e-5
d081	0.05	4	phi	0.0842315912160045	1.310876880314754e-5
d081	0.05	4	phi	0.09451026390588896	1.2147012223143065e-5
d081	0.05	4	phi	0.10604341934190899	1.140081994450576e-5
d081	0.05	4	phi	0.11898329021012795	1.0159417515021447e-5
d081	0.05	4	phi	0.13350170578599946	9.773404910598212e-6
d081	0.05	4	phi	0.14978906678461706	9.309243273493947e-6
d081	0.05	4	phi	0.16806660120897057	8.656398598916484e-6
d081	0.05	4	phi	0.18857454785745398	8.011755707882963e-6
d081	0.05	4	phi	0.2115835334850689	7.280290390451444e-6
d081	0.05	4	phi	0.23739860927755593	6.968714889741023e-6
d081	0.05	4	phi	0.266366591568392	6.272094803791192e-6
d081	0.05	4	phi	0.29886901401039945	5.624938025995711e-6
d081	0.05	4	phi	0.33533636966402874	5.188469680200969e-6
d081	0.05	4	phi	0.3762531725804453	4.4844368021645185e-6
d081	0.05	4	phi	0.4221605298354539	3.893047067267666e-6
d081	0.05	4	phi	0.47367243381911905	3.4377013966416488e-6
d081	0.05	5	t1	7.629388473795709e-6	348.908641538172
d081	0.05	5	t1	1.525877694759142e-5	246.41584883222484
d081	0.05	5	t1	2.2888165421387134e-5	126.17474360757426
d081	0.05	5	t1	3.0517553895182842e-5	76.44485503274713
d081	0.05	5	t1	3.814694236897854e-5	37.64805904655463
d081	0.05	5	t1	4.577633084277418e-5	18.534383233387594
d081	0.05	5	t1	5.340571931656997e-5	17.929940762398363
d081	0.05	5	t1	6.10351077903657e-5	28.614008755941494
d081	0.05	5	t1	6.86644962641613e-5	2.4461858818243667
d081	0.05	5	t1	7.629388473795709e-5	11.900343953218849
d081	0.05	5	t1	8.392327321175269e-5	9.571455918564318
d081	0.05	5	t1	9.529103149571589e-5	3.584786169704075
d081	0.05	5	t1	0.00010681143863313985	4.509861539651687
d081	0.05	5	t1	0.00011819397800303034	5.758659740807602
d081	0.05	5	t1	0.00013345979153336977	17.945029735863994
d081	0.05	5	t1	0.0001487241608614854	7.100106169074668
d081	0.05	5	t1	0.00016773086992482195	17.1351751946934
d081	0.05	5	t1	0.00019063293236353633	8.884211130192522
d081	0.05	5	t1	0.00021353201256911329	8.714285952582783
d081	0.05	5	t1	0.00023642897778077072	14.48217830605045
d081	0.05	5	t1	0.0002630756059577625	21.389488850033832
d081	0.05	5	t1	0.00029735037055581985	11.839207849518521
d081	0.05	5	t1	0.00033551959004834276	6.8929211267895765
d081	0.05	5	t1	0.0003774297929274283	4.914647687620991
d081	0.05	5	t1	0.0004232304713625064	5.236535809547354
d081	0.05	5	t1	0.00047277581579931876	6.058674881127592
d081	0.05	5	t1	0.000529954140682307	3.4896783698482183
d081	0.05	5	t1	0.0005947660315265448	4.9255635703394125
d081	0.05	5	t1	0.0006672115727191813	7.847394534921894
d081	0.05	5	t1	0.0007510328933877064	6.332906040537263
d081	0.05	5	t1	0.0008426357798242797	8.671438194688836
d081	0.05	5	t1	0.000945469465562411	3.896445596428393
d081	0.05	5	t1	0.0010637181906205887	7.638895471274223
d081	0.05	5	t1	0.0011933427345577946	4.270095673595083
d081	0.05	5	t1	0.001338234444659373	3.848513606641565
d081	0.05	5	t1	0.0014983929255561702	7.092013424774702
d081	0.05	5	t1	0.0016813062912522984	4.751414863759826
d081	0.05	5	t1	0.0018872672594733926	4.407344426782672
d081	0.05	5	t1	0.0021159825568989763	6.308129005506872
d081	0.05	5	t1	0.0023752319840376667	8.740733006248615
d081	0.05	5	t1	0.0026650158537247022	6.867409438956335
d081	0.05	5	t1	0.002989077753483762	8.804393899885286
d081	0.05	5	t1	0.0033550511129892243	8.539655693959977
d081	0.05	5	t1	0.0037630823722051253	9.092857906087215
d081	0.05	5	t1	0.004220512937761092	8.594817578866328
d081	0.05	5	t1	0.004735268427364398	10.97578876774177
d081	0.05	5	t1	0.00531468965810924	8.254202222934156
d081	0.05	5	t1	0.005966703895880201	11.05576279206437
d081	0.05	5	t1	0.006691163505285742	8.469210977303751
d081	0.05	5	t1	0.00750693386647431	10.187621750979934
d081	0.05	5	t1	0.008425831166491782	8.271174104501986
d081	0.05	5	t1	0.009451452182471384	8.414800305454413
d081	0.05	5	t1	0.010602808117072449	7.6527560739267555
d081	0.05	5	t1	0.011899055913815891	6.703342433434686
d081	0.05	5	t1	0.013351719421174534	6.841684603730558
d081	0.05	5	t1	0.014979662876172375	6.813580697864165
d081	0.05	5	t1	0.016805933483363636	5.88282254574284
d081	0.05	5	t1	0.0188570292540463	5.814167269037122
d081	0.05	5	t1	0.021159887502757043	5.700852260646597
d081	0.05	5	t1	0.023741006069205848	5.133540840308886
d081	0.05	5	t1	0.026638552998525435	4.955118877114482
d081	0.05	5	t1	0.029886952690767608	4.784612912506085
d081	0.05	5	t1	0.0335317139880143	4.176510188438531
d081	0.05	5	t1	0.03762641841208682	4.230750452053258
d081	0.05	5	t1	0.042216867626638205	3.7122904865104256
d081	0.05	5	t1	0.047367581161098446	3.328748112155778
d081	0.05	5	t1	0.05314755428959493	3.14682389568896
d081	0.05	5	t1	0.05963268370222095	3.1392934349350248
d081	0.05	5	t1	0.06691097550584788	2.7591158761079084
d081	0.05	5	t1	0.07507374000353845	2.545359650813708
d081	0.05	5	t1	0.0842315912160045	2.3744586397586684
d081	0.05	5	t1	0.09451026390588896	2.2600013151095455
d081	0.05	5	t1	0.10604341934190899	2.135553476378693
d081	0.05	5	t1	0.11898329021012795	1.8952527020417047
d081	0.05	5	t1	0.13350170578599946	1.8540817826008433
d081	0.05	5	t1	0.14978906678461706	1.6675895899263216
d081	0.05	5	t1	0.16806660120897057	1.5508414069509395
d081	0.05	5	t1	0.18857454785745398	1.437102140221715
d081	0.05	5	t1	0.2115835334850689	1.3193866980568678
d081	0.05	5	t1	0.23739860927755593	1.2499205181831656
d081	0.05	5	t1	0.266366591568392	1.1839158666983458
d081	0.05	5	t1	0.29886901401039945	1.1043858691532589
d081	0.05	5	t1	0.33533636966402874	1.0369416686173627
d081	0.05	5	t1	0.3762531725804453	0.9965473651816286
d081	0.05	5	t1	0.4221605298354539	0.9563149969347945
d081	0.05	5	t1	0.47367243381911905	0.8890363696422217
d081	0.05	5	phi	7.629388473795709e-6	0.6263526148012974
d081	0.05	5	phi	1.525877694759142e-5	0.6646066220640116
d081	0.05	5	phi	2.2888165421387134e-5	0.7352827154154106
d081	0.05	5	phi	3.0517553895182842e-5	0.018217672342632992
d081	0.05	5	phi	3.814694236897854e-5	0.28416350612885266
d081	0.05	5	phi	4.577633084277418e-5	0.04598722595067959
d081	0.05	5	phi	5.340571931656997e-5	0.020292979842639284
d081	0.05	5	phi	6.10351077903657e-5	0.2044400762181547
d081	0.05	5	phi	6.86644962641613e-5	0.21215308309628056
d081	0.05	5	phi	7.629388473795709e-5	0.17038028178262044
d081	0.05	5	phi	8.392327321175269e-5	0.11412639935762348
d081	0.05	5	phi	9.529103149571589e-5	0.20096024257023137
d081	0.05	5	phi	0.00010681143863313985	0.18987831661487065
d081	0.05	5	phi	0.00011819397800303034	0.05919614745335856
d081	0.05	5	phi	0.00013345979153336977	0.023841350794778622
d081	0.05	5	phi	0.0001487241608614854	0.10898910555616531
d081	0.05	5	phi	0.00016773086992482195	0.08205080907121265
d081	0.05	5	phi	0.00019063293236353633	0.14727216519202233
d081	0.05	5	phi	0.00021353201256911329	0.04519070058954888
d081	0.05	5	phi	0.00023642897778077072	0.035879284105643894
d081	0.05	5	phi	0.0002630756059577625	0.016516270974522126
d081	0.05	5	phi	0.00029735037055581985	0.07821431014470626
d081	0.05	5	phi	0.00033551959004834276	0.03335037398554672
d081	0.05	5	phi	0.0003774297929274283	0.05941672838728846
d081	0.05	5	phi	0.0004232304713625064	0.05789446884117947
d081	0.05	5	phi	0.00047277581579931876	0.031663861960043345
d081	0.05	5	phi	0.000529954140682307	0.020876015633620633
d081	0.05	5	phi	0.0005947660315265448	0.019955096773846954
d081	0.05	5	phi	0.0006672115727191813	0.027621246493790875
d081	0.05	5	phi	0.0007510328933877064	0.04097851563498283
d081	0.05	5	phi	0.0008426357798242797	0.023406563124429736
d081	0.05	5	phi	0.000945469465562411	0.013425949850509352
d081	0.05	5	phi	0.0010637181906205887	0.01611579171102271
d081	0.05	5	phi	0.0011933427345577946	0.010253128227174278
d081	0.05	5	phi	0.001338234444659373	0.01583717187621474
d081	0.05	5	phi	0.0014983929255561702	0.015064336428794307
d081	0.05	5	phi	0.0016813062912522984	0.007677925968623883
d081	0.05	5	phi	0.0018872672594733926	0.0071534387994484925
d081	0.05	5	phi	0.0021159825568989763	0.011839408639781331
d081	0.05	5	phi	0.0023752319840376667	0.011093044959677672
d081	0.05	5	phi	0.0026650158537247022	0.006230311322478953
d081	0.05	5	phi	0.002989077753483762	0.008226434556439982
d081	0.05	5	phi	0.0033550511129892243	0.007019863567830871
d081	0.05	5	phi	0.0037630823722051253	0.00556767515131338
d081	0.05	5	phi	0.004220512937761092	0.005165632355262088
d081	0.05	5	phi	0.004735268427364398	0.004766555633663415
d081	0.05	5	phi	0.00531468965810924	0.0033089824845654674
d081	0.05	5	phi	0.005966703895880201	0.002370758763921655
d081	0.05	5	phi	0.006691163505285742	0.0018845273047997486
d081	0.05	5	phi	0.00750693386647431	0.0015141205593438305
d081	0.05	5	phi	0.008425831166491782	0.001146234612377895
d081	0.05	5	phi	0.009451452182471384	0.0008328850229246298
d081	0.05	5	phi	0.010602808117072449	0.0005015698826342097
d081	0.05	5	phi	0.011899055913815891	0.0003740801235008687
d081	0.05	5	phi	0.013351719421174534	0.00024383511822552523
d081	0.05	5	phi	0.014979662876172375	0.00018128174566846384
d081	0.05	5	phi	0.016805933483363636	0.00012807432101197874
d081	0.05	5	phi	0.0188570292540463	9.551666005469669e-5
d081	0.05	5	phi	0.021159887502757043	8.195117720028502e-5
d081	0.05	5	phi	0.023741006069205848	5.6699054646919945e-5
d081	0.05	5	phi	0.026638552998525435	4.524006331301252e-5
d081	0.05	5	phi	0.029886952690767608	3.832452620209754e-5
d081	0.05	5	phi	0.0335317139880143	3.0055875453425488e-5
d081	0.05	5	phi	0.03762641841208682	2.848397711471217e-5
d081	0.05	5	phi	0.042216867626638205	2.2168220058750538e-5
d081	0.05	5	phi	0.047367581161098446	1.9892416872405965e-5
d081	0.05	5	phi	0.05314755428959493	1.8711126940368987e-5
d081	0.05	5	phi	0.05963268370222095	1.7876397300195218e-5
d081	0.05	5	phi	0.06691097550584788	1.5932831212963232e-5
d081	0.05	5	phi	0.07507374000353845	1.5093429178184388e-5
d081	0.05	5	phi	0.0842315912160045	1.3242613959621559e-5
d081	0.05	5	phi	0.09451026390588896	1.2681342358020176e-5
d081	0.05	5	phi	0.10604341934190899	1.2086241008897925e-5
d081	0.05	5	phi	0.11898329021012795	1.1081156880642211e-5
d081	0.05	5	phi	0.13350170578599946	1.0355432699274235e-5
d081	0.05	5	phi	0.14978906678461706	9.947472864871896e-6
d081	0.05	5	phi	0.16806660120897057	9.151795013750142e-6
d081	0.05	5	phi	0.18857454785745398	8.51714552752072e-6
d081	0.05	5	phi	0.2115835334850689	7.885798124503783e-6
d081	0.05	5	phi	0.23739860927755593	7.405289202424589e-6
d081	0.05	5	phi	0.266366591568392	6.698126726819644e-6
d081	0.05	5	phi	0.29886901401039945	5.892852754620762e-6
d081	0.05	5	phi	0.33533636966402874	5.380575448837408e-6
d081	0.05	5	phi	0.3762531725804453	4.709510179110224e-6
d081	0.05	5	phi	0.4221605298354539	4.186993240546776e-6
d081	0.05	5	phi	0.47367243381911905	3.55196733233535e-6
d165	0.001	1	t1	7.629388473795709e-6	0.0
d165	0.001	1	t1	1.525877694759142e-5	0.0
d165	0.001	1	t1	2.2888165421387134e-5	0.0
d165	0.001	1	t1	3.0517553895182842e-5	0.0
d165	0.001	1	t1	3.814694236897854e-5	0.0
d165	0.001	1	t1	4.577633084277418e-5	0.0
d165	0.001	1	t1	5.340571931656997e-5	0.0
d165	0.001	1	t1	6.10351077903657e-5	0.0
d165	0.001	1	t1	6.86644962641613e-5	0.0
d165	0.001	1	t1	7.629388473795709e-5	0.0
d165	0.001	1	t1	8.392327321175269e-5	0.0
d165	0.001	1	t1	9.529103149571589e-5	0.0
d165	0.001	1	t1	0.00010681143863313985	0.0
d165	0.001	1	t1	0.00011819397800303034	0.0
d165	0.001	1	t1	0.00013345979153336977	0.0
d165	0.001	1	t1	0.0001487241608614854	0.0
d165	0.001	1	t1	0.00016773086992482195	0.0
d165	0.001	1	t1	0.00019063293236353633	0.0
d165	0.001	1	t1	0.00021353201256911329	0.0
d165	0.001	1	t1	0.00023642897778077072	0.0
d165	0.001	1	t1	0.0002630756059577625	0.0
d165	0.001	1	t1	0.00029735037055581985	0.0
d165	0.001	1	t1	0.00033551959004834276	0.0
d165	0.001	1	t1	0.0003774297929274283	0.0
d165	0.001	1	t1	0.0004232304713625064	0.0
d165	0.001	1	t1	0.00047277581579931876	0.0
d165	0.001	1	t1	0.000529954140682307	0.0
d165	0.001	1	t1	0.0005947660315265448	0.0
d165	0.001	1	t1	0.0006672115727191813	0.0
d165	0.001	1	t1	0.0007510328933877064	0.0
d165	0.001	1	t1	0.0008426357798242797	0.0
d165	0.001	1	t1	0.000945469465562411	0.0
d165	0.001	1	t1	0.0010637181906205887	0.0
d165	0.001	1	t1	0.0011933427345577946	0.0
d165	0.001	1	t1	0.001338234444659373	0.0
d165	0.001	1	t1	0.0014983929255561702	0.0
d165	0.001	1	t1	0.0016813062912522984	0.0
d165	0.001	1	t1	0.0018872672594733926	0.0
d165	0.001	1	t1	0.0021159825568989763	0.0
d165	0.001	1	t1	0.0023752319840376667	0.0
d165	0.001	1	t1	0.0026650158537247022	0.0
d165	0.001	1	t1	0.002989077753483762	0.0
d165	0.001	1	t1	0.0033550511129892243	0.0
d165	0.001	1	t1	0.0037630823722051253	0.0
d165	0.001	1	t1	0.004220512937761092	0.0
d165	0.001	1	t1	0.004735268427364398	0.0
d165	0.001	1	t1	0.00531468965810924	0.0
d165	0.001	1	t1	0.005966703895880201	0.0
d165	0.001	1	t1	0.006691163505285742	0.0
d165	0.001	1	t1	0.00750693386647431	0.0
d165	0.001	1	t1	0.008425831166491782	0.0
d165	0.001	1	t1	0.009451452182471384	0.0
d165	0.001	1	t1	0.010602808117072449	0.0
d165	0.001	1	t1	0.011899055913815891	0.0
d165	0.001	1	t1	0.013351719421174534	0.0
d165	0.001	1	t1	0.014979662876172375	0.0
d165	0.001	1	t1	0.016805933483363636	0.0
d165	0.001	1	t1	0.0188570292540463	0.0
d165	0.001	1	t1	0.021159887502757043	0.0
d165	0.001	1	t1	0.023741006069205848	0.0
d165	0.001	1	t1	0.026638552998525435	0.0
d165	0.001	1	t1	0.029886952690767608	0.0
d165	0.001	1	t1	0.0335317139880143	0.0
d165	0.001	1	t1	0.03762641841208682	0.0
d165	0.001	1	t1	0.042216867626638205	0.0
d165	0.001	1	t1	0.047367581161098446	0.0
d165	0.001	1	t1	0.05314755428959493	0.0
d165	0.001	1	t1	0.05963268370222095	0.0
d165	0.001	1	t1	0.06691097550584788	0.0
d165	0.001	1	t1	0.07507374000353845	0.0
d165	0.001	1	t1	0.0842315912160045	0.0
d165	0.001	1	t1	0.09451026390588896	0.0
d165	0.001	1	t1	0.10604341934190899	0.0
d165	0.001	1	t1	0.11898329021012795	0.0
d165	0.001	1	t1	0.13350170578599946	0.0
d165	0.001	1	t1	0.14978906678461706	0.0
d165	0.001	1	t1	0.16806660120897057	0.0
d165	0.001	1	t1	0.18857454785745398	0.0
d165	0.001	1	t1	0.2115835334850689	0.0
d165	0.001	1	t1	0.23739860927755593	0.0
d165	0.001	1	t1	0.266366591568392	0.0
d165	0.001	1	t1	0.29886901401039945	0.0
d165	0.001	1	t1	0.33533636966402874	0.0
d165	0.001	1	t1	0.3762531725804453	0.0
d165	0.001	1	t1	0.4221605298354539	0.0
d165	0.001	1	t1	0.47367243381911905	0.0
d165	0.001	1	phi	7.629388473795709e-6	2.9084767417339536e-5
d165	0.001	1	phi	1.525877694759142e-5	2.013776290191254e-5
d165	0.001	1	phi	2.2888165421387134e-5	3.1898292777443003e-6
d165	0.001	1	phi	3.0517553895182842e-5	3.3836291023235378e-6
d165	0.001	1	phi	3.814694236897854e-5	4.782462081045429e-6
d165	0.001	1	phi	4.577633084277418e-5	1.1726402990646527e-6
d165	0.001	1	phi	5.340571931656997e-5	2.0885820901485108e-7
d165	0.001	1	phi	6.10351077903657e-5	1.2299049018486588e-6
d165	0.001	1	phi	6.86644962641613e-5	1.8567036488492251e-6
d165	0.001	1	phi	7.629388473795709e-5	7.821495259626831e-7
d165	0.001	1	phi	8.392327321175269e-5	9.033577958452981e-7
d165	0.001	1	phi	9.529103149571589e-5	1.0290386655114023e-6
d165	0.001	1	phi	0.00010681143863313985	1.94986800201897e-7
d165	0.001	1	phi	0.00011819397800303034	7.997450774199075e-7
d165	0.001	1	phi	0.00013345979153336977	4.6083172721050997e-7
d165	0.001	1	phi	0.0001487241608614854	5.121967365503347e-7
d165	0.001	1	phi	0.00016773086992482195	3.248664034516736e-7
d165	0.001	1	phi	0.00019063293236353633	2.277011310651441e-7
d165	0.001	1	phi	0.00021353201256911329	1.3861578686782704e-7
d165	0.001	1	phi	0.00023642897778077072	1.4632391927271513e-7
d165	0.001	1	phi	0.0002630756059577625	6.790166150695845e-8
d165	0.001	1	phi	0.00029735037055581985	6.821332824193331e-8
d165	0.001	1	phi	0.00033551959004834276	5.282070009578951e-8
d165	0.001	1	phi	0.0003774297929274283	6.52772536487099e-8
d165	0.001	1	phi	0.0004232304713625064	5.4215399327917156e-8
d165	0.001	1	phi	0.00047277581579931876	4.6266135459628326e-8
d165	0.001	1	phi	0.000529954140682307	3.41964376191652e-8
d165	0.001	1	phi	0.0005947660315265448	2.1827375747707268e-8
d165	0.001	1	phi	0.0006672115727191813	2.121442741283285e-8
d165	0.001	1	phi	0.0007510328933877064	1.0888219894144275e-8
d165	0.001	1	phi	0.0008426357798242797	8.559559803017964e-9
d165	0.001	1	phi	0.000945469465562411	9.193180000457725e-9
d165	0.001	1	phi	0.0010637181906205887	4.426783159366649e-9
d165	0.001	1	phi	0.0011933427345577946	7.624499277450705e-9
d165	0.001	1	phi	0.001338234444659373	5.050129194000506e-9
d165	0.001	1	phi	0.0014983929255561702	5.705612037121316e-9
d165	0.001	1	phi	0.0016813062912522984	3.6833092781124105e-9
d165	0.001	1	phi	0.0018872672594733926	2.6364986226069476e-9
d165	0.001	1	phi	0.0021159825568989763	2.4701017499606623e-9
d165	0.001	1	phi	0.0023752319840376667	3.22966348951266e-9
d165	0.001	1	phi	0.0026650158537247022	2.652085815517467e-9
d165	0.001	1	phi	0.002989077753483762	2.007289616035718e-9
d165	0.001	1	phi	0.0033550511129892243	2.386562062919181e-9
d165	0.001	1	phi	0.0037630823722051253	1.8744034570592015e-9
d165	0.001	1	phi	0.004220512937761092	1.7166085334767013e-9
d165	0.001	1	phi	0.004735268427364398	1.6290081613039014e-9
d165	0.001	1	phi	0.00531468965810924	1.2252842515366611e-9
d165	0.001	1	phi	0.005966703895880201	9.135722748963057e-10
d165	0.001	1	phi	0.006691163505285742	6.775605265150323e-10
d165	0.001	1	phi	0.00750693386647431	4.674415311241437e-10
d165	0.001	1	phi	0.008425831166491782	3.5782298915217435e-10
d165	0.001	1	phi	0.009451452182471384	2.9379920382234827e-10
d165	0.001	1	phi	0.010602808117072449	2.0414602858725824e-10
d165	0.001	1	phi	0.011899055913815891	1.2532493249693867e-10
d165	0.001	1	phi	0.013351719421174534	9.800555347758377e-11
d165	0.001	1	phi	0.014979662876172375	7.889711348970645e-11
d165	0.001	1	phi	0.016805933483363636	4.517735125058252e-11
d165	0.001	1	phi	0.0188570292540463	6.622527374782462e-11
d165	0.001	1	phi	0.021159887502757043	5.581395550744738e-11
d165	0.001	1	phi	0.023741006069205848	5.2469569600312304e-11
d165	0.001	1	phi	0.026638552998525435	3.661101059823532e-11
d165	0.001	1	phi	0.029886952690767608	3.285300230249024e-11
d165	0.001	1	phi	0.0335317139880143	1.602311107925911e-11
d165	0.001	1	phi	0.03762641841208682	2.0989603853014743e-11
d165	0.001	1	phi	0.042216867626638205	1.563719668924222e-11
d165	0.001	1	phi	0.047367581161098446	1.2525854374987883e-11
d165	0.001	1	phi	0.05314755428959493	6.553615940339245e-12
d165	0.001	1	phi	0.05963268370222095	8.000714621552892e-12
d165	0.001	1	phi	0.06691097550584788	4.1169586017097434e-12
d165	0.001	1	phi	0.07507374000353845	4.535510345356158e-12
d165	0.001	1	phi	0.0842315912160045	2.3449010197070207e-12
d165	0.001	1	phi	0.09451026390588896	2.8805872099231635e-12
d165	0.001	1	phi	0.10604341934190899	2.209582550554766e-12
d165	0.001	1	phi	0.11898329021012795	1.7757564549040948e-12
d165	0.001	1	phi	0.13350170578599946	1.4884783579838356e-12
d165	0.001	1	phi	0.14978906678461706	9.88593499938915e-13
d165	0.001	1	phi	0.16806660120897057	8.74757150285971e-13
d165	0.001	1	phi	0.18857454785745398	7.754826706365359e-13
d165	0.001	1	phi	0.2115835334850689	5.673013074901906e-13
d165	0.001	1	phi	0.23739860927755593	4.1161284743469944e-13
d165	0.001	1	phi	0.266366591568392	3.5944022002603515e-13
d165	0.001	1	phi	0.29886901401039945	2.754090086150805e-13
d165	0.001	1	phi	0.33533636966402874	2.1935779493409948e-13
d165	0.001	1	phi	0.3762531725804453	1.7070126703221673e-13
d165	0.001	1	phi	0.4221605298354539	1.4903238741344831e-13
d165	0.001	1	phi	0.47367243381911905	1.0758502254139143e-13
d165	0.001	2	t1	7.629388473795709e-6	0.0
d165	0.001	2	t1	1.525877694759142e-5	0.0
d165	0.001	2	t1	2.2888165421387134e-5	0.0
d165	0.001	2	t1	3.0517553895182842e-5	0.0
d165	0.001	2	t1	3.814694236897854e-5	0.0
d165	0.001	2	t1	4.577633084277418e-5	0.0
d165	0.001	2	t1	5.340571931656997e-5	0.0
d165	0.001	2	t1	6.10351077903657e-5	0.0
d165	0.001	2	t1	6.86644962641613e-5	0.0
d165	0.001	2	t1	7.629388473795709e-5	0.0
d165	0.001	2	t1	8.392327321175269e-5	0.0
d165	0.001	2	t1	9.529103149571589e-5	0.0
d165	0.001	2	t1	0.00010681143863313985	0.0
d165	0.001	2	t1	0.00011819397800303034	0.0
d165	0.001	2	t1	0.00013345979153336977	0.0
d165	0.001	2	t1	0.0001487241608614854	0.0
d165	0.001	2	t1	0.00016773086992482195	0.0
d165	0.001	2	t1	0.00019063293236353633	0.0
d165	0.001	2	t1	0.00021353201256911329	0.0
d165	0.001	2	t1	0.00023642897778077072	0.0
d165	0.001	2	t1	0.0002630756059577625	0.0
d165	0.001	2	t1	0.00029735037055581985	0.0
d165	0.001	2	t1	0.00033551959004834276	0.0
d165	0.001	2	t1	0.0003774297929274283	0.0
d165	0.001	2	t1	0.0004232304713625064	0.0
d165	0.001	2	t1	0.00047277581579931876	0.0
d165	0.001	2	t1	0.000529954140682307	0.0
d165	0.001	2	t1	0.0005947660315265448	0.0
d165	0.001	2	t1	0.0006672115727191813	0.0
d165	0.001	2	t1	0.0007510328933877064	0.0
d165	0.001	2	t1	0.0008426357798242797	0.0
d165	0.001	2	t1	0.000945469465562411	0.0
d165	0.001	2	t1	0.0010637181906205887	0.0
d165	0.001	2	t1	0.0011933427345577946	0.0
d165	0.001	2	t1	0.001338234444659373	0.0
d165	0.001	2	t1	0.0014983929255561702	0.0
d165	0.001	2	t1	0.0016813062912522984	0.0
d165	0.001	2	t1	0.0018872672594733926	0.0
d165	0.001	2	t1	0.0021159825568989763	0.0
d165	0.001	2	t1	0.0023752319840376667	0.0
d165	0.001	2	t1	0.0026650158537247022	0.0
d165	0.001	2	t1	0.002989077753483762	0.0
d165	0.001	2	t1	0.0033550511129892243	0.0
d165	0.001	2	t1	0.0037630823722051253	0.0
d165	0.001	2	t1	0.004220512937761092	0.0
d165	0.001	2	t1	0.004735268427364398	0.0
d165	0.001	2	t1	0.00531468965810924	0.0
d165	0.001	2	t1	0.005966703895880201	0.0
d165	0.001	2	t1	0.006691163505285742	0.0
d165	0.001	2	t1	0.00750693386647431	0.0
d165	0.001	2	t1	0.008425831166491782	0.0
d165	0.001	2	t1	0.009451452182471384	0.0
d165	0.001	2	t1	0.010602808117072449	0.0
d165	0.001	2	t1	0.011899055913815891	0.0
d165	0.001	2	t1	0.013351719421174534	0.0
d165	0.001	2	t1	0.014979662876172375	0.0
d165	0.001	2	t1	0.016805933483363636	0.0
d165	0.001	2	t1	0.0188570292540463	0.0
d165	0.001	2	t1	0.021159887502757043	0.0
d165	0.001	2	t1	0.023741006069205848	0.0
d165	0.001	2	t1	0.026638552998525435	0.0
d165	0.001	2	t1	0.029886952690767608	0.0
d165	0.001	2	t1	0.0335317139880143	0.0
d165	0.001	2	t1	0.03762641841208682	0.0
d165	0.001	2	t1	0.042216867626638205	0.0
d165	0.001	2	t1	0.047367581161098446	0.0
d165	0.001	2	t1	0.05314755428959493	0.0
d165	0.001	2	t1	0.05963268370222095	0.0
d165	0.001	2	t1	0.06691097550584788	0.0
d165	0.001	2	t1	0.07507374000353845	0.0
d165	0.001	2	t1	0.0842315912160045	0.0
d165	0.001	2	t1	0.09451026390588896	0.0
d165	0.001	2	t1	0.10604341934190899	0.0
d165	0.001	2	t1	0.11898329021012795	0.0
d165	0.001	2	t1	0.13350170578599946	0.0
d165	0.001	2	t1	0.14978906678461706	0.0
d165	0.001	2	t1	0.16806660120897057	0.0
d165	0.001	2	t1	0.18857454785745398	0.0
d165	0.001	2	t1	0.2115835334850689	0.0
d165	0.001	2	t1	0.23739860927755593	0.0
d165	0.001	2	t1	0.266366591568392	0.0
d165	0.001	2	t1	0.29886901401039945	0.0
d165	0.001	2	t1	0.33533636966402874	0.0
d165	0.001	2	t1	0.3762531725804453	0.0
d165	0.001	2	t1	0.4221605298354539	0.0
d165	0.001	2	t1	0.47367243381911905	0.0
d165	0.001	2	phi	7.629388473795709e-6	0.00026330859439233913
d165	0.001	2	phi	1.525877694759142e-5	5.108132787824911e-5
d165	0.001	2	phi	2.2888165421387134e-5	7.950490626034912e-5
d165	0.001	2	phi	3.0517553895182842e-5	5.761310750485379e-5
d165	0.001	2	phi	3.814694236897854e-5	3.2292901461664215e-5
d165	0.001	2	phi	4.577633084277418e-5	4.926280424440203e-5
d165	0.001	2	phi	5.340571931656997e-5	2.8675606459475872e-5
d165	0.001	2	phi	6.10351077903657e-5	2.652503254281811e-5
d165	0.001	2	phi	6.86644962641613e-5	2.370322385964608e-5
d165	0.001	2	phi	7.629388473795709e-5	9.189019066198493e-6
d165	0.001	2	phi	8.392327321175269e-5	1.0664461193080895e-5
d165	0.001	2	phi	9.529103149571589e-5	5.102114425632409e-6
d165	0.001	2	phi	0.00010681143863313985	4.41828678056103e-6
d165	0.001	2	phi	0.00011819397800303034	2.005513687370157e-6
d165	0.001	2	phi	0.00013345979153336977	2.3576628533554202e-6
d165	0.001	2	phi	0.0001487241608614854	2.583372040397276e-6
d165	0.001	2	phi	0.00016773086992482195	3.0711369242827792e-6
d165	0.001	2	phi	0.00019063293236353633	2.9648332884294347e-6
d165	0.001	2	phi	0.00021353201256911329	2.8326171789050615e-6
d165	0.001	2	phi	0.00023642897778077072	2.5504688852795222e-6
d165	0.001	2	phi	0.0002630756059577625	1.8203215017887278e-6
d165	0.001	2	phi	0.00029735037055581985	9.255291398051514e-7
d165	0.001	2	phi	0.00033551959004834276	1.7306325643302628e-6
d165	0.001	2	phi	0.0003774297929274283	1.6619164115381394e-6
d165	0.001	2	phi	0.0004232304713625064	7.117452060343749e-7
d165	0.001	2	phi	0.00047277581579931876	1.198824587292428e-6
d165	0.001	2	phi	0.000529954140682307	9.895998255776025e-7
d165	0.001	2	phi	0.0005947660315265448	6.600892110953757e-7
d165	0.001	2	phi	0.0006672115727191813	7.261197147438639e-7
d165	0.001	2	phi	0.0007510328933877064	3.6057247792738444e-7
d165	0.001	2	phi	0.0008426357798242797	3.1913036965578894e-7
d165	0.001	2	phi	0.000945469465562411	2.1556417391063642e-7
d165	0.001	2	phi	0.0010637181906205887	1.1341272270862855e-7
d165	0.001	2	phi	0.0011933427345577946	5.565895000431481e-8
d165	0.001	2	phi	0.001338234444659373	4.0746310743833675e-8
d165	0.001	2	phi	0.0014983929255561702	4.0062003538244654e-8
d165	0.001	2	phi	0.0016813062912522984	4.938067935744644e-8
d165	0.001	2	phi	0.0018872672594733926	5.414367668906542e-8
d165	0.001	2	phi	0.0021159825568989763	4.732390968064387e-8
d165	0.001	2	phi	0.0023752319840376667	2.4933139264624955e-8
d165	0.001	2	phi	0.0026650158537247022	1.3957705448001558e-8
d165	0.001	2	phi	0.002989077753483762	1.7577774021868522e-8
d165	0.001	2	phi	0.0033550511129892243	1.90181419438158e-8
d165	0.001	2	phi	0.0037630823722051253	8.368459573696876e-9
d165	0.001	2	phi	0.004220512937761092	1.0436196036683757e-8
d165	0.001	2	phi	0.004735268427364398	1.00246085213357e-8
d165	0.001	2	phi	0.00531468965810924	4.958212043032071e-9
d165	0.001	2	phi	0.005966703895880201	7.875290193522371e-9
d165	0.001	2	phi	0.006691163505285742	3.9993240092298805e-9
d165	0.001	2	phi	0.00750693386647431	4.5166786411317935e-9
d165	0.001	2	phi	0.008425831166491782	3.3575062914996906e-9
d165	0.001	2	phi	0.009451452182471384	3.1970041113321296e-9
d165	0.001	2	phi	0.010602808117072449	2.8263560050896515e-9
d165	0.001	2	phi	0.011899055913815891	2.56915967103553e-9
d165	0.001	2	phi	0.013351719421174534	2.349308116999482e-9
d165	0.001	2	phi	0.014979662876172375	1.9460560054996573e-9
d165	0.001	2	phi	0.016805933483363636	1.8167923828236643e-9
d165	0.001	2	phi	0.0188570292540463	1.6262016006599773e-9
d165	0.001	2	phi	0.021159887502757043	1.3201202342652724e-9
d165	0.001	2	phi	0.023741006069205848	1.2998621897463663e-9
d165	0.001	2	phi	0.026638552998525435	1.2336161423384163e-9
d165	0.001	2	phi	0.029886952690767608	1.0766118108650577e-9
d165	0.001	2	phi	0.0335317139880143	1.0884458117602472e-9
d165	0.001	2	phi	0.03762641841208682	1.0985703525274125e-9
d165	0.001	2	phi	0.042216867626638205	9.397165665889234e-10
d165	0.001	2	phi	0.047367581161098446	9.502445817082414e-10
d165	0.001	2	phi	0.05314755428959493	8.887318254077511e-10
d165	0.001	2	phi	0.05963268370222095	7.958697078649722e-10
d165	0.001	2	phi	0.06691097550584788	7.663497950228532e-10
d165	0.001	2	phi	0.07507374000353845	7.08530256235416e-10
d165	0.001	2	phi	0.0842315912160045	7.045326704140372e-10
d165	0.001	2	phi	0.09451026390588896	6.896923251354832e-10
d165	0.001	2	phi	0.10604341934190899	5.927545368584011e-10
d165	0.001	2	phi	0.11898329021012795	5.81763373473708e-10
d165	0.001	2	phi	0.13350170578599946	5.210426403515687e-10
d165	0.001	2	phi	0.14978906678461706	4.720377894029025e-10
d165	0.001	2	phi	0.16806660120897057	4.3219716864041035e-10
d165	0.001	2	phi	0.18857454785745398	3.8990324482225993e-10
d165	0.001	2	phi	0.2115835334850689	3.367695685973866e-10
d165	0.001	2	phi	0.23739860927755593	3.003930180300504e-10
d165	0.001	2	phi	0.266366591568392	2.6480138831259296e-10
d165	0.001	2	phi	0.29886901401039945	2.2226549265051374e-10
d165	0.001	2	phi	0.33533636966402874	1.9594797408140544e-10
d165	0.001	2	phi	0.3762531725804453	1.6582437057973323e-10
d165	0.001	2	phi	0.4221605298354539	1.411081736913026e-10
d165	0.001	2	phi	0.47367243381911905	1.175510293020544e-10
d165	0.001	3	t1	7.629388473795709e-6	0.0
d165	0.001	3	t1	1.525877694759142e-5	0.0
d165	0.001	3	t1	2.2888165421387134e-5	0.0
d165	0.001	3	t1	3.0517553895182842e-5	0.0
d165	0.001	3	t1	3.814694236897854e-5	0.0
d165	0.001	3	t1	4.577633084277418e-5	0.0
d165	0.001	3	t1	5.340571931656997e-5	0.0
d165	0.001	3	t1	6.10351077903657e-5	0.0
d165	0.001	3	t1	6.86644962641613e-5	0.0
d165	0.001	3	t1	7.629388473795709e-5	0.0
d165	0.001	3	t1	8.392327321175269e-5	0.0
d165	0.001	3	t1	9.529103149571589e-5	0.0
d165	0.001	3	t1	0.00010681143863313985	0.0
d165	0.001	3	t1	0.00011819397800303034	0.0
d165	0.001	3	t1	0.00013345979153336977	0.0
d165	0.001	3	t1	0.0001487241608614854	0.0
d165	0.001	3	t1	0.00016773086992482195	0.0
d165	0.001	3	t1	0.00019063293236353633	0.0
d165	0.001	3	t1	0.00021353201256911329	0.0
d165	0.001	3	t1	0.00023642897778077072	0.0
d165	0.001	3	t1	0.0002630756059577625	0.0
d165	0.001	3	t1	0.00029735037055581985	0.0
d165	0.001	3	t1	0.00033551959004834276	0.0
d165	0.001	3	t1	0.0003774297929274283	0.0
d165	0.001	3	t1	0.0004232304713625064	0.0
d165	0.001	3	t1	0.00047277581579931876	0.0
d165	0.001	3	t1	0.000529954140682307	0.0
d165	0.001	3	t1	0.0005947660315265448	0.0
d165	0.001	3	t1	0.0006672115727191813	0.0
d165	0.001	3	t1	0.0007510328933877064	0.0
d165	0.001	3	t1	0.0008426357798242797	0.0
d165	0.001	3	t1	0.000945469465562411	0.0
d165	0.001	3	t1	0.0010637181906205887	0.0
d165	0.001	3	t1	0.0011933427345577946	0.0
d165	0.001	3	t1	0.001338234444659373	0.0
d165	0.001	3	t1	0.0014983929255561702	0.0
d165	0.001	3	t1	0.0016813062912522984	0.0
d165	0.001	3	t1	0.0018872672594733926	0.0
d165	0.001	3	t1	0.0021159825568989763	0.0
d165	0.001	3	t1	0.0023752319840376667	0.0
d165	0.001	3	t1	0.0026650158537247022	0.0
d165	0.001	3	t1	0.002989077753483762	0.0
d165	0.001	3	t1	0.0033550511129892243	0.0
d165	0.001	3	t1	0.0037630823722051253	0.0
d165	0.001	3	t1	0.004220512937761092	0.0
d165	0.001	3	t1	0.004735268427364398	0.0
d165	0.001	3	t1	0.00531468965810924	0.0
d165	0.001	3	t1	0.005966703895880201	0.0
d165	0.001	3	t1	0.006691163505285742	0.0
d165	0.001	3	t1	0.00750693386647431	0.0
d165	0.001	3	t1	0.008425831166491782	0.0
d165	0.001	3	t1	0.009451452182471384	0.0
d165	0.001	3	t1	0.010602808117072449	0.0
d165	0.001	3	t1	0.011899055913815891	0.0
d165	0.001	3	t1	0.013351719421174534	0.0
d165	0.001	3	t1	0.014979662876172375	0.0
d165	0.001	3	t1	0.016805933483363636	0.0
d165	0.001	3	t1	0.0188570292540463	0.0
d165	0.001	3	t1	0.021159887502757043	0.0
d165	0.001	3	t1	0.023741006069205848	0.0
d165	0.001	3	t1	0.026638552998525435	0.0
d165	0.001	3	t1	0.029886952690767608	0.0
d165	0.001	3	t1	0.0335317139880143	0.0
d165	0.001	3	t1	0.03762641841208682	0.0
d165	0.001	3	t1	0.042216867626638205	0.0
d165	0.001	3	t1	0.047367581161098446	0.0
d165	0.001	3	t1	0.05314755428959493	0.0
d165	0.001	3	t1	0.05963268370222095	0.0
d165	0.001	3	t1	0.06691097550584788	0.0
d165	0.001	3	t1	0.07507374000353845	0.0
d165	0.001	3	t1	0.0842315912160045	0.0
d165	0.001	3	t1	0.09451026390588896	0.0
d165	0.001	3	t1	0.10604341934190899	0.0
d165	0.001	3	t1	0.11898329021012795	0.0
d165	0.001	3	t1	0.13350170578599946	0.0
d165	0.001	3	t1	0.14978906678461706	0.0
d165	0.001	3	t1	0.16806660120897057	0.0
d165	0.001	3	t1	0.18857454785745398	0.0
d165	0.001	3	t1	0.2115835334850689	0.0
d165	0.001	3	t1	0.23739860927755593	0.0
d165	0.001	3	t1	0.266366591568392	0.0
d165	0.001	3	t1	0.29886901401039945	0.0
d165	0.001	3	t1	0.33533636966402874	0.0
d165	0.001	3	t1	0.3762531725804453	0.0
d165	0.001	3	t1	0.4221605298354539	0.0
d165	0.001	3	t1	0.47367243381911905	0.0
d165	0.001	3	phi	7.629388473795709e-6	1.6091503444563896e-7
d165	0.001	3	phi	1.525877694759142e-5	1.603087250707638e-7
d165	0.001	3	phi	2.2888165421387134e-5	1.5930230850008022e-7
d165	0.001	3	phi	3.0517553895182842e-5	1.5790189801673065e-7
d165	0.001	3	phi	3.814694236897854e-5	1.5611598196777914e-7
d165	0.001	3	phi	4.577633084277418e-5	1.5395535432868684e-7
d165	0.001	3	phi	5.340571931656997e-5	1.5143302656784328e-7
d165	0.001	3	phi	6.10351077903657e-5	1.485641216636641e-7
d165	0.001	3	phi	6.86644962641613e-5	1.4536575128294874e-7
d165	0.001	3	phi	7.629388473795709e-5	1.4185687728892455e-7
d165	0.001	3	phi	8.392327321175269e-5	1.3805815889771315e-7
d165	0.001	3	phi	9.529103149571589e-5	1.3183654681895657e-7
d165	0.001	3	phi	0.00010681143863313985	1.2515143134289184e-7
d165	0.001	3	phi	0.00011819397800303034	1.1798242953340862e-7
d165	0.001	3	phi	0.00013345979153336977	1.0793400276789502e-7
d165	0.001	3	phi	0.0001487241608614854	9.748934243633705e-8
d165	0.001	3	phi	0.00016773086992482195	8.421421578266313e-8
d165	0.001	3	phi	0.00019063293236353633	6.850810581240627e-8
d165	0.001	3	phi	0.00021353201256911329	5.364530657609353e-8
d165	0.001	3	phi	0.00023642897778077072	4.0171438669371966e-8
d165	0.001	3	phi	0.0002630756059577625	2.6817737228585752e-8
d165	0.001	3	phi	0.00029735037055581985	1.3851999093236664e-8
d165	0.001	3	phi	0.00033551959004834276	4.971513334304435e-9
d165	0.001	3	phi	0.0003774297929274283	1.2031824867905375e-9
d165	0.001	3	phi	0.0004232304713625064	1.845565916982153e-9
d165	0.001	3	phi	0.00047277581579931876	4.985943847517085e-9
d165	0.001	3	phi	0.000529954140682307	7.96718675709294e-9
d165	0.001	3	phi	0.0005947660315265448	8.194159914727372e-9
d165	0.001	3	phi	0.0006672115727191813	5.545802369384438e-9
d165	0.001	3	phi	0.0007510328933877064	2.8166666700878716e-9
d165	0.001	3	phi	0.0008426357798242797	2.5857112752829038e-9
d165	0.001	3	phi	0.000945469465562411	3.304751304441558e-9
d165	0.001	3	phi	0.0010637181906205887	2.9996143849611388e-9
d165	0.001	3	phi	0.0011933427345577946	3.2174659870571244e-9
d165	0.001	3	phi	0.001338234444659373	2.779550374064238e-9
d165	0.001	3	phi	0.0014983929255561702	2.08545515200457e-9
d165	0.001	3	phi	0.0016813062912522984	3.3937505023262564e-9
d165	0.001	3	phi	0.0018872672594733926	1.7074938217694429e-9
d165	0.001	3	phi	0.0021159825568989763	2.9253416459646906e-9
d165	0.001	3	phi	0.0023752319840376667	1.7843107264386818e-9
d165	0.001	3	phi	0.0026650158537247022	1.9344148864409146e-9
d165	0.001	3	phi	0.002989077753483762	1.7157425508944346e-9
d165	0.001	3	phi	0.0033550511129892243	1.3929692740647972e-9
d165	0.001	3	phi	0.0037630823722051253	1.212686978954262e-9
d165	0.001	3	phi	0.004220512937761092	1.0129084648660605e-9
d165	0.001	3	phi	0.004735268427364398	7.458771210133584e-10
d165	0.001	3	phi	0.00531468965810924	4.6097670118696735e-10
d165	0.001	3	phi	0.005966703895880201	2.5748133067597583e-10
d165	0.001	3	phi	0.006691163505285742	1.3156038583790446e-10
d165	0.001	3	phi	0.00750693386647431	5.1544737499478994e-11
d165	0.001	3	phi	0.008425831166491782	7.220341877736658e-11
d165	0.001	3	phi	0.009451452182471384	1.2806225083673973e-10
d165	0.001	3	phi	0.010602808117072449	1.9002822061943298e-10
d165	0.001	3	phi	0.011899055913815891	1.8787851082471976e-10
d165	0.001	3	phi	0.013351719421174534	1.262839545796529e-10
d165	0.001	3	phi	0.014979662876172375	4.701395615578585e-11
d165	0.001	3	phi	0.016805933483363636	2.8422314618394984e-11
d165	0.001	3	phi	0.0188570292540463	6.022259546576686e-11
d165	0.001	3	phi	0.021159887502757043	5.1949479525510824e-11
d165	0.001	3	phi	0.023741006069205848	1.1435177118985919e-11
d165	0.001	3	phi	0.026638552998525435	1.537737122272873e-11
d165	0.001	3	phi	0.029886952690767608	1.1904358328660266e-11
d165	0.001	3	phi	0.0335317139880143	5.5598428392596885e-12
d165	0.001	3	phi	0.03762641841208682	8.318146834711772e-12
d165	0.001	3	phi	0.042216867626638205	8.686693960258664e-12
d165	0.001	3	phi	0.047367581161098446	6.145840177346522e-12
d165	0.001	3	phi	0.05314755428959493	6.446863225301638e-12
d165	0.001	3	phi	0.05963268370222095	2.6890431012040836e-12
d165	0.001	3	phi	0.06691097550584788	1.9462948716540396e-12
d165	0.001	3	phi	0.07507374000353845	2.587932403343947e-12
d165	0.001	3	phi	0.0842315912160045	1.910493969273982e-12
d165	0.001	3	phi	0.09451026390588896	8.934908743961168e-13
d165	0.001	3	phi	0.10604341934190899	1.2115088153808908e-12
d165	0.001	3	phi	0.11898329021012795	8.397982427187822e-13
d165	0.001	3	phi	0.13350170578599946	5.402507366928139e-13
d165	0.001	3	phi	0.14978906678461706	5.384967760240885e-13
d165	0.001	3	phi	0.16806660120897057	3.7736181723811105e-13
d165	0.001	3	phi	0.18857454785745398	2.600074599153168e-13
d165	0.001	3	phi	0.2115835334850689	2.621369479527928e-13
d165	0.001	3	phi	0.23739860927755593	2.0652294628527674e-13
d165	0.001	3	phi	0.266366591568392	1.5446669434678946e-13
d165	0.001	3	phi	0.29886901401039945	1.2652066067802252e-13
d165	0.001	3	phi	0.33533636966402874	9.743859268267055e-14
d165	0.001	3	phi	0.3762531725804453	8.616688180514549e-14
d165	0.001	3	phi	0.4221605298354539	6.71622888995709e-14
d165	0.001	3	phi	0.47367243381911905	5.392270875502866e-14
d165	0.001	4	t1	7.629388473795709e-6	0.0
d165	0.001	4	t1	1.525877694759142e-5	0.0
d165	0.001	4	t1	2.2888165421387134e-5	0.0
d165	0.001	4	t1	3.0517553895182842e-5	0.0
d165	0.001	4	t1	3.814694236897854e-5	0.0
d165	0.001	4	t1	4.577633084277418e-5	0.0
d165	0.001	4	t1	5.340571931656997e-5	0.0
d165	0.001	4	t1	6.10351077903657e-5	0.0
d165	0.001	4	t1	6.86644962641613e-5	0.0
d165	0.001	4	t1	7.629388473795709e-5	0.0
d165	0.001	4	t1	8.392327321175269e-5	0.0
d165	0.001	4	t1	9.529103149571589e-5	0.0
d165	0.001	4	t1	0.00010681143863313985	0.0
d165	0.001	4	t1	0.00011819397800303034	0.0
d165	0.001	4	t1	0.00013345979153336977	0.0
d165	0.001	4	t1	0.0001487241608614854	0.0
d165	0.001	4	t1	0.00016773086992482195	0.0
d165	0.001	4	t1	0.00019063293236353633	0.0
d165	0.001	4	t1	0.00021353201256911329	0.0
d165	0.001	4	t1	0.00023642897778077072	0.0
d165	0.001	4	t1	0.0002630756059577625	0.0
d165	0.001	4	t1	0.00029735037055581985	0.0
d165	0.001	4	t1	0.00033551959004834276	0.0
d165	0.001	4	t1	0.0003774297929274283	0.0
d165	0.001	4	t1	0.0004232304713625064	0.0
d165	0.001	4	t1	0.00047277581579931876	0.0
d165	0.001	4	t1	0.000529954140682307	0.0
d165	0.001	4	t1	0.0005947660315265448	0.0
d165	0.001	4	t1	0.0006672115727191813	0.0
d165	0.001	4	t1	0.0007510328933877064	0.0
d165	0.001	4	t1	0.0008426357798242797	0.0
d165	0.001	4	t1	0.000945469465562411	0.0
d165	0.001	4	t1	0.0010637181906205887	0.0
d165	0.001	4	t1	0.0011933427345577946	0.0
d165	0.001	4	t1	0.001338234444659373	0.0
d165	0.001	4	t1	0.0014983929255561702	0.0
d165	0.001	4	t1	0.0016813062912522984	0.0
d165	0.001	4	t1	0.0018872672594733926	0.0
d165	0.001	4	t1	0.0021159825568989763	0.0
d165	0.001	4	t1	0.0023752319840376667	0.0
d165	0.001	4	t1	0.0026650158537247022	0.0
d165	0.001	4	t1	0.002989077753483762	0.0
d165	0.001	4	t1	0.0033550511129892243	0.0
d165	0.001	4	t1	0.0037630823722051253	0.0
d165	0.001	4	t1	0.004220512937761092	0.0
d165	0.001	4	t1	0.004735268427364398	0.0
d165	0.001	4	t1	0.00531468965810924	0.0
d165	0.001	4	t1	0.005966703895880201	0.0
d165	0.001	4	t1	0.006691163505285742	0.0
d165	0.001	4	t1	0.00750693386647431	0.0
d165	0.001	4	t1	0.008425831166491782	0.0
d165	0.001	4	t1	0.009451452182471384	0.0
d165	0.001	4	t1	0.010602808117072449	0.0
d165	0.001	4	t1	0.011899055913815891	0.0
d165	0.001	4	t1	0.013351719421174534	0.0
d165	0.001	4	t1	0.014979662876172375	0.0
d165	0.001	4	t1	0.016805933483363636	0.0
d165	0.001	4	t1	0.0188570292540463	0.0
d165	0.001	4	t1	0.021159887502757043	0.0
d165	0.001	4	t1	0.023741006069205848	0.0
d165	0.001	4	t1	0.026638552998525435	0.0
d165	0.001	4	t1	0.029886952690767608	0.0
d165	0.001	4	t1	0.0335317139880143	0.0
d165	0.001	4	t1	0.03762641841208682	0.0
d165	0.001	4	t1	0.042216867626638205	0.0
d165	0.001	4	t1	0.047367581161098446	0.0
d165	0.001	4	t1	0.05314755428959493	0.0
d165	0.001	4	t1	0.05963268370222095	0.0
d165	0.001	4	t1	0.06691097550584788	0.0
d165	0.001	4	t1	0.07507374000353845	0.0
d165	0.001	4	t1	0.0842315912160045	0.0
d165	0.001	4	t1	0.09451026390588896	0.0
d165	0.001	4	t1	0.10604341934190899	0.0
d165	0.001	4	t1	0.11898329021012795	0.0
d165	0.001	4	t1	0.13350170578599946	0.0
d165	0.001	4	t1	0.14978906678461706	0.0
d165	0.001	4	t1	0.16806660120897057	0.0
d165	0.001	4	t1	0.18857454785745398	0.0
d165	0.001	4	t1	0.2115835334850689	0.0
d165	0.001	4	t1	0.23739860927755593	0.0
d165	0.001	4	t1	0.266366591568392	0.0
d165	0.001	4	t1	0.29886901401039945	0.0
d165	0.001	4	t1	0.33533636966402874	0.0
d165	0.001	4	t1	0.3762531725804453	0.0
d165	0.001	4	t1	0.4221605298354539	0.0
d165	0.001	4	t1	0.47367243381911905	0.0
d165	0.001	4	phi	7.629388473795709e-6	8.102595307513236e-5
d165	0.001	4	phi	1.525877694759142e-5	7.637882111436837e-5
d165	0.001	4	phi	2.2888165421387134e-5	6.920363741242178e-5
d165	0.001	4	phi	3.0517553895182842e-5	6.026148766081259e-5
d165	0.001	4	phi	3.814694236897854e-5	5.044832178436118e-5
d165	0.001	4	phi	4.577633084277418e-5	4.066420483953242e-5
d165	0.001	4	phi	5.340571931656997e-5	3.1691257582117364e-5
d165	0.001	4	phi	6.10351077903657e-5	2.4100761564156748e-5
d165	0.001	4	phi	6.86644962641613e-5	1.8203006088709406e-5
d165	0.001	4	phi	7.629388473795709e-5	1.4044290121399027e-5
d165	0.001	4	phi	8.392327321175269e-5	1.1446173024162457e-5
d165	0.001	4	phi	9.529103149571589e-5	9.798492789568137e-6
d165	0.001	4	phi	0.00010681143863313985	9.388126421310615e-6
d165	0.001	4	phi	0.00011819397800303034	9.240388547537856e-6
d165	0.001	4	phi	0.00013345979153336977	8.320692009718491e-6
d165	0.001	4	phi	0.0001487241608614854	6.47269746765408e-6
d165	0.001	4	phi	0.00016773086992482195	3.9041092512188295e-6
d165	0.001	4	phi	0.00019063293236353633	1.8673115388731097e-6
d165	0.001	4	phi	0.00021353201256911329	1.2391527149455102e-6
d165	0.001	4	phi	0.00023642897778077072	1.3147932126259864e-6
d165	0.001	4	phi	0.0002630756059577625	1.2570087556093505e-6
d165	0.001	4	phi	0.00029735037055581985	7.523538880930031e-7
d165	0.001	4	phi	0.00033551959004834276	7.297935253958693e-7
d165	0.001	4	phi	0.0003774297929274283	5.563103092087003e-7
d165	0.001	4	phi	0.0004232304713625064	3.261182682096256e-7
d165	0.001	4	phi	0.00047277581579931876	1.6294170956320648e-7
d165	0.001	4	phi	0.000529954140682307	1.168269913865951e-7
d165	0.001	4	phi	0.0005947660315265448	2.5550423926507256e-7
d165	0.001	4	phi	0.0006672115727191813	3.503911408569557e-7
d165	0.001	4	phi	0.0007510328933877064	1.2792348518844404e-7
d165	0.001	4	phi	0.0008426357798242797	8.372262857911882e-8
d165	0.001	4	phi	0.000945469465562411	6.346262946425186e-8
d165	0.001	4	phi	0.0010637181906205887	7.048397737971995e-8
d165	0.001	4	phi	0.0011933427345577946	7.278007240212438e-8
d165	0.001	4	phi	0.001338234444659373	2.5914293694205136e-8
d165	0.001	4	phi	0.0014983929255561702	3.320177488372646e-8
d165	0.001	4	phi	0.0016813062912522984	3.298935310030343e-8
d165	0.001	4	phi	0.0018872672594733926	1.576070589564824e-8
d165	0.001	4	phi	0.0021159825568989763	2.018059156526208e-8
d165	0.001	4	phi	0.0023752319840376667	1.2460792604246083e-8
d165	0.001	4	phi	0.0026650158537247022	9.360098208285144e-9
d165	0.001	4	phi	0.002989077753483762	9.369946908729987e-9
d165	0.001	4	phi	0.0033550511129892243	6.703697651692179e-9
d165	0.001	4	phi	0.0037630823722051253	5.399034584111365e-9
d165	0.001	4	phi	0.004220512937761092	4.407108717236421e-9
d165	0.001	4	phi	0.004735268427364398	3.1561785172462493e-9
d165	0.001	4	phi	0.00531468965810924	2.6412733933310984e-9
d165	0.001	4	phi	0.005966703895880201	2.313060602386589e-9
d165	0.001	4	phi	0.006691163505285742	1.6926693395779066e-9
d165	0.001	4	phi	0.00750693386647431	1.4529289780650031e-9
d165	0.001	4	phi	0.008425831166491782	1.210888199042031e-9
d165	0.001	4	phi	0.009451452182471384	9.387619994648226e-10
d165	0.001	4	phi	0.010602808117072449	7.742852933782656e-10
d165	0.001	4	phi	0.011899055913815891	6.161119003455475e-10
d165	0.001	4	phi	0.013351719421174534	4.782584367939293e-10
d165	0.001	4	phi	0.014979662876172375	3.9522430939333884e-10
d165	0.001	4	phi	0.016805933483363636	3.0137742373950145e-10
d165	0.001	4	phi	0.0188570292540463	2.335082119045363e-10
d165	0.001	4	phi	0.021159887502757043	1.71583334648074e-10
d165	0.001	4	phi	0.023741006069205848	1.3222114852873964e-10
d165	0.001	4	phi	0.026638552998525435	1.0571564307493248e-10
d165	0.001	4	phi	0.029886952690767608	8.699188281313272e-11
d165	0.001	4	phi	0.0335317139880143	7.46814254521519e-11
d165	0.001	4	phi	0.03762641841208682	6.052541647469848e-11
d165	0.001	4	phi	0.042216867626638205	4.772474056810858e-11
d165	0.001	4	phi	0.047367581161098446	3.555832889485796e-11
d165	0.001	4	phi	0.05314755428959493	2.5986360314028574e-11
d165	0.001	4	phi	0.05963268370222095	2.2228466575429886e-11
d165	0.001	4	phi	0.06691097550584788	1.91354910343803e-11
d165	0.001	4	phi	0.07507374000353845	1.3512048790210006e-11
d165	0.001	4	phi	0.0842315912160045	1.0817507270087092e-11
d165	0.001	4	phi	0.09451026390588896	9.41980146889936e-12
d165	0.001	4	phi	0.10604341934190899	6.583163218523044e-12
d165	0.001	4	phi	0.11898329021012795	5.783181383938878e-12
d165	0.001	4	phi	0.13350170578599946	4.167877988918242e-12
d165	0.001	4	phi	0.14978906678461706	3.513926106425223e-12
d165	0.001	4	phi	0.16806660120897057	2.8304612601508797e-12
d165	0.001	4	phi	0.18857454785745398	2.168275702405087e-12
d165	0.001	4	phi	0.2115835334850689	1.7379705469340496e-12
d165	0.001	4	phi	0.23739860927755593	1.4309796382449374e-12
d165	0.001	4	phi	0.266366591568392	1.1409166646828606e-12
d165	0.001	4	phi	0.29886901401039945	9.088002568485017e-13
d165	0.001	4	phi	0.33533636966402874	7.281771955916343e-13
d165	0.001	4	phi	0.3762531725804453	5.744801630209787e-13
d165	0.001	4	phi	0.4221605298354539	4.579332253277979e-13
d165	0.001	4	phi	0.47367243381911905	3.5920567006405745e-13
d165	0.001	5	t1	7.629388473795709e-6	0.0
d165	0.001	5	t1	1.525877694759142e-5	0.0
d165	0.001	5	t1	2.2888165421387134e-5	0.0
d165	0.001	5	t1	3.0517553895182842e-5	0.0
d165	0.001	5	t1	3.814694236897854e-5	0.0
d165	0.001	5	t1	4.577633084277418e-5	0.0
d165	0.001	5	t1	5.340571931656997e-5	0.0
d165	0.001	5	t1	6.10351077903657e-5	0.0
d165	0.001	5	t1	6.86644962641613e-5	0.0
d165	0.001	5	t1	7.629388473795709e-5	0.0
d165	0.001	5	t1	8.392327321175269e-5	0.0
d165	0.001	5	t1	9.529103149571589e-5	0.0
d165	0.001	5	t1	0.00010681143863313985	0.0
d165	0.001	5	t1	0.00011819397800303034	0.0
d165	0.001	5	t1	0.00013345979153336977	0.0
d165	0.001	5	t1	0.0001487241608614854	0.0
d165	0.001	5	t1	0.00016773086992482195	0.0
d165	0.001	5	t1	0.00019063293236353633	0.0
d165	0.001	5	t1	0.00021353201256911329	0.0
d165	0.001	5	t1	0.00023642897778077072	0.0
d165	0.001	5	t1	0.0002630756059577625	0.0
d165	0.001	5	t1	0.00029735037055581985	0.0
d165	0.001	5	t1	0.00033551959004834276	0.0
d165	0.001	5	t1	0.0003774297929274283	0.0
d165	0.001	5	t1	0.0004232304713625064	0.0
d165	0.001	5	t1	0.00047277581579931876	0.0
d165	0.001	5	t1	0.000529954140682307	0.0
d165	0.001	5	t1	0.0005947660315265448	0.0
d165	0.001	5	t1	0.0006672115727191813	0.0
d165	0.001	5	t1	0.0007510328933877064	0.0
d165	0.001	5	t1	0.0008426357798242797	0.0
d165	0.001	5	t1	0.000945469465562411	0.0
d165	0.001	5	t1	0.0010637181906205887	0.0
d165	0.001	5	t1	0.0011933427345577946	0.0
d165	0.001	5	t1	0.001338234444659373	0.0
d165	0.001	5	t1	0.0014983929255561702	0.0
d165	0.001	5	t1	0.0016813062912522984	0.0
d165	0.001	5	t1	0.0018872672594733926	0.0
d165	0.001	5	t1	0.0021159825568989763	0.0
d165	0.001	5	t1	0.0023752319840376667	0.0
d165	0.001	5	t1	0.0026650158537247022	0.0
d165	0.001	5	t1	0.002989077753483762	0.0
d165	0.001	5	t1	0.0033550511129892243	0.0
d165	0.001	5	t1	0.0037630823722051253	0.0
d165	0.001	5	t1	0.004220512937761092	0.0
d165	0.001	5	t1	0.004735268427364398	0.0
d165	0.001	5	t1	0.00531468965810924	0.0
d165	0.001	5	t1	0.005966703895880201	0.0
d165	0.001	5	t1	0.006691163505285742	0.0
d165	0.001	5	t1	0.00750693386647431	0.0
d165	0.001	5	t1	0.008425831166491782	0.0
d165	0.001	5	t1	0.009451452182471384	0.0
d165	0.001	5	t1	0.010602808117072449	0.0
d165	0.001	5	t1	0.011899055913815891	0.0
d165	0.001	5	t1	0.013351719421174534	0.0
d165	0.001	5	t1	0.014979662876172375	0.0
d165	0.001	5	t1	0.016805933483363636	0.0
d165	0.001	5	t1	0.0188570292540463	0.0
d165	0.001	5	t1	0.021159887502757043	0.0
d165	0.001	5	t1	0.023741006069205848	0.0
d165	0.001	5	t1	0.026638552998525435	0.0
d165	0.001	5	t1	0.029886952690767608	0.0
d165	0.001	5	t1	0.0335317139880143	0.0
d165	0.001	5	t1	0.03762641841208682	0.0
d165	0.001	5	t1	0.042216867626638205	0.0
d165	0.001	5	t1	0.047367581161098446	0.0
d165	0.001	5	t1	0.05314755428959493	0.0
d165	0.001	5	t1	0.05963268370222095	0.0
d165	0.001	5	t1	0.06691097550584788	0.0
d165	0.001	5	t1	0.07507374000353845	0.0
d165	0.001	5	t1	0.0842315912160045	0.0
d165	0.001	5	t1	0.09451026390588896	0.0
d165	0.001	5	t1	0.10604341934190899	0.0
d165	0.001	5	t1	0.11898329021012795	0.0
d165	0.001	5	t1	0.13350170578599946	0.0
d165	0.001	5	t1	0.14978906678461706	0.0
d165	0.001	5	t1	0.16806660120897057	0.0
d165	0.001	5	t1	0.18857454785745398	0.0
d165	0.001	5	t1	0.2115835334850689	0.0
d165	0.001	5	t1	0.23739860927755593	0.0
d165	0.001	5	t1	0.266366591568392	0.0
d165	0.001	5	t1	0.29886901401039945	0.0
d165	0.001	5	t1	0.33533636966402874	0.0
d165	0.001	5	t1	0.3762531725804453	0.0
d165	0.001	5	t1	0.4221605298354539	0.0
d165	0.001	5	t1	0.47367243381911905	0.0
d165	0.001	5	phi	7.629388473795709e-6	5.7683889970693e-6
d165	0.001	5	phi	1.525877694759142e-5	3.852097854068208e-6
d165	0.001	5	phi	2.2888165421387134e-5	1.7835020643867335e-6
d165	0.001	5	phi	3.0517553895182842e-5	4.955013085746179e-7
d165	0.001	5	phi	3.814694236897854e-5	2.5793802449235005e-7
d165	0.001	5	phi	4.577633084277418e-5	6.44124343381036e-7
d165	0.001	5	phi	5.340571931656997e-5	9.913061401945128e-7
d165	0.001	5	phi	6.10351077903657e-5	9.73394984043266e-7
d165	0.001	5	phi	6.86644962641613e-5	6.330122832963047e-7
d165	0.001	5	phi	7.629388473795709e-5	3.8465627508495983e-7
d165	0.001	5	phi	8.392327321175269e-5	4.044481645460281e-7
d165	0.001	5	phi	9.529103149571589e-5	6.766718562974578e-7
d165	0.001	5	phi	0.00010681143863313985	6.711840835627953e-7
d165	0.001	5	phi	0.00011819397800303034	4.426769054746402e-7
d165	0.001	5	phi	0.00013345979153336977	4.886589367575333e-7
d165	0.001	5	phi	0.0001487241608614854	5.757664551387226e-7
d165	0.001	5	phi	0.00016773086992482195	3.9106628117382675e-7
d165	0.001	5	phi	0.00019063293236353633	4.91242690523939e-7
d165	0.001	5	phi	0.00021353201256911329	3.5259898058181854e-7
d165	0.001	5	phi	0.00023642897778077072	4.1409455672031913e-7
d165	0.001	5	phi	0.0002630756059577625	3.322074050936408e-7
d165	0.001	5	phi	0.00029735037055581985	3.165556823549765e-7
d165	0.001	5	phi	0.00033551959004834276	2.98416063143759e-7
d165	0.001	5	phi	0.0003774297929274283	2.8557642633716316e-7
d165	0.001	5	phi	0.0004232304713625064	2.774690460541102e-7
d165	0.001	5	phi	0.00047277581579931876	2.6782451193641226e-7
d165	0.001	5	phi	0.000529954140682307	2.5352598911596165e-7
d165	0.001	5	phi	0.0005947660315265448	2.276379492288455e-7
d165	0.001	5	phi	0.0006672115727191813	1.8993292260454088e-7
d165	0.001	5	phi	0.0007510328933877064	1.554724749240336e-7
d165	0.001	5	phi	0.0008426357798242797	1.3230095619943405e-7
d165	0.001	5	phi	0.000945469465562411	1.1551157292337882e-7
d165	0.001	5	phi	0.0010637181906205887	8.306371605957051e-8
d165	0.001	5	phi	0.0011933427345577946	4.2339847682288574e-8
d165	0.001	5	phi	0.001338234444659373	2.5015091129125182e-8
d165	0.001	5	phi	0.0014983929255561702	1.999118770299206e-8
d165	0.001	5	phi	0.0016813062912522984	5.682861326563857e-9
d165	0.001	5	phi	0.0018872672594733926	7.058425797829655e-9
d165	0.001	5	phi	0.0021159825568989763	8.099948459033308e-9
d165	0.001	5	phi	0.0023752319840376667	1.2512699328827153e-8
d165	0.001	5	phi	0.0026650158537247022	1.3154740968978606e-8
d165	0.001	5	phi	0.002989077753483762	5.979100197782518e-9
d165	0.001	5	phi	0.0033550511129892243	1.4018744249878367e-9
d165	0.001	5	phi	0.0037630823722051253	2.5022093704622985e-9
d165	0.001	5	phi	0.004220512937761092	4.459017546721614e-9
d165	0.001	5	phi	0.004735268427364398	2.551182428290381e-9
d165	0.001	5	phi	0.00531468965810924	1.6200831924570083e-9
d165	0.001	5	phi	0.005966703895880201	1.3849337938877218e-9
d165	0.001	5	phi	0.006691163505285742	1.4446037109933018e-9
d165	0.001	5	phi	0.00750693386647431	1.0998530158329012e-9
d165	0.001	5	phi	0.008425831166491782	1.1859395540622356e-9
d165	0.001	5	phi	0.009451452182471384	5.666942228109298e-10
d165	0.001	5	phi	0.010602808117072449	9.98693163432921e-10
d165	0.001	5	phi	0.011899055913815891	5.33401137468942e-10
d165	0.001	5	phi	0.013351719421174534	4.6514187747709914e-10
d165	0.001	5	phi	0.014979662876172375	4.5175821535337353e-10
d165	0.001	5	phi	0.016805933483363636	3.601844284349789e-10
d165	0.001	5	phi	0.0188570292540463	2.756886414045417e-10
d165	0.001	5	phi	0.021159887502757043	1.7186309635255556e-10
d165	0.001	5	phi	0.023741006069205848	1.6494680814055619e-10
d165	0.001	5	phi	0.026638552998525435	1.5816828442100402e-10
d165	0.001	5	phi	0.029886952690767608	1.3461487032444437e-10
d165	0.001	5	phi	0.0335317139880143	1.2641785117089763e-10
d165	0.001	5	phi	0.03762641841208682	1.2115425489674296e-10
d165	0.001	5	phi	0.042216867626638205	1.1432688209831525e-10
d165	0.001	5	phi	0.047367581161098446	9.32762990511844e-11
d165	0.001	5	phi	0.05314755428959493	6.762076331249958e-11
d165	0.001	5	phi	0.05963268370222095	4.678456871459821e-11
d165	0.001	5	phi	0.06691097550584788	3.952777213647968e-11
d165	0.001	5	phi	0.07507374000353845	3.632100421596583e-11
d165	0.001	5	phi	0.0842315912160045	2.3209747304937124e-11
d165	0.001	5	phi	0.09451026390588896	1.6498099361347985e-11
d165	0.001	5	phi	0.10604341934190899	1.4269540468730895e-11
d165	0.001	5	phi	0.11898329021012795	1.3552804190076611e-11
d165	0.001	5	phi	0.13350170578599946	1.253826508404548e-11
d165	0.001	5	phi	0.14978906678461706	1.3709180778221957e-11
d165	0.001	5	phi	0.16806660120897057	1.0671658884995795e-11
d165	0.001	5	phi	0.18857454785745398	8.322800951025213e-12
d165	0.001	5	phi	0.2115835334850689	6.583451928034401e-12
d165	0.001	5	phi	0.23739860927755593	7.555875292976648e-12
d165	0.001	5	phi	0.266366591568392	5.9747839181885275e-12
d165	0.001	5	phi	0.29886901401039945	5.225533143856607e-12
d165	0.001	5	phi	0.33533636966402874	4.5865532308274296e-12
d165	0.001	5	phi	0.3762531725804453	3.9482302254351125e-12
d165	0.001	5	phi	0.4221605298354539	3.466419734093045e-12
d165	0.001	5	phi	0.47367243381911905	2.8236627581550776e-12
d165	0.005	1	t1	7.629388473795709e-6	0.005272770654237338
d165	0.005	1	t1	1.525877694759142e-5	0.0009286264191915052
d165	0.005	1	t1	2.2888165421387134e-5	0.02646009625351237
d165	0.005	1	t1	3.0517553895182842e-5	0.013609167476461721
d165	0.005	1	t1	3.814694236897854e-5	0.011858024658769782
d165	0.005	1	t1	4.577633084277418e-5	6.92198477461495e-5
d165	0.005	1	t1	5.340571931656997e-5	0.0019763744403776865
d165	0.005	1	t1	6.10351077903657e-5	0.0009360457876379018
d165	0.005	1	t1	6.86644962641613e-5	0.002661125102917386
d165	0.005	1	t1	7.629388473795709e-5	0.0005306930668950613
d165	0.005	1	t1	8.392327321175269e-5	0.0005471203660173052
d165	0.005	1	t1	9.529103149571589e-5	0.0018194787450747927
d165	0.005	1	t1	0.00010681143863313985	0.0004812783532313235
d165	0.005	1	t1	0.00011819397800303034	0.0018914418499752883
d165	0.005	1	t1	0.00013345979153336977	0.005182068746751979
d165	0.005	1	t1	0.0001487241608614854	0.0047105880206706465
d165	0.005	1	t1	0.00016773086992482195	0.01041770019954997
d165	0.005	1	t1	0.00019063293236353633	0.004434505553020649
d165	0.005	1	t1	0.00021353201256911329	0.005607472777977397
d165	0.005	1	t1	0.00023642897778077072	0.006255991435156445
d165	0.005	1	t1	0.0002630756059577625	0.005358903633274551
d165	0.005	1	t1	0.00029735037055581985	0.007966994126371946
d165	0.005	1	t1	0.00033551959004834276	0.010169154199720618
d165	0.005	1	t1	0.0003774297929274283	0.005378567852361658
d165	0.005	1	t1	0.0004232304713625064	0.002404309391094496
d165	0.005	1	t1	0.00047277581579931876	0.003228802235689945
d165	0.005	1	t1	0.000529954140682307	0.005491228852566562
d165	0.005	1	t1	0.0005947660315265448	0.0037549680767572386
d165	0.005	1	t1	0.0006672115727191813	0.007137973020830428
d165	0.005	1	t1	0.0007510328933877064	0.0026426797087495874
d165	0.005	1	t1	0.0008426357798242797	0.003558194317867075
d165	0.005	1	t1	0.000945469465562411	0.0029929792008067816
d165	0.005	1	t1	0.0010637181906205887	0.0033110384631841543
d165	0.005	1	t1	0.0011933427345577946	0.0027196873265845477
d165	0.005	1	t1	0.001338234444659373	0.0035975239177421436
d165	0.005	1	t1	0.0014983929255561702	0.0030635854172896414
d165	0.005	1	t1	0.0016813062912522984	0.0028129909648059526
d165	0.005	1	t1	0.0018872672594733926	0.003290326659607632
d165	0.005	1	t1	0.0021159825568989763	0.0031207322293620556
d165	0.005	1	t1	0.0023752319840376667	0.003266278168954846
d165	0.005	1	t1	0.0026650158537247022	0.0038081798344528884
d165	0.005	1	t1	0.002989077753483762	0.0029652330679434827
d165	0.005	1	t1	0.0033550511129892243	0.002886215492427812
d165	0.005	1	t1	0.0037630823722051253	0.00304714956761937
d165	0.005	1	t1	0.004220512937761092	0.0037661982765052056
d165	0.005	1	t1	0.004735268427364398	0.0026216162799075978
d165	0.005	1	t1	0.00531468965810924	0.002813913690034241
d165	0.005	1	t1	0.005966703895880201	0.002711319103983469
d165	0.005	1	t1	0.006691163505285742	0.0023414319786263004
d165	0.005	1	t1	0.00750693386647431	0.002796508288510999
d165	0.005	1	t1	0.008425831166491782	0.002913100443795578
d165	0.005	1	t1	0.009451452182471384	0.0030002657177811854
d165	0.005	1	t1	0.010602808117072449	0.0025159850111210213
d165	0.005	1	t1	0.011899055913815891	0.0027582057404537457
d165	0.005	1	t1	0.013351719421174534	0.002881561302326116
d165	0.005	1	t1	0.014979662876172375	0.002521342776074319
d165	0.005	1	t1	0.016805933483363636	0.0022934359653276593
d165	0.005	1	t1	0.0188570292540463	0.0025378348996167427
d165	0.005	1	t1	0.021159887502757043	0.0023089747568209706
d165	0.005	1	t1	0.023741006069205848	0.002133144078851426
d165	0.005	1	t1	0.026638552998525435	0.0023211963466172798
d165	0.005	1	t1	0.029886952690767608	0.0022209370136618252
d165	0.005	1	t1	0.0335317139880143	0.0022386560084310934
d165	0.005	1	t1	0.03762641841208682	0.0019573455488471315
d165	0.005	1	t1	0.042216867626638205	0.0020203903478064273
d165	0.005	1	t1	0.047367581161098446	0.0018319841048169588
d165	0.005	1	t1	0.05314755428959493	0.0017590163521750122
d165	0.005	1	t1	0.05963268370222095	0.0016818939451968534
d165	0.005	1	t1	0.06691097550584788	0.001701100824068268
d165	0.005	1	t1	0.07507374000353845	0.0015451996316718016
d165	0.005	1	t1	0.0842315912160045	0.0015568083260575475
d165	0.005	1	t1	0.09451026390588896	0.0014697900479448832
d165	0.005	1	t1	0.10604341934190899	0.0014929132538332138
d165	0.005	1	t1	0.11898329021012795	0.0014562968777462172
d165	0.005	1	t1	0.13350170578599946	0.0013104700584762974
d165	0.005	1	t1	0.14978906678461706	0.001262321273704877
d165	0.005	1	t1	0.16806660120897057	0.0012727986026630333
d165	0.005	1	t1	0.18857454785745398	0.001318372867570993
d165	0.005	1	t1	0.2115835334850689	0.0012349651360804243
d165	0.005	1	t1	0.23739860927755593	0.0011987795534991995
d165	0.005	1	t1	0.266366591568392	0.0011654700726139006
d165	0.005	1	t1	0.29886901401039945	0.0011421019505250371
d165	0.005	1	t1	0.33533636966402874	0.0011944893552702884
d165	0.005	1	t1	0.3762531725804453	0.0011834163905140576
d165	0.005	1	t1	0.4221605298354539	0.0011169717058229383
d165	0.005	1	t1	0.47367243381911905	0.0010748516420364845
d165	0.005	1	phi	7.629388473795709e-6	3.3880359012069663
d165	0.005	1	phi	1.525877694759142e-5	2.2778030502444055
d165	0.005	1	phi	2.2888165421387134e-5	0.41816965296481823
d165	0.005	1	phi	3.0517553895182842e-5	1.109330432471683
d165	0.005	1	phi	3.814694236897854e-5	0.4788355916745254
d165	0.005	1	phi	4.577633084277418e-5	0.2581097179702445
d165	0.005	1	phi	5.340571931656997e-5	0.3696250974861447
d165	0.005	1	phi	6.10351077903657e-5	0.3518007619831313
d165	0.005	1	phi	6.86644962641613e-5	0.10499115548533823
d165	0.005	1	phi	7.629388473795709e-5	0.10086088274484181
d165	0.005	1	phi	8.392327321175269e-5	0.0007953010678909689
d165	0.005	1	phi	9.529103149571589e-5	0.14186608715574534
d165	0.005	1	phi	0.00010681143863313985	0.1660285603667506
d165	0.005	1	phi	0.00011819397800303034	0.04736874004916049
d165	0.005	1	phi	0.00013345979153336977	0.07590867600718998
d165	0.005	1	phi	0.0001487241608614854	0.012524880309769906
d165	0.005	1	phi	0.00016773086992482195	0.04865267031356477
d165	0.005	1	phi	0.00019063293236353633	0.03841739353238852
d165	0.005	1	phi	0.00021353201256911329	0.02598404608727629
d165	0.005	1	phi	0.00023642897778077072	0.02409358799788903
d165	0.005	1	phi	0.0002630756059577625	0.008327304292186834
d165	0.005	1	phi	0.00029735037055581985	0.00994461554454278
d165	0.005	1	phi	0.00033551959004834276	0.008504856943003786
d165	0.005	1	phi	0.0003774297929274283	0.005550926071296122
d165	0.005	1	phi	0.0004232304713625064	0.002946862827375185
d165	0.005	1	phi	0.00047277581579931876	0.004392560947448111
d165	0.005	1	phi	0.000529954140682307	0.0019983636447902893
d165	0.005	1	phi	0.0005947660315265448	0.001463036098640698
d165	0.005	1	phi	0.0006672115727191813	0.001895537451704456
d165	0.005	1	phi	0.0007510328933877064	0.0009734984455052916
d165	0.005	1	phi	0.0008426357798242797	0.0008608445943822833
d165	0.005	1	phi	0.000945469465562411	0.0007299215192040182
d165	0.005	1	phi	0.0010637181906205887	0.0006023415758545696
d165	0.005	1	phi	0.0011933427345577946	0.0004960256022796598
d165	0.005	1	phi	0.001338234444659373	0.00042764422562905643
d165	0.005	1	phi	0.0014983929255561702	0.00031287306208472785
d165	0.005	1	phi	0.0016813062912522984	0.00022430195262279634
d165	0.005	1	phi	0.0018872672594733926	0.00013966691345895264
d165	0.005	1	phi	0.0021159825568989763	0.00013848340958099044
d165	0.005	1	phi	0.0023752319840376667	0.00010675173609390899
d165	0.005	1	phi	0.0026650158537247022	7.590881773996243e-5
d165	0.005	1	phi	0.002989077753483762	7.026062429245388e-5
d165	0.005	1	phi	0.0033550511129892243	4.993956906934037e-5
d165	0.005	1	phi	0.0037630823722051253	4.7374998414934736e-5
d165	0.005	1	phi	0.004220512937761092	2.9334931531428123e-5
d165	0.005	1	phi	0.004735268427364398	2.5373731820579626e-5
d165	0.005	1	phi	0.00531468965810924	2.0536005348248253e-5
d165	0.005	1	phi	0.005966703895880201	1.5853952782747446e-5
d165	0.005	1	phi	0.006691163505285742	1.226899729460659e-5
d165	0.005	1	phi	0.00750693386647431	9.057053781976995e-6
d165	0.005	1	phi	0.008425831166491782	7.814437124655219e-6
d165	0.005	1	phi	0.009451452182471384	6.1505575850447265e-6
d165	0.005	1	phi	0.010602808117072449	4.99951838958047e-6
d165	0.005	1	phi	0.011899055913815891	4.0323517802588115e-6
d165	0.005	1	phi	0.013351719421174534	3.3370116954054964e-6
d165	0.005	1	phi	0.014979662876172375	2.6219885607229393e-6
d165	0.005	1	phi	0.016805933483363636	2.1050414677911583e-6
d165	0.005	1	phi	0.0188570292540463	1.593256326403503e-6
d165	0.005	1	phi	0.021159887502757043	1.3472786515973682e-6
d165	0.005	1	phi	0.023741006069205848	1.0202121622568094e-6
d165	0.005	1	phi	0.026638552998525435	7.975688041130149e-7
d165	0.005	1	phi	0.029886952690767608	6.542186484476367e-7
d165	0.005	1	phi	0.0335317139880143	5.063724765500949e-7
d165	0.005	1	phi	0.03762641841208682	4.1845558816280263e-7
d165	0.005	1	phi	0.042216867626638205	3.3283376887622213e-7
d165	0.005	1	phi	0.047367581161098446	2.69808420531126e-7
d165	0.005	1	phi	0.05314755428959493	2.1550776452420944e-7
d165	0.005	1	phi	0.05963268370222095	1.7287404961517275e-7
d165	0.005	1	phi	0.06691097550584788	1.3867913426329802e-7
d165	0.005	1	phi	0.07507374000353845	1.129709834949398e-7
d165	0.005	1	phi	0.0842315912160045	9.118871781135739e-8
d165	0.005	1	phi	0.09451026390588896	7.61750937738511e-8
d165	0.005	1	phi	0.10604341934190899	5.7017852735400345e-8
d165	0.005	1	phi	0.11898329021012795	4.7377604104525145e-8
d165	0.005	1	phi	0.13350170578599946	3.808918754337461e-8
d165	0.005	1	phi	0.14978906678461706	3.185555773105002e-8
d165	0.005	1	phi	0.16806660120897057	2.53869042575958e-8
d165	0.005	1	phi	0.18857454785745398	2.064334094462952e-8
d165	0.005	1	phi	0.2115835334850689	1.675680273041676e-8
d165	0.005	1	phi	0.23739860927755593	1.3814313804142699e-8
d165	0.005	1	phi	0.266366591568392	1.0888754695706556e-8
d165	0.005	1	phi	0.29886901401039945	9.28008920950014e-9
d165	0.005	1	phi	0.33533636966402874	7.637088178330969e-9
d165	0.005	1	phi	0.3762531725804453	6.140901079489019e-9
d165	0.005	1	phi	0.4221605298354539	5.199058633344843e-9
d165	0.005	1	phi	0.47367243381911905	4.11646711298666e-9
d165	0.005	2	t1	7.629388473795709e-6	0.002189437501532525
d165	0.005	2	t1	1.525877694759142e-5	0.015552597016580346
d165	0.005	2	t1	2.2888165421387134e-5	0.00598988339349168
d165	0.005	2	t1	3.0517553895182842e-5	0.009858973365603263
d165	0.005	2	t1	3.814694236897854e-5	0.01255055568899554
d165	0.005	2	t1	4.577633084277418e-5	0.004737546717823402
d165	0.005	2	t1	5.340571931656997e-5	0.00910471591079216
d165	0.005	2	t1	6.10351077903657e-5	0.0059140621810182085
d165	0.005	2	t1	6.86644962641613e-5	0.010184737652203017
d165	0.005	2	t1	7.629388473795709e-5	0.003530311882595816
d165	0.005	2	t1	8.392327321175269e-5	0.0027578643193407427
d165	0.005	2	t1	9.529103149571589e-5	0.008944760968981615
d165	0.005	2	t1	0.00010681143863313985	0.00010625030118670502
d165	0.005	2	t1	0.00011819397800303034	0.016553388002389882
d165	0.005	2	t1	0.00013345979153336977	0.017999545719066944
d165	0.005	2	t1	0.0001487241608614854	0.021689184526119277
d165	0.005	2	t1	0.00016773086992482195	0.0060933187432725315
d165	0.005	2	t1	0.00019063293236353633	0.009951134260736063
d165	0.005	2	t1	0.00021353201256911329	0.005634543634254067
d165	0.005	2	t1	0.00023642897778077072	0.022492343347262758
d165	0.005	2	t1	0.0002630756059577625	0.00545508369133534
d165	0.005	2	t1	0.00029735037055581985	0.007683930831145143
d165	0.005	2	t1	0.00033551959004834276	0.017209284801523547
d165	0.005	2	t1	0.0003774297929274283	0.015143174227430606
d165	0.005	2	t1	0.0004232304713625064	0.012603471772806261
d165	0.005	2	t1	0.00047277581579931876	0.01049293721937913
d165	0.005	2	t1	0.000529954140682307	0.0114100728768458
d165	0.005	2	t1	0.0005947660315265448	0.013725199028995593
d165	0.005	2	t1	0.0006672115727191813	0.012288683465375259
d165	0.005	2	t1	0.0007510328933877064	0.01216726894951959
d165	0.005	2	t1	0.0008426357798242797	0.010862349254556808
d165	0.005	2	t1	0.000945469465562411	0.010872227453454045
d165	0.005	2	t1	0.0010637181906205887	0.010131113253344506
d165	0.005	2	t1	0.0011933427345577946	0.012011916927152503
d165	0.005	2	t1	0.001338234444659373	0.01173678904626171
d165	0.005	2	t1	0.0014983929255561702	0.009430395901561332
d165	0.005	2	t1	0.0016813062912522984	0.007569478573709671
d165	0.005	2	t1	0.0018872672594733926	0.007345369672040096
d165	0.005	2	t1	0.0021159825568989763	0.007582232067111007
d165	0.005	2	t1	0.0023752319840376667	0.006650814895854824
d165	0.005	2	t1	0.0026650158537247022	0.007493105189580141
d165	0.005	2	t1	0.002989077753483762	0.004567595138053754
d165	0.005	2	t1	0.0033550511129892243	0.004794269296876024
d165	0.005	2	t1	0.0037630823722051253	0.0052493875903045105
d165	0.005	2	t1	0.004220512937761092	0.003951869476686646
d165	0.005	2	t1	0.004735268427364398	0.0029793729592479676
d165	0.005	2	t1	0.00531468965810924	0.0027941183634649395
d165	0.005	2	t1	0.005966703895880201	0.003240155838944223
d165	0.005	2	t1	0.006691163505285742	0.0032074237281339
d165	0.005	2	t1	0.00750693386647431	0.0027115034523864105
d165	0.005	2	t1	0.008425831166491782	0.0029463265673504166
d165	0.005	2	t1	0.009451452182471384	0.0032088076781855825
d165	0.005	2	t1	0.010602808117072449	0.0034087452548077234
d165	0.005	2	t1	0.011899055913815891	0.002880788721128612
d165	0.005	2	t1	0.013351719421174534	0.0030417451088899424
d165	0.005	2	t1	0.014979662876172375	0.002740148461433342
d165	0.005	2	t1	0.016805933483363636	0.0019029816396008252
d165	0.005	2	t1	0.0188570292540463	0.002277988656025271
d165	0.005	2	t1	0.021159887502757043	0.0025346689489921894
d165	0.005	2	t1	0.023741006069205848	0.0023147157126704927
d165	0.005	2	t1	0.026638552998525435	0.0021381961874556888
d165	0.005	2	t1	0.029886952690767608	0.0023215592624840926
d165	0.005	2	t1	0.0335317139880143	0.0024461834102653067
d165	0.005	2	t1	0.03762641841208682	0.002356830598731837
d165	0.005	2	t1	0.042216867626638205	0.0019558553051926037
d165	0.005	2	t1	0.047367581161098446	0.002050541978905089
d165	0.005	2	t1	0.05314755428959493	0.0019260596454616892
d165	0.005	2	t1	0.05963268370222095	0.001871450240079781
d165	0.005	2	t1	0.06691097550584788	0.001899133461177733
d165	0.005	2	t1	0.07507374000353845	0.0017767212970498736
d165	0.005	2	t1	0.0842315912160045	0.001682401240194639
d165	0.005	2	t1	0.09451026390588896	0.0016544954722495487
d165	0.005	2	t1	0.10604341934190899	0.0015615491628420558
d165	0.005	2	t1	0.11898329021012795	0.001570137610036505
d165	0.005	2	t1	0.13350170578599946	0.0014762606987220146
d165	0.005	2	t1	0.14978906678461706	0.0014085336493969416
d165	0.005	2	t1	0.16806660120897057	0.0014409987957347474
d165	0.005	2	t1	0.18857454785745398	0.0013713192723019227
d165	0.005	2	t1	0.2115835334850689	0.0013334126942219809
d165	0.005	2	t1	0.23739860927755593	0.0012718260884732825
d165	0.005	2	t1	0.266366591568392	0.001252095306239919
d165	0.005	2	t1	0.29886901401039945	0.0012022085092869997
d165	0.005	2	t1	0.33533636966402874	0.0012288639397188383
d165	0.005	2	t1	0.3762531725804453	0.0011706978008597922
d165	0.005	2	t1	0.4221605298354539	0.0012710221318280375
d165	0.005	2	t1	0.47367243381911905	0.0011995429124688028
d165	0.005	2	phi	7.629388473795709e-6	0.18562820535190006
d165	0.005	2	phi	1.525877694759142e-5	0.0393158303570803
d165	0.005	2	phi	2.2888165421387134e-5	0.45271866802524224
d165	0.005	2	phi	3.0517553895182842e-5	0.37226783773453004
d165	0.005	2	phi	3.814694236897854e-5	0.22406633457392938
d165	0.005	2	phi	4.577633084277418e-5	0.33535833201745796
d165	0.005	2	phi	5.340571931656997e-5	0.3189669239559326
d165	0.005	2	phi	6.10351077903657e-5	0.10683162324473537
d165	0.005	2	phi	6.86644962641613e-5	0.20140917827059165
d165	0.005	2	phi	7.629388473795709e-5	0.12288993478558119
d165	0.005	2	phi	8.392327321175269e-5	0.08716623437443044
d165	0.005	2	phi	9.529103149571589e-5	0.05713893083808773
d165	0.005	2	phi	0.00010681143863313985	0.004808558555849446
d165	0.005	2	phi	0.00011819397800303034	0.04584053147664233
d165	0.005	2	phi	0.00013345979153336977	0.05178767238238666
d165	0.005	2	phi	0.0001487241608614854	0.03409345040366164
d165	0.005	2	phi	0.00016773086992482195	0.018179529103591715
d165	0.005	2	phi	0.00019063293236353633	0.013660186246373976
d165	0.005	2	phi	0.00021353201256911329	0.01322143582706281
d165	0.005	2	phi	0.00023642897778077072	0.01771526396747056
d165	0.005	2	phi	0.0002630756059577625	0.00679893034568162
d165	0.005	2	phi	0.00029735037055581985	0.007400072411054631
d165	0.005	2	phi	0.00033551959004834276	0.005969549395429575
d165	0.005	2	phi	0.0003774297929274283	0.004008313299344326
d165	0.005	2	phi	0.0004232304713625064	0.0018924107777566572
d165	0.005	2	phi	0.00047277581579931876	0.0024625086469535493
d165	0.005	2	phi	0.000529954140682307	0.0017291380581727683
d165	0.005	2	phi	0.0005947660315265448	0.0012438801172800604
d165	0.005	2	phi	0.0006672115727191813	0.0007565720395740831
d165	0.005	2	phi	0.0007510328933877064	0.00040674003985389926
d165	0.005	2	phi	0.0008426357798242797	0.00029248325593074866
d165	0.005	2	phi	0.000945469465562411	0.0003072964064490564
d165	0.005	2	phi	0.0010637181906205887	0.0002913531648683595
d165	0.005	2	phi	0.0011933427345577946	0.00035431560891402913
d165	0.005	2	phi	0.001338234444659373	0.00017360226056059455
d165	0.005	2	phi	0.0014983929255561702	0.00018696941477704633
d165	0.005	2	phi	0.0016813062912522984	0.00011581811209467567
d165	0.005	2	phi	0.0018872672594733926	8.296222686355288e-5
d165	0.005	2	phi	0.0021159825568989763	7.976052733234246e-5
d165	0.005	2	phi	0.0023752319840376667	6.746324335094402e-5
d165	0.005	2	phi	0.0026650158537247022	4.892199833536517e-5
d165	0.005	2	phi	0.002989077753483762	4.6085317510029726e-5
d165	0.005	2	phi	0.0033550511129892243	2.9593366172060426e-5
d165	0.005	2	phi	0.0037630823722051253	2.1210095953191653e-5
d165	0.005	2	phi	0.004220512937761092	1.56881804489023e-5
d165	0.005	2	phi	0.004735268427364398	1.6445306395865215e-5
d165	0.005	2	phi	0.00531468965810924	1.1387697122730988e-5
d165	0.005	2	phi	0.005966703895880201	9.010961318773523e-6
d165	0.005	2	phi	0.006691163505285742	7.65664496425325e-6
d165	0.005	2	phi	0.00750693386647431	6.1711472282761945e-6
d165	0.005	2	phi	0.008425831166491782	4.470680110544813e-6
d165	0.005	2	phi	0.009451452182471384	3.6886003033084327e-6
d165	0.005	2	phi	0.010602808117072449	3.3663184436275044e-6
d165	0.005	2	phi	0.011899055913815891	2.2217281821832736e-6
d165	0.005	2	phi	0.013351719421174534	1.988229497032543e-6
d165	0.005	2	phi	0.014979662876172375	1.476438381199872e-6
d165	0.005	2	phi	0.016805933483363636	1.2048490261272765e-6
d165	0.005	2	phi	0.0188570292540463	1.0228034044927246e-6
d165	0.005	2	phi	0.021159887502757043	7.632505697569965e-7
d165	0.005	2	phi	0.023741006069205848	5.792945916373791e-7
d165	0.005	2	phi	0.026638552998525435	4.787797205719189e-7
d165	0.005	2	phi	0.029886952690767608	3.93757866160453e-7
d165	0.005	2	phi	0.0335317139880143	3.0476011282504553e-7
d165	0.005	2	phi	0.03762641841208682	2.61349331903375e-7
d165	0.005	2	phi	0.042216867626638205	2.0338869599171552e-7
d165	0.005	2	phi	0.047367581161098446	1.5812399624363397e-7
d165	0.005	2	phi	0.05314755428959493	1.2908421854043263e-7
d165	0.005	2	phi	0.05963268370222095	1.0882499200316688e-7
d165	0.005	2	phi	0.06691097550584788	8.64500112179739e-8
d165	0.005	2	phi	0.07507374000353845	7.073041243007244e-8
d165	0.005	2	phi	0.0842315912160045	6.1031502679208e-8
d165	0.005	2	phi	0.09451026390588896	4.802467954801692e-8
d165	0.005	2	phi	0.10604341934190899	4.139186060213141e-8
d165	0.005	2	phi	0.11898329021012795	3.222570397946318e-8
d165	0.005	2	phi	0.13350170578599946	2.6612234469493517e-8
d165	0.005	2	phi	0.14978906678461706	2.2350308789349392e-8
d165	0.005	2	phi	0.16806660120897057	1.8307596351308243e-8
d165	0.005	2	phi	0.18857454785745398	1.4596342308098315e-8
d165	0.005	2	phi	0.2115835334850689	1.2297383198540707e-8
d165	0.005	2	phi	0.23739860927755593	1.0377639434901347e-8
d165	0.005	2	phi	0.266366591568392	8.509730581293767e-9
d165	0.005	2	phi	0.29886901401039945	7.179791125285351e-9
d165	0.005	2	phi	0.33533636966402874	5.75694951702889e-9
d165	0.005	2	phi	0.3762531725804453	4.807529034848595e-9
d165	0.005	2	phi	0.4221605298354539	4.043656067691866e-9
d165	0.005	2	phi	0.47367243381911905	3.3976783498353465e-9
d165	0.005	3	t1	7.629388473795709e-6	0.06082786784288991
d165	0.005	3	t1	1.525877694759142e-5	0.003980341514709842
d165	0.005	3	t1	2.2888165421387134e-5	0.013571296072770809
d165	0.005	3	t1	3.0517553895182842e-5	0.009687279636455352
d165	0.005	3	t1	3.814694236897854e-5	0.005641350959556872
d165	0.005	3	t1	4.577633084277418e-5	0.0006966201773254594
d165	0.005	3	t1	5.340571931656997e-5	0.0035499435727642673
d165	0.005	3	t1	6.10351077903657e-5	0.007078298648059343
d165	0.005	3	t1	6.86644962641613e-5	0.012471559990546313
d165	0.005	3	t1	7.629388473795709e-5	0.010817231883768041
d165	0.005	3	t1	8.392327321175269e-5	0.0036436470429346054
d165	0.005	3	t1	9.529103149571589e-5	0.0016904773202546537
d165	0.005	3	t1	0.00010681143863313985	0.0017202986741026028
d165	0.005	3	t1	0.00011819397800303034	0.0031881641366462415
d165	0.005	3	t1	0.00013345979153336977	0.005746042703098829
d165	0.005	3	t1	0.0001487241608614854	0.005016701488440615
d165	0.005	3	t1	0.00016773086992482195	0.0025294126251941143
d165	0.005	3	t1	0.00019063293236353633	0.010528199382368236
d165	0.005	3	t1	0.00021353201256911329	0.007079215482684733
d165	0.005	3	t1	0.00023642897778077072	0.012617755177369882
d165	0.005	3	t1	0.0002630756059577625	0.008180970210514867
d165	0.005	3	t1	0.00029735037055581985	0.005247212033377378
d165	0.005	3	t1	0.00033551959004834276	0.008550877451655257
d165	0.005	3	t1	0.0003774297929274283	0.0033285976414720252
d165	0.005	3	t1	0.0004232304713625064	0.005661915546282579
d165	0.005	3	t1	0.00047277581579931876	0.009635916381265217
d165	0.005	3	t1	0.000529954140682307	0.008515803765475708
d165	0.005	3	t1	0.0005947660315265448	0.005888066248551451
d165	0.005	3	t1	0.0006672115727191813	0.005557942067869174
d165	0.005	3	t1	0.0007510328933877064	0.005928101072763526
d165	0.005	3	t1	0.0008426357798242797	0.005722653225571948
d165	0.005	3	t1	0.000945469465562411	0.005078109174053685
d165	0.005	3	t1	0.0010637181906205887	0.00563466260874226
d165	0.005	3	t1	0.0011933427345577946	0.004504844845651674
d165	0.005	3	t1	0.001338234444659373	0.005452649661047979
d165	0.005	3	t1	0.0014983929255561702	0.0054540229148477256
d165	0.005	3	t1	0.0016813062912522984	0.005934985620079265
d165	0.005	3	t1	0.0018872672594733926	0.0039679944928626585
d165	0.005	3	t1	0.0021159825568989763	0.005215789515370209
d165	0.005	3	t1	0.0023752319840376667	0.005281327114167367
d165	0.005	3	t1	0.0026650158537247022	0.005133290312159728
d165	0.005	3	t1	0.002989077753483762	0.005673193036289692
d165	0.005	3	t1	0.0033550511129892243	0.0048358086968295026
d165	0.005	3	t1	0.0037630823722051253	0.00493260117996583
d165	0.005	3	t1	0.004220512937761092	0.0049842162814946085
d165	0.005	3	t1	0.004735268427364398	0.004228380238961479
d165	0.005	3	t1	0.00531468965810924	0.005323499129371706
d165	0.005	3	t1	0.005966703895880201	0.0034786974346623736
d165	0.005	3	t1	0.006691163505285742	0.003901325642091177
d165	0.005	3	t1	0.00750693386647431	0.003962502036669869
d165	0.005	3	t1	0.008425831166491782	0.003894022480624394
d165	0.005	3	t1	0.009451452182471384	0.003393028000397995
d165	0.005	3	t1	0.010602808117072449	0.004664085946087664
d165	0.005	3	t1	0.011899055913815891	0.003712034921013793
d165	0.005	3	t1	0.013351719421174534	0.004009019523649148
d165	0.005	3	t1	0.014979662876172375	0.00402572821136335
d165	0.005	3	t1	0.016805933483363636	0.0038458127112073943
d165	0.005	3	t1	0.0188570292540463	0.003158666152925157
d165	0.005	3	t1	0.021159887502757043	0.0035077224517467355
d165	0.005	3	t1	0.023741006069205848	0.0031479523319734117
d165	0.005	3	t1	0.026638552998525435	0.0032955850422684394
d165	0.005	3	t1	0.029886952690767608	0.0030707018541955974
d165	0.005	3	t1	0.0335317139880143	0.003281903344557461
d165	0.005	3	t1	0.03762641841208682	0.002715722905467685
d165	0.005	3	t1	0.042216867626638205	0.0026823032294006053
d165	0.005	3	t1	0.047367581161098446	0.00273301550792055
d165	0.005	3	t1	0.05314755428959493	0.0028238968719726094
d165	0.005	3	t1	0.05963268370222095	0.002538386046325068
d165	0.005	3	t1	0.06691097550584788	0.002476746467534587
d165	0.005	3	t1	0.07507374000353845	0.002419273249973686
d165	0.005	3	t1	0.0842315912160045	0.0025119315138719743
d165	0.005	3	t1	0.09451026390588896	0.0024586223475894205
d165	0.005	3	t1	0.10604341934190899	0.0023000824253388663
d165	0.005	3	t1	0.11898329021012795	0.0023171553994409426
d165	0.005	3	t1	0.13350170578599946	0.0020551606362311865
d165	0.005	3	t1	0.14978906678461706	0.002182587266272593
d165	0.005	3	t1	0.16806660120897057	0.0021133467772445685
d165	0.005	3	t1	0.18857454785745398	0.0019900235239521604
d165	0.005	3	t1	0.2115835334850689	0.0019081874078348225
d165	0.005	3	t1	0.23739860927755593	0.0017880864187993244
d165	0.005	3	t1	0.266366591568392	0.0017637972076336899
d165	0.005	3	t1	0.29886901401039945	0.001848915196411346
d165	0.005	3	t1	0.33533636966402874	0.0017316542992586897
d165	0.005	3	t1	0.3762531725804453	0.0017063688742502388
d165	0.005	3	t1	0.4221605298354539	0.0016326716417131356
d165	0.005	3	t1	0.47367243381911905	0.0016514757765266246
d165	0.005	3	phi	7.629388473795709e-6	11.367671788956427
d165	0.005	3	phi	1.525877694759142e-5	2.0468115823795014
d165	0.005	3	phi	2.2888165421387134e-5	3.3548122167293473
d165	0.005	3	phi	3.0517553895182842e-5	0.36937491070882733
d165	0.005	3	phi	3.814694236897854e-5	0.8460858682229825
d165	0.005	3	phi	4.577633084277418e-5	0.13409098234929864
d165	0.005	3	phi	5.340571931656997e-5	0.3559337802952454
d165	0.005	3	phi	6.10351077903657e-5	0.14104158472581177
d165	0.005	3	phi	6.86644962641613e-5	0.257997568429701
d165	0.005	3	phi	7.629388473795709e-5	0.18229320873314686
d165	0.005	3	phi	8.392327321175269e-5	0.057145650369051525
d165	0.005	3	phi	9.529103149571589e-5	0.10694075877911907
d165	0.005	3	phi	0.00010681143863313985	0.08760191250319045
d165	0.005	3	phi	0.00011819397800303034	0.03709614487734976
d165	0.005	3	phi	0.00013345979153336977	0.05650460480371813
d165	0.005	3	phi	0.0001487241608614854	0.022387407038157073
d165	0.005	3	phi	0.00016773086992482195	0.036115702112850645
d165	0.005	3	phi	0.00019063293236353633	0.044766756106568495
d165	0.005	3	phi	0.00021353201256911329	0.042334065507809264
d165	0.005	3	phi	0.00023642897778077072	0.027972101690427336
d165	0.005	3	phi	0.0002630756059577625	0.024819585675202056
d165	0.005	3	phi	0.00029735037055581985	0.00963592964915407
d165	0.005	3	phi	0.00033551959004834276	0.00892119800532679
d165	0.005	3	phi	0.0003774297929274283	0.006688117445524596
d165	0.005	3	phi	0.0004232304713625064	0.007933156826250471
d165	0.005	3	phi	0.00047277581579931876	0.0075098977152006936
d165	0.005	3	phi	0.000529954140682307	0.004251401517271604
d165	0.005	3	phi	0.0005947660315265448	0.0029474364744307615
d165	0.005	3	phi	0.0006672115727191813	0.002231187222729466
d165	0.005	3	phi	0.0007510328933877064	0.002465105870204188
d165	0.005	3	phi	0.0008426357798242797	0.0014517749656449504
d165	0.005	3	phi	0.000945469465562411	0.001002673663663647
d165	0.005	3	phi	0.0010637181906205887	0.0007863642083991904
d165	0.005	3	phi	0.0011933427345577946	0.0006788012122203004
d165	0.005	3	phi	0.001338234444659373	0.0005868957141609408
d165	0.005	3	phi	0.0014983929255561702	0.00051507114698033
d165	0.005	3	phi	0.0016813062912522984	0.0003112872416627351
d165	0.005	3	phi	0.0018872672594733926	0.00026317791701987775
d165	0.005	3	phi	0.0021159825568989763	0.00018614914829034144
d165	0.005	3	phi	0.0023752319840376667	0.00016898643819064445
d165	0.005	3	phi	0.0026650158537247022	0.00012541240622406153
d165	0.005	3	phi	0.002989077753483762	0.00010918253361499487
d165	0.005	3	phi	0.0033550511129892243	8.066518044828213e-5
d165	0.005	3	phi	0.0037630823722051253	5.926168884245384e-5
d165	0.005	3	phi	0.004220512937761092	4.719513827410351e-5
d165	0.005	3	phi	0.004735268427364398	4.06995556708864e-5
d165	0.005	3	phi	0.00531468965810924	3.0227844991610286e-5
d165	0.005	3	phi	0.005966703895880201	2.4338050657031358e-5
d165	0.005	3	phi	0.006691163505285742	1.8206276881360834e-5
d165	0.005	3	phi	0.00750693386647431	1.519674775674459e-5
d165	0.005	3	phi	0.008425831166491782	1.2087867843297847e-5
d165	0.005	3	phi	0.009451452182471384	9.910374746028254e-6
d165	0.005	3	phi	0.010602808117072449	7.400022659430632e-6
d165	0.005	3	phi	0.011899055913815891	6.2272158585054356e-6
d165	0.005	3	phi	0.013351719421174534	4.818130030672439e-6
d165	0.005	3	phi	0.014979662876172375	3.866377183850379e-6
d165	0.005	3	phi	0.016805933483363636	3.170508922357427e-6
d165	0.005	3	phi	0.0188570292540463	2.3856531632437527e-6
d165	0.005	3	phi	0.021159887502757043	1.8960442020188632e-6
d165	0.005	3	phi	0.023741006069205848	1.53969267918464e-6
d165	0.005	3	phi	0.026638552998525435	1.2660657701021259e-6
d165	0.005	3	phi	0.029886952690767608	9.578963081925477e-7
d165	0.005	3	phi	0.0335317139880143	7.797293562017156e-7
d165	0.005	3	phi	0.03762641841208682	6.27388514568238e-7
d165	0.005	3	phi	0.042216867626638205	4.876533677817796e-7
d165	0.005	3	phi	0.047367581161098446	3.919076519414263e-7
d165	0.005	3	phi	0.05314755428959493	3.238194532463912e-7
d165	0.005	3	phi	0.05963268370222095	2.5190993789846634e-7
d165	0.005	3	phi	0.06691097550584788	2.0102600595919208e-7
d165	0.005	3	phi	0.07507374000353845	1.6467710399234994e-7
d165	0.005	3	phi	0.0842315912160045	1.3151800467002205e-7
d165	0.005	3	phi	0.09451026390588896	1.0453188612762555e-7
d165	0.005	3	phi	0.10604341934190899	8.467763811024976e-8
d165	0.005	3	phi	0.11898329021012795	6.783069282056314e-8
d165	0.005	3	phi	0.13350170578599946	5.592743458880465e-8
d165	0.005	3	phi	0.14978906678461706	4.5038104610812594e-8
d165	0.005	3	phi	0.16806660120897057	3.542604637430647e-8
d165	0.005	3	phi	0.18857454785745398	2.9392954075850453e-8
d165	0.005	3	phi	0.2115835334850689	2.3346345382369043e-8
d165	0.005	3	phi	0.23739860927755593	1.9026109676428322e-8
d165	0.005	3	phi	0.266366591568392	1.543344072957627e-8
d165	0.005	3	phi	0.29886901401039945	1.2689086977193309e-8
d165	0.005	3	phi	0.33533636966402874	1.0363610457003072e-8
d165	0.005	3	phi	0.3762531725804453	8.604648808040267e-9
d165	0.005	3	phi	0.4221605298354539	6.8891632250346175e-9
d165	0.005	3	phi	0.47367243381911905	5.687738259131211e-9
d165	0.005	4	t1	7.629388473795709e-6	0.0013417546253307302
d165	0.005	4	t1	1.525877694759142e-5	0.01002064336023228
d165	0.005	4	t1	2.2888165421387134e-5	0.0028492826537187877
d165	0.005	4	t1	3.0517553895182842e-5	0.009090473127342475
d165	0.005	4	t1	3.814694236897854e-5	0.01023474379602463
d165	0.005	4	t1	4.577633084277418e-5	0.021154459404212532
d165	0.005	4	t1	5.340571931656997e-5	0.010259859486002148
d165	0.005	4	t1	6.10351077903657e-5	0.021821036807046775
d165	0.005	4	t1	6.86644962641613e-5	0.01577850661720295
d165	0.005	4	t1	7.629388473795709e-5	0.008463908789997901
d165	0.005	4	t1	8.392327321175269e-5	0.003381237484867297
d165	0.005	4	t1	9.529103149571589e-5	0.004162868318754314
d165	0.005	4	t1	0.00010681143863313985	0.007984804499880477
d165	0.005	4	t1	0.00011819397800303034	0.008409007674902522
d165	0.005	4	t1	0.00013345979153336977	0.008597763021653021
d165	0.005	4	t1	0.0001487241608614854	0.005856570056713405
d165	0.005	4	t1	0.00016773086992482195	0.012671983170745221
d165	0.005	4	t1	0.00019063293236353633	0.01647326000603567
d165	0.005	4	t1	0.00021353201256911329	0.013225615561876125
d165	0.005	4	t1	0.00023642897778077072	0.009013130054794793
d165	0.005	4	t1	0.0002630756059577625	0.01227752546658551
d165	0.005	4	t1	0.00029735037055581985	0.002808750875885603
d165	0.005	4	t1	0.00033551959004834276	0.0038413310585970507
d165	0.005	4	t1	0.0003774297929274283	0.008399455719878606
d165	0.005	4	t1	0.0004232304713625064	0.010538713883695304
d165	0.005	4	t1	0.00047277581579931876	0.007879640188740501
d165	0.005	4	t1	0.000529954140682307	0.0037889733908197908
d165	0.005	4	t1	0.0005947660315265448	0.008332638670663228
d165	0.005	4	t1	0.0006672115727191813	0.005435562865289699
d165	0.005	4	t1	0.0007510328933877064	0.00940079375230523
d165	0.005	4	t1	0.0008426357798242797	0.0055262628585588
d165	0.005	4	t1	0.000945469465562411	0.006485041264231667
d165	0.005	4	t1	0.0010637181906205887	0.004263824788548773
d165	0.005	4	t1	0.0011933427345577946	0.005797555716963886
d165	0.005	4	t1	0.001338234444659373	0.004848273953591676
d165	0.005	4	t1	0.0014983929255561702	0.003700263567689695
d165	0.005	4	t1	0.0016813062912522984	0.0036438101610536517
d165	0.005	4	t1	0.0018872672594733926	0.0034789357783939524
d165	0.005	4	t1	0.0021159825568989763	0.0033135021844707306
d165	0.005	4	t1	0.0023752319840376667	0.003752064670026835
d165	0.005	4	t1	0.0026650158537247022	0.0034668001327792485
d165	0.005	4	t1	0.002989077753483762	0.0038621563849966034
d165	0.005	4	t1	0.0033550511129892243	0.0038615666160465166
d165	0.005	4	t1	0.0037630823722051253	0.005144106776347268
d165	0.005	4	t1	0.004220512937761092	0.004614734260158074
d165	0.005	4	t1	0.004735268427364398	0.004158413894087068
d165	0.005	4	t1	0.00531468965810924	0.003318732257608004
d165	0.005	4	t1	0.005966703895880201	0.0036022700502551727
d165	0.005	4	t1	0.006691163505285742	0.003473084503982054
d165	0.005	4	t1	0.00750693386647431	0.0033353862320102475
d165	0.005	4	t1	0.008425831166491782	0.0035741758256706705
d165	0.005	4	t1	0.009451452182471384	0.0034881040187104448
d165	0.005	4	t1	0.010602808117072449	0.003905816621428007
d165	0.005	4	t1	0.011899055913815891	0.004004562472850736
d165	0.005	4	t1	0.013351719421174534	0.0032299391190875673
d165	0.005	4	t1	0.014979662876172375	0.003600281313950324
d165	0.005	4	t1	0.016805933483363636	0.003179949462407391
d165	0.005	4	t1	0.0188570292540463	0.002859037988968075
d165	0.005	4	t1	0.021159887502757043	0.0030170726956743293
d165	0.005	4	t1	0.023741006069205848	0.0030858588894666023
d165	0.005	4	t1	0.026638552998525435	0.0027141479784535206
d165	0.005	4	t1	0.029886952690767608	0.00262744085357264
d165	0.005	4	t1	0.0335317139880143	0.002681732138480354
d165	0.005	4	t1	0.03762641841208682	0.0027426592008765877
d165	0.005	4	t1	0.042216867626638205	0.0027208611019657967
d165	0.005	4	t1	0.047367581161098446	0.0024473173873774505
d165	0.005	4	t1	0.05314755428959493	0.0023878230971930924
d165	0.005	4	t1	0.05963268370222095	0.0024201176529551932
d165	0.005	4	t1	0.06691097550584788	0.00227932826109685
d165	0.005	4	t1	0.07507374000353845	0.002234224091154371
d165	0.005	4	t1	0.0842315912160045	0.0022023831074210335
d165	0.005	4	t1	0.09451026390588896	0.0021275742791043496
d165	0.005	4	t1	0.10604341934190899	0.0020900666012270215
d165	0.005	4	t1	0.11898329021012795	0.0021496462284916395
d165	0.005	4	t1	0.13350170578599946	0.0019454938151255304
d165	0.005	4	t1	0.14978906678461706	0.0018588114514338763
d165	0.005	4	t1	0.16806660120897057	0.0017698468493009684
d165	0.005	4	t1	0.18857454785745398	0.0017328011783992636
d165	0.005	4	t1	0.2115835334850689	0.0016866964414618537
d165	0.005	4	t1	0.23739860927755593	0.001600174314688049
d165	0.005	4	t1	0.266366591568392	0.001604919760191344
d165	0.005	4	t1	0.29886901401039945	0.0016564259450667742
d165	0.005	4	t1	0.33533636966402874	0.001513147410969568
d165	0.005	4	t1	0.3762531725804453	0.001500233265709327
d165	0.005	4	t1	0.4221605298354539	0.0016424828800072205
d165	0.005	4	t1	0.47367243381911905	0.00158858428271423
d165	0.005	4	phi	7.629388473795709e-6	2.2961918279866054
d165	0.005	4	phi	1.525877694759142e-5	3.403615865502078
d165	0.005	4	phi	2.2888165421387134e-5	1.1739767340705942
d165	0.005	4	phi	3.0517553895182842e-5	1.6102945222569311
d165	0.005	4	phi	3.814694236897854e-5	0.4192660307447461
d165	0.005	4	phi	4.577633084277418e-5	1.7612098917983035
d165	0.005	4	phi	5.340571931656997e-5	0.6981468588130416
d165	0.005	4	phi	6.10351077903657e-5	0.8023915513281914
d165	0.005	4	phi	6.86644962641613e-5	1.0517865555873294
d165	0.005	4	phi	7.629388473795709e-5	0.03855901936364996
d165	0.005	4	phi	8.392327321175269e-5	0.18873078375288976
d165	0.005	4	phi	9.529103149571589e-5	0.06378929844742835
d165	0.005	4	phi	0.00010681143863313985	0.696195295624076
d165	0.005	4	phi	0.00011819397800303034	0.10583704096702716
d165	0.005	4	phi	0.00013345979153336977	0.12236285671260669
d165	0.005	4	phi	0.0001487241608614854	0.028323733164255165
d165	0.005	4	phi	0.00016773086992482195	0.10165839677671544
d165	0.005	4	phi	0.00019063293236353633	0.037421156723949967
d165	0.005	4	phi	0.00021353201256911329	0.06870460142426088
d165	0.005	4	phi	0.00023642897778077072	0.020910646787795754
d165	0.005	4	phi	0.0002630756059577625	0.02285862866924792
d165	0.005	4	phi	0.00029735037055581985	0.013769537271485268
d165	0.005	4	phi	0.00033551959004834276	0.01473061360012239
d165	0.005	4	phi	0.0003774297929274283	0.009871385935886694
d165	0.005	4	phi	0.0004232304713625064	0.0076206553316147145
d165	0.005	4	phi	0.00047277581579931876	0.005177247892551704
d165	0.005	4	phi	0.000529954140682307	0.0043221632949967444
d165	0.005	4	phi	0.0005947660315265448	0.004393491881799726
d165	0.005	4	phi	0.0006672115727191813	0.0028249199534834167
d165	0.005	4	phi	0.0007510328933877064	0.001615762749507045
d165	0.005	4	phi	0.0008426357798242797	0.0017984758431106678
d165	0.005	4	phi	0.000945469465562411	0.0014015878710735797
d165	0.005	4	phi	0.0010637181906205887	0.0010751794351697816
d165	0.005	4	phi	0.0011933427345577946	0.0008935574346526744
d165	0.005	4	phi	0.001338234444659373	0.0006880928420739965
d165	0.005	4	phi	0.0014983929255561702	0.00047059906586373096
d165	0.005	4	phi	0.0016813062912522984	0.0003857682557318425
d165	0.005	4	phi	0.0018872672594733926	0.00026177499138602166
d165	0.005	4	phi	0.0021159825568989763	0.00020999200655749054
d165	0.005	4	phi	0.0023752319840376667	0.00019381650393576148
d165	0.005	4	phi	0.0026650158537247022	0.00015879589112821366
d165	0.005	4	phi	0.002989077753483762	9.11002713203521e-5
d165	0.005	4	phi	0.0033550511129892243	9.17491599976061e-5
d165	0.005	4	phi	0.0037630823722051253	7.309377937162076e-5
d165	0.005	4	phi	0.004220512937761092	5.271759058246985e-5
d165	0.005	4	phi	0.004735268427364398	4.0541763385339775e-5
d165	0.005	4	phi	0.00531468965810924	3.2117110242037556e-5
d165	0.005	4	phi	0.005966703895880201	2.7943236260146172e-5
d165	0.005	4	phi	0.006691163505285742	2.2351058922553722e-5
d165	0.005	4	phi	0.00750693386647431	1.741434056763056e-5
d165	0.005	4	phi	0.008425831166491782	1.5623717269289406e-5
d165	0.005	4	phi	0.009451452182471384	1.0961961837487405e-5
d165	0.005	4	phi	0.010602808117072449	8.91807174536892e-6
d165	0.005	4	phi	0.011899055913815891	6.89088205848089e-6
d165	0.005	4	phi	0.013351719421174534	5.277075262863607e-6
d165	0.005	4	phi	0.014979662876172375	4.299810984903311e-6
d165	0.005	4	phi	0.016805933483363636	3.519533533854226e-6
d165	0.005	4	phi	0.0188570292540463	2.6774965961060398e-6
d165	0.005	4	phi	0.021159887502757043	2.224615910240838e-6
d165	0.005	4	phi	0.023741006069205848	1.710931488577346e-6
d165	0.005	4	phi	0.026638552998525435	1.406409956907489e-6
d165	0.005	4	phi	0.029886952690767608	1.0860805498365068e-6
d165	0.005	4	phi	0.0335317139880143	8.879034442753245e-7
d165	0.005	4	phi	0.03762641841208682	6.776289988268928e-7
d165	0.005	4	phi	0.042216867626638205	5.557819718992707e-7
d165	0.005	4	phi	0.047367581161098446	4.420587990275375e-7
d165	0.005	4	phi	0.05314755428959493	3.5623753129877383e-7
d165	0.005	4	phi	0.05963268370222095	2.7844965860241405e-7
d165	0.005	4	phi	0.06691097550584788	2.2278729982294433e-7
d165	0.005	4	phi	0.07507374000353845	1.7449350432608728e-7
d165	0.005	4	phi	0.0842315912160045	1.4475404585482976e-7
d165	0.005	4	phi	0.09451026390588896	1.1387972808437347e-7
d165	0.005	4	phi	0.10604341934190899	9.140526422704253e-8
d165	0.005	4	phi	0.11898329021012795	7.343522174974183e-8
d165	0.005	4	phi	0.13350170578599946	6.032904988973236e-8
d165	0.005	4	phi	0.14978906678461706	4.6578060743486506e-8
d165	0.005	4	phi	0.16806660120897057	3.82310020200667e-8
d165	0.005	4	phi	0.18857454785745398	3.040768556257984e-8
d165	0.005	4	phi	0.2115835334850689	2.4887633298949227e-8
d165	0.005	4	phi	0.23739860927755593	1.959974502340658e-8
d165	0.005	4	phi	0.266366591568392	1.59796802846806e-8
d165	0.005	4	phi	0.29886901401039945	1.2940211038389176e-8
d165	0.005	4	phi	0.33533636966402874	1.0727020138220676e-8
d165	0.005	4	phi	0.3762531725804453	8.43125343565626e-9
d165	0.005	4	phi	0.4221605298354539	6.981509239702038e-9
d165	0.005	4	phi	0.47367243381911905	5.73265904968377e-9
d165	0.005	5	t1	7.629388473795709e-6	0.07569586145333504
d165	0.005	5	t1	1.525877694759142e-5	0.02246495525676249
d165	0.005	5	t1	2.2888165421387134e-5	0.037512574497138754
d165	0.005	5	t1	3.0517553895182842e-5	0.046472340300015264
d165	0.005	5	t1	3.814694236897854e-5	0.015657205170687978
d165	0.005	5	t1	4.577633084277418e-5	0.03364628232869363
d165	0.005	5	t1	5.340571931656997e-5	0.020421713947808357
d165	0.005	5	t1	6.10351077903657e-5	0.03042954408972106
d165	0.005	5	t1	6.86644962641613e-5	0.021718830923144323
d165	0.005	5	t1	7.629388473795709e-5	0.006690136136238579
d165	0.005	5	t1	8.392327321175269e-5	0.003416047026254341
d165	0.005	5	t1	9.529103149571589e-5	0.002623388389463974
d165	0.005	5	t1	0.00010681143863313985	0.016203048702712906
d165	0.005	5	t1	0.00011819397800303034	0.0016107571576924854
d165	0.005	5	t1	0.00013345979153336977	0.001950458649044471
d165	0.005	5	t1	0.0001487241608614854	0.006889992433430688
d165	0.005	5	t1	0.00016773086992482195	0.007695836682451017
d165	0.005	5	t1	0.00019063293236353633	0.009225913591000938
d165	0.005	5	t1	0.00021353201256911329	0.004876564017949689
d165	0.005	5	t1	0.00023642897778077072	0.014339357940912975
d165	0.005	5	t1	0.0002630756059577625	0.005790499497888017
d165	0.005	5	t1	0.00029735037055581985	0.007999589408667905
d165	0.005	5	t1	0.00033551959004834276	0.005207087323166183
d165	0.005	5	t1	0.0003774297929274283	0.007050639945230964
d165	0.005	5	t1	0.0004232304713625064	0.01338088116963506
d165	0.005	5	t1	0.00047277581579931876	0.0052485465413513056
d165	0.005	5	t1	0.000529954140682307	0.00788441907140082
d165	0.005	5	t1	0.0005947660315265448	0.010369298937092066
d165	0.005	5	t1	0.0006672115727191813	0.008604395297516044
d165	0.005	5	t1	0.0007510328933877064	0.010249496623011176
d165	0.005	5	t1	0.0008426357798242797	0.008567348733411176
d165	0.005	5	t1	0.000945469465562411	0.0067093935763805025
d165	0.005	5	t1	0.0010637181906205887	0.006946137755857998
d165	0.005	5	t1	0.0011933427345577946	0.006465861619581207
d165	0.005	5	t1	0.001338234444659373	0.006659495931109559
d165	0.005	5	t1	0.0014983929255561702	0.005625665833907728
d165	0.005	5	t1	0.0016813062912522984	0.010387397394060303
d165	0.005	5	t1	0.0018872672594733926	0.008001121968786504
d165	0.005	5	t1	0.0021159825568989763	0.0065960775123569074
d165	0.005	5	t1	0.0023752319840376667	0.008382055455734207
d165	0.005	5	t1	0.0026650158537247022	0.007915985689901196
d165	0.005	5	t1	0.002989077753483762	0.007329607010545904
d165	0.005	5	t1	0.0033550511129892243	0.0063539977459717125
d165	0.005	5	t1	0.0037630823722051253	0.006337638647134809
d165	0.005	5	t1	0.004220512937761092	0.007448576601506076
d165	0.005	5	t1	0.004735268427364398	0.00638637761705173
d165	0.005	5	t1	0.00531468965810924	0.005506140184916561
d165	0.005	5	t1	0.005966703895880201	0.005828867029701061
d165	0.005	5	t1	0.006691163505285742	0.005357876619431766
d165	0.005	5	t1	0.00750693386647431	0.006900264535491182
d165	0.005	5	t1	0.008425831166491782	0.005004406894600425
d165	0.005	5	t1	0.009451452182471384	0.004840122149141484
d165	0.005	5	t1	0.010602808117072449	0.005193212885688507
d165	0.005	5	t1	0.011899055913815891	0.005072350720135191
d165	0.005	5	t1	0.013351719421174534	0.0046720886564537755
d165	0.005	5	t1	0.014979662876172375	0.004123785285044671
d165	0.005	5	t1	0.016805933483363636	0.004243758832925885
d165	0.005	5	t1	0.0188570292540463	0.0038006320738976614
d165	0.005	5	t1	0.021159887502757043	0.0033741989882622335
d165	0.005	5	t1	0.023741006069205848	0.003654138937660731
d165	0.005	5	t1	0.026638552998525435	0.0030987551283939603
d165	0.005	5	t1	0.029886952690767608	0.003005995705264916
d165	0.005	5	t1	0.0335317139880143	0.0031986466476266575
d165	0.005	5	t1	0.03762641841208682	0.0030381425705043705
d165	0.005	5	t1	0.042216867626638205	0.0029807927017804566
d165	0.005	5	t1	0.047367581161098446	0.0027006818709709762
d165	0.005	5	t1	0.05314755428959493	0.0027404786127072224
d165	0.005	5	t1	0.05963268370222095	0.0024572765027215926
d165	0.005	5	t1	0.06691097550584788	0.0022211358714304035
d165	0.005	5	t1	0.07507374000353845	0.0022725934402830802
d165	0.005	5	t1	0.0842315912160045	0.00242671305187143
d165	0.005	5	t1	0.09451026390588896	0.0022242496316685193
d165	0.005	5	t1	0.10604341934190899	0.0022228580700357917
d165	0.005	5	t1	0.11898329021012795	0.0022257930123981556
d165	0.005	5	t1	0.13350170578599946	0.002261795325343711
d165	0.005	5	t1	0.14978906678461706	0.002038937919312482
d165	0.005	5	t1	0.16806660120897057	0.0019701843864759288
d165	0.005	5	t1	0.18857454785745398	0.0019822637392737734
d165	0.005	5	t1	0.2115835334850689	0.001870565222833362
d165	0.005	5	t1	0.23739860927755593	0.001790016681095359
d165	0.005	5	t1	0.266366591568392	0.0019134703592243658
d165	0.005	5	t1	0.29886901401039945	0.0018102901694491034
d165	0.005	5	t1	0.33533636966402874	0.0016766783523928235
d165	0.005	5	t1	0.3762531725804453	0.0017430790129101814
d165	0.005	5	t1	0.4221605298354539	0.0018421634209663928
d165	0.005	5	t1	0.47367243381911905	0.0017513495130288353
d165	0.005	5	phi	7.629388473795709e-6	4.279166865604875
d165	0.005	5	phi	1.525877694759142e-5	1.5453241227933425
d165	0.005	5	phi	2.2888165421387134e-5	0.8697652283226942
d165	0.005	5	phi	3.0517553895182842e-5	1.215716902809659
d165	0.005	5	phi	3.814694236897854e-5	0.4953816877124697
d165	0.005	5	phi	4.577633084277418e-5	0.19077369491060447
d165	0.005	5	phi	5.340571931656997e-5	0.053182873819864675
d165	0.005	5	phi	6.10351077903657e-5	0.16865898129517098
d165	0.005	5	phi	6.86644962641613e-5	0.20232483423986644
d165	0.005	5	phi	7.629388473795709e-5	0.08720169838436904
d165	0.005	5	phi	8.392327321175269e-5	0.12764644211670498
d165	0.005	5	phi	9.529103149571589e-5	0.11979778245065599
d165	0.005	5	phi	0.00010681143863313985	0.06042362909713651
d165	0.005	5	phi	0.00011819397800303034	0.11296672703998267
d165	0.005	5	phi	0.00013345979153336977	0.051757833496065206
d165	0.005	5	phi	0.0001487241608614854	0.02389719036883016
d165	0.005	5	phi	0.00016773086992482195	0.03663019054763523
d165	0.005	5	phi	0.00019063293236353633	0.008561003937295574
d165	0.005	5	phi	0.00021353201256911329	0.02865079672537151
d165	0.005	5	phi	0.00023642897778077072	0.02385153190013943
d165	0.005	5	phi	0.0002630756059577625	0.009937358346446629
d165	0.005	5	phi	0.00029735037055581985	0.0071674164568769
d165	0.005	5	phi	0.00033551959004834276	0.003490999189481773
d165	0.005	5	phi	0.0003774297929274283	0.004310090121033605
d165	0.005	5	phi	0.0004232304713625064	0.0052975702300889875
d165	0.005	5	phi	0.00047277581579931876	0.00427689857939188
d165	0.005	5	phi	0.000529954140682307	0.0018097621408493163
d165	0.005	5	phi	0.0005947660315265448	0.0024789182046616887
d165	0.005	5	phi	0.0006672115727191813	0.002066865824133378
d165	0.005	5	phi	0.0007510328933877064	0.0015430712105818907
d165	0.005	5	phi	0.0008426357798242797	0.0015169400137279541
d165	0.005	5	phi	0.000945469465562411	0.0008794058375983449
d165	0.005	5	phi	0.0010637181906205887	0.000549279096679135
d165	0.005	5	phi	0.0011933427345577946	0.0005297744754567027
d165	0.005	5	phi	0.001338234444659373	0.0004918315628635704
d165	0.005	5	phi	0.0014983929255561702	0.0002717766684049195
d165	0.005	5	phi	0.0016813062912522984	0.00028210430287325006
d165	0.005	5	phi	0.0018872672594733926	0.00022725543525812646
d165	0.005	5	phi	0.0021159825568989763	0.00013278779625504718
d165	0.005	5	phi	0.0023752319840376667	0.0001254209327015408
d165	0.005	5	phi	0.0026650158537247022	9.650435717963499e-5
d165	0.005	5	phi	0.002989077753483762	6.945297617868098e-5
d165	0.005	5	phi	0.0033550511129892243	6.274438068056333e-5
d165	0.005	5	phi	0.0037630823722051253	4.871542967075323e-5
d165	0.005	5	phi	0.004220512937761092	3.659265455667064e-5
d165	0.005	5	phi	0.004735268427364398	3.055858944109922e-5
d165	0.005	5	phi	0.00531468965810924	2.244412378928922e-5
d165	0.005	5	phi	0.005966703895880201	1.73493356809764e-5
d165	0.005	5	phi	0.006691163505285742	1.5076271522808014e-5
d165	0.005	5	phi	0.00750693386647431	1.0580329787492766e-5
d165	0.005	5	phi	0.008425831166491782	7.773575285896208e-6
d165	0.005	5	phi	0.009451452182471384	6.502305392731293e-6
d165	0.005	5	phi	0.010602808117072449	5.40973377229264e-6
d165	0.005	5	phi	0.011899055913815891	4.337149089029177e-6
d165	0.005	5	phi	0.013351719421174534	3.170683838785288e-6
d165	0.005	5	phi	0.014979662876172375	2.6746736222237897e-6
d165	0.005	5	phi	0.016805933483363636	2.2603237368942274e-6
d165	0.005	5	phi	0.0188570292540463	1.7670078208641417e-6
d165	0.005	5	phi	0.021159887502757043	1.299591408916681e-6
d165	0.005	5	phi	0.023741006069205848	1.0973412046583456e-6
d165	0.005	5	phi	0.026638552998525435	9.195632072976476e-7
d165	0.005	5	phi	0.029886952690767608	7.567891486410223e-7
d165	0.005	5	phi	0.0335317139880143	5.660776790347643e-7
d165	0.005	5	phi	0.03762641841208682	4.4882183058725714e-7
d165	0.005	5	phi	0.042216867626638205	3.787854692349744e-7
d165	0.005	5	phi	0.047367581161098446	2.8883820324282617e-7
d165	0.005	5	phi	0.05314755428959493	2.3564175170587897e-7
d165	0.005	5	phi	0.05963268370222095	1.8675095706361694e-7
d165	0.005	5	phi	0.06691097550584788	1.4901999550901553e-7
d165	0.005	5	phi	0.07507374000353845	1.2345997141787695e-7
d165	0.005	5	phi	0.0842315912160045	1.046291951037693e-7
d165	0.005	5	phi	0.09451026390588896	7.676207519027092e-8
d165	0.005	5	phi	0.10604341934190899	6.306408086568268e-8
d165	0.005	5	phi	0.11898329021012795	5.2421758562400396e-8
d165	0.005	5	phi	0.13350170578599946	4.1381711147007396e-8
d165	0.005	5	phi	0.14978906678461706	3.333725972251148e-8
d165	0.005	5	phi	0.16806660120897057	2.78056727691082e-8
d165	0.005	5	phi	0.18857454785745398	2.2728905012270097e-8
d165	0.005	5	phi	0.2115835334850689	1.864312834077947e-8
d165	0.005	5	phi	0.23739860927755593	1.5754953362509755e-8
d165	0.005	5	phi	0.266366591568392	1.253851338247795e-8
d165	0.005	5	phi	0.29886901401039945	1.0217825333981383e-8
d165	0.005	5	phi	0.33533636966402874	8.31543852809048e-9
d165	0.005	5	phi	0.3762531725804453	6.951542000163057e-9
d165	0.005	5	phi	0.4221605298354539	5.6622583299706504e-9
d165	0.005	5	phi	0.47367243381911905	4.73952239886009e-9
d165	0.01	1	t1	7.629388473795709e-6	0.5829573397827947
d165	0.01	1	t1	1.525877694759142e-5	0.6515354813520131
d165	0.01	1	t1	2.2888165421387134e-5	0.09689938228551544
d165	0.01	1	t1	3.0517553895182842e-5	0.07183699414197213
d165	0.01	1	t1	3.814694236897854e-5	0.051720471235063396
d165	0.01	1	t1	4.577633084277418e-5	0.1658982281194179
d165	0.01	1	t1	5.340571931656997e-5	0.20173476207063923
d165	0.01	1	t1	6.10351077903657e-5	0.09490969164260818
d165	0.01	1	t1	6.86644962641613e-5	0.18878046915272667
d165	0.01	1	t1	7.629388473795709e-5	0.04056449397863651
d165	0.01	1	t1	8.392327321175269e-5	0.008058343274242178
d165	0.01	1	t1	9.529103149571589e-5	0.059543968045589736
d165	0.01	1	t1	0.00010681143863313985	0.23631907682207057
d165	0.01	1	t1	0.00011819397800303034	0.026392926538129316
d165	0.01	1	t1	0.00013345979153336977	0.06961879908221588
d165	0.01	1	t1	0.0001487241608614854	0.030152910995526146
d165	0.01	1	t1	0.00016773086992482195	0.05029212913100819
d165	0.01	1	t1	0.00019063293236353633	0.11271892049063048
d165	0.01	1	t1	0.00021353201256911329	0.1011802048836254
d165	0.01	1	t1	0.00023642897778077072	0.03361592918934152
d165	0.01	1	t1	0.0002630756059577625	0.08120159789578815
d165	0.01	1	t1	0.00029735037055581985	0.04881871851769842
d165	0.01	1	t1	0.00033551959004834276	0.02738918646570876
d165	0.01	1	t1	0.0003774297929274283	0.06054347917999916
d165	0.01	1	t1	0.0004232304713625064	0.04772009469869509
d165	0.01	1	t1	0.00047277581579931876	0.04786245453490396
d165	0.01	1	t1	0.000529954140682307	0.0677631527147777
d165	0.01	1	t1	0.0005947660315265448	0.026263578762751715
d165	0.01	1	t1	0.0006672115727191813	0.06478494034825029
d165	0.01	1	t1	0.0007510328933877064	0.05925694534094692
d165	0.01	1	t1	0.0008426357798242797	0.06570094199547691
d165	0.01	1	t1	0.000945469465562411	0.04766287242034755
d165	0.01	1	t1	0.0010637181906205887	0.09906517625239858
d165	0.01	1	t1	0.0011933427345577946	0.06376143075649826
d165	0.01	1	t1	0.001338234444659373	0.11147895233246179
d165	0.01	1	t1	0.0014983929255561702	0.05992859414875304
d165	0.01	1	t1	0.0016813062912522984	0.09490668676809469
d165	0.01	1	t1	0.0018872672594733926	0.10432253912551018
d165	0.01	1	t1	0.0021159825568989763	0.07848223687177404
d165	0.01	1	t1	0.0023752319840376667	0.08627061467830006
d165	0.01	1	t1	0.0026650158537247022	0.1134715413735647
d165	0.01	1	t1	0.002989077753483762	0.08432707134849968
d165	0.01	1	t1	0.0033550511129892243	0.0857501714320456
d165	0.01	1	t1	0.0037630823722051253	0.05057969385230354
d165	0.01	1	t1	0.004220512937761092	0.08627238665365143
d165	0.01	1	t1	0.004735268427364398	0.05985897659669916
d165	0.01	1	t1	0.00531468965810924	0.07635428596512309
d165	0.01	1	t1	0.005966703895880201	0.08029440881313497
d165	0.01	1	t1	0.006691163505285742	0.07939559359730905
d165	0.01	1	t1	0.00750693386647431	0.06723772767555093
d165	0.01	1	t1	0.008425831166491782	0.060561121140737605
d165	0.01	1	t1	0.009451452182471384	0.07741903348406846
d165	0.01	1	t1	0.010602808117072449	0.06768887772516899
d165	0.01	1	t1	0.011899055913815891	0.06688193741251443
d165	0.01	1	t1	0.013351719421174534	0.06451794327478363
d165	0.01	1	t1	0.014979662876172375	0.0641370984938645
d165	0.01	1	t1	0.016805933483363636	0.06310127538463678
d165	0.01	1	t1	0.0188570292540463	0.06608610770719749
d165	0.01	1	t1	0.021159887502757043	0.06264562278573484
d165	0.01	1	t1	0.023741006069205848	0.06382860626443933
d165	0.01	1	t1	0.026638552998525435	0.05480684408229537
d165	0.01	1	t1	0.029886952690767608	0.05885471988817823
d165	0.01	1	t1	0.0335317139880143	0.0626253017410249
d165	0.01	1	t1	0.03762641841208682	0.06101001440676227
d165	0.01	1	t1	0.042216867626638205	0.05472561120327517
d165	0.01	1	t1	0.047367581161098446	0.0515281387680569
d165	0.01	1	t1	0.05314755428959493	0.04988498020775586
d165	0.01	1	t1	0.05963268370222095	0.05157322933647155
d165	0.01	1	t1	0.06691097550584788	0.051866824398243395
d165	0.01	1	t1	0.07507374000353845	0.04926396230190956
d165	0.01	1	t1	0.0842315912160045	0.043004648503146926
d165	0.01	1	t1	0.09451026390588896	0.041458930995475915
d165	0.01	1	t1	0.10604341934190899	0.042506830453302995
d165	0.01	1	t1	0.11898329021012795	0.03834071023108125
d165	0.01	1	t1	0.13350170578599946	0.03801158827303249
d165	0.01	1	t1	0.14978906678461706	0.03563998398839063
d165	0.01	1	t1	0.16806660120897057	0.03544817001730439
d165	0.01	1	t1	0.18857454785745398	0.03354172991122803
d165	0.01	1	t1	0.2115835334850689	0.03240283791490488
d165	0.01	1	t1	0.23739860927755593	0.031500643254794555
d165	0.01	1	t1	0.266366591568392	0.03120879910791345
d165	0.01	1	t1	0.29886901401039945	0.03014584213184302
d165	0.01	1	t1	0.33533636966402874	0.029355595011573934
d165	0.01	1	t1	0.3762531725804453	0.027919323900227066
d165	0.01	1	t1	0.4221605298354539	0.027586627575202385
d165	0.01	1	t1	0.47367243381911905	0.02721204598783098
d165	0.01	1	phi	7.629388473795709e-6	1.5988679122060496
d165	0.01	1	phi	1.525877694759142e-5	0.6619137691151822
d165	0.01	1	phi	2.2888165421387134e-5	0.41816603865684143
d165	0.01	1	phi	3.0517553895182842e-5	0.8126959414781919
d165	0.01	1	phi	3.814694236897854e-5	0.4155405713732059
d165	0.01	1	phi	4.577633084277418e-5	0.6689132614953986
d165	0.01	1	phi	5.340571931656997e-5	0.6289066553451756
d165	0.01	1	phi	6.10351077903657e-5	1.3262734760966377
d165	0.01	1	phi	6.86644962641613e-5	0.20076964032050318
d165	0.01	1	phi	7.629388473795709e-5	0.027787243489103195
d165	0.01	1	phi	8.392327321175269e-5	0.0674034572802004
d165	0.01	1	phi	9.529103149571589e-5	0.4186326998544605
d165	0.01	1	phi	0.00010681143863313985	0.31336596823699125
d165	0.01	1	phi	0.00011819397800303034	0.1689667981735783
d165	0.01	1	phi	0.00013345979153336977	0.08736753083806997
d165	0.01	1	phi	0.0001487241608614854	0.2701820198760353
d165	0.01	1	phi	0.00016773086992482195	0.07351113812706345
d165	0.01	1	phi	0.00019063293236353633	0.133559486796581
d165	0.01	1	phi	0.00021353201256911329	0.11432169775797303
d165	0.01	1	phi	0.00023642897778077072	0.048407352431506366
d165	0.01	1	phi	0.0002630756059577625	0.07574557341273772
d165	0.01	1	phi	0.00029735037055581985	0.06632320342091928
d165	0.01	1	phi	0.00033551959004834276	0.05219355807370949
d165	0.01	1	phi	0.0003774297929274283	0.06141024397994308
d165	0.01	1	phi	0.0004232304713625064	0.08019579142599605
d165	0.01	1	phi	0.00047277581579931876	0.02495148658821012
d165	0.01	1	phi	0.000529954140682307	0.06236799449909791
d165	0.01	1	phi	0.0005947660315265448	0.04576487930555657
d165	0.01	1	phi	0.0006672115727191813	0.027020893738769335
d165	0.01	1	phi	0.0007510328933877064	0.026974682798928885
d165	0.01	1	phi	0.0008426357798242797	0.027558908393677615
d165	0.01	1	phi	0.000945469465562411	0.01924054633070651
d165	0.01	1	phi	0.0010637181906205887	0.02626043854587828
d165	0.01	1	phi	0.0011933427345577946	0.012583406339228227
d165	0.01	1	phi	0.001338234444659373	0.012653456006495572
d165	0.01	1	phi	0.0014983929255561702	0.007183041240176374
d165	0.01	1	phi	0.0016813062912522984	0.006983753388553619
d165	0.01	1	phi	0.0018872672594733926	0.005245921233417229
d165	0.01	1	phi	0.0021159825568989763	0.0033191939997747675
d165	0.01	1	phi	0.0023752319840376667	0.0026044469787090186
d165	0.01	1	phi	0.0026650158537247022	0.0022597705871685494
d165	0.01	1	phi	0.002989077753483762	0.0014837675070062725
d165	0.01	1	phi	0.0033550511129892243	0.0011024168600273871
d165	0.01	1	phi	0.0037630823722051253	0.0006351138189641464
d165	0.01	1	phi	0.004220512937761092	0.0006358531758071716
d165	0.01	1	phi	0.004735268427364398	0.00032532529304577374
d165	0.01	1	phi	0.00531468965810924	0.00030241890313747484
d165	0.01	1	phi	0.005966703895880201	0.00020248969643184186
d165	0.01	1	phi	0.006691163505285742	0.0001856660206423104
d165	0.01	1	phi	0.00750693386647431	0.00010431117388639884
d165	0.01	1	phi	0.008425831166491782	8.697131421527136e-5
d165	0.01	1	phi	0.009451452182471384	6.26346397590462e-5
d165	0.01	1	phi	0.010602808117072449	4.1796694794018195e-5
d165	0.01	1	phi	0.011899055913815891	3.1036815973986376e-5
d165	0.01	1	phi	0.013351719421174534	2.798173398831902e-5
d165	0.01	1	phi	0.014979662876172375	1.9273093637476133e-5
d165	0.01	1	phi	0.016805933483363636	1.4238958132601248e-5
d165	0.01	1	phi	0.0188570292540463	1.1281615801698795e-5
d165	0.01	1	phi	0.021159887502757043	9.18691197570646e-6
d165	0.01	1	phi	0.023741006069205848	7.075043707643023e-6
d165	0.01	1	phi	0.026638552998525435	5.685891989400976e-6
d165	0.01	1	phi	0.029886952690767608	5.0511628439290884e-6
d165	0.01	1	phi	0.0335317139880143	3.891294161478342e-6
d165	0.01	1	phi	0.03762641841208682	3.2187795120721166e-6
d165	0.01	1	phi	0.042216867626638205	2.430187355587054e-6
d165	0.01	1	phi	0.047367581161098446	2.1227256193585146e-6
d165	0.01	1	phi	0.05314755428959493	1.7008145713515815e-6
d165	0.01	1	phi	0.05963268370222095	1.5381651439453216e-6
d165	0.01	1	phi	0.06691097550584788	1.2185837931080266e-6
d165	0.01	1	phi	0.07507374000353845	1.080649045195389e-6
d165	0.01	1	phi	0.0842315912160045	9.459830374124975e-7
d165	0.01	1	phi	0.09451026390588896	8.149004448366296e-7
d165	0.01	1	phi	0.10604341934190899	6.539783503720583e-7
d165	0.01	1	phi	0.11898329021012795	5.727496529850559e-7
d165	0.01	1	phi	0.13350170578599946	4.7072488772486874e-7
d165	0.01	1	phi	0.14978906678461706	3.6110265330428606e-7
d165	0.01	1	phi	0.16806660120897057	2.963330398587627e-7
d165	0.01	1	phi	0.18857454785745398	2.485559960407671e-7
d165	0.01	1	phi	0.2115835334850689	2.0816281529206416e-7
d165	0.01	1	phi	0.23739860927755593	1.6670203818932598e-7
d165	0.01	1	phi	0.266366591568392	1.393425535637989e-7
d165	0.01	1	phi	0.29886901401039945	1.1322911223618571e-7
d165	0.01	1	phi	0.33533636966402874	9.481116123413267e-8
d165	0.01	1	phi	0.3762531725804453	7.968435818567304e-8
d165	0.01	1	phi	0.4221605298354539	6.554151020092401e-8
d165	0.01	1	phi	0.47367243381911905	5.3736853041409716e-8
d165	0.01	2	t1	7.629388473795709e-6	1.793337841430113
d165	0.01	2	t1	1.525877694759142e-5	0.6270089892263644
d165	0.01	2	t1	2.2888165421387134e-5	0.6745325841564136
d165	0.01	2	t1	3.0517553895182842e-5	0.5662333482288427
d165	0.01	2	t1	3.814694236897854e-5	0.10281574962678808
d165	0.01	2	t1	4.577633084277418e-5	0.036154717621958835
d165	0.01	2	t1	5.340571931656997e-5	0.34001286299564065
d165	0.01	2	t1	6.10351077903657e-5	0.0159191015009311
d165	0.01	2	t1	6.86644962641613e-5	0.17870235094774337
d165	0.01	2	t1	7.629388473795709e-5	0.12526921616130693
d165	0.01	2	t1	8.392327321175269e-5	0.04264853117471356
d165	0.01	2	t1	9.529103149571589e-5	0.057404825701601186
d165	0.01	2	t1	0.00010681143863313985	0.035595634622725546
d165	0.01	2	t1	0.00011819397800303034	0.09331456254984377
d165	0.01	2	t1	0.00013345979153336977	0.019373911194913673
d165	0.01	2	t1	0.0001487241608614854	0.09987819169601507
d165	0.01	2	t1	0.00016773086992482195	0.05673596194228834
d165	0.01	2	t1	0.00019063293236353633	0.15324293191960522
d165	0.01	2	t1	0.00021353201256911329	0.09412077439041562
d165	0.01	2	t1	0.00023642897778077072	0.06187422703400047
d165	0.01	2	t1	0.0002630756059577625	0.053124648106139274
d165	0.01	2	t1	0.00029735037055581985	0.05924125079634649
d165	0.01	2	t1	0.00033551959004834276	0.03376060963220369
d165	0.01	2	t1	0.0003774297929274283	0.05031667665054882
d165	0.01	2	t1	0.0004232304713625064	0.06585709789208974
d165	0.01	2	t1	0.00047277581579931876	0.059798075089455116
d165	0.01	2	t1	0.000529954140682307	0.05698628413642123
d165	0.01	2	t1	0.0005947660315265448	0.05210391023736245
d165	0.01	2	t1	0.0006672115727191813	0.09488616310698825
d165	0.01	2	t1	0.0007510328933877064	0.08030445157814706
d165	0.01	2	t1	0.0008426357798242797	0.04649643794013495
d165	0.01	2	t1	0.000945469465562411	0.09821106024968512
d165	0.01	2	t1	0.0010637181906205887	0.05549975239773854
d165	0.01	2	t1	0.0011933427345577946	0.07214369249949303
d165	0.01	2	t1	0.001338234444659373	0.07724500080532548
d165	0.01	2	t1	0.0014983929255561702	0.09330868580122008
d165	0.01	2	t1	0.0016813062912522984	0.0863442240765415
d165	0.01	2	t1	0.0018872672594733926	0.09658833484716893
d165	0.01	2	t1	0.0021159825568989763	0.06086372254681842
d165	0.01	2	t1	0.0023752319840376667	0.05083614546971696
d165	0.01	2	t1	0.0026650158537247022	0.08255026641138294
d165	0.01	2	t1	0.002989077753483762	0.08597174993519373
d165	0.01	2	t1	0.0033550511129892243	0.07408679027081395
d165	0.01	2	t1	0.0037630823722051253	0.10277736950938912
d165	0.01	2	t1	0.004220512937761092	0.07044574161467987
d165	0.01	2	t1	0.004735268427364398	0.06542365277121863
d165	0.01	2	t1	0.00531468965810924	0.07489473970811586
d165	0.01	2	t1	0.005966703895880201	0.06975638721113395
d165	0.01	2	t1	0.006691163505285742	0.06625583113187673
d165	0.01	2	t1	0.00750693386647431	0.0661764811525663
d165	0.01	2	t1	0.008425831166491782	0.06321491835834794
d165	0.01	2	t1	0.009451452182471384	0.06135507616806431
d165	0.01	2	t1	0.010602808117072449	0.06829897630858178
d165	0.01	2	t1	0.011899055913815891	0.07113110360124841
d165	0.01	2	t1	0.013351719421174534	0.058559056777299584
d165	0.01	2	t1	0.014979662876172375	0.07020711973585847
d165	0.01	2	t1	0.016805933483363636	0.053390359844199965
d165	0.01	2	t1	0.0188570292540463	0.0625385937477009
d165	0.01	2	t1	0.021159887502757043	0.05873607371866537
d165	0.01	2	t1	0.023741006069205848	0.0607876663510796
d165	0.01	2	t1	0.026638552998525435	0.05732850591192795
d165	0.01	2	t1	0.029886952690767608	0.05979383506196497
d165	0.01	2	t1	0.0335317139880143	0.055050324412396066
d165	0.01	2	t1	0.03762641841208682	0.050535055008425915
d165	0.01	2	t1	0.042216867626638205	0.04988879197934495
d165	0.01	2	t1	0.047367581161098446	0.05297979917397381
d165	0.01	2	t1	0.05314755428959493	0.04899121488374959
d165	0.01	2	t1	0.05963268370222095	0.04747226289692124
d165	0.01	2	t1	0.06691097550584788	0.04472452986484616
d165	0.01	2	t1	0.07507374000353845	0.04488306448590282
d165	0.01	2	t1	0.0842315912160045	0.0424773762032941
d165	0.01	2	t1	0.09451026390588896	0.040757172307556634
d165	0.01	2	t1	0.10604341934190899	0.03790876975027087
d165	0.01	2	t1	0.11898329021012795	0.036424329427734325
d165	0.01	2	t1	0.13350170578599946	0.03593219675773809
d165	0.01	2	t1	0.14978906678461706	0.033393218207701476
d165	0.01	2	t1	0.16806660120897057	0.032368094733652895
d165	0.01	2	t1	0.18857454785745398	0.031170669642900002
d165	0.01	2	t1	0.2115835334850689	0.030234265401776875
d165	0.01	2	t1	0.23739860927755593	0.029937689209929723
d165	0.01	2	t1	0.266366591568392	0.02797001033930071
d165	0.01	2	t1	0.29886901401039945	0.028092750068558145
d165	0.01	2	t1	0.33533636966402874	0.02730684190685037
d165	0.01	2	t1	0.3762531725804453	0.026933776240346635
d165	0.01	2	t1	0.4221605298354539	0.026024009655093463
d165	0.01	2	t1	0.47367243381911905	0.02512234839529774
d165	0.01	2	phi	7.629388473795709e-6	0.1355409335463547
d165	0.01	2	phi	1.525877694759142e-5	3.685043653750177
d165	0.01	2	phi	2.2888165421387134e-5	2.0163895823578284
d165	0.01	2	phi	3.0517553895182842e-5	0.3425084927540443
d165	0.01	2	phi	3.814694236897854e-5	0.6740263228337463
d165	0.01	2	phi	4.577633084277418e-5	0.2610438724068968
d165	0.01	2	phi	5.340571931656997e-5	0.5896638198061354
d165	0.01	2	phi	6.10351077903657e-5	0.9743367134540937
d165	0.01	2	phi	6.86644962641613e-5	1.2687007274943822
d165	0.01	2	phi	7.629388473795709e-5	0.6551119668384029
d165	0.01	2	phi	8.392327321175269e-5	0.24286771928550438
d165	0.01	2	phi	9.529103149571589e-5	0.4914323996664933
d165	0.01	2	phi	0.00010681143863313985	0.2532153839213192
d165	0.01	2	phi	0.00011819397800303034	0.14083441592391938
d165	0.01	2	phi	0.00013345979153336977	0.07750924022326156
d165	0.01	2	phi	0.0001487241608614854	0.039928388268899176
d165	0.01	2	phi	0.00016773086992482195	0.14723131106818418
d165	0.01	2	phi	0.00019063293236353633	0.22674452604814932
d165	0.01	2	phi	0.00021353201256911329	0.07793387805071642
d165	0.01	2	phi	0.00023642897778077072	0.12441086488475522
d165	0.01	2	phi	0.0002630756059577625	0.10398218528889396
d165	0.01	2	phi	0.00029735037055581985	0.18356875271822395
d165	0.01	2	phi	0.00033551959004834276	0.1281309527657829
d165	0.01	2	phi	0.0003774297929274283	0.046468078742907454
d165	0.01	2	phi	0.0004232304713625064	0.06923015744964554
d165	0.01	2	phi	0.00047277581579931876	0.049675056172881184
d165	0.01	2	phi	0.000529954140682307	0.040623457332429516
d165	0.01	2	phi	0.0005947660315265448	0.03033936962946728
d165	0.01	2	phi	0.0006672115727191813	0.030774919501077608
d165	0.01	2	phi	0.0007510328933877064	0.03199973184175935
d165	0.01	2	phi	0.0008426357798242797	0.02111478437431245
d165	0.01	2	phi	0.000945469465562411	0.01972494352029574
d165	0.01	2	phi	0.0010637181906205887	0.015047849948135813
d165	0.01	2	phi	0.0011933427345577946	0.017311506093086695
d165	0.01	2	phi	0.001338234444659373	0.01088791150034357
d165	0.01	2	phi	0.0014983929255561702	0.006852920173239408
d165	0.01	2	phi	0.0016813062912522984	0.006134461214500718
d165	0.01	2	phi	0.0018872672594733926	0.003800358101161885
d165	0.01	2	phi	0.0021159825568989763	0.003226659823229799
d165	0.01	2	phi	0.0023752319840376667	0.0023019057960920707
d165	0.01	2	phi	0.0026650158537247022	0.0022853046025868547
d165	0.01	2	phi	0.002989077753483762	0.0012536268367191556
d165	0.01	2	phi	0.0033550511129892243	0.00100545281615283
d165	0.01	2	phi	0.0037630823722051253	0.000814773961622563
d165	0.01	2	phi	0.004220512937761092	0.0004876572060138525
d165	0.01	2	phi	0.004735268427364398	0.0004349966937865082
d165	0.01	2	phi	0.00531468965810924	0.0003217116502633748
d165	0.01	2	phi	0.005966703895880201	0.0002458315303322258
d165	0.01	2	phi	0.006691163505285742	0.00015706532836553413
d165	0.01	2	phi	0.00750693386647431	0.00012494260793827813
d165	0.01	2	phi	0.008425831166491782	9.022042336663124e-5
d165	0.01	2	phi	0.009451452182471384	6.79882287214691e-5
d165	0.01	2	phi	0.010602808117072449	4.844336501729966e-5
d165	0.01	2	phi	0.011899055913815891	4.133797661718429e-5
d165	0.01	2	phi	0.013351719421174534	3.219210282615973e-5
d165	0.01	2	phi	0.014979662876172375	2.4229440370691713e-5
d165	0.01	2	phi	0.016805933483363636	1.644018460304767e-5
d165	0.01	2	phi	0.0188570292540463	1.3669446148402589e-5
d165	0.01	2	phi	0.021159887502757043	1.0984033617452033e-5
d165	0.01	2	phi	0.023741006069205848	8.89077199659031e-6
d165	0.01	2	phi	0.026638552998525435	6.896722087264041e-6
d165	0.01	2	phi	0.029886952690767608	5.163331728586243e-6
d165	0.01	2	phi	0.0335317139880143	4.2470714503650135e-6
d165	0.01	2	phi	0.03762641841208682	3.486676983732184e-6
d165	0.01	2	phi	0.042216867626638205	2.8606401601483813e-6
d165	0.01	2	phi	0.047367581161098446	2.4169293317101146e-6
d165	0.01	2	phi	0.05314755428959493	1.903967232607983e-6
d165	0.01	2	phi	0.05963268370222095	1.6630928654578633e-6
d165	0.01	2	phi	0.06691097550584788	1.4240118839351217e-6
d165	0.01	2	phi	0.07507374000353845	1.1390508743059732e-6
d165	0.01	2	phi	0.0842315912160045	9.811771783541947e-7
d165	0.01	2	phi	0.09451026390588896	8.331018545142251e-7
d165	0.01	2	phi	0.10604341934190899	7.239252305365742e-7
d165	0.01	2	phi	0.11898329021012795	5.862572952184874e-7
d165	0.01	2	phi	0.13350170578599946	5.115674213453122e-7
d165	0.01	2	phi	0.14978906678461706	4.0869555720397843e-7
d165	0.01	2	phi	0.16806660120897057	3.3312806863533855e-7
d165	0.01	2	phi	0.18857454785745398	2.7649476214659374e-7
d165	0.01	2	phi	0.2115835334850689	2.1877162903803448e-7
d165	0.01	2	phi	0.23739860927755593	1.8585728850486703e-7
d165	0.01	2	phi	0.266366591568392	1.4722251224296534e-7
d165	0.01	2	phi	0.29886901401039945	1.23254880411212e-7
d165	0.01	2	phi	0.33533636966402874	1.005407681368418e-7
d165	0.01	2	phi	0.3762531725804453	8.288264201284443e-8
d165	0.01	2	phi	0.4221605298354539	6.951785956829712e-8
d165	0.01	2	phi	0.47367243381911905	5.785800283702254e-8
d165	0.01	3	t1	7.629388473795709e-6	0.6487607932393165
d165	0.01	3	t1	1.525877694759142e-5	0.03310976568001433
d165	0.01	3	t1	2.2888165421387134e-5	0.4352666055201977
d165	0.01	3	t1	3.0517553895182842e-5	0.06045571089889333
d165	0.01	3	t1	3.814694236897854e-5	0.09844223762022074
d165	0.01	3	t1	4.577633084277418e-5	0.24706386991048118
d165	0.01	3	t1	5.340571931656997e-5	0.08500613446332798
d165	0.01	3	t1	6.10351077903657e-5	0.024280526806406615
d165	0.01	3	t1	6.86644962641613e-5	0.006779152547854794
d165	0.01	3	t1	7.629388473795709e-5	0.08229010171521657
d165	0.01	3	t1	8.392327321175269e-5	0.07160156153393697
d165	0.01	3	t1	9.529103149571589e-5	0.05969024756929897
d165	0.01	3	t1	0.00010681143863313985	0.05531454455828325
d165	0.01	3	t1	0.00011819397800303034	0.1275747307267781
d165	0.01	3	t1	0.00013345979153336977	0.14935113811943063
d165	0.01	3	t1	0.0001487241608614854	0.1589601351623979
d165	0.01	3	t1	0.00016773086992482195	0.07182361685736183
d165	0.01	3	t1	0.00019063293236353633	0.09270648537456976
d165	0.01	3	t1	0.00021353201256911329	0.05058323105666501
d165	0.01	3	t1	0.00023642897778077072	0.01959907308556273
d165	0.01	3	t1	0.0002630756059577625	0.0223274131218043
d165	0.01	3	t1	0.00029735037055581985	0.10794927022789494
d165	0.01	3	t1	0.00033551959004834276	0.03660908270980233
d165	0.01	3	t1	0.0003774297929274283	0.08935414781014196
d165	0.01	3	t1	0.0004232304713625064	0.07449718715094412
d165	0.01	3	t1	0.00047277581579931876	0.049852484954704346
d165	0.01	3	t1	0.000529954140682307	0.0367731816542508
d165	0.01	3	t1	0.0005947660315265448	0.08891268397279703
d165	0.01	3	t1	0.0006672115727191813	0.05823973295632168
d165	0.01	3	t1	0.0007510328933877064	0.06111301819406501
d165	0.01	3	t1	0.0008426357798242797	0.06058499573268742
d165	0.01	3	t1	0.000945469465562411	0.0796111648627774
d165	0.01	3	t1	0.0010637181906205887	0.07824307464234143
d165	0.01	3	t1	0.0011933427345577946	0.040427460645074714
d165	0.01	3	t1	0.001338234444659373	0.08214339725310547
d165	0.01	3	t1	0.0014983929255561702	0.11899324537046284
d165	0.01	3	t1	0.0016813062912522984	0.09167429981685982
d165	0.01	3	t1	0.0018872672594733926	0.1055606112341496
d165	0.01	3	t1	0.0021159825568989763	0.12790927967484486
d165	0.01	3	t1	0.0023752319840376667	0.15580056662789185
d165	0.01	3	t1	0.0026650158537247022	0.10406857255695093
d165	0.01	3	t1	0.002989077753483762	0.10677420286964448
d165	0.01	3	t1	0.0033550511129892243	0.11263234368465609
d165	0.01	3	t1	0.0037630823722051253	0.11820059883351708
d165	0.01	3	t1	0.004220512937761092	0.12387570610929424
d165	0.01	3	t1	0.004735268427364398	0.10627714317135872
d165	0.01	3	t1	0.00531468965810924	0.10542708949529234
d165	0.01	3	t1	0.005966703895880201	0.10533731577586959
d165	0.01	3	t1	0.006691163505285742	0.10207614029795865
d165	0.01	3	t1	0.00750693386647431	0.08170778313041449
d165	0.01	3	t1	0.008425831166491782	0.0936431569082553
d165	0.01	3	t1	0.009451452182471384	0.0901801534428632
d165	0.01	3	t1	0.010602808117072449	0.09466759839160838
d165	0.01	3	t1	0.011899055913815891	0.09316722624478921
d165	0.01	3	t1	0.013351719421174534	0.08037667584462245
d165	0.01	3	t1	0.014979662876172375	0.07813442801731915
d165	0.01	3	t1	0.016805933483363636	0.0807642586121107
d165	0.01	3	t1	0.0188570292540463	0.07949245039517683
d165	0.01	3	t1	0.021159887502757043	0.07908178334655683
d165	0.01	3	t1	0.023741006069205848	0.07908538109764299
d165	0.01	3	t1	0.026638552998525435	0.07847259403909744
d165	0.01	3	t1	0.029886952690767608	0.07449811414974408
d165	0.01	3	t1	0.0335317139880143	0.06855985903657902
d165	0.01	3	t1	0.03762641841208682	0.07159912378040525
d165	0.01	3	t1	0.042216867626638205	0.06488306835894969
d165	0.01	3	t1	0.047367581161098446	0.07363395014469967
d165	0.01	3	t1	0.05314755428959493	0.06471004394702666
d165	0.01	3	t1	0.05963268370222095	0.06375037009765298
d165	0.01	3	t1	0.06691097550584788	0.057632149788118016
d165	0.01	3	t1	0.07507374000353845	0.05409493908252379
d165	0.01	3	t1	0.0842315912160045	0.053230680507820025
d165	0.01	3	t1	0.09451026390588896	0.051434908439558565
d165	0.01	3	t1	0.10604341934190899	0.05110855668956809
d165	0.01	3	t1	0.11898329021012795	0.05130575684889809
d165	0.01	3	t1	0.13350170578599946	0.04736579178344664
d165	0.01	3	t1	0.14978906678461706	0.044739177253676814
d165	0.01	3	t1	0.16806660120897057	0.04284182280929883
d165	0.01	3	t1	0.18857454785745398	0.04214501932247766
d165	0.01	3	t1	0.2115835334850689	0.039431558808591095
d165	0.01	3	t1	0.23739860927755593	0.038170006154392325
d165	0.01	3	t1	0.266366591568392	0.037946595530051405
d165	0.01	3	t1	0.29886901401039945	0.037135529176522
d165	0.01	3	t1	0.33533636966402874	0.03534584260368469
d165	0.01	3	t1	0.3762531725804453	0.03494913119868354
d165	0.01	3	t1	0.4221605298354539	0.03464174103003087
d165	0.01	3	t1	0.47367243381911905	0.03442117270013718
d165	0.01	3	phi	7.629388473795709e-6	1.238497175986576
d165	0.01	3	phi	1.525877694759142e-5	0.18604126691406875
d165	0.01	3	phi	2.2888165421387134e-5	1.5975331498402234
d165	0.01	3	phi	3.0517553895182842e-5	1.2700702393320629
d165	0.01	3	phi	3.814694236897854e-5	0.023657907980302692
d165	0.01	3	phi	4.577633084277418e-5	0.6528722510342001
d165	0.01	3	phi	5.340571931656997e-5	0.5503439342317766
d165	0.01	3	phi	6.10351077903657e-5	0.19199676780892033
d165	0.01	3	phi	6.86644962641613e-5	0.04004322486753997
d165	0.01	3	phi	7.629388473795709e-5	0.3667724526544997
d165	0.01	3	phi	8.392327321175269e-5	0.31514068628531605
d165	0.01	3	phi	9.529103149571589e-5	0.4142695786996097
d165	0.01	3	phi	0.00010681143863313985	0.06171976916640427
d165	0.01	3	phi	0.00011819397800303034	0.443692154719625
d165	0.01	3	phi	0.00013345979153336977	0.19239771076807047
d165	0.01	3	phi	0.0001487241608614854	0.04641046378050226
d165	0.01	3	phi	0.00016773086992482195	0.08171000417743474
d165	0.01	3	phi	0.00019063293236353633	0.20035098776646487
d165	0.01	3	phi	0.00021353201256911329	0.2008685275613095
d165	0.01	3	phi	0.00023642897778077072	0.06315818028310083
d165	0.01	3	phi	0.0002630756059577625	0.20406038984590721
d165	0.01	3	phi	0.00029735037055581985	0.03469152641881899
d165	0.01	3	phi	0.00033551959004834276	0.11393078592281838
d165	0.01	3	phi	0.0003774297929274283	0.07521874282641594
d165	0.01	3	phi	0.0004232304713625064	0.06808183930377579
d165	0.01	3	phi	0.00047277581579931876	0.03781756682377979
d165	0.01	3	phi	0.000529954140682307	0.02474723713108614
d165	0.01	3	phi	0.0005947660315265448	0.020601989947026365
d165	0.01	3	phi	0.0006672115727191813	0.030645325601349888
d165	0.01	3	phi	0.0007510328933877064	0.025735421483982678
d165	0.01	3	phi	0.0008426357798242797	0.024343025025932465
d165	0.01	3	phi	0.000945469465562411	0.01583410164664435
d165	0.01	3	phi	0.0010637181906205887	0.015494200016997948
d165	0.01	3	phi	0.0011933427345577946	0.009445150297798013
d165	0.01	3	phi	0.001338234444659373	0.010859305443822739
d165	0.01	3	phi	0.0014983929255561702	0.00591325454795214
d165	0.01	3	phi	0.0016813062912522984	0.004587841277846333
d165	0.01	3	phi	0.0018872672594733926	0.004431858586387606
d165	0.01	3	phi	0.0021159825568989763	0.0037875757152667383
d165	0.01	3	phi	0.0023752319840376667	0.003608753053773441
d165	0.01	3	phi	0.0026650158537247022	0.0022985185101708325
d165	0.01	3	phi	0.002989077753483762	0.0015280371074266775
d165	0.01	3	phi	0.0033550511129892243	0.0011129477635244472
d165	0.01	3	phi	0.0037630823722051253	0.0009148383628275415
d165	0.01	3	phi	0.004220512937761092	0.0007974099009199527
d165	0.01	3	phi	0.004735268427364398	0.0004826947496677151
d165	0.01	3	phi	0.00531468965810924	0.00032573387670484894
d165	0.01	3	phi	0.005966703895880201	0.0002289392639673531
d165	0.01	3	phi	0.006691163505285742	0.0001858124656265615
d165	0.01	3	phi	0.00750693386647431	0.000135283558898746
d165	0.01	3	phi	0.008425831166491782	0.00010183664790432361
d165	0.01	3	phi	0.009451452182471384	7.671642210088086e-5
d165	0.01	3	phi	0.010602808117072449	5.2279752105864186e-5
d165	0.01	3	phi	0.011899055913815891	4.32264020854597e-5
d165	0.01	3	phi	0.013351719421174534	3.188610002934499e-5
d165	0.01	3	phi	0.014979662876172375	2.548866947132689e-5
d165	0.01	3	phi	0.016805933483363636	1.8242580878745572e-5
d165	0.01	3	phi	0.0188570292540463	1.5998795831457915e-5
d165	0.01	3	phi	0.021159887502757043	1.1783045092382767e-5
d165	0.01	3	phi	0.023741006069205848	9.535469324194548e-6
d165	0.01	3	phi	0.026638552998525435	7.450402809508894e-6
d165	0.01	3	phi	0.029886952690767608	5.4068944319788335e-6
d165	0.01	3	phi	0.0335317139880143	4.426200657039713e-6
d165	0.01	3	phi	0.03762641841208682	3.7714493312905767e-6
d165	0.01	3	phi	0.042216867626638205	3.0071208843688082e-6
d165	0.01	3	phi	0.047367581161098446	2.6314359553892968e-6
d165	0.01	3	phi	0.05314755428959493	2.1562284177547693e-6
d165	0.01	3	phi	0.05963268370222095	1.7165489007152168e-6
d165	0.01	3	phi	0.06691097550584788	1.4513344794800924e-6
d165	0.01	3	phi	0.07507374000353845	1.2251158411787258e-6
d165	0.01	3	phi	0.0842315912160045	9.765001151960043e-7
d165	0.01	3	phi	0.09451026390588896	8.928478028466857e-7
d165	0.01	3	phi	0.10604341934190899	7.624661555976557e-7
d165	0.01	3	phi	0.11898329021012795	6.415552215166756e-7
d165	0.01	3	phi	0.13350170578599946	4.986429506701738e-7
d165	0.01	3	phi	0.14978906678461706	4.1477137500109004e-7
d165	0.01	3	phi	0.16806660120897057	3.3317545042805295e-7
d165	0.01	3	phi	0.18857454785745398	2.7562026769566926e-7
d165	0.01	3	phi	0.2115835334850689	2.2006317438068003e-7
d165	0.01	3	phi	0.23739860927755593	1.808676947325573e-7
d165	0.01	3	phi	0.266366591568392	1.4659923971144192e-7
d165	0.01	3	phi	0.29886901401039945	1.2488650899744852e-7
d165	0.01	3	phi	0.33533636966402874	1.0156860534605588e-7
d165	0.01	3	phi	0.3762531725804453	8.377596016872328e-8
d165	0.01	3	phi	0.4221605298354539	6.972557844595601e-8
d165	0.01	3	phi	0.47367243381911905	5.638592719759529e-8
d165	0.01	4	t1	7.629388473795709e-6	0.8550787989741253
d165	0.01	4	t1	1.525877694759142e-5	0.12356469185747847
d165	0.01	4	t1	2.2888165421387134e-5	0.6822142171729326
d165	0.01	4	t1	3.0517553895182842e-5	0.2768210810056971
d165	0.01	4	t1	3.814694236897854e-5	0.2456302804961115
d165	0.01	4	t1	4.577633084277418e-5	0.0068639966574370525
d165	0.01	4	t1	5.340571931656997e-5	0.06194148116655793
d165	0.01	4	t1	6.10351077903657e-5	0.050735847565598347
d165	0.01	4	t1	6.86644962641613e-5	0.0232091623836877
d165	0.01	4	t1	7.629388473795709e-5	0.3163433562742112
d165	0.01	4	t1	8.392327321175269e-5	0.03403202519898868
d165	0.01	4	t1	9.529103149571589e-5	0.034924387509985486
d165	0.01	4	t1	0.00010681143863313985	0.027005918302177485
d165	0.01	4	t1	0.00011819397800303034	0.07274039124316053
d165	0.01	4	t1	0.00013345979153336977	0.03243545456160906
d165	0.01	4	t1	0.0001487241608614854	0.14393056830259865
d165	0.01	4	t1	0.00016773086992482195	0.016756884019610115
d165	0.01	4	t1	0.00019063293236353633	0.06053323650231321
d165	0.01	4	t1	0.00021353201256911329	0.07935751733366649
d165	0.01	4	t1	0.00023642897778077072	0.05149799282815796
d165	0.01	4	t1	0.0002630756059577625	0.02022542202381491
d165	0.01	4	t1	0.00029735037055581985	0.027709694626105195
d165	0.01	4	t1	0.00033551959004834276	0.02928206480881033
d165	0.01	4	t1	0.0003774297929274283	0.0211189891277038
d165	0.01	4	t1	0.0004232304713625064	0.052165723383120643
d165	0.01	4	t1	0.00047277581579931876	0.09587052592906653
d165	0.01	4	t1	0.000529954140682307	0.0657811944177303
d165	0.01	4	t1	0.0005947660315265448	0.02709581700686466
d165	0.01	4	t1	0.0006672115727191813	0.07897729655181207
d165	0.01	4	t1	0.0007510328933877064	0.08947379031566359
d165	0.01	4	t1	0.0008426357798242797	0.10600542344069584
d165	0.01	4	t1	0.000945469465562411	0.08611984265120784
d165	0.01	4	t1	0.0010637181906205887	0.08138054425218506
d165	0.01	4	t1	0.0011933427345577946	0.049148562766842714
d165	0.01	4	t1	0.001338234444659373	0.06341237160204335
d165	0.01	4	t1	0.0014983929255561702	0.11325676691660157
d165	0.01	4	t1	0.0016813062912522984	0.07603064665941726
d165	0.01	4	t1	0.0018872672594733926	0.07329674778925323
d165	0.01	4	t1	0.0021159825568989763	0.11319976902628692
d165	0.01	4	t1	0.0023752319840376667	0.11049220304445234
d165	0.01	4	t1	0.0026650158537247022	0.07996089172673461
d165	0.01	4	t1	0.002989077753483762	0.09760196384313213
d165	0.01	4	t1	0.0033550511129892243	0.08218163831254956
d165	0.01	4	t1	0.0037630823722051253	0.08526863524556824
d165	0.01	4	t1	0.004220512937761092	0.08220066337750821
d165	0.01	4	t1	0.004735268427364398	0.0658311858399513
d165	0.01	4	t1	0.00531468965810924	0.08761153109140266
d165	0.01	4	t1	0.005966703895880201	0.07499539276993876
d165	0.01	4	t1	0.006691163505285742	0.08453254116368364
d165	0.01	4	t1	0.00750693386647431	0.08130601735367912
d165	0.01	4	t1	0.008425831166491782	0.08263068723295898
d165	0.01	4	t1	0.009451452182471384	0.06306480765522986
d165	0.01	4	t1	0.010602808117072449	0.06840127389404721
d165	0.01	4	t1	0.011899055913815891	0.05878552588970507
d165	0.01	4	t1	0.013351719421174534	0.06309954111741194
d165	0.01	4	t1	0.014979662876172375	0.06911379230943981
d165	0.01	4	t1	0.016805933483363636	0.07212012947802739
d165	0.01	4	t1	0.0188570292540463	0.061065310652545425
d165	0.01	4	t1	0.021159887502757043	0.06968435822948382
d165	0.01	4	t1	0.023741006069205848	0.060515784478338226
d165	0.01	4	t1	0.026638552998525435	0.06436348456662856
d165	0.01	4	t1	0.029886952690767608	0.05952833758367954
d165	0.01	4	t1	0.0335317139880143	0.05865687414781882
d165	0.01	4	t1	0.03762641841208682	0.06098929955457183
d165	0.01	4	t1	0.042216867626638205	0.06145029597289187
d165	0.01	4	t1	0.047367581161098446	0.05451343202366728
d165	0.01	4	t1	0.05314755428959493	0.05498019655492074
d165	0.01	4	t1	0.05963268370222095	0.05216498786366041
d165	0.01	4	t1	0.06691097550584788	0.05390229513985791
d165	0.01	4	t1	0.07507374000353845	0.04929658165615181
d165	0.01	4	t1	0.0842315912160045	0.048170228990414274
d165	0.01	4	t1	0.09451026390588896	0.04678587920412164
d165	0.01	4	t1	0.10604341934190899	0.04440325415810555
d165	0.01	4	t1	0.11898329021012795	0.0430666623874939
d165	0.01	4	t1	0.13350170578599946	0.04042066156935392
d165	0.01	4	t1	0.14978906678461706	0.03881513156858097
d165	0.01	4	t1	0.16806660120897057	0.03731477083422709
d165	0.01	4	t1	0.18857454785745398	0.03554914852581603
d165	0.01	4	t1	0.2115835334850689	0.034353430311731506
d165	0.01	4	t1	0.23739860927755593	0.03296275106635329
d165	0.01	4	t1	0.266366591568392	0.03359614189388372
d165	0.01	4	t1	0.29886901401039945	0.031675435514363984
d165	0.01	4	t1	0.33533636966402874	0.03047452442831139
d165	0.01	4	t1	0.3762531725804453	0.029915913402062042
d165	0.01	4	t1	0.4221605298354539	0.030414623648510136
d165	0.01	4	t1	0.47367243381911905	0.03048000685774917
d165	0.01	4	phi	7.629388473795709e-6	0.7853479009046654
d165	0.01	4	phi	1.525877694759142e-5	1.1015199913435116
d165	0.01	4	phi	2.2888165421387134e-5	0.12852951765045495
d165	0.01	4	phi	3.0517553895182842e-5	0.6302498638727039
d165	0.01	4	phi	3.814694236897854e-5	0.16480698832036073
d165	0.01	4	phi	4.577633084277418e-5	0.6223874087241394
d165	0.01	4	phi	5.340571931656997e-5	0.12180185485583962
d165	0.01	4	phi	6.10351077903657e-5	0.04798703680393179
d165	0.01	4	phi	6.86644962641613e-5	0.1925530203186211
d165	0.01	4	phi	7.629388473795709e-5	0.04862353526127061
d165	0.01	4	phi	8.392327321175269e-5	0.2167667994366847
d165	0.01	4	phi	9.529103149571589e-5	0.0644449009214721
d165	0.01	4	phi	0.00010681143863313985	0.1313700485258695
d165	0.01	4	phi	0.00011819397800303034	0.0965226120180259
d165	0.01	4	phi	0.00013345979153336977	0.06967591971627451
d165	0.01	4	phi	0.0001487241608614854	0.03443111352351433
d165	0.01	4	phi	0.00016773086992482195	0.1152952817118013
d165	0.01	4	phi	0.00019063293236353633	0.09636259379505056
d165	0.01	4	phi	0.00021353201256911329	0.10874872458197958
d165	0.01	4	phi	0.00023642897778077072	0.10725784049731112
d165	0.01	4	phi	0.0002630756059577625	0.06198589449562125
d165	0.01	4	phi	0.00029735037055581985	0.05657656016238698
d165	0.01	4	phi	0.00033551959004834276	0.0625261350985978
d165	0.01	4	phi	0.0003774297929274283	0.04118449024616239
d165	0.01	4	phi	0.0004232304713625064	0.08406974143819447
d165	0.01	4	phi	0.00047277581579931876	0.07816151002508095
d165	0.01	4	phi	0.000529954140682307	0.038100866559385764
d165	0.01	4	phi	0.0005947660315265448	0.032154417913166145
d165	0.01	4	phi	0.0006672115727191813	0.04580471513570182
d165	0.01	4	phi	0.0007510328933877064	0.04306175537794018
d165	0.01	4	phi	0.0008426357798242797	0.022842641009743286
d165	0.01	4	phi	0.000945469465562411	0.016339496223019886
d165	0.01	4	phi	0.0010637181906205887	0.0164991692365894
d165	0.01	4	phi	0.0011933427345577946	0.013169025627014367
d165	0.01	4	phi	0.001338234444659373	0.0067420625072544624
d165	0.01	4	phi	0.0014983929255561702	0.007851058267033003
d165	0.01	4	phi	0.0016813062912522984	0.004951379975212348
d165	0.01	4	phi	0.0018872672594733926	0.004350233548270176
d165	0.01	4	phi	0.0021159825568989763	0.0033455305018349896
d165	0.01	4	phi	0.0023752319840376667	0.003085292508697745
d165	0.01	4	phi	0.0026650158537247022	0.0018654444299929678
d165	0.01	4	phi	0.002989077753483762	0.0014068143445438513
d165	0.01	4	phi	0.0033550511129892243	0.0008527288181553779
d165	0.01	4	phi	0.0037630823722051253	0.0007184623845607872
d165	0.01	4	phi	0.004220512937761092	0.0005261542404459011
d165	0.01	4	phi	0.004735268427364398	0.0003032892249194198
d165	0.01	4	phi	0.00531468965810924	0.0002569939583112835
d165	0.01	4	phi	0.005966703895880201	0.00018792790091673648
d165	0.01	4	phi	0.006691163505285742	0.0001425473557266295
d165	0.01	4	phi	0.00750693386647431	0.00010781402336771241
d165	0.01	4	phi	0.008425831166491782	7.793745657543699e-5
d165	0.01	4	phi	0.009451452182471384	5.378562298710475e-5
d165	0.01	4	phi	0.010602808117072449	4.195310057569783e-5
d165	0.01	4	phi	0.011899055913815891	2.4802872480171505e-5
d165	0.01	4	phi	0.013351719421174534	2.4856695467601884e-5
d165	0.01	4	phi	0.014979662876172375	1.8042687717366715e-5
d165	0.01	4	phi	0.016805933483363636	1.3302661583496319e-5
d165	0.01	4	phi	0.0188570292540463	1.0365589982953098e-5
d165	0.01	4	phi	0.021159887502757043	8.24426069639988e-6
d165	0.01	4	phi	0.023741006069205848	6.370686756157059e-6
d165	0.01	4	phi	0.026638552998525435	4.6749577616150794e-6
d165	0.01	4	phi	0.029886952690767608	4.004709852025517e-6
d165	0.01	4	phi	0.0335317139880143	3.3108498542215393e-6
d165	0.01	4	phi	0.03762641841208682	2.5747217150645644e-6
d165	0.01	4	phi	0.042216867626638205	2.164679316654093e-6
d165	0.01	4	phi	0.047367581161098446	1.5922916693392756e-6
d165	0.01	4	phi	0.05314755428959493	1.4019456153391804e-6
d165	0.01	4	phi	0.05963268370222095	1.168995310512871e-6
d165	0.01	4	phi	0.06691097550584788	9.775876473595783e-7
d165	0.01	4	phi	0.07507374000353845	8.457488901196069e-7
d165	0.01	4	phi	0.0842315912160045	7.165164294754046e-7
d165	0.01	4	phi	0.09451026390588896	6.394783800077658e-7
d165	0.01	4	phi	0.10604341934190899	5.156952739380678e-7
d165	0.01	4	phi	0.11898329021012795	4.296513029682174e-7
d165	0.01	4	phi	0.13350170578599946	3.8073768931584714e-7
d165	0.01	4	phi	0.14978906678461706	3.049884892295018e-7
d165	0.01	4	phi	0.16806660120897057	2.4627616469896324e-7
d165	0.01	4	phi	0.18857454785745398	2.0840222163708662e-7
d165	0.01	4	phi	0.2115835334850689	1.6806470995651486e-7
d165	0.01	4	phi	0.23739860927755593	1.3360160729948315e-7
d165	0.01	4	phi	0.266366591568392	1.1165900849370355e-7
d165	0.01	4	phi	0.29886901401039945	9.164199777160025e-8
d165	0.01	4	phi	0.33533636966402874	7.656320201091872e-8
d165	0.01	4	phi	0.3762531725804453	6.213927998344115e-8
d165	0.01	4	phi	0.4221605298354539	5.2091334496466756e-8
d165	0.01	4	phi	0.47367243381911905	4.261216388277657e-8
d165	0.01	5	t1	7.629388473795709e-6	2.9593405568167817
d165	0.01	5	t1	1.525877694759142e-5	0.08974117893416814
d165	0.01	5	t1	2.2888165421387134e-5	0.06585719851352936
d165	0.01	5	t1	3.0517553895182842e-5	0.2396108742190998
d165	0.01	5	t1	3.814694236897854e-5	0.05150135597225802
d165	0.01	5	t1	4.577633084277418e-5	0.016298510207842162
d165	0.01	5	t1	5.340571931656997e-5	0.11759529009449199
d165	0.01	5	t1	6.10351077903657e-5	0.3697366281671953
d165	0.01	5	t1	6.86644962641613e-5	0.25411977887321996
d165	0.01	5	t1	7.629388473795709e-5	0.1689877703238722
d165	0.01	5	t1	8.392327321175269e-5	0.10287763184447866
d165	0.01	5	t1	9.529103149571589e-5	0.1725806864257976
d165	0.01	5	t1	0.00010681143863313985	0.04220415122133254
d165	0.01	5	t1	0.00011819397800303034	0.059856919860112295
d165	0.01	5	t1	0.00013345979153336977	0.3208995919268759
d165	0.01	5	t1	0.0001487241608614854	0.0333109590889194
d165	0.01	5	t1	0.00016773086992482195	0.1415077640042233
d165	0.01	5	t1	0.00019063293236353633	0.050779604131283844
d165	0.01	5	t1	0.00021353201256911329	0.1306890870016252
d165	0.01	5	t1	0.00023642897778077072	0.1326735193797496
d165	0.01	5	t1	0.0002630756059577625	0.06776393188461888
d165	0.01	5	t1	0.00029735037055581985	0.05400859081629298
d165	0.01	5	t1	0.00033551959004834276	0.08187308757678294
d165	0.01	5	t1	0.0003774297929274283	0.06496799597757412
d165	0.01	5	t1	0.0004232304713625064	0.05407638330378058
d165	0.01	5	t1	0.00047277581579931876	0.11364416768654514
d165	0.01	5	t1	0.000529954140682307	0.05318508113508261
d165	0.01	5	t1	0.0005947660315265448	0.056053021854466506
d165	0.01	5	t1	0.0006672115727191813	0.09278807887152797
d165	0.01	5	t1	0.0007510328933877064	0.1393613584580866
d165	0.01	5	t1	0.0008426357798242797	0.07729623236306622
d165	0.01	5	t1	0.000945469465562411	0.12738088799686292
d165	0.01	5	t1	0.0010637181906205887	0.10152465168557802
d165	0.01	5	t1	0.0011933427345577946	0.0876391766282862
d165	0.01	5	t1	0.001338234444659373	0.13189592153276922
d165	0.01	5	t1	0.0014983929255561702	0.12013805809332462
d165	0.01	5	t1	0.0016813062912522984	0.06785522945487013
d165	0.01	5	t1	0.0018872672594733926	0.138655131059366
d165	0.01	5	t1	0.0021159825568989763	0.10899779005964971
d165	0.01	5	t1	0.0023752319840376667	0.13658531106967817
d165	0.01	5	t1	0.0026650158537247022	0.07761499707747993
d165	0.01	5	t1	0.002989077753483762	0.08824113174319659
d165	0.01	5	t1	0.0033550511129892243	0.09781498192534485
d165	0.01	5	t1	0.0037630823722051253	0.10069057353764058
d165	0.01	5	t1	0.004220512937761092	0.08078783635775133
d165	0.01	5	t1	0.004735268427364398	0.1048899789881549
d165	0.01	5	t1	0.00531468965810924	0.08304117810647738
d165	0.01	5	t1	0.005966703895880201	0.08704984387194072
d165	0.01	5	t1	0.006691163505285742	0.08603922581705017
d165	0.01	5	t1	0.00750693386647431	0.09696510155045066
d165	0.01	5	t1	0.008425831166491782	0.07792464152872605
d165	0.01	5	t1	0.009451452182471384	0.08223899560082307
d165	0.01	5	t1	0.010602808117072449	0.08345507590385522
d165	0.01	5	t1	0.011899055913815891	0.07329884258413329
d165	0.01	5	t1	0.013351719421174534	0.07708394330362489
d165	0.01	5	t1	0.014979662876172375	0.08095898928412146
d165	0.01	5	t1	0.016805933483363636	0.0742508586292246
d165	0.01	5	t1	0.0188570292540463	0.07977248920612526
d165	0.01	5	t1	0.021159887502757043	0.07653637931306509
d165	0.01	5	t1	0.023741006069205848	0.0739695739974578
d165	0.01	5	t1	0.026638552998525435	0.07215358736306406
d165	0.01	5	t1	0.029886952690767608	0.07110985610662829
d165	0.01	5	t1	0.0335317139880143	0.06440554607021727
d165	0.01	5	t1	0.03762641841208682	0.06272824752291321
d165	0.01	5	t1	0.042216867626638205	0.06371312321067868
d165	0.01	5	t1	0.047367581161098446	0.06129484740087278
d165	0.01	5	t1	0.05314755428959493	0.06099994119085486
d165	0.01	5	t1	0.05963268370222095	0.054335324386693015
d165	0.01	5	t1	0.06691097550584788	0.056067294297533404
d165	0.01	5	t1	0.07507374000353845	0.053689033969940764
d165	0.01	5	t1	0.0842315912160045	0.05202168438461639
d165	0.01	5	t1	0.09451026390588896	0.049985542571233665
d165	0.01	5	t1	0.10604341934190899	0.04573844884254938
d165	0.01	5	t1	0.11898329021012795	0.047147203870334366
d165	0.01	5	t1	0.13350170578599946	0.04338452206165768
d165	0.01	5	t1	0.14978906678461706	0.042982752591635656
d165	0.01	5	t1	0.16806660120897057	0.04160348033817194
d165	0.01	5	t1	0.18857454785745398	0.03939323280409668
d165	0.01	5	t1	0.2115835334850689	0.03743769795061187
d165	0.01	5	t1	0.23739860927755593	0.03662164960651377
d165	0.01	5	t1	0.266366591568392	0.036273315314145564
d165	0.01	5	t1	0.29886901401039945	0.03430587133007896
d165	0.01	5	t1	0.33533636966402874	0.033803482858188565
d165	0.01	5	t1	0.3762531725804453	0.03241716731001169
d165	0.01	5	t1	0.4221605298354539	0.03218067837258676
d165	0.01	5	t1	0.47367243381911905	0.03096866145075713
d165	0.01	5	phi	7.629388473795709e-6	3.185426354063193
d165	0.01	5	phi	1.525877694759142e-5	0.9903279862820636
d165	0.01	5	phi	2.2888165421387134e-5	0.48646369843855947
d165	0.01	5	phi	3.0517553895182842e-5	1.614748228234465
d165	0.01	5	phi	3.814694236897854e-5	0.31138135393386884
d165	0.01	5	phi	4.577633084277418e-5	0.1989787502711874
d165	0.01	5	phi	5.340571931656997e-5	0.5606077082880713
d165	0.01	5	phi	6.10351077903657e-5	0.6178348542259138
d165	0.01	5	phi	6.86644962641613e-5	0.2916904024192221
d165	0.01	5	phi	7.629388473795709e-5	0.012048324955859722
d165	0.01	5	phi	8.392327321175269e-5	0.7433966453186318
d165	0.01	5	phi	9.529103149571589e-5	0.2251226925609447
d165	0.01	5	phi	0.00010681143863313985	0.2915251297664039
d165	0.01	5	phi	0.00011819397800303034	0.3114371982456553
d165	0.01	5	phi	0.00013345979153336977	0.16977327137397286
d165	0.01	5	phi	0.0001487241608614854	0.25380168594946495
d165	0.01	5	phi	0.00016773086992482195	0.0815025021092544
d165	0.01	5	phi	0.00019063293236353633	0.17155103589842022
d165	0.01	5	phi	0.00021353201256911329	0.01983147665369045
d165	0.01	5	phi	0.00023642897778077072	0.17987105089092212
d165	0.01	5	phi	0.0002630756059577625	0.11357157186670058
d165	0.01	5	phi	0.00029735037055581985	0.10397358631670088
d165	0.01	5	phi	0.00033551959004834276	0.04633684795771563
d165	0.01	5	phi	0.0003774297929274283	0.07058449578492072
d165	0.01	5	phi	0.0004232304713625064	0.06832648668202172
d165	0.01	5	phi	0.00047277581579931876	0.06168990159766262
d165	0.01	5	phi	0.000529954140682307	0.0366626459309891
d165	0.01	5	phi	0.0005947660315265448	0.04159168819740065
d165	0.01	5	phi	0.0006672115727191813	0.04787680483401319
d165	0.01	5	phi	0.0007510328933877064	0.03571634202052243
d165	0.01	5	phi	0.0008426357798242797	0.02407876010774306
d165	0.01	5	phi	0.000945469465562411	0.026335016837419352
d165	0.01	5	phi	0.0010637181906205887	0.01770798538861185
d165	0.01	5	phi	0.0011933427345577946	0.012722953383848445
d165	0.01	5	phi	0.001338234444659373	0.011162111094596371
d165	0.01	5	phi	0.0014983929255561702	0.009599611673784076
d165	0.01	5	phi	0.0016813062912522984	0.005231386081198546
d165	0.01	5	phi	0.0018872672594733926	0.005019831661261863
d165	0.01	5	phi	0.0021159825568989763	0.003083961662767165
d165	0.01	5	phi	0.0023752319840376667	0.0030852096251051423
d165	0.01	5	phi	0.0026650158537247022	0.0016998412701555155
d165	0.01	5	phi	0.002989077753483762	0.0013833259128561359
d165	0.01	5	phi	0.0033550511129892243	0.0011499538058168243
d165	0.01	5	phi	0.0037630823722051253	0.000773032870708211
d165	0.01	5	phi	0.004220512937761092	0.0006866353557972066
d165	0.01	5	phi	0.004735268427364398	0.0004768681462023886
d165	0.01	5	phi	0.00531468965810924	0.00027267507003409376
d165	0.01	5	phi	0.005966703895880201	0.00024371749034490074
d165	0.01	5	phi	0.006691163505285742	0.00016811351099160827
d165	0.01	5	phi	0.00750693386647431	0.00013534189822147374
d165	0.01	5	phi	0.008425831166491782	8.669695794299457e-5
d165	0.01	5	phi	0.009451452182471384	6.0387149129954957e-5
d165	0.01	5	phi	0.010602808117072449	5.3959335678564226e-5
d165	0.01	5	phi	0.011899055913815891	4.094797086292088e-5
d165	0.01	5	phi	0.013351719421174534	2.8384036263617077e-5
d165	0.01	5	phi	0.014979662876172375	2.2402072278550807e-5
d165	0.01	5	phi	0.016805933483363636	1.9089013235045434e-5
d165	0.01	5	phi	0.0188570292540463	1.4062320639933663e-5
d165	0.01	5	phi	0.021159887502757043	1.0846705710678484e-5
d165	0.01	5	phi	0.023741006069205848	8.553836303638992e-6
d165	0.01	5	phi	0.026638552998525435	6.6360234477154545e-6
d165	0.01	5	phi	0.029886952690767608	5.363706142960318e-6
d165	0.01	5	phi	0.0335317139880143	4.575789748434664e-6
d165	0.01	5	phi	0.03762641841208682	3.5231124816561948e-6
d165	0.01	5	phi	0.042216867626638205	2.8751269516237164e-6
d165	0.01	5	phi	0.047367581161098446	2.272647060468872e-6
d165	0.01	5	phi	0.05314755428959493	1.9870845737915343e-6
d165	0.01	5	phi	0.05963268370222095	1.6851017793255126e-6
d165	0.01	5	phi	0.06691097550584788	1.4438291398880302e-6
d165	0.01	5	phi	0.07507374000353845	1.184697838950327e-6
d165	0.01	5	phi	0.0842315912160045	9.797161161801465e-7
d165	0.01	5	phi	0.09451026390588896	8.841701007583811e-7
d165	0.01	5	phi	0.10604341934190899	7.029545375846379e-7
d165	0.01	5	phi	0.11898329021012795	5.752335944259768e-7
d165	0.01	5	phi	0.13350170578599946	4.756806545738108e-7
d165	0.01	5	phi	0.14978906678461706	3.9726252217316883e-7
d165	0.01	5	phi	0.16806660120897057	3.2834159332828567e-7
d165	0.01	5	phi	0.18857454785745398	2.584532017927554e-7
d165	0.01	5	phi	0.2115835334850689	2.1338092028773574e-7
d165	0.01	5	phi	0.23739860927755593	1.7590394912852175e-7
d165	0.01	5	phi	0.266366591568392	1.4529716197778467e-7
d165	0.01	5	phi	0.29886901401039945	1.1937862233205672e-7
d165	0.01	5	phi	0.33533636966402874	9.800964448243942e-8
d165	0.01	5	phi	0.3762531725804453	8.075781519063546e-8
d165	0.01	5	phi	0.4221605298354539	6.602853664621513e-8
d165	0.01	5	phi	0.47367243381911905	5.511491963151864e-8
d165	0.02	1	t1	7.629388473795709e-6	0.5868937804798244
d165	0.02	1	t1	1.525877694759142e-5	1.0315768182640415
d165	0.02	1	t1	2.2888165421387134e-5	0.29718348664698574
d165	0.02	1	t1	3.0517553895182842e-5	0.01049800760194359
d165	0.02	1	t1	3.814694236897854e-5	1.7283648909678038
d165	0.02	1	t1	4.577633084277418e-5	1.2620129335004022
d165	0.02	1	t1	5.340571931656997e-5	0.08542841797145297
d165	0.02	1	t1	6.10351077903657e-5	1.5055179428505547
d165	0.02	1	t1	6.86644962641613e-5	0.9086306988066173
d165	0.02	1	t1	7.629388473795709e-5	0.6752106157036939
d165	0.02	1	t1	8.392327321175269e-5	1.4216544107823441
d165	0.02	1	t1	9.529103149571589e-5	0.5990356510916852
d165	0.02	1	t1	0.00010681143863313985	0.1826757003815197
d165	0.02	1	t1	0.00011819397800303034	0.11981019830797604
d165	0.02	1	t1	0.00013345979153336977	0.5539599066225596
d165	0.02	1	t1	0.0001487241608614854	1.4281397428360367
d165	0.02	1	t1	0.00016773086992482195	0.5418345864543509
d165	0.02	1	t1	0.00019063293236353633	0.2295850940243349
d165	0.02	1	t1	0.00021353201256911329	0.809863453974288
d165	0.02	1	t1	0.00023642897778077072	0.09143300696234391
d165	0.02	1	t1	0.0002630756059577625	0.16275268309528174
d165	0.02	1	t1	0.00029735037055581985	0.6118020262122651
d165	0.02	1	t1	0.00033551959004834276	0.5558484705116452
d165	0.02	1	t1	0.0003774297929274283	0.3575290014687256
d165	0.02	1	t1	0.0004232304713625064	0.2615415595395954
d165	0.02	1	t1	0.00047277581579931876	0.6184117388301215
d165	0.02	1	t1	0.000529954140682307	0.3638850889640856
d165	0.02	1	t1	0.0005947660315265448	0.4745325356247878
d165	0.02	1	t1	0.0006672115727191813	0.4470252554097901
d165	0.02	1	t1	0.0007510328933877064	0.599838391117793
d165	0.02	1	t1	0.0008426357798242797	0.46132477417929096
d165	0.02	1	t1	0.000945469465562411	0.4647757789755173
d165	0.02	1	t1	0.0010637181906205887	0.5750314263292797
d165	0.02	1	t1	0.0011933427345577946	0.6051547014460626
d165	0.02	1	t1	0.001338234444659373	0.6989530334142952
d165	0.02	1	t1	0.0014983929255561702	0.5223080917953635
d165	0.02	1	t1	0.0016813062912522984	0.5697463609374016
d165	0.02	1	t1	0.0018872672594733926	0.752302797188619
d165	0.02	1	t1	0.0021159825568989763	0.72175049302588
d165	0.02	1	t1	0.0023752319840376667	0.5896655857412897
d165	0.02	1	t1	0.0026650158537247022	0.8515525460963884
d165	0.02	1	t1	0.002989077753483762	0.8076272033650298
d165	0.02	1	t1	0.0033550511129892243	0.8151533455087032
d165	0.02	1	t1	0.0037630823722051253	0.6516950794259738
d165	0.02	1	t1	0.004220512937761092	0.8075521332676214
d165	0.02	1	t1	0.004735268427364398	0.817711936767374
d165	0.02	1	t1	0.00531468965810924	0.7601323352294055
d165	0.02	1	t1	0.005966703895880201	0.7272724013554372
d165	0.02	1	t1	0.006691163505285742	0.6814401896505815
d165	0.02	1	t1	0.00750693386647431	0.6599795945354141
d165	0.02	1	t1	0.008425831166491782	0.675414568321461
d165	0.02	1	t1	0.009451452182471384	0.6088187798010946
d165	0.02	1	t1	0.010602808117072449	0.6542998027105287
d165	0.02	1	t1	0.011899055913815891	0.577725247311926
d165	0.02	1	t1	0.013351719421174534	0.560466078292706
d165	0.02	1	t1	0.014979662876172375	0.4964436781938923
d165	0.02	1	t1	0.016805933483363636	0.5094739606956883
d165	0.02	1	t1	0.0188570292540463	0.5439311461528147
d165	0.02	1	t1	0.021159887502757043	0.5052519999954167
d165	0.02	1	t1	0.023741006069205848	0.5412712498443857
d165	0.02	1	t1	0.026638552998525435	0.459419690875397
d165	0.02	1	t1	0.029886952690767608	0.47649778576563007
d165	0.02	1	t1	0.0335317139880143	0.46543874659352635
d165	0.02	1	t1	0.03762641841208682	0.4907423616220702
d165	0.02	1	t1	0.042216867626638205	0.44035657294255126
d165	0.02	1	t1	0.047367581161098446	0.410608741200112
d165	0.02	1	t1	0.05314755428959493	0.37345870572066414
d165	0.02	1	t1	0.05963268370222095	0.3984086020381622
d165	0.02	1	t1	0.06691097550584788	0.3502977599265094
d165	0.02	1	t1	0.07507374000353845	0.3218783424176913
d165	0.02	1	t1	0.0842315912160045	0.31465846894781035
d165	0.02	1	t1	0.09451026390588896	0.29123394848501655
d165	0.02	1	t1	0.10604341934190899	0.26770881747332526
d165	0.02	1	t1	0.11898329021012795	0.2525052880291391
d165	0.02	1	t1	0.13350170578599946	0.23266307172590733
d165	0.02	1	t1	0.14978906678461706	0.2190751496905852
d165	0.02	1	t1	0.16806660120897057	0.21443332757091027
d165	0.02	1	t1	0.18857454785745398	0.195850368001838
d165	0.02	1	t1	0.2115835334850689	0.18811501765306549
d165	0.02	1	t1	0.23739860927755593	0.17712203149380576
d165	0.02	1	t1	0.266366591568392	0.16800735907347006
d165	0.02	1	t1	0.29886901401039945	0.15898721674199845
d165	0.02	1	t1	0.33533636966402874	0.15333032339579816
d165	0.02	1	t1	0.3762531725804453	0.1470675753101471
d165	0.02	1	t1	0.4221605298354539	0.14478372226492506
d165	0.02	1	t1	0.47367243381911905	0.1403849088129942
d165	0.02	1	phi	7.629388473795709e-6	0.28722116718398316
d165	0.02	1	phi	1.525877694759142e-5	1.611368203783476
d165	0.02	1	phi	2.2888165421387134e-5	0.60078757147987
d165	0.02	1	phi	3.0517553895182842e-5	1.0262627199898182
d165	0.02	1	phi	3.814694236897854e-5	0.10769189084606368
d165	0.02	1	phi	4.577633084277418e-5	0.0807600992619262
d165	0.02	1	phi	5.340571931656997e-5	0.045492972279776556
d165	0.02	1	phi	6.10351077903657e-5	0.7601002049243933
d165	0.02	1	phi	6.86644962641613e-5	0.5000571046232033
d165	0.02	1	phi	7.629388473795709e-5	0.1518223939196802
d165	0.02	1	phi	8.392327321175269e-5	0.2873853588245086
d165	0.02	1	phi	9.529103149571589e-5	0.14815422925964877
d165	0.02	1	phi	0.00010681143863313985	0.21101672934112525
d165	0.02	1	phi	0.00011819397800303034	0.09819833822967615
d165	0.02	1	phi	0.00013345979153336977	0.029168596628746477
d165	0.02	1	phi	0.0001487241608614854	0.054569253097729184
d165	0.02	1	phi	0.00016773086992482195	0.03311443026944552
d165	0.02	1	phi	0.00019063293236353633	0.17095078208782108
d165	0.02	1	phi	0.00021353201256911329	0.1259002472563937
d165	0.02	1	phi	0.00023642897778077072	0.062170503772424814
d165	0.02	1	phi	0.0002630756059577625	0.07156029075355452
d165	0.02	1	phi	0.00029735037055581985	0.09522713555804582
d165	0.02	1	phi	0.00033551959004834276	0.05248944801886213
d165	0.02	1	phi	0.0003774297929274283	0.07297918250021286
d165	0.02	1	phi	0.0004232304713625064	0.06478317628301036
d165	0.02	1	phi	0.00047277581579931876	0.061885040086091574
d165	0.02	1	phi	0.000529954140682307	0.028965497525300525
d165	0.02	1	phi	0.0005947660315265448	0.02962487019374369
d165	0.02	1	phi	0.0006672115727191813	0.026416950720610205
d165	0.02	1	phi	0.0007510328933877064	0.03503513745814199
d165	0.02	1	phi	0.0008426357798242797	0.03998403998893921
d165	0.02	1	phi	0.000945469465562411	0.05635600431126228
d165	0.02	1	phi	0.0010637181906205887	0.03577765032571073
d165	0.02	1	phi	0.0011933427345577946	0.0198730601587183
d165	0.02	1	phi	0.001338234444659373	0.02005573396561404
d165	0.02	1	phi	0.0014983929255561702	0.02308751978990965
d165	0.02	1	phi	0.0016813062912522984	0.015478281384221554
d165	0.02	1	phi	0.0018872672594733926	0.015545693262324687
d165	0.02	1	phi	0.0021159825568989763	0.010643705662682908
d165	0.02	1	phi	0.0023752319840376667	0.01040418981097712
d165	0.02	1	phi	0.0026650158537247022	0.008850222355343447
d165	0.02	1	phi	0.002989077753483762	0.006442126765032051
d165	0.02	1	phi	0.0033550511129892243	0.0050842232211342
d165	0.02	1	phi	0.0037630823722051253	0.0038927374068260592
d165	0.02	1	phi	0.004220512937761092	0.0019870495764597726
d165	0.02	1	phi	0.004735268427364398	0.001615884232925027
d165	0.02	1	phi	0.00531468965810924	0.0013351057272767478
d165	0.02	1	phi	0.005966703895880201	0.0008307271230882528
d165	0.02	1	phi	0.006691163505285742	0.0006064228355841261
d165	0.02	1	phi	0.00750693386647431	0.00044148718137328766
d165	0.02	1	phi	0.008425831166491782	0.00029298699390395563
d165	0.02	1	phi	0.009451452182471384	0.00020783493805834764
d165	0.02	1	phi	0.010602808117072449	0.00016546546357947337
d165	0.02	1	phi	0.011899055913815891	0.00010458535300503027
d165	0.02	1	phi	0.013351719421174534	7.663289383199245e-5
d165	0.02	1	phi	0.014979662876172375	5.7198989594746084e-5
d165	0.02	1	phi	0.016805933483363636	4.589141900057725e-5
d165	0.02	1	phi	0.0188570292540463	3.523115243927057e-5
d165	0.02	1	phi	0.021159887502757043	2.3802663188538184e-5
d165	0.02	1	phi	0.023741006069205848	1.8289968786461437e-5
d165	0.02	1	phi	0.026638552998525435	1.4269374212678001e-5
d165	0.02	1	phi	0.029886952690767608	1.2478281405753498e-5
d165	0.02	1	phi	0.0335317139880143	8.99879219902663e-6
d165	0.02	1	phi	0.03762641841208682	8.057581829125802e-6
d165	0.02	1	phi	0.042216867626638205	6.1256408468581354e-6
d165	0.02	1	phi	0.047367581161098446	4.895690279942816e-6
d165	0.02	1	phi	0.05314755428959493	4.190984097512645e-6
d165	0.02	1	phi	0.05963268370222095	3.7462310833944137e-6
d165	0.02	1	phi	0.06691097550584788	3.1215381593099337e-6
d165	0.02	1	phi	0.07507374000353845	2.8147903968615287e-6
d165	0.02	1	phi	0.0842315912160045	2.370182158302868e-6
d165	0.02	1	phi	0.09451026390588896	2.192286168959631e-6
d165	0.02	1	phi	0.10604341934190899	1.8287329834172813e-6
d165	0.02	1	phi	0.11898329021012795	1.6637849702021476e-6
d165	0.02	1	phi	0.13350170578599946	1.437650926993453e-6
d165	0.02	1	phi	0.14978906678461706	1.3342768113719687e-6
d165	0.02	1	phi	0.16806660120897057	1.1675576438194343e-6
d165	0.02	1	phi	0.18857454785745398	1.0815877507017966e-6
d165	0.02	1	phi	0.2115835334850689	9.63023204925278e-7
d165	0.02	1	phi	0.23739860927755593	8.629085722822885e-7
d165	0.02	1	phi	0.266366591568392	7.845549730153049e-7
d165	0.02	1	phi	0.29886901401039945	6.782279918366493e-7
d165	0.02	1	phi	0.33533636966402874	5.832401866039415e-7
d165	0.02	1	phi	0.3762531725804453	5.255153088076637e-7
d165	0.02	1	phi	0.4221605298354539	4.4547014116176933e-7
d165	0.02	1	phi	0.47367243381911905	3.726395117674099e-7
d165	0.02	2	t1	7.629388473795709e-6	3.5321163196505747
d165	0.02	2	t1	1.525877694759142e-5	0.6904689977932722
d165	0.02	2	t1	2.2888165421387134e-5	1.1585025292157582
d165	0.02	2	t1	3.0517553895182842e-5	0.03563396614021562
d165	0.02	2	t1	3.814694236897854e-5	0.09660498089601328
d165	0.02	2	t1	4.577633084277418e-5	0.3407386832547017
d165	0.02	2	t1	5.340571931656997e-5	0.9761680331011144
d165	0.02	2	t1	6.10351077903657e-5	1.410148663281582
d165	0.02	2	t1	6.86644962641613e-5	0.9888067279299978
d165	0.02	2	t1	7.629388473795709e-5	0.01792447311779742
d165	0.02	2	t1	8.392327321175269e-5	1.5491497025088998
d165	0.02	2	t1	9.529103149571589e-5	0.782199267739094
d165	0.02	2	t1	0.00010681143863313985	1.1572061953889532
d165	0.02	2	t1	0.00011819397800303034	1.1002324181067318
d165	0.02	2	t1	0.00013345979153336977	1.5949479363488637
d165	0.02	2	t1	0.0001487241608614854	0.18712989055402343
d165	0.02	2	t1	0.00016773086992482195	1.714097112601598
d165	0.02	2	t1	0.00019063293236353633	0.7318096223943834
d165	0.02	2	t1	0.00021353201256911329	0.43979419838098793
d165	0.02	2	t1	0.00023642897778077072	0.20550565828521136
d165	0.02	2	t1	0.0002630756059577625	0.4798233510235447
d165	0.02	2	t1	0.00029735037055581985	0.35059848487967904
d165	0.02	2	t1	0.00033551959004834276	0.7292306364576375
d165	0.02	2	t1	0.0003774297929274283	0.7353387437293329
d165	0.02	2	t1	0.0004232304713625064	0.5571807352428592
d165	0.02	2	t1	0.00047277581579931876	0.7330583239067684
d165	0.02	2	t1	0.000529954140682307	0.45596038225223706
d165	0.02	2	t1	0.0005947660315265448	0.7686765231497618
d165	0.02	2	t1	0.0006672115727191813	0.6807916171681709
d165	0.02	2	t1	0.0007510328933877064	0.47382534722375474
d165	0.02	2	t1	0.0008426357798242797	0.49413381968183484
d165	0.02	2	t1	0.000945469465562411	0.415119523016623
d165	0.02	2	t1	0.0010637181906205887	0.6595220322663555
d165	0.02	2	t1	0.0011933427345577946	0.5365842253441189
d165	0.02	2	t1	0.001338234444659373	0.6585724952261219
d165	0.02	2	t1	0.0014983929255561702	0.7836446695265974
d165	0.02	2	t1	0.0016813062912522984	0.44832615351692195
d165	0.02	2	t1	0.0018872672594733926	0.6506253080629404
d165	0.02	2	t1	0.0021159825568989763	0.8419767657340671
d165	0.02	2	t1	0.0023752319840376667	0.8484444923899953
d165	0.02	2	t1	0.0026650158537247022	0.4898940136545781
d165	0.02	2	t1	0.002989077753483762	0.8086104177323172
d165	0.02	2	t1	0.0033550511129892243	0.8142424898660617
d165	0.02	2	t1	0.0037630823722051253	0.6471401381598785
d165	0.02	2	t1	0.004220512937761092	0.76459108170709
d165	0.02	2	t1	0.004735268427364398	0.6492431153010818
d165	0.02	2	t1	0.00531468965810924	0.6948029333010529
d165	0.02	2	t1	0.005966703895880201	0.6796532822240827
d165	0.02	2	t1	0.006691163505285742	0.712167907840112
d165	0.02	2	t1	0.00750693386647431	0.6918507062434895
d165	0.02	2	t1	0.008425831166491782	0.6084635216831533
d165	0.02	2	t1	0.009451452182471384	0.626475559469889
d165	0.02	2	t1	0.010602808117072449	0.5654054352376456
d165	0.02	2	t1	0.011899055913815891	0.6013149774859282
d165	0.02	2	t1	0.013351719421174534	0.5197164127135927
d165	0.02	2	t1	0.014979662876172375	0.5118128277676846
d165	0.02	2	t1	0.016805933483363636	0.517591256582551
d165	0.02	2	t1	0.0188570292540463	0.4994478857029831
d165	0.02	2	t1	0.021159887502757043	0.5300814778585039
d165	0.02	2	t1	0.023741006069205848	0.4511742024541295
d165	0.02	2	t1	0.026638552998525435	0.4910646293911893
d165	0.02	2	t1	0.029886952690767608	0.42883123906631876
d165	0.02	2	t1	0.0335317139880143	0.40153813907960073
d165	0.02	2	t1	0.03762641841208682	0.4094714868052714
d165	0.02	2	t1	0.042216867626638205	0.40206608910277797
d165	0.02	2	t1	0.047367581161098446	0.36248446882257723
d165	0.02	2	t1	0.05314755428959493	0.3466123562685727
d165	0.02	2	t1	0.05963268370222095	0.33944215794175975
d165	0.02	2	t1	0.06691097550584788	0.32231720211488
d165	0.02	2	t1	0.07507374000353845	0.2934569243354608
d165	0.02	2	t1	0.0842315912160045	0.2824296828421581
d165	0.02	2	t1	0.09451026390588896	0.2681403372317355
d165	0.02	2	t1	0.10604341934190899	0.2582277175442317
d165	0.02	2	t1	0.11898329021012795	0.22884902383439296
d165	0.02	2	t1	0.13350170578599946	0.21122999360750594
d165	0.02	2	t1	0.14978906678461706	0.2056827852019082
d165	0.02	2	t1	0.16806660120897057	0.18969545515337982
d165	0.02	2	t1	0.18857454785745398	0.1787494244637534
d165	0.02	2	t1	0.2115835334850689	0.1748046043979006
d165	0.02	2	t1	0.23739860927755593	0.1641265033522235
d165	0.02	2	t1	0.266366591568392	0.15572449800995378
d165	0.02	2	t1	0.29886901401039945	0.1451396048930701
d165	0.02	2	t1	0.33533636966402874	0.14178485759907322
d165	0.02	2	t1	0.3762531725804453	0.13692709960591185
d165	0.02	2	t1	0.4221605298354539	0.1340220878009119
d165	0.02	2	t1	0.47367243381911905	0.1304626691457046
d165	0.02	2	phi	7.629388473795709e-6	3.015422248906583
d165	0.02	2	phi	1.525877694759142e-5	1.6473146212179548
d165	0.02	2	phi	2.2888165421387134e-5	0.5347418430074626
d165	0.02	2	phi	3.0517553895182842e-5	0.628723515492738
d165	0.02	2	phi	3.814694236897854e-5	0.5860503439137394
d165	0.02	2	phi	4.577633084277418e-5	0.21294403129872969
d165	0.02	2	phi	5.340571931656997e-5	0.13259821940005503
d165	0.02	2	phi	6.10351077903657e-5	0.1763996925648983
d165	0.02	2	phi	6.86644962641613e-5	0.04228282599558647
d165	0.02	2	phi	7.629388473795709e-5	0.1071534046528936
d165	0.02	2	phi	8.392327321175269e-5	0.3698998336921185
d165	0.02	2	phi	9.529103149571589e-5	0.11365730969076379
d165	0.02	2	phi	0.00010681143863313985	0.12784950546717372
d165	0.02	2	phi	0.00011819397800303034	0.10533173605950935
d165	0.02	2	phi	0.00013345979153336977	0.0736969484453405
d165	0.02	2	phi	0.0001487241608614854	0.13648296966782195
d165	0.02	2	phi	0.00016773086992482195	0.36849066714445583
d165	0.02	2	phi	0.00019063293236353633	0.1673254009307608
d165	0.02	2	phi	0.00021353201256911329	0.31711552259622255
d165	0.02	2	phi	0.00023642897778077072	0.09298454464109085
d165	0.02	2	phi	0.0002630756059577625	0.15458882443184355
d165	0.02	2	phi	0.00029735037055581985	0.17289195705890617
d165	0.02	2	phi	0.00033551959004834276	0.06052721704666546
d165	0.02	2	phi	0.0003774297929274283	0.0861702974974591
d165	0.02	2	phi	0.0004232304713625064	0.04763359571431092
d165	0.02	2	phi	0.00047277581579931876	0.07266678934768896
d165	0.02	2	phi	0.000529954140682307	0.07009421008527353
d165	0.02	2	phi	0.0005947660315265448	0.052747932872030834
d165	0.02	2	phi	0.0006672115727191813	0.05358835344782409
d165	0.02	2	phi	0.0007510328933877064	0.05801597523076323
d165	0.02	2	phi	0.0008426357798242797	0.02739681374451206
d165	0.02	2	phi	0.000945469465562411	0.03717671277424317
d165	0.02	2	phi	0.0010637181906205887	0.038397824503039954
d165	0.02	2	phi	0.0011933427345577946	0.032841012912987605
d165	0.02	2	phi	0.001338234444659373	0.018385724394669394
d165	0.02	2	phi	0.0014983929255561702	0.02286681509338708
d165	0.02	2	phi	0.0016813062912522984	0.016599210164970703
d165	0.02	2	phi	0.0018872672594733926	0.010311001688942594
d165	0.02	2	phi	0.0021159825568989763	0.014597060480804176
d165	0.02	2	phi	0.0023752319840376667	0.007528377579079593
d165	0.02	2	phi	0.0026650158537247022	0.006338828055348492
d165	0.02	2	phi	0.002989077753483762	0.006711799544365975
d165	0.02	2	phi	0.0033550511129892243	0.003844463219019183
d165	0.02	2	phi	0.0037630823722051253	0.0024203162802789654
d165	0.02	2	phi	0.004220512937761092	0.002115972512834947
d165	0.02	2	phi	0.004735268427364398	0.0012219324763097477
d165	0.02	2	phi	0.00531468965810924	0.0011156733046330703
d165	0.02	2	phi	0.005966703895880201	0.0008986482667648814
d165	0.02	2	phi	0.006691163505285742	0.0004637465495877835
d165	0.02	2	phi	0.00750693386647431	0.00044488885812230596
d165	0.02	2	phi	0.008425831166491782	0.0002831117266323917
d165	0.02	2	phi	0.009451452182471384	0.0001973898175166376
d165	0.02	2	phi	0.010602808117072449	0.0001347605532941349
d165	0.02	2	phi	0.011899055913815891	0.00010204425060811153
d165	0.02	2	phi	0.013351719421174534	6.721325718803525e-5
d165	0.02	2	phi	0.014979662876172375	5.19884159507657e-5
d165	0.02	2	phi	0.016805933483363636	3.4510208782486755e-5
d165	0.02	2	phi	0.0188570292540463	3.075522058986687e-5
d165	0.02	2	phi	0.021159887502757043	2.3047643251484767e-5
d165	0.02	2	phi	0.023741006069205848	1.8534818766875702e-5
d165	0.02	2	phi	0.026638552998525435	1.3705253448410547e-5
d165	0.02	2	phi	0.029886952690767608	1.0830522595395125e-5
d165	0.02	2	phi	0.0335317139880143	9.171145657655588e-6
d165	0.02	2	phi	0.03762641841208682	7.203501769761039e-6
d165	0.02	2	phi	0.042216867626638205	6.058248900338643e-6
d165	0.02	2	phi	0.047367581161098446	4.512449744184956e-6
d165	0.02	2	phi	0.05314755428959493	4.05215248738191e-6
d165	0.02	2	phi	0.05963268370222095	3.526620452332338e-6
d165	0.02	2	phi	0.06691097550584788	2.9252344315090414e-6
d165	0.02	2	phi	0.07507374000353845	2.696781497736893e-6
d165	0.02	2	phi	0.0842315912160045	2.396608930774649e-6
d165	0.02	2	phi	0.09451026390588896	2.0831611692365126e-6
d165	0.02	2	phi	0.10604341934190899	1.8335573415034036e-6
d165	0.02	2	phi	0.11898329021012795	1.6431175955395555e-6
d165	0.02	2	phi	0.13350170578599946	1.4531654413274983e-6
d165	0.02	2	phi	0.14978906678461706	1.3496538200032784e-6
d165	0.02	2	phi	0.16806660120897057	1.2054674330399616e-6
d165	0.02	2	phi	0.18857454785745398	1.0551950318683982e-6
d165	0.02	2	phi	0.2115835334850689	9.69642958447374e-7
d165	0.02	2	phi	0.23739860927755593	8.679296545735434e-7
d165	0.02	2	phi	0.266366591568392	7.521922826794888e-7
d165	0.02	2	phi	0.29886901401039945	6.684366684897364e-7
d165	0.02	2	phi	0.33533636966402874	5.952055270591926e-7
d165	0.02	2	phi	0.3762531725804453	5.188497121315183e-7
d165	0.02	2	phi	0.4221605298354539	4.3608228261929675e-7
d165	0.02	2	phi	0.47367243381911905	3.7599026695712005e-7
d165	0.02	3	t1	7.629388473795709e-6	1.9201173584490085
d165	0.02	3	t1	1.525877694759142e-5	1.4053687116320361
d165	0.02	3	t1	2.2888165421387134e-5	0.8681494275790693
d165	0.02	3	t1	3.0517553895182842e-5	1.248368155786479
d165	0.02	3	t1	3.814694236897854e-5	0.5692752235134723
d165	0.02	3	t1	4.577633084277418e-5	1.28128402693386
d165	0.02	3	t1	5.340571931656997e-5	2.1450122228658155
d165	0.02	3	t1	6.10351077903657e-5	0.31525734317144843
d165	0.02	3	t1	6.86644962641613e-5	0.4587021363839076
d165	0.02	3	t1	7.629388473795709e-5	0.2706145153088025
d165	0.02	3	t1	8.392327321175269e-5	0.13750335522697044
d165	0.02	3	t1	9.529103149571589e-5	1.2301757529710369
d165	0.02	3	t1	0.00010681143863313985	0.8063912514445517
d165	0.02	3	t1	0.00011819397800303034	0.8926516865457834
d165	0.02	3	t1	0.00013345979153336977	1.5906387077132562
d165	0.02	3	t1	0.0001487241608614854	1.6236970948289708
d165	0.02	3	t1	0.00016773086992482195	0.6404868586445311
d165	0.02	3	t1	0.00019063293236353633	0.3378802362606314
d165	0.02	3	t1	0.00021353201256911329	0.40972468267505374
d165	0.02	3	t1	0.00023642897778077072	1.7260814350795108
d165	0.02	3	t1	0.0002630756059577625	0.8979606337605252
d165	0.02	3	t1	0.00029735037055581985	0.41128625910898825
d165	0.02	3	t1	0.00033551959004834276	0.864917956374318
d165	0.02	3	t1	0.0003774297929274283	0.1999732320644171
d165	0.02	3	t1	0.0004232304713625064	0.4819806917420484
d165	0.02	3	t1	0.00047277581579931876	0.6049327562489635
d165	0.02	3	t1	0.000529954140682307	0.2274057801423149
d165	0.02	3	t1	0.0005947660315265448	0.5762207042677114
d165	0.02	3	t1	0.0006672115727191813	0.3460124974824102
d165	0.02	3	t1	0.0007510328933877064	0.5779017284318707
d165	0.02	3	t1	0.0008426357798242797	0.5730347802702209
d165	0.02	3	t1	0.000945469465562411	0.6197828772826867
d165	0.02	3	t1	0.0010637181906205887	0.8154988609882888
d165	0.02	3	t1	0.0011933427345577946	0.5432777497887635
d165	0.02	3	t1	0.001338234444659373	0.6445750248312294
d165	0.02	3	t1	0.0014983929255561702	0.833533277947213
d165	0.02	3	t1	0.0016813062912522984	0.5964448023867116
d165	0.02	3	t1	0.0018872672594733926	0.9613387646345689
d165	0.02	3	t1	0.0021159825568989763	1.5050882805913013
d165	0.02	3	t1	0.0023752319840376667	1.1782626622341987
d165	0.02	3	t1	0.0026650158537247022	0.8318152373779822
d165	0.02	3	t1	0.002989077753483762	0.7707039690807282
d165	0.02	3	t1	0.0033550511129892243	0.7888591278593392
d165	0.02	3	t1	0.0037630823722051253	1.0936332718467678
d165	0.02	3	t1	0.004220512937761092	0.9127704544080241
d165	0.02	3	t1	0.004735268427364398	0.9163557692625365
d165	0.02	3	t1	0.00531468965810924	0.8713814258536692
d165	0.02	3	t1	0.005966703895880201	0.8533425874802296
d165	0.02	3	t1	0.006691163505285742	0.7229596491747601
d165	0.02	3	t1	0.00750693386647431	0.8117945575163283
d165	0.02	3	t1	0.008425831166491782	0.7209954634751251
d165	0.02	3	t1	0.009451452182471384	0.6550649574667236
d165	0.02	3	t1	0.010602808117072449	0.7228889740117019
d165	0.02	3	t1	0.011899055913815891	0.7552957471915873
d165	0.02	3	t1	0.013351719421174534	0.6703997522319473
d165	0.02	3	t1	0.014979662876172375	0.6500716235737416
d165	0.02	3	t1	0.016805933483363636	0.6043349491396464
d165	0.02	3	t1	0.0188570292540463	0.5937843987669111
d165	0.02	3	t1	0.021159887502757043	0.615629845733196
d165	0.02	3	t1	0.023741006069205848	0.6349058935949795
d165	0.02	3	t1	0.026638552998525435	0.5580789041944245
d165	0.02	3	t1	0.029886952690767608	0.5509781812002342
d165	0.02	3	t1	0.0335317139880143	0.5717549155824773
d165	0.02	3	t1	0.03762641841208682	0.49407208210175435
d165	0.02	3	t1	0.042216867626638205	0.48758935786937313
d165	0.02	3	t1	0.047367581161098446	0.4629743335361312
d165	0.02	3	t1	0.05314755428959493	0.43238225885840875
d165	0.02	3	t1	0.05963268370222095	0.43289942596230624
d165	0.02	3	t1	0.06691097550584788	0.38066262485865476
d165	0.02	3	t1	0.07507374000353845	0.3786454110028672
d165	0.02	3	t1	0.0842315912160045	0.37121867669033265
d165	0.02	3	t1	0.09451026390588896	0.3404046787280105
d165	0.02	3	t1	0.10604341934190899	0.31161448548162063
d165	0.02	3	t1	0.11898329021012795	0.28947026917077506
d165	0.02	3	t1	0.13350170578599946	0.2851384759625426
d165	0.02	3	t1	0.14978906678461706	0.252368799263641
d165	0.02	3	t1	0.16806660120897057	0.24038639699210826
d165	0.02	3	t1	0.18857454785745398	0.23277086894314095
d165	0.02	3	t1	0.2115835334850689	0.21543012135254155
d165	0.02	3	t1	0.23739860927755593	0.2002520134792266
d165	0.02	3	t1	0.266366591568392	0.19223831185345744
d165	0.02	3	t1	0.29886901401039945	0.18427134542587753
d165	0.02	3	t1	0.33533636966402874	0.17706278722168448
d165	0.02	3	t1	0.3762531725804453	0.17635628734854372
d165	0.02	3	t1	0.4221605298354539	0.17093865225439225
d165	0.02	3	t1	0.47367243381911905	0.1641636467221293
d165	0.02	3	phi	7.629388473795709e-6	1.0567885498048106
d165	0.02	3	phi	1.525877694759142e-5	0.44989725953950044
d165	0.02	3	phi	2.2888165421387134e-5	0.1141443691363845
d165	0.02	3	phi	3.0517553895182842e-5	0.04314521650853397
d165	0.02	3	phi	3.814694236897854e-5	0.14698137812739015
d165	0.02	3	phi	4.577633084277418e-5	0.03939230122446246
d165	0.02	3	phi	5.340571931656997e-5	0.13763535103798732
d165	0.02	3	phi	6.10351077903657e-5	0.21470365252100074
d165	0.02	3	phi	6.86644962641613e-5	0.06103327680757116
d165	0.02	3	phi	7.629388473795709e-5	0.07168195245564984
d165	0.02	3	phi	8.392327321175269e-5	0.026650325779886467
d165	0.02	3	phi	9.529103149571589e-5	0.12450244592797204
d165	0.02	3	phi	0.00010681143863313985	0.13454820365509354
d165	0.02	3	phi	0.00011819397800303034	0.2683723321753472
d165	0.02	3	phi	0.00013345979153336977	0.09414024783926744
d165	0.02	3	phi	0.0001487241608614854	0.02101325255434119
d165	0.02	3	phi	0.00016773086992482195	0.08196634618177014
d165	0.02	3	phi	0.00019063293236353633	0.1870133685636951
d165	0.02	3	phi	0.00021353201256911329	0.013008125400207954
d165	0.02	3	phi	0.00023642897778077072	0.23602571251935642
d165	0.02	3	phi	0.0002630756059577625	0.037608586278351216
d165	0.02	3	phi	0.00029735037055581985	0.04515130270224817
d165	0.02	3	phi	0.00033551959004834276	0.08743088261272154
d165	0.02	3	phi	0.0003774297929274283	0.03856556489940397
d165	0.02	3	phi	0.0004232304713625064	0.03877725453865943
d165	0.02	3	phi	0.00047277581579931876	0.03637679403156234
d165	0.02	3	phi	0.000529954140682307	0.044359692784212146
d165	0.02	3	phi	0.0005947660315265448	0.06084948991026641
d165	0.02	3	phi	0.0006672115727191813	0.05376988187785077
d165	0.02	3	phi	0.0007510328933877064	0.03209550629397283
d165	0.02	3	phi	0.0008426357798242797	0.05333144972408322
d165	0.02	3	phi	0.000945469465562411	0.03611471723545375
d165	0.02	3	phi	0.0010637181906205887	0.0319792266824609
d165	0.02	3	phi	0.0011933427345577946	0.031006307272132685
d165	0.02	3	phi	0.001338234444659373	0.015538505364550217
d165	0.02	3	phi	0.0014983929255561702	0.017997832352789768
d165	0.02	3	phi	0.0016813062912522984	0.016239025541829787
d165	0.02	3	phi	0.0018872672594733926	0.011383233051338992
d165	0.02	3	phi	0.0021159825568989763	0.010921073206071106
d165	0.02	3	phi	0.0023752319840376667	0.00861360450010456
d165	0.02	3	phi	0.0026650158537247022	0.006349295967461449
d165	0.02	3	phi	0.002989077753483762	0.005680793257187192
d165	0.02	3	phi	0.0033550511129892243	0.00389760278101276
d165	0.02	3	phi	0.0037630823722051253	0.002662567118089642
d165	0.02	3	phi	0.004220512937761092	0.002084709091518365
d165	0.02	3	phi	0.004735268427364398	0.0012904231612379327
d165	0.02	3	phi	0.00531468965810924	0.0012563250495824419
d165	0.02	3	phi	0.005966703895880201	0.0009598073508298402
d165	0.02	3	phi	0.006691163505285742	0.0005457224577999349
d165	0.02	3	phi	0.00750693386647431	0.0004439653336131107
d165	0.02	3	phi	0.008425831166491782	0.00027796728007379706
d165	0.02	3	phi	0.009451452182471384	0.00020122666906546087
d165	0.02	3	phi	0.010602808117072449	0.0001625605663589941
d165	0.02	3	phi	0.011899055913815891	0.0001028213607006153
d165	0.02	3	phi	0.013351719421174534	8.249830468094514e-5
d165	0.02	3	phi	0.014979662876172375	5.915325491260153e-5
d165	0.02	3	phi	0.016805933483363636	4.231695284603873e-5
d165	0.02	3	phi	0.0188570292540463	3.095700840163457e-5
d165	0.02	3	phi	0.021159887502757043	2.4463038874802025e-5
d165	0.02	3	phi	0.023741006069205848	1.7058620088809894e-5
d165	0.02	3	phi	0.026638552998525435	1.4344907583988876e-5
d165	0.02	3	phi	0.029886952690767608	1.0679693793945521e-5
d165	0.02	3	phi	0.0335317139880143	8.392652285760184e-6
d165	0.02	3	phi	0.03762641841208682	6.773820223976994e-6
d165	0.02	3	phi	0.042216867626638205	5.287178449110672e-6
d165	0.02	3	phi	0.047367581161098446	4.704620353956217e-6
d165	0.02	3	phi	0.05314755428959493	3.8868825830531725e-6
d165	0.02	3	phi	0.05963268370222095	3.2749057910959995e-6
d165	0.02	3	phi	0.06691097550584788	2.997448520868303e-6
d165	0.02	3	phi	0.07507374000353845	2.4239942086433916e-6
d165	0.02	3	phi	0.0842315912160045	2.2688747533595704e-6
d165	0.02	3	phi	0.09451026390588896	1.9415153246791104e-6
d165	0.02	3	phi	0.10604341934190899	1.7684298766947687e-6
d165	0.02	3	phi	0.11898329021012795	1.5542057478948546e-6
d165	0.02	3	phi	0.13350170578599946	1.3478092541964085e-6
d165	0.02	3	phi	0.14978906678461706	1.321453261354477e-6
d165	0.02	3	phi	0.16806660120897057	1.0979579839818095e-6
d165	0.02	3	phi	0.18857454785745398	1.0442365606127868e-6
d165	0.02	3	phi	0.2115835334850689	9.301288717607274e-7
d165	0.02	3	phi	0.23739860927755593	8.143527105231995e-7
d165	0.02	3	phi	0.266366591568392	7.46936414156453e-7
d165	0.02	3	phi	0.29886901401039945	6.398565222484714e-7
d165	0.02	3	phi	0.33533636966402874	5.507719529816674e-7
d165	0.02	3	phi	0.3762531725804453	4.910534296427653e-7
d165	0.02	3	phi	0.4221605298354539	4.2286417064047587e-7
d165	0.02	3	phi	0.47367243381911905	3.519025556407186e-7
d165	0.02	4	t1	7.629388473795709e-6	20.18177078642232
d165	0.02	4	t1	1.525877694759142e-5	5.473634404633122
d165	0.02	4	t1	2.2888165421387134e-5	0.9003462278130484
d165	0.02	4	t1	3.0517553895182842e-5	3.5250366531225747
d165	0.02	4	t1	3.814694236897854e-5	2.842979834775806
d165	0.02	4	t1	4.577633084277418e-5	0.7194767402687037
d165	0.02	4	t1	5.340571931656997e-5	0.3759934879398355
d165	0.02	4	t1	6.10351077903657e-5	1.360505440861564
d165	0.02	4	t1	6.86644962641613e-5	0.7029798643789338
d165	0.02	4	t1	7.629388473795709e-5	1.6456979487130108
d165	0.02	4	t1	8.392327321175269e-5	0.09503256743915602
d165	0.02	4	t1	9.529103149571589e-5	0.3836453210030914
d165	0.02	4	t1	0.00010681143863313985	0.5149058233553426
d165	0.02	4	t1	0.00011819397800303034	0.8453473094652322
d165	0.02	4	t1	0.00013345979153336977	0.46486216248091966
d165	0.02	4	t1	0.0001487241608614854	0.23177189241974547
d165	0.02	4	t1	0.00016773086992482195	1.2170070737041954
d165	0.02	4	t1	0.00019063293236353633	0.13848900807530126
d165	0.02	4	t1	0.00021353201256911329	0.4169733765040326
d165	0.02	4	t1	0.00023642897778077072	0.3778677054912433
d165	0.02	4	t1	0.0002630756059577625	0.7837920105071707
d165	0.02	4	t1	0.00029735037055581985	0.5353064405697854
d165	0.02	4	t1	0.00033551959004834276	0.872897043163744
d165	0.02	4	t1	0.0003774297929274283	0.4661516416136706
d165	0.02	4	t1	0.0004232304713625064	0.7392123175343176
d165	0.02	4	t1	0.00047277581579931876	0.4679097171433968
d165	0.02	4	t1	0.000529954140682307	0.4106217913203523
d165	0.02	4	t1	0.0005947660315265448	0.2877593776597014
d165	0.02	4	t1	0.0006672115727191813	0.42000277441002354
d165	0.02	4	t1	0.0007510328933877064	0.5247206153357832
d165	0.02	4	t1	0.0008426357798242797	0.2937679445335276
d165	0.02	4	t1	0.000945469465562411	0.7661349206975766
d165	0.02	4	t1	0.0010637181906205887	0.45352549446821205
d165	0.02	4	t1	0.0011933427345577946	0.5847864021920758
d165	0.02	4	t1	0.001338234444659373	0.5524945633113016
d165	0.02	4	t1	0.0014983929255561702	0.6447746624291025
d165	0.02	4	t1	0.0016813062912522984	0.5320887313452834
d165	0.02	4	t1	0.0018872672594733926	0.886275731590998
d165	0.02	4	t1	0.0021159825568989763	0.7801756031590671
d165	0.02	4	t1	0.0023752319840376667	0.8151403874053179
d165	0.02	4	t1	0.0026650158537247022	0.6276700469646564
d165	0.02	4	t1	0.002989077753483762	0.6259011524232007
d165	0.02	4	t1	0.0033550511129892243	0.6488586210535745
d165	0.02	4	t1	0.0037630823722051253	1.0189625431477
d165	0.02	4	t1	0.004220512937761092	0.9049992231259614
d165	0.02	4	t1	0.004735268427364398	0.8347195819009886
d165	0.02	4	t1	0.00531468965810924	0.7174584464721988
d165	0.02	4	t1	0.005966703895880201	0.791349934258034
d165	0.02	4	t1	0.006691163505285742	0.7731080384555498
d165	0.02	4	t1	0.00750693386647431	0.6947052746265022
d165	0.02	4	t1	0.008425831166491782	0.6998484813259683
d165	0.02	4	t1	0.009451452182471384	0.6854615336430359
d165	0.02	4	t1	0.010602808117072449	0.7320074091847869
d165	0.02	4	t1	0.011899055913815891	0.5438990155143114
d165	0.02	4	t1	0.013351719421174534	0.625239564508666
d165	0.02	4	t1	0.014979662876172375	0.5868547839373968
d165	0.02	4	t1	0.016805933483363636	0.5306630205663271
d165	0.02	4	t1	0.0188570292540463	0.579690039548742
d165	0.02	4	t1	0.021159887502757043	0.5693899054040478
d165	0.02	4	t1	0.023741006069205848	0.5502892371828959
d165	0.02	4	t1	0.026638552998525435	0.468522237805241
d165	0.02	4	t1	0.029886952690767608	0.5146032936634672
d165	0.02	4	t1	0.0335317139880143	0.4937462030601328
d165	0.02	4	t1	0.03762641841208682	0.45201779054635244
d165	0.02	4	t1	0.042216867626638205	0.4422421287086144
d165	0.02	4	t1	0.047367581161098446	0.39528973427731806
d165	0.02	4	t1	0.05314755428959493	0.426139389885072
d165	0.02	4	t1	0.05963268370222095	0.36419217184413943
d165	0.02	4	t1	0.06691097550584788	0.36196406131261427
d165	0.02	4	t1	0.07507374000353845	0.3246966898638906
d165	0.02	4	t1	0.0842315912160045	0.29886311011622224
d165	0.02	4	t1	0.09451026390588896	0.30097662056931407
d165	0.02	4	t1	0.10604341934190899	0.2835934157323041
d165	0.02	4	t1	0.11898329021012795	0.2590481003055137
d165	0.02	4	t1	0.13350170578599946	0.24352347958640116
d165	0.02	4	t1	0.14978906678461706	0.2370337725853288
d165	0.02	4	t1	0.16806660120897057	0.21432232806343682
d165	0.02	4	t1	0.18857454785745398	0.20950342788581358
d165	0.02	4	t1	0.2115835334850689	0.1950871236463581
d165	0.02	4	t1	0.23739860927755593	0.18561992690748727
d165	0.02	4	t1	0.266366591568392	0.17891568198779106
d165	0.02	4	t1	0.29886901401039945	0.1716363536157621
d165	0.02	4	t1	0.33533636966402874	0.1680652928073678
d165	0.02	4	t1	0.3762531725804453	0.15736119834785708
d165	0.02	4	t1	0.4221605298354539	0.1531896974806394
d165	0.02	4	t1	0.47367243381911905	0.14795745249425335
d165	0.02	4	phi	7.629388473795709e-6	0.07209217598512756
d165	0.02	4	phi	1.525877694759142e-5	0.48714366545866394
d165	0.02	4	phi	2.2888165421387134e-5	0.18598673823224499
d165	0.02	4	phi	3.0517553895182842e-5	0.22120550648597287
d165	0.02	4	phi	3.814694236897854e-5	0.052623442743129835
d165	0.02	4	phi	4.577633084277418e-5	0.3062080491384078
d165	0.02	4	phi	5.340571931656997e-5	0.1799367584195191
d165	0.02	4	phi	6.10351077903657e-5	0.587539451491852
d165	0.02	4	phi	6.86644962641613e-5	0.19529758475986755
d165	0.02	4	phi	7.629388473795709e-5	0.13528237402644033
d165	0.02	4	phi	8.392327321175269e-5	0.16856798411407234
d165	0.02	4	phi	9.529103149571589e-5	0.13726286668373816
d165	0.02	4	phi	0.00010681143863313985	0.4874888889261717
d165	0.02	4	phi	0.00011819397800303034	0.09920876430701894
d165	0.02	4	phi	0.00013345979153336977	0.1537750384943836
d165	0.02	4	phi	0.0001487241608614854	0.15059776730684865
d165	0.02	4	phi	0.00016773086992482195	0.12071573239643678
d165	0.02	4	phi	0.00019063293236353633	0.043648014892527474
d165	0.02	4	phi	0.00021353201256911329	0.0666768447561836
d165	0.02	4	phi	0.00023642897778077072	0.07251198304615464
d165	0.02	4	phi	0.0002630756059577625	0.03978753132927018
d165	0.02	4	phi	0.00029735037055581985	0.12293079703792431
d165	0.02	4	phi	0.00033551959004834276	0.05198867916176506
d165	0.02	4	phi	0.0003774297929274283	0.04824724366067187
d165	0.02	4	phi	0.0004232304713625064	0.04981294591864823
d165	0.02	4	phi	0.00047277581579931876	0.04839819359788976
d165	0.02	4	phi	0.000529954140682307	0.07153052358421748
d165	0.02	4	phi	0.0005947660315265448	0.054826823625927584
d165	0.02	4	phi	0.0006672115727191813	0.035475293000602766
d165	0.02	4	phi	0.0007510328933877064	0.03893010863663734
d165	0.02	4	phi	0.0008426357798242797	0.03229872414178835
d165	0.02	4	phi	0.000945469465562411	0.031866382918219645
d165	0.02	4	phi	0.0010637181906205887	0.034510426985235945
d165	0.02	4	phi	0.0011933427345577946	0.03115885188942266
d165	0.02	4	phi	0.001338234444659373	0.01698103480507363
d165	0.02	4	phi	0.0014983929255561702	0.025153580354170167
d165	0.02	4	phi	0.0016813062912522984	0.01854432534036093
d165	0.02	4	phi	0.0018872672594733926	0.01921276398859334
d165	0.02	4	phi	0.0021159825568989763	0.01668840035908226
d165	0.02	4	phi	0.0023752319840376667	0.007237392776838541
d165	0.02	4	phi	0.0026650158537247022	0.007582548027816806
d165	0.02	4	phi	0.002989077753483762	0.005368022618920587
d165	0.02	4	phi	0.0033550511129892243	0.004108643503063336
d165	0.02	4	phi	0.0037630823722051253	0.003395942331155811
d165	0.02	4	phi	0.004220512937761092	0.002573938207523492
d165	0.02	4	phi	0.004735268427364398	0.00164422531724913
d165	0.02	4	phi	0.00531468965810924	0.0009802354199808668
d165	0.02	4	phi	0.005966703895880201	0.000887417140067469
d165	0.02	4	phi	0.006691163505285742	0.0005569641685146142
d165	0.02	4	phi	0.00750693386647431	0.00043501088457909053
d165	0.02	4	phi	0.008425831166491782	0.00028002903982440907
d165	0.02	4	phi	0.009451452182471384	0.0002451886086772011
d165	0.02	4	phi	0.010602808117072449	0.0001476172776738854
d165	0.02	4	phi	0.011899055913815891	0.00010956483891518708
d165	0.02	4	phi	0.013351719421174534	8.349071747187654e-5
d165	0.02	4	phi	0.014979662876172375	6.161831988530046e-5
d165	0.02	4	phi	0.016805933483363636	4.523599165426766e-5
d165	0.02	4	phi	0.0188570292540463	3.272926340095281e-5
d165	0.02	4	phi	0.021159887502757043	2.700544572761437e-5
d165	0.02	4	phi	0.023741006069205848	1.9558205824901303e-5
d165	0.02	4	phi	0.026638552998525435	1.547492173542148e-5
d165	0.02	4	phi	0.029886952690767608	1.2874005368458749e-5
d165	0.02	4	phi	0.0335317139880143	9.840853230505836e-6
d165	0.02	4	phi	0.03762641841208682	7.56745125065287e-6
d165	0.02	4	phi	0.042216867626638205	5.9695298628433825e-6
d165	0.02	4	phi	0.047367581161098446	4.850219003640117e-6
d165	0.02	4	phi	0.05314755428959493	4.26907804601488e-6
d165	0.02	4	phi	0.05963268370222095	3.4549649110024715e-6
d165	0.02	4	phi	0.06691097550584788	3.1243970237975095e-6
d165	0.02	4	phi	0.07507374000353845	2.4247647407315646e-6
d165	0.02	4	phi	0.0842315912160045	2.255061043294657e-6
d165	0.02	4	phi	0.09451026390588896	2.076394859924315e-6
d165	0.02	4	phi	0.10604341934190899	1.7423534902320316e-6
d165	0.02	4	phi	0.11898329021012795	1.5672954283711999e-6
d165	0.02	4	phi	0.13350170578599946	1.38528690731135e-6
d165	0.02	4	phi	0.14978906678461706	1.2298060822387622e-6
d165	0.02	4	phi	0.16806660120897057	1.1159009273574348e-6
d165	0.02	4	phi	0.18857454785745398	9.857294852613404e-7
d165	0.02	4	phi	0.2115835334850689	8.774063818965641e-7
d165	0.02	4	phi	0.23739860927755593	7.775880327942816e-7
d165	0.02	4	phi	0.266366591568392	6.93439062843789e-7
d165	0.02	4	phi	0.29886901401039945	6.098133412950906e-7
d165	0.02	4	phi	0.33533636966402874	5.234746957490348e-7
d165	0.02	4	phi	0.3762531725804453	4.608944987304933e-7
d165	0.02	4	phi	0.4221605298354539	4.01103882754995e-7
d165	0.02	4	phi	0.47367243381911905	3.4908900132794007e-7
d165	0.02	5	t1	7.629388473795709e-6	0.9919958713164937
d165	0.02	5	t1	1.525877694759142e-5	0.014655931443084861
d165	0.02	5	t1	2.2888165421387134e-5	0.12935029361454575
d165	0.02	5	t1	3.0517553895182842e-5	2.4730875599248754
d165	0.02	5	t1	3.814694236897854e-5	0.5900339451970374
d165	0.02	5	t1	4.577633084277418e-5	1.4497871820632355
d165	0.02	5	t1	5.340571931656997e-5	0.9362342494565216
d165	0.02	5	t1	6.10351077903657e-5	0.3443921445213949
d165	0.02	5	t1	6.86644962641613e-5	0.12858963202876242
d165	0.02	5	t1	7.629388473795709e-5	1.1917309014327966
d165	0.02	5	t1	8.392327321175269e-5	0.12543881132390478
d165	0.02	5	t1	9.529103149571589e-5	0.5509423921576204
d165	0.02	5	t1	0.00010681143863313985	0.03324667508380834
d165	0.02	5	t1	0.00011819397800303034	0.54298403319269
d165	0.02	5	t1	0.00013345979153336977	0.315966043340713
d165	0.02	5	t1	0.0001487241608614854	0.2691655745178235
d165	0.02	5	t1	0.00016773086992482195	0.536934193583073
d165	0.02	5	t1	0.00019063293236353633	0.17064239884717222
d165	0.02	5	t1	0.00021353201256911329	0.30674300851670316
d165	0.02	5	t1	0.00023642897778077072	0.418002932715766
d165	0.02	5	t1	0.0002630756059577625	1.3635460685708332
d165	0.02	5	t1	0.00029735037055581985	0.669693217960267
d165	0.02	5	t1	0.00033551959004834276	0.4437295084360045
d165	0.02	5	t1	0.0003774297929274283	0.2807185129092466
d165	0.02	5	t1	0.0004232304713625064	0.7766395183555996
d165	0.02	5	t1	0.00047277581579931876	0.546175810662698
d165	0.02	5	t1	0.000529954140682307	0.47718077460240266
d165	0.02	5	t1	0.0005947660315265448	0.6410145933489094
d165	0.02	5	t1	0.0006672115727191813	0.46423626173176846
d165	0.02	5	t1	0.0007510328933877064	0.5057912513115862
d165	0.02	5	t1	0.0008426357798242797	0.6103434246239715
d165	0.02	5	t1	0.000945469465562411	0.5446033277577624
d165	0.02	5	t1	0.0010637181906205887	0.5138111014880462
d165	0.02	5	t1	0.0011933427345577946	0.6079161648065009
d165	0.02	5	t1	0.001338234444659373	0.5019284268139519
d165	0.02	5	t1	0.0014983929255561702	0.9088924981975456
d165	0.02	5	t1	0.0016813062912522984	0.7426077217525976
d165	0.02	5	t1	0.0018872672594733926	1.0971504947941741
d165	0.02	5	t1	0.0021159825568989763	0.8927602208850907
d165	0.02	5	t1	0.0023752319840376667	0.9962813374713035
d165	0.02	5	t1	0.0026650158537247022	0.8979938004925936
d165	0.02	5	t1	0.002989077753483762	0.9351895949140737
d165	0.02	5	t1	0.0033550511129892243	0.7804124651262765
d165	0.02	5	t1	0.0037630823722051253	0.9195931876353919
d165	0.02	5	t1	0.004220512937761092	0.9173701540670522
d165	0.02	5	t1	0.004735268427364398	0.8492521476221132
d165	0.02	5	t1	0.00531468965810924	0.8389758944704873
d165	0.02	5	t1	0.005966703895880201	0.7408703438180375
d165	0.02	5	t1	0.006691163505285742	0.7394140209052381
d165	0.02	5	t1	0.00750693386647431	0.7958703781983538
d165	0.02	5	t1	0.008425831166491782	0.5986450695920361
d165	0.02	5	t1	0.009451452182471384	0.7280826266383106
d165	0.02	5	t1	0.010602808117072449	0.7093555762257315
d165	0.02	5	t1	0.011899055913815891	0.6756749653790217
d165	0.02	5	t1	0.013351719421174534	0.5717716686533946
d165	0.02	5	t1	0.014979662876172375	0.5816229823778082
d165	0.02	5	t1	0.016805933483363636	0.5869516961147301
d165	0.02	5	t1	0.0188570292540463	0.5494030143382835
d165	0.02	5	t1	0.021159887502757043	0.5318528484391916
d165	0.02	5	t1	0.023741006069205848	0.537850934942354
d165	0.02	5	t1	0.026638552998525435	0.5667577656657172
d165	0.02	5	t1	0.029886952690767608	0.5460861292970823
d165	0.02	5	t1	0.0335317139880143	0.5061087045895619
d165	0.02	5	t1	0.03762641841208682	0.49868486725616373
d165	0.02	5	t1	0.042216867626638205	0.44448149592376146
d165	0.02	5	t1	0.047367581161098446	0.4681743861245002
d165	0.02	5	t1	0.05314755428959493	0.4284474189758418
d165	0.02	5	t1	0.05963268370222095	0.38160313788787953
d165	0.02	5	t1	0.06691097550584788	0.36154457597066364
d165	0.02	5	t1	0.07507374000353845	0.3447294998889148
d165	0.02	5	t1	0.0842315912160045	0.3350754699132062
d165	0.02	5	t1	0.09451026390588896	0.30931522442146686
d165	0.02	5	t1	0.10604341934190899	0.28759874574061023
d165	0.02	5	t1	0.11898329021012795	0.26758820862385774
d165	0.02	5	t1	0.13350170578599946	0.2547512668806418
d165	0.02	5	t1	0.14978906678461706	0.24180235087595
d165	0.02	5	t1	0.16806660120897057	0.22454200198932592
d165	0.02	5	t1	0.18857454785745398	0.20447047481006211
d165	0.02	5	t1	0.2115835334850689	0.202258365819489
d165	0.02	5	t1	0.23739860927755593	0.18469837116690552
d165	0.02	5	t1	0.266366591568392	0.18497859029652838
d165	0.02	5	t1	0.29886901401039945	0.1673451005799222
d165	0.02	5	t1	0.33533636966402874	0.16747008671251065
d165	0.02	5	t1	0.3762531725804453	0.15948121452606753
d165	0.02	5	t1	0.4221605298354539	0.1538165423131961
d165	0.02	5	t1	0.47367243381911905	0.14633440501683223
d165	0.02	5	phi	7.629388473795709e-6	0.14842987457434414
d165	0.02	5	phi	1.525877694759142e-5	2.241804385869912
d165	0.02	5	phi	2.2888165421387134e-5	0.10604691815851522
d165	0.02	5	phi	3.0517553895182842e-5	0.09837918164858375
d165	0.02	5	phi	3.814694236897854e-5	0.3653274582711389
d165	0.02	5	phi	4.577633084277418e-5	0.1610165872004243
d165	0.02	5	phi	5.340571931656997e-5	0.09432190228561203
d165	0.02	5	phi	6.10351077903657e-5	0.046867033773278374
d165	0.02	5	phi	6.86644962641613e-5	0.2549317321339217
d165	0.02	5	phi	7.629388473795709e-5	0.3283470362245202
d165	0.02	5	phi	8.392327321175269e-5	0.07678553782954066
d165	0.02	5	phi	9.529103149571589e-5	0.4147484580552442
d165	0.02	5	phi	0.00010681143863313985	0.021363834909943324
d165	0.02	5	phi	0.00011819397800303034	0.29042260431070205
d165	0.02	5	phi	0.00013345979153336977	0.13844492446255643
d165	0.02	5	phi	0.0001487241608614854	0.32762060069234955
d165	0.02	5	phi	0.00016773086992482195	0.036010719731063
d165	0.02	5	phi	0.00019063293236353633	0.13324141433918713
d165	0.02	5	phi	0.00021353201256911329	0.06762763793201873
d165	0.02	5	phi	0.00023642897778077072	0.1933511176156544
d165	0.02	5	phi	0.0002630756059577625	0.045184727766528085
d165	0.02	5	phi	0.00029735037055581985	0.07718654227415653
d165	0.02	5	phi	0.00033551959004834276	0.028110560093448235
d165	0.02	5	phi	0.0003774297929274283	0.0528655991228145
d165	0.02	5	phi	0.0004232304713625064	0.06923601836702374
d165	0.02	5	phi	0.00047277581579931876	0.03224506497601319
d165	0.02	5	phi	0.000529954140682307	0.07372337638801912
d165	0.02	5	phi	0.0005947660315265448	0.06329878532611183
d165	0.02	5	phi	0.0006672115727191813	0.06889058754046216
d165	0.02	5	phi	0.0007510328933877064	0.03972197312948799
d165	0.02	5	phi	0.0008426357798242797	0.03538788975832107
d165	0.02	5	phi	0.000945469465562411	0.03717239199252261
d165	0.02	5	phi	0.0010637181906205887	0.023500314137348335
d165	0.02	5	phi	0.0011933427345577946	0.03057789550851916
d165	0.02	5	phi	0.001338234444659373	0.03384167566465966
d165	0.02	5	phi	0.0014983929255561702	0.022896817272535865
d165	0.02	5	phi	0.0016813062912522984	0.013544277177120092
d165	0.02	5	phi	0.0018872672594733926	0.016996732313250173
d165	0.02	5	phi	0.0021159825568989763	0.012925837660769355
d165	0.02	5	phi	0.0023752319840376667	0.00926488755830436
d165	0.02	5	phi	0.0026650158537247022	0.005798879104782832
d165	0.02	5	phi	0.002989077753483762	0.0067179487681383885
d165	0.02	5	phi	0.0033550511129892243	0.0037809467506628633
d165	0.02	5	phi	0.0037630823722051253	0.003305130361821449
d165	0.02	5	phi	0.004220512937761092	0.0024461668678667937
d165	0.02	5	phi	0.004735268427364398	0.0015163962997166872
d165	0.02	5	phi	0.00531468965810924	0.0012673012274870363
d165	0.02	5	phi	0.005966703895880201	0.0008117828381831455
d165	0.02	5	phi	0.006691163505285742	0.0005995889498456516
d165	0.02	5	phi	0.00750693386647431	0.00042132528518443727
d165	0.02	5	phi	0.008425831166491782	0.0002655436211745512
d165	0.02	5	phi	0.009451452182471384	0.00017294022504567153
d165	0.02	5	phi	0.010602808117072449	0.00015402798176678933
d165	0.02	5	phi	0.011899055913815891	0.0001124842650518226
d165	0.02	5	phi	0.013351719421174534	8.526018054313882e-5
d165	0.02	5	phi	0.014979662876172375	5.2392543469871335e-5
d165	0.02	5	phi	0.016805933483363636	3.8270749519341426e-5
d165	0.02	5	phi	0.0188570292540463	3.245330671756018e-5
d165	0.02	5	phi	0.021159887502757043	2.3742865265785424e-5
d165	0.02	5	phi	0.023741006069205848	1.8804120092044685e-5
d165	0.02	5	phi	0.026638552998525435	1.3085904863362676e-5
d165	0.02	5	phi	0.029886952690767608	1.1240177725880004e-5
d165	0.02	5	phi	0.0335317139880143	8.697782334137698e-6
d165	0.02	5	phi	0.03762641841208682	7.709388504423279e-6
d165	0.02	5	phi	0.042216867626638205	5.995613620488205e-6
d165	0.02	5	phi	0.047367581161098446	4.8200664191778634e-6
d165	0.02	5	phi	0.05314755428959493	4.061996580128887e-6
d165	0.02	5	phi	0.05963268370222095	3.376165346739642e-6
d165	0.02	5	phi	0.06691097550584788	3.0573683397858714e-6
d165	0.02	5	phi	0.07507374000353845	2.629922701768894e-6
d165	0.02	5	phi	0.0842315912160045	2.3887831837933264e-6
d165	0.02	5	phi	0.09451026390588896	2.020136809183882e-6
d165	0.02	5	phi	0.10604341934190899	1.863343234089124e-6
d165	0.02	5	phi	0.11898329021012795	1.6541691762360846e-6
d165	0.02	5	phi	0.13350170578599946	1.443253241852033e-6
d165	0.02	5	phi	0.14978906678461706	1.3332706162481213e-6
d165	0.02	5	phi	0.16806660120897057	1.2040018157098612e-6
d165	0.02	5	phi	0.18857454785745398	1.059156000671239e-6
d165	0.02	5	phi	0.2115835334850689	9.436252021021539e-7
d165	0.02	5	phi	0.23739860927755593	8.371602082061169e-7
d165	0.02	5	phi	0.266366591568392	7.721990392283057e-7
d165	0.02	5	phi	0.29886901401039945	6.627949290817138e-7
d165	0.02	5	phi	0.33533636966402874	6.063239058716801e-7
d165	0.02	5	phi	0.3762531725804453	5.124327283066538e-7
d165	0.02	5	phi	0.4221605298354539	4.504911016402751e-7
d165	0.02	5	phi	0.47367243381911905	3.770384156164813e-7
d165	0.05	1	t1	7.629388473795709e-6	193.40821147737392
d165	0.05	1	t1	1.525877694759142e-5	121.61197759703562
d165	0.05	1	t1	2.2888165421387134e-5	18.71017073212801
d165	0.05	1	t1	3.0517553895182842e-5	34.21415976214883
d165	0.05	1	t1	3.814694236897854e-5	10.751962473586797
d165	0.05	1	t1	4.577633084277418e-5	1.4205051519538934
d165	0.05	1	t1	5.340571931656997e-5	4.242132871123475
d165	0.05	1	t1	6.10351077903657e-5	3.7564632350638494
d165	0.05	1	t1	6.86644962641613e-5	5.682607946131179
d165	0.05	1	t1	7.629388473795709e-5	6.000235098917574
d165	0.05	1	t1	8.392327321175269e-5	13.154904192106915
d165	0.05	1	t1	9.529103149571589e-5	2.0767143462125737
d165	0.05	1	t1	0.00010681143863313985	0.08339830169389553
d165	0.05	1	t1	0.00011819397800303034	4.38490536243952
d165	0.05	1	t1	0.00013345979153336977	3.8261368553628734
d165	0.05	1	t1	0.0001487241608614854	7.329502912601819
d165	0.05	1	t1	0.00016773086992482195	6.013660870380711
d165	0.05	1	t1	0.00019063293236353633	4.9368542199582555
d165	0.05	1	t1	0.00021353201256911329	8.523917438498312
d165	0.05	1	t1	0.00023642897778077072	5.365002263065584
d165	0.05	1	t1	0.0002630756059577625	2.1130120169720956
d165	0.05	1	t1	0.00029735037055581985	1.6055274099829557
d165	0.05	1	t1	0.00033551959004834276	6.337442051913433
d165	0.05	1	t1	0.0003774297929274283	4.8462786405745595
d165	0.05	1	t1	0.0004232304713625064	2.8310504215699788
d165	0.05	1	t1	0.00047277581579931876	5.2905920122414605
d165	0.05	1	t1	0.000529954140682307	1.824133735888935
d165	0.05	1	t1	0.0005947660315265448	4.242394675804413
d165	0.05	1	t1	0.0006672115727191813	6.488213275714156
d165	0.05	1	t1	0.0007510328933877064	4.749125454562736
d165	0.05	1	t1	0.0008426357798242797	3.602115006971173
d165	0.05	1	t1	0.000945469465562411	4.506186791636732
d165	0.05	1	t1	0.0010637181906205887	4.999948560626136
d165	0.05	1	t1	0.0011933427345577946	3.360356590983505
d165	0.05	1	t1	0.001338234444659373	4.443806269707786
d165	0.05	1	t1	0.0014983929255561702	3.633412319964246
d165	0.05	1	t1	0.0016813062912522984	4.799346083054472
d165	0.05	1	t1	0.0018872672594733926	4.252786701803409
d165	0.05	1	t1	0.0021159825568989763	4.863662636435602
d165	0.05	1	t1	0.0023752319840376667	5.422048833227786
d165	0.05	1	t1	0.0026650158537247022	4.963343197240159
d165	0.05	1	t1	0.002989077753483762	5.544182891247329
d165	0.05	1	t1	0.0033550511129892243	7.044470288229662
d165	0.05	1	t1	0.0037630823722051253	6.60744425028138
d165	0.05	1	t1	0.004220512937761092	5.9830485962941635
d165	0.05	1	t1	0.004735268427364398	7.747543856636439
d165	0.05	1	t1	0.00531468965810924	8.88593179142803
d165	0.05	1	t1	0.005966703895880201	7.228145884775302
d165	0.05	1	t1	0.006691163505285742	7.015057032827696
d165	0.05	1	t1	0.00750693386647431	6.27537107071034
d165	0.05	1	t1	0.008425831166491782	5.852233163717633
d165	0.05	1	t1	0.009451452182471384	6.007984597270975
d165	0.05	1	t1	0.010602808117072449	6.100626190657474
d165	0.05	1	t1	0.011899055913815891	4.89554376512177
d165	0.05	1	t1	0.013351719421174534	4.522608373223632
d165	0.05	1	t1	0.014979662876172375	4.7192758135698485
d165	0.05	1	t1	0.016805933483363636	4.231403292012182
d165	0.05	1	t1	0.0188570292540463	4.050867681930803
d165	0.05	1	t1	0.021159887502757043	4.079933708717278
d165	0.05	1	t1	0.023741006069205848	3.710138566995061
d165	0.05	1	t1	0.026638552998525435	3.6858854978128033
d165	0.05	1	t1	0.029886952690767608	3.3757934179490974
d165	0.05	1	t1	0.0335317139880143	3.12578651134141
d165	0.05	1	t1	0.03762641841208682	2.7779075857480127
d165	0.05	1	t1	0.042216867626638205	2.7301477441059214
d165	0.05	1	t1	0.047367581161098446	2.498428541385373
d165	0.05	1	t1	0.05314755428959493	2.3595479952655607
d165	0.05	1	t1	0.05963268370222095	2.3291007356072178
d165	0.05	1	t1	0.06691097550584788	2.117486851390558
d165	0.05	1	t1	0.07507374000353845	1.8657862249108572
d165	0.05	1	t1	0.0842315912160045	1.7955894058284054
d165	0.05	1	t1	0.09451026390588896	1.6184896560093365
d165	0.05	1	t1	0.10604341934190899	1.561931461529789
d165	0.05	1	t1	0.11898329021012795	1.3837557963640932
d165	0.05	1	t1	0.13350170578599946	1.2899049528616002
d165	0.05	1	t1	0.14978906678461706	1.1522420198441965
d165	0.05	1	t1	0.16806660120897057	1.1159947943920123
d165	0.05	1	t1	0.18857454785745398	0.9923466675125556
d165	0.05	1	t1	0.2115835334850689	0.9680591644168488
d165	0.05	1	t1	0.23739860927755593	0.9073409891200954
d165	0.05	1	t1	0.266366591568392	0.8485512965631526
d165	0.05	1	t1	0.29886901401039945	0.8052342756601024
d165	0.05	1	t1	0.33533636966402874	0.7390444849060397
d165	0.05	1	t1	0.3762531725804453	0.710241677607951
d165	0.05	1	t1	0.4221605298354539	0.688010021303095
d165	0.05	1	t1	0.47367243381911905	0.6487216738494842
d165	0.05	1	phi	7.629388473795709e-6	4.208640223972263
d165	0.05	1	phi	1.525877694759142e-5	4.150464945703394
d165	0.05	1	phi	2.2888165421387134e-5	0.9554977870109116
d165	0.05	1	phi	3.0517553895182842e-5	0.5290452980429025
d165	0.05	1	phi	3.814694236897854e-5	0.33542799815497465
d165	0.05	1	phi	4.577633084277418e-5	0.7965959206246366
d165	0.05	1	phi	5.340571931656997e-5	0.0611381491617211
d165	0.05	1	phi	6.10351077903657e-5	0.6013070255723306
d165	0.05	1	phi	6.86644962641613e-5	0.3802573089500105
d165	0.05	1	phi	7.629388473795709e-5	0.4581004773428332
d165	0.05	1	phi	8.392327321175269e-5	0.19327397577657177
d165	0.05	1	phi	9.529103149571589e-5	0.19349261897863362
d165	0.05	1	phi	0.00010681143863313985	0.25480280712937486
d165	0.05	1	phi	0.00011819397800303034	0.3171811295173971
d165	0.05	1	phi	0.00013345979153336977	0.13467952925718224
d165	0.05	1	phi	0.0001487241608614854	0.11959438656021838
d165	0.05	1	phi	0.00016773086992482195	0.06590512938099895
d165	0.05	1	phi	0.00019063293236353633	0.13956750398915865
d165	0.05	1	phi	0.00021353201256911329	0.21187488194236848
d165	0.05	1	phi	0.00023642897778077072	0.2512115117527017
d165	0.05	1	phi	0.0002630756059577625	0.08556040241048798
d165	0.05	1	phi	0.00029735037055581985	0.0364804718607548
d165	0.05	1	phi	0.00033551959004834276	0.06308704591467132
d165	0.05	1	phi	0.0003774297929274283	0.04626537893524835
d165	0.05	1	phi	0.0004232304713625064	0.05748821660931321
d165	0.05	1	phi	0.00047277581579931876	0.08542801199396534
d165	0.05	1	phi	0.000529954140682307	0.08548328428042755
d165	0.05	1	phi	0.0005947660315265448	0.05668516643924325
d165	0.05	1	phi	0.0006672115727191813	0.06081526649296457
d165	0.05	1	phi	0.0007510328933877064	0.03084437222204292
d165	0.05	1	phi	0.0008426357798242797	0.04890837012194399
d165	0.05	1	phi	0.000945469465562411	0.018640571204883005
d165	0.05	1	phi	0.0010637181906205887	0.020900223221367892
d165	0.05	1	phi	0.0011933427345577946	0.015766834079531895
d165	0.05	1	phi	0.001338234444659373	0.01498229720515922
d165	0.05	1	phi	0.0014983929255561702	0.02485519833664952
d165	0.05	1	phi	0.0016813062912522984	0.023750189288641158
d165	0.05	1	phi	0.0018872672594733926	0.01223407886533193
d165	0.05	1	phi	0.0021159825568989763	0.015222308339540117
d165	0.05	1	phi	0.0023752319840376667	0.014313397033027126
d165	0.05	1	phi	0.0026650158537247022	0.013257102086351585
d165	0.05	1	phi	0.002989077753483762	0.011686023086553147
d165	0.05	1	phi	0.0033550511129892243	0.009502567877840238
d165	0.05	1	phi	0.0037630823722051253	0.007517206972579534
d165	0.05	1	phi	0.004220512937761092	0.007771592405574817
d165	0.05	1	phi	0.004735268427364398	0.005984480724474367
d165	0.05	1	phi	0.00531468965810924	0.004734089393848667
d165	0.05	1	phi	0.005966703895880201	0.002415197961600724
d165	0.05	1	phi	0.006691163505285742	0.002492595469027053
d165	0.05	1	phi	0.00750693386647431	0.0016294529477893754
d165	0.05	1	phi	0.008425831166491782	0.0012477978492224195
d165	0.05	1	phi	0.009451452182471384	0.0007933315364726978
d165	0.05	1	phi	0.010602808117072449	0.0006298834218010366
d165	0.05	1	phi	0.011899055913815891	0.00040255661619370586
d165	0.05	1	phi	0.013351719421174534	0.00029455878977976805
d165	0.05	1	phi	0.014979662876172375	0.00019467913094854564
d165	0.05	1	phi	0.016805933483363636	0.0001355660087666922
d165	0.05	1	phi	0.0188570292540463	0.0001248941248495174
d165	0.05	1	phi	0.021159887502757043	8.391616322599838e-5
d165	0.05	1	phi	0.023741006069205848	6.063977923138884e-5
d165	0.05	1	phi	0.026638552998525435	5.711404764869925e-5
d165	0.05	1	phi	0.029886952690767608	4.2366177164473054e-5
d165	0.05	1	phi	0.0335317139880143	4.020060076206853e-5
d165	0.05	1	phi	0.03762641841208682	3.472536855842492e-5
d165	0.05	1	phi	0.042216867626638205	2.8233506813273195e-5
d165	0.05	1	phi	0.047367581161098446	2.3524974220503142e-5
d165	0.05	1	phi	0.05314755428959493	2.2665601862713555e-5
d165	0.05	1	phi	0.05963268370222095	2.1867364310942446e-5
d165	0.05	1	phi	0.06691097550584788	1.9248473588885104e-5
d165	0.05	1	phi	0.07507374000353845	1.775546589128587e-5
d165	0.05	1	phi	0.0842315912160045	1.7121133503057565e-5
d165	0.05	1	phi	0.09451026390588896	1.560559701713897e-5
d165	0.05	1	phi	0.10604341934190899	1.5597391096493884e-5
d165	0.05	1	phi	0.11898329021012795	1.3886110069625739e-5
d165	0.05	1	phi	0.13350170578599946	1.312689003514464e-5
d165	0.05	1	phi	0.14978906678461706	1.2385450458733825e-5
d165	0.05	1	phi	0.16806660120897057	1.1571369472895097e-5
d165	0.05	1	phi	0.18857454785745398	1.0378484834528627e-5
d165	0.05	1	phi	0.2115835334850689	9.574751245257392e-6
d165	0.05	1	phi	0.23739860927755593	8.962518582754836e-6
d165	0.05	1	phi	0.266366591568392	8.294176105033702e-6
d165	0.05	1	phi	0.29886901401039945	7.294622196139361e-6
d165	0.05	1	phi	0.33533636966402874	6.562815601245887e-6
d165	0.05	1	phi	0.3762531725804453	5.799923687093579e-6
d165	0.05	1	phi	0.4221605298354539	5.159900698930796e-6
d165	0.05	1	phi	0.47367243381911905	4.411169028574187e-6
d165	0.05	2	t1	7.629388473795709e-6	526.1113111042899
d165	0.05	2	t1	1.525877694759142e-5	38.4571671490576
d165	0.05	2	t1	2.2888165421387134e-5	151.75031783129188
d165	0.05	2	t1	3.0517553895182842e-5	17.15012259670936
d165	0.05	2	t1	3.814694236897854e-5	17.74666368482685
d165	0.05	2	t1	4.577633084277418e-5	36.43471637718541
d165	0.05	2	t1	5.340571931656997e-5	34.82750597497802
d165	0.05	2	t1	6.10351077903657e-5	3.230171982006776
d165	0.05	2	t1	6.86644962641613e-5	27.14873689802039
d165	0.05	2	t1	7.629388473795709e-5	43.27388507702122
d165	0.05	2	t1	8.392327321175269e-5	39.418742521127804
d165	0.05	2	t1	9.529103149571589e-5	6.600542513061557
d165	0.05	2	t1	0.00010681143863313985	13.529991175423524
d165	0.05	2	t1	0.00011819397800303034	5.634841690618035
d165	0.05	2	t1	0.00013345979153336977	19.346858327836976
d165	0.05	2	t1	0.0001487241608614854	4.556754015636947
d165	0.05	2	t1	0.00016773086992482195	13.589364864087111
d165	0.05	2	t1	0.00019063293236353633	4.303655815559253
d165	0.05	2	t1	0.00021353201256911329	3.2570595800445283
d165	0.05	2	t1	0.00023642897778077072	3.1777379490772897
d165	0.05	2	t1	0.0002630756059577625	7.946269763456926
d165	0.05	2	t1	0.00029735037055581985	4.8082132211361195
d165	0.05	2	t1	0.00033551959004834276	11.046821404777862
d165	0.05	2	t1	0.0003774297929274283	8.10000315657504
d165	0.05	2	t1	0.0004232304713625064	3.2972492498359025
d165	0.05	2	t1	0.00047277581579931876	5.363975624180433
d165	0.05	2	t1	0.000529954140682307	4.075918589568489
d165	0.05	2	t1	0.0005947660315265448	2.3380228570568384
d165	0.05	2	t1	0.0006672115727191813	5.460350110624999
d165	0.05	2	t1	0.0007510328933877064	3.7057053327319345
d165	0.05	2	t1	0.0008426357798242797	7.194293305479981
d165	0.05	2	t1	0.000945469465562411	4.266908701254217
d165	0.05	2	t1	0.0010637181906205887	4.269250813654834
d165	0.05	2	t1	0.0011933427345577946	3.230051903804473
d165	0.05	2	t1	0.001338234444659373	6.405466778386739
d165	0.05	2	t1	0.0014983929255561702	5.434028018358767
d165	0.05	2	t1	0.0016813062912522984	5.3777814423516945
d165	0.05	2	t1	0.0018872672594733926	5.705662031506884
d165	0.05	2	t1	0.0021159825568989763	6.12164939102824
d165	0.05	2	t1	0.0023752319840376667	6.635538852640529
d165	0.05	2	t1	0.0026650158537247022	5.8926291738184755
d165	0.05	2	t1	0.002989077753483762	6.120287999985686
d165	0.05	2	t1	0.0033550511129892243	5.888892311148247
d165	0.05	2	t1	0.0037630823722051253	7.318407972775828
d165	0.05	2	t1	0.004220512937761092	6.784365670619001
d165	0.05	2	t1	0.004735268427364398	7.289061873609165
d165	0.05	2	t1	0.00531468965810924	7.0951448876044925
d165	0.05	2	t1	0.005966703895880201	7.478418946836092
d165	0.05	2	t1	0.006691163505285742	5.971215119648551
d165	0.05	2	t1	0.00750693386647431	5.70125643731532
d165	0.05	2	t1	0.008425831166491782	5.624027844150924
d165	0.05	2	t1	0.009451452182471384	5.270352691504404
d165	0.05	2	t1	0.010602808117072449	5.303640151424715
d165	0.05	2	t1	0.011899055913815891	4.790070595047878
d165	0.05	2	t1	0.013351719421174534	4.271171829129694
d165	0.05	2	t1	0.014979662876172375	5.030766496637806
d165	0.05	2	t1	0.016805933483363636	4.435632600926128
d165	0.05	2	t1	0.0188570292540463	4.452395190546613
d165	0.05	2	t1	0.021159887502757043	4.203381637038375
d165	0.05	2	t1	0.023741006069205848	3.7747886692673784
d165	0.05	2	t1	0.026638552998525435	3.702891909045984
d165	0.05	2	t1	0.029886952690767608	3.0335210425944945
d165	0.05	2	t1	0.0335317139880143	3.085029407102557
d165	0.05	2	t1	0.03762641841208682	3.0789679452811396
d165	0.05	2	t1	0.042216867626638205	2.4963500076075205
d165	0.05	2	t1	0.047367581161098446	2.5374754824913164
d165	0.05	2	t1	0.05314755428959493	2.2612350641395813
d165	0.05	2	t1	0.05963268370222095	2.128009576710556
d165	0.05	2	t1	0.06691097550584788	1.9524111892504348
d165	0.05	2	t1	0.07507374000353845	1.8358088195912214
d165	0.05	2	t1	0.0842315912160045	1.6841081003409275
d165	0.05	2	t1	0.09451026390588896	1.5882764755115752
d165	0.05	2	t1	0.10604341934190899	1.4841730481485536
d165	0.05	2	t1	0.11898329021012795	1.3076293228195084
d165	0.05	2	t1	0.13350170578599946	1.2438881967054483
d165	0.05	2	t1	0.14978906678461706	1.1764801881633393
d165	0.05	2	t1	0.16806660120897057	1.0624723524112962
d165	0.05	2	t1	0.18857454785745398	1.002799293565368
d165	0.05	2	t1	0.2115835334850689	0.9490190643909906
d165	0.05	2	t1	0.23739860927755593	0.895904661840231
d165	0.05	2	t1	0.266366591568392	0.8392699629291988
d165	0.05	2	t1	0.29886901401039945	0.7841346951298565
d165	0.05	2	t1	0.33533636966402874	0.7517144143400251
d165	0.05	2	t1	0.3762531725804453	0.7156882414131428
d165	0.05	2	t1	0.4221605298354539	0.6765387894890682
d165	0.05	2	t1	0.47367243381911905	0.6353080017844103
d165	0.05	2	phi	7.629388473795709e-6	34.46932090580217
d165	0.05	2	phi	1.525877694759142e-5	0.6999592899613769
d165	0.05	2	phi	2.2888165421387134e-5	0.9026700589780409
d165	0.05	2	phi	3.0517553895182842e-5	1.324049263434831
d165	0.05	2	phi	3.814694236897854e-5	0.3868750637035629
d165	0.05	2	phi	4.577633084277418e-5	0.5253684342284693
d165	0.05	2	phi	5.340571931656997e-5	0.9018379068056741
d165	0.05	2	phi	6.10351077903657e-5	0.18493642981496533
d165	0.05	2	phi	6.86644962641613e-5	0.3310947924670015
d165	0.05	2	phi	7.629388473795709e-5	1.150143313624735
d165	0.05	2	phi	8.392327321175269e-5	0.38333715914905536
d165	0.05	2	phi	9.529103149571589e-5	0.02783085203932999
d165	0.05	2	phi	0.00010681143863313985	0.23516975866961393
d165	0.05	2	phi	0.00011819397800303034	0.09859643972418611
d165	0.05	2	phi	0.00013345979153336977	0.13412901078854128
d165	0.05	2	phi	0.0001487241608614854	0.2189554844571163
d165	0.05	2	phi	0.00016773086992482195	0.06919820640777423
d165	0.05	2	phi	0.00019063293236353633	0.1652251141544329
d165	0.05	2	phi	0.00021353201256911329	0.35604438188149984
d165	0.05	2	phi	0.00023642897778077072	0.44012761491940516
d165	0.05	2	phi	0.0002630756059577625	0.14116634901892716
d165	0.05	2	phi	0.00029735037055581985	0.19213384646645798
d165	0.05	2	phi	0.00033551959004834276	0.11004240135220991
d165	0.05	2	phi	0.0003774297929274283	0.09738566583924274
d165	0.05	2	phi	0.0004232304713625064	0.1756648059129997
d165	0.05	2	phi	0.00047277581579931876	0.060281070947097906
d165	0.05	2	phi	0.000529954140682307	0.1270074302239408
d165	0.05	2	phi	0.0005947660315265448	0.06463195120625682
d165	0.05	2	phi	0.0006672115727191813	0.06614978251958786
d165	0.05	2	phi	0.0007510328933877064	0.04355303704047664
d165	0.05	2	phi	0.0008426357798242797	0.03238792900282232
d165	0.05	2	phi	0.000945469465562411	0.04210899815312149
d165	0.05	2	phi	0.0010637181906205887	0.04172180056502387
d165	0.05	2	phi	0.0011933427345577946	0.023238957344523508
d165	0.05	2	phi	0.001338234444659373	0.024998535680101235
d165	0.05	2	phi	0.0014983929255561702	0.021705379083626224
d165	0.05	2	phi	0.0016813062912522984	0.015936340128783574
d165	0.05	2	phi	0.0018872672594733926	0.02518286810163591
d165	0.05	2	phi	0.0021159825568989763	0.01903676617954221
d165	0.05	2	phi	0.0023752319840376667	0.011915683260233349
d165	0.05	2	phi	0.0026650158537247022	0.013303189588935843
d165	0.05	2	phi	0.002989077753483762	0.010043374655170025
d165	0.05	2	phi	0.0033550511129892243	0.009238421095702326
d165	0.05	2	phi	0.0037630823722051253	0.009670809713177292
d165	0.05	2	phi	0.004220512937761092	0.0070930834155573915
d165	0.05	2	phi	0.004735268427364398	0.005016081715139122
d165	0.05	2	phi	0.00531468965810924	0.004541676123694891
d165	0.05	2	phi	0.005966703895880201	0.0033664851669446567
d165	0.05	2	phi	0.006691163505285742	0.002459908894004029
d165	0.05	2	phi	0.00750693386647431	0.00145483798726199
d165	0.05	2	phi	0.008425831166491782	0.0013280378027180342
d165	0.05	2	phi	0.009451452182471384	0.0007871058239366612
d165	0.05	2	phi	0.010602808117072449	0.0005314218141483387
d165	0.05	2	phi	0.011899055913815891	0.0003468573240766787
d165	0.05	2	phi	0.013351719421174534	0.00026244290856478037
d165	0.05	2	phi	0.014979662876172375	0.0001927905952813376
d165	0.05	2	phi	0.016805933483363636	0.0001339173848283503
d165	0.05	2	phi	0.0188570292540463	0.00010423457248113744
d165	0.05	2	phi	0.021159887502757043	8.00912757766971e-5
d165	0.05	2	phi	0.023741006069205848	6.340924081027962e-5
d165	0.05	2	phi	0.026638552998525435	5.8926370986322484e-5
d165	0.05	2	phi	0.029886952690767608	4.7060681889794555e-5
d165	0.05	2	phi	0.0335317139880143	3.8579776531371754e-5
d165	0.05	2	phi	0.03762641841208682	3.323523621803922e-5
d165	0.05	2	phi	0.042216867626638205	2.9899554049704576e-5
d165	0.05	2	phi	0.047367581161098446	2.5960891944541777e-5
d165	0.05	2	phi	0.05314755428959493	2.397595456156612e-5
d165	0.05	2	phi	0.05963268370222095	2.0981845482459348e-5
d165	0.05	2	phi	0.06691097550584788	1.922869694792583e-5
d165	0.05	2	phi	0.07507374000353845	1.828058380924733e-5
d165	0.05	2	phi	0.0842315912160045	1.6493820500411557e-5
d165	0.05	2	phi	0.09451026390588896	1.518852216858372e-5
d165	0.05	2	phi	0.10604341934190899	1.4841920431969634e-5
d165	0.05	2	phi	0.11898329021012795	1.4138969811231588e-5
d165	0.05	2	phi	0.13350170578599946	1.3397148742926093e-5
d165	0.05	2	phi	0.14978906678461706	1.2681146140723493e-5
d165	0.05	2	phi	0.16806660120897057	1.1335236743730642e-5
d165	0.05	2	phi	0.18857454785745398	1.0763427161696082e-5
d165	0.05	2	phi	0.2115835334850689	1.0014796616155676e-5
d165	0.05	2	phi	0.23739860927755593	9.070420615799353e-6
d165	0.05	2	phi	0.266366591568392	8.21921435461361e-6
d165	0.05	2	phi	0.29886901401039945	7.552272713549103e-6
d165	0.05	2	phi	0.33533636966402874	6.766578152135713e-6
d165	0.05	2	phi	0.3762531725804453	6.058917328880894e-6
d165	0.05	2	phi	0.4221605298354539	5.351079100003657e-6
d165	0.05	2	phi	0.47367243381911905	4.582307665822449e-6
d165	0.05	3	t1	7.629388473795709e-6	184.3553432070413
d165	0.05	3	t1	1.525877694759142e-5	57.963253707667114
d165	0.05	3	t1	2.2888165421387134e-5	12.005165595888894
d165	0.05	3	t1	3.0517553895182842e-5	6.760550419649011
d165	0.05	3	t1	3.814694236897854e-5	20.105256720825924
d165	0.05	3	t1	4.577633084277418e-5	31.849654595846914
d165	0.05	3	t1	5.340571931656997e-5	33.85058231750202
d165	0.05	3	t1	6.10351077903657e-5	6.11106957596205
d165	0.05	3	t1	6.86644962641613e-5	2.9889320716745686
d165	0.05	3	t1	7.629388473795709e-5	0.6487832923539123
d165	0.05	3	t1	8.392327321175269e-5	20.0217798277725
d165	0.05	3	t1	9.529103149571589e-5	31.943321512158654
d165	0.05	3	t1	0.00010681143863313985	3.949621410795807
d165	0.05	3	t1	0.00011819397800303034	16.451083256872078
d165	0.05	3	t1	0.00013345979153336977	12.273087294574122
d165	0.05	3	t1	0.0001487241608614854	16.416269420744648
d165	0.05	3	t1	0.00016773086992482195	9.586595239356557
d165	0.05	3	t1	0.00019063293236353633	3.9332168545564294
d165	0.05	3	t1	0.00021353201256911329	8.460648886837994
d165	0.05	3	t1	0.00023642897778077072	3.7836103527225227
d165	0.05	3	t1	0.0002630756059577625	10.232872825957678
d165	0.05	3	t1	0.00029735037055581985	6.239536009053862
d165	0.05	3	t1	0.00033551959004834276	8.257724811194043
d165	0.05	3	t1	0.0003774297929274283	5.449591456653347
d165	0.05	3	t1	0.0004232304713625064	3.160267850737048
d165	0.05	3	t1	0.00047277581579931876	6.498479442892259
d165	0.05	3	t1	0.000529954140682307	5.361928438635478
d165	0.05	3	t1	0.0005947660315265448	9.297736067477183
d165	0.05	3	t1	0.0006672115727191813	6.016042608084373
d165	0.05	3	t1	0.0007510328933877064	7.552514978047057
d165	0.05	3	t1	0.0008426357798242797	7.708969919380306
d165	0.05	3	t1	0.000945469465562411	7.252370182822089
d165	0.05	3	t1	0.0010637181906205887	5.396401840659841
d165	0.05	3	t1	0.0011933427345577946	6.652614541662894
d165	0.05	3	t1	0.001338234444659373	6.214171769771256
d165	0.05	3	t1	0.0014983929255561702	5.003605434325007
d165	0.05	3	t1	0.0016813062912522984	4.078785690370632
d165	0.05	3	t1	0.0018872672594733926	7.406278083738729
d165	0.05	3	t1	0.0021159825568989763	6.139890447608809
d165	0.05	3	t1	0.0023752319840376667	7.5853863253739995
d165	0.05	3	t1	0.0026650158537247022	7.227630288390867
d165	0.05	3	t1	0.002989077753483762	6.0657178115268024
d165	0.05	3	t1	0.0033550511129892243	5.642799495426161
d165	0.05	3	t1	0.0037630823722051253	8.566072153352737
d165	0.05	3	t1	0.004220512937761092	9.449512442956628
d165	0.05	3	t1	0.004735268427364398	7.7789566175864
d165	0.05	3	t1	0.00531468965810924	8.69998916553557
d165	0.05	3	t1	0.005966703895880201	9.828723913582932
d165	0.05	3	t1	0.006691163505285742	7.712721381374376
d165	0.05	3	t1	0.00750693386647431	7.480161409231225
d165	0.05	3	t1	0.008425831166491782	6.893175973878402
d165	0.05	3	t1	0.009451452182471384	6.046309592120463
d165	0.05	3	t1	0.010602808117072449	7.317327453170134
d165	0.05	3	t1	0.011899055913815891	7.028500662763152
d165	0.05	3	t1	0.013351719421174534	6.4328738488332
d165	0.05	3	t1	0.014979662876172375	6.070818682718498
d165	0.05	3	t1	0.016805933483363636	5.473632417234824
d165	0.05	3	t1	0.0188570292540463	5.145042441401371
d165	0.05	3	t1	0.021159887502757043	4.706194306710081
d165	0.05	3	t1	0.023741006069205848	4.202057797474696
d165	0.05	3	t1	0.026638552998525435	4.472556563955199
d165	0.05	3	t1	0.029886952690767608	4.366130846997051
d165	0.05	3	t1	0.0335317139880143	3.8748543547649
d165	0.05	3	t1	0.03762641841208682	3.2110305806080834
d165	0.05	3	t1	0.042216867626638205	3.211161141185386
d165	0.05	3	t1	0.047367581161098446	2.9094624351254534
d165	0.05	3	t1	0.05314755428959493	3.047979593416348
d165	0.05	3	t1	0.05963268370222095	2.6380607585674474
d165	0.05	3	t1	0.06691097550584788	2.492207825376692
d165	0.05	3	t1	0.07507374000353845	2.2970376912536667
d165	0.05	3	t1	0.0842315912160045	2.176628709831661
d165	0.05	3	t1	0.09451026390588896	2.045307403297483
d165	0.05	3	t1	0.10604341934190899	1.800025115847302
d165	0.05	3	t1	0.11898329021012795	1.6448206489171278
d165	0.05	3	t1	0.13350170578599946	1.5678003078434328
d165	0.05	3	t1	0.14978906678461706	1.4365762259812789
d165	0.05	3	t1	0.16806660120897057	1.3517949417677813
d165	0.05	3	t1	0.18857454785745398	1.2635787348578122
d165	0.05	3	t1	0.2115835334850689	1.1877526823603342
d165	0.05	3	t1	0.23739860927755593	1.1097188846683763
d165	0.05	3	t1	0.266366591568392	1.0649462533198888
d165	0.05	3	t1	0.29886901401039945	0.9899435953053324
d165	0.05	3	t1	0.33533636966402874	0.9182125692763732
d165	0.05	3	t1	0.3762531725804453	0.8845885262017308
d165	0.05	3	t1	0.4221605298354539	0.8310130933409742
d165	0.05	3	t1	0.47367243381911905	0.7900380859908911
d165	0.05	3	phi	7.629388473795709e-6	5.598275852616492
d165	0.05	3	phi	1.525877694759142e-5	3.566082905741597
d165	0.05	3	phi	2.2888165421387134e-5	0.7536968344820647
d165	0.05	3	phi	3.0517553895182842e-5	0.810741166892252
d165	0.05	3	phi	3.814694236897854e-5	1.3205524802096684
d165	0.05	3	phi	4.577633084277418e-5	0.05860289900763161
d165	0.05	3	phi	5.340571931656997e-5	0.9867422778486806
d165	0.05	3	phi	6.10351077903657e-5	0.11038556351018336
d165	0.05	3	phi	6.86644962641613e-5	0.18341424313474314
d165	0.05	3	phi	7.629388473795709e-5	0.14767883223777242
d165	0.05	3	phi	8.392327321175269e-5	0.008473427250146584
d165	0.05	3	phi	9.529103149571589e-5	0.3486254759383394
d165	0.05	3	phi	0.00010681143863313985	0.2571088276078073
d165	0.05	3	phi	0.00011819397800303034	0.15240575723070196
d165	0.05	3	phi	0.00013345979153336977	0.24844482010367808
d165	0.05	3	phi	0.0001487241608614854	0.23989533417150705
d165	0.05	3	phi	0.00016773086992482195	0.12831568528520026
d165	0.05	3	phi	0.00019063293236353633	0.14089064143595345
d165	0.05	3	phi	0.00021353201256911329	0.1350509652246943
d165	0.05	3	phi	0.00023642897778077072	0.14861651681854018
d165	0.05	3	phi	0.0002630756059577625	0.06339377337791322
d165	0.05	3	phi	0.00029735037055581985	0.06057060446248985
d165	0.05	3	phi	0.00033551959004834276	0.1518672629466332
d165	0.05	3	phi	0.0003774297929274283	0.11240286237032716
d165	0.05	3	phi	0.0004232304713625064	0.0615846788323135
d165	0.05	3	phi	0.00047277581579931876	0.023030696238300844
d165	0.05	3	phi	0.000529954140682307	0.08690568117710476
d165	0.05	3	phi	0.0005947660315265448	0.060683514704860615
d165	0.05	3	phi	0.0006672115727191813	0.03345467592059472
d165	0.05	3	phi	0.0007510328933877064	0.057319827401469764
d165	0.05	3	phi	0.0008426357798242797	0.03364919518081071
d165	0.05	3	phi	0.000945469465562411	0.027933288997518586
d165	0.05	3	phi	0.0010637181906205887	0.024691562797297235
d165	0.05	3	phi	0.0011933427345577946	0.03668842155641416
d165	0.05	3	phi	0.001338234444659373	0.020669809104954678
d165	0.05	3	phi	0.0014983929255561702	0.023994770766208776
d165	0.05	3	phi	0.0016813062912522984	0.01622151048158664
d165	0.05	3	phi	0.0018872672594733926	0.015366873135782489
d165	0.05	3	phi	0.0021159825568989763	0.01717424600517737
d165	0.05	3	phi	0.0023752319840376667	0.01522652673520589
d165	0.05	3	phi	0.0026650158537247022	0.010916040199838582
d165	0.05	3	phi	0.002989077753483762	0.011988531735216015
d165	0.05	3	phi	0.0033550511129892243	0.0060650273501443985
d165	0.05	3	phi	0.0037630823722051253	0.007414849448038621
d165	0.05	3	phi	0.004220512937761092	0.007329225453921095
d165	0.05	3	phi	0.004735268427364398	0.005869860561552562
d165	0.05	3	phi	0.00531468965810924	0.003494662013027198
d165	0.05	3	phi	0.005966703895880201	0.003586850794074421
d165	0.05	3	phi	0.006691163505285742	0.0020925219282466063
d165	0.05	3	phi	0.00750693386647431	0.0014720213123598554
d165	0.05	3	phi	0.008425831166491782	0.0013059791972159377
d165	0.05	3	phi	0.009451452182471384	0.0008093625403797144
d165	0.05	3	phi	0.010602808117072449	0.0005544454334896737
d165	0.05	3	phi	0.011899055913815891	0.0003656823748439032
d165	0.05	3	phi	0.013351719421174534	0.00030052901608861065
d165	0.05	3	phi	0.014979662876172375	0.0001853655592344229
d165	0.05	3	phi	0.016805933483363636	0.00016312426513972743
d165	0.05	3	phi	0.0188570292540463	0.00010985645457441973
d165	0.05	3	phi	0.021159887502757043	8.214652271074515e-5
d165	0.05	3	phi	0.023741006069205848	6.584642094583108e-5
d165	0.05	3	phi	0.026638552998525435	5.552082656722949e-5
d165	0.05	3	phi	0.029886952690767608	4.80161176242916e-5
d165	0.05	3	phi	0.0335317139880143	3.755145616045567e-5
d165	0.05	3	phi	0.03762641841208682	3.3260725448116465e-5
d165	0.05	3	phi	0.042216867626638205	2.942873191658962e-5
d165	0.05	3	phi	0.047367581161098446	2.4291174504239226e-5
d165	0.05	3	phi	0.05314755428959493	2.2736925098749812e-5
d165	0.05	3	phi	0.05963268370222095	2.028066305621016e-5
d165	0.05	3	phi	0.06691097550584788	1.962467506829202e-5
d165	0.05	3	phi	0.07507374000353845	1.8265463215916784e-5
d165	0.05	3	phi	0.0842315912160045	1.599088830907203e-5
d165	0.05	3	phi	0.09451026390588896	1.6028000912127527e-5
d165	0.05	3	phi	0.10604341934190899	1.416675609209703e-5
d165	0.05	3	phi	0.11898329021012795	1.3606873601076122e-5
d165	0.05	3	phi	0.13350170578599946	1.2841879514032568e-5
d165	0.05	3	phi	0.14978906678461706	1.2041737371350752e-5
d165	0.05	3	phi	0.16806660120897057	1.0916771214944876e-5
d165	0.05	3	phi	0.18857454785745398	1.0470005582902662e-5
d165	0.05	3	phi	0.2115835334850689	9.617638274574425e-6
d165	0.05	3	phi	0.23739860927755593	8.646923758930538e-6
d165	0.05	3	phi	0.266366591568392	8.018119656515546e-6
d165	0.05	3	phi	0.29886901401039945	7.254220730177127e-6
d165	0.05	3	phi	0.33533636966402874	6.5079808244747815e-6
d165	0.05	3	phi	0.3762531725804453	5.689461536963963e-6
d165	0.05	3	phi	0.4221605298354539	4.934019882954049e-6
d165	0.05	3	phi	0.47367243381911905	4.2753449668375566e-6
d165	0.05	4	t1	7.629388473795709e-6	153.64317563651085
d165	0.05	4	t1	1.525877694759142e-5	99.98030449566225
d165	0.05	4	t1	2.2888165421387134e-5	95.97709537518126
d165	0.05	4	t1	3.0517553895182842e-5	40.51719909236148
d165	0.05	4	t1	3.814694236897854e-5	7.416332802284088
d165	0.05	4	t1	4.577633084277418e-5	42.54178390780944
d165	0.05	4	t1	5.340571931656997e-5	57.67782864120531
d165	0.05	4	t1	6.10351077903657e-5	0.4954453165385201
d165	0.05	4	t1	6.86644962641613e-5	17.209990662991963
d165	0.05	4	t1	7.629388473795709e-5	28.521871582335773
d165	0.05	4	t1	8.392327321175269e-5	12.16530324332906
d165	0.05	4	t1	9.529103149571589e-5	4.0438011152553
d165	0.05	4	t1	0.00010681143863313985	0.693383927356227
d165	0.05	4	t1	0.00011819397800303034	4.90221120655126
d165	0.05	4	t1	0.00013345979153336977	11.912164111217379
d165	0.05	4	t1	0.0001487241608614854	3.485574210795199
d165	0.05	4	t1	0.00016773086992482195	4.691691111022484
d165	0.05	4	t1	0.00019063293236353633	1.8831209098625719
d165	0.05	4	t1	0.00021353201256911329	4.909510987266411
d165	0.05	4	t1	0.00023642897778077072	3.6957154974150312
d165	0.05	4	t1	0.0002630756059577625	4.284540954388623
d165	0.05	4	t1	0.00029735037055581985	6.960956821749855
d165	0.05	4	t1	0.00033551959004834276	5.795402353731511
d165	0.05	4	t1	0.0003774297929274283	3.063482006092699
d165	0.05	4	t1	0.0004232304713625064	3.446235583085869
d165	0.05	4	t1	0.00047277581579931876	7.720636825690737
d165	0.05	4	t1	0.000529954140682307	2.1508608203291186
d165	0.05	4	t1	0.0005947660315265448	5.535943584959556
d165	0.05	4	t1	0.0006672115727191813	5.196626352574816
d165	0.05	4	t1	0.0007510328933877064	3.390299977152727
d165	0.05	4	t1	0.0008426357798242797	7.264351139251448
d165	0.05	4	t1	0.000945469465562411	5.8023494516872205
d165	0.05	4	t1	0.0010637181906205887	4.697690018752674
d165	0.05	4	t1	0.0011933427345577946	7.15705179175022
d165	0.05	4	t1	0.001338234444659373	5.51246384780381
d165	0.05	4	t1	0.0014983929255561702	4.375843237734288
d165	0.05	4	t1	0.0016813062912522984	5.700468918053615
d165	0.05	4	t1	0.0018872672594733926	5.67236078499326
d165	0.05	4	t1	0.0021159825568989763	5.845155631121062
d165	0.05	4	t1	0.0023752319840376667	5.1751984425099335
d165	0.05	4	t1	0.0026650158537247022	6.257769736283915
d165	0.05	4	t1	0.002989077753483762	4.547627981844047
d165	0.05	4	t1	0.0033550511129892243	7.604438214596384
d165	0.05	4	t1	0.0037630823722051253	6.912557058418477
d165	0.05	4	t1	0.004220512937761092	7.882449219314015
d165	0.05	4	t1	0.004735268427364398	6.491913187453904
d165	0.05	4	t1	0.00531468965810924	7.655984991480281
d165	0.05	4	t1	0.005966703895880201	5.4628371375055895
d165	0.05	4	t1	0.006691163505285742	8.044663826203479
d165	0.05	4	t1	0.00750693386647431	6.416279344127432
d165	0.05	4	t1	0.008425831166491782	6.672067083594819
d165	0.05	4	t1	0.009451452182471384	5.894775264938538
d165	0.05	4	t1	0.010602808117072449	5.818298777790433
d165	0.05	4	t1	0.011899055913815891	4.761928012705728
d165	0.05	4	t1	0.013351719421174534	5.688646202304656
d165	0.05	4	t1	0.014979662876172375	4.152487209765591
d165	0.05	4	t1	0.016805933483363636	4.033679512368227
d165	0.05	4	t1	0.0188570292540463	4.418902447315764
d165	0.05	4	t1	0.021159887502757043	3.6149272685812215
d165	0.05	4	t1	0.023741006069205848	3.7647982449663417
d165	0.05	4	t1	0.026638552998525435	3.468229707597169
d165	0.05	4	t1	0.029886952690767608	3.171903207624183
d165	0.05	4	t1	0.0335317139880143	3.064340484948496
d165	0.05	4	t1	0.03762641841208682	2.7787873187058936
d165	0.05	4	t1	0.042216867626638205	2.804852954362682
d165	0.05	4	t1	0.047367581161098446	2.457153515980344
d165	0.05	4	t1	0.05314755428959493	2.3423425243391875
d165	0.05	4	t1	0.05963268370222095	2.1644800539560496
d165	0.05	4	t1	0.06691097550584788	2.0422281901172394
d165	0.05	4	t1	0.07507374000353845	1.8933559780614062
d165	0.05	4	t1	0.0842315912160045	1.7192943912019476
d165	0.05	4	t1	0.09451026390588896	1.6185750916614623
d165	0.05	4	t1	0.10604341934190899	1.510062433903417
d165	0.05	4	t1	0.11898329021012795	1.49178057180451
d165	0.05	4	t1	0.13350170578599946	1.2798528305716783
d165	0.05	4	t1	0.14978906678461706	1.2174404764294982
d165	0.05	4	t1	0.16806660120897057	1.1375655033021348
d165	0.05	4	t1	0.18857454785745398	1.0626535569498805
d165	0.05	4	t1	0.2115835334850689	0.9739205782578141
d165	0.05	4	t1	0.23739860927755593	0.9276916792615062
d165	0.05	4	t1	0.266366591568392	0.8573368117855809
d165	0.05	4	t1	0.29886901401039945	0.8222599450496888
d165	0.05	4	t1	0.33533636966402874	0.7705234678229173
d165	0.05	4	t1	0.3762531725804453	0.7380397948528324
d165	0.05	4	t1	0.4221605298354539	0.7030796225944516
d165	0.05	4	t1	0.47367243381911905	0.6557743663874672
d165	0.05	4	phi	7.629388473795709e-6	1.604926677354656
d165	0.05	4	phi	1.525877694759142e-5	2.912761944432244
d165	0.05	4	phi	2.2888165421387134e-5	0.9100953796458882
d165	0.05	4	phi	3.0517553895182842e-5	0.7496268586635739
d165	0.05	4	phi	3.814694236897854e-5	0.10213483377371795
d165	0.05	4	phi	4.577633084277418e-5	0.08506650949245585
d165	0.05	4	phi	5.340571931656997e-5	0.33423322487296964
d165	0.05	4	phi	6.10351077903657e-5	0.20434280568540397
d165	0.05	4	phi	6.86644962641613e-5	0.11342456656380605
d165	0.05	4	phi	7.629388473795709e-5	0.10328424770065349
d165	0.05	4	phi	8.392327321175269e-5	0.009112733791614213
d165	0.05	4	phi	9.529103149571589e-5	0.07620542557712023
d165	0.05	4	phi	0.00010681143863313985	0.07284630431438434
d165	0.05	4	phi	0.00011819397800303034	0.09402307435464904
d165	0.05	4	phi	0.00013345979153336977	0.07526872535495918
d165	0.05	4	phi	0.0001487241608614854	0.018176262379923806
d165	0.05	4	phi	0.00016773086992482195	0.12456617989738848
d165	0.05	4	phi	0.00019063293236353633	0.2049663719066124
d165	0.05	4	phi	0.00021353201256911329	0.08372673047348984
d165	0.05	4	phi	0.00023642897778077072	0.0700373181741839
d165	0.05	4	phi	0.0002630756059577625	0.06792548263915031
d165	0.05	4	phi	0.00029735037055581985	0.017987807161753168
d165	0.05	4	phi	0.00033551959004834276	0.15465076757992166
d165	0.05	4	phi	0.0003774297929274283	0.06619372702015268
d165	0.05	4	phi	0.0004232304713625064	0.10177088117583484
d165	0.05	4	phi	0.00047277581579931876	0.09020090276714343
d165	0.05	4	phi	0.000529954140682307	0.08759898675810728
d165	0.05	4	phi	0.0005947660315265448	0.07291084746309502
d165	0.05	4	phi	0.0006672115727191813	0.07080079252210526
d165	0.05	4	phi	0.0007510328933877064	0.05229105837794231
d165	0.05	4	phi	0.0008426357798242797	0.016906009416246485
d165	0.05	4	phi	0.000945469465562411	0.03338673782943602
d165	0.05	4	phi	0.0010637181906205887	0.02361921323491567
d165	0.05	4	phi	0.0011933427345577946	0.02351278811377238
d165	0.05	4	phi	0.001338234444659373	0.01646036466729347
d165	0.05	4	phi	0.0014983929255561702	0.021055255040536094
d165	0.05	4	phi	0.0016813062912522984	0.021957737897551063
d165	0.05	4	phi	0.0018872672594733926	0.017663333614815053
d165	0.05	4	phi	0.0021159825568989763	0.011668596587431837
d165	0.05	4	phi	0.0023752319840376667	0.011208527476826352
d165	0.05	4	phi	0.0026650158537247022	0.011962394474804927
d165	0.05	4	phi	0.002989077753483762	0.014495067098885301
d165	0.05	4	phi	0.0033550511129892243	0.014060724919072301
d165	0.05	4	phi	0.0037630823722051253	0.0072362045538020186
d165	0.05	4	phi	0.004220512937761092	0.0076910807604506914
d165	0.05	4	phi	0.004735268427364398	0.005622539889773663
d165	0.05	4	phi	0.00531468965810924	0.005299320289406685
d165	0.05	4	phi	0.005966703895880201	0.003283488771139896
d165	0.05	4	phi	0.006691163505285742	0.0027228447148437153
d165	0.05	4	phi	0.00750693386647431	0.0017085588249326146
d165	0.05	4	phi	0.008425831166491782	0.0012244312326268587
d165	0.05	4	phi	0.009451452182471384	0.0007042708278364988
d165	0.05	4	phi	0.010602808117072449	0.000560598519794946
d165	0.05	4	phi	0.011899055913815891	0.0003876007661965727
d165	0.05	4	phi	0.013351719421174534	0.00034561617701397616
d165	0.05	4	phi	0.014979662876172375	0.00019866802475561587
d165	0.05	4	phi	0.016805933483363636	0.00014979115532189624
d165	0.05	4	phi	0.0188570292540463	0.00011397161998236537
d165	0.05	4	phi	0.021159887502757043	8.532841112029455e-5
d165	0.05	4	phi	0.023741006069205848	7.167311250293201e-5
d165	0.05	4	phi	0.026638552998525435	5.1562542449753564e-5
d165	0.05	4	phi	0.029886952690767608	4.292975970046973e-5
d165	0.05	4	phi	0.0335317139880143	3.5572581460161884e-5
d165	0.05	4	phi	0.03762641841208682	3.00106987702372e-5
d165	0.05	4	phi	0.042216867626638205	2.7174656418062658e-5
d165	0.05	4	phi	0.047367581161098446	2.429133641046823e-5
d165	0.05	4	phi	0.05314755428959493	2.16909412939004e-5
d165	0.05	4	phi	0.05963268370222095	1.995725622270685e-5
d165	0.05	4	phi	0.06691097550584788	1.7839521906800793e-5
d165	0.05	4	phi	0.07507374000353845	1.6962061551193156e-5
d165	0.05	4	phi	0.0842315912160045	1.6326728207965576e-5
d165	0.05	4	phi	0.09451026390588896	1.4732731561050011e-5
d165	0.05	4	phi	0.10604341934190899	1.3585164124210883e-5
d165	0.05	4	phi	0.11898329021012795	1.3097663950592817e-5
d165	0.05	4	phi	0.13350170578599946	1.1699691144262367e-5
d165	0.05	4	phi	0.14978906678461706	1.1077392300514882e-5
d165	0.05	4	phi	0.16806660120897057	1.0620221462747787e-5
d165	0.05	4	phi	0.18857454785745398	9.871078965879089e-6
d165	0.05	4	phi	0.2115835334850689	8.813497459977942e-6
d165	0.05	4	phi	0.23739860927755593	8.041684919920011e-6
d165	0.05	4	phi	0.266366591568392	7.4128661297030645e-6
d165	0.05	4	phi	0.29886901401039945	6.600103805442614e-6
d165	0.05	4	phi	0.33533636966402874	5.9848082233838835e-6
d165	0.05	4	phi	0.3762531725804453	5.119643861372377e-6
d165	0.05	4	phi	0.4221605298354539	4.5412104337143316e-6
d165	0.05	4	phi	0.47367243381911905	4.105386664193079e-6
d165	0.05	5	t1	7.629388473795709e-6	530.7726836547615
d165	0.05	5	t1	1.525877694759142e-5	263.48795286645355
d165	0.05	5	t1	2.2888165421387134e-5	484.4824025522055
d165	0.05	5	t1	3.0517553895182842e-5	43.336439823671135
d165	0.05	5	t1	3.814694236897854e-5	30.641580514330542
d165	0.05	5	t1	4.577633084277418e-5	6.886684159202734
d165	0.05	5	t1	5.340571931656997e-5	10.74098229824884
d165	0.05	5	t1	6.10351077903657e-5	3.360500377006584
d165	0.05	5	t1	6.86644962641613e-5	81.57036606998422
d165	0.05	5	t1	7.629388473795709e-5	18.16075087668925
d165	0.05	5	t1	8.392327321175269e-5	6.460128193460185
d165	0.05	5	t1	9.529103149571589e-5	1.0394130997017996
d165	0.05	5	t1	0.00010681143863313985	41.64665228119626
d165	0.05	5	t1	0.00011819397800303034	12.876819453578616
d165	0.05	5	t1	0.00013345979153336977	17.545949833874857
d165	0.05	5	t1	0.0001487241608614854	13.566865278676698
d165	0.05	5	t1	0.00016773086992482195	13.609020149820976
d165	0.05	5	t1	0.00019063293236353633	4.652304535377129
d165	0.05	5	t1	0.00021353201256911329	6.103652480753756
d165	0.05	5	t1	0.00023642897778077072	2.801296191429112
d165	0.05	5	t1	0.0002630756059577625	4.149228114625947
d165	0.05	5	t1	0.00029735037055581985	5.495172425159183
d165	0.05	5	t1	0.00033551959004834276	6.778436859692701
d165	0.05	5	t1	0.0003774297929274283	5.95029467792098
d165	0.05	5	t1	0.0004232304713625064	16.204396804210397
d165	0.05	5	t1	0.00047277581579931876	6.6219409207165665
d165	0.05	5	t1	0.000529954140682307	11.811203204054781
d165	0.05	5	t1	0.0005947660315265448	5.8037117971833725
d165	0.05	5	t1	0.0006672115727191813	6.534344120669914
d165	0.05	5	t1	0.0007510328933877064	4.924154263549559
d165	0.05	5	t1	0.0008426357798242797	5.2459603302716
d165	0.05	5	t1	0.000945469465562411	7.405379901745315
d165	0.05	5	t1	0.0010637181906205887	6.371387590192014
d165	0.05	5	t1	0.0011933427345577946	5.332505528694926
d165	0.05	5	t1	0.001338234444659373	11.192384873111886
d165	0.05	5	t1	0.0014983929255561702	4.906874053352077
d165	0.05	5	t1	0.0016813062912522984	9.016254537852591
d165	0.05	5	t1	0.0018872672594733926	6.336710886928112
d165	0.05	5	t1	0.0021159825568989763	5.146636712749965
d165	0.05	5	t1	0.0023752319840376667	8.11983175498418
d165	0.05	5	t1	0.0026650158537247022	9.397220765839362
d165	0.05	5	t1	0.002989077753483762	7.622363065506973
d165	0.05	5	t1	0.0033550511129892243	6.171409852154104
d165	0.05	5	t1	0.0037630823722051253	10.146357720636653
d165	0.05	5	t1	0.004220512937761092	9.311779893717873
d165	0.05	5	t1	0.004735268427364398	9.076909966433616
d165	0.05	5	t1	0.00531468965810924	8.731736872738963
d165	0.05	5	t1	0.005966703895880201	8.126043293112929
d165	0.05	5	t1	0.006691163505285742	6.6700152696086805
d165	0.05	5	t1	0.00750693386647431	8.375895394621045
d165	0.05	5	t1	0.008425831166491782	7.606574382259871
d165	0.05	5	t1	0.009451452182471384	7.703086438643721
d165	0.05	5	t1	0.010602808117072449	6.55220240424201
d165	0.05	5	t1	0.011899055913815891	6.610132373543219
d165	0.05	5	t1	0.013351719421174534	6.338898803834826
d165	0.05	5	t1	0.014979662876172375	6.234101860766581
d165	0.05	5	t1	0.016805933483363636	5.023224986909729
d165	0.05	5	t1	0.0188570292540463	4.860290776935868
d165	0.05	5	t1	0.021159887502757043	4.524741765531448
d165	0.05	5	t1	0.023741006069205848	4.594780357795437
d165	0.05	5	t1	0.026638552998525435	4.207094898398012
d165	0.05	5	t1	0.029886952690767608	4.051842529079391
d165	0.05	5	t1	0.0335317139880143	3.6649132567466043
d165	0.05	5	t1	0.03762641841208682	3.548553293066072
d165	0.05	5	t1	0.042216867626638205	3.2759209619446548
d165	0.05	5	t1	0.047367581161098446	3.051438756292608
d165	0.05	5	t1	0.05314755428959493	2.8097492468272436
d165	0.05	5	t1	0.05963268370222095	2.7499261985983705
d165	0.05	5	t1	0.06691097550584788	2.3488124174533214
d165	0.05	5	t1	0.07507374000353845	2.3377771241705867
d165	0.05	5	t1	0.0842315912160045	2.204703187334923
d165	0.05	5	t1	0.09451026390588896	1.9632039098621479
d165	0.05	5	t1	0.10604341934190899	1.7474538638278938
d165	0.05	5	t1	0.11898329021012795	1.655284734277792
d165	0.05	5	t1	0.13350170578599946	1.4691344226700824
d165	0.05	5	t1	0.14978906678461706	1.4441608130539128
d165	0.05	5	t1	0.16806660120897057	1.3786592406114182
d165	0.05	5	t1	0.18857454785745398	1.2287357743937064
d165	0.05	5	t1	0.2115835334850689	1.181801344263312
d165	0.05	5	t1	0.23739860927755593	1.1083042971220014
d165	0.05	5	t1	0.266366591568392	1.056965646583424
d165	0.05	5	t1	0.29886901401039945	0.9738615649606205
d165	0.05	5	t1	0.33533636966402874	0.9093663962262724
d165	0.05	5	t1	0.3762531725804453	0.8628959504992362
d165	0.05	5	t1	0.4221605298354539	0.8349229108686558
d165	0.05	5	t1	0.47367243381911905	0.7796868454872938
d165	0.05	5	phi	7.629388473795709e-6	22.86719601642912
d165	0.05	5	phi	1.525877694759142e-5	4.2785585673813955
d165	0.05	5	phi	2.2888165421387134e-5	1.7085311663483655
d165	0.05	5	phi	3.0517553895182842e-5	0.8694047131912505
d165	0.05	5	phi	3.814694236897854e-5	0.3994591523579809
d165	0.05	5	phi	4.577633084277418e-5	0.6994858866606383
d165	0.05	5	phi	5.340571931656997e-5	0.7032807842228013
d165	0.05	5	phi	6.10351077903657e-5	1.0926524194845648
d165	0.05	5	phi	6.86644962641613e-5	0.060403763234226464
d165	0.05	5	phi	7.629388473795709e-5	0.9689501474354769
d165	0.05	5	phi	8.392327321175269e-5	0.6943252576010462
d165	0.05	5	phi	9.529103149571589e-5	0.8352828631950289
d165	0.05	5	phi	0.00010681143863313985	0.08758732063529949
d165	0.05	5	phi	0.00011819397800303034	0.10540563483263746
d165	0.05	5	phi	0.00013345979153336977	0.20109461666413173
d165	0.05	5	phi	0.0001487241608614854	0.2389571241082104
d165	0.05	5	phi	0.00016773086992482195	0.13106225249576411
d165	0.05	5	phi	0.00019063293236353633	0.020448422759869554
d165	0.05	5	phi	0.00021353201256911329	0.03497614103307117
d165	0.05	5	phi	0.00023642897778077072	0.05167201345463377
d165	0.05	5	phi	0.0002630756059577625	0.15103556985298544
d165	0.05	5	phi	0.00029735037055581985	0.05648757210784725
d165	0.05	5	phi	0.00033551959004834276	0.07786577901946154
d165	0.05	5	phi	0.0003774297929274283	0.15793244617174265
d165	0.05	5	phi	0.0004232304713625064	0.12432583841280376
d165	0.05	5	phi	0.00047277581579931876	0.0743782023263231
d165	0.05	5	phi	0.000529954140682307	0.029586001792072027
d165	0.05	5	phi	0.0005947660315265448	0.05768187081910037
d165	0.05	5	phi	0.0006672115727191813	0.06329150823892803
d165	0.05	5	phi	0.0007510328933877064	0.05523478191482658
d165	0.05	5	phi	0.0008426357798242797	0.024078446121362937
d165	0.05	5	phi	0.000945469465562411	0.01639074599510238
d165	0.05	5	phi	0.0010637181906205887	0.04577763779619736
d165	0.05	5	phi	0.0011933427345577946	0.030413317942894917
d165	0.05	5	phi	0.001338234444659373	0.019211058410613747
d165	0.05	5	phi	0.0014983929255561702	0.02084187139353807
d165	0.05	5	phi	0.0016813062912522984	0.02135844570615604
d165	0.05	5	phi	0.0018872672594733926	0.015172776439520459
d165	0.05	5	phi	0.0021159825568989763	0.013143545214478872
d165	0.05	5	phi	0.0023752319840376667	0.015482711886771373
d165	0.05	5	phi	0.0026650158537247022	0.015663582875101188
d165	0.05	5	phi	0.002989077753483762	0.011200604682371385
d165	0.05	5	phi	0.0033550511129892243	0.008215121185945421
d165	0.05	5	phi	0.0037630823722051253	0.010423075008211212
d165	0.05	5	phi	0.004220512937761092	0.00795018643440927
d165	0.05	5	phi	0.004735268427364398	0.006283876819194766
d165	0.05	5	phi	0.00531468965810924	0.0043796548562324315
d165	0.05	5	phi	0.005966703895880201	0.0035196540762313638
d165	0.05	5	phi	0.006691163505285742	0.002077238702454144
d165	0.05	5	phi	0.00750693386647431	0.0013329227968858783
d165	0.05	5	phi	0.008425831166491782	0.0009891997802645434
d165	0.05	5	phi	0.009451452182471384	0.0009093427455197898
d165	0.05	5	phi	0.010602808117072449	0.0005272184507442315
d165	0.05	5	phi	0.011899055913815891	0.0003516726321528557
d165	0.05	5	phi	0.013351719421174534	0.0002636586991848502
d165	0.05	5	phi	0.014979662876172375	0.00019081840688723234
d165	0.05	5	phi	0.016805933483363636	0.00013559098302728365
d165	0.05	5	phi	0.0188570292540463	0.00010738308612345931
d165	0.05	5	phi	0.021159887502757043	9.374495276970244e-5
d165	0.05	5	phi	0.023741006069205848	6.459865081524974e-5
d165	0.05	5	phi	0.026638552998525435	5.3317605812192225e-5
d165	0.05	5	phi	0.029886952690767608	4.32446421325101e-5
d165	0.05	5	phi	0.0335317139880143	3.6617659860136555e-5
d165	0.05	5	phi	0.03762641841208682	3.395390991548643e-5
d165	0.05	5	phi	0.042216867626638205	2.771637742759832e-5
d165	0.05	5	phi	0.047367581161098446	2.685323078655058e-5
d165	0.05	5	phi	0.05314755428959493	2.3468560141984777e-5
d165	0.05	5	phi	0.05963268370222095	2.1172933365933563e-5
d165	0.05	5	phi	0.06691097550584788	2.0544575123212795e-5
d165	0.05	5	phi	0.07507374000353845	1.8702004867046715e-5
d165	0.05	5	phi	0.0842315912160045	1.844648469491871e-5
d165	0.05	5	phi	0.09451026390588896	1.683396958385763e-5
d165	0.05	5	phi	0.10604341934190899	1.552558829714482e-5
d165	0.05	5	phi	0.11898329021012795	1.4141520115767347e-5
d165	0.05	5	phi	0.13350170578599946	1.3857569445353945e-5
d165	0.05	5	phi	0.14978906678461706	1.3021729225480266e-5
d165	0.05	5	phi	0.16806660120897057	1.2122948196841089e-5
d165	0.05	5	phi	0.18857454785745398	1.1196468311792594e-5
d165	0.05	5	phi	0.2115835334850689	1.0409634276927431e-5
d165	0.05	5	phi	0.23739860927755593	9.424493064658367e-6
d165	0.05	5	phi	0.266366591568392	8.589385611014257e-6
d165	0.05	5	phi	0.29886901401039945	7.865673856569296e-6
d165	0.05	5	phi	0.33533636966402874	7.113461385596701e-6
d165	0.05	5	phi	0.3762531725804453	6.100288924591897e-6
d165	0.05	5	phi	0.4221605298354539	5.426284991013355e-6
d165	0.05	5	phi	0.47367243381911905	4.779142991892423e-6
