start_seed	run_seed	T	paper_mcs	F_dl	F_dd	F_ll	F_dM	F_lM	N_dl	N_dd	N_ll	N_dM	N_lM	mismatched_bonds	alive_dark	alive_light	cells_dark	cells_light	isolated	wall_s
3001	13001	0.0	1	0.461038	0.263046	0.216874	0.028922	0.030119	16945	9668	7971	1063	1107	36754	500	500	500	500	true	330.7
3001	13001	0.0	2	0.459758	0.264327	0.216891	0.028859	0.030165	16903	9718	7974	1061	1109	36765	500	500	500	500	true	330.7
3001	13001	0.0	3	0.459466	0.264375	0.217161	0.028737	0.030261	16884	9715	7980	1056	1112	36747	500	500	500	500	true	330.7
3001	13001	0.0	4	0.458609	0.265088	0.217286	0.028284	0.030734	16847	9738	7982	1039	1129	36735	500	500	500	500	true	330.7
3001	13001	0.0	5	0.458133	0.265338	0.217493	0.028211	0.030825	16824	9744	7987	1036	1132	36723	500	500	500	500	true	330.7
3001	13001	0.0	6	0.458364	0.264917	0.217625	0.027857	0.031237	16816	9719	7984	1022	1146	36687	500	500	500	500	true	330.7
3001	13001	0.0	8	0.458621	0.265181	0.217081	0.027677	0.03144	16819	9725	7961	1015	1153	36673	500	500	500	500	true	330.7
3001	13001	0.0	10	0.458497	0.26538	0.217005	0.027487	0.031632	16814	9732	7958	1008	1160	36672	500	500	500	500	true	330.7
3001	13001	0.0	13	0.458458	0.265298	0.21707	0.027267	0.031907	16797	9720	7953	999	1169	36638	500	500	500	500	true	330.7
3001	13001	0.0	16	0.458347	0.264968	0.21747	0.027177	0.032039	16781	9701	7962	995	1173	36612	500	500	500	500	true	330.7
3001	13001	0.0	20	0.458461	0.26513	0.2172	0.027174	0.032035	16787	9708	7953	995	1173	36616	500	500	500	500	true	330.7
3001	13001	0.0	25	0.457813	0.265658	0.217202	0.026795	0.032531	16761	9726	7952	981	1191	36611	500	500	500	500	true	330.7
3001	13001	0.0	32	0.457488	0.266053	0.217191	0.026766	0.032502	16750	9741	7952	980	1190	36613	500	500	500	500	true	330.7
3001	13001	0.0	40	0.457755	0.265712	0.217237	0.026779	0.032517	16752	9724	7950	980	1190	36596	500	500	500	500	true	330.7
3001	13001	0.0	50	0.457736	0.2655	0.217441	0.026791	0.032531	16744	9712	7954	980	1190	36580	500	500	500	500	true	330.7
3001	13001	0.0	64	0.457666	0.265783	0.217245	0.026783	0.032523	16746	9725	7949	980	1190	36590	500	500	500	500	true	330.7
3001	13001	0.0	80	0.457477	0.265823	0.217397	0.026782	0.032521	16740	9727	7955	980	1190	36592	500	500	500	500	true	330.7
3001	13001	0.0	100	0.457402	0.265998	0.217307	0.026777	0.032515	16740	9735	7953	980	1190	36598	500	500	500	500	true	330.7
3001	13001	0.0	128	0.457368	0.265932	0.217397	0.026782	0.032521	16736	9731	7955	980	1190	36592	500	500	500	500	true	330.7
3001	13001	0.0	160	0.457452	0.265973	0.217276	0.02678	0.032519	16740	9733	7951	980	1190	36594	500	500	500	500	true	330.7
3001	13001	0.0	200	0.457519	0.265953	0.217227	0.026781	0.03252	16742	9732	7949	980	1190	36593	500	500	500	500	true	330.7
3001	13001	0.0	256	0.457376	0.265805	0.217509	0.026785	0.032525	16734	9725	7958	980	1190	36587	500	500	500	500	true	330.7
3001	13001	0.0	320	0.457472	0.265852	0.217366	0.026785	0.032524	16738	9727	7953	980	1190	36588	500	500	500	500	true	330.7
3001	13001	0.0	400	0.457522	0.265772	0.21739	0.026788	0.032528	16738	9723	7953	980	1190	36584	500	500	500	500	true	330.7
3001	13001	0.0	500	0.457535	0.265752	0.217396	0.026788	0.032529	16738	9722	7953	980	1190	36583	500	500	500	500	true	330.7
3001	13001	0.0	640	0.457455	0.265792	0.217439	0.026787	0.032527	16736	9724	7955	980	1190	36585	500	500	500	500	true	330.7
3001	13001	0.0	800	0.457455	0.265792	0.217439	0.026787	0.032527	16736	9724	7955	980	1190	36585	500	500	500	500	true	330.7
3001	13001	0.0	1000	0.457455	0.265792	0.217439	0.026787	0.032527	16736	9724	7955	980	1190	36585	500	500	500	500	true	330.7
3001	13001	0.0	1280	0.457455	0.265792	0.217439	0.026787	0.032527	16736	9724	7955	980	1190	36585	500	500	500	500	true	330.7
3001	13001	0.0	1600	0.457455	0.265792	0.217439	0.026787	0.032527	16736	9724	7955	980	1190	36585	500	500	500	500	true	330.7
3001	13001	0.0	2000	0.457455	0.265792	0.217439	0.026787	0.032527	16736	9724	7955	980	1190	36585	500	500	500	500	true	330.7
3001	13001	0.0	2560	0.457455	0.265792	0.217439	0.026787	0.032527	16736	9724	7955	980	1190	36585	500	500	500	500	true	330.7
3001	13001	0.0	3200	0.457443	0.265812	0.217433	0.026786	0.032526	16736	9725	7955	980	1190	36586	500	500	500	500	true	330.7
3001	13001	0.0	4000	0.457443	0.265812	0.217433	0.026786	0.032526	16736	9725	7955	980	1190	36586	500	500	500	500	true	330.7
3001	13001	0.0	5000	0.457455	0.265792	0.217439	0.026787	0.032527	16736	9724	7955	980	1190	36585	500	500	500	500	true	330.7
3001	13001	0.0	6400	0.457443	0.265812	0.217433	0.026786	0.032526	16736	9725	7955	980	1190	36586	500	500	500	500	true	330.7
3001	13001	0.0	8000	0.457455	0.265792	0.217439	0.026787	0.032527	16736	9724	7955	980	1190	36585	500	500	500	500	true	330.7
3001	13001	0.0	10000	0.45743	0.265832	0.217427	0.026785	0.032525	16736	9726	7955	980	1190	36587	500	500	500	500	true	330.7
3002	13002	0.0	1	0.447744	0.270345	0.222797	0.027571	0.031544	16451	9933	8186	1013	1159	36742	500	500	500	500	true	336.5
3002	13002	0.0	2	0.44699	0.270662	0.223127	0.027867	0.031354	16409	9936	8191	1023	1151	36710	500	500	500	500	true	336.5
3002	13002	0.0	3	0.447354	0.270614	0.2229	0.027822	0.03131	16417	9931	8180	1021	1149	36698	500	500	500	500	true	336.5
3002	13002	0.0	4	0.44717	0.270608	0.223067	0.027805	0.031349	16404	9927	8183	1020	1150	36684	500	500	500	500	true	336.5
3002	13002	0.0	5	0.447607	0.270375	0.222795	0.027812	0.031411	16416	9916	8171	1020	1152	36675	500	500	500	500	true	336.5
3002	13002	0.0	6	0.447134	0.270376	0.22328	0.027804	0.031406	16387	9909	8183	1019	1151	36649	500	500	500	500	true	336.5
3002	13002	0.0	8	0.447206	0.27049	0.223098	0.027802	0.031403	16391	9914	8177	1019	1151	36652	500	500	500	500	true	336.5
3002	13002	0.0	10	0.447465	0.270248	0.22305	0.027789	0.031447	16392	9900	8171	1018	1152	36633	500	500	500	500	true	336.5
3002	13002	0.0	13	0.44731	0.270422	0.223041	0.027703	0.031524	16389	9908	8172	1015	1155	36639	500	500	500	500	true	336.5
3002	13002	0.0	16	0.447004	0.270424	0.223338	0.027678	0.031555	16376	9907	8182	1014	1156	36635	500	500	500	500	true	336.5
3002	13002	0.0	20	0.447065	0.270298	0.223396	0.027682	0.031559	16376	9901	8183	1014	1156	36630	500	500	500	500	true	336.5
3002	13002	0.0	25	0.446871	0.270464	0.223435	0.027677	0.031553	16372	9909	8186	1014	1156	36637	500	500	500	500	true	336.5
3002	13002	0.0	32	0.44692	0.270342	0.223487	0.027632	0.031619	16368	9901	8185	1012	1158	36624	500	500	500	500	true	336.5
3002	13002	0.0	40	0.446805	0.270289	0.223648	0.027635	0.031622	16362	9898	8190	1012	1158	36620	500	500	500	500	true	336.5
3002	13002	0.0	50	0.446854	0.270264	0.223618	0.027638	0.031626	16362	9896	8188	1012	1158	36616	500	500	500	500	true	336.5
3002	13002	0.0	64	0.446817	0.270351	0.223572	0.027636	0.031623	16362	9900	8187	1012	1158	36619	500	500	500	500	true	336.5
3002	13002	0.0	80	0.447012	0.270239	0.223479	0.027641	0.031629	16366	9894	8182	1012	1158	36612	500	500	500	500	true	336.5
3002	13002	0.0	100	0.447018	0.270319	0.2234	0.027638	0.031626	16368	9898	8180	1012	1158	36616	500	500	500	500	true	336.5
3002	13002	0.0	128	0.446799	0.270428	0.223509	0.027638	0.031626	16360	9902	8184	1012	1158	36616	500	500	500	500	true	336.5
3002	13002	0.0	160	0.446896	0.270421	0.223421	0.027637	0.031625	16364	9902	8181	1012	1158	36617	500	500	500	500	true	336.5
3002	13002	0.0	200	0.446963	0.270428	0.223345	0.027638	0.031626	16366	9902	8178	1012	1158	36616	500	500	500	500	true	336.5
3002	13002	0.0	256	0.446939	0.270468	0.223333	0.027637	0.031624	16366	9904	8178	1012	1158	36618	500	500	500	500	true	336.5
3002	13002	0.0	320	0.446696	0.270411	0.223621	0.027642	0.03163	16354	9900	8187	1012	1158	36611	500	500	500	500	true	336.5
3002	13002	0.0	400	0.446714	0.270498	0.223521	0.02764	0.031627	16356	9904	8184	1012	1158	36614	500	500	500	500	true	336.5
3002	13002	0.0	500	0.446757	0.27049	0.223488	0.027639	0.031626	16358	9904	8183	1012	1158	36615	500	500	500	500	true	336.5
3002	13002	0.0	640	0.446569	0.270721	0.223448	0.027637	0.031625	16352	9913	8182	1012	1158	36617	500	500	500	500	true	336.5
3002	13002	0.0	800	0.446471	0.270674	0.223591	0.027638	0.031626	16348	9911	8187	1012	1158	36616	500	500	500	500	true	336.5
3002	13002	0.0	1000	0.446471	0.270701	0.223563	0.027638	0.031626	16348	9912	8186	1012	1158	36616	500	500	500	500	true	336.5
3002	13002	0.0	1280	0.446575	0.270622	0.223533	0.027641	0.031629	16350	9908	8184	1012	1158	36612	500	500	500	500	true	336.5
3002	13002	0.0	1600	0.446635	0.270674	0.223427	0.027638	0.031626	16354	9911	8181	1012	1158	36616	500	500	500	500	true	336.5
3002	13002	0.0	2000	0.446502	0.270687	0.223551	0.027637	0.031624	16350	9912	8186	1012	1158	36618	500	500	500	500	true	336.5
3002	13002	0.0	2560	0.446526	0.270701	0.223509	0.027638	0.031626	16350	9912	8184	1012	1158	36616	500	500	500	500	true	336.5
3002	13002	0.0	3200	0.44669	0.270674	0.223372	0.027638	0.031626	16356	9911	8179	1012	1158	36616	500	500	500	500	true	336.5
3002	13002	0.0	4000	0.446575	0.270649	0.223506	0.027641	0.031629	16350	9909	8183	1012	1158	36612	500	500	500	500	true	336.5
3002	13002	0.0	5000	0.446617	0.270669	0.223445	0.02764	0.031628	16352	9910	8181	1012	1158	36613	500	500	500	500	true	336.5
3002	13002	0.0	6400	0.446757	0.270709	0.223269	0.027639	0.031626	16358	9912	8175	1012	1158	36615	500	500	500	500	true	336.5
3002	13002	0.0	8000	0.446732	0.270694	0.223312	0.027637	0.031625	16358	9912	8177	1012	1158	36617	500	500	500	500	true	336.5
3002	13002	0.0	10000	0.446635	0.270701	0.2234	0.027638	0.031626	16354	9912	8180	1012	1158	36616	500	500	500	500	true	336.5
3003	13003	0.0	1	0.447828	0.26979	0.223054	0.029637	0.029691	16395	9877	8166	1085	1087	36610	500	500	500	500	true	336.6
3003	13003	0.0	2	0.447927	0.269719	0.222952	0.029373	0.03003	16378	9862	8152	1074	1098	36564	500	500	500	500	true	336.6
3003	13003	0.0	3	0.447907	0.269822	0.222845	0.029576	0.02985	16371	9862	8145	1081	1091	36550	500	500	500	500	true	336.6
3003	13003	0.0	4	0.447139	0.270853	0.222626	0.029445	0.029937	16355	9907	8143	1077	1095	36577	500	500	500	500	true	336.6
3003	13003	0.0	5	0.446735	0.271082	0.222793	0.029476	0.029914	16338	9914	8148	1078	1094	36572	500	500	500	500	true	336.6
3003	13003	0.0	6	0.446967	0.271019	0.222608	0.029429	0.029976	16342	9909	8139	1076	1096	36562	500	500	500	500	true	336.6
3003	13003	0.0	8	0.446347	0.271412	0.222845	0.029425	0.029972	16322	9925	8149	1076	1096	36568	500	500	500	500	true	336.6
3003	13003	0.0	10	0.446296	0.271093	0.223189	0.029355	0.030067	16313	9909	8158	1073	1099	36552	500	500	500	500	true	336.6
3003	13003	0.0	13	0.446665	0.270851	0.223031	0.029289	0.030165	16318	9895	8148	1070	1102	36533	500	500	500	500	true	336.6
3003	13003	0.0	16	0.446532	0.270942	0.223047	0.029356	0.030123	16306	9894	8145	1072	1100	36517	500	500	500	500	true	336.6
3003	13003	0.0	20	0.446414	0.270764	0.223303	0.029238	0.03028	16291	9881	8149	1067	1105	36493	500	500	500	500	true	336.6
3003	13003	0.0	25	0.446851	0.27031	0.223288	0.029282	0.030269	16298	9859	8144	1068	1104	36473	500	500	500	500	true	336.6
3003	13003	0.0	32	0.446889	0.270356	0.223115	0.02897	0.03067	16290	9855	8133	1056	1118	36452	500	500	500	500	true	336.6
3003	13003	0.0	40	0.447314	0.270359	0.222655	0.028793	0.030879	16297	9850	8112	1049	1125	36433	500	500	500	500	true	336.6
3003	13003	0.0	50	0.44741	0.270159	0.222744	0.028828	0.03086	16296	9840	8113	1050	1124	36423	500	500	500	500	true	336.6
3003	13003	0.0	64	0.447362	0.269906	0.223022	0.028839	0.030871	16288	9827	8120	1050	1124	36409	500	500	500	500	true	336.6
3003	13003	0.0	80	0.447185	0.269953	0.223153	0.028838	0.030871	16282	9829	8125	1050	1124	36410	500	500	500	500	true	336.6
3003	13003	0.0	100	0.447319	0.269886	0.223083	0.02884	0.030872	16286	9826	8122	1050	1124	36408	500	500	500	500	true	336.6
3003	13003	0.0	128	0.447221	0.270129	0.222951	0.028833	0.030866	16286	9837	8119	1050	1124	36416	500	500	500	500	true	336.6
3003	13003	0.0	160	0.447154	0.270149	0.223	0.028833	0.030865	16284	9838	8121	1050	1124	36417	500	500	500	500	true	336.6
3003	13003	0.0	200	0.447215	0.270048	0.223031	0.028837	0.030869	16284	9833	8121	1050	1124	36412	500	500	500	500	true	336.6
3003	13003	0.0	256	0.447142	0.270196	0.222967	0.028832	0.030864	16284	9840	8120	1050	1124	36418	500	500	500	500	true	336.6
3003	13003	0.0	320	0.447087	0.270196	0.223022	0.028832	0.030864	16282	9840	8122	1050	1124	36418	500	500	500	500	true	336.6
3003	13003	0.0	400	0.447172	0.270236	0.2229	0.02883	0.030862	16286	9842	8118	1050	1124	36420	500	500	500	500	true	336.6
3003	13003	0.0	500	0.447209	0.270176	0.222918	0.028833	0.030865	16286	9839	8118	1050	1124	36417	500	500	500	500	true	336.6
3003	13003	0.0	640	0.447142	0.270196	0.222967	0.028832	0.030864	16284	9840	8120	1050	1124	36418	500	500	500	500	true	336.6
3003	13003	0.0	800	0.447117	0.270209	0.222982	0.02883	0.030862	16284	9841	8121	1050	1124	36420	500	500	500	500	true	336.6
3003	13003	0.0	1000	0.447166	0.270156	0.222979	0.028833	0.030866	16284	9838	8120	1050	1124	36416	500	500	500	500	true	336.6
3003	13003	0.0	1280	0.447172	0.270236	0.2229	0.02883	0.030862	16286	9842	8118	1050	1124	36420	500	500	500	500	true	336.6
3003	13003	0.0	1600	0.447142	0.270196	0.222967	0.028832	0.030864	16284	9840	8120	1050	1124	36418	500	500	500	500	true	336.6
3003	13003	0.0	2000	0.447154	0.270176	0.222973	0.028833	0.030865	16284	9839	8120	1050	1124	36417	500	500	500	500	true	336.6
3003	13003	0.0	2560	0.447154	0.270176	0.222973	0.028833	0.030865	16284	9839	8120	1050	1124	36417	500	500	500	500	true	336.6
3003	13003	0.0	3200	0.447117	0.270236	0.222954	0.02883	0.030862	16284	9842	8120	1050	1124	36420	500	500	500	500	true	336.6
3003	13003	0.0	4000	0.447062	0.270236	0.223009	0.02883	0.030862	16282	9842	8122	1050	1124	36420	500	500	500	500	true	336.6
3003	13003	0.0	5000	0.447142	0.270196	0.222967	0.028832	0.030864	16284	9840	8120	1050	1124	36418	500	500	500	500	true	336.6
3003	13003	0.0	6400	0.447209	0.270149	0.222945	0.028833	0.030865	16286	9838	8119	1050	1124	36417	500	500	500	500	true	336.6
3003	13003	0.0	8000	0.447209	0.270176	0.222918	0.028833	0.030865	16286	9839	8118	1050	1124	36417	500	500	500	500	true	336.6
3003	13003	0.0	10000	0.44716	0.270256	0.222893	0.02883	0.030861	16286	9843	8118	1050	1124	36421	500	500	500	500	true	336.6
3004	13004	0.0	1	0.463805	0.262135	0.215031	0.030544	0.028485	17113	9672	7934	1127	1051	36897	500	500	500	500	true	350.7
3004	13004	0.0	2	0.462293	0.263289	0.215495	0.030328	0.028595	17072	9723	7958	1120	1056	36929	500	500	500	500	true	350.7
3004	13004	0.0	3	0.462775	0.263658	0.214711	0.030213	0.028643	17094	9739	7931	1116	1058	36938	500	500	500	500	true	350.7
3004	13004	0.0	4	0.462126	0.263902	0.215117	0.030213	0.028643	17070	9748	7946	1116	1058	36938	500	500	500	500	true	350.7
3004	13004	0.0	5	0.462485	0.263298	0.21531	0.03024	0.028668	17068	9717	7946	1116	1058	36905	500	500	500	500	true	350.7
3004	13004	0.0	6	0.462309	0.263902	0.214903	0.030228	0.028657	17068	9743	7934	1116	1058	36919	500	500	500	500	true	350.7
3004	13004	0.0	8	0.461662	0.263419	0.215954	0.030134	0.028832	17021	9712	7962	1111	1063	36869	500	500	500	500	true	350.7
3004	13004	0.0	10	0.461369	0.263686	0.215968	0.030139	0.028837	17007	9720	7961	1111	1063	36862	500	500	500	500	true	350.7
3004	13004	0.0	13	0.461244	0.263541	0.216192	0.030163	0.02886	16989	9707	7963	1111	1063	36833	500	500	500	500	true	350.7
3004	13004	0.0	16	0.461192	0.263278	0.216414	0.03021	0.028906	16976	9691	7966	1112	1064	36809	500	500	500	500	true	350.7
3004	13004	0.0	20	0.461166	0.263058	0.216642	0.030219	0.028915	16970	9680	7972	1112	1064	36798	500	500	500	500	true	350.7
3004	13004	0.0	25	0.461367	0.263188	0.216307	0.030113	0.029026	16976	9684	7959	1108	1068	36795	500	500	500	500	true	350.7
3004	13004	0.0	32	0.461087	0.262946	0.216816	0.030119	0.029032	16962	9673	7976	1108	1068	36787	500	500	500	500	true	350.7
3004	13004	0.0	40	0.461292	0.26276	0.216778	0.030129	0.029041	16964	9663	7972	1108	1068	36775	500	500	500	500	true	350.7
3004	13004	0.0	50	0.461195	0.262876	0.216756	0.03013	0.029042	16960	9667	7971	1108	1068	36774	500	500	500	500	true	350.7
3004	13004	0.0	64	0.461279	0.262655	0.216876	0.030139	0.029051	16958	9656	7973	1108	1068	36763	500	500	500	500	true	350.7
3004	13004	0.0	80	0.461174	0.26279	0.216852	0.030136	0.029048	16956	9662	7973	1108	1068	36767	500	500	500	500	true	350.7
3004	13004	0.0	100	0.4612	0.262777	0.216837	0.030137	0.029049	16956	9661	7972	1108	1068	36765	500	500	500	500	true	350.7
3004	13004	0.0	128	0.461292	0.262744	0.216773	0.03014	0.029052	16958	9659	7969	1108	1068	36762	500	500	500	500	true	350.7
3004	13004	0.0	160	0.461237	0.262717	0.216854	0.03014	0.029052	16956	9658	7972	1108	1068	36762	500	500	500	500	true	350.7
3004	13004	0.0	200	0.461208	0.262677	0.216921	0.030141	0.029053	16954	9656	7974	1108	1068	36760	500	500	500	500	true	350.7
3004	13004	0.0	256	0.461237	0.262717	0.216854	0.03014	0.029052	16956	9658	7972	1108	1068	36762	500	500	500	500	true	350.7
3004	13004	0.0	320	0.461275	0.262657	0.216872	0.030142	0.029054	16956	9655	7972	1108	1068	36759	500	500	500	500	true	350.7
3004	13004	0.0	400	0.461237	0.262717	0.216854	0.03014	0.029052	16956	9658	7972	1108	1068	36762	500	500	500	500	true	350.7
3004	13004	0.0	500	0.46125	0.262697	0.21686	0.030141	0.029053	16956	9657	7972	1108	1068	36761	500	500	500	500	true	350.7
3004	13004	0.0	640	0.46117	0.26271	0.21693	0.030139	0.029051	16954	9658	7975	1108	1068	36763	500	500	500	500	true	350.7
3004	13004	0.0	800	0.461292	0.262717	0.2168	0.03014	0.029052	16958	9658	7970	1108	1068	36762	500	500	500	500	true	350.7
3004	13004	0.0	1000	0.461304	0.262697	0.216806	0.030141	0.029053	16958	9657	7970	1108	1068	36761	500	500	500	500	true	350.7
3004	13004	0.0	1280	0.46122	0.262657	0.216926	0.030142	0.029054	16954	9655	7974	1108	1068	36759	500	500	500	500	true	350.7
3004	13004	0.0	1600	0.461208	0.262677	0.216921	0.030141	0.029053	16954	9656	7974	1108	1068	36760	500	500	500	500	true	350.7
3004	13004	0.0	2000	0.461317	0.262704	0.216785	0.030141	0.029053	16958	9657	7969	1108	1068	36760	500	500	500	500	true	350.7
3004	13004	0.0	2560	0.461225	0.262737	0.216848	0.030139	0.029051	16956	9659	7972	1108	1068	36763	500	500	500	500	true	350.7
3004	13004	0.0	3200	0.461279	0.262737	0.216794	0.030139	0.029051	16958	9659	7970	1108	1068	36763	500	500	500	500	true	350.7
3004	13004	0.0	4000	0.461183	0.262717	0.216909	0.03014	0.029052	16954	9658	7974	1108	1068	36762	500	500	500	500	true	350.7
3004	13004	0.0	5000	0.46122	0.262657	0.216926	0.030142	0.029054	16954	9655	7974	1108	1068	36759	500	500	500	500	true	350.7
3004	13004	0.0	6400	0.461195	0.262697	0.216915	0.030141	0.029053	16954	9657	7974	1108	1068	36761	500	500	500	500	true	350.7
3004	13004	0.0	8000	0.461237	0.262717	0.216854	0.03014	0.029052	16956	9658	7972	1108	1068	36762	500	500	500	500	true	350.7
3004	13004	0.0	10000	0.46125	0.262697	0.21686	0.030141	0.029053	16956	9657	7972	1108	1068	36761	500	500	500	500	true	350.7
3005	13005	0.0	1	0.445017	0.271835	0.223667	0.025542	0.033939	16325	9972	8205	937	1245	36684	500	500	500	500	true	342.0
3005	13005	0.0	2	0.445541	0.271818	0.223207	0.025137	0.034298	16342	9970	8187	922	1258	36679	500	500	500	500	true	342.0
3005	13005	0.0	3	0.445375	0.271763	0.22341	0.025172	0.034281	16331	9965	8192	923	1257	36668	500	500	500	500	true	342.0
3005	13005	0.0	4	0.445221	0.27204	0.223238	0.025165	0.034336	16312	9967	8179	922	1258	36638	500	500	500	500	true	342.0
3005	13005	0.0	5	0.445906	0.271943	0.222653	0.025055	0.034443	16338	9964	8158	918	1262	36640	500	500	500	500	true	342.0
3005	13005	0.0	6	0.445497	0.272119	0.222871	0.025088	0.034424	16319	9968	8164	919	1261	36631	500	500	500	500	true	342.0
3005	13005	0.0	8	0.445279	0.272201	0.222953	0.024924	0.034643	16311	9971	8167	913	1269	36631	500	500	500	500	true	342.0
3005	13005	0.0	10	0.445246	0.271943	0.223224	0.025015	0.034573	16304	9958	8174	916	1266	36618	500	500	500	500	true	342.0
3005	13005	0.0	13	0.44513	0.272233	0.223057	0.025012	0.034568	16302	9970	8169	916	1266	36623	500	500	500	500	true	342.0
3005	13005	0.0	16	0.445106	0.272203	0.223099	0.025016	0.034575	16298	9967	8169	916	1266	36616	500	500	500	500	true	342.0
3005	13005	0.0	20	0.445136	0.272119	0.223142	0.025021	0.034582	16296	9962	8169	916	1266	36609	500	500	500	500	true	342.0
3005	13005	0.0	25	0.445373	0.272109	0.222905	0.025025	0.034587	16302	9960	8159	916	1266	36603	500	500	500	500	true	342.0
3005	13005	0.0	32	0.445422	0.272084	0.222875	0.025028	0.034591	16302	9958	8157	916	1266	36599	500	500	500	500	true	342.0
3005	13005	0.0	40	0.445513	0.272024	0.222839	0.02503	0.034594	16304	9955	8155	916	1266	36596	500	500	500	500	true	342.0
3005	13005	0.0	50	0.445562	0.271945	0.222863	0.025033	0.034598	16304	9951	8155	916	1266	36592	500	500	500	500	true	342.0
3005	13005	0.0	64	0.445386	0.272019	0.222966	0.025032	0.034597	16298	9954	8159	916	1266	36593	500	500	500	500	true	342.0
3005	13005	0.0	80	0.445325	0.272119	0.222936	0.025029	0.034592	16298	9959	8159	916	1266	36598	500	500	500	500	true	342.0
3005	13005	0.0	100	0.445361	0.272059	0.222954	0.025031	0.034595	16298	9956	8159	916	1266	36595	500	500	500	500	true	342.0
3005	13005	0.0	128	0.445361	0.272059	0.222954	0.025031	0.034595	16298	9956	8159	916	1266	36595	500	500	500	500	true	342.0
3005	13005	0.0	160	0.445404	0.272079	0.222893	0.02503	0.034594	16300	9957	8157	916	1266	36596	500	500	500	500	true	342.0
3005	13005	0.0	200	0.445301	0.272158	0.222923	0.025027	0.03459	16298	9961	8159	916	1266	36600	500	500	500	500	true	342.0
3005	13005	0.0	256	0.445398	0.272178	0.222808	0.025027	0.034589	16302	9962	8155	916	1266	36601	500	500	500	500	true	342.0
3005	13005	0.0	320	0.445343	0.272178	0.222863	0.025027	0.034589	16300	9962	8157	916	1266	36601	500	500	500	500	true	342.0
3005	13005	0.0	400	0.445422	0.272139	0.22282	0.025028	0.034591	16302	9960	8155	916	1266	36599	500	500	500	500	true	342.0
3005	13005	0.0	500	0.445428	0.272218	0.222741	0.025025	0.034587	16304	9964	8153	916	1266	36603	500	500	500	500	true	342.0
3005	13005	0.0	640	0.445331	0.272198	0.222857	0.025026	0.034588	16300	9963	8157	916	1266	36602	500	500	500	500	true	342.0
3005	13005	0.0	800	0.445322	0.272161	0.222893	0.025003	0.034621	16297	9960	8157	915	1267	36596	500	500	500	500	true	342.0
3005	13005	0.0	1000	0.445352	0.272201	0.222826	0.025001	0.034619	16299	9962	8155	915	1267	36598	500	500	500	500	true	342.0
3005	13005	0.0	1280	0.445364	0.272181	0.222832	0.025002	0.03462	16299	9961	8155	915	1267	36597	500	500	500	500	true	342.0
3005	13005	0.0	1600	0.445395	0.272221	0.222766	0.025001	0.034618	16301	9963	8153	915	1267	36599	500	500	500	500	true	342.0
3005	13005	0.0	2000	0.44537	0.27226	0.222753	0.024999	0.034617	16301	9965	8153	915	1267	36601	500	500	500	500	true	342.0
3005	13005	0.0	2560	0.445352	0.272201	0.222826	0.025001	0.034619	16299	9962	8155	915	1267	36598	500	500	500	500	true	342.0
3005	13005	0.0	3200	0.44531	0.272181	0.222887	0.025002	0.03462	16297	9961	8157	915	1267	36597	500	500	500	500	true	342.0
3005	13005	0.0	4000	0.445377	0.272161	0.222839	0.025003	0.034621	16299	9960	8155	915	1267	36596	500	500	500	500	true	342.0
3005	13005	0.0	5000	0.445364	0.272181	0.222832	0.025002	0.03462	16299	9961	8155	915	1267	36597	500	500	500	500	true	342.0
3005	13005	0.0	6400	0.445377	0.272161	0.222839	0.025003	0.034621	16299	9960	8155	915	1267	36596	500	500	500	500	true	342.0
3005	13005	0.0	8000	0.445407	0.272201	0.222772	0.025001	0.034619	16301	9962	8153	915	1267	36598	500	500	500	500	true	342.0
3005	13005	0.0	10000	0.445389	0.272141	0.222845	0.025003	0.034622	16299	9959	8155	915	1267	36595	500	500	500	500	true	342.0
3006	13006	0.0	1	0.448253	0.268013	0.224454	0.033788	0.025491	16424	9820	8224	1238	934	36640	500	500	500	500	true	339.7
3006	13006	0.0	2	0.447789	0.268368	0.224618	0.033597	0.025628	16407	9833	8230	1231	939	36640	500	500	500	500	true	339.7
3006	13006	0.0	3	0.447002	0.268431	0.225317	0.033557	0.025694	16371	9831	8252	1229	941	36624	500	500	500	500	true	339.7
3006	13006	0.0	4	0.447065	0.268894	0.224815	0.033462	0.025765	16380	9852	8237	1226	944	36639	500	500	500	500	true	339.7
3006	13006	0.0	5	0.445907	0.269128	0.225711	0.033477	0.025777	16330	9856	8266	1226	944	36622	500	500	500	500	true	339.7
3006	13006	0.0	6	0.445677	0.26905	0.226006	0.033484	0.025782	16318	9851	8275	1226	944	36614	500	500	500	500	true	339.7
3006	13006	0.0	8	0.445495	0.269536	0.225697	0.033378	0.025894	16310	9868	8263	1222	948	36611	500	500	500	500	true	339.7
3006	13006	0.0	10	0.445191	0.269547	0.225957	0.033396	0.025908	16290	9863	8268	1222	948	36591	500	500	500	500	true	339.7
3006	13006	0.0	13	0.445398	0.26936	0.225925	0.033403	0.025914	16294	9854	8265	1222	948	36583	500	500	500	500	true	339.7
3006	13006	0.0	16	0.445149	0.269484	0.226046	0.033405	0.025915	16284	9858	8269	1222	948	36581	500	500	500	500	true	339.7
3006	13006	0.0	20	0.445155	0.269384	0.226132	0.03341	0.025919	16282	9853	8271	1222	948	36576	500	500	500	500	true	339.7
3006	13006	0.0	25	0.445143	0.269432	0.226098	0.033409	0.025918	16282	9855	8270	1222	948	36577	500	500	500	500	true	339.7
3006	13006	0.0	32	0.445046	0.269439	0.226187	0.03341	0.025919	16278	9855	8273	1222	948	36576	500	500	500	500	true	339.7
3006	13006	0.0	40	0.444706	0.269775	0.226207	0.033401	0.025912	16270	9870	8276	1222	948	36586	500	500	500	500	true	339.7
3006	13006	0.0	50	0.44473	0.26979	0.226164	0.033403	0.025913	16270	9870	8274	1222	948	36584	500	500	500	500	true	339.7
3006	13006	0.0	64	0.444153	0.269817	0.226697	0.033413	0.025921	16244	9868	8291	1222	948	36573	500	500	500	500	true	339.7
3006	13006	0.0	80	0.443995	0.270006	0.226672	0.033409	0.025918	16240	9876	8291	1222	948	36577	500	500	500	500	true	339.7
3006	13006	0.0	100	0.443837	0.270015	0.226813	0.033414	0.025921	16232	9875	8295	1222	948	36572	500	500	500	500	true	339.7
3006	13006	0.0	128	0.443867	0.270055	0.226746	0.033412	0.02592	16234	9877	8293	1222	948	36574	500	500	500	500	true	339.7
3006	13006	0.0	160	0.443946	0.270015	0.226703	0.033414	0.025921	16236	9875	8291	1222	948	36572	500	500	500	500	true	339.7
3006	13006	0.0	200	0.443934	0.270035	0.226697	0.033413	0.025921	16236	9876	8291	1222	948	36573	500	500	500	500	true	339.7
3006	13006	0.0	256	0.443946	0.270015	0.226703	0.033414	0.025921	16236	9875	8291	1222	948	36572	500	500	500	500	true	339.7
3006	13006	0.0	320	0.444056	0.270015	0.226594	0.033414	0.025921	16240	9875	8287	1222	948	36572	500	500	500	500	true	339.7
3006	13006	0.0	400	0.444031	0.270083	0.226554	0.033412	0.02592	16240	9878	8286	1222	948	36574	500	500	500	500	true	339.7
3006	13006	0.0	500	0.443977	0.270083	0.226609	0.033412	0.02592	16238	9878	8288	1222	948	36574	500	500	500	500	true	339.7
3006	13006	0.0	640	0.444037	0.269983	0.22664	0.033416	0.025924	16238	9873	8288	1222	948	36569	500	500	500	500	true	339.7
3006	13006	0.0	800	0.444013	0.270023	0.226628	0.033414	0.025922	16238	9875	8288	1222	948	36571	500	500	500	500	true	339.7
3006	13006	0.0	1000	0.444025	0.270003	0.226634	0.033415	0.025923	16238	9874	8288	1222	948	36570	500	500	500	500	true	339.7
3006	13006	0.0	1280	0.443922	0.270083	0.226664	0.033412	0.02592	16236	9878	8290	1222	948	36574	500	500	500	500	true	339.7
3006	13006	0.0	1600	0.444001	0.270043	0.226621	0.033414	0.025921	16238	9876	8288	1222	948	36572	500	500	500	500	true	339.7
3006	13006	0.0	2000	0.444159	0.269963	0.226537	0.033417	0.025924	16242	9872	8284	1222	948	36568	500	500	500	500	true	339.7
3006	13006	0.0	2560	0.44408	0.270003	0.226579	0.033415	0.025923	16240	9874	8286	1222	948	36570	500	500	500	500	true	339.7
3006	13006	0.0	3200	0.444147	0.269983	0.226531	0.033416	0.025924	16242	9873	8284	1222	948	36569	500	500	500	500	true	339.7
3006	13006	0.0	4000	0.444104	0.269963	0.226592	0.033417	0.025924	16240	9872	8286	1222	948	36568	500	500	500	500	true	339.7
3006	13006	0.0	5000	0.444116	0.269943	0.226598	0.033418	0.025925	16240	9871	8286	1222	948	36567	500	500	500	500	true	339.7
3006	13006	0.0	6400	0.444116	0.269943	0.226598	0.033418	0.025925	16240	9871	8286	1222	948	36567	500	500	500	500	true	339.7
3006	13006	0.0	8000	0.444135	0.270003	0.226524	0.033415	0.025923	16242	9874	8284	1222	948	36570	500	500	500	500	true	339.7
3006	13006	0.0	10000	0.444159	0.269963	0.226537	0.033417	0.025924	16242	9872	8284	1222	948	36568	500	500	500	500	true	339.7
3007	13007	0.0	1	0.467653	0.261496	0.211351	0.02684	0.03266	17197	9616	7772	987	1201	36773	500	500	500	500	true	335.1
3007	13007	0.0	2	0.467506	0.262017	0.21112	0.026387	0.03297	17186	9632	7761	970	1212	36761	500	500	500	500	true	335.1
3007	13007	0.0	3	0.466545	0.26269	0.211441	0.026209	0.033115	17160	9662	7777	964	1218	36781	500	500	500	500	true	335.1
3007	13007	0.0	4	0.46693	0.262522	0.211182	0.026228	0.033138	17162	9649	7762	964	1218	36755	500	500	500	500	true	335.1
3007	13007	0.0	5	0.466181	0.262992	0.21146	0.026228	0.033139	17134	9666	7772	964	1218	36754	500	500	500	500	true	335.1
3007	13007	0.0	6	0.465787	0.263311	0.211536	0.02601	0.033356	17120	9678	7775	956	1226	36755	500	500	500	500	true	335.1
3007	13007	0.0	8	0.465844	0.262899	0.211849	0.026083	0.033325	17110	9656	7781	958	1224	36729	500	500	500	500	true	335.1
3007	13007	0.0	10	0.46591	0.263165	0.211512	0.026003	0.03341	17111	9665	7768	955	1227	36726	500	500	500	500	true	335.1
3007	13007	0.0	13	0.46547	0.263303	0.211808	0.026006	0.033413	17093	9669	7778	955	1227	36722	500	500	500	500	true	335.1
3007	13007	0.0	16	0.465352	0.263594	0.211643	0.026003	0.033409	17091	9681	7773	955	1227	36727	500	500	500	500	true	335.1
3007	13007	0.0	20	0.465503	0.263586	0.211501	0.026002	0.033408	17097	9681	7768	955	1227	36728	500	500	500	500	true	335.1
3007	13007	0.0	25	0.465328	0.263509	0.211733	0.02601	0.033419	17085	9675	7774	955	1227	36716	500	500	500	500	true	335.1
3007	13007	0.0	32	0.465301	0.263536	0.211733	0.025874	0.033555	17084	9676	7774	950	1232	36716	500	500	500	500	true	335.1
3007	13007	0.0	40	0.465401	0.263363	0.211791	0.025854	0.033591	17083	9667	7774	949	1233	36706	500	500	500	500	true	335.1
3007	13007	0.0	50	0.465628	0.26329	0.211629	0.025858	0.033596	17089	9663	7767	949	1233	36701	500	500	500	500	true	335.1
3007	13007	0.0	64	0.465704	0.263169	0.211664	0.025862	0.033601	17089	9657	7767	949	1233	36695	500	500	500	500	true	335.1
3007	13007	0.0	80	0.465843	0.263003	0.211673	0.02587	0.033611	17089	9648	7765	949	1233	36684	500	500	500	500	true	335.1
3007	13007	0.0	100	0.465907	0.262902	0.211702	0.025873	0.033616	17089	9643	7765	949	1233	36679	500	500	500	500	true	335.1
3007	13007	0.0	128	0.465758	0.263004	0.21175	0.025791	0.033697	17084	9647	7767	946	1236	36680	500	500	500	500	true	335.1
3007	13007	0.0	160	0.465565	0.263019	0.211925	0.025792	0.033699	17076	9647	7773	946	1236	36678	500	500	500	500	true	335.1
3007	13007	0.0	200	0.465632	0.262999	0.211877	0.025793	0.0337	17078	9646	7771	946	1236	36677	500	500	500	500	true	335.1
3007	13007	0.0	256	0.465632	0.262999	0.211877	0.025793	0.0337	17078	9646	7771	946	1236	36677	500	500	500	500	true	335.1
3007	13007	0.0	320	0.465565	0.263019	0.211925	0.025792	0.033699	17076	9647	7773	946	1236	36678	500	500	500	500	true	335.1
3007	13007	0.0	400	0.46578	0.262993	0.21173	0.025795	0.033702	17082	9645	7765	946	1236	36674	500	500	500	500	true	335.1
3007	13007	0.0	500	0.465712	0.263013	0.211779	0.025794	0.033701	17080	9646	7767	946	1236	36675	500	500	500	500	true	335.1
3007	13007	0.0	640	0.465712	0.263013	0.211779	0.025794	0.033701	17080	9646	7767	946	1236	36675	500	500	500	500	true	335.1
3007	13007	0.0	800	0.465696	0.262953	0.211851	0.025796	0.033704	17078	9643	7769	946	1236	36672	500	500	500	500	true	335.1
3007	13007	0.0	1000	0.465725	0.262993	0.211785	0.025795	0.033702	17080	9645	7767	946	1236	36674	500	500	500	500	true	335.1
3007	13007	0.0	1280	0.46575	0.262953	0.211796	0.025796	0.033704	17080	9643	7767	946	1236	36672	500	500	500	500	true	335.1
3007	13007	0.0	1600	0.465738	0.262973	0.211791	0.025796	0.033703	17080	9644	7767	946	1236	36673	500	500	500	500	true	335.1
3007	13007	0.0	2000	0.465671	0.262993	0.211839	0.025795	0.033702	17078	9645	7769	946	1236	36674	500	500	500	500	true	335.1
3007	13007	0.0	2560	0.465738	0.262973	0.211791	0.025796	0.033703	17080	9644	7767	946	1236	36673	500	500	500	500	true	335.1
3007	13007	0.0	3200	0.465696	0.262953	0.211851	0.025796	0.033704	17078	9643	7769	946	1236	36672	500	500	500	500	true	335.1
3007	13007	0.0	4000	0.465725	0.262993	0.211785	0.025795	0.033702	17080	9645	7767	946	1236	36674	500	500	500	500	true	335.1
3007	13007	0.0	5000	0.465683	0.262973	0.211845	0.025796	0.033703	17078	9644	7769	946	1236	36673	500	500	500	500	true	335.1
3007	13007	0.0	6400	0.465818	0.262933	0.211748	0.025797	0.033705	17082	9642	7765	946	1236	36671	500	500	500	500	true	335.1
3007	13007	0.0	8000	0.46575	0.262953	0.211796	0.025796	0.033704	17080	9643	7767	946	1236	36672	500	500	500	500	true	335.1
3007	13007	0.0	10000	0.465725	0.262993	0.211785	0.025795	0.033702	17080	9645	7767	946	1236	36674	500	500	500	500	true	335.1
3008	13008	0.0	1	0.454372	0.268232	0.218104	0.026891	0.032401	16660	9835	7997	986	1188	36666	500	500	500	500	true	335.9
3008	13008	0.0	2	0.453452	0.269088	0.218177	0.026914	0.032368	16629	9868	8001	987	1187	36672	500	500	500	500	true	335.9
3008	13008	0.0	3	0.453008	0.270242	0.217544	0.02658	0.032626	16634	9923	7988	976	1198	36719	500	500	500	500	true	335.9
3008	13008	0.0	4	0.452855	0.270164	0.217702	0.025958	0.033321	16608	9908	7984	952	1222	36674	500	500	500	500	true	335.9
3008	13008	0.0	5	0.453209	0.269864	0.217647	0.026531	0.032748	16621	9897	7982	973	1201	36674	500	500	500	500	true	335.9
3008	13008	0.0	6	0.452634	0.270478	0.217588	0.025859	0.033442	16594	9916	7977	948	1226	36661	500	500	500	500	true	335.9
3008	13008	0.0	8	0.452463	0.270496	0.217749	0.025855	0.033437	16590	9918	7984	948	1226	36666	500	500	500	500	true	335.9
3008	13008	0.0	10	0.452532	0.270351	0.217809	0.025808	0.033501	16588	9910	7984	946	1228	36656	500	500	500	500	true	335.9
3008	13008	0.0	13	0.452237	0.270431	0.218031	0.025723	0.033579	16579	9914	7993	943	1231	36660	500	500	500	500	true	335.9
3008	13008	0.0	16	0.452549	0.270192	0.217938	0.025731	0.03359	16585	9902	7987	943	1231	36648	500	500	500	500	true	335.9
3008	13008	0.0	20	0.452579	0.269887	0.218165	0.025752	0.033616	16573	9883	7989	943	1231	36619	500	500	500	500	true	335.9
3008	13008	0.0	25	0.452722	0.269623	0.218261	0.025763	0.033631	16571	9869	7989	943	1231	36603	500	500	500	500	true	335.9
3008	13008	0.0	32	0.45276	0.269563	0.218279	0.025765	0.033634	16571	9866	7989	943	1231	36600	500	500	500	500	true	335.9
3008	13008	0.0	40	0.45273	0.269468	0.2184	0.025766	0.033636	16569	9862	7993	943	1231	36598	500	500	500	500	true	335.9
3008	13008	0.0	50	0.452821	0.269463	0.218309	0.025769	0.033638	16571	9861	7989	943	1231	36595	500	500	500	500	true	335.9
3008	13008	0.0	64	0.452821	0.269463	0.218309	0.025769	0.033638	16571	9861	7989	943	1231	36595	500	500	500	500	true	335.9
3008	13008	0.0	80	0.452682	0.269478	0.21843	0.02577	0.03364	16565	9861	7993	943	1231	36593	500	500	500	500	true	335.9
3008	13008	0.0	100	0.452585	0.269512	0.21849	0.025771	0.033641	16561	9862	7995	943	1231	36592	500	500	500	500	true	335.9
3008	13008	0.0	128	0.452555	0.269473	0.218557	0.025772	0.033643	16559	9860	7997	943	1231	36590	500	500	500	500	true	335.9
3008	13008	0.0	160	0.45264	0.269512	0.218436	0.025771	0.033641	16563	9862	7993	943	1231	36592	500	500	500	500	true	335.9
3008	13008	0.0	200	0.452585	0.269512	0.21849	0.025771	0.033641	16561	9862	7995	943	1231	36592	500	500	500	500	true	335.9
3008	13008	0.0	256	0.45261	0.269473	0.218502	0.025772	0.033643	16561	9860	7995	943	1231	36590	500	500	500	500	true	335.9
3008	13008	0.0	320	0.452531	0.269512	0.218545	0.025771	0.033641	16559	9862	7997	943	1231	36592	500	500	500	500	true	335.9
3008	13008	0.0	400	0.452421	0.269512	0.218654	0.025771	0.033641	16555	9862	8001	943	1231	36592	500	500	500	500	true	335.9
3008	13008	0.0	500	0.452568	0.269453	0.218563	0.025773	0.033644	16559	9859	7997	943	1231	36589	500	500	500	500	true	335.9
3008	13008	0.0	640	0.452476	0.269512	0.2186	0.025771	0.033641	16557	9862	7999	943	1231	36592	500	500	500	500	true	335.9
3008	13008	0.0	800	0.45233	0.269572	0.218691	0.025769	0.033638	16553	9865	8003	943	1231	36595	500	500	500	500	true	335.9
3008	13008	0.0	1000	0.452384	0.269572	0.218636	0.025769	0.033638	16555	9865	8001	943	1231	36595	500	500	500	500	true	335.9
3008	13008	0.0	1280	0.452494	0.269572	0.218527	0.025769	0.033638	16559	9865	7997	943	1231	36595	500	500	500	500	true	335.9
3008	13008	0.0	1600	0.452446	0.269473	0.218666	0.025772	0.033643	16555	9860	8001	943	1231	36590	500	500	500	500	true	335.9
3008	13008	0.0	2000	0.452372	0.269592	0.21863	0.025768	0.033638	16555	9866	8001	943	1231	36596	500	500	500	500	true	335.9
3008	13008	0.0	2560	0.452384	0.269572	0.218636	0.025769	0.033638	16555	9865	8001	943	1231	36595	500	500	500	500	true	335.9
3008	13008	0.0	3200	0.452367	0.269512	0.218709	0.025771	0.033641	16553	9862	8003	943	1231	36592	500	500	500	500	true	335.9
3008	13008	0.0	4000	0.452342	0.269552	0.218697	0.025769	0.033639	16553	9864	8003	943	1231	36594	500	500	500	500	true	335.9
3008	13008	0.0	5000	0.452421	0.269512	0.218654	0.025771	0.033641	16555	9862	8001	943	1231	36592	500	500	500	500	true	335.9
3008	13008	0.0	6400	0.452409	0.269532	0.218648	0.02577	0.03364	16555	9863	8001	943	1231	36593	500	500	500	500	true	335.9
3008	13008	0.0	8000	0.452409	0.269532	0.218648	0.02577	0.03364	16555	9863	8001	943	1231	36593	500	500	500	500	true	335.9
3008	13008	0.0	10000	0.452354	0.269532	0.218703	0.02577	0.03364	16553	9863	8003	943	1231	36593	500	500	500	500	true	335.9
3009	13009	0.0	1	0.444753	0.273254	0.222703	0.02793	0.03136	16338	10038	8181	1026	1152	36735	500	500	500	500	true	344.4
3009	13009	0.0	2	0.446124	0.272539	0.221959	0.027755	0.031623	16379	10006	8149	1019	1161	36714	500	500	500	500	true	344.4
3009	13009	0.0	3	0.445252	0.272866	0.222504	0.027755	0.031623	16347	10018	8169	1019	1161	36714	500	500	500	500	true	344.4
3009	13009	0.0	4	0.444236	0.273483	0.222894	0.027705	0.031682	16307	10039	8182	1017	1163	36708	500	500	500	500	true	344.4
3009	13009	0.0	5	0.443972	0.273639	0.222967	0.027639	0.031782	16288	10039	8180	1014	1166	36687	500	500	500	500	true	344.4
3009	13009	0.0	6	0.444611	0.273387	0.222565	0.027456	0.031982	16307	10027	8163	1007	1173	36677	500	500	500	500	true	344.4
3009	13009	0.0	8	0.444763	0.273037	0.222749	0.027462	0.031989	16309	10012	8168	1007	1173	36669	500	500	500	500	true	344.4
3009	13009	0.0	10	0.444041	0.273657	0.222852	0.027407	0.032043	16283	10035	8172	1005	1175	36670	500	500	500	500	true	344.4
3009	13009	0.0	13	0.444259	0.27334	0.222908	0.027427	0.032066	16279	10016	8168	1005	1175	36643	500	500	500	500	true	344.4
3009	13009	0.0	16	0.44409	0.273179	0.223232	0.02743	0.03207	16271	10009	8179	1005	1175	36639	500	500	500	500	true	344.4
3009	13009	0.0	20	0.443859	0.273127	0.223473	0.027395	0.032147	16251	10000	8182	1003	1177	36613	500	500	500	500	true	344.4
3009	13009	0.0	25	0.443786	0.273286	0.223382	0.027397	0.03215	16247	10005	8178	1003	1177	36610	500	500	500	500	true	344.4
3009	13009	0.0	32	0.443282	0.273413	0.223731	0.02741	0.032165	16221	10005	8187	1003	1177	36593	500	500	500	500	true	344.4
3009	13009	0.0	40	0.443318	0.27349	0.223613	0.027412	0.032167	16221	10007	8182	1003	1177	36590	500	500	500	500	true	344.4
3009	13009	0.0	50	0.443436	0.273443	0.223522	0.027339	0.03226	16220	10002	8176	1000	1180	36578	500	500	500	500	true	344.4
3009	13009	0.0	64	0.443339	0.273341	0.22372	0.02734	0.032261	16216	9998	8183	1000	1180	36577	500	500	500	500	true	344.4
3009	13009	0.0	80	0.443363	0.273329	0.223705	0.027341	0.032262	16216	9997	8182	1000	1180	36575	500	500	500	500	true	344.4
3009	13009	0.0	100	0.443351	0.273376	0.223671	0.02734	0.032262	16216	9999	8181	1000	1180	36576	500	500	500	500	true	344.4
3009	13009	0.0	128	0.443363	0.273465	0.223568	0.027341	0.032262	16216	10002	8177	1000	1180	36575	500	500	500	500	true	344.4
3009	13009	0.0	160	0.443351	0.273485	0.223562	0.02734	0.032262	16216	10003	8177	1000	1180	36576	500	500	500	500	true	344.4
3009	13009	0.0	200	0.443296	0.273458	0.223644	0.02734	0.032262	16214	10002	8180	1000	1180	36576	500	500	500	500	true	344.4
3009	13009	0.0	256	0.443302	0.273592	0.22351	0.027337	0.032258	16216	10008	8176	1000	1180	36580	500	500	500	500	true	344.4
3009	13009	0.0	320	0.443314	0.2736	0.223489	0.027338	0.032259	16216	10008	8175	1000	1180	36579	500	500	500	500	true	344.4
3009	13009	0.0	400	0.44329	0.273612	0.223504	0.027337	0.032257	16216	10009	8176	1000	1180	36581	500	500	500	500	true	344.4
3009	13009	0.0	500	0.443363	0.273493	0.223541	0.027341	0.032262	16216	10003	8176	1000	1180	36575	500	500	500	500	true	344.4
3009	13009	0.0	640	0.443327	0.273552	0.223522	0.027339	0.03226	16216	10006	8176	1000	1180	36578	500	500	500	500	true	344.4
3009	13009	0.0	800	0.443339	0.27356	0.223501	0.02734	0.032261	16216	10006	8175	1000	1180	36577	500	500	500	500	true	344.4
3009	13009	0.0	1000	0.443327	0.27358	0.223495	0.027339	0.03226	16216	10007	8175	1000	1180	36578	500	500	500	500	true	344.4
3009	13009	0.0	1280	0.443351	0.27354	0.223507	0.02734	0.032262	16216	10005	8175	1000	1180	36576	500	500	500	500	true	344.4
3009	13009	0.0	1600	0.443314	0.273572	0.223516	0.027338	0.032259	16216	10007	8176	1000	1180	36579	500	500	500	500	true	344.4
3009	13009	0.0	2000	0.443339	0.273533	0.223528	0.02734	0.032261	16216	10005	8176	1000	1180	36577	500	500	500	500	true	344.4
3009	13009	0.0	2560	0.443375	0.2735	0.223519	0.027342	0.032263	16216	10003	8175	1000	1180	36574	500	500	500	500	true	344.4
3009	13009	0.0	3200	0.443339	0.27356	0.223501	0.02734	0.032261	16216	10006	8175	1000	1180	36577	500	500	500	500	true	344.4
3009	13009	0.0	4000	0.443327	0.27358	0.223495	0.027339	0.03226	16216	10007	8175	1000	1180	36578	500	500	500	500	true	344.4
3009	13009	0.0	5000	0.443327	0.27358	0.223495	0.027339	0.03226	16216	10007	8175	1000	1180	36578	500	500	500	500	true	344.4
3009	13009	0.0	6400	0.443363	0.273493	0.223541	0.027341	0.032262	16216	10003	8176	1000	1180	36575	500	500	500	500	true	344.4
3009	13009	0.0	8000	0.443351	0.273513	0.223535	0.02734	0.032262	16216	10004	8176	1000	1180	36576	500	500	500	500	true	344.4
3009	13009	0.0	10000	0.443363	0.27352	0.223513	0.027341	0.032262	16216	10004	8175	1000	1180	36575	500	500	500	500	true	344.4
3010	13010	0.0	1	0.433261	0.28341	0.224084	0.023921	0.035324	15957	10438	8253	881	1301	36830	500	500	500	500	true	343.7
3010	13010	0.0	2	0.430186	0.284608	0.225866	0.023448	0.035892	15833	10475	8313	863	1321	36805	500	500	500	500	true	343.7
3010	13010	0.0	3	0.429438	0.285322	0.225897	0.02328	0.036063	15790	10491	8306	856	1326	36769	500	500	500	500	true	343.7
3010	13010	0.0	4	0.429629	0.284777	0.226139	0.023248	0.036206	15782	10461	8307	854	1330	36734	500	500	500	500	true	343.7
3010	13010	0.0	5	0.429619	0.284496	0.226431	0.023188	0.036267	15767	10441	8310	851	1331	36700	500	500	500	500	true	343.7
3010	13010	0.0	6	0.429007	0.284952	0.22661	0.023287	0.036143	15751	10462	8320	855	1327	36715	500	500	500	500	true	343.7
3010	13010	0.0	8	0.42956	0.284811	0.226159	0.023139	0.03633	15761	10450	8298	849	1333	36691	500	500	500	500	true	343.7
3010	13010	0.0	10	0.429331	0.284858	0.226332	0.023116	0.036364	15750	10450	8303	848	1334	36685	500	500	500	500	true	343.7
3010	13010	0.0	13	0.429615	0.284974	0.225918	0.023039	0.036453	15757	10452	8286	845	1337	36677	500	500	500	500	true	343.7
3010	13010	0.0	16	0.429557	0.285017	0.225919	0.02299	0.036517	15751	10451	8284	843	1339	36668	500	500	500	500	true	343.7
3010	13010	0.0	20	0.429979	0.284314	0.226141	0.022958	0.036607	15751	10415	8284	841	1341	36632	500	500	500	500	true	343.7
3010	13010	0.0	25	0.430198	0.284342	0.225895	0.022958	0.036607	15759	10416	8275	841	1341	36632	500	500	500	500	true	343.7
3010	13010	0.0	32	0.429948	0.284712	0.225794	0.023005	0.036541	15755	10433	8274	843	1339	36644	500	500	500	500	true	343.7
3010	13010	0.0	40	0.429577	0.284775	0.2261	0.022951	0.036596	15741	10435	8285	841	1341	36643	500	500	500	500	true	343.7
3010	13010	0.0	50	0.429659	0.284775	0.226007	0.022956	0.036603	15741	10433	8280	841	1341	36636	500	500	500	500	true	343.7
3010	13010	0.0	64	0.429769	0.284474	0.226176	0.022964	0.036617	15739	10418	8283	841	1341	36622	500	500	500	500	true	343.7
3010	13010	0.0	80	0.42982	0.284298	0.226286	0.02297	0.036626	15737	10409	8285	841	1341	36613	500	500	500	500	true	343.7
3010	13010	0.0	100	0.429828	0.284376	0.226206	0.022967	0.036622	15739	10413	8283	841	1341	36617	500	500	500	500	true	343.7
3010	13010	0.0	128	0.429816	0.284368	0.226228	0.022967	0.036621	15739	10413	8284	841	1341	36618	500	500	500	500	true	343.7
3010	13010	0.0	160	0.429906	0.28431	0.226191	0.022969	0.036624	15741	10410	8282	841	1341	36615	500	500	500	500	true	343.7
3010	13010	0.0	200	0.429906	0.28431	0.226191	0.022969	0.036624	15741	10410	8282	841	1341	36615	500	500	500	500	true	343.7
3010	13010	0.0	256	0.429828	0.284349	0.226234	0.022967	0.036622	15739	10412	8284	841	1341	36617	500	500	500	500	true	343.7
3010	13010	0.0	320	0.429918	0.284317	0.22617	0.022969	0.036625	15741	10410	8281	841	1341	36614	500	500	500	500	true	343.7
3010	13010	0.0	400	0.429976	0.28422	0.226201	0.022972	0.03663	15741	10405	8281	841	1341	36609	500	500	500	500	true	343.7
3010	13010	0.0	500	0.429976	0.28422	0.226201	0.022972	0.03663	15741	10405	8281	841	1341	36609	500	500	500	500	true	343.7
3010	13010	0.0	640	0.430097	0.2842	0.226098	0.022973	0.036631	15745	10404	8277	841	1341	36608	500	500	500	500	true	343.7
3010	13010	0.0	800	0.43009	0.284122	0.226177	0.022976	0.036635	15743	10400	8279	841	1341	36604	500	500	500	500	true	343.7
3010	13010	0.0	1000	0.43009	0.284122	0.226177	0.022976	0.036635	15743	10400	8279	841	1341	36604	500	500	500	500	true	343.7
3010	13010	0.0	1280	0.43009	0.284122	0.226177	0.022976	0.036635	15743	10400	8279	841	1341	36604	500	500	500	500	true	343.7
3010	13010	0.0	1600	0.430113	0.284083	0.22619	0.022977	0.036637	15743	10398	8279	841	1341	36602	500	500	500	500	true	343.7
3010	13010	0.0	2000	0.430035	0.284122	0.226232	0.022976	0.036635	15741	10400	8281	841	1341	36604	500	500	500	500	true	343.7
3010	13010	0.0	2560	0.43009	0.284122	0.226177	0.022976	0.036635	15743	10400	8279	841	1341	36604	500	500	500	500	true	343.7
3010	13010	0.0	3200	0.430047	0.284102	0.226238	0.022976	0.036636	15741	10399	8281	841	1341	36603	500	500	500	500	true	343.7
3010	13010	0.0	4000	0.43009	0.284122	0.226177	0.022976	0.036635	15743	10400	8279	841	1341	36604	500	500	500	500	true	343.7
3010	13010	0.0	5000	0.430156	0.284102	0.226129	0.022976	0.036636	15745	10399	8277	841	1341	36603	500	500	500	500	true	343.7
3010	13010	0.0	6400	0.430168	0.284083	0.226135	0.022977	0.036637	15745	10398	8277	841	1341	36602	500	500	500	500	true	343.7
3010	13010	0.0	8000	0.430101	0.284102	0.226184	0.022976	0.036636	15743	10399	8279	841	1341	36603	500	500	500	500	true	343.7
3010	13010	0.0	10000	0.43009	0.284122	0.226177	0.022976	0.036635	15743	10400	8279	841	1341	36604	500	500	500	500	true	343.7
3001	13001	2.0	1	0.454775	0.26817	0.218041	0.028311	0.030702	16738	9870	8025	1042	1130	36805	500	500	500	500	true	344.3
3001	13001	2.0	2	0.447981	0.272544	0.220389	0.027912	0.031174	16483	10028	8109	1027	1147	36794	500	500	500	500	true	344.3
3001	13001	2.0	3	0.44346	0.275008	0.222328	0.027672	0.031532	16314	10117	8179	1018	1160	36788	500	500	500	500	true	344.3
3001	13001	2.0	4	0.441729	0.275842	0.223151	0.02689	0.032388	16230	10135	8199	988	1190	36742	500	500	500	500	true	344.3
3001	13001	2.0	5	0.440129	0.277212	0.223278	0.026749	0.032632	16158	10177	8197	982	1198	36712	500	500	500	500	true	344.3
3001	13001	2.0	6	0.437098	0.278726	0.224817	0.026164	0.033195	16038	10227	8249	960	1218	36692	500	500	500	500	true	344.3
3001	13001	2.0	8	0.431365	0.282067	0.226838	0.025147	0.034583	15816	10342	8317	922	1268	36665	500	500	500	500	true	344.3
3001	13001	2.0	10	0.427807	0.28443	0.227943	0.023819	0.036001	15662	10413	8345	872	1318	36610	500	500	500	500	true	344.3
3001	13001	2.0	13	0.425659	0.285022	0.229496	0.023426	0.036397	15554	10415	8386	856	1330	36541	500	500	500	500	true	344.3
3001	13001	2.0	16	0.42263	0.286795	0.23063	0.022849	0.037096	15426	10468	8418	834	1354	36500	500	500	500	500	true	344.3
3001	13001	2.0	20	0.418592	0.289567	0.231878	0.022198	0.037765	15274	10566	8461	810	1378	36489	500	500	500	500	true	344.3
3001	13001	2.0	25	0.415062	0.291824	0.233196	0.021701	0.038217	15129	10637	8500	791	1393	36450	500	500	500	500	true	344.3
3001	13001	2.0	32	0.411702	0.293174	0.23505	0.021023	0.039051	14981	10668	8553	765	1421	36388	500	500	500	500	true	344.3
3001	13001	2.0	40	0.406192	0.295927	0.237397	0.020501	0.039983	14761	10754	8627	745	1453	36340	500	500	500	500	true	344.3
3001	13001	2.0	50	0.404023	0.297286	0.238077	0.020499	0.040116	14664	10790	8641	744	1456	36295	500	500	500	500	true	344.3
3001	13001	2.0	64	0.400033	0.299072	0.240324	0.019325	0.041246	14490	10833	8705	700	1494	36222	500	500	500	500	true	344.3
3001	13001	2.0	80	0.392538	0.303164	0.24372	0.018737	0.041841	14204	10970	8819	678	1514	36185	500	500	500	500	true	344.3
3001	13001	2.0	100	0.388915	0.304435	0.245991	0.018364	0.042296	14041	10991	8881	663	1527	36103	500	500	500	500	true	344.3
3001	13001	2.0	128	0.38532	0.306452	0.24771	0.017434	0.043085	13880	11039	8923	628	1552	36022	500	500	500	500	true	344.3
3001	13001	2.0	160	0.381293	0.308018	0.24991	0.016559	0.044221	13701	11068	8980	595	1589	35933	500	500	500	500	true	344.3
3001	13001	2.0	200	0.375568	0.311311	0.252097	0.015493	0.045532	13478	11172	9047	556	1634	35887	500	500	500	500	true	344.3
3001	13001	2.0	256	0.369132	0.313591	0.256122	0.015777	0.045377	13219	11230	9172	565	1625	35811	500	500	500	500	true	344.3
3001	13001	2.0	320	0.365264	0.315689	0.257833	0.016003	0.04521	13056	11284	9216	572	1616	35744	500	500	500	500	true	344.3
3001	13001	2.0	400	0.361472	0.318397	0.258986	0.01558	0.045565	12923	11383	9259	557	1629	35751	500	500	500	500	true	344.3
3001	13001	2.0	500	0.358929	0.318403	0.261261	0.015183	0.046224	12789	11345	9309	541	1647	35631	500	500	500	500	true	344.3
3001	13001	2.0	640	0.355533	0.3209	0.262328	0.015043	0.046196	12668	11434	9347	536	1646	35631	500	500	500	500	true	344.3
3001	13001	2.0	800	0.350869	0.32299	0.265037	0.014573	0.046531	12472	11481	9421	518	1654	35546	500	500	500	500	true	344.3
3001	13001	2.0	1000	0.347019	0.325604	0.26637	0.014351	0.046656	12332	11571	9466	510	1658	35537	500	500	500	500	true	344.3
3001	13001	2.0	1280	0.341122	0.328833	0.268766	0.013304	0.047975	12102	11666	9535	472	1702	35477	500	500	500	500	true	344.3
3001	13001	2.0	1600	0.335101	0.331067	0.272668	0.013542	0.047622	11878	11735	9665	480	1688	35446	500	500	500	500	true	344.3
3001	13001	2.0	2000	0.32761	0.335545	0.275903	0.012736	0.048205	11601	11882	9770	451	1707	35411	500	500	500	500	true	344.3
3001	13001	2.0	2560	0.325218	0.336161	0.277372	0.012527	0.048722	11501	11888	9809	443	1723	35364	500	500	500	500	true	344.3
3001	13001	2.0	3200	0.319863	0.338752	0.280103	0.012602	0.04868	11295	11962	9891	445	1719	35312	500	500	500	500	true	344.3
3001	13001	2.0	4000	0.319399	0.339238	0.280487	0.012186	0.048689	11270	11970	9897	430	1718	35285	500	500	500	500	true	344.3
3001	13001	2.0	5000	0.311534	0.343368	0.284208	0.011225	0.049664	10990	12113	10026	396	1752	35277	500	500	500	500	true	344.3
3001	13001	2.0	6400	0.306643	0.347019	0.285492	0.010122	0.050724	10815	12239	10069	357	1789	35269	500	500	500	500	true	344.3
3001	13001	2.0	8000	0.300082	0.350186	0.288847	0.010129	0.050756	10577	12343	10181	357	1789	35247	500	500	500	500	true	344.3
3001	13001	2.0	10000	0.296853	0.352354	0.289958	0.009761	0.051074	10462	12418	10219	344	1800	35243	500	500	500	500	true	344.3
3002	13002	2.0	1	0.441545	0.274865	0.224388	0.027454	0.031749	16244	10112	8255	1010	1168	36789	500	500	500	500	true	353.5
3002	13002	2.0	2	0.43635	0.278546	0.225835	0.026478	0.032791	16035	10236	8299	973	1205	36748	500	500	500	500	true	353.5
3002	13002	2.0	3	0.43373	0.279894	0.227118	0.02666	0.032597	15927	10278	8340	979	1197	36721	500	500	500	500	true	353.5
3002	13002	2.0	4	0.429793	0.282844	0.227963	0.025698	0.033702	15788	10390	8374	944	1238	36734	500	500	500	500	true	353.5
3002	13002	2.0	5	0.428797	0.283885	0.22798	0.025146	0.034192	15739	10420	8368	923	1255	36705	500	500	500	500	true	353.5
3002	13002	2.0	6	0.42683	0.28458	0.229072	0.024822	0.034696	15648	10433	8398	910	1272	36661	500	500	500	500	true	353.5
3002	13002	2.0	8	0.423248	0.286821	0.230243	0.024143	0.035546	15515	10514	8440	885	1303	36657	500	500	500	500	true	353.5
3002	13002	2.0	10	0.420105	0.2885	0.231586	0.023841	0.035967	15383	10564	8480	873	1317	36617	500	500	500	500	true	353.5
3002	13002	2.0	13	0.417919	0.289631	0.23263	0.022494	0.037326	15272	10584	8501	822	1364	36543	500	500	500	500	true	353.5
3002	13002	2.0	16	0.41467	0.291157	0.234143	0.022641	0.037388	15128	10622	8542	826	1364	36482	500	500	500	500	true	353.5
3002	13002	2.0	20	0.413243	0.292321	0.234291	0.022108	0.038037	15047	10644	8531	805	1385	36412	500	500	500	500	true	353.5
3002	13002	2.0	25	0.411705	0.291794	0.23616	0.021747	0.038594	14956	10600	8579	790	1402	36327	500	500	500	500	true	353.5
3002	13002	2.0	32	0.409296	0.293892	0.236507	0.021478	0.038826	14864	10673	8589	780	1410	36316	500	500	500	500	true	353.5
3002	13002	2.0	40	0.407088	0.294816	0.237744	0.020889	0.039463	14772	10698	8627	758	1432	36287	500	500	500	500	true	353.5
3002	13002	2.0	50	0.403721	0.296359	0.239295	0.021036	0.039588	14624	10735	8668	762	1434	36223	500	500	500	500	true	353.5
3002	13002	2.0	64	0.402454	0.29688	0.239975	0.020286	0.040406	14562	10742	8683	734	1462	36183	500	500	500	500	true	353.5
3002	13002	2.0	80	0.397539	0.299198	0.242423	0.020548	0.040293	14375	10819	8766	743	1457	36160	500	500	500	500	true	353.5
3002	13002	2.0	100	0.396835	0.299379	0.243029	0.020428	0.040329	14317	10801	8768	737	1455	36078	500	500	500	500	true	353.5
3002	13002	2.0	128	0.393312	0.300652	0.245095	0.020508	0.040433	14173	10834	8832	739	1457	36035	500	500	500	500	true	353.5
3002	13002	2.0	160	0.390226	0.303223	0.245646	0.019913	0.040992	14070	10933	8857	718	1478	36056	500	500	500	500	true	353.5
3002	13002	2.0	200	0.386818	0.304072	0.247822	0.019873	0.041415	13898	10925	8904	714	1488	35929	500	500	500	500	true	353.5
3002	13002	2.0	256	0.382915	0.305992	0.249777	0.019482	0.041834	13739	10979	8962	699	1501	35880	500	500	500	500	true	353.5
3002	13002	2.0	320	0.378698	0.308139	0.251814	0.019147	0.042202	13568	11040	9022	686	1512	35828	500	500	500	500	true	353.5
3002	13002	2.0	400	0.374524	0.309562	0.254364	0.01894	0.042609	13387	11065	9092	677	1523	35744	500	500	500	500	true	353.5
3002	13002	2.0	500	0.371505	0.311152	0.255758	0.018633	0.042953	13259	11105	9128	665	1533	35690	500	500	500	500	true	353.5
3002	13002	2.0	640	0.367529	0.313907	0.257282	0.017846	0.043437	13098	11187	9169	636	1548	35638	500	500	500	500	true	353.5
3002	13002	2.0	800	0.363889	0.315135	0.259696	0.01789	0.04339	12957	11221	9247	637	1545	35607	500	500	500	500	true	353.5
3002	13002	2.0	1000	0.358942	0.317591	0.26213	0.017681	0.043655	12769	11298	9325	629	1553	35574	500	500	500	500	true	353.5
3002	13002	2.0	1280	0.354702	0.319878	0.264268	0.017046	0.044106	12610	11372	9395	606	1568	35551	500	500	500	500	true	353.5
3002	13002	2.0	1600	0.349248	0.322714	0.266858	0.016985	0.044195	12399	11457	9474	603	1569	35502	500	500	500	500	true	353.5
3002	13002	2.0	2000	0.345162	0.324807	0.268428	0.01564	0.045961	12226	11505	9508	554	1628	35421	500	500	500	500	true	353.5
3002	13002	2.0	2560	0.342946	0.326988	0.268776	0.014461	0.04683	12142	11577	9516	512	1658	35405	500	500	500	500	true	353.5
3002	13002	2.0	3200	0.335633	0.330882	0.272229	0.013518	0.047738	11868	11700	9626	478	1688	35360	500	500	500	500	true	353.5
3002	13002	2.0	4000	0.325587	0.336697	0.276539	0.013259	0.047918	11517	11910	9782	469	1695	35373	500	500	500	500	true	353.5
3002	13002	2.0	5000	0.317399	0.340592	0.280839	0.01246	0.048709	11208	12027	9917	440	1720	35312	500	500	500	500	true	353.5
3002	13002	2.0	6400	0.311421	0.343523	0.283861	0.012148	0.049046	10972	12103	10001	428	1728	35232	500	500	500	500	true	353.5
3002	13002	2.0	8000	0.305092	0.346345	0.287493	0.01214	0.04893	10731	12182	10112	427	1721	35173	500	500	500	500	true	353.5
3002	13002	2.0	10000	0.299394	0.350658	0.289045	0.009838	0.051065	10530	12333	10166	346	1796	35171	500	500	500	500	true	353.5
3003	13003	2.0	1	0.443035	0.272223	0.225098	0.029138	0.030505	16208	9959	8235	1066	1116	36584	500	500	500	500	true	351.1
3003	13003	2.0	2	0.438726	0.276068	0.225505	0.028209	0.031492	16035	10090	8242	1031	1151	36549	500	500	500	500	true	351.1
3003	13003	2.0	3	0.435952	0.278052	0.226331	0.027778	0.031887	15914	10150	8262	1014	1164	36504	500	500	500	500	true	351.1
3003	13003	2.0	4	0.433283	0.279737	0.227219	0.027247	0.032515	15791	10195	8281	993	1185	36445	500	500	500	500	true	351.1
3003	13003	2.0	5	0.43146	0.28132	0.227515	0.027026	0.032678	15725	10253	8292	985	1191	36446	500	500	500	500	true	351.1
3003	13003	2.0	6	0.430295	0.281954	0.22791	0.026734	0.033108	15661	10262	8295	973	1205	36396	500	500	500	500	true	351.1
3003	13003	2.0	8	0.426775	0.2836	0.229538	0.026467	0.03362	15512	10308	8343	962	1222	36347	500	500	500	500	true	351.1
3003	13003	2.0	10	0.423134	0.285585	0.231286	0.026117	0.033878	15375	10377	8404	949	1231	36336	500	500	500	500	true	351.1
3003	13003	2.0	13	0.419705	0.287972	0.232129	0.025609	0.034585	15242	10458	8430	930	1256	36316	500	500	500	500	true	351.1
3003	13003	2.0	16	0.41858	0.288849	0.232198	0.025086	0.035286	15184	10478	8423	910	1280	36275	500	500	500	500	true	351.1
3003	13003	2.0	20	0.415622	0.289883	0.234027	0.024546	0.035921	15053	10499	8476	889	1301	36218	500	500	500	500	true	351.1
3003	13003	2.0	25	0.412681	0.291642	0.235281	0.024119	0.036276	14937	10556	8516	873	1313	36195	500	500	500	500	true	351.1
3003	13003	2.0	32	0.40973	0.292672	0.237104	0.02402	0.036473	14806	10576	8568	868	1318	36136	500	500	500	500	true	351.1
3003	13003	2.0	40	0.407039	0.293585	0.238908	0.023943	0.036525	14688	10594	8621	864	1318	36085	500	500	500	500	true	351.1
3003	13003	2.0	50	0.404301	0.295272	0.239843	0.023835	0.03675	14588	10654	8654	860	1326	36082	500	500	500	500	true	351.1
3003	13003	2.0	64	0.400228	0.296818	0.242253	0.023798	0.036904	14413	10689	8724	857	1329	36012	500	500	500	500	true	351.1
3003	13003	2.0	80	0.398188	0.297529	0.243627	0.02374	0.036917	14324	10703	8764	854	1328	35973	500	500	500	500	true	351.1
3003	13003	2.0	100	0.39408	0.299577	0.245698	0.023528	0.037116	14153	10759	8824	845	1333	35914	500	500	500	500	true	351.1
3003	13003	2.0	128	0.388993	0.301515	0.248515	0.022623	0.038355	13945	10809	8909	811	1375	35849	500	500	500	500	true	351.1
3003	13003	2.0	160	0.385881	0.302548	0.250391	0.022544	0.038636	13813	10830	8963	807	1383	35796	500	500	500	500	true	351.1
3003	13003	2.0	200	0.38279	0.304231	0.251831	0.022162	0.038986	13697	10886	9011	793	1395	35782	500	500	500	500	true	351.1
3003	13003	2.0	256	0.379861	0.3068	0.252487	0.02129	0.039562	13596	10981	9037	762	1416	35792	500	500	500	500	true	351.1
3003	13003	2.0	320	0.377481	0.307046	0.254668	0.0215	0.039305	13484	10968	9097	768	1404	35721	500	500	500	500	true	351.1
3003	13003	2.0	400	0.373124	0.31033	0.255739	0.021053	0.039754	13328	11085	9135	752	1420	35720	500	500	500	500	true	351.1
3003	13003	2.0	500	0.37147	0.310563	0.256891	0.021172	0.039904	13247	11075	9161	755	1423	35661	500	500	500	500	true	351.1
3003	13003	2.0	640	0.366985	0.313043	0.259102	0.020505	0.040365	13083	11160	9237	731	1439	35650	500	500	500	500	true	351.1
3003	13003	2.0	800	0.360979	0.315927	0.26205	0.020517	0.040527	12844	11241	9324	730	1442	35581	500	500	500	500	true	351.1
3003	13003	2.0	1000	0.355649	0.318657	0.264717	0.020185	0.040793	12633	11319	9403	717	1449	35521	500	500	500	500	true	351.1
3003	13003	2.0	1280	0.349655	0.321297	0.268048	0.019338	0.041663	12404	11398	9509	686	1478	35475	500	500	500	500	true	351.1
3003	13003	2.0	1600	0.340952	0.327188	0.270836	0.01838	0.042644	12113	11624	9622	653	1515	35527	500	500	500	500	true	351.1
3003	13003	2.0	2000	0.335998	0.328344	0.274599	0.018386	0.042674	11897	11626	9723	651	1511	35408	500	500	500	500	true	351.1
3003	13003	2.0	2560	0.331075	0.330905	0.277265	0.01804	0.042715	11727	11721	9821	639	1513	35421	500	500	500	500	true	351.1
3003	13003	2.0	3200	0.327721	0.332503	0.278765	0.017686	0.043324	11581	11750	9851	625	1531	35338	500	500	500	500	true	351.1
3003	13003	2.0	4000	0.322708	0.334807	0.281395	0.017539	0.043551	11389	11816	9931	619	1537	35292	500	500	500	500	true	351.1
3003	13003	2.0	5000	0.318103	0.337462	0.283212	0.018112	0.043111	11223	11906	9992	639	1521	35281	500	500	500	500	true	351.1
3003	13003	2.0	6400	0.313334	0.340082	0.285365	0.01627	0.044949	11035	11977	10050	573	1583	35218	500	500	500	500	true	351.1
3003	13003	2.0	8000	0.308052	0.343081	0.287886	0.015628	0.045353	10861	12096	10150	551	1599	35257	500	500	500	500	true	351.1
3003	13003	2.0	10000	0.306924	0.343799	0.288018	0.015954	0.045306	10812	12111	10146	562	1596	35227	500	500	500	500	true	351.1
3004	13004	2.0	1	0.4584	0.265486	0.217068	0.030065	0.02898	16909	9793	8007	1109	1069	36887	500	500	500	500	true	358.5
3004	13004	2.0	2	0.451356	0.270705	0.218824	0.029639	0.029476	16660	9992	8077	1094	1088	36911	500	500	500	500	true	358.5
3004	13004	2.0	3	0.44737	0.273579	0.219839	0.028604	0.030608	16516	10100	8116	1056	1130	36918	500	500	500	500	true	358.5
3004	13004	2.0	4	0.444604	0.276086	0.220094	0.027712	0.031504	16413	10192	8125	1023	1163	36916	500	500	500	500	true	358.5
3004	13004	2.0	5	0.443452	0.276169	0.22106	0.027731	0.031588	16327	10168	8139	1021	1163	36818	500	500	500	500	true	358.5
3004	13004	2.0	6	0.440691	0.277862	0.222192	0.027373	0.031881	16228	10232	8182	1008	1174	36824	500	500	500	500	true	358.5
3004	13004	2.0	8	0.438608	0.278588	0.223343	0.02701	0.03245	16125	10242	8211	993	1193	36764	500	500	500	500	true	358.5
3004	13004	2.0	10	0.437091	0.278947	0.224324	0.026712	0.032926	16036	10234	8230	980	1208	36688	500	500	500	500	true	358.5
3004	13004	2.0	13	0.433572	0.280951	0.225879	0.026473	0.033125	15903	10305	8285	971	1215	36679	500	500	500	500	true	358.5
3004	13004	2.0	16	0.430945	0.281494	0.227824	0.026015	0.033721	15770	10301	8337	952	1234	36594	500	500	500	500	true	358.5
3004	13004	2.0	20	0.427556	0.283652	0.228923	0.025478	0.03439	15640	10376	8374	932	1258	36580	500	500	500	500	true	358.5
3004	13004	2.0	25	0.42696	0.283946	0.229118	0.025086	0.034891	15590	10368	8366	916	1274	36514	500	500	500	500	true	358.5
3004	13004	2.0	32	0.422481	0.285753	0.231485	0.024238	0.036042	15391	10410	8433	883	1313	36430	500	500	500	500	true	358.5
3004	13004	2.0	40	0.41856	0.288052	0.232934	0.023379	0.037076	15218	10473	8469	850	1348	36358	500	500	500	500	true	358.5
3004	13004	2.0	50	0.4148	0.288863	0.235547	0.023306	0.037483	15039	10473	8540	845	1359	36256	500	500	500	500	true	358.5
3004	13004	2.0	64	0.411865	0.290893	0.236176	0.022776	0.038291	14919	10537	8555	825	1387	36223	500	500	500	500	true	358.5
3004	13004	2.0	80	0.408693	0.293044	0.23718	0.022478	0.038605	14800	10612	8589	814	1398	36213	500	500	500	500	true	358.5
3004	13004	2.0	100	0.404292	0.295907	0.238427	0.021683	0.039692	14637	10713	8632	785	1437	36204	500	500	500	500	true	358.5
3004	13004	2.0	128	0.401091	0.297184	0.240134	0.021075	0.040516	14483	10731	8671	761	1463	36109	500	500	500	500	true	358.5
3004	13004	2.0	160	0.393739	0.300898	0.243969	0.021324	0.04007	14199	10851	8798	769	1445	36062	500	500	500	500	true	358.5
3004	13004	2.0	200	0.390482	0.302217	0.246013	0.020309	0.040979	14055	10878	8855	731	1475	35994	500	500	500	500	true	358.5
3004	13004	2.0	256	0.385702	0.304434	0.248538	0.02047	0.040857	13849	10931	8924	735	1467	35906	500	500	500	500	true	358.5
3004	13004	2.0	320	0.37669	0.309131	0.252893	0.019964	0.041322	13510	11087	9070	716	1482	35865	500	500	500	500	true	358.5
3004	13004	2.0	400	0.373966	0.31	0.254637	0.020056	0.041341	13388	11098	9116	718	1480	35800	500	500	500	500	true	358.5
3004	13004	2.0	500	0.368956	0.312288	0.257384	0.019151	0.042221	13178	11154	9193	684	1508	35717	500	500	500	500	true	358.5
3004	13004	2.0	640	0.358983	0.318285	0.261475	0.018237	0.04302	12834	11379	9348	652	1538	35751	500	500	500	500	true	358.5
3004	13004	2.0	800	0.356802	0.318837	0.26301	0.01859	0.04276	12725	11371	9380	663	1525	35664	500	500	500	500	true	358.5
3004	13004	2.0	1000	0.351418	0.321114	0.266241	0.017963	0.043263	12501	11423	9471	639	1539	35573	500	500	500	500	true	358.5
3004	13004	2.0	1280	0.344743	0.324774	0.269168	0.017748	0.043568	12257	11547	9570	631	1549	35554	500	500	500	500	true	358.5
3004	13004	2.0	1600	0.338581	0.328499	0.271806	0.017123	0.043991	12022	11664	9651	608	1562	35507	500	500	500	500	true	358.5
3004	13004	2.0	2000	0.330137	0.332591	0.276294	0.017177	0.043802	11705	11792	9796	609	1553	35455	500	500	500	500	true	358.5
3004	13004	2.0	2560	0.325053	0.33517	0.278734	0.016617	0.044426	11502	11860	9863	588	1572	35385	500	500	500	500	true	358.5
3004	13004	2.0	3200	0.320691	0.336909	0.281093	0.01602	0.045287	11330	11903	9931	566	1600	35330	500	500	500	500	true	358.5
3004	13004	2.0	4000	0.314709	0.339884	0.284124	0.01651	0.044772	11113	12002	10033	583	1581	35312	500	500	500	500	true	358.5
3004	13004	2.0	5000	0.311077	0.342281	0.285423	0.016197	0.045022	10986	12088	10080	572	1590	35316	500	500	500	500	true	358.5
3004	13004	2.0	6400	0.303586	0.346154	0.289085	0.015492	0.045684	10719	12222	10207	547	1613	35308	500	500	500	500	true	358.5
3004	13004	2.0	8000	0.29952	0.348367	0.29092	0.014958	0.046235	10553	12274	10250	527	1629	35233	500	500	500	500	true	358.5
3004	13004	2.0	10000	0.29206	0.35184	0.294757	0.01454	0.046802	10284	12389	10379	512	1648	35212	500	500	500	500	true	358.5
3005	13005	2.0	1	0.440872	0.274796	0.224605	0.025177	0.03455	16180	10085	8243	924	1268	36700	500	500	500	500	true	353.0
3005	13005	2.0	2	0.43401	0.279657	0.226761	0.024472	0.0351	15926	10262	8321	898	1288	36695	500	500	500	500	true	353.0
3005	13005	2.0	3	0.43031	0.28217	0.227805	0.02399	0.035725	15767	10339	8347	879	1309	36641	500	500	500	500	true	353.0
3005	13005	2.0	4	0.426559	0.285164	0.228432	0.023589	0.036256	15624	10445	8367	864	1328	36628	500	500	500	500	true	353.0
3005	13005	2.0	5	0.424209	0.286639	0.229284	0.023324	0.036543	15532	10495	8395	854	1338	36614	500	500	500	500	true	353.0
3005	13005	2.0	6	0.423677	0.287205	0.229283	0.023032	0.036802	15507	10512	8392	843	1347	36601	500	500	500	500	true	353.0
3005	13005	2.0	8	0.421031	0.288635	0.230426	0.022774	0.037134	15363	10532	8408	831	1355	36489	500	500	500	500	true	353.0
3005	13005	2.0	10	0.420647	0.288428	0.230868	0.022096	0.037961	15325	10508	8411	805	1383	36432	500	500	500	500	true	353.0
3005	13005	2.0	13	0.415714	0.290879	0.233038	0.021553	0.038817	15122	10581	8477	784	1412	36376	500	500	500	500	true	353.0
3005	13005	2.0	16	0.413562	0.291925	0.234052	0.021282	0.039178	15021	10603	8501	773	1423	36321	500	500	500	500	true	353.0
3005	13005	2.0	20	0.411028	0.292555	0.235787	0.020936	0.039693	14901	10606	8548	759	1439	36253	500	500	500	500	true	353.0
3005	13005	2.0	25	0.407503	0.295146	0.236541	0.020647	0.040163	14783	10707	8581	749	1457	36277	500	500	500	500	true	353.0
3005	13005	2.0	32	0.40464	0.296217	0.238387	0.020547	0.04021	14652	10726	8632	744	1456	36210	500	500	500	500	true	353.0
3005	13005	2.0	40	0.402507	0.296478	0.240143	0.020558	0.040314	14547	10715	8679	743	1457	36141	500	500	500	500	true	353.0
3005	13005	2.0	50	0.398316	0.29803	0.242929	0.020556	0.04017	14378	10758	8769	742	1450	36097	500	500	500	500	true	353.0
3005	13005	2.0	64	0.395326	0.299842	0.244171	0.019989	0.040672	14259	10815	8807	721	1467	36069	500	500	500	500	true	353.0
3005	13005	2.0	80	0.391166	0.302185	0.246035	0.019659	0.040955	14107	10898	8873	709	1477	36064	500	500	500	500	true	353.0
3005	13005	2.0	100	0.388414	0.303099	0.247945	0.020218	0.040324	13986	10914	8928	728	1452	36008	500	500	500	500	true	353.0
3005	13005	2.0	128	0.383717	0.305417	0.250049	0.019707	0.04111	13805	10988	8996	709	1479	35977	500	500	500	500	true	353.0
3005	13005	2.0	160	0.380668	0.307344	0.251127	0.019444	0.041419	13685	11049	9028	699	1489	35950	500	500	500	500	true	353.0
3005	13005	2.0	200	0.374847	0.310209	0.254233	0.019271	0.041439	13460	11139	9129	692	1488	35908	500	500	500	500	true	353.0
3005	13005	2.0	256	0.372119	0.311652	0.255455	0.019197	0.041576	13336	11169	9155	688	1490	35838	500	500	500	500	true	353.0
3005	13005	2.0	320	0.368949	0.312661	0.25735	0.019145	0.041895	13201	11187	9208	685	1499	35780	500	500	500	500	true	353.0
3005	13005	2.0	400	0.364805	0.314574	0.259527	0.018844	0.042251	13029	11235	9269	673	1509	35715	500	500	500	500	true	353.0
3005	13005	2.0	500	0.359803	0.317747	0.261354	0.018704	0.042392	12850	11348	9334	668	1514	35714	500	500	500	500	true	353.0
3005	13005	2.0	640	0.355058	0.319299	0.264455	0.018805	0.042382	12650	11376	9422	670	1510	35628	500	500	500	500	true	353.0
3005	13005	2.0	800	0.350533	0.322363	0.266274	0.018322	0.042508	12493	11489	9490	653	1515	35640	500	500	500	500	true	353.0
3005	13005	2.0	1000	0.347206	0.324319	0.26765	0.017242	0.043583	12364	11549	9531	614	1552	35610	500	500	500	500	true	353.0
3005	13005	2.0	1280	0.342044	0.327136	0.269894	0.017102	0.043824	12160	11630	9595	608	1558	35551	500	500	500	500	true	353.0
3005	13005	2.0	1600	0.338366	0.328545	0.272076	0.017045	0.043968	11990	11642	9641	604	1558	35435	500	500	500	500	true	353.0
3005	13005	2.0	2000	0.33322	0.330762	0.275103	0.016556	0.044358	11794	11707	9737	586	1570	35394	500	500	500	500	true	353.0
3005	13005	2.0	2560	0.325179	0.334851	0.279222	0.01629	0.044458	11498	11840	9873	576	1572	35359	500	500	500	500	true	353.0
3005	13005	2.0	3200	0.316145	0.339182	0.284166	0.015311	0.045196	11171	11985	10041	541	1597	35335	500	500	500	500	true	353.0
3005	13005	2.0	4000	0.312261	0.341248	0.285795	0.015471	0.045224	11020	12043	10086	546	1596	35291	500	500	500	500	true	353.0
3005	13005	2.0	5000	0.307732	0.34456	0.286594	0.014243	0.046872	10846	12144	10101	502	1652	35245	500	500	500	500	true	353.0
3005	13005	2.0	6400	0.302984	0.347059	0.289088	0.013015	0.047855	10662	12213	10173	458	1684	35190	500	500	500	500	true	353.0
3005	13005	2.0	8000	0.295909	0.350212	0.292924	0.013704	0.047252	10408	12318	10303	482	1662	35173	500	500	500	500	true	353.0
3005	13005	2.0	10000	0.291139	0.353038	0.295061	0.012846	0.047917	10244	12422	10382	452	1686	35186	500	500	500	500	true	353.0
3006	13006	2.0	1	0.442485	0.271781	0.226543	0.03322	0.025971	16237	9973	8313	1219	953	36695	500	500	500	500	true	354.5
3006	13006	2.0	2	0.439959	0.27407	0.226626	0.032675	0.02667	16117	10040	8302	1197	977	36633	500	500	500	500	true	354.5
3006	13006	2.0	3	0.435258	0.27692	0.228422	0.031968	0.027432	15930	10135	8360	1170	1004	36599	500	500	500	500	true	354.5
3006	13006	2.0	4	0.431323	0.279734	0.229487	0.031476	0.027979	15786	10238	8399	1152	1024	36599	500	500	500	500	true	354.5
3006	13006	2.0	5	0.430026	0.280527	0.229955	0.031306	0.028187	15714	10251	8403	1144	1030	36542	500	500	500	500	true	354.5
3006	13006	2.0	6	0.428274	0.281567	0.230622	0.030945	0.028592	15653	10291	8429	1131	1045	36549	500	500	500	500	true	354.5
3006	13006	2.0	8	0.423972	0.283962	0.232437	0.030718	0.028911	15486	10372	8490	1122	1056	36526	500	500	500	500	true	354.5
3006	13006	2.0	10	0.420898	0.28515	0.234234	0.030297	0.02942	15351	10400	8543	1105	1073	36472	500	500	500	500	true	354.5
3006	13006	2.0	13	0.418708	0.286774	0.234758	0.02999	0.02977	15246	10442	8548	1092	1084	36412	500	500	500	500	true	354.5
3006	13006	2.0	16	0.416609	0.287526	0.235877	0.029498	0.030489	15140	10449	8572	1072	1108	36341	500	500	500	500	true	354.5
3006	13006	2.0	20	0.413049	0.288431	0.23843	0.029301	0.030789	14985	10464	8650	1063	1117	36279	500	500	500	500	true	354.5
3006	13006	2.0	25	0.411893	0.289103	0.238878	0.028905	0.031222	14934	10482	8661	1048	1132	36257	500	500	500	500	true	354.5
3006	13006	2.0	32	0.406814	0.291899	0.240985	0.028494	0.031807	14734	10572	8728	1032	1152	36218	500	500	500	500	true	354.5
3006	13006	2.0	40	0.40377	0.293058	0.242925	0.028521	0.031727	14610	10604	8790	1032	1148	36184	500	500	500	500	true	354.5
3006	13006	2.0	50	0.397874	0.29601	0.245701	0.028186	0.032229	14370	10691	8874	1018	1164	36117	500	500	500	500	true	354.5
3006	13006	2.0	64	0.394121	0.297592	0.247943	0.027678	0.032666	14225	10741	8949	999	1179	36093	500	500	500	500	true	354.5
3006	13006	2.0	80	0.391258	0.298345	0.249972	0.027657	0.032767	14090	10744	9002	996	1180	36012	500	500	500	500	true	354.5
3006	13006	2.0	100	0.388283	0.299794	0.251391	0.027206	0.033326	13958	10777	9037	978	1198	35948	500	500	500	500	true	354.5
3006	13006	2.0	128	0.383281	0.302303	0.253766	0.026733	0.033917	13764	10856	9113	960	1218	35911	500	500	500	500	true	354.5
3006	13006	2.0	160	0.379584	0.303784	0.25588	0.026948	0.033803	13621	10901	9182	967	1213	35884	500	500	500	500	true	354.5
3006	13006	2.0	200	0.373744	0.306582	0.259156	0.026714	0.033804	13389	10983	9284	957	1211	35824	500	500	500	500	true	354.5
3006	13006	2.0	256	0.371011	0.308258	0.260158	0.026371	0.034201	13267	11023	9303	943	1223	35759	500	500	500	500	true	354.5
3006	13006	2.0	320	0.367215	0.309312	0.262569	0.026302	0.034602	13096	11031	9364	938	1234	35663	500	500	500	500	true	354.5
3006	13006	2.0	400	0.362704	0.312174	0.264307	0.02612	0.034695	12942	11139	9431	932	1238	35682	500	500	500	500	true	354.5
3006	13006	2.0	500	0.357728	0.315271	0.266107	0.026153	0.03474	12748	11235	9483	932	1238	35636	500	500	500	500	true	354.5
3006	13006	2.0	640	0.351798	0.31809	0.26927	0.025337	0.035506	12524	11324	9586	902	1264	35600	500	500	500	500	true	354.5
3006	13006	2.0	800	0.349896	0.319791	0.269428	0.024647	0.036239	12436	11366	9576	876	1288	35542	500	500	500	500	true	354.5
3006	13006	2.0	1000	0.345119	0.321116	0.272855	0.024172	0.036738	12250	11398	9685	858	1304	35495	500	500	500	500	true	354.5
3006	13006	2.0	1280	0.340917	0.323699	0.274359	0.023597	0.037428	12078	11468	9720	836	1326	35428	500	500	500	500	true	354.5
3006	13006	2.0	1600	0.3361	0.326444	0.276526	0.023604	0.037326	11904	11562	9794	836	1322	35418	500	500	500	500	true	354.5
3006	13006	2.0	2000	0.327269	0.330466	0.281321	0.022606	0.038337	11567	11680	9943	799	1355	35344	500	500	500	500	true	354.5
3006	13006	2.0	2560	0.320781	0.334803	0.283295	0.021344	0.039776	11347	11843	10021	755	1407	35373	500	500	500	500	true	354.5
3006	13006	2.0	3200	0.314394	0.338785	0.285872	0.020571	0.040378	11111	11973	10103	727	1427	35341	500	500	500	500	true	354.5
3006	13006	2.0	4000	0.306442	0.341928	0.290585	0.019658	0.041387	10803	12054	10244	693	1459	35253	500	500	500	500	true	354.5
3006	13006	2.0	5000	0.304224	0.3438	0.290938	0.019191	0.041846	10716	12110	10248	676	1474	35224	500	500	500	500	true	354.5
3006	13006	2.0	6400	0.299793	0.347041	0.292079	0.017952	0.043135	10571	12237	10299	633	1521	35261	500	500	500	500	true	354.5
3006	13006	2.0	8000	0.29793	0.347552	0.293607	0.017432	0.043479	10477	12222	10325	613	1529	35166	500	500	500	500	true	354.5
3006	13006	2.0	10000	0.293492	0.349555	0.295996	0.017502	0.043456	10313	12283	10401	615	1527	35139	500	500	500	500	true	354.5
3007	13007	2.0	1	0.462272	0.265836	0.212408	0.025994	0.033491	17019	9787	7820	957	1233	36816	500	500	500	500	true	352.4
3007	13007	2.0	2	0.456703	0.270399	0.213485	0.024411	0.035001	16819	9958	7862	899	1289	36827	500	500	500	500	true	352.4
3007	13007	2.0	3	0.453175	0.271671	0.215497	0.024358	0.035299	16651	9982	7918	895	1297	36743	500	500	500	500	true	352.4
3007	13007	2.0	4	0.449592	0.274905	0.215797	0.024144	0.035563	16536	10111	7937	888	1308	36780	500	500	500	500	true	352.4
3007	13007	2.0	5	0.44699	0.276233	0.217019	0.023294	0.036465	16426	10151	7975	856	1340	36748	500	500	500	500	true	352.4
3007	13007	2.0	6	0.445095	0.277316	0.217851	0.022899	0.036839	16347	10185	8001	841	1353	36727	500	500	500	500	true	352.4
3007	13007	2.0	8	0.443046	0.278886	0.218334	0.022509	0.037225	16258	10234	8012	826	1366	36696	500	500	500	500	true	352.4
3007	13007	2.0	10	0.440877	0.280052	0.21917	0.022067	0.037833	16163	10267	8035	809	1387	36661	500	500	500	500	true	352.4
3007	13007	2.0	13	0.43736	0.28207	0.220603	0.021908	0.038059	16031	10339	8086	803	1395	36654	500	500	500	500	true	352.4
3007	13007	2.0	16	0.436025	0.282643	0.221236	0.021525	0.038571	15962	10347	8099	788	1412	36608	500	500	500	500	true	352.4
3007	13007	2.0	20	0.433365	0.284301	0.222052	0.021232	0.039049	15859	10404	8126	777	1429	36595	500	500	500	500	true	352.4
3007	13007	2.0	25	0.429861	0.286054	0.223672	0.020657	0.039755	15711	10455	8175	755	1453	36549	500	500	500	500	true	352.4
3007	13007	2.0	32	0.42769	0.286279	0.225462	0.020382	0.040188	15591	10436	8219	743	1465	36454	500	500	500	500	true	352.4
3007	13007	2.0	40	0.423368	0.28822	0.227656	0.019354	0.041402	15400	10484	8281	704	1506	36375	500	500	500	500	true	352.4
3007	13007	2.0	50	0.419659	0.290459	0.229062	0.018999	0.04182	15263	10564	8331	691	1521	36370	500	500	500	500	true	352.4
3007	13007	2.0	64	0.414824	0.293042	0.231064	0.018668	0.042402	15066	10643	8392	678	1540	36319	500	500	500	500	true	352.4
3007	13007	2.0	80	0.413824	0.293585	0.231313	0.018108	0.043171	14992	10636	8380	656	1564	36228	500	500	500	500	true	352.4
3007	13007	2.0	100	0.411384	0.293395	0.233763	0.017441	0.044017	14860	10598	8444	630	1590	36122	500	500	500	500	true	352.4
3007	13007	2.0	128	0.407879	0.2957	0.234804	0.017288	0.044329	14722	10673	8475	624	1600	36094	500	500	500	500	true	352.4
3007	13007	2.0	160	0.401259	0.299384	0.237744	0.016498	0.045114	14471	10797	8574	595	1627	36064	500	500	500	500	true	352.4
3007	13007	2.0	200	0.396638	0.301361	0.240206	0.016421	0.045374	14275	10846	8645	591	1633	35990	500	500	500	500	true	352.4
3007	13007	2.0	256	0.392388	0.304168	0.241848	0.015914	0.045682	14104	10933	8693	572	1642	35944	500	500	500	500	true	352.4
3007	13007	2.0	320	0.391348	0.303433	0.243706	0.016076	0.045437	14022	10872	8732	576	1628	35830	500	500	500	500	true	352.4
3007	13007	2.0	400	0.385675	0.30631	0.246479	0.016236	0.0453	13801	10961	8820	581	1621	35784	500	500	500	500	true	352.4
3007	13007	2.0	500	0.380919	0.308729	0.249098	0.016139	0.045115	13619	11038	8906	577	1613	35753	500	500	500	500	true	352.4
3007	13007	2.0	640	0.373915	0.312384	0.252367	0.016048	0.045287	13351	11154	9011	573	1617	35706	500	500	500	500	true	352.4
3007	13007	2.0	800	0.365558	0.316239	0.256898	0.015467	0.045839	13023	11266	9152	551	1633	35625	500	500	500	500	true	352.4
3007	13007	2.0	1000	0.362203	0.316688	0.259823	0.015491	0.045796	12860	11244	9225	550	1626	35505	500	500	500	500	true	352.4
3007	13007	2.0	1280	0.352383	0.322456	0.263899	0.014738	0.046524	12505	11443	9365	523	1651	35487	500	500	500	500	true	352.4
3007	13007	2.0	1600	0.34578	0.325644	0.267323	0.014467	0.046786	12261	11547	9479	513	1659	35459	500	500	500	500	true	352.4
3007	13007	2.0	2000	0.341992	0.32714	0.269652	0.01344	0.047775	12112	11586	9550	476	1692	35416	500	500	500	500	true	352.4
3007	13007	2.0	2560	0.334199	0.33194	0.27264	0.01347	0.047751	11835	11755	9655	477	1691	35413	500	500	500	500	true	352.4
3007	13007	2.0	3200	0.327438	0.335248	0.276025	0.012903	0.048386	11572	11848	9755	456	1710	35341	500	500	500	500	true	352.4
3007	13007	2.0	4000	0.322256	0.338306	0.278237	0.012569	0.048633	11384	11951	9829	444	1718	35326	500	500	500	500	true	352.4
3007	13007	2.0	5000	0.310065	0.34355	0.28537	0.012192	0.048823	10936	12117	10065	430	1722	35270	500	500	500	500	true	352.4
3007	13007	2.0	6400	0.298198	0.350078	0.290308	0.011097	0.050319	10507	12335	10229	391	1773	35235	500	500	500	500	true	352.4
3007	13007	2.0	8000	0.291186	0.354024	0.293625	0.011575	0.04959	10264	12479	10350	408	1748	35249	500	500	500	500	true	352.4
3007	13007	2.0	10000	0.28711	0.356701	0.294893	0.011305	0.049991	10108	12558	10382	398	1760	35206	500	500	500	500	true	352.4
3008	13008	2.0	1	0.448069	0.272646	0.220076	0.026748	0.032462	16467	10020	8088	983	1193	36751	500	500	500	500	true	353.3
3008	13008	2.0	2	0.443416	0.276033	0.221327	0.025638	0.033586	16292	10142	8132	942	1234	36742	500	500	500	500	true	353.3
3008	13008	2.0	3	0.43978	0.278448	0.222601	0.025254	0.033917	16143	10221	8171	927	1245	36707	500	500	500	500	true	353.3
3008	13008	2.0	4	0.43809	0.280165	0.22248	0.024263	0.035004	16070	10277	8161	890	1284	36682	500	500	500	500	true	353.3
3008	13008	2.0	5	0.436403	0.28087	0.22332	0.023997	0.035409	15985	10288	8180	879	1297	36629	500	500	500	500	true	353.3
3008	13008	2.0	6	0.433558	0.282196	0.224761	0.023564	0.03592	15860	10323	8222	862	1314	36581	500	500	500	500	true	353.3
3008	13008	2.0	8	0.431355	0.283748	0.225449	0.023101	0.036348	15760	10367	8237	844	1328	36536	500	500	500	500	true	353.3
3008	13008	2.0	10	0.429859	0.284755	0.225754	0.0228	0.036831	15686	10391	8238	832	1344	36491	500	500	500	500	true	353.3
3008	13008	2.0	13	0.425897	0.28701	0.227339	0.02297	0.036784	15538	10471	8294	838	1342	36483	500	500	500	500	true	353.3
3008	13008	2.0	16	0.422652	0.288523	0.229096	0.022432	0.037296	15412	10521	8354	818	1360	36465	500	500	500	500	true	353.3
3008	13008	2.0	20	0.421028	0.289417	0.229639	0.022104	0.037811	15333	10540	8363	805	1377	36418	500	500	500	500	true	353.3
3008	13008	2.0	25	0.417771	0.290826	0.231285	0.021643	0.038474	15191	10575	8410	787	1399	36362	500	500	500	500	true	353.3
3008	13008	2.0	32	0.412829	0.293352	0.233641	0.021142	0.039036	14996	10656	8487	768	1418	36325	500	500	500	500	true	353.3
3008	13008	2.0	40	0.409145	0.294683	0.235961	0.020448	0.039764	14827	10679	8551	741	1441	36239	500	500	500	500	true	353.3
3008	13008	2.0	50	0.40591	0.296022	0.237525	0.020485	0.040058	14683	10708	8592	741	1449	36173	500	500	500	500	true	353.3
3008	13008	2.0	64	0.40078	0.298849	0.239959	0.02022	0.040191	14489	10804	8675	731	1453	36152	500	500	500	500	true	353.3
3008	13008	2.0	80	0.395013	0.301593	0.242499	0.019504	0.041391	14258	10886	8753	704	1494	36095	500	500	500	500	true	353.3
3008	13008	2.0	100	0.392225	0.302207	0.245037	0.019159	0.041372	14126	10884	8825	690	1490	36015	500	500	500	500	true	353.3
3008	13008	2.0	128	0.386147	0.305257	0.247622	0.018915	0.042058	13882	10974	8902	680	1512	35950	500	500	500	500	true	353.3
3008	13008	2.0	160	0.380464	0.308503	0.250306	0.018435	0.042292	13683	11095	9002	663	1521	35964	500	500	500	500	true	353.3
3008	13008	2.0	200	0.377378	0.309668	0.252124	0.017742	0.043088	13549	11118	9052	637	1547	35903	500	500	500	500	true	353.3
3008	13008	2.0	256	0.369919	0.313326	0.255868	0.018093	0.042793	13269	11239	9178	649	1535	35870	500	500	500	500	true	353.3
3008	13008	2.0	320	0.36802	0.313909	0.257005	0.01799	0.043076	13174	11237	9200	644	1542	35797	500	500	500	500	true	353.3
3008	13008	2.0	400	0.362176	0.317501	0.259304	0.017183	0.043837	12963	11364	9281	615	1569	35792	500	500	500	500	true	353.3
3008	13008	2.0	500	0.360714	0.317879	0.260317	0.01747	0.043619	12884	11354	9298	624	1558	35718	500	500	500	500	true	353.3
3008	13008	2.0	640	0.353658	0.320957	0.264298	0.017513	0.043573	12621	11454	9432	625	1555	35687	500	500	500	500	true	353.3
3008	13008	2.0	800	0.348514	0.322863	0.267433	0.017278	0.043912	12405	11492	9519	615	1563	35594	500	500	500	500	true	353.3
3008	13008	2.0	1000	0.344281	0.326032	0.268896	0.01704	0.043752	12244	11595	9563	606	1556	35564	500	500	500	500	true	353.3
3008	13008	2.0	1280	0.336814	0.329525	0.273042	0.015929	0.044691	11968	11709	9702	566	1588	35533	500	500	500	500	true	353.3
3008	13008	2.0	1600	0.333851	0.331593	0.273615	0.014586	0.046355	11833	11753	9698	517	1643	35444	500	500	500	500	true	353.3
3008	13008	2.0	2000	0.327858	0.334688	0.276663	0.013744	0.047047	11617	11859	9803	487	1667	35433	500	500	500	500	true	353.3
3008	13008	2.0	2560	0.323905	0.33652	0.278538	0.012332	0.048705	11452	11898	9848	436	1722	35356	500	500	500	500	true	353.3
3008	13008	2.0	3200	0.317494	0.340546	0.281092	0.012926	0.047942	11225	12040	9938	457	1695	35355	500	500	500	500	true	353.3
3008	13008	2.0	4000	0.314021	0.341672	0.283339	0.012466	0.048503	11084	12060	10001	440	1712	35297	500	500	500	500	true	353.3
3008	13008	2.0	5000	0.30737	0.345664	0.286127	0.012236	0.048604	10852	12204	10102	432	1716	35306	500	500	500	500	true	353.3
3008	13008	2.0	6400	0.299725	0.349414	0.289963	0.011238	0.049661	10562	12313	10218	396	1750	35239	500	500	500	500	true	353.3
3008	13008	2.0	8000	0.297591	0.350338	0.291229	0.01139	0.049452	10477	12334	10253	401	1741	35206	500	500	500	500	true	353.3
3008	13008	2.0	10000	0.292129	0.353907	0.293036	0.010694	0.050234	10299	12477	10331	377	1771	35255	500	500	500	500	true	353.3
3009	13009	2.0	1	0.440738	0.275522	0.224314	0.027862	0.031563	16198	10126	8244	1024	1160	36752	500	500	500	500	true	355.8
3009	13009	2.0	2	0.435371	0.279592	0.225677	0.02742	0.03194	15989	10268	8288	1007	1173	36725	500	500	500	500	true	355.8
3009	13009	2.0	3	0.431439	0.282578	0.226602	0.027103	0.032278	15839	10374	8319	995	1185	36712	500	500	500	500	true	355.8
3009	13009	2.0	4	0.429004	0.283765	0.227683	0.026635	0.032912	15720	10398	8343	976	1206	36643	500	500	500	500	true	355.8
3009	13009	2.0	5	0.426664	0.285125	0.228624	0.02638	0.033207	15624	10441	8372	966	1216	36619	500	500	500	500	true	355.8
3009	13009	2.0	6	0.425075	0.285589	0.229604	0.026092	0.033641	15542	10442	8395	954	1230	36563	500	500	500	500	true	355.8
3009	13009	2.0	8	0.42077	0.287658	0.231681	0.025949	0.033942	15372	10509	8464	948	1240	36533	500	500	500	500	true	355.8
3009	13009	2.0	10	0.418666	0.289407	0.232008	0.025523	0.034396	15288	10568	8472	932	1256	36516	500	500	500	500	true	355.8
3009	13009	2.0	13	0.414702	0.291429	0.233823	0.025033	0.035013	15125	10629	8528	913	1277	36472	500	500	500	500	true	355.8
3009	13009	2.0	16	0.412945	0.292333	0.234773	0.024869	0.03508	15044	10650	8553	906	1278	36431	500	500	500	500	true	355.8
3009	13009	2.0	20	0.409181	0.293595	0.237246	0.024519	0.035459	14886	10681	8631	892	1290	36380	500	500	500	500	true	355.8
3009	13009	2.0	25	0.405881	0.295048	0.238998	0.024443	0.035631	14729	10707	8673	887	1293	36289	500	500	500	500	true	355.8
3009	13009	2.0	32	0.403267	0.296325	0.240316	0.023783	0.036309	14616	10740	8710	862	1316	36244	500	500	500	500	true	355.8
3009	13009	2.0	40	0.400315	0.297687	0.241853	0.02308	0.037066	14483	10770	8750	835	1341	36179	500	500	500	500	true	355.8
3009	13009	2.0	50	0.395371	0.300266	0.24395	0.022925	0.037488	14280	10845	8811	828	1354	36118	500	500	500	500	true	355.8
3009	13009	2.0	64	0.391803	0.301532	0.246115	0.022228	0.038323	14119	10866	8869	801	1381	36036	500	500	500	500	true	355.8
3009	13009	2.0	80	0.387807	0.302859	0.248812	0.022119	0.038403	13956	10899	8954	796	1382	35987	500	500	500	500	true	355.8
3009	13009	2.0	100	0.383653	0.305032	0.250653	0.021907	0.038755	13800	10972	9016	788	1394	35970	500	500	500	500	true	355.8
3009	13009	2.0	128	0.377247	0.308108	0.253826	0.021618	0.039202	13559	11074	9123	777	1409	35942	500	500	500	500	true	355.8
3009	13009	2.0	160	0.374463	0.309198	0.255313	0.021253	0.039772	13426	11086	9154	762	1426	35854	500	500	500	500	true	355.8
3009	13009	2.0	200	0.370401	0.312387	0.256631	0.020138	0.040443	13280	11200	9201	722	1450	35853	500	500	500	500	true	355.8
3009	13009	2.0	256	0.366311	0.313629	0.25927	0.020692	0.040098	13100	11216	9272	740	1434	35762	500	500	500	500	true	355.8
3009	13009	2.0	320	0.362207	0.31528	0.26157	0.020716	0.040227	12921	11247	9331	739	1435	35673	500	500	500	500	true	355.8
3009	13009	2.0	400	0.355843	0.3187	0.264794	0.019791	0.040871	12694	11369	9446	706	1458	35673	500	500	500	500	true	355.8
3009	13009	2.0	500	0.352627	0.320935	0.265804	0.019818	0.040815	12562	11433	9469	706	1454	35624	500	500	500	500	true	355.8
3009	13009	2.0	640	0.346776	0.323266	0.269271	0.019545	0.041143	12331	11495	9575	695	1463	35559	500	500	500	500	true	355.8
3009	13009	2.0	800	0.343067	0.324763	0.271345	0.019627	0.041197	12183	11533	9636	697	1463	35512	500	500	500	500	true	355.8
3009	13009	2.0	1000	0.341138	0.325556	0.27233	0.019301	0.041674	12107	11554	9665	685	1479	35490	500	500	500	500	true	355.8
3009	13009	2.0	1280	0.332722	0.32959	0.276967	0.018905	0.041816	11792	11681	9816	670	1482	35441	500	500	500	500	true	355.8
3009	13009	2.0	1600	0.324666	0.334706	0.279993	0.018614	0.042022	11512	11868	9928	660	1490	35458	500	500	500	500	true	355.8
3009	13009	2.0	2000	0.322523	0.335377	0.281364	0.017995	0.042741	11417	11872	9960	637	1513	35399	500	500	500	500	true	355.8
3009	13009	2.0	2560	0.318569	0.33739	0.283418	0.017887	0.042736	11256	11921	10014	632	1510	35333	500	500	500	500	true	355.8
3009	13009	2.0	3200	0.315073	0.338983	0.285108	0.017798	0.043038	11135	11980	10076	629	1521	35341	500	500	500	500	true	355.8
3009	13009	2.0	4000	0.311794	0.341526	0.286026	0.017301	0.043353	11011	12061	10101	611	1531	35315	500	500	500	500	true	355.8
3009	13009	2.0	5000	0.308195	0.343326	0.288068	0.01707	0.04334	10887	12128	10176	603	1531	35325	500	500	500	500	true	355.8
3009	13009	2.0	6400	0.307337	0.343339	0.288669	0.017164	0.043492	10833	12102	10175	605	1533	35248	500	500	500	500	true	355.8
3009	13009	2.0	8000	0.30121	0.346698	0.291555	0.01681	0.043728	10608	12210	10268	592	1540	35218	500	500	500	500	true	355.8
3009	13009	2.0	10000	0.297441	0.348311	0.293635	0.016531	0.044082	10472	12263	10338	582	1552	35207	500	500	500	500	true	355.8
3010	13010	2.0	1	0.427392	0.286331	0.226909	0.023764	0.035605	15737	10543	8355	875	1311	36821	500	500	500	500	true	356.8
3010	13010	2.0	2	0.421804	0.289275	0.229444	0.023208	0.036268	15503	10632	8433	853	1333	36754	500	500	500	500	true	356.8
3010	13010	2.0	3	0.417761	0.292221	0.230361	0.022786	0.036871	15364	10747	8472	838	1356	36777	500	500	500	500	true	356.8
3010	13010	2.0	4	0.417007	0.29264	0.230593	0.022389	0.03737	15310	10744	8466	822	1372	36714	500	500	500	500	true	356.8
3010	13010	2.0	5	0.41427	0.293819	0.232149	0.022056	0.037705	15195	10777	8515	809	1383	36679	500	500	500	500	true	356.8
3010	13010	2.0	6	0.412025	0.295515	0.232638	0.021895	0.037928	15111	10838	8532	803	1391	36675	500	500	500	500	true	356.8
3010	13010	2.0	8	0.410921	0.295564	0.233719	0.021535	0.038261	15036	10815	8552	788	1400	36591	500	500	500	500	true	356.8
3010	13010	2.0	10	0.407835	0.297314	0.23494	0.021448	0.038464	14908	10868	8588	784	1406	36554	500	500	500	500	true	356.8
3010	13010	2.0	13	0.404096	0.298555	0.237205	0.020971	0.039173	14741	10891	8653	765	1429	36479	500	500	500	500	true	356.8
3010	13010	2.0	16	0.40345	0.298646	0.237703	0.020928	0.039274	14690	10874	8655	762	1430	36411	500	500	500	500	true	356.8
3010	13010	2.0	20	0.401035	0.298836	0.23985	0.020809	0.03947	14570	10857	8714	756	1434	36331	500	500	500	500	true	356.8
3010	13010	2.0	25	0.398248	0.300077	0.24128	0.019893	0.040503	14454	10891	8757	722	1470	36294	500	500	500	500	true	356.8
3010	13010	2.0	32	0.394753	0.301644	0.24302	0.01956	0.041023	14309	10934	8809	709	1487	36248	500	500	500	500	true	356.8
3010	13010	2.0	40	0.390842	0.303211	0.245205	0.019372	0.04137	14143	10972	8873	701	1497	36186	500	500	500	500	true	356.8
3010	13010	2.0	50	0.388833	0.303866	0.246372	0.019276	0.041653	14040	10972	8896	696	1504	36108	500	500	500	500	true	356.8
3010	13010	2.0	64	0.385645	0.305611	0.247865	0.018879	0.041999	13911	11024	8941	681	1515	36072	500	500	500	500	true	356.8
3010	13010	2.0	80	0.381459	0.308356	0.249307	0.018574	0.042304	13760	11123	8993	670	1526	36072	500	500	500	500	true	356.8
3010	13010	2.0	100	0.379662	0.309655	0.249479	0.018328	0.042876	13672	11151	8984	660	1544	36011	500	500	500	500	true	356.8
3010	13010	2.0	128	0.374733	0.311731	0.252479	0.017723	0.043335	13490	11222	9089	638	1560	35999	500	500	500	500	true	356.8
3010	13010	2.0	160	0.371461	0.312975	0.254266	0.017538	0.04376	13344	11243	9134	630	1572	35923	500	500	500	500	true	356.8
3010	13010	2.0	200	0.36804	0.314615	0.255978	0.017446	0.043922	13206	11289	9185	626	1576	35882	500	500	500	500	true	356.8
3010	13010	2.0	256	0.363984	0.316655	0.258079	0.017274	0.044008	13043	11347	9248	619	1577	35834	500	500	500	500	true	356.8
3010	13010	2.0	320	0.359404	0.318831	0.260458	0.016151	0.045156	12862	11410	9321	578	1616	35787	500	500	500	500	true	356.8
3010	13010	2.0	400	0.352676	0.32117	0.264766	0.016271	0.045117	12593	11468	9454	581	1611	35707	500	500	500	500	true	356.8
3010	13010	2.0	500	0.349257	0.324123	0.26547	0.015512	0.045638	12451	11555	9464	553	1627	35650	500	500	500	500	true	356.8
3010	13010	2.0	640	0.345136	0.325702	0.268133	0.015074	0.045954	12272	11581	9534	536	1634	35557	500	500	500	500	true	356.8
3010	13010	2.0	800	0.342251	0.327636	0.268895	0.014812	0.046407	12154	11635	9549	526	1648	35512	500	500	500	500	true	356.8
3010	13010	2.0	1000	0.33945	0.329359	0.269908	0.014771	0.046512	12042	11684	9575	524	1650	35475	500	500	500	500	true	356.8
3010	13010	2.0	1280	0.335732	0.330709	0.272158	0.014109	0.047293	11898	11720	9645	500	1676	35439	500	500	500	500	true	356.8
3010	13010	2.0	1600	0.333258	0.331815	0.273743	0.014037	0.047147	11776	11725	9673	496	1666	35336	500	500	500	500	true	356.8
3010	13010	2.0	2000	0.328781	0.334577	0.275455	0.013629	0.047558	11628	11833	9742	482	1682	35367	500	500	500	500	true	356.8
3010	13010	2.0	2560	0.32038	0.339231	0.2794	0.013622	0.047367	11336	12003	9886	482	1676	35383	500	500	500	500	true	356.8
3010	13010	2.0	3200	0.317167	0.34085	0.280963	0.013371	0.047649	11196	12032	9918	472	1682	35300	500	500	500	500	true	356.8
3010	13010	2.0	4000	0.311365	0.343723	0.283994	0.013232	0.047687	10989	12131	10023	467	1683	35293	500	500	500	500	true	356.8
3010	13010	2.0	5000	0.305872	0.346199	0.286914	0.012941	0.048074	10778	12199	10110	456	1694	35237	500	500	500	500	true	356.8
3010	13010	2.0	6400	0.303059	0.346965	0.288802	0.013206	0.047968	10671	12217	10169	465	1689	35211	500	500	500	500	true	356.8
3010	13010	2.0	8000	0.298067	0.350143	0.290717	0.012742	0.04833	10503	12338	10244	449	1703	35237	500	500	500	500	true	356.8
3010	13010	2.0	10000	0.296387	0.350826	0.291668	0.012338	0.048782	10426	12341	10260	434	1716	35177	500	500	500	500	true	356.8
3001	13001	5.0	1	0.4469	0.271345	0.222596	0.028279	0.030881	16483	10008	8210	1043	1139	36883	500	500	500	500	true	367.5
3001	13001	5.0	2	0.434846	0.279068	0.226907	0.026555	0.032624	16048	10299	8374	980	1204	36905	500	500	500	500	true	367.5
3001	13001	5.0	3	0.424658	0.286305	0.229758	0.02588	0.033398	15703	10587	8496	957	1235	36978	500	500	500	500	true	367.5
3001	13001	5.0	4	0.417374	0.290975	0.232331	0.025009	0.03431	15437	10762	8593	925	1269	36986	500	500	500	500	true	367.5
3001	13001	5.0	5	0.410381	0.293834	0.236238	0.024491	0.035056	15148	10846	8720	904	1294	36912	500	500	500	500	true	367.5
3001	13001	5.0	6	0.408306	0.29487	0.237378	0.023073	0.036374	15042	10863	8745	850	1340	36840	500	500	500	500	true	367.5
3001	13001	5.0	8	0.399195	0.299301	0.241818	0.022797	0.036889	14674	11002	8889	838	1356	36759	500	500	500	500	true	367.5
3001	13001	5.0	10	0.391635	0.304632	0.244098	0.022384	0.037252	14382	11187	8964	822	1368	36723	500	500	500	500	true	367.5
3001	13001	5.0	13	0.380356	0.310573	0.249413	0.021205	0.038453	13937	11380	9139	777	1409	36642	500	500	500	500	true	367.5
3001	13001	5.0	16	0.367453	0.316082	0.256692	0.019979	0.039794	13426	11549	9379	730	1454	36538	500	500	500	500	true	367.5
3001	13001	5.0	20	0.36086	0.319419	0.259294	0.019592	0.040835	13114	11608	9423	712	1484	36341	500	500	500	500	true	367.5
3001	13001	5.0	25	0.354371	0.322801	0.262221	0.018248	0.042359	12875	11728	9527	663	1539	36332	500	500	500	500	true	367.5
3001	13001	5.0	32	0.346898	0.325928	0.266731	0.016704	0.04374	12523	11766	9629	603	1579	36100	500	500	500	500	true	367.5
3001	13001	5.0	40	0.341435	0.330559	0.267577	0.015537	0.044892	12306	11914	9644	560	1618	36042	500	500	500	500	true	367.5
3001	13001	5.0	50	0.330739	0.337076	0.27204	0.013619	0.046526	11900	12128	9788	490	1674	35980	500	500	500	500	true	367.5
3001	13001	5.0	64	0.320636	0.342829	0.275889	0.013059	0.047587	11515	12312	9908	469	1709	35913	500	500	500	500	true	367.5
3001	13001	5.0	80	0.310564	0.347081	0.281512	0.012331	0.048512	11107	12413	10068	441	1735	35764	500	500	500	500	true	367.5
3001	13001	5.0	100	0.298645	0.354531	0.286496	0.010529	0.049798	10693	12694	10258	377	1783	35805	500	500	500	500	true	367.5
3001	13001	5.0	128	0.28813	0.359624	0.291707	0.010313	0.050225	10309	12867	10437	369	1797	35779	500	500	500	500	true	367.5
3001	13001	5.0	160	0.276696	0.365363	0.297505	0.009522	0.050914	9880	13046	10623	340	1818	35707	500	500	500	500	true	367.5
3001	13001	5.0	200	0.266529	0.371067	0.301878	0.008439	0.052087	9538	13279	10803	302	1864	35786	500	500	500	500	true	367.5
3001	13001	5.0	256	0.259123	0.374849	0.305531	0.007674	0.052822	9252	13384	10909	274	1886	35705	500	500	500	500	true	367.5
3001	13001	5.0	320	0.245328	0.382427	0.311766	0.006714	0.053765	8770	13671	11145	240	1922	35748	500	500	500	500	true	367.5
3001	13001	5.0	400	0.239373	0.385245	0.315027	0.006473	0.053882	8543	13749	11243	231	1923	35689	500	500	500	500	true	367.5
3001	13001	5.0	500	0.230059	0.388577	0.320685	0.006988	0.053691	8197	13845	11426	249	1913	35630	500	500	500	500	true	367.5
3001	13001	5.0	640	0.222057	0.393651	0.324105	0.006136	0.05405	7925	14049	11567	219	1929	35689	500	500	500	500	true	367.5
3001	13001	5.0	800	0.211509	0.399642	0.328337	0.005145	0.055366	7564	14292	11742	184	1980	35762	500	500	500	500	true	367.5
3001	13001	5.0	1000	0.203414	0.402623	0.333707	0.004428	0.055828	7258	14366	11907	158	1992	35681	500	500	500	500	true	367.5
3001	13001	5.0	1280	0.191611	0.410635	0.33744	0.003668	0.056646	6843	14665	12051	131	2023	35713	500	500	500	500	true	367.5
3001	13001	5.0	1600	0.183673	0.414387	0.340996	0.002579	0.058365	6552	14782	12164	92	2082	35672	500	500	500	500	true	367.5
3001	13001	5.0	2000	0.17246	0.418884	0.347731	0.001827	0.059098	6137	14906	12374	65	2103	35585	500	500	500	500	true	367.5
3001	13001	5.0	2560	0.16444	0.425079	0.349961	0.0	0.060521	5858	15143	12467	0	2156	35624	500	500	500	500	true	367.5
3001	13001	5.0	3200	0.156339	0.428896	0.35381	0.0	0.060954	5576	15297	12619	0	2174	35666	500	500	500	500	true	367.5
3001	13001	5.0	4000	0.147692	0.432929	0.358492	0.0	0.060887	5254	15401	12753	0	2166	35574	500	500	500	500	true	367.5
3001	13001	5.0	5000	0.139578	0.436547	0.363133	0.0	0.060742	4968	15538	12925	0	2162	35593	500	500	500	500	true	367.5
3001	13001	5.0	6400	0.132297	0.441064	0.365626	0.0	0.061013	4714	15716	13028	0	2174	35632	500	500	500	500	true	367.5
3001	13001	5.0	8000	0.13017	0.44251	0.366278	0.0	0.061042	4636	15760	13045	0	2174	35615	500	500	500	500	true	367.5
3001	13001	5.0	10000	0.125604	0.444357	0.369062	0.0	0.060977	4474	15828	13146	0	2172	35620	500	500	500	500	true	367.5
3002	13002	5.0	1	0.436961	0.277886	0.225557	0.027059	0.032536	16116	10249	8319	998	1200	36882	500	500	500	500	true	366.5
3002	13002	5.0	2	0.427732	0.284143	0.228479	0.02576	0.033886	15791	10490	8435	951	1251	36918	500	500	500	500	true	366.5
3002	13002	5.0	3	0.42091	0.288025	0.231517	0.025133	0.034415	15508	10612	8530	926	1268	36844	500	500	500	500	true	366.5
3002	13002	5.0	4	0.413541	0.29225	0.23442	0.024835	0.034954	15203	10744	8618	913	1285	36763	500	500	500	500	true	366.5
3002	13002	5.0	5	0.410166	0.293761	0.236184	0.023907	0.035982	15081	10801	8684	879	1323	36768	500	500	500	500	true	366.5
3002	13002	5.0	6	0.408376	0.294778	0.237107	0.023471	0.036269	14998	10826	8708	862	1332	36726	500	500	500	500	true	366.5
3002	13002	5.0	8	0.401551	0.298064	0.240477	0.02239	0.037517	14706	10916	8807	820	1374	36623	500	500	500	500	true	366.5
3002	13002	5.0	10	0.394848	0.302153	0.242803	0.021557	0.038639	14470	11073	8898	790	1416	36647	500	500	500	500	true	366.5
3002	13002	5.0	13	0.387482	0.307053	0.245445	0.020627	0.039394	14164	11224	8972	754	1440	36554	500	500	500	500	true	366.5
3002	13002	5.0	16	0.382391	0.309586	0.247992	0.020339	0.039692	13950	11294	9047	742	1448	36481	500	500	500	500	true	366.5
3002	13002	5.0	20	0.378623	0.311542	0.249608	0.019571	0.040656	13755	11318	9068	711	1477	36329	500	500	500	500	true	366.5
3002	13002	5.0	25	0.371045	0.315788	0.252697	0.019476	0.040994	13450	11447	9160	706	1486	36249	500	500	500	500	true	366.5
3002	13002	5.0	32	0.36324	0.320259	0.255897	0.018286	0.042318	13150	11594	9264	662	1532	36202	500	500	500	500	true	366.5
3002	13002	5.0	40	0.351239	0.325657	0.26284	0.017785	0.042479	12659	11737	9473	641	1531	36041	500	500	500	500	true	366.5
3002	13002	5.0	50	0.341723	0.330042	0.26805	0.017772	0.042413	12287	11867	9638	639	1525	35956	500	500	500	500	true	366.5
3002	13002	5.0	64	0.334096	0.334319	0.270469	0.01546	0.045655	11972	11980	9692	554	1636	35834	500	500	500	500	true	366.5
3002	13002	5.0	80	0.324394	0.339894	0.275216	0.01433	0.046167	11636	12192	9872	514	1656	35870	500	500	500	500	true	366.5
3002	13002	5.0	100	0.307836	0.349252	0.2822	0.012595	0.048118	11023	12506	10105	451	1723	35808	500	500	500	500	true	366.5
3002	13002	5.0	128	0.296795	0.354411	0.288217	0.011121	0.049457	10622	12684	10315	398	1770	35789	500	500	500	500	true	366.5
3002	13002	5.0	160	0.284484	0.36265	0.292256	0.008946	0.051663	10176	12972	10454	320	1848	35770	500	500	500	500	true	366.5
3002	13002	5.0	200	0.270763	0.369273	0.29908	0.006709	0.054175	9686	13210	10699	240	1938	35773	500	500	500	500	true	366.5
3002	13002	5.0	256	0.25787	0.375326	0.305581	0.005635	0.055588	9199	13389	10901	201	1983	35673	500	500	500	500	true	366.5
3002	13002	5.0	320	0.251373	0.379778	0.307701	0.004428	0.05672	8970	13552	10980	158	2024	35684	500	500	500	500	true	366.5
3002	13002	5.0	400	0.245716	0.382308	0.311268	0.0035	0.057208	8775	13653	11116	125	2043	35712	500	500	500	500	true	366.5
3002	13002	5.0	500	0.233117	0.389713	0.316469	0.002464	0.058237	8326	13919	11303	88	2080	35716	500	500	500	500	true	366.5
3002	13002	5.0	640	0.219934	0.395617	0.32412	0.002974	0.057355	7838	14099	11551	106	2044	35638	500	500	500	500	true	366.5
3002	13002	5.0	800	0.209785	0.400768	0.328869	0.002942	0.057637	7487	14303	11737	105	2057	35689	500	500	500	500	true	366.5
3002	13002	5.0	1000	0.19771	0.407711	0.333819	0.002828	0.057932	7061	14561	11922	101	2069	35714	500	500	500	500	true	366.5
3002	13002	5.0	1280	0.192975	0.408956	0.337804	0.002862	0.057404	6878	14576	12040	102	2046	35642	500	500	500	500	true	366.5
3002	13002	5.0	1600	0.186385	0.413122	0.339657	0.002694	0.058143	6642	14722	12104	96	2072	35636	500	500	500	500	true	366.5
3002	13002	5.0	2000	0.180991	0.415483	0.342896	0.002975	0.057655	6448	14802	12216	106	2054	35626	500	500	500	500	true	366.5
3002	13002	5.0	2560	0.171431	0.420111	0.347636	0.003117	0.057705	6105	14961	12380	111	2055	35612	500	500	500	500	true	366.5
3002	13002	5.0	3200	0.162896	0.425099	0.351726	0.003028	0.057252	5810	15162	12545	108	2042	35667	500	500	500	500	true	366.5
3002	13002	5.0	4000	0.159584	0.426345	0.353068	0.002191	0.058812	5682	15180	12571	78	2094	35605	500	500	500	500	true	366.5
3002	13002	5.0	5000	0.1567	0.427857	0.354717	0.002331	0.058394	5579	15233	12629	83	2079	35603	500	500	500	500	true	366.5
3002	13002	5.0	6400	0.154539	0.430162	0.354729	0.001486	0.059084	5511	15340	12650	53	2107	35661	500	500	500	500	true	366.5
3002	13002	5.0	8000	0.15411	0.428808	0.35645	0.000731	0.0599	5480	15248	12675	26	2130	35559	500	500	500	500	true	366.5
3002	13002	5.0	10000	0.148877	0.431459	0.358864	0.000366	0.060435	5289	15328	12749	13	2147	35526	500	500	500	500	true	366.5
3003	13003	5.0	1	0.435218	0.278081	0.227207	0.028605	0.030889	16006	10227	8356	1052	1136	36777	500	500	500	500	true	377.2
3003	13003	5.0	2	0.42667	0.283684	0.22998	0.026866	0.0328	15675	10422	8449	987	1205	36738	500	500	500	500	true	377.2
3003	13003	5.0	3	0.416962	0.289545	0.233978	0.025565	0.03395	15315	10635	8594	939	1247	36730	500	500	500	500	true	377.2
3003	13003	5.0	4	0.412835	0.291687	0.235586	0.02561	0.034282	15137	10695	8638	939	1257	36666	500	500	500	500	true	377.2
3003	13003	5.0	5	0.409323	0.294724	0.236184	0.024999	0.03477	14998	10799	8654	916	1274	36641	500	500	500	500	true	377.2
3003	13003	5.0	6	0.40228	0.297794	0.239892	0.024249	0.035786	14715	10893	8775	887	1309	36579	500	500	500	500	true	377.2
3003	13003	5.0	8	0.39377	0.300976	0.244982	0.024131	0.036141	14360	10976	8934	880	1318	36468	500	500	500	500	true	377.2
3003	13003	5.0	10	0.390317	0.303443	0.245837	0.023783	0.03662	14229	11062	8962	867	1335	36455	500	500	500	500	true	377.2
3003	13003	5.0	13	0.383038	0.306248	0.250517	0.02329	0.036906	13897	11111	9089	845	1339	36281	500	500	500	500	true	377.2
3003	13003	5.0	16	0.375048	0.311388	0.253237	0.022506	0.037822	13615	11304	9193	817	1373	36302	500	500	500	500	true	377.2
3003	13003	5.0	20	0.367687	0.314817	0.256837	0.021905	0.038755	13311	11397	9298	793	1403	36202	500	500	500	500	true	377.2
3003	13003	5.0	25	0.358968	0.318993	0.261634	0.020956	0.039449	12967	11523	9451	757	1425	36123	500	500	500	500	true	377.2
3003	13003	5.0	32	0.3498	0.324045	0.265819	0.020426	0.039909	12604	11676	9578	736	1438	36032	500	500	500	500	true	377.2
3003	13003	5.0	40	0.337889	0.331306	0.270806	0.019444	0.040556	12164	11927	9749	700	1460	36000	500	500	500	500	true	377.2
3003	13003	5.0	50	0.325541	0.338951	0.275481	0.018797	0.041231	11725	12208	9922	677	1485	36017	500	500	500	500	true	377.2
3003	13003	5.0	64	0.315384	0.342294	0.28197	0.018033	0.042319	11298	12262	10101	646	1516	35823	500	500	500	500	true	377.2
3003	13003	5.0	80	0.305774	0.34682	0.286927	0.016837	0.043642	10951	12421	10276	603	1563	35814	500	500	500	500	true	377.2
3003	13003	5.0	100	0.292389	0.352938	0.293928	0.016992	0.043753	10445	12608	10500	607	1563	35723	500	500	500	500	true	377.2
3003	13003	5.0	128	0.279582	0.360601	0.298962	0.01485	0.046005	9997	12894	10690	531	1645	35757	500	500	500	500	true	377.2
3003	13003	5.0	160	0.266224	0.367575	0.305341	0.012525	0.048336	9501	13118	10897	447	1725	35688	500	500	500	500	true	377.2
3003	13003	5.0	200	0.256974	0.374013	0.308274	0.009692	0.051046	9147	13313	10973	345	1817	35595	500	500	500	500	true	377.2
3003	13003	5.0	256	0.23882	0.384431	0.316025	0.007095	0.05363	8550	13763	11314	254	1920	35801	500	500	500	500	true	377.2
3003	13003	5.0	320	0.231236	0.389347	0.31916	0.006098	0.054158	8266	13918	11409	218	1936	35747	500	500	500	500	true	377.2
3003	13003	5.0	400	0.224496	0.393702	0.321293	0.003901	0.056608	7999	14028	11448	139	2017	35631	500	500	500	500	true	377.2
3003	13003	5.0	500	0.206083	0.402018	0.331409	0.003139	0.057351	7352	14342	11823	112	2046	35675	500	500	500	500	true	377.2
3003	13003	5.0	640	0.199495	0.406787	0.332857	0.001879	0.058982	7113	14504	11868	67	2103	35655	500	500	500	500	true	377.2
3003	13003	5.0	800	0.188224	0.411248	0.34019	0.00261	0.057727	6707	14654	12122	93	2057	35633	500	500	500	500	true	377.2
3003	13003	5.0	1000	0.182522	0.413691	0.343078	0.002413	0.058297	6506	14746	12229	86	2078	35645	500	500	500	500	true	377.2
3003	13003	5.0	1280	0.173699	0.41826	0.347567	0.002892	0.057582	6187	14898	12380	103	2051	35619	500	500	500	500	true	377.2
3003	13003	5.0	1600	0.164585	0.42349	0.351234	0.002274	0.058417	5863	15086	12512	81	2081	35623	500	500	500	500	true	377.2
3003	13003	5.0	2000	0.15686	0.427759	0.35472	0.001708	0.058952	5601	15274	12666	61	2105	35707	500	500	500	500	true	377.2
3003	13003	5.0	2560	0.148781	0.43107	0.359614	0.001993	0.058541	5299	15353	12808	71	2085	35616	500	500	500	500	true	377.2
3003	13003	5.0	3200	0.140146	0.435031	0.364143	0.001125	0.059556	4984	15471	12950	40	2118	35563	500	500	500	500	true	377.2
3003	13003	5.0	4000	0.132745	0.440768	0.365934	0.0	0.060553	4722	15679	13017	0	2154	35572	500	500	500	500	true	377.2
3003	13003	5.0	5000	0.126315	0.443731	0.369687	0.0	0.060268	4502	15815	13176	0	2148	35641	500	500	500	500	true	377.2
3003	13003	5.0	6400	0.117161	0.448219	0.374045	0.0	0.060575	4170	15953	13313	0	2156	35592	500	500	500	500	true	377.2
3003	13003	5.0	8000	0.115055	0.449007	0.374898	0.0	0.06104	4094	15977	13340	0	2172	35583	500	500	500	500	true	377.2
3003	13003	5.0	10000	0.114933	0.448941	0.375316	0.0	0.06081	4090	15976	13356	0	2164	35586	500	500	500	500	true	377.2
3004	13004	5.0	1	0.446221	0.271195	0.223232	0.029622	0.02973	16495	10025	8252	1095	1099	36966	500	500	500	500	true	378.7
3004	13004	5.0	2	0.439091	0.278009	0.223612	0.027698	0.031589	16249	10288	8275	1025	1169	37006	500	500	500	500	true	378.7
3004	13004	5.0	3	0.432304	0.280992	0.227035	0.027398	0.032271	15968	10379	8386	1012	1192	36937	500	500	500	500	true	378.7
3004	13004	5.0	4	0.422894	0.286766	0.230561	0.026153	0.033626	15620	10592	8516	966	1242	36936	500	500	500	500	true	378.7
3004	13004	5.0	5	0.417964	0.290138	0.231964	0.026204	0.033729	15440	10718	8569	968	1246	36941	500	500	500	500	true	378.7
3004	13004	5.0	6	0.412549	0.292967	0.234693	0.026264	0.033528	15221	10809	8659	969	1237	36895	500	500	500	500	true	378.7
3004	13004	5.0	8	0.406391	0.29486	0.238537	0.026244	0.033968	14943	10842	8771	965	1249	36770	500	500	500	500	true	378.7
3004	13004	5.0	10	0.399531	0.298422	0.241506	0.024412	0.036128	14664	10953	8864	896	1326	36703	500	500	500	500	true	378.7
3004	13004	5.0	13	0.39438	0.302237	0.243193	0.023295	0.036895	14441	11067	8905	853	1351	36617	500	500	500	500	true	378.7
3004	13004	5.0	16	0.388171	0.305668	0.245427	0.021796	0.038938	14176	11163	8963	796	1422	36520	500	500	500	500	true	378.7
3004	13004	5.0	20	0.378897	0.309879	0.251125	0.021323	0.038776	13807	11292	9151	777	1413	36440	500	500	500	500	true	378.7
3004	13004	5.0	25	0.369051	0.314057	0.256503	0.021524	0.038865	13408	11410	9319	782	1412	36331	500	500	500	500	true	378.7
3004	13004	5.0	32	0.358097	0.320469	0.261131	0.020938	0.039366	12981	11617	9466	759	1427	36250	500	500	500	500	true	378.7
3004	13004	5.0	40	0.346694	0.326764	0.266089	0.020013	0.040441	12525	11805	9613	723	1461	36127	500	500	500	500	true	378.7
3004	13004	5.0	50	0.336947	0.331081	0.271421	0.019349	0.041201	12120	11909	9763	696	1482	35970	500	500	500	500	true	378.7
3004	13004	5.0	64	0.321914	0.339308	0.278276	0.01745	0.043054	11567	12192	9999	627	1547	35932	500	500	500	500	true	378.7
3004	13004	5.0	80	0.314875	0.344027	0.280505	0.016543	0.04405	11287	12332	10055	593	1579	35846	500	500	500	500	true	378.7
3004	13004	5.0	100	0.301643	0.348969	0.288993	0.01612	0.044275	10778	12469	10326	576	1582	35731	500	500	500	500	true	378.7
3004	13004	5.0	128	0.285144	0.358196	0.296509	0.014772	0.045378	10211	12827	10618	529	1625	35810	500	500	500	500	true	378.7
3004	13004	5.0	160	0.273188	0.363784	0.302594	0.014941	0.045494	9764	13002	10815	534	1626	35741	500	500	500	500	true	378.7
3004	13004	5.0	200	0.256726	0.371441	0.311404	0.013999	0.04643	9151	13240	11100	499	1655	35645	500	500	500	500	true	378.7
3004	13004	5.0	256	0.24164	0.380187	0.317896	0.012453	0.047824	8635	13586	11360	445	1709	35735	500	500	500	500	true	378.7
3004	13004	5.0	320	0.226941	0.38895	0.324017	0.010631	0.049461	8112	13903	11582	380	1768	35745	500	500	500	500	true	378.7
3004	13004	5.0	400	0.21469	0.394978	0.33032	0.010972	0.04904	7670	14111	11801	392	1752	35726	500	500	500	500	true	378.7
3004	13004	5.0	500	0.207673	0.398824	0.333688	0.009521	0.050294	7416	14242	11916	340	1796	35710	500	500	500	500	true	378.7
3004	13004	5.0	640	0.201087	0.40335	0.335565	0.008151	0.051847	7179	14400	11980	291	1851	35701	500	500	500	500	true	378.7
3004	13004	5.0	800	0.194282	0.406261	0.339363	0.007673	0.052421	6938	14508	12119	274	1872	35711	500	500	500	500	true	378.7
3004	13004	5.0	1000	0.191272	0.407481	0.340813	0.007779	0.052655	6811	14510	12136	277	1875	35609	500	500	500	500	true	378.7
3004	13004	5.0	1280	0.186021	0.411545	0.341987	0.007093	0.053353	6635	14679	12198	253	1903	35668	500	500	500	500	true	378.7
3004	13004	5.0	1600	0.184562	0.41159	0.343319	0.005946	0.054583	6580	14674	12240	212	1946	35652	500	500	500	500	true	378.7
3004	13004	5.0	2000	0.175591	0.417273	0.346533	0.003977	0.056626	6270	14900	12374	142	2022	35708	500	500	500	500	true	378.7
3004	13004	5.0	2560	0.168676	0.420933	0.349605	0.003028	0.057758	6016	15013	12469	108	2060	35666	500	500	500	500	true	378.7
3004	13004	5.0	3200	0.159028	0.425892	0.354254	0.002275	0.058551	5663	15166	12615	81	2085	35610	500	500	500	500	true	378.7
3004	13004	5.0	4000	0.149867	0.431456	0.357843	0.000843	0.059992	5336	15362	12741	30	2136	35605	500	500	500	500	true	378.7
3004	13004	5.0	5000	0.140351	0.437141	0.361958	0.000504	0.060046	5016	15623	12936	18	2146	35739	500	500	500	500	true	378.7
3004	13004	5.0	6400	0.13663	0.437845	0.364664	0.0	0.060862	4858	15568	12966	0	2164	35556	500	500	500	500	true	378.7
3004	13004	5.0	8000	0.127521	0.443374	0.368266	0.0	0.060839	4540	15785	13111	0	2166	35602	500	500	500	500	true	378.7
3004	13004	5.0	10000	0.116631	0.448571	0.373762	0.0	0.061036	4158	15992	13325	0	2176	35651	500	500	500	500	true	378.7
3005	13005	5.0	1	0.428556	0.28241	0.229468	0.023973	0.035593	15785	10402	8452	883	1311	36833	500	500	500	500	true	369.1
3005	13005	5.0	2	0.419324	0.288966	0.232058	0.023171	0.036481	15437	10638	8543	853	1343	36814	500	500	500	500	true	369.1
3005	13005	5.0	3	0.412741	0.29295	0.23436	0.022359	0.037591	15174	10770	8616	822	1382	36764	500	500	500	500	true	369.1
3005	13005	5.0	4	0.408635	0.295478	0.236012	0.021656	0.038218	15001	10847	8664	795	1403	36710	500	500	500	500	true	369.1
3005	13005	5.0	5	0.403887	0.298357	0.237742	0.022049	0.037966	14819	10947	8723	809	1393	36691	500	500	500	500	true	369.1
3005	13005	5.0	6	0.401403	0.298545	0.239664	0.021152	0.039236	14650	10896	8747	772	1432	36497	500	500	500	500	true	369.1
3005	13005	5.0	8	0.392319	0.303909	0.243444	0.021377	0.03895	14333	11103	8894	781	1423	36534	500	500	500	500	true	369.1
3005	13005	5.0	10	0.385082	0.307967	0.246555	0.021001	0.039395	14027	11218	8981	765	1435	36426	500	500	500	500	true	369.1
3005	13005	5.0	13	0.377909	0.310922	0.251106	0.021212	0.038851	13754	11316	9139	772	1414	36395	500	500	500	500	true	369.1
3005	13005	5.0	16	0.36878	0.315335	0.255701	0.020822	0.039362	13407	11464	9296	757	1431	36355	500	500	500	500	true	369.1
3005	13005	5.0	20	0.36246	0.319183	0.258231	0.020317	0.039808	13166	11594	9380	738	1446	36324	500	500	500	500	true	369.1
3005	13005	5.0	25	0.354196	0.323026	0.262373	0.020448	0.039957	12818	11690	9495	740	1446	36189	500	500	500	500	true	369.1
3005	13005	5.0	32	0.342333	0.329208	0.267929	0.019632	0.040898	12363	11889	9676	709	1477	36114	500	500	500	500	true	369.1
3005	13005	5.0	40	0.336042	0.331311	0.271751	0.018258	0.042638	12074	11904	9764	656	1532	35930	500	500	500	500	true	369.1
3005	13005	5.0	50	0.324053	0.338002	0.277362	0.017624	0.04296	11639	12140	9962	633	1543	35917	500	500	500	500	true	369.1
3005	13005	5.0	64	0.312002	0.343817	0.283512	0.016424	0.044245	11170	12309	10150	588	1584	35801	500	500	500	500	true	369.1
3005	13005	5.0	80	0.299375	0.351665	0.288834	0.015645	0.044481	10735	12610	10357	561	1595	35858	500	500	500	500	true	369.1
3005	13005	5.0	100	0.289099	0.356917	0.293682	0.016039	0.044262	10346	12773	10510	574	1584	35787	500	500	500	500	true	369.1
3005	13005	5.0	128	0.282319	0.359735	0.297501	0.015209	0.045236	10098	12867	10641	544	1618	35768	500	500	500	500	true	369.1
3005	13005	5.0	160	0.271554	0.364532	0.303033	0.013214	0.047667	9679	12993	10801	471	1699	35643	500	500	500	500	true	369.1
3005	13005	5.0	200	0.258883	0.371581	0.308843	0.012133	0.04856	9239	13261	11022	433	1733	35688	500	500	500	500	true	369.1
3005	13005	5.0	256	0.250553	0.376739	0.312316	0.010662	0.04973	8953	13462	11160	381	1777	35733	500	500	500	500	true	369.1
3005	13005	5.0	320	0.236145	0.385458	0.317988	0.009695	0.050714	8428	13757	11349	346	1810	35690	500	500	500	500	true	369.1
3005	13005	5.0	400	0.225648	0.390579	0.323111	0.009494	0.051168	8057	13946	11537	339	1827	35706	500	500	500	500	true	369.1
3005	13005	5.0	500	0.222496	0.391808	0.325193	0.008131	0.052372	7936	13975	11599	290	1868	35668	500	500	500	500	true	369.1
3005	13005	5.0	640	0.21061	0.398588	0.330635	0.007647	0.05252	7519	14230	11804	273	1875	35701	500	500	500	500	true	369.1
3005	13005	5.0	800	0.201793	0.403082	0.334725	0.006808	0.053593	7203	14388	11948	243	1913	35695	500	500	500	500	true	369.1
3005	13005	5.0	1000	0.195645	0.406302	0.337617	0.005696	0.05474	6973	14481	12033	203	1951	35641	500	500	500	500	true	369.1
3005	13005	5.0	1280	0.190401	0.410865	0.338722	0.004315	0.055697	6796	14665	12090	154	1988	35693	500	500	500	500	true	369.1
3005	13005	5.0	1600	0.186048	0.412364	0.341481	0.003648	0.05646	6630	14695	12169	130	2012	35636	500	500	500	500	true	369.1
3005	13005	5.0	2000	0.174901	0.417958	0.347	0.003391	0.05675	6241	14914	12382	121	2025	35683	500	500	500	500	true	369.1
3005	13005	5.0	2560	0.158522	0.425603	0.355483	0.00314	0.057252	5654	15180	12679	112	2042	35667	500	500	500	500	true	369.1
3005	13005	5.0	3200	0.153745	0.429554	0.356147	0.00261	0.057945	5479	15308	12692	93	2065	35637	500	500	500	500	true	369.1
3005	13005	5.0	4000	0.151918	0.429146	0.358067	0.002278	0.05859	5401	15257	12730	81	2083	35552	500	500	500	500	true	369.1
3005	13005	5.0	5000	0.149625	0.431043	0.358561	0.001123	0.059648	5328	15349	12768	40	2124	35609	500	500	500	500	true	369.1
3005	13005	5.0	6400	0.142354	0.434439	0.362628	0.000873	0.059706	5057	15433	12882	31	2121	35524	500	500	500	500	true	369.1
3005	13005	5.0	8000	0.142535	0.434871	0.362167	0.000451	0.059976	5062	15444	12862	16	2130	35514	500	500	500	500	true	369.1
3005	13005	5.0	10000	0.142098	0.435631	0.361798	0.0	0.060473	5052	15488	12863	0	2150	35553	500	500	500	500	true	369.1
3006	13006	5.0	1	0.435888	0.276207	0.228571	0.03249	0.026844	16059	10176	8421	1197	989	36842	500	500	500	500	true	373.8
3006	13006	5.0	2	0.42681	0.281057	0.232699	0.032656	0.026778	15684	10328	8551	1200	984	36747	500	500	500	500	true	373.8
3006	13006	5.0	3	0.4207	0.285567	0.234388	0.030979	0.028366	15454	10490	8610	1138	1042	36734	500	500	500	500	true	373.8
3006	13006	5.0	4	0.413369	0.289913	0.237439	0.030374	0.028904	15188	10652	8724	1116	1062	36742	500	500	500	500	true	373.8
3006	13006	5.0	5	0.404526	0.294342	0.241418	0.030157	0.029557	14836	10795	8854	1106	1084	36675	500	500	500	500	true	373.8
3006	13006	5.0	6	0.400279	0.295669	0.244471	0.029791	0.029791	14659	10828	8953	1091	1091	36622	500	500	500	500	true	373.8
3006	13006	5.0	8	0.393269	0.300287	0.246792	0.02906	0.030592	14372	10974	9019	1062	1118	36545	500	500	500	500	true	373.8
3006	13006	5.0	10	0.384103	0.303934	0.252069	0.028741	0.031152	14019	11093	9200	1049	1137	36498	500	500	500	500	true	373.8
3006	13006	5.0	13	0.375915	0.308587	0.255547	0.027836	0.032115	13707	11252	9318	1015	1171	36463	500	500	500	500	true	373.8
3006	13006	5.0	16	0.370694	0.313075	0.256554	0.026902	0.032776	13504	11405	9346	980	1194	36429	500	500	500	500	true	373.8
3006	13006	5.0	20	0.365543	0.314083	0.260223	0.026544	0.033607	13248	11383	9431	962	1218	36242	500	500	500	500	true	373.8
3006	13006	5.0	25	0.357794	0.318187	0.263986	0.025014	0.035019	12945	11512	9551	905	1267	36180	500	500	500	500	true	373.8
3006	13006	5.0	32	0.345048	0.325539	0.269474	0.023107	0.036832	12469	11764	9738	835	1331	36137	500	500	500	500	true	373.8
3006	13006	5.0	40	0.335681	0.330523	0.27362	0.022712	0.037464	12105	11919	9867	819	1351	36061	500	500	500	500	true	373.8
3006	13006	5.0	50	0.324536	0.336884	0.277955	0.021358	0.039267	11670	12114	9995	768	1412	35959	500	500	500	500	true	373.8
3006	13006	5.0	64	0.31469	0.341093	0.283882	0.020158	0.040176	11287	12234	10182	723	1441	35867	500	500	500	500	true	373.8
3006	13006	5.0	80	0.305444	0.34619	0.287957	0.018574	0.041834	10952	12413	10325	666	1500	35856	500	500	500	500	true	373.8
3006	13006	5.0	100	0.294323	0.352546	0.292845	0.017484	0.042803	10555	12643	10502	627	1535	35862	500	500	500	500	true	373.8
3006	13006	5.0	128	0.282586	0.358637	0.298562	0.016087	0.044128	10118	12841	10690	576	1580	35805	500	500	500	500	true	373.8
3006	13006	5.0	160	0.270028	0.367469	0.30223	0.013589	0.046684	9677	13169	10831	487	1673	35837	500	500	500	500	true	373.8
3006	13006	5.0	200	0.258976	0.372401	0.308342	0.012873	0.047407	9254	13307	11018	460	1694	35733	500	500	500	500	true	373.8
3006	13006	5.0	256	0.25007	0.37747	0.312217	0.010722	0.049521	8933	13484	11153	383	1769	35722	500	500	500	500	true	373.8
3006	13006	5.0	320	0.243493	0.380495	0.31572	0.010618	0.049674	8691	13581	11269	379	1773	35693	500	500	500	500	true	373.8
3006	13006	5.0	400	0.232637	0.387495	0.319305	0.009113	0.051451	8297	13820	11388	325	1835	35665	500	500	500	500	true	373.8
3006	13006	5.0	500	0.229374	0.388579	0.321438	0.008859	0.051751	8182	13861	11466	316	1846	35671	500	500	500	500	true	373.8
3006	13006	5.0	640	0.21436	0.396581	0.328262	0.006933	0.053864	7637	14129	11695	247	1919	35627	500	500	500	500	true	373.8
3006	13006	5.0	800	0.205663	0.401308	0.332529	0.00564	0.05486	7329	14301	11850	201	1955	35636	500	500	500	500	true	373.8
3006	13006	5.0	1000	0.192366	0.408704	0.338384	0.005853	0.054694	6869	14594	12083	209	1953	35708	500	500	500	500	true	373.8
3006	13006	5.0	1280	0.176819	0.416398	0.346629	0.004093	0.056062	6308	14855	12366	146	2000	35675	500	500	500	500	true	373.8
3006	13006	5.0	1600	0.16726	0.4225	0.349755	0.002637	0.057848	5962	15060	12467	94	2062	35645	500	500	500	500	true	373.8
3006	13006	5.0	2000	0.159268	0.427339	0.353068	0.002212	0.058112	5687	15259	12607	79	2075	35707	500	500	500	500	true	373.8
3006	13006	5.0	2560	0.150189	0.431261	0.358327	0.001122	0.059099	5352	15368	12769	40	2106	35635	500	500	500	500	true	373.8
3006	13006	5.0	3200	0.141704	0.436183	0.361687	0.0	0.060426	5056	15563	12905	0	2156	35680	500	500	500	500	true	373.8
3006	13006	5.0	4000	0.137733	0.437618	0.364447	0.0	0.060202	4896	15556	12955	0	2140	35547	500	500	500	500	true	373.8
3006	13006	5.0	5000	0.128323	0.441881	0.369428	0.0	0.060368	4566	15723	13145	0	2148	35582	500	500	500	500	true	373.8
3006	13006	5.0	6400	0.12312	0.444722	0.371553	0.0	0.060604	4380	15821	13218	0	2156	35575	500	500	500	500	true	373.8
3006	13006	5.0	8000	0.118564	0.449075	0.372182	0.0	0.060179	4228	16014	13272	0	2146	35660	500	500	500	500	true	373.8
3006	13006	5.0	10000	0.11442	0.449829	0.375007	0.0	0.060744	4080	16040	13372	0	2166	35658	500	500	500	500	true	373.8
3007	13007	5.0	1	0.456577	0.269299	0.214528	0.024213	0.035384	16839	9932	7912	893	1305	36881	500	500	500	500	true	372.0
3007	13007	5.0	2	0.444996	0.276349	0.219065	0.023038	0.036552	16399	10184	8073	849	1347	36852	500	500	500	500	true	372.0
3007	13007	5.0	3	0.438262	0.280625	0.221534	0.022675	0.036904	16139	10334	8158	835	1359	36825	500	500	500	500	true	372.0
3007	13007	5.0	4	0.43084	0.284811	0.224743	0.022121	0.037484	15873	10493	8280	815	1381	36842	500	500	500	500	true	372.0
3007	13007	5.0	5	0.426373	0.286406	0.227286	0.021565	0.038371	15679	10532	8358	793	1411	36773	500	500	500	500	true	372.0
3007	13007	5.0	6	0.423206	0.289009	0.227949	0.02078	0.039057	15560	10626	8381	764	1436	36767	500	500	500	500	true	372.0
3007	13007	5.0	8	0.41378	0.294375	0.231544	0.02079	0.039511	15206	10818	8509	764	1452	36749	500	500	500	500	true	372.0
3007	13007	5.0	10	0.40456	0.297502	0.237379	0.020341	0.040218	14817	10896	8694	745	1473	36625	500	500	500	500	true	372.0
3007	13007	5.0	13	0.398357	0.30078	0.240465	0.019767	0.04063	14550	10986	8783	722	1484	36525	500	500	500	500	true	372.0
3007	13007	5.0	16	0.39532	0.303299	0.240601	0.018634	0.042146	14426	11068	8780	680	1538	36492	500	500	500	500	true	372.0
3007	13007	5.0	20	0.385976	0.307646	0.245235	0.018729	0.042415	14014	11170	8904	680	1540	36308	500	500	500	500	true	372.0
3007	13007	5.0	25	0.375579	0.313727	0.249752	0.018476	0.042466	13620	11377	9057	670	1540	36264	500	500	500	500	true	372.0
3007	13007	5.0	32	0.363905	0.319926	0.255228	0.016768	0.044172	13173	11581	9239	607	1599	36199	500	500	500	500	true	372.0
3007	13007	5.0	40	0.352837	0.325175	0.261288	0.016076	0.044624	12730	11732	9427	580	1610	36079	500	500	500	500	true	372.0
3007	13007	5.0	50	0.341833	0.331622	0.266003	0.014927	0.045615	12320	11952	9587	538	1644	36041	500	500	500	500	true	372.0
3007	13007	5.0	64	0.327961	0.338762	0.272925	0.013947	0.046406	11781	12169	9804	501	1667	35922	500	500	500	500	true	372.0
3007	13007	5.0	80	0.317319	0.342415	0.279633	0.013316	0.047317	11367	12266	10017	477	1695	35822	500	500	500	500	true	372.0
3007	13007	5.0	100	0.302706	0.35159	0.285547	0.013532	0.046624	10849	12601	10234	485	1671	35840	500	500	500	500	true	372.0
3007	13007	5.0	128	0.288413	0.357025	0.294009	0.012676	0.047878	10307	12759	10507	453	1711	35737	500	500	500	500	true	372.0
3007	13007	5.0	160	0.276271	0.363491	0.299661	0.011358	0.049219	9851	12961	10685	405	1755	35657	500	500	500	500	true	372.0
3007	13007	5.0	200	0.266627	0.369769	0.303232	0.010118	0.050254	9513	13193	10819	361	1793	35679	500	500	500	500	true	372.0
3007	13007	5.0	256	0.254907	0.376223	0.308365	0.009031	0.051473	9117	13456	11029	323	1841	35766	500	500	500	500	true	372.0
3007	13007	5.0	320	0.24584	0.381877	0.311872	0.007551	0.05286	8790	13654	11151	270	1890	35755	500	500	500	500	true	372.0
3007	13007	5.0	400	0.238456	0.385487	0.315386	0.006856	0.053814	8521	13775	11270	245	1923	35734	500	500	500	500	true	372.0
3007	13007	5.0	500	0.22316	0.392695	0.323709	0.00698	0.053456	7961	14009	11548	249	1907	35674	500	500	500	500	true	372.0
3007	13007	5.0	640	0.209333	0.400218	0.329816	0.005935	0.054699	7478	14297	11782	212	1954	35723	500	500	500	500	true	372.0
3007	13007	5.0	800	0.198872	0.405543	0.335101	0.005358	0.055125	7089	14456	11945	191	1965	35646	500	500	500	500	true	372.0
3007	13007	5.0	1000	0.183059	0.411856	0.34429	0.005225	0.05557	6516	14660	12255	186	1978	35595	500	500	500	500	true	372.0
3007	13007	5.0	1280	0.172045	0.41812	0.349341	0.004831	0.055663	6126	14888	12439	172	1982	35607	500	500	500	500	true	372.0
3007	13007	5.0	1600	0.158379	0.425013	0.355551	0.003092	0.057965	5634	15119	12648	110	2062	35573	500	500	500	500	true	372.0
3007	13007	5.0	2000	0.148339	0.432889	0.358383	0.001849	0.05854	5296	15455	12795	66	2090	35702	500	500	500	500	true	372.0
3007	13007	5.0	2560	0.139964	0.436245	0.363654	0.001683	0.058454	4990	15553	12965	60	2084	35652	500	500	500	500	true	372.0
3007	13007	5.0	3200	0.132406	0.439079	0.367776	0.001208	0.059531	4713	15629	13091	43	2119	35595	500	500	500	500	true	372.0
3007	13007	5.0	4000	0.130072	0.442249	0.367154	0.0	0.060525	4642	15783	13103	0	2160	35688	500	500	500	500	true	372.0
3007	13007	5.0	5000	0.123696	0.445806	0.369996	0.0	0.060502	4412	15901	13197	0	2158	35668	500	500	500	500	true	372.0
3007	13007	5.0	6400	0.117281	0.448584	0.373587	0.0	0.060548	4180	15988	13315	0	2158	35641	500	500	500	500	true	372.0
3007	13007	5.0	8000	0.115178	0.448643	0.375524	0.0	0.060656	4094	15947	13348	0	2156	35545	500	500	500	500	true	372.0
3007	13007	5.0	10000	0.113468	0.450354	0.375534	0.0	0.060644	4034	16011	13351	0	2156	35552	500	500	500	500	true	372.0
3008	13008	5.0	1	0.439678	0.277037	0.2239	0.026541	0.032843	16185	10198	8242	977	1209	36811	500	500	500	500	true	376.3
3008	13008	5.0	2	0.428959	0.283999	0.227558	0.024798	0.034685	15793	10456	8378	913	1277	36817	500	500	500	500	true	376.3
3008	13008	5.0	3	0.421595	0.287423	0.231628	0.024269	0.035085	15513	10576	8523	893	1291	36796	500	500	500	500	true	376.3
3008	13008	5.0	4	0.414631	0.291648	0.233973	0.023659	0.036088	15212	10700	8584	868	1324	36688	500	500	500	500	true	376.3
3008	13008	5.0	5	0.40974	0.294613	0.235837	0.023423	0.036387	15044	10817	8659	860	1336	36716	500	500	500	500	true	376.3
3008	13008	5.0	6	0.405191	0.296284	0.238525	0.022951	0.037049	14830	10844	8730	840	1356	36600	500	500	500	500	true	376.3
3008	13008	5.0	8	0.398594	0.299458	0.241602	0.022459	0.037887	14571	10947	8832	821	1385	36556	500	500	500	500	true	376.3
3008	13008	5.0	10	0.389932	0.304349	0.245485	0.021896	0.038338	14229	11106	8958	799	1399	36491	500	500	500	500	true	376.3
3008	13008	5.0	13	0.383714	0.307235	0.248934	0.020873	0.039243	13953	11172	9052	759	1427	36363	500	500	500	500	true	376.3
3008	13008	5.0	16	0.377186	0.310179	0.252717	0.020331	0.039586	13673	11244	9161	737	1435	36250	500	500	500	500	true	376.3
3008	13008	5.0	20	0.371259	0.314164	0.25445	0.019317	0.04081	13473	11401	9234	701	1481	36290	500	500	500	500	true	376.3
3008	13008	5.0	25	0.362838	0.319037	0.257809	0.019608	0.040708	13138	11552	9335	710	1474	36209	500	500	500	500	true	376.3
3008	13008	5.0	32	0.355104	0.323265	0.261441	0.018384	0.041806	12826	11676	9443	664	1510	36119	500	500	500	500	true	376.3
3008	13008	5.0	40	0.348364	0.327591	0.263828	0.017533	0.042683	12577	11827	9525	633	1541	36103	500	500	500	500	true	376.3
3008	13008	5.0	50	0.340887	0.32932	0.269365	0.017281	0.043147	12230	11815	9664	620	1548	35877	500	500	500	500	true	376.3
3008	13008	5.0	64	0.324369	0.339124	0.275987	0.016536	0.043984	11652	12182	9914	594	1580	35922	500	500	500	500	true	376.3
3008	13008	5.0	80	0.314631	0.34316	0.281854	0.015368	0.044987	11260	12281	10087	550	1610	35788	500	500	500	500	true	376.3
3008	13008	5.0	100	0.304122	0.349001	0.286517	0.015621	0.044739	10883	12489	10253	559	1601	35785	500	500	500	500	true	376.3
3008	13008	5.0	128	0.295649	0.353603	0.290442	0.013943	0.046363	10560	12630	10374	498	1656	35718	500	500	500	500	true	376.3
3008	13008	5.0	160	0.286603	0.357945	0.294869	0.013787	0.046796	10228	12774	10523	492	1670	35687	500	500	500	500	true	376.3
3008	13008	5.0	200	0.270985	0.366172	0.302518	0.012955	0.04737	9685	13087	10812	463	1693	35740	500	500	500	500	true	376.3
3008	13008	5.0	256	0.253813	0.376857	0.308829	0.009626	0.050874	9070	13467	11036	344	1818	35735	500	500	500	500	true	376.3
3008	13008	5.0	320	0.240491	0.383228	0.315557	0.008627	0.052098	8586	13682	11266	308	1860	35702	500	500	500	500	true	376.3
3008	13008	5.0	400	0.226193	0.391189	0.322009	0.008178	0.052431	8076	13967	11497	292	1872	35704	500	500	500	500	true	376.3
3008	13008	5.0	500	0.220923	0.393633	0.324807	0.005245	0.055392	7877	14035	11581	187	1975	35655	500	500	500	500	true	376.3
3008	13008	5.0	640	0.212476	0.399732	0.326781	0.002936	0.058075	7599	14296	11687	105	2077	35764	500	500	500	500	true	376.3
3008	13008	5.0	800	0.207548	0.403011	0.329043	0.003253	0.057144	7402	14373	11735	116	2038	35664	500	500	500	500	true	376.3
3008	13008	5.0	1000	0.200336	0.406526	0.332586	0.003053	0.057499	7153	14515	11875	109	2053	35705	500	500	500	500	true	376.3
3008	13008	5.0	1280	0.191446	0.410433	0.337596	0.002132	0.058393	6826	14634	12037	76	2082	35655	500	500	500	500	true	376.3
3008	13008	5.0	1600	0.186558	0.41361	0.339442	0.000898	0.059492	6648	14739	12096	32	2120	35635	500	500	500	500	true	376.3
3008	13008	5.0	2000	0.177449	0.418443	0.343845	0.001038	0.059225	6325	14915	12256	37	2111	35644	500	500	500	500	true	376.3
3008	13008	5.0	2560	0.167231	0.424717	0.347714	0.000531	0.059807	5981	15190	12436	19	2139	35765	500	500	500	500	true	376.3
3008	13008	5.0	3200	0.163208	0.4247	0.351549	0.000505	0.060038	5812	15124	12519	18	2138	35611	500	500	500	500	true	376.3
3008	13008	5.0	4000	0.148624	0.43236	0.358343	0.000534	0.06014	5291	15392	12757	19	2141	35600	500	500	500	500	true	376.3
3008	13008	5.0	5000	0.142171	0.435891	0.361408	0.000561	0.059968	5064	15526	12873	20	2136	35619	500	500	500	500	true	376.3
3008	13008	5.0	6400	0.135361	0.438467	0.36568	0.000535	0.059957	4811	15584	12997	19	2131	35542	500	500	500	500	true	376.3
3008	13008	5.0	8000	0.13536	0.438722	0.365358	0.00045	0.06011	4810	15590	12983	16	2136	35535	500	500	500	500	true	376.3
3008	13008	5.0	10000	0.126531	0.443954	0.368946	0.0	0.060569	4504	15803	13133	0	2156	35596	500	500	500	500	true	376.3
3009	13009	5.0	1	0.431146	0.281622	0.227986	0.027102	0.032144	15908	10391	8412	1000	1186	36897	500	500	500	500	true	375.2
3009	13009	5.0	2	0.422238	0.286898	0.231154	0.025943	0.033767	15543	10561	8509	955	1243	36811	500	500	500	500	true	375.2
3009	13009	5.0	3	0.413866	0.291203	0.234851	0.025469	0.034611	15210	10702	8631	936	1272	36751	500	500	500	500	true	375.2
3009	13009	5.0	4	0.408439	0.293131	0.238345	0.024662	0.035423	14955	10733	8727	903	1297	36615	500	500	500	500	true	375.2
3009	13009	5.0	5	0.401203	0.29665	0.241761	0.024504	0.035881	14670	10847	8840	896	1312	36565	500	500	500	500	true	375.2
3009	13009	5.0	6	0.39711	0.299242	0.243548	0.024467	0.035633	14510	10934	8899	894	1302	36539	500	500	500	500	true	375.2
3009	13009	5.0	8	0.388976	0.305416	0.245559	0.024085	0.035964	14212	11159	8972	880	1314	36537	500	500	500	500	true	375.2
3009	13009	5.0	10	0.38661	0.305321	0.248125	0.023598	0.036345	14073	11114	9032	859	1323	36401	500	500	500	500	true	375.2
3009	13009	5.0	13	0.378372	0.309768	0.2519	0.023125	0.036835	13744	11252	9150	840	1338	36324	500	500	500	500	true	375.2
3009	13009	5.0	16	0.373161	0.31331	0.253734	0.022362	0.037434	13567	11391	9225	813	1361	36357	500	500	500	500	true	375.2
3009	13009	5.0	20	0.366688	0.317001	0.256235	0.022377	0.037699	13306	11503	9298	812	1368	36287	500	500	500	500	true	375.2
3009	13009	5.0	25	0.355475	0.321351	0.26327	0.022022	0.037882	12865	11630	9528	797	1371	36191	500	500	500	500	true	375.2
3009	13009	5.0	32	0.346472	0.326445	0.267029	0.021052	0.039002	12508	11785	9640	760	1408	36101	500	500	500	500	true	375.2
3009	13009	5.0	40	0.336105	0.33071	0.273223	0.020887	0.039076	12085	11891	9824	751	1405	35956	500	500	500	500	true	375.2
3009	13009	5.0	50	0.327838	0.335886	0.276238	0.019966	0.040071	11773	12062	9920	717	1439	35911	500	500	500	500	true	375.2
3009	13009	5.0	64	0.319915	0.339624	0.280498	0.019541	0.040422	11460	12166	10048	700	1448	35822	500	500	500	500	true	375.2
3009	13009	5.0	80	0.312823	0.343072	0.284054	0.019272	0.040779	11200	12283	10170	690	1460	35803	500	500	500	500	true	375.2
3009	13009	5.0	100	0.301666	0.349572	0.28872	0.018805	0.041238	10812	12529	10348	674	1478	35841	500	500	500	500	true	375.2
3009	13009	5.0	128	0.292474	0.354042	0.293592	0.017208	0.042684	10470	12674	10510	616	1528	35798	500	500	500	500	true	375.2
3009	13009	5.0	160	0.271747	0.364085	0.303768	0.017145	0.043255	9700	12996	10843	612	1544	35695	500	500	500	500	true	375.2
3009	13009	5.0	200	0.257225	0.371205	0.31158	0.016203	0.043787	9176	13242	11115	578	1562	35673	500	500	500	500	true	375.2
3009	13009	5.0	256	0.240503	0.379973	0.319427	0.014926	0.045171	8572	13543	11385	532	1610	35642	500	500	500	500	true	375.2
3009	13009	5.0	320	0.223533	0.389645	0.326773	0.013642	0.046406	7996	13938	11689	488	1660	35771	500	500	500	500	true	375.2
3009	13009	5.0	400	0.215846	0.392876	0.330865	0.012901	0.047511	7696	14008	11797	460	1694	35655	500	500	500	500	true	375.2
3009	13009	5.0	500	0.206413	0.39836	0.334844	0.011612	0.04877	7377	14237	11967	415	1743	35739	500	500	500	500	true	375.2
3009	13009	5.0	640	0.196329	0.402636	0.340604	0.012002	0.048429	6985	14325	12118	427	1723	35578	500	500	500	500	true	375.2
3009	13009	5.0	800	0.190788	0.406473	0.342447	0.010301	0.049992	6797	14481	12200	367	1781	35626	500	500	500	500	true	375.2
3009	13009	5.0	1000	0.180377	0.411159	0.348348	0.010132	0.049985	6427	14650	12412	361	1781	35631	500	500	500	500	true	375.2
3009	13009	5.0	1280	0.168454	0.41844	0.352911	0.008254	0.05194	6000	14904	12570	294	1850	35618	500	500	500	500	true	375.2
3009	13009	5.0	1600	0.15988	0.42418	0.355295	0.006866	0.053779	5705	15136	12678	245	1919	35683	500	500	500	500	true	375.2
3009	13009	5.0	2000	0.152631	0.427389	0.359254	0.005641	0.055086	5439	15230	12802	201	1963	35635	500	500	500	500	true	375.2
3009	13009	5.0	2560	0.145461	0.431075	0.36274	0.005308	0.055415	5179	15348	12915	189	1973	35604	500	500	500	500	true	375.2
3009	13009	5.0	3200	0.139108	0.433688	0.366351	0.004603	0.056249	4956	15451	13052	164	2004	35627	500	500	500	500	true	375.2
3009	13009	5.0	4000	0.136114	0.43867	0.364671	0.001738	0.058807	4856	15650	13010	62	2098	35676	500	500	500	500	true	375.2
3009	13009	5.0	5000	0.134482	0.439275	0.365392	0.000901	0.059951	4778	15607	12982	32	2130	35529	500	500	500	500	true	375.2
3009	13009	5.0	6400	0.132609	0.442113	0.365108	0.0	0.06017	4734	15783	13034	0	2148	35699	500	500	500	500	true	375.2
3009	13009	5.0	8000	0.129805	0.442617	0.366799	0.0	0.060778	4626	15774	13072	0	2166	35638	500	500	500	500	true	375.2
3009	13009	5.0	10000	0.127067	0.442871	0.369125	0.0	0.060938	4504	15698	13084	0	2160	35446	500	500	500	500	true	375.2
3010	13010	5.0	1	0.420327	0.290758	0.229469	0.023112	0.036335	15513	10731	8469	853	1341	36907	500	500	500	500	true	376.5
3010	13010	5.0	2	0.410147	0.296555	0.233614	0.022409	0.037276	15118	10931	8611	826	1374	36860	500	500	500	500	true	376.5
3010	13010	5.0	3	0.404416	0.299501	0.236302	0.021808	0.037973	14910	11042	8712	804	1400	36868	500	500	500	500	true	376.5
3010	13010	5.0	4	0.399136	0.302252	0.238803	0.020887	0.038922	14695	11128	8792	769	1433	36817	500	500	500	500	true	376.5
3010	13010	5.0	5	0.393855	0.304622	0.241599	0.020718	0.039206	14486	11204	8886	762	1442	36780	500	500	500	500	true	376.5
3010	13010	5.0	6	0.391876	0.305889	0.242257	0.020065	0.039913	14374	11220	8886	736	1464	36680	500	500	500	500	true	376.5
3010	13010	5.0	8	0.384088	0.309662	0.246206	0.020115	0.039929	14073	11346	9021	737	1463	36640	500	500	500	500	true	376.5
3010	13010	5.0	10	0.37677	0.314007	0.249084	0.01949	0.040648	13783	11487	9112	713	1487	36582	500	500	500	500	true	376.5
3010	13010	5.0	13	0.369965	0.316754	0.253015	0.01925	0.041016	13530	11584	9253	704	1500	36571	500	500	500	500	true	376.5
3010	13010	5.0	16	0.366062	0.317395	0.256018	0.018818	0.041707	13306	11537	9306	684	1516	36349	500	500	500	500	true	376.5
3010	13010	5.0	20	0.35757	0.322815	0.259151	0.017405	0.043059	12963	11703	9395	631	1561	36253	500	500	500	500	true	376.5
3010	13010	5.0	25	0.347737	0.327751	0.263668	0.016498	0.044346	12562	11840	9525	596	1602	36125	500	500	500	500	true	376.5
3010	13010	5.0	32	0.339743	0.332273	0.267666	0.015356	0.044962	12279	12009	9674	555	1625	36142	500	500	500	500	true	376.5
3010	13010	5.0	40	0.330248	0.336613	0.27272	0.015146	0.045273	11883	12112	9813	545	1629	35982	500	500	500	500	true	376.5
3010	13010	5.0	50	0.322838	0.340615	0.276081	0.015325	0.04514	11586	12224	9908	550	1620	35888	500	500	500	500	true	376.5
3010	13010	5.0	64	0.313048	0.346498	0.28024	0.01465	0.045565	11240	12441	10062	526	1636	35905	500	500	500	500	true	376.5
3010	13010	5.0	80	0.303849	0.350432	0.285411	0.014923	0.045384	10893	12563	10232	535	1627	35850	500	500	500	500	true	376.5
3010	13010	5.0	100	0.297398	0.354004	0.287987	0.014004	0.046607	10618	12639	10282	500	1664	35703	500	500	500	500	true	376.5
3010	13010	5.0	128	0.287101	0.35833	0.294062	0.012854	0.047654	10230	12768	10478	458	1698	35632	500	500	500	500	true	376.5
3010	13010	5.0	160	0.279375	0.36258	0.297517	0.012402	0.048126	9979	12951	10627	443	1719	35719	500	500	500	500	true	376.5
3010	13010	5.0	200	0.272664	0.365673	0.301321	0.011721	0.048622	9724	13041	10746	418	1734	35663	500	500	500	500	true	376.5
3010	13010	5.0	256	0.261642	0.372159	0.305692	0.012174	0.048332	9349	13298	10923	435	1727	35732	500	500	500	500	true	376.5
3010	13010	5.0	320	0.24865	0.37878	0.312316	0.011832	0.048421	8889	13541	11165	423	1731	35749	500	500	500	500	true	376.5
3010	13010	5.0	400	0.237624	0.384115	0.318196	0.01087	0.049195	8482	13711	11358	388	1756	35695	500	500	500	500	true	376.5
3010	13010	5.0	500	0.222966	0.391739	0.324992	0.008154	0.052148	7957	13980	11598	291	1861	35687	500	500	500	500	true	376.5
3010	13010	5.0	640	0.212483	0.39788	0.329183	0.006954	0.053499	7578	14190	11740	248	1908	35664	500	500	500	500	true	376.5
3010	13010	5.0	800	0.196525	0.405774	0.336883	0.007119	0.0537	7012	14478	12020	254	1916	35680	500	500	500	500	true	376.5
3010	13010	5.0	1000	0.187563	0.411129	0.340751	0.005949	0.054608	6684	14651	12143	212	1946	35636	500	500	500	500	true	376.5
3010	13010	5.0	1280	0.175627	0.417706	0.346267	0.004566	0.055834	6269	14910	12360	163	1993	35695	500	500	500	500	true	376.5
3010	13010	5.0	1600	0.165457	0.423156	0.35064	0.003783	0.056964	5905	15102	12514	135	2033	35689	500	500	500	500	true	376.5
3010	13010	5.0	2000	0.156687	0.428158	0.354266	0.002219	0.05867	5579	15245	12614	79	2089	35606	500	500	500	500	true	376.5
3010	13010	5.0	2560	0.145566	0.433958	0.359888	0.001343	0.059245	5204	15514	12866	48	2118	35750	500	500	500	500	true	376.5
3010	13010	5.0	3200	0.138769	0.437602	0.362915	0.0	0.060715	4946	15597	12935	0	2164	35642	500	500	500	500	true	376.5
3010	13010	5.0	4000	0.136661	0.439282	0.363662	0.0	0.060395	4874	15667	12970	0	2154	35665	500	500	500	500	true	376.5
3010	13010	5.0	5000	0.124646	0.445829	0.369139	0.0	0.060387	4442	15888	13155	0	2152	35637	500	500	500	500	true	376.5
3010	13010	5.0	6400	0.118721	0.447444	0.373075	0.0	0.06076	4240	15980	13324	0	2170	35714	500	500	500	500	true	376.5
3010	13010	5.0	8000	0.116684	0.447959	0.374221	0.000309	0.060826	4157	15959	13332	11	2167	35626	500	500	500	500	true	376.5
3010	13010	5.0	10000	0.114944	0.449487	0.374722	0.0	0.060846	4088	15986	13327	0	2164	35565	500	500	500	500	true	376.5
3001	13001	10.0	1	0.445393	0.273305	0.221902	0.028031	0.031369	16541	10150	8241	1041	1165	37138	500	500	500	500	true	403.4
3001	13001	10.0	2	0.432309	0.282398	0.225886	0.026647	0.03276	16126	10534	8426	994	1222	37302	500	500	500	500	true	403.4
3001	13001	10.0	3	0.425826	0.285499	0.22897	0.0256	0.034106	15819	10606	8506	951	1267	37149	500	500	500	500	true	403.4
3001	13001	10.0	4	0.41512	0.292534	0.232598	0.02477	0.034978	15452	10889	8658	922	1302	37223	500	500	500	500	true	403.4
3001	13001	10.0	5	0.408505	0.298025	0.234036	0.023768	0.035665	15245	11122	8734	887	1331	37319	500	500	500	500	true	403.4
3001	13001	10.0	6	0.401304	0.302528	0.236257	0.02209	0.037819	14951	11271	8802	823	1409	37256	500	500	500	500	true	403.4
3001	13001	10.0	8	0.39195	0.30906	0.239327	0.02081	0.038854	14597	11510	8913	775	1447	37242	500	500	500	500	true	403.4
3001	13001	10.0	10	0.386523	0.312325	0.241546	0.020649	0.038956	14357	11601	8972	767	1447	37144	500	500	500	500	true	403.4
3001	13001	10.0	13	0.371043	0.318531	0.250405	0.018585	0.041437	13736	11792	9270	688	1534	37020	500	500	500	500	true	403.4
3001	13001	10.0	16	0.359674	0.325507	0.255283	0.017515	0.042021	13327	12061	9459	649	1557	37053	500	500	500	500	true	403.4
3001	13001	10.0	20	0.351875	0.32963	0.258522	0.016215	0.043757	12955	12136	9518	597	1611	36817	500	500	500	500	true	403.4
3001	13001	10.0	25	0.339751	0.335469	0.26446	0.014916	0.045404	12459	12302	9698	547	1665	36671	500	500	500	500	true	403.4
3001	13001	10.0	32	0.327405	0.342208	0.269585	0.013873	0.046928	11965	12506	9852	507	1715	36545	500	500	500	500	true	403.4
3001	13001	10.0	40	0.318415	0.347107	0.274292	0.011889	0.048296	11597	12642	9990	433	1759	36421	500	500	500	500	true	403.4
3001	13001	10.0	50	0.300563	0.356498	0.282942	0.011006	0.048991	10951	12989	10309	401	1785	36435	500	500	500	500	true	403.4
3001	13001	10.0	64	0.287051	0.364439	0.288591	0.009684	0.050235	10434	13247	10490	352	1826	36349	500	500	500	500	true	403.4
3001	13001	10.0	80	0.276317	0.368607	0.294654	0.008892	0.05153	10006	13348	10670	322	1866	36212	500	500	500	500	true	403.4
3001	13001	10.0	100	0.263476	0.375448	0.300828	0.007972	0.052276	9551	13610	10905	289	1895	36250	500	500	500	500	true	403.4
3001	13001	10.0	128	0.255238	0.381795	0.302983	0.005265	0.054719	9259	13850	10991	191	1985	36276	500	500	500	500	true	403.4
3001	13001	10.0	160	0.239198	0.390983	0.309303	0.003472	0.057044	8680	14188	11224	126	2070	36288	500	500	500	500	true	403.4
3001	13001	10.0	200	0.223328	0.398864	0.31789	0.003776	0.056142	8103	14472	11534	137	2037	36283	500	500	500	500	true	403.4
3001	13001	10.0	256	0.214698	0.402853	0.32173	0.002958	0.05776	7765	14570	11636	107	2089	36167	500	500	500	500	true	403.4
3001	13001	10.0	320	0.20385	0.407837	0.32814	0.004026	0.056147	7392	14789	11899	146	2036	36262	500	500	500	500	true	403.4
3001	13001	10.0	400	0.185552	0.418997	0.334944	0.00127	0.059238	6722	15179	12134	46	2146	36227	500	500	500	500	true	403.4
3001	13001	10.0	500	0.179397	0.420409	0.33974	0.000194	0.06026	6487	15202	12285	7	2179	36160	500	500	500	500	true	403.4
3001	13001	10.0	640	0.166487	0.426258	0.346738	0.0	0.060516	6036	15454	12571	0	2194	36255	500	500	500	500	true	403.4
3001	13001	10.0	800	0.151966	0.435965	0.352219	0.0	0.05985	5520	15836	12794	0	2174	36324	500	500	500	500	true	403.4
3001	13001	10.0	1000	0.140865	0.439327	0.359231	0.0	0.060576	5102	15912	13011	0	2194	36219	500	500	500	500	true	403.4
3001	13001	10.0	1280	0.126265	0.446432	0.366936	0.0	0.060368	4568	16151	13275	0	2184	36178	500	500	500	500	true	403.4
3001	13001	10.0	1600	0.111996	0.45543	0.372081	0.0	0.060492	4062	16518	13495	0	2194	36269	500	500	500	500	true	403.4
3001	13001	10.0	2000	0.104664	0.457007	0.378316	0.0	0.060013	3788	16540	13692	0	2172	36192	500	500	500	500	true	403.4
3001	13001	10.0	2560	0.096658	0.462477	0.380806	0.0	0.060059	3502	16756	13797	0	2176	36231	500	500	500	500	true	403.4
3001	13001	10.0	3200	0.093961	0.462145	0.383614	0.0	0.060281	3398	16713	13873	0	2180	36164	500	500	500	500	true	403.4
3001	13001	10.0	4000	0.086952	0.466234	0.386455	0.0	0.060359	3152	16901	14009	0	2188	36250	500	500	500	500	true	403.4
3001	13001	10.0	5000	0.08108	0.468808	0.389136	0.0	0.060976	2936	16976	14091	0	2208	36211	500	500	500	500	true	403.4
3001	13001	10.0	6400	0.073586	0.472004	0.394157	0.0	0.060252	2660	17062	14248	0	2178	36148	500	500	500	500	true	403.4
3001	13001	10.0	8000	0.072637	0.472775	0.394223	0.0	0.060365	2628	17105	14263	0	2184	36180	500	500	500	500	true	403.4
3001	13001	10.0	10000	0.070715	0.476364	0.392631	0.0	0.06029	2564	17272	14236	0	2186	36258	500	500	500	500	true	403.4
3002	13002	10.0	1	0.435022	0.280765	0.224784	0.026778	0.032651	16148	10422	8344	994	1212	37120	500	500	500	500	true	432.3
3002	13002	10.0	2	0.42056	0.290029	0.230076	0.02453	0.034805	15636	10783	8554	912	1294	37179	500	500	500	500	true	432.3
3002	13002	10.0	3	0.413734	0.292904	0.233472	0.024128	0.035761	15364	10877	8670	896	1328	37135	500	500	500	500	true	432.3
3002	13002	10.0	4	0.404154	0.300207	0.236211	0.023455	0.035974	15043	11174	8792	873	1339	37221	500	500	500	500	true	432.3
3002	13002	10.0	5	0.399323	0.30425	0.236594	0.022471	0.037363	14856	11319	8802	836	1390	37203	500	500	500	500	true	432.3
3002	13002	10.0	6	0.393854	0.305858	0.240709	0.021689	0.037889	14636	11366	8945	806	1408	37161	500	500	500	500	true	432.3
3002	13002	10.0	8	0.383885	0.312562	0.243902	0.020655	0.038996	14274	11622	9069	768	1450	37183	500	500	500	500	true	432.3
3002	13002	10.0	10	0.378284	0.315956	0.245887	0.020551	0.039323	14026	11715	9117	762	1458	37078	500	500	500	500	true	432.3
3002	13002	10.0	13	0.368778	0.320329	0.251356	0.018707	0.040831	13602	11815	9271	690	1506	36884	500	500	500	500	true	432.3
3002	13002	10.0	16	0.358271	0.32596	0.255768	0.017283	0.042719	13184	11995	9412	636	1572	36799	500	500	500	500	true	432.3
3002	13002	10.0	20	0.34778	0.33088	0.260992	0.017527	0.042822	12759	12139	9575	643	1571	36687	500	500	500	500	true	432.3
3002	13002	10.0	25	0.33832	0.335799	0.265817	0.016523	0.04354	12347	12255	9701	603	1589	36495	500	500	500	500	true	432.3
3002	13002	10.0	32	0.325249	0.344428	0.270795	0.014459	0.045069	11922	12625	9926	530	1652	36655	500	500	500	500	true	432.3
3002	13002	10.0	40	0.313511	0.349575	0.277281	0.012935	0.046698	11440	12756	10118	472	1704	36490	500	500	500	500	true	432.3
3002	13002	10.0	50	0.301533	0.355289	0.282459	0.011313	0.049407	10955	12908	10262	411	1795	36331	500	500	500	500	true	432.3
3002	13002	10.0	64	0.285352	0.364237	0.290035	0.009255	0.051121	10360	13224	10530	336	1856	36306	500	500	500	500	true	432.3
3002	13002	10.0	80	0.270906	0.372987	0.295605	0.006796	0.053706	9806	13501	10700	246	1944	36197	500	500	500	500	true	432.3
3002	13002	10.0	100	0.261005	0.379162	0.299939	0.004673	0.055221	9439	13712	10847	169	1997	36164	500	500	500	500	true	432.3
3002	13002	10.0	128	0.245719	0.38609	0.307259	0.004033	0.0569	8896	13978	11124	146	2060	36204	500	500	500	500	true	432.3
3002	13002	10.0	160	0.234121	0.393314	0.312446	0.002487	0.057632	8474	14236	11309	90	2086	36195	500	500	500	500	true	432.3
3002	13002	10.0	200	0.219828	0.401358	0.318663	0.000855	0.059296	7967	14546	11549	31	2149	36242	500	500	500	500	true	432.3
3002	13002	10.0	256	0.206216	0.408823	0.325003	0.000937	0.059021	7484	14837	11795	34	2142	36292	500	500	500	500	true	432.3
3002	13002	10.0	320	0.19881	0.411834	0.329523	0.000634	0.059199	7217	14950	11962	23	2149	36301	500	500	500	500	true	432.3
3002	13002	10.0	400	0.18485	0.418756	0.336434	0.0	0.05996	6696	15169	12187	0	2172	36224	500	500	500	500	true	432.3
3002	13002	10.0	500	0.165176	0.426372	0.348243	0.0	0.06021	5964	15395	12574	0	2174	36107	500	500	500	500	true	432.3
3002	13002	10.0	640	0.15411	0.432532	0.353042	0.0	0.060316	5570	15633	12760	0	2180	36143	500	500	500	500	true	432.3
3002	13002	10.0	800	0.140808	0.439285	0.359538	0.0	0.06037	5094	15892	13007	0	2184	36177	500	500	500	500	true	432.3
3002	13002	10.0	1000	0.130966	0.445697	0.363285	0.0	0.060051	4750	16165	13176	0	2178	36269	500	500	500	500	true	432.3
3002	13002	10.0	1280	0.124266	0.449426	0.366462	0.0	0.059846	4510	16311	13300	0	2172	36293	500	500	500	500	true	432.3
3002	13002	10.0	1600	0.118619	0.45058	0.370746	0.0	0.060055	4294	16311	13421	0	2174	36200	500	500	500	500	true	432.3
3002	13002	10.0	2000	0.112641	0.453986	0.373327	0.0	0.060046	4082	16452	13529	0	2176	36239	500	500	500	500	true	432.3
3002	13002	10.0	2560	0.10802	0.455867	0.375722	0.0	0.060392	3910	16501	13600	0	2186	36197	500	500	500	500	true	432.3
3002	13002	10.0	3200	0.103585	0.456941	0.379239	0.0	0.060235	3742	16507	13700	0	2176	36125	500	500	500	500	true	432.3
3002	13002	10.0	4000	0.101542	0.460169	0.377694	0.0	0.060594	3680	16677	13688	0	2196	36241	500	500	500	500	true	432.3
3002	13002	10.0	5000	0.101129	0.461324	0.376902	0.0	0.060645	3662	16705	13648	0	2196	36211	500	500	500	500	true	432.3
3002	13002	10.0	6400	0.100975	0.458254	0.380507	0.0	0.060265	3656	16592	13777	0	2182	36207	500	500	500	500	true	432.3
3002	13002	10.0	8000	0.101132	0.460088	0.377946	0.0	0.060834	3664	16669	13693	0	2204	36230	500	500	500	500	true	432.3
3002	13002	10.0	10000	0.095533	0.462627	0.381579	0.0	0.060261	3456	16736	13804	0	2180	36176	500	500	500	500	true	432.3
3003	13003	10.0	1	0.43323	0.280794	0.226427	0.027831	0.031718	16049	10402	8388	1031	1175	37045	500	500	500	500	true	428.3
3003	13003	10.0	2	0.423649	0.288014	0.229281	0.026244	0.032812	15739	10700	8518	975	1219	37151	500	500	500	500	true	428.3
3003	13003	10.0	3	0.414897	0.293397	0.232044	0.026206	0.033456	15452	10927	8642	976	1246	37243	500	500	500	500	true	428.3
3003	13003	10.0	4	0.403685	0.299235	0.237557	0.025479	0.034044	14988	11110	8820	946	1264	37128	500	500	500	500	true	428.3
3003	13003	10.0	5	0.399269	0.300501	0.240357	0.024658	0.035215	14751	11102	8880	911	1301	36945	500	500	500	500	true	428.3
3003	13003	10.0	6	0.391475	0.304222	0.244618	0.024047	0.035638	14456	11234	9033	888	1316	36927	500	500	500	500	true	428.3
3003	13003	10.0	8	0.381342	0.311387	0.24755	0.02312	0.036602	14086	11502	9144	854	1352	36938	500	500	500	500	true	428.3
3003	13003	10.0	10	0.373775	0.31444	0.25172	0.022694	0.037372	13802	11611	9295	838	1380	36926	500	500	500	500	true	428.3
3003	13003	10.0	13	0.359696	0.32256	0.25789	0.022173	0.037681	13221	11856	9479	815	1385	36756	500	500	500	500	true	428.3
3003	13003	10.0	16	0.351143	0.327382	0.261541	0.02055	0.039385	12901	12028	9609	755	1447	36740	500	500	500	500	true	428.3
3003	13003	10.0	20	0.338665	0.334863	0.266516	0.021126	0.03883	12472	12332	9815	778	1430	36827	500	500	500	500	true	428.3
3003	13003	10.0	25	0.328231	0.337624	0.274009	0.020593	0.039543	11986	12329	10006	752	1444	36517	500	500	500	500	true	428.3
3003	13003	10.0	32	0.316191	0.345187	0.278168	0.020598	0.039856	11559	12619	10169	753	1457	36557	500	500	500	500	true	428.3
3003	13003	10.0	40	0.299825	0.354308	0.285519	0.017979	0.04237	10940	12928	10418	656	1546	36488	500	500	500	500	true	428.3
3003	13003	10.0	50	0.282348	0.363055	0.293909	0.01741	0.043278	10282	13221	10703	634	1576	36416	500	500	500	500	true	428.3
3003	13003	10.0	64	0.262935	0.374547	0.302318	0.01483	0.04537	9574	13638	11008	540	1652	36412	500	500	500	500	true	428.3
3003	13003	10.0	80	0.24903	0.38133	0.309679	0.013642	0.046318	9054	13864	11259	496	1684	36357	500	500	500	500	true	428.3
3003	13003	10.0	100	0.239725	0.387308	0.312637	0.013077	0.047253	8726	14098	11380	476	1720	36400	500	500	500	500	true	428.3
3003	13003	10.0	128	0.225114	0.394541	0.319705	0.009905	0.050735	8182	14340	11620	360	1844	36346	500	500	500	500	true	428.3
3003	13003	10.0	160	0.215833	0.399002	0.324908	0.009537	0.050719	7830	14475	11787	346	1840	36278	500	500	500	500	true	428.3
3003	13003	10.0	200	0.209295	0.403805	0.327047	0.006938	0.052916	7602	14667	11879	252	1922	36322	500	500	500	500	true	428.3
3003	13003	10.0	256	0.201292	0.408519	0.329846	0.005134	0.055209	7292	14799	11949	186	2000	36226	500	500	500	500	true	428.3
3003	13003	10.0	320	0.191149	0.414258	0.334635	0.004951	0.055007	6950	15062	12167	180	2000	36359	500	500	500	500	true	428.3
3003	13003	10.0	400	0.180654	0.420847	0.338464	0.003519	0.056516	6572	15310	12313	128	2056	36379	500	500	500	500	true	428.3
3003	13003	10.0	500	0.176249	0.423201	0.340443	0.002092	0.058016	6404	15377	12370	76	2108	36335	500	500	500	500	true	428.3
3003	13003	10.0	640	0.170414	0.426257	0.343034	0.001433	0.058862	6184	15468	12448	52	2136	36288	500	500	500	500	true	428.3
3003	13003	10.0	800	0.15828	0.430683	0.349968	0.001161	0.059908	5728	15586	12665	42	2168	36189	500	500	500	500	true	428.3
3003	13003	10.0	1000	0.149814	0.436537	0.35282	0.000303	0.060527	5433	15831	12795	11	2195	36265	500	500	500	500	true	428.3
3003	13003	10.0	1280	0.138179	0.44091	0.360828	0.000248	0.059834	5009	15983	13080	9	2169	36250	500	500	500	500	true	428.3
3003	13003	10.0	1600	0.134998	0.442637	0.362158	0.0	0.060208	4888	16027	13113	0	2180	36208	500	500	500	500	true	428.3
3003	13003	10.0	2000	0.131696	0.445108	0.363018	0.0	0.060177	4784	16169	13187	0	2186	36326	500	500	500	500	true	428.3
3003	13003	10.0	2560	0.122441	0.450726	0.366965	0.0	0.059869	4438	16337	13301	0	2170	36246	500	500	500	500	true	428.3
3003	13003	10.0	3200	0.106141	0.457966	0.375445	0.0	0.060447	3842	16577	13590	0	2188	36197	500	500	500	500	true	428.3
3003	13003	10.0	4000	0.096078	0.460341	0.383235	0.0	0.060346	3474	16645	13857	0	2182	36158	500	500	500	500	true	428.3
3003	13003	10.0	5000	0.086084	0.467539	0.386635	0.0	0.059741	3124	16967	14031	0	2168	36290	500	500	500	500	true	428.3
3003	13003	10.0	6400	0.077927	0.471205	0.390712	0.0	0.060156	2824	17076	14159	0	2180	36239	500	500	500	500	true	428.3
3003	13003	10.0	8000	0.071729	0.472701	0.395447	0.0	0.060124	2596	17108	14312	0	2176	36192	500	500	500	500	true	428.3
3003	13003	10.0	10000	0.068046	0.475575	0.396022	0.0	0.060356	2460	17193	14317	0	2182	36152	500	500	500	500	true	428.3
3004	13004	10.0	1	0.444397	0.27306	0.222899	0.028772	0.030873	16496	10136	8274	1068	1146	37120	500	500	500	500	true	416.7
3004	13004	10.0	2	0.433154	0.282523	0.224779	0.027248	0.032295	16135	10524	8373	1015	1203	37250	500	500	500	500	true	416.7
3004	13004	10.0	3	0.42492	0.286425	0.228935	0.026447	0.033273	15810	10657	8518	984	1238	37207	500	500	500	500	true	416.7
3004	13004	10.0	4	0.417176	0.291425	0.231821	0.026839	0.032738	15559	10869	8646	1001	1221	37296	500	500	500	500	true	416.7
3004	13004	10.0	5	0.411251	0.294643	0.234771	0.026506	0.03283	15345	10994	8760	989	1225	37313	500	500	500	500	true	416.7
3004	13004	10.0	6	0.406585	0.298849	0.235252	0.025589	0.033726	15190	11165	8789	956	1260	37360	500	500	500	500	true	416.7
3004	13004	10.0	8	0.396262	0.302635	0.240925	0.025464	0.034714	14737	11255	8960	947	1291	37190	500	500	500	500	true	416.7
3004	13004	10.0	10	0.392172	0.305263	0.242737	0.024789	0.035039	14539	11317	8999	919	1299	37073	500	500	500	500	true	416.7
3004	13004	10.0	13	0.386804	0.308669	0.244477	0.023852	0.036198	14287	11401	9030	881	1337	36936	500	500	500	500	true	416.7
3004	13004	10.0	16	0.372678	0.315681	0.25139	0.021367	0.038884	13744	11642	9271	788	1434	36879	500	500	500	500	true	416.7
3004	13004	10.0	20	0.360403	0.321897	0.257256	0.022047	0.038398	13225	11812	9440	809	1409	36695	500	500	500	500	true	416.7
3004	13004	10.0	25	0.347115	0.329924	0.262955	0.020863	0.039143	12761	12129	9667	767	1439	36763	500	500	500	500	true	416.7
3004	13004	10.0	32	0.323499	0.339978	0.27609	0.019578	0.040855	11798	12399	10069	714	1490	36470	500	500	500	500	true	416.7
3004	13004	10.0	40	0.311954	0.347705	0.279665	0.018192	0.042484	11352	12653	10177	662	1546	36390	500	500	500	500	true	416.7
3004	13004	10.0	50	0.298467	0.354393	0.286967	0.016905	0.043268	10823	12851	10406	613	1569	36262	500	500	500	500	true	416.7
3004	13004	10.0	64	0.277409	0.367115	0.295032	0.015262	0.045183	10106	13374	10748	556	1646	36430	500	500	500	500	true	416.7
3004	13004	10.0	80	0.266366	0.370587	0.302387	0.014502	0.046158	9643	13416	10947	525	1671	36202	500	500	500	500	true	416.7
3004	13004	10.0	100	0.249256	0.380976	0.309347	0.011924	0.048496	9051	13834	11233	433	1761	36312	500	500	500	500	true	416.7
3004	13004	10.0	128	0.235105	0.391034	0.314253	0.009825	0.049784	8543	14209	11419	357	1809	36337	500	500	500	500	true	416.7
3004	13004	10.0	160	0.216451	0.399492	0.323641	0.007925	0.052491	7839	14468	11721	287	1901	36216	500	500	500	500	true	416.7
3004	13004	10.0	200	0.206232	0.406044	0.327392	0.007273	0.053059	7486	14739	11884	264	1926	36299	500	500	500	500	true	416.7
3004	13004	10.0	256	0.199697	0.409415	0.330709	0.005836	0.054343	7254	14872	12013	212	1974	36325	500	500	500	500	true	416.7
3004	13004	10.0	320	0.189031	0.412444	0.338323	0.004612	0.055591	6845	14935	12251	167	2013	36211	500	500	500	500	true	416.7
3004	13004	10.0	400	0.176566	0.422325	0.341352	0.003531	0.056225	6400	15308	12373	128	2038	36247	500	500	500	500	true	416.7
3004	13004	10.0	500	0.165978	0.426753	0.346919	0.001901	0.058449	6023	15486	12589	69	2121	36288	500	500	500	500	true	416.7
3004	13004	10.0	640	0.157426	0.431882	0.3504	0.000413	0.059879	5713	15673	12716	15	2173	36290	500	500	500	500	true	416.7
3004	13004	10.0	800	0.147686	0.437098	0.354949	0.0	0.060267	5352	15840	12863	0	2184	36239	500	500	500	500	true	416.7
3004	13004	10.0	1000	0.129842	0.445508	0.364281	0.0	0.060369	4706	16147	13203	0	2188	36244	500	500	500	500	true	416.7
3004	13004	10.0	1280	0.114421	0.453903	0.371538	0.0	0.060138	4144	16439	13456	0	2178	36217	500	500	500	500	true	416.7
3004	13004	10.0	1600	0.102451	0.458573	0.378864	0.0	0.060113	3712	16615	13727	0	2178	36232	500	500	500	500	true	416.7
3004	13004	10.0	2000	0.094827	0.461668	0.38329	0.0	0.060214	3430	16699	13864	0	2178	36171	500	500	500	500	true	416.7
3004	13004	10.0	2560	0.09209	0.464563	0.383314	0.0	0.060033	3338	16839	13894	0	2176	36247	500	500	500	500	true	416.7
3004	13004	10.0	3200	0.091147	0.465882	0.382702	0.0	0.060269	3306	16898	13881	0	2186	36271	500	500	500	500	true	416.7
3004	13004	10.0	4000	0.088354	0.46556	0.38556	0.0	0.060526	3194	16830	13938	0	2188	36150	500	500	500	500	true	416.7
3004	13004	10.0	5000	0.086362	0.465469	0.388269	0.0	0.0599	3120	16816	14027	0	2164	36127	500	500	500	500	true	416.7
3004	13004	10.0	6400	0.082855	0.468455	0.388652	0.0	0.060038	3014	17041	14138	0	2184	36377	500	500	500	500	true	416.7
3004	13004	10.0	8000	0.077359	0.470658	0.3915	0.0	0.060482	2796	17011	14150	0	2186	36143	500	500	500	500	true	416.7
3004	13004	10.0	10000	0.074645	0.472146	0.393216	0.0	0.059993	2700	17078	14223	0	2170	36171	500	500	500	500	true	416.7
3005	13005	10.0	1	0.428583	0.284427	0.227321	0.023738	0.035931	15888	10544	8427	880	1332	37071	500	500	500	500	true	414.7
3005	13005	10.0	2	0.413084	0.293956	0.232871	0.022614	0.037475	15344	10919	8650	840	1392	37145	500	500	500	500	true	414.7
3005	13005	10.0	3	0.40676	0.298237	0.235377	0.021834	0.037792	15090	11064	8732	810	1402	37098	500	500	500	500	true	414.7
3005	13005	10.0	4	0.398428	0.302785	0.238716	0.022175	0.037895	14751	11210	8838	821	1403	37023	500	500	500	500	true	414.7
3005	13005	10.0	5	0.395077	0.305231	0.239597	0.021914	0.038181	14621	11296	8867	811	1413	37008	500	500	500	500	true	414.7
3005	13005	10.0	6	0.387185	0.310056	0.242764	0.021052	0.038943	14327	11473	8983	779	1441	37003	500	500	500	500	true	414.7
3005	13005	10.0	8	0.379817	0.31457	0.245589	0.019837	0.040187	14035	11624	9075	733	1485	36952	500	500	500	500	true	414.7
3005	13005	10.0	10	0.372804	0.3178	0.249376	0.019573	0.040447	13752	11723	9199	722	1492	36888	500	500	500	500	true	414.7
3005	13005	10.0	13	0.360836	0.32553	0.253753	0.018832	0.04105	13317	12014	9365	695	1515	36906	500	500	500	500	true	414.7
3005	13005	10.0	16	0.351153	0.329454	0.259245	0.018708	0.04144	12914	12116	9534	688	1524	36776	500	500	500	500	true	414.7
3005	13005	10.0	20	0.34325	0.332541	0.263946	0.018276	0.041988	12565	12173	9662	669	1537	36606	500	500	500	500	true	414.7
3005	13005	10.0	25	0.333105	0.336914	0.26997	0.017866	0.042145	12156	12295	9852	652	1538	36493	500	500	500	500	true	414.7
3005	13005	10.0	32	0.321908	0.342033	0.275768	0.016876	0.043415	11693	12424	10017	613	1577	36324	500	500	500	500	true	414.7
3005	13005	10.0	40	0.307608	0.351183	0.28093	0.015716	0.044564	11196	12782	10225	572	1622	36397	500	500	500	500	true	414.7
3005	13005	10.0	50	0.291669	0.360609	0.287273	0.015525	0.044925	10615	13124	10455	565	1635	36394	500	500	500	500	true	414.7
3005	13005	10.0	64	0.279294	0.366866	0.293807	0.012723	0.047311	10142	13322	10669	462	1718	36313	500	500	500	500	true	414.7
3005	13005	10.0	80	0.265765	0.373341	0.300787	0.011922	0.048185	9630	13528	10899	432	1746	36235	500	500	500	500	true	414.7
3005	13005	10.0	100	0.25067	0.381707	0.307641	0.012289	0.047693	9077	13822	11140	445	1727	36211	500	500	500	500	true	414.7
3005	13005	10.0	128	0.2314	0.391434	0.317116	0.010073	0.049978	8385	14184	11491	365	1811	36236	500	500	500	500	true	414.7
3005	13005	10.0	160	0.220463	0.396773	0.322366	0.008715	0.051682	7994	14387	11689	316	1874	36260	500	500	500	500	true	414.7
3005	13005	10.0	200	0.206202	0.405629	0.327853	0.007188	0.053127	7487	14728	11904	261	1929	36309	500	500	500	500	true	414.7
3005	13005	10.0	256	0.194977	0.410735	0.333297	0.006485	0.054505	7065	14883	12077	235	1975	36235	500	500	500	500	true	414.7
3005	13005	10.0	320	0.187922	0.415156	0.336506	0.004193	0.056222	6812	15049	12198	152	2038	36249	500	500	500	500	true	414.7
3005	13005	10.0	400	0.176704	0.421938	0.340773	0.0024	0.058184	6405	15294	12352	87	2109	36247	500	500	500	500	true	414.7
3005	13005	10.0	500	0.16691	0.426992	0.345784	0.000799	0.059514	6055	15490	12544	29	2159	36277	500	500	500	500	true	414.7
3005	13005	10.0	640	0.155173	0.433401	0.351447	0.0	0.05998	5614	15680	12715	0	2170	36179	500	500	500	500	true	414.7
3005	13005	10.0	800	0.146099	0.437856	0.355567	0.000248	0.06023	5305	15899	12911	9	2187	36311	500	500	500	500	true	414.7
3005	13005	10.0	1000	0.13635	0.443358	0.36057	0.0	0.059722	4936	16050	13053	0	2162	36201	500	500	500	500	true	414.7
3005	13005	10.0	1280	0.121743	0.449611	0.368385	0.0	0.060262	4396	16235	13302	0	2176	36109	500	500	500	500	true	414.7
3005	13005	10.0	1600	0.117611	0.451129	0.370796	0.0	0.060464	4256	16325	13418	0	2188	36187	500	500	500	500	true	414.7
3005	13005	10.0	2000	0.112957	0.454365	0.372696	0.0	0.059982	4094	16468	13508	0	2174	36244	500	500	500	500	true	414.7
3005	13005	10.0	2560	0.107228	0.456522	0.375768	0.0	0.060482	3872	16485	13569	0	2184	36110	500	500	500	500	true	414.7
3005	13005	10.0	3200	0.100571	0.458311	0.380785	0.0	0.060332	3644	16606	13797	0	2186	36233	500	500	500	500	true	414.7
3005	13005	10.0	4000	0.084891	0.466431	0.388453	0.0	0.060226	3070	16868	14048	0	2178	36164	500	500	500	500	true	414.7
3005	13005	10.0	5000	0.074502	0.474271	0.391371	0.0	0.059855	2706	17226	14215	0	2174	36321	500	500	500	500	true	414.7
3005	13005	10.0	6400	0.066654	0.476848	0.39625	0.0	0.060248	2414	17270	14351	0	2182	36217	500	500	500	500	true	414.7
3005	13005	10.0	8000	0.064407	0.475875	0.399745	0.0	0.059973	2324	17171	14424	0	2164	36083	500	500	500	500	true	414.7
3005	13005	10.0	10000	0.06032	0.479939	0.399531	0.0	0.06021	2186	17393	14479	0	2182	36240	500	500	500	500	true	414.7
3006	13006	10.0	1	0.432641	0.277742	0.229941	0.032327	0.027349	15993	10267	8500	1195	1011	36966	500	500	500	500	true	407.4
3006	13006	10.0	2	0.424242	0.285086	0.231458	0.031064	0.02815	15719	10563	8576	1151	1043	37052	500	500	500	500	true	407.4
3006	13006	10.0	3	0.412911	0.290738	0.236493	0.031683	0.028175	15300	10773	8763	1174	1044	37054	500	500	500	500	true	407.4
3006	13006	10.0	4	0.405217	0.295897	0.239178	0.03093	0.028777	15053	10992	8885	1149	1069	37148	500	500	500	500	true	407.4
3006	13006	10.0	5	0.398887	0.298099	0.242897	0.030625	0.029491	14770	11038	8994	1134	1092	37028	500	500	500	500	true	407.4
3006	13006	10.0	6	0.390564	0.303248	0.246304	0.029969	0.029915	14479	11242	9131	1111	1109	37072	500	500	500	500	true	407.4
3006	13006	10.0	8	0.381544	0.308335	0.250169	0.02957	0.030382	14103	11397	9247	1093	1123	36963	500	500	500	500	true	407.4
3006	13006	10.0	10	0.373216	0.312727	0.253867	0.028847	0.031343	13753	11524	9355	1063	1155	36850	500	500	500	500	true	407.4
3006	13006	10.0	13	0.366646	0.316704	0.256807	0.026412	0.03343	13479	11643	9441	971	1229	36763	500	500	500	500	true	407.4
3006	13006	10.0	16	0.3524	0.323418	0.263816	0.025244	0.035123	12913	11851	9667	925	1287	36643	500	500	500	500	true	407.4
3006	13006	10.0	20	0.3387	0.333333	0.267985	0.023426	0.036556	12434	12237	9838	860	1342	36711	500	500	500	500	true	407.4
3006	13006	10.0	25	0.327867	0.338308	0.273582	0.021949	0.038294	11995	12377	10009	803	1401	36585	500	500	500	500	true	407.4
3006	13006	10.0	32	0.312214	0.348434	0.279075	0.020538	0.039739	11447	12775	10232	753	1457	36664	500	500	500	500	true	407.4
3006	13006	10.0	40	0.30228	0.353302	0.284072	0.018208	0.042138	10990	12845	10328	662	1532	36357	500	500	500	500	true	407.4
3006	13006	10.0	50	0.282211	0.363829	0.293647	0.015229	0.045083	10266	13235	10682	554	1640	36377	500	500	500	500	true	407.4
3006	13006	10.0	64	0.267689	0.372628	0.299584	0.011871	0.048228	9719	13529	10877	431	1751	36307	500	500	500	500	true	407.4
3006	13006	10.0	80	0.253846	0.380355	0.305646	0.010366	0.049788	9208	13797	11087	376	1806	36274	500	500	500	500	true	407.4
3006	13006	10.0	100	0.243076	0.385593	0.310962	0.0089	0.051468	8794	13950	11250	322	1862	36178	500	500	500	500	true	407.4
3006	13006	10.0	128	0.234799	0.390412	0.313958	0.007038	0.053794	8507	14145	11375	255	1949	36231	500	500	500	500	true	407.4
3006	13006	10.0	160	0.219466	0.401257	0.319348	0.005433	0.054496	7998	14623	11638	198	1986	36443	500	500	500	500	true	407.4
3006	13006	10.0	200	0.206839	0.408153	0.324867	0.002556	0.057585	7525	14849	11819	93	2095	36381	500	500	500	500	true	407.4
3006	13006	10.0	256	0.189286	0.415298	0.334889	0.000911	0.059616	6855	15040	12128	33	2159	36215	500	500	500	500	true	407.4
3006	13006	10.0	320	0.17286	0.422839	0.343448	0.000942	0.059911	6238	15259	12394	34	2162	36087	500	500	500	500	true	407.4
3006	13006	10.0	400	0.160697	0.430594	0.347776	0.000856	0.060078	5823	15603	12602	31	2177	36236	500	500	500	500	true	407.4
3006	13006	10.0	500	0.15195	0.434356	0.353036	0.0	0.060658	5486	15682	12746	0	2190	36104	500	500	500	500	true	407.4
3006	13006	10.0	640	0.144197	0.436796	0.358307	0.0	0.0607	5212	15788	12951	0	2194	36145	500	500	500	500	true	407.4
3006	13006	10.0	800	0.136154	0.440702	0.362367	0.0	0.060777	4924	15938	13105	0	2198	36165	500	500	500	500	true	407.4
3006	13006	10.0	1000	0.133403	0.444806	0.361298	0.0	0.060492	4834	16118	13092	0	2192	36236	500	500	500	500	true	407.4
3006	13006	10.0	1280	0.125642	0.448523	0.365609	0.0	0.060226	4552	16250	13246	0	2182	36230	500	500	500	500	true	407.4
3006	13006	10.0	1600	0.117491	0.45134	0.37074	0.0	0.060429	4258	16357	13436	0	2190	36241	500	500	500	500	true	407.4
3006	13006	10.0	2000	0.108536	0.456795	0.373421	0.0	0.061248	3934	16557	13535	0	2220	36246	500	500	500	500	true	407.4
3006	13006	10.0	2560	0.102197	0.460464	0.377257	0.0	0.060083	3708	16707	13688	0	2180	36283	500	500	500	500	true	407.4
3006	13006	10.0	3200	0.091497	0.462798	0.385352	0.0	0.060353	3308	16732	13932	0	2182	36154	500	500	500	500	true	407.4
3006	13006	10.0	4000	0.084636	0.467157	0.387934	0.0	0.060273	3064	16912	14044	0	2182	36202	500	500	500	500	true	407.4
3006	13006	10.0	5000	0.077674	0.47052	0.391492	0.0	0.060315	2810	17022	14163	0	2182	36177	500	500	500	500	true	407.4
3006	13006	10.0	6400	0.075826	0.471262	0.392539	0.0	0.060374	2748	17079	14226	0	2188	36241	500	500	500	500	true	407.4
3006	13006	10.0	8000	0.07206	0.473744	0.394395	0.0	0.059801	2610	17159	14285	0	2166	36220	500	500	500	500	true	407.4
3006	13006	10.0	10000	0.070309	0.474724	0.395033	0.0	0.059934	2548	17204	14316	0	2172	36240	500	500	500	500	true	407.4
3007	13007	10.0	1	0.450858	0.271901	0.217418	0.024598	0.035225	16716	10081	8061	912	1306	37076	500	500	500	500	true	411.8
3007	13007	10.0	2	0.437264	0.28291	0.219973	0.022955	0.036899	16306	10550	8203	856	1376	37291	500	500	500	500	true	411.8
3007	13007	10.0	3	0.428932	0.287227	0.223816	0.022247	0.037777	15964	10690	8330	828	1406	37218	500	500	500	500	true	411.8
3007	13007	10.0	4	0.424415	0.291426	0.224463	0.0214	0.038295	15826	10867	8370	798	1428	37289	500	500	500	500	true	411.8
3007	13007	10.0	5	0.418531	0.294857	0.227098	0.021378	0.038136	15584	10979	8456	796	1420	37235	500	500	500	500	true	411.8
3007	13007	10.0	6	0.409048	0.299922	0.230906	0.020847	0.039277	15226	11164	8595	776	1462	37223	500	500	500	500	true	411.8
3007	13007	10.0	8	0.394899	0.307165	0.237456	0.018779	0.041701	14678	11417	8826	698	1550	37169	500	500	500	500	true	411.8
3007	13007	10.0	10	0.385773	0.314128	0.239741	0.017817	0.042541	14355	11689	8921	663	1583	37211	500	500	500	500	true	411.8
3007	13007	10.0	13	0.371841	0.318652	0.249121	0.017532	0.042855	13744	11778	9208	648	1584	36962	500	500	500	500	true	411.8
3007	13007	10.0	16	0.358788	0.3275	0.253413	0.016063	0.044236	13245	12090	9355	593	1633	36916	500	500	500	500	true	411.8
3007	13007	10.0	20	0.344643	0.333913	0.261898	0.016109	0.043437	12687	12292	9641	593	1599	36812	500	500	500	500	true	411.8
3007	13007	10.0	25	0.335981	0.3371	0.266607	0.015802	0.044512	12311	12352	9769	579	1631	36642	500	500	500	500	true	411.8
3007	13007	10.0	32	0.317571	0.345784	0.276441	0.015844	0.044359	11605	12636	10102	579	1621	36543	500	500	500	500	true	411.8
3007	13007	10.0	40	0.30549	0.353858	0.280336	0.013808	0.046508	11173	12942	10253	505	1701	36574	500	500	500	500	true	411.8
3007	13007	10.0	50	0.289325	0.361601	0.288693	0.013351	0.04703	10532	13163	10509	486	1712	36402	500	500	500	500	true	411.8
3007	13007	10.0	64	0.274367	0.370982	0.294383	0.01042	0.049847	9979	13493	10707	379	1813	36371	500	500	500	500	true	411.8
3007	13007	10.0	80	0.259567	0.377788	0.302516	0.010077	0.050052	9428	13722	10988	366	1818	36322	500	500	500	500	true	411.8
3007	13007	10.0	100	0.251665	0.383527	0.304355	0.007873	0.052579	9142	13932	11056	286	1910	36326	500	500	500	500	true	411.8
3007	13007	10.0	128	0.244199	0.386343	0.308925	0.006428	0.054104	8851	14003	11197	233	1961	36245	500	500	500	500	true	411.8
3007	13007	10.0	160	0.229845	0.394679	0.315301	0.005056	0.05512	8319	14285	11412	183	1995	36194	500	500	500	500	true	411.8
3007	13007	10.0	200	0.21489	0.402473	0.3221	0.003182	0.057354	7767	14547	11642	115	2073	36144	500	500	500	500	true	411.8
3007	13007	10.0	256	0.200072	0.410676	0.328701	0.002592	0.057959	7256	14894	11921	94	2102	36267	500	500	500	500	true	411.8
3007	13007	10.0	320	0.184279	0.417751	0.337882	0.002531	0.057556	6698	15184	12281	92	2092	36347	500	500	500	500	true	411.8
3007	13007	10.0	400	0.166469	0.428335	0.344481	0.002782	0.057932	6043	15549	12505	101	2103	36301	500	500	500	500	true	411.8
3007	13007	10.0	500	0.156724	0.433943	0.349127	0.001703	0.058504	5706	15799	12711	62	2130	36408	500	500	500	500	true	411.8
3007	13007	10.0	640	0.149541	0.435692	0.354664	0.001379	0.058725	5424	15803	12864	50	2130	36271	500	500	500	500	true	411.8
3007	13007	10.0	800	0.134978	0.445161	0.359712	0.000521	0.059627	4919	16223	13109	19	2173	36443	500	500	500	500	true	411.8
3007	13007	10.0	1000	0.125473	0.446844	0.36713	0.0	0.060552	4538	16161	13278	0	2190	36167	500	500	500	500	true	411.8
3007	13007	10.0	1280	0.115318	0.451591	0.372805	0.0	0.060286	4170	16330	13481	0	2180	36161	500	500	500	500	true	411.8
3007	13007	10.0	1600	0.108863	0.456565	0.37427	0.0	0.060302	3950	16566	13580	0	2188	36284	500	500	500	500	true	411.8
3007	13007	10.0	2000	0.101671	0.458325	0.379355	0.0	0.060648	3668	16535	13686	0	2188	36077	500	500	500	500	true	411.8
3007	13007	10.0	2560	0.09476	0.463955	0.380833	0.0	0.060452	3436	16823	13809	0	2192	36260	500	500	500	500	true	411.8
3007	13007	10.0	3200	0.090047	0.465472	0.383971	0.0	0.060511	3256	16831	13884	0	2188	36159	500	500	500	500	true	411.8
3007	13007	10.0	4000	0.085672	0.465462	0.388241	0.0	0.060625	3092	16799	14012	0	2188	36091	500	500	500	500	true	411.8
3007	13007	10.0	5000	0.081151	0.468068	0.390043	0.0	0.060738	2934	16923	14102	0	2196	36155	500	500	500	500	true	411.8
3007	13007	10.0	6400	0.072823	0.473375	0.393734	0.0	0.060069	2638	17148	14263	0	2176	36225	500	500	500	500	true	411.8
3007	13007	10.0	8000	0.06704	0.476674	0.39675	0.0	0.059536	2430	17278	14381	0	2158	36247	500	500	500	500	true	411.8
3007	13007	10.0	10000	0.060875	0.478365	0.400215	0.0	0.060544	2206	17335	14503	0	2194	36238	500	500	500	500	true	411.8
3008	13008	10.0	1	0.438946	0.278124	0.223428	0.026916	0.032586	16259	10302	8276	997	1207	37041	500	500	500	500	true	413.6
3008	13008	10.0	2	0.421562	0.291208	0.227844	0.025367	0.034019	15688	10837	8479	944	1266	37214	500	500	500	500	true	413.6
3008	13008	10.0	3	0.411505	0.296317	0.232554	0.024355	0.035269	15308	11023	8651	906	1312	37200	500	500	500	500	true	413.6
3008	13008	10.0	4	0.404647	0.299844	0.235476	0.022963	0.03707	15031	11138	8747	853	1377	37146	500	500	500	500	true	413.6
3008	13008	10.0	5	0.394088	0.306892	0.239473	0.022464	0.037082	14666	11421	8912	836	1380	37215	500	500	500	500	true	413.6
3008	13008	10.0	6	0.388038	0.309359	0.242685	0.021911	0.038007	14416	11493	9016	814	1412	37151	500	500	500	500	true	413.6
3008	13008	10.0	8	0.376503	0.318002	0.245515	0.020764	0.039216	13998	11823	9128	772	1458	37179	500	500	500	500	true	413.6
3008	13008	10.0	10	0.367452	0.320425	0.252197	0.021147	0.038779	13588	11849	9326	782	1434	36979	500	500	500	500	true	413.6
3008	13008	10.0	13	0.358683	0.324152	0.256913	0.020175	0.040077	13192	11922	9449	742	1474	36779	500	500	500	500	true	413.6
3008	13008	10.0	16	0.34452	0.332536	0.263051	0.019131	0.040762	12678	12237	9680	704	1500	36799	500	500	500	500	true	413.6
3008	13008	10.0	20	0.334733	0.336805	0.268266	0.018266	0.04193	12278	12354	9840	670	1538	36680	500	500	500	500	true	413.6
3008	13008	10.0	25	0.327331	0.340385	0.271968	0.01787	0.042445	11961	12438	9938	653	1551	36541	500	500	500	500	true	413.6
3008	13008	10.0	32	0.30871	0.350063	0.281296	0.015861	0.04407	11250	12757	10251	578	1606	36442	500	500	500	500	true	413.6
3008	13008	10.0	40	0.294413	0.355744	0.28978	0.014781	0.045282	10676	12900	10508	536	1642	36262	500	500	500	500	true	413.6
3008	13008	10.0	50	0.277599	0.365379	0.296738	0.015554	0.044731	10066	13249	10760	564	1622	36261	500	500	500	500	true	413.6
3008	13008	10.0	64	0.262489	0.373183	0.303865	0.014344	0.04612	9516	13529	11016	520	1672	36253	500	500	500	500	true	413.6
3008	13008	10.0	80	0.249434	0.381256	0.309331	0.011118	0.048861	9041	13819	11212	403	1771	36246	500	500	500	500	true	413.6
3008	13008	10.0	100	0.239147	0.386526	0.314161	0.010184	0.049982	8665	14005	11383	369	1811	36233	500	500	500	500	true	413.6
3008	13008	10.0	128	0.228543	0.393323	0.317602	0.007567	0.052966	8276	14243	11501	274	1918	36212	500	500	500	500	true	413.6
3008	13008	10.0	160	0.219283	0.396798	0.323205	0.006232	0.054481	7917	14326	11669	225	1967	36104	500	500	500	500	true	413.6
3008	13008	10.0	200	0.20984	0.4043	0.324945	0.004989	0.055926	7613	14668	11789	181	2029	36280	500	500	500	500	true	413.6
3008	13008	10.0	256	0.200625	0.409044	0.329463	0.003925	0.056942	7258	14798	11919	142	2060	36177	500	500	500	500	true	413.6
3008	13008	10.0	320	0.183103	0.416111	0.339373	0.002462	0.05895	6619	15042	12268	89	2131	36149	500	500	500	500	true	413.6
3008	13008	10.0	400	0.169435	0.424996	0.345135	0.000442	0.059992	6140	15401	12507	16	2174	36238	500	500	500	500	true	413.6
3008	13008	10.0	500	0.160075	0.430698	0.348869	0.0	0.060359	5808	15627	12658	0	2190	36283	500	500	500	500	true	413.6
3008	13008	10.0	640	0.148451	0.436605	0.354405	0.0	0.060539	5380	15823	12844	0	2194	36241	500	500	500	500	true	413.6
3008	13008	10.0	800	0.144127	0.436782	0.357853	0.0	0.061239	5206	15777	12926	0	2212	36121	500	500	500	500	true	413.6
3008	13008	10.0	1000	0.136626	0.44193	0.360482	0.0	0.060962	4962	16050	13092	0	2214	36318	500	500	500	500	true	413.6
3008	13008	10.0	1280	0.132143	0.443792	0.363173	0.0	0.060892	4796	16107	13181	0	2210	36294	500	500	500	500	true	413.6
3008	13008	10.0	1600	0.126974	0.446675	0.365597	0.0	0.060753	4598	16175	13239	0	2200	36212	500	500	500	500	true	413.6
3008	13008	10.0	2000	0.123991	0.448869	0.366769	0.0	0.060371	4502	16298	13317	0	2192	36309	500	500	500	500	true	413.6
3008	13008	10.0	2560	0.115939	0.451968	0.371363	0.0	0.06073	4200	16373	13453	0	2200	36226	500	500	500	500	true	413.6
3008	13008	10.0	3200	0.107016	0.458066	0.374529	0.0	0.060389	3888	16642	13607	0	2194	36331	500	500	500	500	true	413.6
3008	13008	10.0	4000	0.092829	0.462013	0.384933	0.0	0.060225	3354	16693	13908	0	2176	36131	500	500	500	500	true	413.6
3008	13008	10.0	5000	0.084618	0.46697	0.388318	0.0	0.060094	3064	16909	14061	0	2176	36210	500	500	500	500	true	413.6
3008	13008	10.0	6400	0.078968	0.47268	0.38877	0.0	0.059583	2876	17215	14159	0	2170	36420	500	500	500	500	true	413.6
3008	13008	10.0	8000	0.077758	0.471311	0.391227	0.0	0.059703	2808	17020	14128	0	2156	36112	500	500	500	500	true	413.6
3008	13008	10.0	10000	0.079685	0.469114	0.390841	0.0	0.060359	2878	16943	14116	0	2180	36117	500	500	500	500	true	413.6
3009	13009	10.0	1	0.427067	0.284415	0.228909	0.026376	0.033233	15819	10535	8479	977	1231	37041	500	500	500	500	true	415.4
3009	13009	10.0	2	0.415479	0.29339	0.231808	0.025547	0.033776	15450	10910	8620	950	1256	37186	500	500	500	500	true	415.4
3009	13009	10.0	3	0.405956	0.299189	0.235022	0.024558	0.035275	15076	11111	8728	912	1310	37137	500	500	500	500	true	415.4
3009	13009	10.0	4	0.398363	0.302777	0.239061	0.02493	0.034869	14749	11210	8851	923	1291	37024	500	500	500	500	true	415.4
3009	13009	10.0	5	0.392511	0.304677	0.242958	0.024412	0.035442	14519	11270	8987	903	1311	36990	500	500	500	500	true	415.4
3009	13009	10.0	6	0.386407	0.310021	0.244051	0.023987	0.035535	14321	11490	9045	889	1317	37062	500	500	500	500	true	415.4
3009	13009	10.0	8	0.3755	0.315494	0.249486	0.024273	0.035247	13892	11672	9230	898	1304	36996	500	500	500	500	true	415.4
3009	13009	10.0	10	0.371111	0.31701	0.252267	0.02321	0.036403	13671	11678	9293	855	1341	36838	500	500	500	500	true	415.4
3009	13009	10.0	13	0.360964	0.323407	0.25607	0.022518	0.037042	13321	11935	9450	831	1367	36904	500	500	500	500	true	415.4
3009	13009	10.0	16	0.351105	0.328435	0.260478	0.021799	0.038183	12901	12068	9571	801	1403	36744	500	500	500	500	true	415.4
3009	13009	10.0	20	0.341514	0.331818	0.266303	0.02046	0.039906	12469	12115	9723	747	1457	36511	500	500	500	500	true	415.4
3009	13009	10.0	25	0.326578	0.340435	0.273121	0.019855	0.040011	11925	12431	9973	725	1461	36515	500	500	500	500	true	415.4
3009	13009	10.0	32	0.312584	0.348127	0.279093	0.01877	0.041426	11424	12723	10200	686	1514	36547	500	500	500	500	true	415.4
3009	13009	10.0	40	0.295658	0.357076	0.287304	0.016625	0.043336	10759	12994	10455	605	1577	36390	500	500	500	500	true	415.4
3009	13009	10.0	50	0.281414	0.36259	0.296121	0.015259	0.044617	10199	13141	10732	553	1617	36242	500	500	500	500	true	415.4
3009	13009	10.0	64	0.268778	0.371528	0.299727	0.013406	0.046562	9744	13469	10866	486	1688	36253	500	500	500	500	true	415.4
3009	13009	10.0	80	0.254702	0.379061	0.306222	0.011666	0.048348	9235	13744	11103	423	1753	36258	500	500	500	500	true	415.4
3009	13009	10.0	100	0.240269	0.386888	0.313139	0.011957	0.047746	8741	14075	11392	435	1737	36380	500	500	500	500	true	415.4
3009	13009	10.0	128	0.22493	0.392544	0.322479	0.010624	0.049423	8151	14225	11686	385	1791	36238	500	500	500	500	true	415.4
3009	13009	10.0	160	0.214292	0.399829	0.325277	0.008784	0.051819	7758	14475	11776	318	1876	36203	500	500	500	500	true	415.4
3009	13009	10.0	200	0.201275	0.405915	0.332607	0.005215	0.054988	7295	14712	12055	189	1993	36244	500	500	500	500	true	415.4
3009	13009	10.0	256	0.187733	0.414708	0.337246	0.004971	0.055342	6798	15017	12212	180	2004	36211	500	500	500	500	true	415.4
3009	13009	10.0	320	0.175821	0.420393	0.343753	0.004938	0.055094	6373	15238	12460	179	1997	36247	500	500	500	500	true	415.4
3009	13009	10.0	400	0.171149	0.423312	0.344841	0.002543	0.058155	6192	15315	12476	92	2104	36179	500	500	500	500	true	415.4
3009	13009	10.0	500	0.1624	0.427177	0.349986	0.002046	0.058391	5874	15451	12659	74	2112	36170	500	500	500	500	true	415.4
3009	13009	10.0	640	0.151742	0.43512	0.353071	0.000883	0.059185	5502	15777	12802	32	2146	36259	500	500	500	500	true	415.4
3009	13009	10.0	800	0.148667	0.437196	0.354098	0.000248	0.059791	5403	15889	12869	9	2173	36343	500	500	500	500	true	415.4
3009	13009	10.0	1000	0.140992	0.439405	0.359201	0.0	0.060402	5098	15888	12988	0	2184	36158	500	500	500	500	true	415.4
3009	13009	10.0	1280	0.127245	0.446958	0.366092	0.0	0.059705	4612	16200	13269	0	2164	36245	500	500	500	500	true	415.4
3009	13009	10.0	1600	0.120296	0.44798	0.371023	0.0	0.060702	4344	16177	13398	0	2192	36111	500	500	500	500	true	415.4
3009	13009	10.0	2000	0.111348	0.453425	0.374955	0.0	0.060272	4020	16370	13537	0	2176	36103	500	500	500	500	true	415.4
3009	13009	10.0	2560	0.103869	0.457814	0.378198	0.0	0.06012	3756	16555	13676	0	2174	36161	500	500	500	500	true	415.4
3009	13009	10.0	3200	0.096742	0.460133	0.383214	0.0	0.059912	3504	16666	13880	0	2170	36220	500	500	500	500	true	415.4
3009	13009	10.0	4000	0.090451	0.466569	0.382587	0.0	0.060393	3286	16950	13899	0	2194	36329	500	500	500	500	true	415.4
3009	13009	10.0	5000	0.085577	0.466933	0.387338	0.0	0.060153	3090	16860	13986	0	2172	36108	500	500	500	500	true	415.4
3009	13009	10.0	6400	0.081168	0.470593	0.387913	0.0	0.060326	2952	17115	14108	0	2194	36369	500	500	500	500	true	415.4
3009	13009	10.0	8000	0.079069	0.470604	0.390239	0.0	0.060088	2866	17058	14145	0	2178	36247	500	500	500	500	true	415.4
3009	13009	10.0	10000	0.07161	0.474311	0.394212	0.0	0.059868	2598	17208	14302	0	2172	36280	500	500	500	500	true	415.4
3010	13010	10.0	1	0.419026	0.291755	0.230009	0.02275	0.036459	15527	10811	8523	843	1351	37055	500	500	500	500	true	413.3
3010	13010	10.0	2	0.408133	0.299477	0.232962	0.022789	0.036639	15205	11157	8679	849	1365	37255	500	500	500	500	true	413.3
3010	13010	10.0	3	0.399372	0.305437	0.235696	0.021807	0.037687	14889	11387	8787	813	1405	37281	500	500	500	500	true	413.3
3010	13010	10.0	4	0.394322	0.306697	0.239239	0.020972	0.038771	14666	11407	8898	780	1442	37193	500	500	500	500	true	413.3
3010	13010	10.0	5	0.39051	0.310717	0.239191	0.020451	0.039131	14550	11577	8912	762	1458	37259	500	500	500	500	true	413.3
3010	13010	10.0	6	0.383619	0.314965	0.241536	0.019665	0.040216	14299	11740	9003	733	1499	37274	500	500	500	500	true	413.3
3010	13010	10.0	8	0.373655	0.317429	0.249004	0.019221	0.040692	13783	11709	9185	709	1501	36887	500	500	500	500	true	413.3
3010	13010	10.0	10	0.364165	0.321464	0.254138	0.018265	0.041967	13398	11827	9350	672	1544	36791	500	500	500	500	true	413.3
3010	13010	10.0	13	0.349609	0.330035	0.260276	0.01691	0.043171	12860	12140	9574	622	1588	36784	500	500	500	500	true	413.3
3010	13010	10.0	16	0.336829	0.338241	0.265383	0.016598	0.042949	12399	12451	9769	611	1581	36811	500	500	500	500	true	413.3
3010	13010	10.0	20	0.326227	0.34158	0.271769	0.0159	0.044524	11921	12482	9931	581	1627	36542	500	500	500	500	true	413.3
3010	13010	10.0	25	0.317814	0.347613	0.274646	0.015009	0.044918	11625	12715	10046	549	1643	36578	500	500	500	500	true	413.3
3010	13010	10.0	32	0.303075	0.354786	0.282117	0.014265	0.045758	11048	12933	10284	520	1668	36453	500	500	500	500	true	413.3
3010	13010	10.0	40	0.29476	0.360326	0.285244	0.013793	0.045877	10749	13140	10402	503	1673	36467	500	500	500	500	true	413.3
3010	13010	10.0	50	0.280482	0.368448	0.291091	0.013596	0.046382	10232	13441	10619	496	1692	36480	500	500	500	500	true	413.3
3010	13010	10.0	64	0.268714	0.372433	0.29854	0.011408	0.048905	9775	13548	10860	415	1779	36377	500	500	500	500	true	413.3
3010	13010	10.0	80	0.255175	0.378554	0.306155	0.010627	0.049489	9245	13715	11092	385	1793	36230	500	500	500	500	true	413.3
3010	13010	10.0	100	0.245558	0.385196	0.309193	0.009862	0.050191	8914	13983	11224	358	1822	36301	500	500	500	500	true	413.3
3010	13010	10.0	128	0.23061	0.391619	0.317585	0.009251	0.050935	8376	14224	11535	336	1850	36321	500	500	500	500	true	413.3
3010	13010	10.0	160	0.222222	0.39664	0.320782	0.007944	0.052411	8056	14379	11629	288	1900	36252	500	500	500	500	true	413.3
3010	13010	10.0	200	0.210078	0.403598	0.325782	0.008196	0.052347	7613	14626	11806	297	1897	36239	500	500	500	500	true	413.3
3010	13010	10.0	256	0.191215	0.412154	0.336467	0.007638	0.052526	6935	14948	12203	277	1905	36268	500	500	500	500	true	413.3
3010	13010	10.0	320	0.177782	0.42022	0.341939	0.006689	0.05337	6459	15267	12423	243	1939	36331	500	500	500	500	true	413.3
3010	13010	10.0	400	0.16685	0.425903	0.347629	0.004918	0.054701	6073	15502	12653	179	1991	36398	500	500	500	500	true	413.3
3010	13010	10.0	500	0.154492	0.430843	0.35411	0.004349	0.056207	5577	15553	12783	157	2029	36099	500	500	500	500	true	413.3
3010	13010	10.0	640	0.14127	0.438392	0.360466	0.002784	0.057087	5125	15904	13077	101	2071	36278	500	500	500	500	true	413.3
3010	13010	10.0	800	0.131244	0.441997	0.366082	0.001247	0.05943	4737	15953	13213	45	2145	36093	500	500	500	500	true	413.3
3010	13010	10.0	1000	0.121273	0.448769	0.36906	0.001241	0.059657	4397	16271	13381	45	2163	36257	500	500	500	500	true	413.3
3010	13010	10.0	1280	0.118992	0.449975	0.370804	0.000359	0.059869	4303	16272	13409	13	2165	36162	500	500	500	500	true	413.3
3010	13010	10.0	1600	0.113252	0.455808	0.370663	0.0	0.060277	4126	16606	13504	0	2196	36432	500	500	500	500	true	413.3
3010	13010	10.0	2000	0.111443	0.452875	0.375207	0.0	0.060475	4032	16385	13575	0	2188	36180	500	500	500	500	true	413.3
3010	13010	10.0	2560	0.094259	0.463606	0.382162	0.0	0.059973	3420	16821	13866	0	2176	36283	500	500	500	500	true	413.3
3010	13010	10.0	3200	0.088119	0.464739	0.386868	0.0	0.060275	3190	16824	14005	0	2182	36201	500	500	500	500	true	413.3
3010	13010	10.0	4000	0.08588	0.468049	0.385113	0.0	0.060958	3122	17015	14000	0	2216	36353	500	500	500	500	true	413.3
3010	13010	10.0	5000	0.079867	0.468959	0.390141	0.0	0.061033	2892	16981	14127	0	2210	36210	500	500	500	500	true	413.3
3010	13010	10.0	6400	0.073449	0.473977	0.392331	0.0	0.060244	2670	17230	14262	0	2190	36352	500	500	500	500	true	413.3
3010	13010	10.0	8000	0.070054	0.475144	0.394353	0.0	0.060449	2538	17214	14287	0	2190	36229	500	500	500	500	true	413.3
3010	13010	10.0	10000	0.06617	0.476425	0.397049	0.0	0.060356	2390	17208	14341	0	2180	36119	500	500	500	500	true	413.3
3001	13001	15.0	1	0.442741	0.277773	0.220047	0.027472	0.031966	16551	10384	8226	1027	1195	37383	500	500	500	500	true	436.7
3001	13001	15.0	2	0.426327	0.288774	0.225493	0.025403	0.034003	16061	10879	8495	957	1281	37673	500	500	500	500	true	436.7
3001	13001	15.0	3	0.414244	0.29865	0.228012	0.024676	0.034419	15646	11280	8612	932	1300	37770	500	500	500	500	true	436.7
3001	13001	15.0	4	0.409045	0.301409	0.230445	0.02489	0.034211	15448	11383	8703	940	1292	37766	500	500	500	500	true	436.7
3001	13001	15.0	5	0.402236	0.30463	0.233803	0.024633	0.034698	15186	11501	8827	930	1310	37754	500	500	500	500	true	436.7
3001	13001	15.0	6	0.399522	0.307445	0.233736	0.022827	0.03647	15052	11583	8806	860	1374	37675	500	500	500	500	true	436.7
3001	13001	15.0	8	0.385274	0.314622	0.240913	0.021352	0.037839	14489	11832	9060	803	1423	37607	500	500	500	500	true	436.7
3001	13001	15.0	10	0.379864	0.317189	0.243259	0.019389	0.040299	14243	11893	9121	727	1511	37495	500	500	500	500	true	436.7
3001	13001	15.0	13	0.366293	0.324341	0.249357	0.018083	0.041926	13673	12107	9308	675	1565	37328	500	500	500	500	true	436.7
3001	13001	15.0	16	0.3489	0.335102	0.255982	0.016719	0.043298	13022	12507	9554	624	1616	37323	500	500	500	500	true	436.7
3001	13001	15.0	20	0.339414	0.341026	0.259484	0.014374	0.045701	12633	12693	9658	535	1701	37220	500	500	500	500	true	436.7
3001	13001	15.0	25	0.32366	0.34988	0.26702	0.013756	0.045683	12023	12997	9919	511	1697	37147	500	500	500	500	true	436.7
3001	13001	15.0	32	0.306038	0.356512	0.277931	0.012943	0.046575	11302	13166	10264	478	1720	36930	500	500	500	500	true	436.7
3001	13001	15.0	40	0.289903	0.364665	0.285862	0.012614	0.046956	10687	13443	10538	465	1731	36864	500	500	500	500	true	436.7
3001	13001	15.0	50	0.275643	0.373828	0.290599	0.010187	0.049743	10174	13798	10726	376	1836	36910	500	500	500	500	true	436.7
3001	13001	15.0	64	0.267449	0.378325	0.293748	0.008911	0.051566	9844	13925	10812	328	1898	36807	500	500	500	500	true	436.7
3001	13001	15.0	80	0.25387	0.383863	0.302034	0.007208	0.053024	9298	14059	11062	264	1942	36625	500	500	500	500	true	436.7
3001	13001	15.0	100	0.237671	0.395302	0.307161	0.005872	0.053994	8742	14540	11298	216	1986	36782	500	500	500	500	true	436.7
3001	13001	15.0	128	0.2181	0.405789	0.315885	0.005354	0.054872	8025	14931	11623	197	2019	36795	500	500	500	500	true	436.7
3001	13001	15.0	160	0.208824	0.407374	0.32385	0.004387	0.055565	7663	14949	11884	161	2039	36696	500	500	500	500	true	436.7
3001	13001	15.0	200	0.203395	0.41359	0.323332	0.002258	0.057425	7477	15204	11886	83	2111	36761	500	500	500	500	true	436.7
3001	13001	15.0	256	0.190534	0.420577	0.328663	0.001439	0.058787	7017	15489	12104	53	2165	36828	500	500	500	500	true	436.7
3001	13001	15.0	320	0.183028	0.424168	0.33279	0.001358	0.058656	6740	15620	12255	50	2160	36825	500	500	500	500	true	436.7
3001	13001	15.0	400	0.172573	0.426522	0.34029	0.000546	0.06007	6326	15635	12474	20	2202	36657	500	500	500	500	true	436.7
3001	13001	15.0	500	0.168686	0.431629	0.339762	0.0	0.059923	6210	15890	12508	0	2206	36814	500	500	500	500	true	436.7
3001	13001	15.0	640	0.159414	0.434804	0.345124	0.0	0.060659	5850	15956	12665	0	2226	36697	500	500	500	500	true	436.7
3001	13001	15.0	800	0.153016	0.437519	0.349933	0.000245	0.059287	5629	16095	12873	9	2181	36787	500	500	500	500	true	436.7
3001	13001	15.0	1000	0.140914	0.446092	0.353045	0.0	0.059949	5190	16430	13003	0	2208	36831	500	500	500	500	true	436.7
3001	13001	15.0	1280	0.131706	0.447812	0.36009	0.000164	0.060229	4824	16402	13189	6	2206	36627	500	500	500	500	true	436.7
3001	13001	15.0	1600	0.11976	0.455572	0.364598	0.0	0.06007	4414	16791	13438	0	2214	36857	500	500	500	500	true	436.7
3001	13001	15.0	2000	0.105852	0.460005	0.37346	0.0	0.060682	3876	16844	13675	0	2222	36617	500	500	500	500	true	436.7
3001	13001	15.0	2560	0.095023	0.465875	0.378815	0.0	0.060286	3496	17140	13937	0	2218	36791	500	500	500	500	true	436.7
3001	13001	15.0	3200	0.090377	0.468518	0.380128	0.0	0.060977	3320	17211	13964	0	2240	36735	500	500	500	500	true	436.7
3001	13001	15.0	4000	0.086382	0.469537	0.384328	0.0	0.059753	3166	17209	14086	0	2190	36651	500	500	500	500	true	436.7
3001	13001	15.0	5000	0.078704	0.476158	0.385106	0.0	0.060032	2900	17545	14190	0	2212	36847	500	500	500	500	true	436.7
3001	13001	15.0	6400	0.075267	0.476059	0.388103	0.0	0.060572	2776	17558	14314	0	2234	36882	500	500	500	500	true	436.7
3001	13001	15.0	8000	0.069046	0.478396	0.392279	0.0	0.060279	2536	17571	14408	0	2214	36729	500	500	500	500	true	436.7
3001	13001	15.0	10000	0.061902	0.482609	0.39587	0.0	0.05962	2278	17760	14568	0	2194	36800	500	500	500	500	true	436.7
3002	13002	15.0	1	0.431668	0.284233	0.224889	0.026417	0.032793	16112	10609	8394	986	1224	37325	500	500	500	500	true	447.2
3002	13002	15.0	2	0.420739	0.292242	0.228087	0.025044	0.033889	15792	10969	8561	940	1272	37534	500	500	500	500	true	447.2
3002	13002	15.0	3	0.40982	0.300478	0.230467	0.024098	0.035138	15442	11322	8684	908	1324	37680	500	500	500	500	true	447.2
3002	13002	15.0	4	0.402019	0.304276	0.234529	0.023745	0.035432	15136	11456	8830	894	1334	37650	500	500	500	500	true	447.2
3002	13002	15.0	5	0.394641	0.309914	0.236186	0.022076	0.037182	14891	11694	8912	833	1403	37733	500	500	500	500	true	447.2
3002	13002	15.0	6	0.3907	0.310509	0.239081	0.022052	0.037658	14670	11659	8977	828	1414	37548	500	500	500	500	true	447.2
3002	13002	15.0	8	0.375413	0.319757	0.244802	0.020365	0.039663	14084	11996	9184	764	1488	37516	500	500	500	500	true	447.2
3002	13002	15.0	10	0.36632	0.325653	0.248613	0.01992	0.039493	13737	12212	9323	747	1481	37500	500	500	500	500	true	447.2
3002	13002	15.0	13	0.355412	0.331022	0.253916	0.019196	0.040454	13275	12364	9484	717	1511	37351	500	500	500	500	true	447.2
3002	13002	15.0	16	0.340494	0.335825	0.263656	0.018407	0.041617	12616	12443	9769	682	1542	37052	500	500	500	500	true	447.2
3002	13002	15.0	20	0.330715	0.343753	0.264907	0.016466	0.04416	12252	12735	9814	610	1636	37047	500	500	500	500	true	447.2
3002	13002	15.0	25	0.31093	0.354506	0.275278	0.015576	0.04371	11538	13155	10215	578	1622	37108	500	500	500	500	true	447.2
3002	13002	15.0	32	0.295569	0.360401	0.283705	0.014742	0.045583	10887	13275	10450	543	1679	36834	500	500	500	500	true	447.2
3002	13002	15.0	40	0.288282	0.368166	0.283592	0.011249	0.048711	10635	13582	10462	415	1797	36891	500	500	500	500	true	447.2
3002	13002	15.0	50	0.271782	0.377306	0.291211	0.010122	0.049578	9988	13866	10702	372	1822	36750	500	500	500	500	true	447.2
3002	13002	15.0	64	0.256462	0.385916	0.2981	0.007773	0.051749	9436	14199	10968	286	1904	36793	500	500	500	500	true	447.2
3002	13002	15.0	80	0.24304	0.390369	0.306329	0.006517	0.053745	8913	14316	11234	239	1971	36673	500	500	500	500	true	447.2
3002	13002	15.0	100	0.225195	0.400944	0.313667	0.003474	0.056719	8298	14774	11558	128	2090	36848	500	500	500	500	true	447.2
3002	13002	15.0	128	0.20922	0.410075	0.3206	0.001989	0.058115	7679	15051	11767	73	2133	36703	500	500	500	500	true	447.2
3002	13002	15.0	160	0.194272	0.418701	0.326713	0.001897	0.058417	7170	15453	12058	70	2156	36907	500	500	500	500	true	447.2
3002	13002	15.0	200	0.182364	0.423387	0.333741	0.001006	0.059501	6709	15576	12278	37	2189	36789	500	500	500	500	true	447.2
3002	13002	15.0	256	0.171185	0.431515	0.337436	0.0	0.059863	6314	15916	12446	0	2208	36884	500	500	500	500	true	447.2
3002	13002	15.0	320	0.162867	0.434666	0.342418	0.0	0.060049	5994	15997	12602	0	2210	36803	500	500	500	500	true	447.2
3002	13002	15.0	400	0.144774	0.445905	0.350028	0.0	0.059292	5362	16515	12964	0	2196	37037	500	500	500	500	true	447.2
3002	13002	15.0	500	0.137499	0.447553	0.354962	0.0	0.059986	5052	16444	13042	0	2204	36742	500	500	500	500	true	447.2
3002	13002	15.0	640	0.127476	0.451626	0.361453	0.0	0.059445	4692	16623	13304	0	2188	36807	500	500	500	500	true	447.2
3002	13002	15.0	800	0.117861	0.455517	0.366224	0.0	0.060398	4336	16758	13473	0	2222	36789	500	500	500	500	true	447.2
3002	13002	15.0	1000	0.106088	0.459156	0.374784	0.0	0.059972	3874	16767	13686	0	2190	36517	500	500	500	500	true	447.2
3002	13002	15.0	1280	0.099501	0.463866	0.376332	0.0	0.0603	3650	17016	13805	0	2212	36683	500	500	500	500	true	447.2
3002	13002	15.0	1600	0.091607	0.470464	0.377885	0.0	0.060044	3390	17410	13984	0	2222	37006	500	500	500	500	true	447.2
3002	13002	15.0	2000	0.083979	0.471388	0.384788	0.0	0.059845	3076	17266	14094	0	2192	36628	500	500	500	500	true	447.2
3002	13002	15.0	2560	0.078298	0.476508	0.38507	0.0	0.060125	2878	17515	14154	0	2210	36757	500	500	500	500	true	447.2
3002	13002	15.0	3200	0.074785	0.475611	0.388842	0.0	0.060763	2752	17502	14309	0	2236	36799	500	500	500	500	true	447.2
3002	13002	15.0	4000	0.072277	0.476601	0.391027	0.0	0.060095	2658	17527	14380	0	2210	36775	500	500	500	500	true	447.2
3002	13002	15.0	5000	0.070239	0.478047	0.391703	0.0	0.060011	2582	17573	14399	0	2206	36760	500	500	500	500	true	447.2
3002	13002	15.0	6400	0.069324	0.481452	0.390012	0.0	0.059212	2564	17807	14425	0	2190	36986	500	500	500	500	true	447.2
3002	13002	15.0	8000	0.068982	0.481738	0.389401	0.0	0.059879	2546	17780	14372	0	2210	36908	500	500	500	500	true	447.2
3002	13002	15.0	10000	0.068605	0.479007	0.392502	0.0	0.059886	2518	17581	14406	0	2198	36703	500	500	500	500	true	447.2
3003	13003	15.0	1	0.430232	0.284119	0.226227	0.028074	0.031348	16030	10586	8429	1046	1168	37259	500	500	500	500	true	443.9
3003	13003	15.0	2	0.42202	0.290676	0.22796	0.027104	0.032241	15773	10864	8520	1013	1205	37375	500	500	500	500	true	443.9
3003	13003	15.0	3	0.410878	0.298015	0.231834	0.026595	0.032677	15403	11172	8691	997	1225	37488	500	500	500	500	true	443.9
3003	13003	15.0	4	0.401008	0.304495	0.235256	0.025675	0.033566	15041	11421	8824	963	1259	37508	500	500	500	500	true	443.9
3003	13003	15.0	5	0.394235	0.306405	0.239899	0.025674	0.033787	14772	11481	8989	962	1266	37470	500	500	500	500	true	443.9
3003	13003	15.0	6	0.389051	0.31115	0.240726	0.025424	0.033649	14568	11651	9014	952	1260	37445	500	500	500	500	true	443.9
3003	13003	15.0	8	0.380811	0.313226	0.245695	0.023461	0.036806	14154	11642	9132	872	1368	37168	500	500	500	500	true	443.9
3003	13003	15.0	10	0.367091	0.327515	0.246335	0.021268	0.037791	13774	12289	9243	798	1418	37522	500	500	500	500	true	443.9
3003	13003	15.0	13	0.350866	0.333459	0.256575	0.019906	0.039194	13061	12413	9551	741	1459	37225	500	500	500	500	true	443.9
3003	13003	15.0	16	0.342704	0.337992	0.259418	0.018284	0.041603	12727	12552	9634	679	1545	37137	500	500	500	500	true	443.9
3003	13003	15.0	20	0.327385	0.343907	0.268668	0.017953	0.042087	12127	12739	9952	665	1559	37042	500	500	500	500	true	443.9
3003	13003	15.0	25	0.313935	0.351582	0.274714	0.016991	0.042777	11566	12953	10121	626	1576	36842	500	500	500	500	true	443.9
3003	13003	15.0	32	0.30014	0.360411	0.279663	0.015405	0.04438	11125	13359	10366	571	1645	37066	500	500	500	500	true	443.9
3003	13003	15.0	40	0.287242	0.368933	0.28465	0.01339	0.045786	10640	13666	10544	496	1696	37042	500	500	500	500	true	443.9
3003	13003	15.0	50	0.27839	0.371995	0.289771	0.011027	0.048817	10225	13663	10643	405	1793	36729	500	500	500	500	true	443.9
3003	13003	15.0	64	0.255747	0.38585	0.298809	0.010725	0.048869	9467	14283	11061	397	1809	37017	500	500	500	500	true	443.9
3003	13003	15.0	80	0.250007	0.387347	0.303058	0.008606	0.050982	9180	14223	11128	316	1872	36719	500	500	500	500	true	443.9
3003	13003	15.0	100	0.235132	0.394017	0.310586	0.006529	0.053736	8607	14423	11369	239	1967	36605	500	500	500	500	true	443.9
3003	13003	15.0	128	0.226066	0.401742	0.312493	0.006214	0.053484	8331	14805	11516	229	1971	36852	500	500	500	500	true	443.9
3003	13003	15.0	160	0.214924	0.406209	0.319281	0.003704	0.055882	7892	14916	11724	136	2052	36720	500	500	500	500	true	443.9
3003	13003	15.0	200	0.197146	0.413728	0.329588	0.003007	0.056531	7212	15135	12057	110	2068	36582	500	500	500	500	true	443.9
3003	13003	15.0	256	0.177858	0.429495	0.333126	0.001515	0.058006	6574	15875	12313	56	2144	36962	500	500	500	500	true	443.9
3003	13003	15.0	320	0.167294	0.433323	0.339898	0.000488	0.058997	6176	15997	12548	18	2178	36917	500	500	500	500	true	443.9
3003	13003	15.0	400	0.159579	0.436342	0.344604	0.0	0.059475	5876	16067	12689	0	2190	36822	500	500	500	500	true	443.9
3003	13003	15.0	500	0.152299	0.439796	0.348476	0.000435	0.058995	5602	16177	12818	16	2170	36783	500	500	500	500	true	443.9
3003	13003	15.0	640	0.144436	0.44162	0.354627	0.00076	0.058557	5318	16260	13057	28	2156	36819	500	500	500	500	true	443.9
3003	13003	15.0	800	0.136687	0.446586	0.356958	0.000925	0.058844	5022	16408	13115	34	2162	36741	500	500	500	500	true	443.9
3003	13003	15.0	1000	0.128081	0.452746	0.359349	8.1e-5	0.059742	4723	16695	13251	3	2203	36875	500	500	500	500	true	443.9
3003	13003	15.0	1280	0.124632	0.452104	0.363674	0.000218	0.059372	4572	16585	13341	8	2178	36684	500	500	500	500	true	443.9
3003	13003	15.0	1600	0.118019	0.456526	0.365862	0.000407	0.059186	4349	16823	13482	15	2181	36850	500	500	500	500	true	443.9
3003	13003	15.0	2000	0.111672	0.46085	0.367573	0.0	0.059906	4116	16986	13548	0	2208	36858	500	500	500	500	true	443.9
3003	13003	15.0	2560	0.104245	0.463382	0.372581	5.4e-5	0.059739	3846	17096	13746	2	2204	36894	500	500	500	500	true	443.9
3003	13003	15.0	3200	0.100745	0.463196	0.376278	0.0	0.059781	3694	16984	13797	0	2192	36667	500	500	500	500	true	443.9
3003	13003	15.0	4000	0.098259	0.466116	0.375623	0.0	0.060002	3606	17106	13785	0	2202	36699	500	500	500	500	true	443.9
3003	13003	15.0	5000	0.095862	0.467054	0.376926	0.0	0.060158	3528	17189	13872	0	2214	36803	500	500	500	500	true	443.9
3003	13003	15.0	6400	0.095173	0.46673	0.378328	0.000163	0.059606	3500	17164	13913	6	2192	36775	500	500	500	500	true	443.9
3003	13003	15.0	8000	0.083188	0.472415	0.384879	2.7e-5	0.05949	3061	17383	14162	1	2189	36796	500	500	500	500	true	443.9
3003	13003	15.0	10000	0.080044	0.473823	0.38595	0.0	0.060183	2934	17368	14147	0	2206	36655	500	500	500	500	true	443.9
3004	13004	15.0	1	0.442778	0.275424	0.222246	0.028651	0.0309	16536	10286	8300	1070	1154	37346	500	500	500	500	true	446.9
3004	13004	15.0	2	0.433	0.284258	0.223245	0.028125	0.031371	16273	10683	8390	1057	1179	37582	500	500	500	500	true	446.9
3004	13004	15.0	3	0.418795	0.293904	0.228383	0.026887	0.032031	15794	11084	8613	1014	1208	37713	500	500	500	500	true	446.9
3004	13004	15.0	4	0.414635	0.296879	0.229238	0.025521	0.033728	15662	11214	8659	964	1274	37773	500	500	500	500	true	446.9
3004	13004	15.0	5	0.405809	0.301609	0.232956	0.02538	0.034247	15286	11361	8775	956	1290	37668	500	500	500	500	true	446.9
3004	13004	15.0	6	0.400244	0.306153	0.234036	0.023668	0.0359	15118	11564	8840	894	1356	37772	500	500	500	500	true	446.9
3004	13004	15.0	8	0.384136	0.314305	0.241665	0.023931	0.035962	14495	11860	9119	903	1357	37734	500	500	500	500	true	446.9
3004	13004	15.0	10	0.373339	0.318602	0.248369	0.023242	0.036447	14023	11967	9329	873	1369	37561	500	500	500	500	true	446.9
3004	13004	15.0	13	0.366571	0.322708	0.250654	0.021544	0.038523	13731	12088	9389	807	1443	37458	500	500	500	500	true	446.9
3004	13004	15.0	16	0.352244	0.331818	0.256102	0.020613	0.039221	13175	12411	9579	771	1467	37403	500	500	500	500	true	446.9
3004	13004	15.0	20	0.343292	0.337177	0.260104	0.019014	0.040414	12801	12573	9699	709	1507	37289	500	500	500	500	true	446.9
3004	13004	15.0	25	0.32995	0.343034	0.267681	0.018253	0.041082	12256	12742	9943	678	1526	37145	500	500	500	500	true	446.9
3004	13004	15.0	32	0.313855	0.351723	0.274231	0.018138	0.042052	11628	13031	10160	672	1558	37049	500	500	500	500	true	446.9
3004	13004	15.0	40	0.293161	0.363739	0.282935	0.016242	0.043923	10866	13482	10487	602	1628	37065	500	500	500	500	true	446.9
3004	13004	15.0	50	0.277106	0.36933	0.293226	0.016147	0.044192	10177	13564	10769	593	1623	36726	500	500	500	500	true	446.9
3004	13004	15.0	64	0.255174	0.382815	0.301419	0.013995	0.046597	9408	14114	11113	516	1718	36869	500	500	500	500	true	446.9
3004	13004	15.0	80	0.241503	0.389344	0.309124	0.011238	0.04879	8875	14308	11360	413	1793	36749	500	500	500	500	true	446.9
3004	13004	15.0	100	0.230182	0.396272	0.313159	0.007603	0.052784	8447	14542	11492	279	1937	36697	500	500	500	500	true	446.9
3004	13004	15.0	128	0.220251	0.403341	0.316176	0.006584	0.053648	8096	14826	11622	242	1972	36758	500	500	500	500	true	446.9
3004	13004	15.0	160	0.212376	0.407532	0.319219	0.004196	0.056677	7794	14956	11715	154	2080	36699	500	500	500	500	true	446.9
3004	13004	15.0	200	0.197914	0.416309	0.326017	0.002825	0.056935	7286	15326	12002	104	2096	36814	500	500	500	500	true	446.9
3004	13004	15.0	256	0.186072	0.422878	0.331801	0.002285	0.056964	6840	15545	12197	84	2094	36760	500	500	500	500	true	446.9
3004	13004	15.0	320	0.170967	0.429311	0.339781	0.001172	0.058769	6275	15757	12471	43	2157	36703	500	500	500	500	true	446.9
3004	13004	15.0	400	0.161048	0.433835	0.345443	0.001991	0.057683	5905	15907	12666	73	2115	36666	500	500	500	500	true	446.9
3004	13004	15.0	500	0.15153	0.441198	0.348024	0.00046	0.058789	5601	16308	12864	17	2173	36963	500	500	500	500	true	446.9
3004	13004	15.0	640	0.138702	0.444781	0.355841	0.0	0.060676	5084	16303	13043	0	2224	36654	500	500	500	500	true	446.9
3004	13004	15.0	800	0.132698	0.44817	0.359532	0.0	0.0596	4876	16468	13211	0	2190	36745	500	500	500	500	true	446.9
3004	13004	15.0	1000	0.126823	0.452041	0.361275	0.0	0.05986	4678	16674	13326	0	2208	36886	500	500	500	500	true	446.9
3004	13004	15.0	1280	0.118353	0.456072	0.365883	0.0	0.059692	4362	16809	13485	0	2200	36856	500	500	500	500	true	446.9
3004	13004	15.0	1600	0.11533	0.457416	0.367582	0.0	0.059672	4252	16864	13552	0	2200	36868	500	500	500	500	true	446.9
3004	13004	15.0	2000	0.108858	0.460316	0.370766	0.0	0.060061	4020	16999	13692	0	2218	36929	500	500	500	500	true	446.9
3004	13004	15.0	2560	0.096146	0.46677	0.37755	0.0	0.059534	3540	17186	13901	0	2192	36819	500	500	500	500	true	446.9
3004	13004	15.0	3200	0.094113	0.466958	0.378808	0.0	0.060121	3472	17227	13975	0	2218	36892	500	500	500	500	true	446.9
3004	13004	15.0	4000	0.088566	0.467922	0.382719	0.0	0.060793	3240	17118	14001	0	2224	36583	500	500	500	500	true	446.9
3004	13004	15.0	5000	0.087891	0.469653	0.381953	0.0	0.060504	3222	17217	14002	0	2218	36659	500	500	500	500	true	446.9
3004	13004	15.0	6400	0.086369	0.470833	0.382966	0.0	0.059832	3170	17281	14056	0	2196	36703	500	500	500	500	true	446.9
3004	13004	15.0	8000	0.087712	0.46847	0.384054	0.0	0.059764	3220	17198	14099	0	2194	36711	500	500	500	500	true	446.9
3004	13004	15.0	10000	0.086161	0.47187	0.381787	0.0	0.060182	3164	17328	14020	0	2210	36722	500	500	500	500	true	446.9
3005	13005	15.0	1	0.426916	0.284781	0.228492	0.024151	0.035661	15874	10589	8496	898	1326	37183	500	500	500	500	true	449.7
3005	13005	15.0	2	0.412549	0.297857	0.229836	0.022549	0.037209	15478	11175	8623	846	1396	37518	500	500	500	500	true	449.7
3005	13005	15.0	3	0.401188	0.30625	0.233443	0.02197	0.037149	15065	11500	8766	825	1395	37551	500	500	500	500	true	449.7
3005	13005	15.0	4	0.391593	0.311196	0.237007	0.021631	0.038573	14700	11682	8897	812	1448	37539	500	500	500	500	true	449.7
3005	13005	15.0	5	0.389625	0.312626	0.23781	0.021745	0.038193	14639	11746	8935	817	1435	37572	500	500	500	500	true	449.7
3005	13005	15.0	6	0.384014	0.31526	0.241466	0.020882	0.038377	14399	11821	9054	783	1439	37496	500	500	500	500	true	449.7
3005	13005	15.0	8	0.372628	0.321433	0.246795	0.020446	0.038697	13924	12011	9222	764	1446	37367	500	500	500	500	true	449.7
3005	13005	15.0	10	0.358973	0.329958	0.251703	0.020038	0.039328	13436	12350	9421	750	1472	37429	500	500	500	500	true	449.7
3005	13005	15.0	13	0.345917	0.335039	0.259054	0.019898	0.040093	12847	12443	9621	739	1489	37139	500	500	500	500	true	449.7
3005	13005	15.0	16	0.335897	0.34071	0.263807	0.019952	0.039634	12492	12671	9811	742	1474	37190	500	500	500	500	true	449.7
3005	13005	15.0	20	0.327678	0.344131	0.268756	0.0191	0.040335	12129	12738	9948	707	1493	37015	500	500	500	500	true	449.7
3005	13005	15.0	25	0.308765	0.355771	0.275917	0.019391	0.040156	11449	13192	10231	719	1489	37080	500	500	500	500	true	449.7
3005	13005	15.0	32	0.298277	0.357856	0.283716	0.017097	0.043055	10939	13124	10405	627	1579	36674	500	500	500	500	true	449.7
3005	13005	15.0	40	0.282992	0.368523	0.288891	0.014273	0.045321	10409	13555	10626	525	1667	36782	500	500	500	500	true	449.7
3005	13005	15.0	50	0.271764	0.373444	0.294883	0.013561	0.046347	9980	13714	10829	498	1702	36723	500	500	500	500	true	449.7
3005	13005	15.0	64	0.259945	0.379065	0.301035	0.011822	0.048134	9521	13884	11026	433	1763	36627	500	500	500	500	true	449.7
3005	13005	15.0	80	0.241708	0.391393	0.30709	0.010358	0.049451	8891	14397	11296	381	1819	36784	500	500	500	500	true	449.7
3005	13005	15.0	100	0.226719	0.401115	0.312754	0.010822	0.04859	8380	14826	11560	400	1796	36962	500	500	500	500	true	449.7
3005	13005	15.0	128	0.214011	0.404798	0.321235	0.00648	0.053476	7860	14867	11798	238	1964	36727	500	500	500	500	true	449.7
3005	13005	15.0	160	0.198599	0.413225	0.328536	0.005833	0.053807	7286	15160	12053	214	1974	36687	500	500	500	500	true	449.7
3005	13005	15.0	200	0.188093	0.420078	0.331806	0.004392	0.055631	6938	15495	12239	162	2052	36886	500	500	500	500	true	449.7
3005	13005	15.0	256	0.180938	0.423413	0.33501	0.002665	0.057974	6654	15571	12320	98	2132	36775	500	500	500	500	true	449.7
3005	13005	15.0	320	0.173236	0.428159	0.338409	0.003214	0.056983	6360	15719	12424	118	2092	36713	500	500	500	500	true	449.7
3005	13005	15.0	400	0.166553	0.431409	0.341934	0.001444	0.05866	6113	15834	12550	53	2153	36703	500	500	500	500	true	449.7
3005	13005	15.0	500	0.154307	0.439437	0.346398	0.001761	0.058099	5697	16224	12789	65	2145	36920	500	500	500	500	true	449.7
3005	13005	15.0	640	0.143848	0.44197	0.353696	0.001638	0.058849	5270	16192	12958	60	2156	36636	500	500	500	500	true	449.7
3005	13005	15.0	800	0.138372	0.4451	0.356558	0.0	0.05997	5090	16373	13116	0	2206	36785	500	500	500	500	true	449.7
3005	13005	15.0	1000	0.122019	0.4546	0.363718	8.2e-5	0.059582	4487	16717	13375	3	2191	36773	500	500	500	500	true	449.7
3005	13005	15.0	1280	0.11512	0.456557	0.368255	0.000327	0.059741	4224	16752	13512	12	2192	36692	500	500	500	500	true	449.7
3005	13005	15.0	1600	0.102137	0.460872	0.376059	0.0	0.060932	3738	16867	13763	0	2230	36598	500	500	500	500	true	449.7
3005	13005	15.0	2000	0.097067	0.467164	0.375428	0.0	0.060341	3568	17172	13800	0	2218	36758	500	500	500	500	true	449.7
3005	13005	15.0	2560	0.086311	0.46882	0.384364	0.0	0.060505	3164	17186	14090	0	2218	36658	500	500	500	500	true	449.7
3005	13005	15.0	3200	0.080332	0.47161	0.387125	0.0	0.060932	2940	17260	14168	0	2230	36598	500	500	500	500	true	449.7
3005	13005	15.0	4000	0.067731	0.48099	0.390609	0.0	0.06067	2494	17711	14383	0	2234	36822	500	500	500	500	true	449.7
3005	13005	15.0	5000	0.065304	0.480939	0.394166	0.0	0.05959	2400	17675	14486	0	2190	36751	500	500	500	500	true	449.7
3005	13005	15.0	6400	0.062529	0.484218	0.393714	0.0	0.059538	2300	17811	14482	0	2190	36783	500	500	500	500	true	449.7
3005	13005	15.0	8000	0.061585	0.481568	0.396951	0.0	0.059897	2262	17688	14580	0	2200	36730	500	500	500	500	true	449.7
3005	13005	15.0	10000	0.049187	0.489491	0.4013	0.0	0.060022	1816	18072	14816	0	2216	36920	500	500	500	500	true	449.7
3006	13006	15.0	1	0.428395	0.282041	0.230131	0.031813	0.027621	15944	10497	8565	1184	1028	37218	500	500	500	500	true	435.6
3006	13006	15.0	2	0.418759	0.290887	0.231061	0.031247	0.028045	15693	10901	8659	1171	1051	37475	500	500	500	500	true	435.6
3006	13006	15.0	3	0.410475	0.295592	0.233965	0.030225	0.029744	15346	11051	8747	1130	1112	37386	500	500	500	500	true	435.6
3006	13006	15.0	4	0.405144	0.300533	0.234941	0.028811	0.03057	15201	11276	8815	1081	1147	37520	500	500	500	500	true	435.6
3006	13006	15.0	5	0.392983	0.307395	0.239671	0.028804	0.031147	14762	11547	9003	1082	1170	37564	500	500	500	500	true	435.6
3006	13006	15.0	6	0.386782	0.309415	0.244261	0.028675	0.030867	14473	11578	9140	1073	1155	37419	500	500	500	500	true	435.6
3006	13006	15.0	8	0.374273	0.317895	0.248358	0.027414	0.032059	14021	11909	9304	1027	1201	37462	500	500	500	500	true	435.6
3006	13006	15.0	10	0.363072	0.323441	0.25392	0.027455	0.032111	13568	12087	9489	1026	1200	37370	500	500	500	500	true	435.6
3006	13006	15.0	13	0.352122	0.32972	0.258471	0.025213	0.034474	13156	12319	9657	942	1288	37362	500	500	500	500	true	435.6
3006	13006	15.0	16	0.342161	0.33336	0.264599	0.024999	0.03488	12674	12348	9801	926	1292	37041	500	500	500	500	true	435.6
3006	13006	15.0	20	0.333637	0.341311	0.265595	0.023691	0.035765	12435	12721	9899	883	1333	37271	500	500	500	500	true	435.6
3006	13006	15.0	25	0.319613	0.345166	0.275878	0.02203	0.037313	11795	12738	10181	813	1377	36904	500	500	500	500	true	435.6
3006	13006	15.0	32	0.307346	0.352437	0.280709	0.019565	0.039943	11342	13006	10359	722	1474	36903	500	500	500	500	true	435.6
3006	13006	15.0	40	0.298149	0.358073	0.283664	0.01742	0.042694	10971	13176	10438	641	1571	36797	500	500	500	500	true	435.6
3006	13006	15.0	50	0.278847	0.366888	0.29477	0.017423	0.042071	10227	13456	10811	639	1543	36676	500	500	500	500	true	435.6
3006	13006	15.0	64	0.260156	0.379303	0.300451	0.015009	0.045081	9568	13950	11050	552	1658	36778	500	500	500	500	true	435.6
3006	13006	15.0	80	0.252372	0.384024	0.303626	0.011314	0.048664	9257	14086	11137	415	1785	36680	500	500	500	500	true	435.6
3006	13006	15.0	100	0.242409	0.389098	0.308585	0.010248	0.049659	8894	14276	11322	376	1822	36690	500	500	500	500	true	435.6
3006	13006	15.0	128	0.2282	0.39929	0.312661	0.0074	0.052449	8419	14731	11535	273	1935	36893	500	500	500	500	true	435.6
3006	13006	15.0	160	0.219367	0.403219	0.317403	0.007147	0.052864	8042	14782	11636	262	1938	36660	500	500	500	500	true	435.6
3006	13006	15.0	200	0.207811	0.408203	0.323812	0.005925	0.054249	7646	15019	11914	218	1996	36793	500	500	500	500	true	435.6
3006	13006	15.0	256	0.199294	0.414031	0.326378	0.004819	0.055478	7278	15120	11919	176	2026	36519	500	500	500	500	true	435.6
3006	13006	15.0	320	0.18953	0.417859	0.332698	0.004897	0.055014	6966	15358	12228	180	2022	36754	500	500	500	500	true	435.6
3006	13006	15.0	400	0.174659	0.427657	0.338065	0.003433	0.056185	6410	15695	12407	126	2062	36700	500	500	500	500	true	435.6
3006	13006	15.0	500	0.163137	0.430236	0.346034	0.003576	0.057017	5977	15763	12678	131	2089	36638	500	500	500	500	true	435.6
3006	13006	15.0	640	0.148848	0.440871	0.35046	0.002551	0.05727	5484	16243	12912	94	2110	36843	500	500	500	500	true	435.6
3006	13006	15.0	800	0.139722	0.445296	0.354737	0.00038	0.059865	5144	16394	13060	14	2204	36816	500	500	500	500	true	435.6
3006	13006	15.0	1000	0.130086	0.449293	0.360658	0.0	0.059964	4764	16454	13208	0	2196	36622	500	500	500	500	true	435.6
3006	13006	15.0	1280	0.126123	0.451554	0.362501	0.0	0.059823	4634	16591	13319	0	2198	36742	500	500	500	500	true	435.6
3006	13006	15.0	1600	0.117161	0.456813	0.366576	0.0	0.059451	4308	16797	13479	0	2186	36770	500	500	500	500	true	435.6
3006	13006	15.0	2000	0.112678	0.45842	0.369105	0.0	0.059797	4138	16835	13555	0	2196	36724	500	500	500	500	true	435.6
3006	13006	15.0	2560	0.107817	0.461676	0.370609	0.0	0.059898	3978	17034	13674	0	2210	36896	500	500	500	500	true	435.6
3006	13006	15.0	3200	0.098745	0.465428	0.375536	0.0	0.06029	3636	17138	13828	0	2220	36822	500	500	500	500	true	435.6
3006	13006	15.0	4000	0.098733	0.464351	0.377306	0.0	0.05961	3624	17044	13849	0	2188	36705	500	500	500	500	true	435.6
3006	13006	15.0	5000	0.096399	0.465204	0.377596	0.0	0.060801	3542	17093	13874	0	2234	36743	500	500	500	500	true	435.6
3006	13006	15.0	6400	0.077931	0.476242	0.385759	0.0	0.060068	2862	17490	14167	0	2206	36725	500	500	500	500	true	435.6
3006	13006	15.0	8000	0.073109	0.476394	0.390187	0.000191	0.060119	2679	17457	14298	7	2203	36644	500	500	500	500	true	435.6
3006	13006	15.0	10000	0.064053	0.480451	0.394556	0.0	0.06094	2346	17597	14451	0	2232	36626	500	500	500	500	true	435.6
3007	13007	15.0	1	0.450358	0.274969	0.21513	0.025029	0.034515	16806	10261	8028	934	1288	37317	500	500	500	500	true	444.4
3007	13007	15.0	2	0.43599	0.285844	0.218395	0.023087	0.036684	16354	10722	8192	866	1376	37510	500	500	500	500	true	444.4
3007	13007	15.0	3	0.426777	0.292919	0.220652	0.022336	0.037315	16069	11029	8308	841	1405	37652	500	500	500	500	true	444.4
3007	13007	15.0	4	0.417061	0.297935	0.225028	0.021234	0.038742	15674	11197	8457	798	1456	37582	500	500	500	500	true	444.4
3007	13007	15.0	5	0.412199	0.302557	0.225657	0.019623	0.039964	15523	11394	8498	739	1505	37659	500	500	500	500	true	444.4
3007	13007	15.0	6	0.399327	0.311321	0.229781	0.018364	0.041207	15069	11748	8671	693	1555	37736	500	500	500	500	true	444.4
3007	13007	15.0	8	0.386344	0.316569	0.237174	0.018017	0.041897	14496	11878	8899	676	1572	37521	500	500	500	500	true	444.4
3007	13007	15.0	10	0.379621	0.320001	0.240945	0.017348	0.042085	14180	11953	9000	648	1572	37353	500	500	500	500	true	444.4
3007	13007	15.0	13	0.36959	0.324678	0.246027	0.016346	0.043358	13792	12116	9181	610	1618	37317	500	500	500	500	true	444.4
3007	13007	15.0	16	0.361786	0.328623	0.249616	0.016528	0.043447	13440	12208	9273	614	1614	37149	500	500	500	500	true	444.4
3007	13007	15.0	20	0.344983	0.337426	0.257678	0.015626	0.044287	12783	12503	9548	579	1641	37054	500	500	500	500	true	444.4
3007	13007	15.0	25	0.33482	0.343497	0.261827	0.014319	0.045536	12463	12786	9746	533	1695	37223	500	500	500	500	true	444.4
3007	13007	15.0	32	0.316772	0.353988	0.269683	0.012766	0.046791	11712	13088	9971	472	1730	36973	500	500	500	500	true	444.4
3007	13007	15.0	40	0.293026	0.365774	0.281604	0.012585	0.047011	10827	13515	10405	465	1737	36949	500	500	500	500	true	444.4
3007	13007	15.0	50	0.275005	0.374291	0.290992	0.010314	0.049399	10132	13790	10721	380	1820	36843	500	500	500	500	true	444.4
3007	13007	15.0	64	0.258901	0.382105	0.299488	0.008085	0.051421	9511	14037	11002	297	1889	36736	500	500	500	500	true	444.4
3007	13007	15.0	80	0.243098	0.392391	0.304946	0.007935	0.05163	8946	14440	11222	292	1900	36800	500	500	500	500	true	444.4
3007	13007	15.0	100	0.231919	0.396879	0.311567	0.006835	0.052799	8517	14575	11442	251	1939	36724	500	500	500	500	true	444.4
3007	13007	15.0	128	0.215652	0.405026	0.319617	0.006085	0.05362	7903	14843	11713	223	1965	36647	500	500	500	500	true	444.4
3007	13007	15.0	160	0.206017	0.409908	0.323796	0.004197	0.056082	7560	15042	11882	154	2058	36696	500	500	500	500	true	444.4
3007	13007	15.0	200	0.192096	0.417654	0.330477	0.00464	0.055134	7038	15302	12108	170	2020	36638	500	500	500	500	true	444.4
3007	13007	15.0	256	0.180054	0.425422	0.334469	0.002616	0.057439	6608	15613	12275	96	2108	36700	500	500	500	500	true	444.4
3007	13007	15.0	320	0.167171	0.431145	0.341891	0.002126	0.057668	6134	15820	12545	78	2116	36693	500	500	500	500	true	444.4
3007	13007	15.0	400	0.153884	0.437261	0.348409	0.001357	0.05909	5672	16117	12842	50	2178	36859	500	500	500	500	true	444.4
3007	13007	15.0	500	0.147351	0.441618	0.351273	0.000708	0.059049	5410	16214	12897	26	2168	36715	500	500	500	500	true	444.4
3007	13007	15.0	640	0.134543	0.447598	0.358111	0.000489	0.05926	4954	16481	13186	18	2182	36821	500	500	500	500	true	444.4
3007	13007	15.0	800	0.12862	0.450835	0.360782	0.00019	0.059574	4739	16611	13293	7	2195	36845	500	500	500	500	true	444.4
3007	13007	15.0	1000	0.115167	0.458964	0.365363	0.0	0.060506	4256	16961	13502	0	2236	36955	500	500	500	500	true	444.4
3007	13007	15.0	1280	0.109614	0.457738	0.372391	0.0	0.060257	4002	16712	13596	0	2200	36510	500	500	500	500	true	444.4
3007	13007	15.0	1600	0.106937	0.462228	0.371408	0.0	0.059427	3948	17065	13712	0	2194	36919	500	500	500	500	true	444.4
3007	13007	15.0	2000	0.100615	0.465111	0.374612	0.0	0.059662	3700	17104	13776	0	2194	36774	500	500	500	500	true	444.4
3007	13007	15.0	2560	0.098717	0.465346	0.375707	0.0	0.06023	3632	17121	13823	0	2216	36792	500	500	500	500	true	444.4
3007	13007	15.0	3200	0.098607	0.465673	0.375651	0.0	0.060069	3618	17086	13783	0	2204	36691	500	500	500	500	true	444.4
3007	13007	15.0	4000	0.095578	0.470267	0.374959	0.0	0.059196	3536	17398	13872	0	2190	36996	500	500	500	500	true	444.4
3007	13007	15.0	5000	0.092808	0.469706	0.378092	0.0	0.059395	3422	17319	13941	0	2190	36872	500	500	500	500	true	444.4
3007	13007	15.0	6400	0.090897	0.469407	0.380385	0.0	0.059311	3344	17269	13994	0	2182	36789	500	500	500	500	true	444.4
3007	13007	15.0	8000	0.088098	0.46983	0.381432	0.0	0.060639	3234	17247	14002	0	2226	36709	500	500	500	500	true	444.4
3007	13007	15.0	10000	0.07391	0.474385	0.391823	0.0	0.059882	2708	17381	14356	0	2194	36639	500	500	500	500	true	444.4
3008	13008	15.0	1	0.435567	0.281921	0.222973	0.027275	0.032263	16241	10512	8314	1017	1203	37287	500	500	500	500	true	443.1
3008	13008	15.0	2	0.422281	0.291523	0.22688	0.025108	0.034209	15776	10891	8476	938	1278	37359	500	500	500	500	true	443.1
3008	13008	15.0	3	0.411784	0.298116	0.230728	0.024235	0.035137	15411	11157	8635	907	1315	37425	500	500	500	500	true	443.1
3008	13008	15.0	4	0.401985	0.304731	0.233944	0.022733	0.036607	15066	11421	8768	852	1372	37479	500	500	500	500	true	443.1
3008	13008	15.0	5	0.391513	0.311348	0.237329	0.021897	0.037914	14715	11702	8920	823	1425	37585	500	500	500	500	true	443.1
3008	13008	15.0	6	0.381404	0.317266	0.242159	0.021114	0.038058	14361	11946	9118	795	1433	37653	500	500	500	500	true	443.1
3008	13008	15.0	8	0.371545	0.321657	0.247306	0.020996	0.038496	13927	12057	9270	787	1443	37484	500	500	500	500	true	443.1
3008	13008	15.0	10	0.362394	0.326784	0.250868	0.021195	0.038759	13576	12242	9398	794	1452	37462	500	500	500	500	true	443.1
3008	13008	15.0	13	0.350812	0.334471	0.255325	0.01962	0.039773	13160	12547	9578	736	1492	37513	500	500	500	500	true	443.1
3008	13008	15.0	16	0.34545	0.336866	0.258719	0.01961	0.039355	12877	12557	9644	731	1467	37276	500	500	500	500	true	443.1
3008	13008	15.0	20	0.3318	0.342697	0.265929	0.019508	0.040066	12331	12736	9883	725	1489	37164	500	500	500	500	true	443.1
3008	13008	15.0	25	0.324018	0.344522	0.271387	0.019146	0.040927	11931	12686	9993	705	1507	36822	500	500	500	500	true	443.1
3008	13008	15.0	32	0.305185	0.356226	0.278446	0.016715	0.043428	11265	13149	10278	617	1603	36912	500	500	500	500	true	443.1
3008	13008	15.0	40	0.296004	0.361478	0.282784	0.015287	0.044447	10882	13289	10396	562	1634	36763	500	500	500	500	true	443.1
3008	13008	15.0	50	0.276591	0.371038	0.292836	0.013523	0.046012	10165	13636	10762	497	1691	36751	500	500	500	500	true	443.1
3008	13008	15.0	64	0.255185	0.382259	0.302657	0.011773	0.048126	9364	14027	11106	432	1766	36695	500	500	500	500	true	443.1
3008	13008	15.0	80	0.239318	0.391981	0.308559	0.010757	0.049385	8810	14430	11359	396	1818	36813	500	500	500	500	true	443.1
3008	13008	15.0	100	0.227627	0.397274	0.3154	0.009149	0.05055	8335	14547	11549	335	1851	36617	500	500	500	500	true	443.1
3008	13008	15.0	128	0.209656	0.407713	0.322753	0.004858	0.05502	7682	14939	11826	178	2016	36641	500	500	500	500	true	443.1
3008	13008	15.0	160	0.196611	0.414524	0.328503	0.003922	0.056439	7218	15218	12060	144	2072	36712	500	500	500	500	true	443.1
3008	13008	15.0	200	0.185482	0.421818	0.332619	0.002198	0.057883	6835	15544	12257	81	2133	36850	500	500	500	500	true	443.1
3008	13008	15.0	256	0.177454	0.426134	0.336046	0.001198	0.059169	6520	15657	12347	44	2174	36742	500	500	500	500	true	443.1
3008	13008	15.0	320	0.171408	0.431287	0.337582	0.001682	0.05804	6320	15902	12447	62	2140	36871	500	500	500	500	true	443.1
3008	13008	15.0	400	0.164592	0.433696	0.341929	0.000245	0.059538	6057	15960	12583	9	2191	36800	500	500	500	500	true	443.1
3008	13008	15.0	500	0.155055	0.438244	0.346114	0.000218	0.060369	5702	16116	12728	8	2220	36774	500	500	500	500	true	443.1
3008	13008	15.0	640	0.13999	0.446542	0.353442	0.0	0.060027	5168	16485	13048	0	2216	36917	500	500	500	500	true	443.1
3008	13008	15.0	800	0.128766	0.448772	0.36149	0.0	0.060972	4718	16443	13245	0	2234	36640	500	500	500	500	true	443.1
3008	13008	15.0	1000	0.117893	0.45632	0.365263	0.0	0.060524	4336	16783	13434	0	2226	36779	500	500	500	500	true	443.1
3008	13008	15.0	1280	0.108686	0.458828	0.371592	0.0	0.060894	3998	16878	13669	0	2240	36785	500	500	500	500	true	443.1
3008	13008	15.0	1600	0.102543	0.462588	0.374585	0.0	0.060284	3766	16989	13757	0	2214	36726	500	500	500	500	true	443.1
3008	13008	15.0	2000	0.100044	0.463072	0.376353	8.2e-5	0.06045	3679	17029	13840	3	2223	36774	500	500	500	500	true	443.1
3008	13008	15.0	2560	0.101146	0.464699	0.374204	0.0	0.059951	3732	17146	13807	0	2212	36897	500	500	500	500	true	443.1
3008	13008	15.0	3200	0.096769	0.463568	0.37968	0.0	0.059983	3546	16987	13913	0	2198	36644	500	500	500	500	true	443.1
3008	13008	15.0	4000	0.097089	0.46742	0.37559	0.0	0.059901	3582	17245	13857	0	2210	36894	500	500	500	500	true	443.1
3008	13008	15.0	5000	0.093269	0.467462	0.379178	0.000109	0.059982	3424	17161	13920	4	2202	36711	500	500	500	500	true	443.1
3008	13008	15.0	6400	0.086115	0.470413	0.383535	0.000164	0.059773	3158	17251	14065	6	2192	36672	500	500	500	500	true	443.1
3008	13008	15.0	8000	0.081066	0.47088	0.388062	0.0	0.059992	2962	17205	14179	0	2192	36538	500	500	500	500	true	443.1
3008	13008	15.0	10000	0.077109	0.475721	0.386926	0.0	0.060245	2844	17546	14271	0	2222	36883	500	500	500	500	true	443.1
3009	13009	15.0	1	0.42633	0.286969	0.227163	0.026491	0.033047	15868	10681	8455	986	1230	37220	500	500	500	500	true	446.3
3009	13009	15.0	2	0.416821	0.293881	0.230066	0.025354	0.033877	15552	10965	8584	946	1264	37311	500	500	500	500	true	446.3
3009	13009	15.0	3	0.404923	0.300391	0.234801	0.024452	0.035433	15119	11216	8767	913	1323	37338	500	500	500	500	true	446.3
3009	13009	15.0	4	0.397787	0.305192	0.237274	0.024676	0.035071	14847	11391	8856	921	1309	37324	500	500	500	500	true	446.3
3009	13009	15.0	5	0.38962	0.311787	0.239227	0.024437	0.034929	14557	11649	8938	913	1305	37362	500	500	500	500	true	446.3
3009	13009	15.0	6	0.385401	0.313071	0.242211	0.024315	0.035002	14424	11717	9065	910	1310	37426	500	500	500	500	true	446.3
3009	13009	15.0	8	0.372355	0.319502	0.24862	0.024324	0.0352	13900	11927	9281	908	1314	37330	500	500	500	500	true	446.3
3009	13009	15.0	10	0.363729	0.322822	0.253982	0.023421	0.036045	13542	12019	9456	872	1342	37231	500	500	500	500	true	446.3
3009	13009	15.0	13	0.346505	0.332957	0.261505	0.022419	0.036613	12890	12386	9728	834	1362	37200	500	500	500	500	true	446.3
3009	13009	15.0	16	0.334573	0.338833	0.267448	0.021701	0.037444	12411	12569	9921	805	1389	37095	500	500	500	500	true	446.3
3009	13009	15.0	20	0.32501	0.345288	0.270217	0.019496	0.039989	12053	12805	10021	723	1483	37085	500	500	500	500	true	446.3
3009	13009	15.0	25	0.315828	0.350182	0.274349	0.019404	0.040237	11703	12976	10166	719	1491	37055	500	500	500	500	true	446.3
3009	13009	15.0	32	0.304068	0.35674	0.279523	0.018796	0.040873	11211	13153	10306	693	1507	36870	500	500	500	500	true	446.3
3009	13009	15.0	40	0.28674	0.365302	0.288773	0.016016	0.04317	10581	13480	10656	591	1593	36901	500	500	500	500	true	446.3
3009	13009	15.0	50	0.272747	0.372592	0.29527	0.01535	0.044041	10039	13714	10868	565	1621	36807	500	500	500	500	true	446.3
3009	13009	15.0	64	0.261489	0.378215	0.300843	0.013418	0.046036	9588	13868	11031	492	1688	36667	500	500	500	500	true	446.3
3009	13009	15.0	80	0.242404	0.391671	0.306674	0.010499	0.048752	8935	14437	11304	387	1797	36860	500	500	500	500	true	446.3
3009	13009	15.0	100	0.232249	0.394865	0.313489	0.009772	0.049625	8485	14426	11453	357	1813	36534	500	500	500	500	true	446.3
3009	13009	15.0	128	0.212819	0.406483	0.321469	0.00758	0.051649	7833	14961	11832	279	1901	36806	500	500	500	500	true	446.3
3009	13009	15.0	160	0.206234	0.410753	0.323288	0.005662	0.054063	7576	15089	11876	208	1986	36735	500	500	500	500	true	446.3
3009	13009	15.0	200	0.200098	0.414362	0.326164	0.004849	0.054528	7387	15297	12041	179	2013	36917	500	500	500	500	true	446.3
3009	13009	15.0	256	0.188326	0.418653	0.333097	0.004031	0.055893	6914	15370	12229	148	2052	36713	500	500	500	500	true	446.3
3009	13009	15.0	320	0.180534	0.425801	0.333904	0.002879	0.056882	6646	15675	12292	106	2094	36813	500	500	500	500	true	446.3
3009	13009	15.0	400	0.168651	0.430669	0.340756	0.002039	0.057885	6203	15840	12533	75	2129	36780	500	500	500	500	true	446.3
3009	13009	15.0	500	0.161408	0.432701	0.345948	0.002016	0.057926	5924	15881	12697	74	2126	36702	500	500	500	500	true	446.3
3009	13009	15.0	640	0.151399	0.438265	0.349776	0.001312	0.059248	5540	16037	12799	48	2168	36592	500	500	500	500	true	446.3
3009	13009	15.0	800	0.146746	0.442247	0.351135	0.000815	0.059057	5402	16280	12926	30	2174	36812	500	500	500	500	true	446.3
3009	13009	15.0	1000	0.133615	0.450612	0.356334	0.0	0.059439	4932	16633	13153	0	2194	36912	500	500	500	500	true	446.3
3009	13009	15.0	1280	0.123711	0.454097	0.362453	0.0	0.05974	4560	16738	13360	0	2202	36860	500	500	500	500	true	446.3
3009	13009	15.0	1600	0.117858	0.455545	0.365709	0.000272	0.060616	4332	16744	13442	10	2228	36756	500	500	500	500	true	446.3
3009	13009	15.0	2000	0.112615	0.458506	0.368589	0.0	0.06029	4128	16807	13511	0	2210	36656	500	500	500	500	true	446.3
3009	13009	15.0	2560	0.106796	0.463883	0.368752	0.0	0.06057	3946	17140	13625	0	2238	36949	500	500	500	500	true	446.3
3009	13009	15.0	3200	0.101585	0.463696	0.374585	0.0	0.060134	3730	17026	13754	0	2208	36718	500	500	500	500	true	446.3
3009	13009	15.0	4000	0.094956	0.467187	0.377564	0.0	0.060293	3490	17171	13877	0	2216	36754	500	500	500	500	true	446.3
3009	13009	15.0	5000	0.092532	0.468581	0.378522	0.0	0.060366	3406	17248	13933	0	2222	36809	500	500	500	500	true	446.3
3009	13009	15.0	6400	0.079305	0.474036	0.386692	0.0	0.059967	2920	17454	14238	0	2208	36820	500	500	500	500	true	446.3
3009	13009	15.0	8000	0.080939	0.472785	0.386034	0.0	0.060242	2980	17407	14213	0	2218	36818	500	500	500	500	true	446.3
3009	13009	15.0	10000	0.068589	0.479984	0.391542	0.0	0.059886	2522	17649	14397	0	2202	36770	500	500	500	500	true	446.3
3010	13010	15.0	1	0.420356	0.29134	0.229155	0.023826	0.035323	15649	10846	8531	887	1315	37228	500	500	500	500	true	437.7
3010	13010	15.0	2	0.409097	0.302035	0.229445	0.023407	0.036015	15380	11355	8626	880	1354	37595	500	500	500	500	true	437.7
3010	13010	15.0	3	0.397329	0.310987	0.232424	0.022117	0.037144	14965	11713	8754	833	1399	37664	500	500	500	500	true	437.7
3010	13010	15.0	4	0.38775	0.315486	0.237501	0.021423	0.03784	14643	11914	8969	809	1429	37764	500	500	500	500	true	437.7
3010	13010	15.0	5	0.385685	0.316974	0.23834	0.020958	0.038043	14538	11948	8984	790	1434	37694	500	500	500	500	true	437.7
3010	13010	15.0	6	0.378021	0.323337	0.239406	0.018898	0.040338	14282	12216	9045	714	1524	37781	500	500	500	500	true	437.7
3010	13010	15.0	8	0.367501	0.327674	0.245683	0.018226	0.040916	13832	12333	9247	686	1540	37638	500	500	500	500	true	437.7
3010	13010	15.0	10	0.359214	0.33107	0.24986	0.018718	0.041137	13491	12434	9384	703	1545	37557	500	500	500	500	true	437.7
3010	13010	15.0	13	0.3453	0.336325	0.25858	0.017976	0.04182	12889	12554	9652	671	1561	37327	500	500	500	500	true	437.7
3010	13010	15.0	16	0.328072	0.346106	0.265797	0.016587	0.043437	12243	12916	9919	619	1621	37318	500	500	500	500	true	437.7
3010	13010	15.0	20	0.321326	0.348242	0.270079	0.016004	0.044349	11926	12925	10024	594	1646	37115	500	500	500	500	true	437.7
3010	13010	15.0	25	0.308045	0.355221	0.276928	0.015653	0.044153	11414	13162	10261	580	1636	37053	500	500	500	500	true	437.7
3010	13010	15.0	32	0.295009	0.361672	0.283569	0.014422	0.045328	10882	13341	10460	532	1672	36887	500	500	500	500	true	437.7
3010	13010	15.0	40	0.283825	0.368899	0.287247	0.014043	0.045987	10449	13581	10575	517	1693	36815	500	500	500	500	true	437.7
3010	13010	15.0	50	0.271189	0.37761	0.291063	0.011008	0.04913	10002	13927	10735	406	1812	36882	500	500	500	500	true	437.7
3010	13010	15.0	64	0.255993	0.384927	0.299134	0.010453	0.049494	9429	14178	11018	385	1823	36833	500	500	500	500	true	437.7
3010	13010	15.0	80	0.243994	0.390233	0.305482	0.00789	0.052401	8968	14343	11228	290	1926	36755	500	500	500	500	true	437.7
3010	13010	15.0	100	0.22613	0.399679	0.314618	0.007535	0.052037	8313	14693	11566	277	1913	36762	500	500	500	500	true	437.7
3010	13010	15.0	128	0.20907	0.408895	0.321608	0.006135	0.054292	7667	14995	11794	225	1991	36672	500	500	500	500	true	437.7
3010	13010	15.0	160	0.197857	0.414996	0.327151	0.00514	0.054856	7275	15259	12029	189	2017	36769	500	500	500	500	true	437.7
3010	13010	15.0	200	0.184318	0.420564	0.335436	0.002976	0.056707	6751	15404	12286	109	2077	36627	500	500	500	500	true	437.7
3010	13010	15.0	256	0.179328	0.424779	0.335945	0.002693	0.057256	6593	15617	12351	99	2105	36765	500	500	500	500	true	437.7
3010	13010	15.0	320	0.168589	0.431242	0.340417	0.002558	0.057194	6196	15849	12511	94	2102	36752	500	500	500	500	true	437.7
3010	13010	15.0	400	0.159479	0.432966	0.347617	0.00172	0.058218	5843	15863	12736	63	2133	36638	500	500	500	500	true	437.7
3010	13010	15.0	500	0.147852	0.440726	0.35189	0.000653	0.05888	5434	16198	12933	24	2164	36753	500	500	500	500	true	437.7
3010	13010	15.0	640	0.142294	0.443819	0.35375	0.0	0.060136	5234	16325	13012	0	2212	36783	500	500	500	500	true	437.7
3010	13010	15.0	800	0.135368	0.443948	0.360507	0.0	0.060176	4940	16201	13156	0	2196	36493	500	500	500	500	true	437.7
3010	13010	15.0	1000	0.132521	0.448109	0.359335	0.0	0.060034	4874	16481	13216	0	2208	36779	500	500	500	500	true	437.7
3010	13010	15.0	1280	0.117593	0.455277	0.367028	0.0	0.060102	4324	16741	13496	0	2210	36771	500	500	500	500	true	437.7
3010	13010	15.0	1600	0.098327	0.466658	0.375704	0.0	0.059312	3614	17152	13809	0	2180	36755	500	500	500	500	true	437.7
3010	13010	15.0	2000	0.092538	0.469675	0.378089	0.0	0.059698	3404	17277	13908	0	2196	36785	500	500	500	500	true	437.7
3010	13010	15.0	2560	0.092878	0.466676	0.380199	0.0	0.060248	3410	17134	13959	0	2212	36715	500	500	500	500	true	437.7
3010	13010	15.0	3200	0.090689	0.469521	0.379566	5.4e-5	0.060169	3334	17261	13954	2	2212	36763	500	500	500	500	true	437.7
3010	13010	15.0	4000	0.084926	0.472388	0.382629	0.0	0.060056	3128	17399	14093	0	2212	36832	500	500	500	500	true	437.7
3010	13010	15.0	5000	0.076552	0.478383	0.38509	0.0	0.059974	2826	17660	14216	0	2214	36916	500	500	500	500	true	437.7
3010	13010	15.0	6400	0.06443	0.480459	0.394968	0.0	0.060142	2374	17703	14553	0	2216	36846	500	500	500	500	true	437.7
3010	13010	15.0	8000	0.055787	0.485863	0.398536	0.0	0.059814	2050	17854	14645	0	2198	36747	500	500	500	500	true	437.7
3010	13010	15.0	10000	0.05169	0.486914	0.401264	0.0	0.060132	1898	17879	14734	0	2208	36719	500	500	500	500	true	437.7
3001	13001	20.0	1	0.442872	0.277978	0.220037	0.027158	0.031955	16617	10430	8256	1019	1199	37521	500	500	500	500	true	456.8
3001	13001	20.0	2	0.429292	0.289856	0.222131	0.026271	0.03245	16259	10978	8413	995	1229	37874	500	500	500	500	true	456.8
3001	13001	20.0	3	0.418559	0.297219	0.225078	0.025389	0.033755	15909	11297	8555	965	1283	38009	500	500	500	500	true	456.8
3001	13001	20.0	4	0.409625	0.304496	0.227226	0.024194	0.034458	15644	11629	8678	924	1316	38191	500	500	500	500	true	456.8
3001	13001	20.0	5	0.400084	0.308287	0.232413	0.023897	0.035319	15202	11714	8831	908	1342	37997	500	500	500	500	true	456.8
3001	13001	20.0	6	0.394138	0.311476	0.235345	0.023516	0.035524	14967	11828	8937	893	1349	37974	500	500	500	500	true	456.8
3001	13001	20.0	8	0.382089	0.318565	0.239976	0.021981	0.037389	14532	12116	9127	836	1422	38033	500	500	500	500	true	456.8
3001	13001	20.0	10	0.371049	0.326274	0.24282	0.022151	0.037707	14121	12417	9241	843	1435	38057	500	500	500	500	true	456.8
3001	13001	20.0	13	0.352213	0.336538	0.251238	0.019652	0.040358	13370	12775	9537	746	1532	37960	500	500	500	500	true	456.8
3001	13001	20.0	16	0.340699	0.341573	0.257849	0.018573	0.041306	12859	12892	9732	701	1559	37743	500	500	500	500	true	456.8
3001	13001	20.0	20	0.329196	0.350759	0.260529	0.015595	0.043921	12412	13225	9823	588	1656	37704	500	500	500	500	true	456.8
3001	13001	20.0	25	0.317128	0.355258	0.267951	0.014222	0.045441	11885	13314	10042	533	1703	37477	500	500	500	500	true	456.8
3001	13001	20.0	32	0.30548	0.361133	0.273769	0.012588	0.04703	11406	13484	10222	470	1756	37338	500	500	500	500	true	456.8
3001	13001	20.0	40	0.293663	0.366622	0.280532	0.011547	0.047637	10936	13653	10447	430	1774	37240	500	500	500	500	true	456.8
3001	13001	20.0	50	0.278058	0.377021	0.285338	0.008784	0.050798	10351	14035	10622	327	1891	37226	500	500	500	500	true	456.8
3001	13001	20.0	64	0.263147	0.384165	0.293408	0.007937	0.051344	9748	14231	10869	294	1902	37044	500	500	500	500	true	456.8
3001	13001	20.0	80	0.248295	0.393212	0.299027	0.005364	0.054101	9211	14587	11093	199	2007	37097	500	500	500	500	true	456.8
3001	13001	20.0	100	0.23701	0.399439	0.30353	0.005123	0.054898	8790	14814	11257	190	2036	37087	500	500	500	500	true	456.8
3001	13001	20.0	128	0.228923	0.405102	0.30645	0.005409	0.054116	8507	15054	11388	201	2011	37161	500	500	500	500	true	456.8
3001	13001	20.0	160	0.21157	0.412715	0.316085	0.003835	0.055796	7834	15282	11704	142	2066	37028	500	500	500	500	true	456.8
3001	13001	20.0	200	0.197659	0.419887	0.322797	0.001915	0.057742	7329	15569	11969	71	2141	37079	500	500	500	500	true	456.8
3001	13001	20.0	256	0.191496	0.423434	0.324691	0.000647	0.059731	7098	15695	12035	24	2214	37066	500	500	500	500	true	456.8
3001	13001	20.0	320	0.187849	0.426366	0.3257	0.000749	0.059335	7022	15938	12175	28	2218	37381	500	500	500	500	true	456.8
3001	13001	20.0	400	0.178573	0.428965	0.332532	0.000513	0.059416	6609	15876	12307	19	2199	37010	500	500	500	500	true	456.8
3001	13001	20.0	500	0.164025	0.436412	0.339776	0.002129	0.057658	6085	16190	12605	79	2139	37098	500	500	500	500	true	456.8
3001	13001	20.0	640	0.163038	0.435234	0.341766	0.000807	0.059154	6058	16172	12699	30	2198	37157	500	500	500	500	true	456.8
3001	13001	20.0	800	0.146964	0.443809	0.349081	0.0	0.060146	5444	16440	12931	0	2228	37043	500	500	500	500	true	456.8
3001	13001	20.0	1000	0.137091	0.447936	0.354453	0.00027	0.060251	5074	16579	13119	10	2230	37012	500	500	500	500	true	456.8
3001	13001	20.0	1280	0.125102	0.453766	0.359939	0.0	0.061193	4608	16714	13258	0	2254	36834	500	500	500	500	true	456.8
3001	13001	20.0	1600	0.110077	0.464077	0.364463	0.001368	0.060015	4103	17298	13585	51	2237	37274	500	500	500	500	true	456.8
3001	13001	20.0	2000	0.114184	0.460607	0.364849	0.000619	0.059741	4245	17124	13564	23	2221	37177	500	500	500	500	true	456.8
3001	13001	20.0	2560	0.1092	0.464854	0.365703	0.0	0.060243	4064	17300	13610	0	2242	37216	500	500	500	500	true	456.8
3001	13001	20.0	3200	0.099552	0.468261	0.372386	0.000188	0.059613	3709	17446	13874	7	2221	37257	500	500	500	500	true	456.8
3001	13001	20.0	4000	0.089755	0.472582	0.378345	0.0	0.059318	3344	17607	14096	0	2210	37257	500	500	500	500	true	456.8
3001	13001	20.0	5000	0.080479	0.479115	0.380503	0.0	0.059903	2996	17836	14165	0	2230	37227	500	500	500	500	true	456.8
3001	13001	20.0	6400	0.070476	0.482059	0.387939	0.0	0.059526	2626	17962	14455	0	2218	37261	500	500	500	500	true	456.8
3001	13001	20.0	8000	0.07063	0.48245	0.387445	0.0	0.059475	2634	17992	14449	0	2218	37293	500	500	500	500	true	456.8
3001	13001	20.0	10000	0.065328	0.485694	0.3895	0.0	0.059477	2434	18096	14512	0	2216	37258	500	500	500	500	true	456.8
3002	13002	20.0	1	0.428137	0.286812	0.225703	0.026952	0.032396	16044	10748	8458	1010	1214	37474	500	500	500	500	true	465.3
3002	13002	20.0	2	0.419138	0.296042	0.22557	0.026034	0.033216	15874	11212	8543	986	1258	37873	500	500	500	500	true	465.3
3002	13002	20.0	3	0.405511	0.304884	0.230441	0.023971	0.035193	15394	11574	8748	910	1336	37962	500	500	500	500	true	465.3
3002	13002	20.0	4	0.399974	0.309313	0.231026	0.022987	0.0367	15225	11774	8794	875	1397	38065	500	500	500	500	true	465.3
3002	13002	20.0	5	0.389114	0.316661	0.234908	0.021699	0.037619	14812	12054	8942	826	1432	38066	500	500	500	500	true	465.3
3002	13002	20.0	6	0.386211	0.317895	0.236421	0.021737	0.037737	14676	12080	8984	826	1434	38000	500	500	500	500	true	465.3
3002	13002	20.0	8	0.379982	0.320383	0.239983	0.019849	0.039803	14358	12106	9068	750	1504	37786	500	500	500	500	true	465.3
3002	13002	20.0	10	0.369408	0.326632	0.244438	0.020052	0.03947	13964	12347	9240	758	1492	37801	500	500	500	500	true	465.3
3002	13002	20.0	13	0.357252	0.335559	0.247387	0.0185	0.041302	13537	12715	9374	701	1565	37892	500	500	500	500	true	465.3
3002	13002	20.0	16	0.34516	0.341932	0.25338	0.015874	0.043654	13046	12924	9577	600	1650	37797	500	500	500	500	true	465.3
3002	13002	20.0	20	0.335178	0.346084	0.259044	0.016227	0.043467	12600	13010	9738	610	1634	37592	500	500	500	500	true	465.3
3002	13002	20.0	25	0.321334	0.353644	0.265427	0.014485	0.045111	12024	13233	9932	542	1688	37419	500	500	500	500	true	465.3
3002	13002	20.0	32	0.305199	0.360833	0.274392	0.01413	0.045446	11383	13458	10234	527	1695	37297	500	500	500	500	true	465.3
3002	13002	20.0	40	0.286524	0.371377	0.282683	0.012275	0.047141	10667	13826	10524	457	1755	37229	500	500	500	500	true	465.3
3002	13002	20.0	50	0.272266	0.380423	0.288688	0.010274	0.048348	10097	14108	10706	381	1793	37085	500	500	500	500	true	465.3
3002	13002	20.0	64	0.259611	0.38756	0.29219	0.010546	0.050093	9650	14406	10861	392	1862	37171	500	500	500	500	true	465.3
3002	13002	20.0	80	0.247572	0.393771	0.299372	0.007377	0.051907	9229	14679	11160	275	1935	37278	500	500	500	500	true	465.3
3002	13002	20.0	100	0.229892	0.399778	0.310134	0.006133	0.054062	8509	14797	11479	227	2001	37013	500	500	500	500	true	465.3
3002	13002	20.0	128	0.207414	0.414639	0.317918	0.003903	0.056127	7705	15403	11810	145	2085	37148	500	500	500	500	true	465.3
3002	13002	20.0	160	0.19588	0.41745	0.326242	0.002747	0.057681	7274	15502	12115	102	2142	37135	500	500	500	500	true	465.3
3002	13002	20.0	200	0.180598	0.428985	0.330798	0.003134	0.056486	6743	16017	12351	117	2109	37337	500	500	500	500	true	465.3
3002	13002	20.0	256	0.160865	0.440219	0.339658	0.001396	0.057862	5994	16403	12656	52	2156	37261	500	500	500	500	true	465.3
3002	13002	20.0	320	0.157594	0.440728	0.341856	0.000804	0.059017	5880	16444	12755	30	2202	37311	500	500	500	500	true	465.3
3002	13002	20.0	400	0.147056	0.447413	0.345951	0.000507	0.059073	5509	16761	12960	19	2213	37462	500	500	500	500	true	465.3
3002	13002	20.0	500	0.139312	0.448944	0.351817	0.00075	0.059177	5198	16751	13127	28	2208	37312	500	500	500	500	true	465.3
3002	13002	20.0	640	0.133685	0.451611	0.354618	0.001184	0.058901	4966	16776	13173	44	2188	37147	500	500	500	500	true	465.3
3002	13002	20.0	800	0.129608	0.454943	0.35523	0.000536	0.059683	4834	16968	13249	20	2226	37297	500	500	500	500	true	465.3
3002	13002	20.0	1000	0.12052	0.458652	0.360729	0.001233	0.058866	4496	17110	13457	46	2196	37305	500	500	500	500	true	465.3
3002	13002	20.0	1280	0.118679	0.456556	0.363984	0.001158	0.059622	4405	16946	13510	43	2213	37117	500	500	500	500	true	465.3
3002	13002	20.0	1600	0.109802	0.461996	0.367557	0.000942	0.059704	4081	17171	13661	35	2219	37167	500	500	500	500	true	465.3
3002	13002	20.0	2000	0.102953	0.465236	0.37227	0.0	0.059542	3804	17190	13755	0	2200	36949	500	500	500	500	true	465.3
3002	13002	20.0	2560	0.093313	0.473862	0.373495	0.000724	0.058606	3479	17667	13925	27	2185	37283	500	500	500	500	true	465.3
3002	13002	20.0	3200	0.075727	0.479188	0.38459	8.1e-5	0.060414	2809	17775	14266	3	2241	37094	500	500	500	500	true	465.3
3002	13002	20.0	4000	0.064079	0.483953	0.391651	0.0	0.060316	2384	18005	14571	0	2244	37204	500	500	500	500	true	465.3
3002	13002	20.0	5000	0.059785	0.486171	0.394043	0.0	0.060001	2220	18053	14632	0	2228	37133	500	500	500	500	true	465.3
3002	13002	20.0	6400	0.053505	0.491244	0.394762	0.0	0.060489	1992	18289	14697	0	2252	37230	500	500	500	500	true	465.3
3002	13002	20.0	8000	0.051603	0.493978	0.395321	0.0	0.059097	1928	18456	14770	0	2208	37362	500	500	500	500	true	465.3
3002	13002	20.0	10000	0.053523	0.489887	0.39688	0.0	0.05971	1990	18214	14756	0	2220	37180	500	500	500	500	true	465.3
3003	13003	20.0	1	0.43114	0.283479	0.226006	0.028214	0.031161	16091	10580	8435	1053	1163	37322	500	500	500	500	true	470.6
3003	13003	20.0	2	0.41992	0.292611	0.228265	0.026751	0.032453	15760	10982	8567	1004	1218	37531	500	500	500	500	true	470.6
3003	13003	20.0	3	0.410944	0.299486	0.2305	0.025611	0.033459	15500	11296	8694	966	1262	37718	500	500	500	500	true	470.6
3003	13003	20.0	4	0.403012	0.304806	0.232799	0.025749	0.033635	15229	11518	8797	973	1271	37788	500	500	500	500	true	470.6
3003	13003	20.0	5	0.394236	0.316022	0.23116	0.024736	0.033846	15061	12073	8831	945	1293	38203	500	500	500	500	true	470.6
3003	13003	20.0	6	0.388805	0.315889	0.236244	0.023936	0.035125	14733	11970	8952	907	1331	37893	500	500	500	500	true	470.6
3003	13003	20.0	8	0.376506	0.323265	0.241138	0.022377	0.036715	14285	12265	9149	849	1393	37941	500	500	500	500	true	470.6
3003	13003	20.0	10	0.361965	0.330839	0.248274	0.021501	0.037421	13687	12510	9388	813	1415	37813	500	500	500	500	true	470.6
3003	13003	20.0	13	0.352907	0.335944	0.251845	0.020494	0.038811	13294	12655	9487	772	1462	37670	500	500	500	500	true	470.6
3003	13003	20.0	16	0.339506	0.341552	0.259485	0.019261	0.040197	12779	12856	9767	725	1513	37640	500	500	500	500	true	470.6
3003	13003	20.0	20	0.328205	0.350579	0.261905	0.017033	0.042278	12351	13193	9856	641	1591	37632	500	500	500	500	true	470.6
3003	13003	20.0	25	0.320541	0.351312	0.268425	0.015453	0.044269	11969	13118	10023	577	1653	37340	500	500	500	500	true	470.6
3003	13003	20.0	32	0.302563	0.365208	0.273111	0.013497	0.045621	11321	13665	10219	505	1707	37417	500	500	500	500	true	470.6
3003	13003	20.0	40	0.291448	0.371501	0.277438	0.010994	0.048619	10922	13922	10397	412	1822	37475	500	500	500	500	true	470.6
3003	13003	20.0	50	0.281221	0.376	0.283476	0.009553	0.04975	10480	14012	10564	356	1854	37266	500	500	500	500	true	470.6
3003	13003	20.0	64	0.266529	0.385496	0.288586	0.008442	0.050947	9945	14384	10768	315	1901	37313	500	500	500	500	true	470.6
3003	13003	20.0	80	0.254387	0.390581	0.295293	0.00659	0.053149	9496	14580	11023	246	1984	37329	500	500	500	500	true	470.6
3003	13003	20.0	100	0.233403	0.402625	0.304847	0.002717	0.056407	8677	14968	11333	101	2097	37176	500	500	500	500	true	470.6
3003	13003	20.0	128	0.220091	0.409428	0.310207	0.001719	0.058555	8194	15243	11549	64	2180	37230	500	500	500	500	true	470.6
3003	13003	20.0	160	0.206788	0.417938	0.315213	0.002088	0.057973	7726	15615	11777	78	2166	37362	500	500	500	500	true	470.6
3003	13003	20.0	200	0.197773	0.417872	0.323648	0.000892	0.059816	7317	15460	11974	33	2213	36997	500	500	500	500	true	470.6
3003	13003	20.0	256	0.185051	0.427417	0.327747	0.001235	0.05855	6890	15914	12203	46	2180	37233	500	500	500	500	true	470.6
3003	13003	20.0	320	0.169658	0.434436	0.336446	0.000885	0.058574	6323	16191	12539	33	2183	37269	500	500	500	500	true	470.6
3003	13003	20.0	400	0.166282	0.436155	0.33777	0.000322	0.059471	6196	16252	12586	12	2216	37262	500	500	500	500	true	470.6
3003	13003	20.0	500	0.155548	0.43881	0.345968	0.000569	0.059105	5745	16207	12778	21	2183	36934	500	500	500	500	true	470.6
3003	13003	20.0	640	0.142498	0.445723	0.351561	0.000297	0.059921	5277	16506	13019	11	2219	37032	500	500	500	500	true	470.6
3003	13003	20.0	800	0.137885	0.448539	0.353144	0.000351	0.06008	5111	16626	13090	13	2227	37067	500	500	500	500	true	470.6
3003	13003	20.0	1000	0.12505	0.456459	0.358879	0.000134	0.059477	4657	16999	13365	5	2215	37241	500	500	500	500	true	470.6
3003	13003	20.0	1280	0.116843	0.458519	0.363516	0.0	0.061121	4328	16984	13465	0	2264	37041	500	500	500	500	true	470.6
3003	13003	20.0	1600	0.110147	0.46691	0.363357	0.0	0.059585	4126	17490	13611	0	2232	37459	500	500	500	500	true	470.6
3003	13003	20.0	2000	0.106382	0.466101	0.367049	0.0	0.060468	3962	17359	13670	0	2252	37243	500	500	500	500	true	470.6
3003	13003	20.0	2560	0.098759	0.470606	0.369943	0.0	0.060692	3684	17555	13800	0	2264	37303	500	500	500	500	true	470.6
3003	13003	20.0	3200	0.099946	0.467867	0.371574	0.0	0.060613	3720	17414	13830	0	2256	37220	500	500	500	500	true	470.6
3003	13003	20.0	4000	0.086828	0.475236	0.377394	0.0	0.060542	3224	17646	14013	0	2248	37131	500	500	500	500	true	470.6
3003	13003	20.0	5000	0.083578	0.476346	0.379978	0.0	0.060099	3104	17691	14112	0	2232	37139	500	500	500	500	true	470.6
3003	13003	20.0	6400	0.079719	0.477668	0.382489	0.0	0.060125	2970	17796	14250	0	2240	37256	500	500	500	500	true	470.6
3003	13003	20.0	8000	0.07795	0.477546	0.383763	0.0	0.060742	2890	17705	14228	0	2252	37075	500	500	500	500	true	470.6
3003	13003	20.0	10000	0.075013	0.483432	0.381662	0.0	0.059893	2798	18032	14236	0	2234	37300	500	500	500	500	true	470.6
3004	13004	20.0	1	0.443369	0.277356	0.219804	0.028296	0.031176	16625	10400	8242	1061	1169	37497	500	500	500	500	true	490.0
3004	13004	20.0	2	0.432778	0.289598	0.218573	0.026736	0.032315	16446	11005	8306	1016	1228	38001	500	500	500	500	true	490.0
3004	13004	20.0	3	0.416196	0.301149	0.223668	0.025705	0.033281	15932	11528	8562	984	1274	38280	500	500	500	500	true	490.0
3004	13004	20.0	4	0.405689	0.306968	0.228314	0.024582	0.034447	15546	11763	8749	942	1320	38320	500	500	500	500	true	490.0
3004	13004	20.0	5	0.399547	0.311768	0.229714	0.024332	0.034638	15353	11980	8827	935	1331	38426	500	500	500	500	true	490.0
3004	13004	20.0	6	0.394841	0.310504	0.235404	0.024482	0.034769	15047	11833	8971	933	1325	38109	500	500	500	500	true	490.0
3004	13004	20.0	8	0.386644	0.316983	0.23724	0.023308	0.035826	14764	12104	9059	890	1368	38185	500	500	500	500	true	490.0
3004	13004	20.0	10	0.372848	0.324517	0.243545	0.022932	0.036157	14210	12368	9282	874	1378	38112	500	500	500	500	true	490.0
3004	13004	20.0	13	0.361041	0.328821	0.250237	0.021902	0.037999	13682	12461	9483	830	1440	37896	500	500	500	500	true	490.0
3004	13004	20.0	16	0.353174	0.335817	0.250931	0.019762	0.040316	13368	12711	9498	748	1526	37851	500	500	500	500	true	490.0
3004	13004	20.0	20	0.336063	0.344411	0.260004	0.018524	0.040998	12681	12996	9811	699	1547	37734	500	500	500	500	true	490.0
3004	13004	20.0	25	0.32328	0.35048	0.26624	0.017627	0.042373	12123	13143	9984	661	1589	37500	500	500	500	500	true	490.0
3004	13004	20.0	32	0.310686	0.354636	0.274537	0.017349	0.042793	11551	13185	10207	645	1591	37179	500	500	500	500	true	490.0
3004	13004	20.0	40	0.29491	0.36558	0.279703	0.014858	0.04495	10996	13631	10429	554	1676	37286	500	500	500	500	true	490.0
3004	13004	20.0	50	0.278424	0.375171	0.286509	0.014182	0.045715	10366	13968	10667	528	1702	37231	500	500	500	500	true	490.0
3004	13004	20.0	64	0.266316	0.38216	0.292128	0.01308	0.046316	9936	14258	10899	488	1728	37309	500	500	500	500	true	490.0
3004	13004	20.0	80	0.25115	0.390364	0.29855	0.009039	0.050897	9336	14511	11098	336	1892	37173	500	500	500	500	true	490.0
3004	13004	20.0	100	0.234842	0.399704	0.305309	0.006871	0.053274	8715	14833	11330	255	1977	37110	500	500	500	500	true	490.0
3004	13004	20.0	128	0.220551	0.412841	0.306564	0.004373	0.055671	8272	15484	11498	164	2088	37506	500	500	500	500	true	490.0
3004	13004	20.0	160	0.211983	0.412916	0.314703	0.00236	0.058038	7904	15396	11734	88	2164	37286	500	500	500	500	true	490.0
3004	13004	20.0	200	0.200437	0.417485	0.322376	0.002562	0.057141	7433	15482	11955	95	2119	37084	500	500	500	500	true	490.0
3004	13004	20.0	256	0.189829	0.423909	0.326704	0.000216	0.059342	7044	15730	12123	8	2202	37107	500	500	500	500	true	490.0
3004	13004	20.0	320	0.175831	0.430144	0.333899	0.000996	0.059131	6533	15982	12406	37	2197	37155	500	500	500	500	true	490.0
3004	13004	20.0	400	0.164045	0.43644	0.33951	0.000889	0.059117	6091	16205	12606	33	2195	37130	500	500	500	500	true	490.0
3004	13004	20.0	500	0.152408	0.442773	0.345134	0.00043	0.059255	5674	16484	12849	16	2206	37229	500	500	500	500	true	490.0
3004	13004	20.0	640	0.147391	0.443548	0.347914	5.4e-5	0.061093	5462	16437	12893	2	2264	37058	500	500	500	500	true	490.0
3004	13004	20.0	800	0.142314	0.446511	0.350907	0.000863	0.059405	5280	16566	13019	32	2204	37101	500	500	500	500	true	490.0
3004	13004	20.0	1000	0.134286	0.449356	0.35598	0.000243	0.060136	4973	16641	13183	9	2227	37033	500	500	500	500	true	490.0
3004	13004	20.0	1280	0.127907	0.454683	0.357849	0.0	0.059561	4746	16871	13278	0	2210	37105	500	500	500	500	true	490.0
3004	13004	20.0	1600	0.11934	0.45724	0.362685	0.000566	0.060169	4425	16954	13448	21	2231	37079	500	500	500	500	true	490.0
3004	13004	20.0	2000	0.10515	0.465116	0.36918	0.0	0.060554	3914	17313	13742	0	2254	37223	500	500	500	500	true	490.0
3004	13004	20.0	2560	0.099968	0.467422	0.372512	0.0	0.060099	3716	17375	13847	0	2234	37172	500	500	500	500	true	490.0
3004	13004	20.0	3200	0.089615	0.474507	0.375188	0.000134	0.060557	3343	17701	13996	5	2259	37304	500	500	500	500	true	490.0
3004	13004	20.0	4000	0.086907	0.47268	0.379492	0.00027	0.060652	3224	17535	14078	10	2250	37097	500	500	500	500	true	490.0
3004	13004	20.0	5000	0.082434	0.47776	0.380338	0.000134	0.059334	3069	17787	14160	5	2209	37230	500	500	500	500	true	490.0
3004	13004	20.0	6400	0.079776	0.476552	0.384217	0.0	0.059455	2960	17682	14256	0	2206	37104	500	500	500	500	true	490.0
3004	13004	20.0	8000	0.075496	0.476724	0.387092	0.0	0.060688	2804	17706	14377	0	2254	37141	500	500	500	500	true	490.0
3004	13004	20.0	10000	0.072277	0.479844	0.388259	0.0	0.05962	2684	17819	14418	0	2214	37135	500	500	500	500	true	490.0
3005	13005	20.0	1	0.425244	0.287967	0.227252	0.024173	0.035363	15885	10757	8489	903	1321	37355	500	500	500	500	true	464.7
3005	13005	20.0	2	0.413494	0.299026	0.227956	0.023566	0.035958	15616	11293	8609	890	1358	37766	500	500	500	500	true	464.7
3005	13005	20.0	3	0.403536	0.307098	0.230344	0.022318	0.036704	15315	11655	8742	847	1393	37952	500	500	500	500	true	464.7
3005	13005	20.0	4	0.397091	0.310829	0.232738	0.021632	0.03771	15016	11754	8801	818	1426	37815	500	500	500	500	true	464.7
3005	13005	20.0	5	0.391826	0.314655	0.234287	0.021637	0.037595	14831	11910	8868	819	1423	37851	500	500	500	500	true	464.7
3005	13005	20.0	6	0.381762	0.319145	0.239623	0.020502	0.038967	14431	12064	9058	775	1473	37801	500	500	500	500	true	464.7
3005	13005	20.0	8	0.374917	0.323902	0.242044	0.018766	0.040372	14125	12203	9119	707	1521	37675	500	500	500	500	true	464.7
3005	13005	20.0	10	0.372964	0.327204	0.240892	0.017565	0.041375	14035	12313	9065	661	1557	37631	500	500	500	500	true	464.7
3005	13005	20.0	13	0.361073	0.333032	0.246568	0.017878	0.041449	13572	12518	9268	672	1558	37588	500	500	500	500	true	464.7
3005	13005	20.0	16	0.346154	0.34214	0.2519	0.017835	0.04197	13023	12872	9477	671	1579	37622	500	500	500	500	true	464.7
3005	13005	20.0	20	0.338723	0.346156	0.2563	0.015531	0.043289	12715	12994	9621	583	1625	37538	500	500	500	500	true	464.7
3005	13005	20.0	25	0.323375	0.354529	0.263252	0.014444	0.044399	12134	13303	9878	542	1666	37523	500	500	500	500	true	464.7
3005	13005	20.0	32	0.306871	0.361313	0.272289	0.013945	0.045582	11465	13499	10173	521	1703	37361	500	500	500	500	true	464.7
3005	13005	20.0	40	0.294563	0.365486	0.280606	0.013579	0.045767	10890	13512	10374	502	1692	36970	500	500	500	500	true	464.7
3005	13005	20.0	50	0.266939	0.380555	0.292488	0.013057	0.046961	9936	14165	10887	486	1748	37222	500	500	500	500	true	464.7
3005	13005	20.0	64	0.254537	0.388128	0.297466	0.010014	0.049855	9481	14457	11080	373	1857	37248	500	500	500	500	true	464.7
3005	13005	20.0	80	0.239918	0.395859	0.304351	0.00718	0.052691	8888	14665	11275	266	1952	37046	500	500	500	500	true	464.7
3005	13005	20.0	100	0.229132	0.40222	0.309371	0.007652	0.051625	8504	14928	11482	284	1916	37114	500	500	500	500	true	464.7
3005	13005	20.0	128	0.218616	0.407365	0.313962	0.005531	0.054526	8103	15099	11637	205	2021	37065	500	500	500	500	true	464.7
3005	13005	20.0	160	0.19926	0.419338	0.321305	0.004212	0.055885	7427	15630	11976	157	2083	37273	500	500	500	500	true	464.7
3005	13005	20.0	200	0.191375	0.42321	0.325693	0.003121	0.0566	7114	15732	12107	116	2104	37173	500	500	500	500	true	464.7
3005	13005	20.0	256	0.179714	0.430724	0.330202	0.002864	0.056497	6715	16094	12338	107	2111	37365	500	500	500	500	true	464.7
3005	13005	20.0	320	0.168544	0.4341	0.337169	0.002414	0.057773	6284	16185	12571	90	2154	37284	500	500	500	500	true	464.7
3005	13005	20.0	400	0.158402	0.436541	0.345066	0.001355	0.058635	5846	16111	12735	50	2164	36906	500	500	500	500	true	464.7
3005	13005	20.0	500	0.1434	0.446643	0.350333	0.0	0.059624	5320	16570	12997	0	2212	37099	500	500	500	500	true	464.7
3005	13005	20.0	640	0.133576	0.454142	0.352261	0.0	0.060021	4994	16979	13170	0	2244	37387	500	500	500	500	true	464.7
3005	13005	20.0	800	0.125892	0.459663	0.354975	0.0	0.05947	4708	17190	13275	0	2224	37397	500	500	500	500	true	464.7
3005	13005	20.0	1000	0.118532	0.458818	0.36298	0.00027	0.059401	4398	17024	13468	10	2204	37104	500	500	500	500	true	464.7
3005	13005	20.0	1280	0.11115	0.461625	0.366827	0.0	0.060397	4126	17136	13617	0	2242	37121	500	500	500	500	true	464.7
3005	13005	20.0	1600	0.106388	0.464645	0.369128	0.0	0.05984	3954	17269	13719	0	2224	37166	500	500	500	500	true	464.7
3005	13005	20.0	2000	0.099514	0.471033	0.369489	0.0	0.059965	3724	17627	13827	0	2244	37422	500	500	500	500	true	464.7
3005	13005	20.0	2560	0.095416	0.466575	0.377045	0.0	0.060964	3534	17281	13965	0	2258	37038	500	500	500	500	true	464.7
3005	13005	20.0	3200	0.092543	0.473852	0.373303	0.0	0.060303	3456	17696	13941	0	2252	37345	500	500	500	500	true	464.7
3005	13005	20.0	4000	0.090733	0.472111	0.376308	0.0	0.060848	3364	17504	13952	0	2256	37076	500	500	500	500	true	464.7
3005	13005	20.0	5000	0.087168	0.476536	0.376846	0.0	0.05945	3258	17811	14085	0	2222	37376	500	500	500	500	true	464.7
3005	13005	20.0	6400	0.083282	0.476978	0.379601	0.0	0.060139	3102	17766	14139	0	2240	37247	500	500	500	500	true	464.7
3005	13005	20.0	8000	0.086141	0.475413	0.378438	0.0	0.060008	3204	17683	14076	0	2232	37195	500	500	500	500	true	464.7
3005	13005	20.0	10000	0.081875	0.477445	0.380336	0.0	0.060343	3042	17739	14131	0	2242	37154	500	500	500	500	true	464.7
3006	13006	20.0	1	0.431816	0.280699	0.228325	0.032557	0.026603	16102	10467	8514	1214	992	37289	500	500	500	500	true	459.0
3006	13006	20.0	2	0.418388	0.293701	0.2289	0.031179	0.027832	15754	11059	8619	1174	1048	37654	500	500	500	500	true	459.0
3006	13006	20.0	3	0.411171	0.299301	0.230468	0.030219	0.028842	15525	11301	8702	1141	1089	37758	500	500	500	500	true	459.0
3006	13006	20.0	4	0.40058	0.305673	0.235119	0.029129	0.029499	15182	11585	8911	1104	1118	37900	500	500	500	500	true	459.0
3006	13006	20.0	5	0.391493	0.311299	0.238627	0.029132	0.029449	14836	11797	9043	1104	1116	37896	500	500	500	500	true	459.0
3006	13006	20.0	6	0.382418	0.316723	0.241989	0.027617	0.031253	14512	12019	9183	1048	1186	37948	500	500	500	500	true	459.0
3006	13006	20.0	8	0.374014	0.32194	0.244926	0.027475	0.031645	14171	12198	9280	1041	1199	37889	500	500	500	500	true	459.0
3006	13006	20.0	10	0.365768	0.324245	0.250358	0.027213	0.032417	13777	12213	9430	1025	1221	37666	500	500	500	500	true	459.0
3006	13006	20.0	13	0.34434	0.338682	0.258076	0.025141	0.03376	13025	12811	9762	951	1277	37826	500	500	500	500	true	459.0
3006	13006	20.0	16	0.338964	0.339337	0.262289	0.024537	0.034874	12723	12737	9845	921	1309	37535	500	500	500	500	true	459.0
3006	13006	20.0	20	0.317452	0.352185	0.270714	0.022835	0.036814	11900	13202	10148	856	1380	37486	500	500	500	500	true	459.0
3006	13006	20.0	25	0.308982	0.356382	0.276	0.021533	0.037101	11551	13323	10318	805	1387	37384	500	500	500	500	true	459.0
3006	13006	20.0	32	0.28996	0.369615	0.281089	0.020372	0.038964	10917	13916	10583	767	1467	37650	500	500	500	500	true	459.0
3006	13006	20.0	40	0.277982	0.374708	0.288001	0.017433	0.041876	10349	13950	10722	649	1559	37229	500	500	500	500	true	459.0
3006	13006	20.0	50	0.26767	0.377454	0.295406	0.016555	0.042915	9911	13976	10938	613	1589	37027	500	500	500	500	true	459.0
3006	13006	20.0	64	0.251225	0.390128	0.299671	0.011337	0.047638	9329	14487	11128	421	1769	37134	500	500	500	500	true	459.0
3006	13006	20.0	80	0.240036	0.394915	0.305697	0.009179	0.050173	8865	14585	11290	339	1853	36932	500	500	500	500	true	459.0
3006	13006	20.0	100	0.226439	0.405956	0.30815	0.006883	0.052572	8455	15158	11506	257	1963	37339	500	500	500	500	true	459.0
3006	13006	20.0	128	0.21828	0.409752	0.311641	0.004616	0.055711	8134	15269	11613	172	2076	37264	500	500	500	500	true	459.0
3006	13006	20.0	160	0.210126	0.413853	0.316421	0.004819	0.054781	7848	15457	11818	180	2046	37349	500	500	500	500	true	459.0
3006	13006	20.0	200	0.208004	0.414929	0.317791	0.003641	0.055635	7713	15386	11784	135	2063	37081	500	500	500	500	true	459.0
3006	13006	20.0	256	0.18624	0.424895	0.328716	0.002506	0.057643	6911	15767	12198	93	2139	37108	500	500	500	500	true	459.0
3006	13006	20.0	320	0.176671	0.429882	0.333909	0.002753	0.056785	6546	15928	12372	102	2104	37052	500	500	500	500	true	459.0
3006	13006	20.0	400	0.160961	0.439077	0.339857	0.002627	0.057478	6004	16378	12677	98	2144	37301	500	500	500	500	true	459.0
3006	13006	20.0	500	0.147654	0.447008	0.346491	0.001179	0.057668	5510	16681	12930	44	2152	37317	500	500	500	500	true	459.0
3006	13006	20.0	640	0.132231	0.453278	0.354608	0.000777	0.059106	4933	16910	13229	29	2205	37306	500	500	500	500	true	459.0
3006	13006	20.0	800	0.124768	0.454954	0.360181	0.000592	0.059506	4638	16912	13389	22	2212	37173	500	500	500	500	true	459.0
3006	13006	20.0	1000	0.11732	0.459662	0.362034	0.000349	0.060635	4367	17110	13476	13	2257	37223	500	500	500	500	true	459.0
3006	13006	20.0	1280	0.110207	0.46277	0.366474	0.000539	0.06001	4088	17166	13594	20	2226	37094	500	500	500	500	true	459.0
3006	13006	20.0	1600	0.103827	0.466992	0.369177	0.000188	0.059816	3869	17402	13757	7	2229	37264	500	500	500	500	true	459.0
3006	13006	20.0	2000	0.101366	0.470791	0.368465	0.0	0.059379	3800	17649	13813	0	2226	37488	500	500	500	500	true	459.0
3006	13006	20.0	2560	0.094215	0.470779	0.374983	0.000214	0.059809	3516	17569	13994	8	2232	37319	500	500	500	500	true	459.0
3006	13006	20.0	3200	0.087863	0.474778	0.377319	0.0	0.060041	3278	17713	14077	0	2240	37308	500	500	500	500	true	459.0
3006	13006	20.0	4000	0.082704	0.474094	0.382224	0.0	0.060977	3068	17587	14179	0	2262	37096	500	500	500	500	true	459.0
3006	13006	20.0	5000	0.078716	0.478355	0.383826	0.0	0.059104	2922	17757	14248	0	2194	37121	500	500	500	500	true	459.0
3006	13006	20.0	6400	0.074572	0.482897	0.382477	0.0	0.060054	2784	18028	14279	0	2242	37333	500	500	500	500	true	459.0
3006	13006	20.0	8000	0.065596	0.484573	0.389472	0.0	0.060359	2430	17951	14428	0	2236	37045	500	500	500	500	true	459.0
3006	13006	20.0	10000	0.061299	0.485814	0.392552	0.0	0.060335	2288	18133	14652	0	2252	37325	500	500	500	500	true	459.0
3007	13007	20.0	1	0.452435	0.275105	0.212994	0.023829	0.035637	16936	10298	7973	892	1334	37433	500	500	500	500	true	465.7
3007	13007	20.0	2	0.435812	0.289248	0.215438	0.022571	0.036931	16509	10957	8161	855	1399	37881	500	500	500	500	true	465.7
3007	13007	20.0	3	0.423213	0.297012	0.21975	0.021196	0.038829	16033	11252	8325	803	1471	37884	500	500	500	500	true	465.7
3007	13007	20.0	4	0.413677	0.305508	0.221928	0.020154	0.038733	15764	11642	8457	768	1476	38107	500	500	500	500	true	465.7
3007	13007	20.0	5	0.403105	0.309565	0.227286	0.02005	0.039995	15320	11765	8638	762	1520	38005	500	500	500	500	true	465.7
3007	13007	20.0	6	0.398118	0.312184	0.230283	0.019111	0.040305	15103	11843	8736	725	1529	37936	500	500	500	500	true	465.7
3007	13007	20.0	8	0.384512	0.320163	0.235569	0.018159	0.041597	14568	12130	8925	688	1576	37887	500	500	500	500	true	465.7
3007	13007	20.0	10	0.37369	0.326072	0.240524	0.016675	0.043039	14118	12319	9087	630	1626	37780	500	500	500	500	true	465.7
3007	13007	20.0	13	0.361931	0.335081	0.243597	0.015335	0.044056	13736	12717	9245	582	1672	37952	500	500	500	500	true	465.7
3007	13007	20.0	16	0.352329	0.335368	0.251573	0.015289	0.045441	13274	12635	9478	576	1712	37675	500	500	500	500	true	465.7
3007	13007	20.0	20	0.340062	0.34113	0.25809	0.014632	0.046086	12736	12776	9666	548	1726	37452	500	500	500	500	true	465.7
3007	13007	20.0	25	0.324796	0.353733	0.262055	0.012447	0.046969	12212	13300	9853	468	1766	37599	500	500	500	500	true	465.7
3007	13007	20.0	32	0.3037	0.3617	0.274887	0.012681	0.047032	11352	13520	10275	474	1758	37379	500	500	500	500	true	465.7
3007	13007	20.0	40	0.286138	0.371581	0.282235	0.012111	0.047935	10703	13899	10557	453	1793	37405	500	500	500	500	true	465.7
3007	13007	20.0	50	0.270503	0.381221	0.28888	0.010168	0.049229	10083	14210	10768	379	1835	37275	500	500	500	500	true	465.7
3007	13007	20.0	64	0.261075	0.38737	0.292112	0.00843	0.051012	9724	14428	10880	314	1900	37246	500	500	500	500	true	465.7
3007	13007	20.0	80	0.25	0.391443	0.299045	0.007904	0.051608	9267	14510	11085	293	1913	37068	500	500	500	500	true	465.7
3007	13007	20.0	100	0.240846	0.397293	0.302349	0.006618	0.052894	8952	14767	11238	246	1966	37169	500	500	500	500	true	465.7
3007	13007	20.0	128	0.225526	0.404426	0.30994	0.006043	0.054065	8397	15058	11540	225	2013	37233	500	500	500	500	true	465.7
3007	13007	20.0	160	0.210998	0.410842	0.318199	0.005402	0.054559	7812	15211	11781	200	2020	37024	500	500	500	500	true	465.7
3007	13007	20.0	200	0.198447	0.419244	0.322406	0.004664	0.05524	7361	15551	11959	173	2049	37093	500	500	500	500	true	465.7
3007	13007	20.0	256	0.193508	0.420096	0.326174	0.002914	0.057308	7172	15570	12089	108	2124	37063	500	500	500	500	true	465.7
3007	13007	20.0	320	0.175908	0.431523	0.332501	0.001719	0.058349	6548	16063	12377	64	2172	37224	500	500	500	500	true	465.7
3007	13007	20.0	400	0.170608	0.431873	0.337171	0.002022	0.058325	6327	16016	12504	75	2163	37085	500	500	500	500	true	465.7
3007	13007	20.0	500	0.158882	0.438644	0.342856	0.002453	0.057165	5895	16275	12721	91	2121	37103	500	500	500	500	true	465.7
3007	13007	20.0	640	0.143945	0.448131	0.348187	0.001069	0.058668	5388	16774	13033	40	2196	37431	500	500	500	500	true	465.7
3007	13007	20.0	800	0.135573	0.451525	0.353447	0.000215	0.059239	5044	16799	13150	8	2204	37205	500	500	500	500	true	465.7
3007	13007	20.0	1000	0.12809	0.453469	0.358422	0.0	0.060019	4772	16894	13353	0	2236	37255	500	500	500	500	true	465.7
3007	13007	20.0	1280	0.120192	0.4555	0.364145	0.000135	0.060028	4443	16838	13461	5	2219	36966	500	500	500	500	true	465.7
3007	13007	20.0	1600	0.112691	0.461296	0.366058	0.0	0.059955	4184	17127	13591	0	2226	37128	500	500	500	500	true	465.7
3007	13007	20.0	2000	0.112621	0.459998	0.367055	0.0	0.060327	4178	17065	13617	0	2238	37098	500	500	500	500	true	465.7
3007	13007	20.0	2560	0.103185	0.467315	0.369232	0.0	0.060267	3842	17400	13748	0	2244	37234	500	500	500	500	true	465.7
3007	13007	20.0	3200	0.091939	0.470327	0.378361	0.0	0.059373	3416	17475	14058	0	2206	37155	500	500	500	500	true	465.7
3007	13007	20.0	4000	0.086816	0.474706	0.378334	0.0	0.060145	3216	17585	14015	0	2228	37044	500	500	500	500	true	465.7
3007	13007	20.0	5000	0.085761	0.475453	0.37955	0.0	0.059237	3188	17674	14109	0	2202	37173	500	500	500	500	true	465.7
3007	13007	20.0	6400	0.088192	0.473749	0.378172	0.0	0.059887	3284	17641	14082	0	2230	37237	500	500	500	500	true	465.7
3007	13007	20.0	8000	0.085524	0.478135	0.376921	0.0	0.05942	3178	17767	14006	0	2208	37159	500	500	500	500	true	465.7
3007	13007	20.0	10000	0.086506	0.472947	0.380231	0.0	0.060316	3204	17517	14083	0	2234	37038	500	500	500	500	true	465.7
3008	13008	20.0	1	0.433908	0.284914	0.222264	0.026736	0.032179	16262	10678	8330	1002	1206	37478	500	500	500	500	true	466.8
3008	13008	20.0	2	0.414866	0.299398	0.22692	0.024917	0.033901	15701	11331	8588	943	1283	37846	500	500	500	500	true	466.8
3008	13008	20.0	3	0.407104	0.30729	0.226641	0.022919	0.036045	15507	11705	8633	873	1373	38091	500	500	500	500	true	466.8
3008	13008	20.0	4	0.400552	0.311295	0.228981	0.020487	0.038685	15231	11837	8707	779	1471	38025	500	500	500	500	true	466.8
3008	13008	20.0	5	0.388518	0.318878	0.232853	0.020382	0.03937	14773	12125	8854	775	1497	38024	500	500	500	500	true	466.8
3008	13008	20.0	6	0.386864	0.318122	0.235119	0.019463	0.040432	14649	12046	8903	737	1531	37866	500	500	500	500	true	466.8
3008	13008	20.0	8	0.373665	0.325077	0.241408	0.018373	0.041477	14135	12297	9132	695	1569	37828	500	500	500	500	true	466.8
3008	13008	20.0	10	0.36345	0.333851	0.243766	0.016906	0.042028	13802	12678	9257	642	1596	37975	500	500	500	500	true	466.8
3008	13008	20.0	13	0.345416	0.342536	0.252021	0.016486	0.04354	13074	12965	9539	624	1648	37850	500	500	500	500	true	466.8
3008	13008	20.0	16	0.333564	0.346969	0.260739	0.015985	0.042743	12541	13045	9803	601	1607	37597	500	500	500	500	true	466.8
3008	13008	20.0	20	0.32116	0.351254	0.267986	0.015556	0.044044	11995	13119	10009	581	1645	37349	500	500	500	500	true	466.8
3008	13008	20.0	25	0.312336	0.357215	0.269968	0.015334	0.045146	11692	13372	10106	574	1690	37434	500	500	500	500	true	466.8
3008	13008	20.0	32	0.29442	0.366279	0.279299	0.013569	0.046434	11001	13686	10436	507	1735	37365	500	500	500	500	true	466.8
3008	13008	20.0	40	0.275231	0.376639	0.288534	0.012391	0.047204	10262	14043	10758	462	1760	37285	500	500	500	500	true	466.8
3008	13008	20.0	50	0.266686	0.381764	0.291392	0.011475	0.048682	9877	14139	10792	425	1803	37036	500	500	500	500	true	466.8
3008	13008	20.0	64	0.247813	0.394166	0.297698	0.008775	0.051548	9235	14689	11094	327	1921	37266	500	500	500	500	true	466.8
3008	13008	20.0	80	0.242544	0.396203	0.300901	0.007227	0.053126	8994	14692	11158	268	1970	37082	500	500	500	500	true	466.8
3008	13008	20.0	100	0.233254	0.400982	0.305743	0.004453	0.055568	8643	14858	11329	165	2059	37054	500	500	500	500	true	466.8
3008	13008	20.0	128	0.215062	0.413141	0.312237	0.004776	0.054785	8016	15399	11638	178	2042	37273	500	500	500	500	true	466.8
3008	13008	20.0	160	0.202214	0.417323	0.320931	0.003358	0.056175	7527	15534	11946	125	2091	37223	500	500	500	500	true	466.8
3008	13008	20.0	200	0.196599	0.419792	0.323869	0.002659	0.057081	7319	15628	12057	99	2125	37228	500	500	500	500	true	466.8
3008	13008	20.0	256	0.172272	0.432804	0.335296	0.001936	0.057693	6408	16099	12472	72	2146	37197	500	500	500	500	true	466.8
3008	13008	20.0	320	0.165476	0.43543	0.339524	0.001914	0.057657	6139	16154	12596	71	2139	37099	500	500	500	500	true	466.8
3008	13008	20.0	400	0.156324	0.440205	0.343353	0.002664	0.057454	5809	16358	12759	99	2135	37160	500	500	500	500	true	466.8
3008	13008	20.0	500	0.150319	0.443026	0.346657	0.000914	0.059084	5592	16481	12896	34	2198	37201	500	500	500	500	true	466.8
3008	13008	20.0	640	0.146157	0.44392	0.349756	0.000782	0.059385	5417	16453	12963	29	2201	37063	500	500	500	500	true	466.8
3008	13008	20.0	800	0.134719	0.452092	0.354151	0.000403	0.058635	5011	16816	13173	15	2181	37196	500	500	500	500	true	466.8
3008	13008	20.0	1000	0.116027	0.45926	0.364344	0.000188	0.060181	4309	17056	13531	7	2235	37138	500	500	500	500	true	466.8
3008	13008	20.0	1280	0.11301	0.460944	0.366043	0.0	0.060003	4200	17131	13604	0	2230	37165	500	500	500	500	true	466.8
3008	13008	20.0	1600	0.104869	0.469346	0.365439	0.0	0.060345	3924	17562	13674	0	2258	37418	500	500	500	500	true	466.8
3008	13008	20.0	2000	0.098598	0.469238	0.372276	0.000214	0.059673	3678	17504	13887	8	2226	37303	500	500	500	500	true	466.8
3008	13008	20.0	2560	0.092894	0.47038	0.377297	0.0	0.059428	3442	17429	13980	0	2202	37053	500	500	500	500	true	466.8
3008	13008	20.0	3200	0.088563	0.473679	0.378179	0.0	0.05958	3294	17618	14066	0	2216	37194	500	500	500	500	true	466.8
3008	13008	20.0	4000	0.08538	0.474719	0.380098	0.0	0.059803	3178	17670	14148	0	2226	37222	500	500	500	500	true	466.8
3008	13008	20.0	5000	0.074854	0.479804	0.385652	0.000671	0.059019	2789	17877	14369	25	2199	37259	500	500	500	500	true	466.8
3008	13008	20.0	6400	0.07338	0.481494	0.385029	0.000161	0.059936	2740	17979	14377	6	2238	37340	500	500	500	500	true	466.8
3008	13008	20.0	8000	0.071202	0.485202	0.38387	0.0	0.059726	2668	18181	14384	0	2238	37471	500	500	500	500	true	466.8
3008	13008	20.0	10000	0.071231	0.482865	0.385711	5.4e-5	0.060139	2646	17937	14328	2	2234	37147	500	500	500	500	true	466.8
3009	13009	20.0	1	0.423634	0.289414	0.22724	0.026405	0.033307	15835	10818	8494	987	1245	37379	500	500	500	500	true	463.5
3009	13009	20.0	2	0.410134	0.300013	0.230694	0.025945	0.033214	15460	11309	8696	978	1252	37695	500	500	500	500	true	463.5
3009	13009	20.0	3	0.400032	0.307068	0.234061	0.024847	0.033992	15134	11617	8855	940	1286	37832	500	500	500	500	true	463.5
3009	13009	20.0	4	0.392536	0.312976	0.235548	0.024993	0.033947	14905	11884	8944	949	1289	37971	500	500	500	500	true	463.5
3009	13009	20.0	5	0.38546	0.31485	0.240006	0.024339	0.035345	14570	11901	9072	920	1336	37799	500	500	500	500	true	463.5
3009	13009	20.0	6	0.378478	0.321559	0.24109	0.022916	0.035958	14336	12180	9132	868	1362	37878	500	500	500	500	true	463.5
3009	13009	20.0	8	0.366819	0.329402	0.244652	0.02052	0.038607	13872	12457	9252	776	1460	37817	500	500	500	500	true	463.5
3009	13009	20.0	10	0.358046	0.332945	0.250079	0.019758	0.039172	13537	12588	9455	747	1481	37808	500	500	500	500	true	463.5
3009	13009	20.0	13	0.356744	0.33247	0.251235	0.018239	0.041312	13359	12450	9408	683	1547	37447	500	500	500	500	true	463.5
3009	13009	20.0	16	0.345768	0.34216	0.253277	0.017087	0.041709	13032	12896	9546	644	1572	37690	500	500	500	500	true	463.5
3009	13009	20.0	20	0.334776	0.345325	0.260075	0.017119	0.042705	12535	12930	9738	641	1599	37443	500	500	500	500	true	463.5
3009	13009	20.0	25	0.318618	0.352016	0.269915	0.017449	0.042002	11887	13133	10070	651	1567	37308	500	500	500	500	true	463.5
3009	13009	20.0	32	0.297182	0.36448	0.278665	0.017554	0.042118	11106	13621	10414	656	1574	37371	500	500	500	500	true	463.5
3009	13009	20.0	40	0.289704	0.366592	0.284049	0.016455	0.043201	10810	13679	10599	614	1612	37314	500	500	500	500	true	463.5
3009	13009	20.0	50	0.281253	0.373429	0.286194	0.01313	0.045994	10475	13908	10659	489	1713	37244	500	500	500	500	true	463.5
3009	13009	20.0	64	0.262907	0.38419	0.293442	0.013953	0.045508	9798	14318	10936	520	1696	37268	500	500	500	500	true	463.5
3009	13009	20.0	80	0.252959	0.388026	0.300191	0.012935	0.04589	9426	14459	11186	482	1710	37263	500	500	500	500	true	463.5
3009	13009	20.0	100	0.242179	0.394954	0.303621	0.01216	0.047086	9042	14746	11336	454	1758	37336	500	500	500	500	true	463.5
3009	13009	20.0	128	0.222992	0.404102	0.312983	0.010417	0.049506	8306	15052	11658	388	1844	37248	500	500	500	500	true	463.5
3009	13009	20.0	160	0.203237	0.411806	0.324979	0.007605	0.052372	7509	15215	12007	281	1935	36947	500	500	500	500	true	463.5
3009	13009	20.0	200	0.19441	0.422102	0.324374	0.005279	0.053835	7255	15752	12105	197	2009	37318	500	500	500	500	true	463.5
3009	13009	20.0	256	0.179136	0.427917	0.333244	0.005685	0.054018	6649	15883	12369	211	2005	37117	500	500	500	500	true	463.5
3009	13009	20.0	320	0.168445	0.434209	0.337721	0.003619	0.056005	6283	16196	12597	135	2089	37300	500	500	500	500	true	463.5
3009	13009	20.0	400	0.163544	0.434796	0.342132	0.002373	0.057157	6066	16127	12690	88	2120	37091	500	500	500	500	true	463.5
3009	13009	20.0	500	0.153028	0.44082	0.346568	0.002721	0.056863	5681	16365	12866	101	2111	37124	500	500	500	500	true	463.5
3009	13009	20.0	640	0.135689	0.451647	0.35344	0.001285	0.057938	5068	16869	13201	48	2164	37350	500	500	500	500	true	463.5
3009	13009	20.0	800	0.132914	0.452876	0.354707	0.0	0.059503	4950	16866	13210	0	2216	37242	500	500	500	500	true	463.5
3009	13009	20.0	1000	0.124393	0.454433	0.361894	0.0	0.059281	4608	16834	13406	0	2196	37044	500	500	500	500	true	463.5
3009	13009	20.0	1280	0.110334	0.464047	0.366039	0.0	0.05958	4100	17244	13602	0	2214	37160	500	500	500	500	true	463.5
3009	13009	20.0	1600	0.107185	0.466699	0.366527	0.0	0.059589	4004	17434	13692	0	2226	37356	500	500	500	500	true	463.5
3009	13009	20.0	2000	0.107663	0.4653	0.36735	0.000324	0.059363	3990	17244	13614	12	2200	37060	500	500	500	500	true	463.5
3009	13009	20.0	2560	0.102563	0.464338	0.373051	0.0	0.060049	3802	17213	13829	0	2226	37070	500	500	500	500	true	463.5
3009	13009	20.0	3200	0.101753	0.467882	0.370465	0.0	0.059899	3778	17372	13755	0	2224	37129	500	500	500	500	true	463.5
3009	13009	20.0	4000	0.104121	0.465707	0.370605	0.000594	0.058973	3856	17247	13725	22	2184	37034	500	500	500	500	true	463.5
3009	13009	20.0	5000	0.096641	0.467773	0.375429	0.0	0.060157	3576	17309	13892	0	2226	37003	500	500	500	500	true	463.5
3009	13009	20.0	6400	0.089825	0.472565	0.377331	0.0	0.060278	3338	17561	14022	0	2240	37161	500	500	500	500	true	463.5
3009	13009	20.0	8000	0.083036	0.478183	0.379262	0.0	0.059518	3100	17852	14159	0	2222	37333	500	500	500	500	true	463.5
3009	13009	20.0	10000	0.076744	0.479407	0.384147	0.0	0.059701	2864	17891	14336	0	2228	37319	500	500	500	500	true	463.5
3010	13010	20.0	1	0.421278	0.292512	0.226768	0.02382	0.035623	15776	10954	8492	892	1334	37448	500	500	500	500	true	464.4
3010	13010	20.0	2	0.404883	0.306089	0.23036	0.02325	0.035418	15307	11572	8709	879	1339	37806	500	500	500	500	true	464.4
3010	13010	20.0	3	0.39707	0.31254	0.231573	0.021568	0.037249	15041	11839	8772	817	1411	37880	500	500	500	500	true	464.4
3010	13010	20.0	4	0.389617	0.317651	0.233896	0.021445	0.037391	14807	12072	8889	815	1421	38004	500	500	500	500	true	464.4
3010	13010	20.0	5	0.38018	0.324069	0.236806	0.020471	0.038475	14486	12348	9023	780	1466	38103	500	500	500	500	true	464.4
3010	13010	20.0	6	0.378322	0.325096	0.238189	0.018835	0.039558	14422	12393	9080	718	1508	38121	500	500	500	500	true	464.4
3010	13010	20.0	8	0.361841	0.331165	0.247389	0.018591	0.041015	13683	12523	9355	703	1551	37815	500	500	500	500	true	464.4
3010	13010	20.0	10	0.34904	0.34271	0.249573	0.016836	0.041841	13289	13048	9502	641	1593	38073	500	500	500	500	true	464.4
3010	13010	20.0	13	0.340656	0.343488	0.255776	0.016807	0.043273	12871	12978	9664	635	1635	37783	500	500	500	500	true	464.4
3010	13010	20.0	16	0.331638	0.347908	0.260698	0.016244	0.043512	12454	13065	9790	610	1634	37553	500	500	500	500	true	464.4
3010	13010	20.0	20	0.321748	0.353231	0.264983	0.015382	0.044656	12090	13273	9957	578	1678	37576	500	500	500	500	true	464.4
3010	13010	20.0	25	0.307674	0.360207	0.27243	0.015135	0.044554	11567	13542	10242	569	1675	37595	500	500	500	500	true	464.4
3010	13010	20.0	32	0.296205	0.366831	0.277017	0.013114	0.046834	11068	13707	10351	490	1750	37366	500	500	500	500	true	464.4
3010	13010	20.0	40	0.283315	0.373907	0.282778	0.010465	0.049536	10558	13934	10538	390	1846	37266	500	500	500	500	true	464.4
3010	13010	20.0	50	0.270001	0.37994	0.29019	0.007651	0.052218	10057	14152	10809	285	1945	37248	500	500	500	500	true	464.4
3010	13010	20.0	64	0.252559	0.390771	0.297355	0.007542	0.051772	9376	14507	11039	280	1922	37124	500	500	500	500	true	464.4
3010	13010	20.0	80	0.24878	0.393031	0.297888	0.006068	0.054233	9225	14574	11046	225	2011	37081	500	500	500	500	true	464.4
3010	13010	20.0	100	0.233856	0.401279	0.304937	0.005267	0.054661	8702	14932	11347	196	2034	37211	500	500	500	500	true	464.4
3010	13010	20.0	128	0.220854	0.409522	0.309806	0.003642	0.056177	8248	15294	11570	136	2098	37346	500	500	500	500	true	464.4
3010	13010	20.0	160	0.20921	0.411641	0.318629	0.00269	0.05783	7778	15304	11846	100	2150	37178	500	500	500	500	true	464.4
3010	13010	20.0	200	0.188409	0.425511	0.326381	0.001745	0.057954	7019	15852	12159	65	2159	37254	500	500	500	500	true	464.4
3010	13010	20.0	256	0.176751	0.432168	0.331405	0.000348	0.059328	6599	16135	12373	13	2215	37335	500	500	500	500	true	464.4
3010	13010	20.0	320	0.164974	0.436214	0.339218	0.000322	0.059272	6140	16235	12625	12	2206	37218	500	500	500	500	true	464.4
3010	13010	20.0	400	0.15335	0.44324	0.343184	0.000187	0.060039	5729	16559	12821	7	2243	37359	500	500	500	500	true	464.4
3010	13010	20.0	500	0.147937	0.44443	0.347739	0.0	0.059895	5508	16547	12947	0	2230	37232	500	500	500	500	true	464.4
3010	13010	20.0	640	0.136028	0.44867	0.354654	0.000189	0.06046	5051	16660	13169	7	2245	37132	500	500	500	500	true	464.4
3010	13010	20.0	800	0.125227	0.456805	0.358254	0.000187	0.059526	4685	17090	13403	7	2227	37412	500	500	500	500	true	464.4
3010	13010	20.0	1000	0.117578	0.463744	0.359035	0.0	0.059643	4404	17370	13448	0	2234	37456	500	500	500	500	true	464.4
3010	13010	20.0	1280	0.110506	0.461406	0.367627	0.000161	0.0603	4116	17186	13693	6	2246	37247	500	500	500	500	true	464.4
3010	13010	20.0	1600	0.103001	0.466196	0.370414	0.0	0.060389	3824	17308	13752	0	2242	37126	500	500	500	500	true	464.4
3010	13010	20.0	2000	0.100593	0.466613	0.371521	0.0	0.061273	3730	17302	13776	0	2272	37080	500	500	500	500	true	464.4
3010	13010	20.0	2560	0.097956	0.470461	0.372157	0.0	0.059427	3656	17559	13890	0	2218	37323	500	500	500	500	true	464.4
3010	13010	20.0	3200	0.097278	0.471994	0.371271	0.0	0.059457	3642	17671	13900	0	2226	37439	500	500	500	500	true	464.4
3010	13010	20.0	4000	0.091538	0.470847	0.377688	0.0	0.059927	3388	17427	13979	0	2218	37012	500	500	500	500	true	464.4
3010	13010	20.0	5000	0.083282	0.474177	0.38213	0.0	0.060412	3088	17582	14169	0	2240	37079	500	500	500	500	true	464.4
3010	13010	20.0	6400	0.080028	0.475738	0.384254	0.0	0.059981	2962	17608	14222	0	2220	37012	500	500	500	500	true	464.4
3010	13010	20.0	8000	0.080525	0.476962	0.381796	0.0	0.060717	2992	17722	14186	0	2256	37156	500	500	500	500	true	464.4
3010	13010	20.0	10000	0.074084	0.481627	0.383323	0.0	0.060966	2756	17917	14260	0	2268	37201	500	500	500	500	true	464.4
3001	13001	40.0	1	0.43869	0.285665	0.216886	0.026749	0.032009	16679	10861	8246	1017	1217	38020	500	500	500	500	true	508.0
3001	13001	40.0	2	0.416525	0.307331	0.21844	0.024565	0.033138	16227	11973	8510	957	1291	38958	500	500	500	500	true	508.0
3001	13001	40.0	3	0.407773	0.313333	0.220096	0.023105	0.035693	15937	12246	8602	903	1395	39083	500	500	500	500	true	508.0
3001	13001	40.0	4	0.400695	0.319483	0.220778	0.022576	0.036469	15690	12510	8645	884	1428	39157	500	500	500	500	true	508.0
3001	13001	40.0	5	0.385184	0.328267	0.227795	0.020579	0.038174	15105	12873	8933	807	1497	39215	500	500	500	500	true	508.0
3001	13001	40.0	6	0.380727	0.327428	0.232658	0.019695	0.039492	14808	12735	9049	766	1536	38894	500	500	500	500	true	508.0
3001	13001	40.0	8	0.363602	0.339038	0.238184	0.018339	0.040837	14255	13292	9338	719	1601	39205	500	500	500	500	true	508.0
3001	13001	40.0	10	0.358717	0.34362	0.238556	0.016299	0.042809	14019	13429	9323	637	1673	39081	500	500	500	500	true	508.0
3001	13001	40.0	13	0.347213	0.349246	0.243425	0.014206	0.045911	13492	13571	9459	552	1784	38858	500	500	500	500	true	508.0
3001	13001	40.0	16	0.342069	0.352829	0.24507	0.014982	0.04505	13288	13706	9520	582	1750	38846	500	500	500	500	true	508.0
3001	13001	40.0	20	0.326767	0.357318	0.255491	0.014599	0.045826	12557	13731	9818	561	1761	38428	500	500	500	500	true	508.0
3001	13001	40.0	25	0.317555	0.362435	0.259561	0.013062	0.047388	12156	13874	9936	500	1814	38280	500	500	500	500	true	508.0
3001	13001	40.0	32	0.312582	0.367012	0.260166	0.011436	0.048804	11945	14025	9942	437	1865	38214	500	500	500	500	true	508.0
3001	13001	40.0	40	0.299101	0.373327	0.266916	0.010563	0.050094	11440	14279	10209	404	1916	38248	500	500	500	500	true	508.0
3001	13001	40.0	50	0.295427	0.379018	0.264045	0.007578	0.053933	11306	14505	10105	290	2064	38270	500	500	500	500	true	508.0
3001	13001	40.0	64	0.287673	0.380946	0.269917	0.005884	0.05558	10952	14503	10276	224	2116	38071	500	500	500	500	true	508.0
3001	13001	40.0	80	0.263588	0.393959	0.282777	0.005061	0.054615	10000	14946	10728	192	2072	37938	500	500	500	500	true	508.0
3001	13001	40.0	100	0.255565	0.397242	0.287007	0.003864	0.056322	9656	15009	10844	146	2128	37783	500	500	500	500	true	508.0
3001	13001	40.0	128	0.242553	0.402455	0.294936	0.005979	0.054077	9168	15212	11148	226	2044	37798	500	500	500	500	true	508.0
3001	13001	40.0	160	0.222213	0.415488	0.302168	0.004164	0.055966	8485	15865	11538	159	2137	38184	500	500	500	500	true	508.0
3001	13001	40.0	200	0.229974	0.408931	0.300798	0.003898	0.0564	8673	15422	11344	147	2127	37713	500	500	500	500	true	508.0
3001	13001	40.0	256	0.218971	0.41696	0.304591	0.003545	0.055933	8276	15759	11512	134	2114	37795	500	500	500	500	true	508.0
3001	13001	40.0	320	0.2087	0.423506	0.307783	0.003931	0.05608	7964	16161	11745	150	2140	38160	500	500	500	500	true	508.0
3001	13001	40.0	400	0.192727	0.427296	0.319307	0.003555	0.057115	7319	16227	12126	135	2169	37976	500	500	500	500	true	508.0
3001	13001	40.0	500	0.177985	0.436052	0.324828	0.004266	0.056868	6801	16662	12412	163	2173	38211	500	500	500	500	true	508.0
3001	13001	40.0	640	0.174578	0.435944	0.327716	0.002848	0.058914	6620	16531	12427	108	2234	37920	500	500	500	500	true	508.0
3001	13001	40.0	800	0.169301	0.438399	0.329973	0.001214	0.061113	6416	16614	12505	46	2316	37897	500	500	500	500	true	508.0
3001	13001	40.0	1000	0.151337	0.451449	0.335738	0.000836	0.060639	5790	17272	12845	32	2320	38259	500	500	500	500	true	508.0
3001	13001	40.0	1280	0.140443	0.458326	0.34191	0.000524	0.058797	5360	17492	13049	20	2244	38165	500	500	500	500	true	508.0
3001	13001	40.0	1600	0.138432	0.457504	0.344303	0.001515	0.058246	5300	17516	13182	58	2230	38286	500	500	500	500	true	508.0
3001	13001	40.0	2000	0.135238	0.457458	0.346886	0.000451	0.059967	5099	17248	13079	17	2261	37704	500	500	500	500	true	508.0
3001	13001	40.0	2560	0.113821	0.465106	0.359765	0.002792	0.058517	4322	17661	13661	106	2222	37972	500	500	500	500	true	508.0
3001	13001	40.0	3200	0.116234	0.4647	0.357096	0.000317	0.061654	4404	17607	13530	12	2336	37889	500	500	500	500	true	508.0
3001	13001	40.0	4000	0.103342	0.471845	0.36311	0.000238	0.061466	3909	17848	13735	9	2325	37826	500	500	500	500	true	508.0
3001	13001	40.0	5000	0.099773	0.473989	0.364202	0.001001	0.061034	3786	17986	13820	38	2316	37946	500	500	500	500	true	508.0
3001	13001	40.0	6400	0.101877	0.472918	0.364062	0.000237	0.060905	3869	17960	13826	9	2313	37977	500	500	500	500	true	508.0
3001	13001	40.0	8000	0.102576	0.473773	0.361178	0.000551	0.061923	3911	18064	13771	21	2361	38128	500	500	500	500	true	508.0
3001	13001	40.0	10000	0.082114	0.485909	0.370901	0.000628	0.060447	3138	18569	14174	24	2310	38215	500	500	500	500	true	508.0
3002	13002	40.0	1	0.43701	0.287581	0.216678	0.026421	0.03231	16623	10939	8242	1005	1229	38038	500	500	500	500	true	495.8
3002	13002	40.0	2	0.416871	0.305516	0.219328	0.024728	0.033556	16150	11836	8497	958	1300	38741	500	500	500	500	true	495.8
3002	13002	40.0	3	0.401103	0.316261	0.224934	0.023234	0.034468	15710	12387	8810	910	1350	39167	500	500	500	500	true	495.8
3002	13002	40.0	4	0.395841	0.317824	0.227861	0.023712	0.034762	15475	12425	8908	927	1359	39094	500	500	500	500	true	495.8
3002	13002	40.0	5	0.394271	0.321654	0.224729	0.021716	0.03763	15360	12531	8755	846	1466	38958	500	500	500	500	true	495.8
3002	13002	40.0	6	0.385115	0.327046	0.228976	0.020628	0.038235	15048	12779	8947	806	1494	39074	500	500	500	500	true	495.8
3002	13002	40.0	8	0.374473	0.334117	0.232167	0.019117	0.040126	14652	13073	9084	748	1570	39127	500	500	500	500	true	495.8
3002	13002	40.0	10	0.372426	0.332038	0.235353	0.019769	0.040414	14468	12899	9143	768	1570	38848	500	500	500	500	true	495.8
3002	13002	40.0	13	0.354823	0.342136	0.243611	0.018139	0.041291	13732	13241	9428	702	1598	38701	500	500	500	500	true	495.8
3002	13002	40.0	16	0.34791	0.347806	0.245202	0.016236	0.042847	13414	13410	9454	626	1652	38556	500	500	500	500	true	495.8
3002	13002	40.0	20	0.337304	0.353904	0.249748	0.016289	0.042755	13025	13666	9644	629	1651	38615	500	500	500	500	true	495.8
3002	13002	40.0	25	0.329446	0.358168	0.25343	0.0138	0.045156	12629	13730	9715	529	1731	38334	500	500	500	500	true	495.8
3002	13002	40.0	32	0.304427	0.370067	0.265953	0.011519	0.048034	11655	14168	10182	441	1839	38285	500	500	500	500	true	495.8
3002	13002	40.0	40	0.292639	0.379651	0.267946	0.010091	0.049673	11223	14560	10276	387	1905	38351	500	500	500	500	true	495.8
3002	13002	40.0	50	0.297221	0.374687	0.268669	0.00806	0.051363	11284	14225	10200	306	1950	37965	500	500	500	500	true	495.8
3002	13002	40.0	64	0.282883	0.383173	0.27355	0.009098	0.051295	10820	14656	10463	348	1962	38249	500	500	500	500	true	495.8
3002	13002	40.0	80	0.268062	0.38721	0.28329	0.007402	0.054035	10140	14647	10716	280	2044	37827	500	500	500	500	true	495.8
3002	13002	40.0	100	0.262257	0.38936	0.287815	0.007894	0.052673	9933	14747	10901	299	1995	37875	500	500	500	500	true	495.8
3002	13002	40.0	128	0.253824	0.399254	0.286732	0.005388	0.054802	9657	15190	10909	205	2085	38046	500	500	500	500	true	495.8
3002	13002	40.0	160	0.224773	0.413412	0.301433	0.005391	0.05499	8547	15720	11462	205	2091	38025	500	500	500	500	true	495.8
3002	13002	40.0	200	0.220883	0.414169	0.304467	0.00111	0.059371	8356	15668	11518	42	2246	37830	500	500	500	500	true	495.8
3002	13002	40.0	256	0.207099	0.423939	0.308785	0.00168	0.058496	7888	16147	11761	64	2228	38088	500	500	500	500	true	495.8
3002	13002	40.0	320	0.200095	0.428579	0.310913	0.0	0.060413	7598	16274	11806	0	2294	37972	500	500	500	500	true	495.8
3002	13002	40.0	400	0.194428	0.428635	0.315583	0.001421	0.059933	7390	16292	11995	54	2278	38009	500	500	500	500	true	495.8
3002	13002	40.0	500	0.189592	0.429988	0.319782	0.001946	0.058692	7210	16352	12161	74	2232	38029	500	500	500	500	true	495.8
3002	13002	40.0	640	0.178987	0.4347	0.324438	0.000289	0.061587	6821	16566	12364	11	2347	38109	500	500	500	500	true	495.8
3002	13002	40.0	800	0.163326	0.444235	0.330399	0.0	0.06204	6234	16956	12611	0	2368	38169	500	500	500	500	true	495.8
3002	13002	40.0	1000	0.162762	0.440953	0.333861	0.001346	0.061079	6169	16713	12654	51	2315	37902	500	500	500	500	true	495.8
3002	13002	40.0	1280	0.143123	0.453661	0.34241	0.001154	0.059652	5456	17294	13053	44	2274	38121	500	500	500	500	true	495.8
3002	13002	40.0	1600	0.137266	0.456502	0.34512	0.000709	0.060403	5229	17390	13147	27	2301	38094	500	500	500	500	true	495.8
3002	13002	40.0	2000	0.136179	0.45816	0.344352	0.0	0.06131	5162	17367	13053	0	2324	37906	500	500	500	500	true	495.8
3002	13002	40.0	2560	0.122524	0.460604	0.354709	0.000902	0.061262	4620	17368	13375	34	2310	37707	500	500	500	500	true	495.8
3002	13002	40.0	3200	0.115291	0.468044	0.355957	0.000912	0.059795	4425	17964	13662	35	2295	38381	500	500	500	500	true	495.8
3002	13002	40.0	4000	0.103092	0.472039	0.362448	0.0	0.062421	3934	18013	13831	0	2382	38160	500	500	500	500	true	495.8
3002	13002	40.0	5000	0.107177	0.469122	0.363368	0.000738	0.059595	4068	17806	13792	28	2262	37956	500	500	500	500	true	495.8
3002	13002	40.0	6400	0.097846	0.473699	0.367021	0.000185	0.061249	3711	17966	13920	7	2323	37927	500	500	500	500	true	495.8
3002	13002	40.0	8000	0.077959	0.486113	0.375013	0.0	0.060915	2964	18482	14258	0	2316	38020	500	500	500	500	true	495.8
3002	13002	40.0	10000	0.083852	0.480367	0.375255	0.000662	0.059864	3167	18143	14173	25	2261	37769	500	500	500	500	true	495.8
3003	13003	40.0	1	0.427407	0.290555	0.223078	0.027977	0.030983	16209	11019	8460	1061	1175	37924	500	500	500	500	true	530.3
3003	13003	40.0	2	0.412505	0.305902	0.22322	0.027293	0.031081	15900	11791	8604	1052	1198	38545	500	500	500	500	true	530.3
3003	13003	40.0	3	0.402581	0.312237	0.226521	0.025321	0.033339	15565	12072	8758	979	1289	38663	500	500	500	500	true	530.3
3003	13003	40.0	4	0.394086	0.319083	0.228366	0.02544	0.033025	15274	12367	8851	986	1280	38758	500	500	500	500	true	530.3
3003	13003	40.0	5	0.382268	0.328153	0.231874	0.024801	0.032905	14905	12795	9041	967	1283	38991	500	500	500	500	true	530.3
3003	13003	40.0	6	0.376953	0.325528	0.237916	0.024583	0.035019	14521	12540	9165	947	1349	38522	500	500	500	500	true	530.3
3003	13003	40.0	8	0.366055	0.33508	0.240407	0.024195	0.034263	14252	13046	9360	942	1334	38934	500	500	500	500	true	530.3
3003	13003	40.0	10	0.362902	0.335415	0.241651	0.02217	0.037862	14061	12996	9363	859	1467	38746	500	500	500	500	true	530.3
3003	13003	40.0	13	0.3439	0.348008	0.249548	0.020953	0.037591	13311	13470	9659	811	1455	38706	500	500	500	500	true	530.3
3003	13003	40.0	16	0.333307	0.349242	0.258046	0.020455	0.03895	12759	13369	9878	783	1491	38280	500	500	500	500	true	530.3
3003	13003	40.0	20	0.322417	0.355947	0.262021	0.019394	0.040221	12385	13673	10065	745	1545	38413	500	500	500	500	true	530.3
3003	13003	40.0	25	0.30996	0.360379	0.270114	0.017523	0.042024	11816	13738	10297	668	1602	38121	500	500	500	500	true	530.3
3003	13003	40.0	32	0.301362	0.368966	0.27013	0.016177	0.043365	11550	14141	10353	620	1662	38326	500	500	500	500	true	530.3
3003	13003	40.0	40	0.290378	0.376079	0.273688	0.014859	0.044996	11100	14376	10462	568	1720	38226	500	500	500	500	true	530.3
3003	13003	40.0	50	0.287246	0.377743	0.274872	0.013921	0.046218	10957	14409	10485	531	1763	38145	500	500	500	500	true	530.3
3003	13003	40.0	64	0.282145	0.379134	0.279028	0.010829	0.048864	10682	14354	10564	410	1850	37860	500	500	500	500	true	530.3
3003	13003	40.0	80	0.27149	0.384131	0.284325	0.009699	0.050355	10217	14456	10700	365	1895	37633	500	500	500	500	true	530.3
3003	13003	40.0	100	0.245123	0.399188	0.295054	0.009912	0.050722	9298	15142	11192	376	1924	37932	500	500	500	500	true	530.3
3003	13003	40.0	128	0.246872	0.398328	0.293621	0.007108	0.054071	9273	14962	11029	267	2031	37562	500	500	500	500	true	530.3
3003	13003	40.0	160	0.243038	0.40036	0.296776	0.007492	0.052335	9181	15124	11211	283	1977	37776	500	500	500	500	true	530.3
3003	13003	40.0	200	0.234706	0.4053	0.299955	0.005766	0.054273	8874	15324	11341	218	2052	37809	500	500	500	500	true	530.3
3003	13003	40.0	256	0.232458	0.408198	0.299714	0.004899	0.054732	8779	15416	11319	185	2067	37766	500	500	500	500	true	530.3
3003	13003	40.0	320	0.193412	0.425855	0.31967	0.004502	0.056562	7304	16082	12072	170	2136	37764	500	500	500	500	true	530.3
3003	13003	40.0	400	0.184747	0.430759	0.323122	0.004753	0.056618	6996	16312	12236	180	2144	37868	500	500	500	500	true	530.3
3003	13003	40.0	500	0.181609	0.432144	0.325173	0.004627	0.056447	6869	16345	12299	175	2135	37823	500	500	500	500	true	530.3
3003	13003	40.0	640	0.174591	0.437951	0.327226	0.003106	0.057126	6632	16636	12430	118	2170	37986	500	500	500	500	true	530.3
3003	13003	40.0	800	0.17156	0.43992	0.32848	0.000476	0.059565	6492	16647	12430	18	2254	37841	500	500	500	500	true	530.3
3003	13003	40.0	1000	0.156151	0.444354	0.338613	0.001973	0.058909	5935	16889	12870	75	2239	38008	500	500	500	500	true	530.3
3003	13003	40.0	1280	0.134665	0.456866	0.347097	0.000868	0.060503	5117	17360	13189	33	2299	37998	500	500	500	500	true	530.3
3003	13003	40.0	1600	0.138676	0.455796	0.342372	0.000866	0.06229	5283	17364	13043	33	2373	38096	500	500	500	500	true	530.3
3003	13003	40.0	2000	0.111907	0.469365	0.35646	0.001706	0.060561	4263	17880	13579	65	2307	38094	500	500	500	500	true	530.3
3003	13003	40.0	2560	0.123456	0.465665	0.350753	0.001329	0.058797	4739	17875	13464	51	2257	38386	500	500	500	500	true	530.3
3003	13003	40.0	3200	0.121411	0.463411	0.354065	0.000553	0.060561	4609	17592	13441	21	2299	37962	500	500	500	500	true	530.3
3003	13003	40.0	4000	0.102122	0.470898	0.366342	0.0	0.060638	3860	17799	13847	0	2292	37798	500	500	500	500	true	530.3
3003	13003	40.0	5000	0.105443	0.470364	0.363105	0.0	0.061088	4008	17879	13802	0	2322	38011	500	500	500	500	true	530.3
3003	13003	40.0	6400	0.098262	0.47667	0.363923	0.0	0.061145	3738	18133	13844	0	2326	38041	500	500	500	500	true	530.3
3003	13003	40.0	8000	0.106768	0.467509	0.364524	0.000555	0.060644	4037	17677	13783	21	2293	37811	500	500	500	500	true	530.3
3003	13003	40.0	10000	0.104268	0.471919	0.362358	0.000895	0.06056	3960	17923	13762	34	2300	37979	500	500	500	500	true	530.3
3004	13004	40.0	1	0.439778	0.281483	0.219242	0.029009	0.030487	16661	10664	8306	1099	1155	37885	500	500	500	500	true	512.4
3004	13004	40.0	2	0.42125	0.298322	0.222214	0.028149	0.030065	16267	11520	8581	1087	1161	38616	500	500	500	500	true	512.4
3004	13004	40.0	3	0.41234	0.307791	0.221609	0.025739	0.032521	16052	11982	8627	1002	1266	38929	500	500	500	500	true	512.4
3004	13004	40.0	4	0.39648	0.318131	0.227068	0.024454	0.033867	15500	12437	8877	956	1324	39094	500	500	500	500	true	512.4
3004	13004	40.0	5	0.394394	0.320253	0.227246	0.024356	0.033751	15448	12544	8901	954	1322	39169	500	500	500	500	true	512.4
3004	13004	40.0	6	0.397014	0.319518	0.225123	0.021988	0.036357	15528	12497	8805	860	1422	39112	500	500	500	500	true	512.4
3004	13004	40.0	8	0.389353	0.323775	0.227989	0.021544	0.037338	15235	12669	8921	843	1461	39129	500	500	500	500	true	512.4
3004	13004	40.0	10	0.372027	0.334337	0.233822	0.021154	0.03866	14579	13102	9163	829	1515	39188	500	500	500	500	true	512.4
3004	13004	40.0	13	0.356137	0.341907	0.243176	0.017355	0.041425	13790	13239	9416	672	1604	38721	500	500	500	500	true	512.4
3004	13004	40.0	16	0.355058	0.338673	0.246845	0.017744	0.041681	13587	12960	9446	679	1595	38267	500	500	500	500	true	512.4
3004	13004	40.0	20	0.339361	0.350534	0.250604	0.018266	0.041235	13061	13491	9645	703	1587	38487	500	500	500	500	true	512.4
3004	13004	40.0	25	0.32898	0.356169	0.255165	0.01608	0.043607	12644	13689	9807	618	1676	38434	500	500	500	500	true	512.4
3004	13004	40.0	32	0.322729	0.360537	0.25688	0.015605	0.044249	12326	13770	9811	596	1690	38193	500	500	500	500	true	512.4
3004	13004	40.0	40	0.30611	0.369205	0.265341	0.014377	0.044967	11668	14073	10114	548	1714	38117	500	500	500	500	true	512.4
3004	13004	40.0	50	0.30057	0.372796	0.26736	0.014188	0.045086	11440	14189	10176	540	1716	38061	500	500	500	500	true	512.4
3004	13004	40.0	64	0.27988	0.380253	0.279669	0.011955	0.048242	10582	14377	10574	452	1824	37809	500	500	500	500	true	512.4
3004	13004	40.0	80	0.272333	0.390072	0.277794	0.008821	0.05098	10374	14859	10582	336	1942	38093	500	500	500	500	true	512.4
3004	13004	40.0	100	0.259645	0.394356	0.285593	0.008139	0.052267	9826	14924	10808	308	1978	37844	500	500	500	500	true	512.4
3004	13004	40.0	128	0.250039	0.403774	0.285133	0.004567	0.056486	9526	15383	10863	174	2152	38098	500	500	500	500	true	512.4
3004	13004	40.0	160	0.24125	0.40546	0.293103	0.004457	0.05573	9147	15373	11113	169	2113	37915	500	500	500	500	true	512.4
3004	13004	40.0	200	0.229377	0.414788	0.295052	0.002354	0.05843	8770	15859	11281	90	2234	38234	500	500	500	500	true	512.4
3004	13004	40.0	256	0.205136	0.423351	0.311396	0.003797	0.05632	7780	16056	11810	144	2136	37926	500	500	500	500	true	512.4
3004	13004	40.0	320	0.203008	0.424376	0.312612	0.002555	0.057449	7707	16111	11868	97	2181	37964	500	500	500	500	true	512.4
3004	13004	40.0	400	0.193104	0.42534	0.321371	0.003562	0.056623	7264	16000	12089	134	2130	37617	500	500	500	500	true	512.4
3004	13004	40.0	500	0.188338	0.433037	0.317733	0.000974	0.059917	7151	16442	12064	37	2275	37969	500	500	500	500	true	512.4
3004	13004	40.0	640	0.17763	0.435941	0.325616	0.001918	0.058895	6759	16588	12390	73	2241	38051	500	500	500	500	true	512.4
3004	13004	40.0	800	0.176729	0.43821	0.324318	0.002252	0.058491	6750	16737	12387	86	2234	38194	500	500	500	500	true	512.4
3004	13004	40.0	1000	0.180221	0.434957	0.324133	0.000897	0.059792	6830	16484	12284	34	2266	37898	500	500	500	500	true	512.4
3004	13004	40.0	1280	0.166899	0.44438	0.329225	0.001235	0.058261	6351	16910	12528	47	2217	38053	500	500	500	500	true	512.4
3004	13004	40.0	1600	0.160834	0.442472	0.335603	0.001033	0.060058	6071	16702	12668	39	2267	37747	500	500	500	500	true	512.4
3004	13004	40.0	2000	0.146488	0.448879	0.342907	0.000555	0.061171	5539	16973	12966	21	2313	37812	500	500	500	500	true	512.4
3004	13004	40.0	2560	0.133472	0.459058	0.34588	0.000605	0.060985	5071	17441	13141	23	2317	37993	500	500	500	500	true	512.4
3004	13004	40.0	3200	0.116668	0.465541	0.356315	0.002551	0.058926	4437	17705	13551	97	2241	38031	500	500	500	500	true	512.4
3004	13004	40.0	4000	0.106674	0.473731	0.359537	0.001074	0.058984	4071	18079	13721	41	2251	38163	500	500	500	500	true	512.4
3004	13004	40.0	5000	0.119642	0.467622	0.351471	0.0	0.061265	4558	17815	13390	0	2334	38097	500	500	500	500	true	512.4
3004	13004	40.0	6400	0.110296	0.467856	0.36091	0.000554	0.060385	4181	17735	13681	21	2289	37907	500	500	500	500	true	512.4
3004	13004	40.0	8000	0.107257	0.470522	0.361181	0.001055	0.059986	4066	17837	13692	40	2274	37909	500	500	500	500	true	512.4
3004	13004	40.0	10000	0.111371	0.470935	0.356487	0.000421	0.060786	4236	17912	13559	16	2312	38035	500	500	500	500	true	512.4
3005	13005	40.0	1	0.425748	0.293193	0.222047	0.023979	0.035034	16175	11139	8436	911	1331	37992	500	500	500	500	true	507.5
3005	13005	40.0	2	0.40841	0.308788	0.224453	0.021583	0.036765	15763	11918	8663	833	1419	38596	500	500	500	500	true	507.5
3005	13005	40.0	3	0.396809	0.315691	0.229038	0.021046	0.037415	15272	12150	8815	810	1440	38487	500	500	500	500	true	507.5
3005	13005	40.0	4	0.381649	0.326318	0.232374	0.020865	0.038793	14816	12668	9021	810	1506	38821	500	500	500	500	true	507.5
3005	13005	40.0	5	0.369587	0.335039	0.234773	0.020268	0.040332	14442	13092	9174	792	1576	39076	500	500	500	500	true	507.5
3005	13005	40.0	6	0.375957	0.331091	0.233217	0.020178	0.039557	14589	12848	9050	783	1535	38805	500	500	500	500	true	507.5
3005	13005	40.0	8	0.362255	0.340268	0.237848	0.020649	0.03898	14070	13216	9238	802	1514	38840	500	500	500	500	true	507.5
3005	13005	40.0	10	0.34766	0.343557	0.249052	0.019763	0.039968	13387	13229	9590	761	1539	38506	500	500	500	500	true	507.5
3005	13005	40.0	13	0.334586	0.353563	0.253416	0.018562	0.039872	12906	13638	9775	716	1538	38573	500	500	500	500	true	507.5
3005	13005	40.0	16	0.335626	0.355069	0.251079	0.017711	0.040515	12981	13733	9711	685	1567	38677	500	500	500	500	true	507.5
3005	13005	40.0	20	0.320666	0.358066	0.262371	0.01781	0.041087	12261	13691	10032	681	1571	38236	500	500	500	500	true	507.5
3005	13005	40.0	25	0.310573	0.362746	0.267699	0.018124	0.040858	11858	13850	10221	692	1560	38181	500	500	500	500	true	507.5
3005	13005	40.0	32	0.299642	0.367837	0.272857	0.01685	0.042814	11310	13884	10299	636	1616	37745	500	500	500	500	true	507.5
3005	13005	40.0	40	0.288194	0.378246	0.273246	0.015	0.045314	11009	14449	10438	573	1731	38200	500	500	500	500	true	507.5
3005	13005	40.0	50	0.281144	0.381187	0.277866	0.01195	0.047853	10634	14418	10510	452	1810	37824	500	500	500	500	true	507.5
3005	13005	40.0	64	0.261866	0.394106	0.285139	0.010198	0.048691	10014	15071	10904	390	1862	38241	500	500	500	500	true	507.5
3005	13005	40.0	80	0.252329	0.393734	0.292392	0.008013	0.053532	9479	14791	10984	301	2011	37566	500	500	500	500	true	507.5
3005	13005	40.0	100	0.255792	0.395297	0.288214	0.006197	0.054499	9617	14862	10836	233	2049	37597	500	500	500	500	true	507.5
3005	13005	40.0	128	0.24123	0.403633	0.294422	0.005682	0.055032	9043	15131	11037	213	2063	37487	500	500	500	500	true	507.5
3005	13005	40.0	160	0.233735	0.408227	0.295979	0.003342	0.058717	8881	15511	11246	127	2231	37996	500	500	500	500	true	507.5
3005	13005	40.0	200	0.225521	0.41245	0.300598	0.002345	0.059087	8561	15657	11411	89	2243	37961	500	500	500	500	true	507.5
3005	13005	40.0	256	0.212662	0.416166	0.310563	0.002303	0.058307	8035	15724	11734	87	2203	37783	500	500	500	500	true	507.5
3005	13005	40.0	320	0.20419	0.424137	0.311331	0.001607	0.058735	7749	16096	11815	61	2229	37950	500	500	500	500	true	507.5
3005	13005	40.0	400	0.187508	0.431705	0.319737	0.001117	0.059932	7052	16236	12025	42	2254	37609	500	500	500	500	true	507.5
3005	13005	40.0	500	0.176502	0.435036	0.326594	0.000423	0.061445	6670	16440	12342	16	2322	37790	500	500	500	500	true	507.5
3005	13005	40.0	640	0.171803	0.441105	0.326771	0.000681	0.059641	6562	16848	12481	26	2278	38195	500	500	500	500	true	507.5
3005	13005	40.0	800	0.169566	0.441808	0.326837	0.001046	0.060742	6482	16889	12494	40	2322	38227	500	500	500	500	true	507.5
3005	13005	40.0	1000	0.144647	0.452121	0.341285	0.002469	0.059477	5506	17210	12991	94	2264	38065	500	500	500	500	true	507.5
3005	13005	40.0	1280	0.145415	0.449803	0.343291	0.001562	0.05993	5491	16985	12963	59	2263	37761	500	500	500	500	true	507.5
3005	13005	40.0	1600	0.128821	0.461506	0.349176	5.3e-5	0.060445	4906	17576	13298	2	2302	38084	500	500	500	500	true	507.5
3005	13005	40.0	2000	0.123149	0.463603	0.352109	0.001289	0.059851	4681	17622	13384	49	2275	38011	500	500	500	500	true	507.5
3005	13005	40.0	2560	0.125241	0.459621	0.354418	0.001056	0.059664	4744	17410	13425	40	2260	37879	500	500	500	500	true	507.5
3005	13005	40.0	3200	0.129018	0.461198	0.348015	0.001127	0.060642	4921	17591	13274	43	2313	38142	500	500	500	500	true	507.5
3005	13005	40.0	4000	0.114666	0.466707	0.357378	0.000526	0.060724	4362	17754	13595	20	2310	38041	500	500	500	500	true	507.5
3005	13005	40.0	5000	0.125274	0.46527	0.349911	0.000235	0.05931	4801	17831	13410	9	2273	38324	500	500	500	500	true	507.5
3005	13005	40.0	6400	0.111987	0.469544	0.357979	0.000817	0.059672	4247	17807	13576	31	2263	37924	500	500	500	500	true	507.5
3005	13005	40.0	8000	0.115584	0.468586	0.35461	0.0	0.06122	4384	17773	13450	0	2322	37929	500	500	500	500	true	507.5
3005	13005	40.0	10000	0.096504	0.474115	0.366467	0.00029	0.062623	3663	17996	13910	11	2377	37957	500	500	500	500	true	507.5
3006	13006	40.0	1	0.42942	0.288233	0.223656	0.032354	0.026337	16272	10922	8475	1226	998	37893	500	500	500	500	true	505.7
3006	13006	40.0	2	0.418756	0.298896	0.223328	0.031225	0.027796	16120	11506	8597	1202	1070	38495	500	500	500	500	true	505.7
3006	13006	40.0	3	0.41508	0.30535	0.22083	0.029008	0.029732	16069	11821	8549	1123	1151	38713	500	500	500	500	true	505.7
3006	13006	40.0	4	0.402161	0.313753	0.226193	0.027994	0.029898	15630	12194	8791	1088	1162	38865	500	500	500	500	true	505.7
3006	13006	40.0	5	0.394553	0.316418	0.230427	0.028681	0.029921	15270	12246	8918	1110	1158	38702	500	500	500	500	true	505.7
3006	13006	40.0	6	0.386239	0.320467	0.233816	0.0272	0.032277	14910	12371	9026	1050	1246	38603	500	500	500	500	true	505.7
3006	13006	40.0	8	0.379031	0.325549	0.237179	0.027051	0.031189	14656	12588	9171	1046	1206	38667	500	500	500	500	true	505.7
3006	13006	40.0	10	0.366039	0.335192	0.240275	0.027311	0.031183	14180	12985	9308	1058	1208	38739	500	500	500	500	true	505.7
3006	13006	40.0	13	0.35629	0.337963	0.247287	0.024376	0.034084	13725	13019	9526	939	1313	38522	500	500	500	500	true	505.7
3006	13006	40.0	16	0.332677	0.354366	0.254185	0.023581	0.03519	12838	13675	9809	910	1358	38590	500	500	500	500	true	505.7
3006	13006	40.0	20	0.333613	0.349345	0.257158	0.023073	0.036812	12724	13324	9808	880	1404	38140	500	500	500	500	true	505.7
3006	13006	40.0	25	0.3288	0.358111	0.253582	0.018186	0.041321	12620	13745	9733	698	1586	38382	500	500	500	500	true	505.7
3006	13006	40.0	32	0.327678	0.35514	0.257839	0.016546	0.042798	12457	13501	9802	629	1627	38016	500	500	500	500	true	505.7
3006	13006	40.0	40	0.30879	0.369066	0.262915	0.013642	0.045587	11793	14095	10041	521	1741	38191	500	500	500	500	true	505.7
3006	13006	40.0	50	0.287995	0.37448	0.27812	0.015328	0.044077	10879	14146	10506	579	1665	37775	500	500	500	500	true	505.7
3006	13006	40.0	64	0.2809	0.378322	0.280317	0.014678	0.045783	10602	14279	10580	554	1728	37743	500	500	500	500	true	505.7
3006	13006	40.0	80	0.262942	0.391565	0.285938	0.011153	0.048402	9925	14780	10793	421	1827	37746	500	500	500	500	true	505.7
3006	13006	40.0	100	0.254583	0.394678	0.290215	0.010317	0.050208	9624	14920	10971	390	1898	37803	500	500	500	500	true	505.7
3006	13006	40.0	128	0.244113	0.401742	0.294525	0.006683	0.052938	9278	15269	11194	254	2012	38007	500	500	500	500	true	505.7
3006	13006	40.0	160	0.231166	0.408381	0.299374	0.005892	0.055187	8788	15525	11381	224	2098	38016	500	500	500	500	true	505.7
3006	13006	40.0	200	0.219515	0.417731	0.301325	0.00417	0.057259	8369	15926	11488	159	2183	38125	500	500	500	500	true	505.7
3006	13006	40.0	256	0.206171	0.418482	0.314748	0.003361	0.057239	7791	15814	11894	127	2163	37789	500	500	500	500	true	505.7
3006	13006	40.0	320	0.198473	0.423816	0.315887	0.003963	0.057862	7512	16041	11956	150	2190	37849	500	500	500	500	true	505.7
3006	13006	40.0	400	0.192112	0.42627	0.320591	0.00387	0.057157	7297	16191	12177	147	2171	37983	500	500	500	500	true	505.7
3006	13006	40.0	500	0.200217	0.424919	0.312885	0.001957	0.060023	7572	16070	11833	74	2270	37819	500	500	500	500	true	505.7
3006	13006	40.0	640	0.187779	0.431903	0.320003	0.002471	0.057843	7142	16427	12171	94	2200	38034	500	500	500	500	true	505.7
3006	13006	40.0	800	0.172682	0.439513	0.326019	0.000971	0.060815	6579	16745	12421	37	2317	38099	500	500	500	500	true	505.7
3006	13006	40.0	1000	0.156841	0.444656	0.336719	0.003491	0.058293	5930	16812	12731	132	2204	37809	500	500	500	500	true	505.7
3006	13006	40.0	1280	0.155561	0.444127	0.338754	0.002406	0.059152	5883	16796	12811	91	2237	37818	500	500	500	500	true	505.7
3006	13006	40.0	1600	0.145967	0.452848	0.339924	0.00236	0.058901	5566	17268	12962	90	2246	38132	500	500	500	500	true	505.7
3006	13006	40.0	2000	0.140628	0.458333	0.34103	0.001618	0.058391	5390	17567	13071	62	2238	38328	500	500	500	500	true	505.7
3006	13006	40.0	2560	0.137559	0.456292	0.346029	0.002895	0.057224	5226	17335	13146	110	2174	37991	500	500	500	500	true	505.7
3006	13006	40.0	3200	0.129525	0.460163	0.349408	0.001575	0.059328	4934	17529	13310	60	2260	38093	500	500	500	500	true	505.7
3006	13006	40.0	4000	0.108015	0.474643	0.356067	0.0	0.061275	4132	18157	13621	0	2344	38254	500	500	500	500	true	505.7
3006	13006	40.0	5000	0.112485	0.47092	0.355416	0.000368	0.060811	4284	17935	13536	14	2316	38085	500	500	500	500	true	505.7
3006	13006	40.0	6400	0.117179	0.465862	0.357218	0.0	0.059741	4476	17795	13645	0	2282	38198	500	500	500	500	true	505.7
3006	13006	40.0	8000	0.100714	0.476174	0.362574	0.000915	0.059623	3853	18217	13871	35	2281	38257	500	500	500	500	true	505.7
3006	13006	40.0	10000	0.107719	0.470473	0.359847	0.000608	0.061353	4075	17798	13613	23	2321	37830	500	499	500	500	true	505.7
3007	13007	40.0	1	0.447072	0.282895	0.210767	0.024699	0.034568	17033	10778	8030	941	1317	38099	500	500	500	500	true	523.8
3007	13007	40.0	2	0.430312	0.29867	0.212194	0.022945	0.035879	16635	11546	8203	887	1387	38658	500	500	500	500	true	523.8
3007	13007	40.0	3	0.418859	0.30844	0.213275	0.022099	0.037328	16338	12031	8319	862	1456	39006	500	500	500	500	true	523.8
3007	13007	40.0	4	0.410661	0.310473	0.220274	0.021516	0.037076	15994	12092	8579	838	1444	38947	500	500	500	500	true	523.8
3007	13007	40.0	5	0.394452	0.322341	0.225069	0.020486	0.037652	15442	12619	8811	802	1474	39148	500	500	500	500	true	523.8
3007	13007	40.0	6	0.382064	0.328913	0.230331	0.018777	0.039915	14894	12822	8979	732	1556	38983	500	500	500	500	true	523.8
3007	13007	40.0	8	0.372622	0.337637	0.230464	0.018842	0.040435	14634	13260	9051	740	1588	39273	500	500	500	500	true	523.8
3007	13007	40.0	10	0.362192	0.339435	0.239007	0.018767	0.040598	14069	13185	9284	729	1577	38844	500	500	500	500	true	523.8
3007	13007	40.0	13	0.34388	0.353356	0.244173	0.018928	0.039664	13499	13871	9585	743	1557	39255	500	500	500	500	true	523.8
3007	13007	40.0	16	0.341068	0.350391	0.248614	0.01673	0.043197	13170	13530	9600	646	1668	38614	500	500	500	500	true	523.8
3007	13007	40.0	20	0.322234	0.360421	0.258253	0.016843	0.042249	12455	13931	9982	651	1633	38652	500	500	500	500	true	523.8
3007	13007	40.0	25	0.313959	0.363835	0.262365	0.0147	0.045141	12067	13984	10084	565	1735	38435	500	500	500	500	true	523.8
3007	13007	40.0	32	0.299127	0.373511	0.267032	0.013531	0.0468	11473	14326	10242	519	1795	38355	500	500	500	500	true	523.8
3007	13007	40.0	40	0.279979	0.384906	0.275886	0.01048	0.048749	10740	14765	10583	402	1870	38360	500	500	500	500	true	523.8
3007	13007	40.0	50	0.278192	0.383792	0.278825	0.007853	0.051337	10556	14563	10580	298	1948	37945	500	500	500	500	true	523.8
3007	13007	40.0	64	0.265646	0.390761	0.283452	0.007642	0.052499	10115	14879	10793	291	1999	38077	500	500	500	500	true	523.8
3007	13007	40.0	80	0.260419	0.392812	0.286361	0.008525	0.051884	9898	14930	10884	324	1972	38008	500	500	500	500	true	523.8
3007	13007	40.0	100	0.252482	0.397264	0.290798	0.006776	0.052681	9614	15127	11073	258	2006	38078	500	500	500	500	true	523.8
3007	13007	40.0	128	0.235893	0.405069	0.299137	0.006659	0.053242	8963	15391	11366	253	2023	37996	500	500	500	500	true	523.8
3007	13007	40.0	160	0.242053	0.402405	0.295247	0.005219	0.055076	9137	15190	11145	197	2079	37748	500	500	500	500	true	523.8
3007	13007	40.0	200	0.222741	0.415453	0.302222	0.003985	0.0556	8441	15744	11453	151	2107	37896	500	500	500	500	true	523.8
3007	13007	40.0	256	0.221877	0.415182	0.301581	0.003954	0.057406	8418	15752	11442	150	2178	37940	500	500	500	500	true	523.8
3007	13007	40.0	320	0.205774	0.424053	0.309436	0.003336	0.0574	7833	16142	11779	127	2185	38066	500	500	500	500	true	523.8
3007	13007	40.0	400	0.206221	0.423508	0.309998	0.00395	0.056323	7883	16189	11850	151	2153	38226	500	500	500	500	true	523.8
3007	13007	40.0	500	0.19465	0.424686	0.318449	0.004804	0.057411	7415	16178	12131	183	2187	38094	500	500	500	500	true	523.8
3007	13007	40.0	640	0.188292	0.432895	0.31875	0.002859	0.057204	7179	16505	12153	109	2181	38127	500	500	500	500	true	523.8
3007	13007	40.0	800	0.167871	0.4412	0.329961	0.002207	0.05876	6388	16789	12556	84	2236	38053	500	500	500	500	true	523.8
3007	13007	40.0	1000	0.16059	0.442945	0.335069	0.000237	0.061158	6105	16839	12738	9	2325	38016	500	500	500	500	true	523.8
3007	13007	40.0	1280	0.163287	0.442508	0.332929	0.000606	0.060669	6193	16783	12627	23	2301	37927	500	500	500	500	true	523.8
3007	13007	40.0	1600	0.150685	0.450582	0.338029	0.000158	0.060547	5734	17146	12863	6	2304	38053	500	500	500	500	true	523.8
3007	13007	40.0	2000	0.147468	0.448019	0.341807	0.000397	0.062308	5569	16919	12908	15	2353	37764	500	500	500	500	true	523.8
3007	13007	40.0	2560	0.131174	0.458807	0.348695	0.000761	0.060564	5001	17492	13294	29	2309	38125	500	500	500	500	true	523.8
3007	13007	40.0	3200	0.11779	0.46447	0.356068	0.000423	0.061249	4454	17563	13464	16	2316	37813	500	500	500	500	true	523.8
3007	13007	40.0	4000	0.117714	0.46571	0.355411	7.9e-5	0.061087	4461	17649	13469	3	2315	37897	500	500	500	500	true	523.8
3007	13007	40.0	5000	0.125062	0.462139	0.350359	0.000342	0.062097	4755	17571	13321	13	2361	38021	500	500	500	500	true	523.8
3007	13007	40.0	6400	0.111814	0.467425	0.357737	0.000735	0.062288	4258	17800	13623	28	2372	38081	500	500	500	500	true	523.8
3007	13007	40.0	8000	0.108759	0.47086	0.358661	0.000289	0.061431	4141	17928	13656	11	2339	38075	500	500	500	500	true	523.8
3007	13007	40.0	10000	0.102713	0.473821	0.362207	0.0	0.061259	3900	17991	13753	0	2326	37970	500	500	500	500	true	523.8
3008	13008	40.0	1	0.435317	0.285646	0.219443	0.026783	0.032811	16465	10804	8300	1013	1241	37823	500	500	500	500	true	509.3
3008	13008	40.0	2	0.412939	0.307238	0.221575	0.025448	0.0328	15951	11868	8559	983	1267	38628	500	500	500	500	true	509.3
3008	13008	40.0	3	0.406219	0.312594	0.222613	0.022515	0.03606	15715	12093	8612	871	1395	38686	500	500	500	500	true	509.3
3008	13008	40.0	4	0.393889	0.320651	0.22687	0.021547	0.037044	15301	12456	8813	837	1439	38846	500	500	500	500	true	509.3
3008	13008	40.0	5	0.385277	0.322438	0.231926	0.020852	0.039507	14911	12479	8976	807	1529	38702	500	500	500	500	true	509.3
3008	13008	40.0	6	0.376541	0.331403	0.23261	0.02033	0.039116	14632	12878	9039	790	1520	38859	500	500	500	500	true	509.3
3008	13008	40.0	8	0.358569	0.339526	0.242349	0.018888	0.040667	13896	13158	9392	732	1576	38754	500	500	500	500	true	509.3
3008	13008	40.0	10	0.342571	0.350954	0.246744	0.018381	0.04135	13363	13690	9625	717	1613	39008	500	500	500	500	true	509.3
3008	13008	40.0	13	0.332684	0.352828	0.253925	0.017337	0.043226	12799	13574	9769	667	1663	38472	500	500	500	500	true	509.3
3008	13008	40.0	16	0.31362	0.365929	0.259915	0.015806	0.044729	12123	14145	10047	611	1729	38655	500	500	500	500	true	509.3
3008	13008	40.0	20	0.303429	0.36841	0.268074	0.01497	0.045117	11655	14151	10297	575	1733	38411	500	500	500	500	true	509.3
3008	13008	40.0	25	0.295278	0.373421	0.271392	0.01443	0.045479	11336	14336	10419	554	1746	38391	500	500	500	500	true	509.3
3008	13008	40.0	32	0.28526	0.382977	0.272605	0.013069	0.04609	11023	14799	10534	505	1781	38642	500	500	500	500	true	509.3
3008	13008	40.0	40	0.279671	0.38589	0.274863	0.011001	0.048576	10703	14768	10519	421	1859	38270	500	500	500	500	true	509.3
3008	13008	40.0	50	0.270436	0.387382	0.281809	0.007045	0.053327	10249	14681	10680	267	2021	37898	500	500	500	500	true	509.3
3008	13008	40.0	64	0.264079	0.393434	0.281667	0.005003	0.055817	10030	14943	10698	190	2120	37981	500	500	500	500	true	509.3
3008	13008	40.0	80	0.246603	0.403623	0.288682	0.003871	0.05722	9365	15328	10963	147	2173	37976	500	500	500	500	true	509.3
3008	13008	40.0	100	0.228505	0.410361	0.300147	0.004604	0.056383	8685	15597	11408	175	2143	38008	500	500	500	500	true	509.3
3008	13008	40.0	128	0.21193	0.417364	0.310005	0.00526	0.055442	8058	15869	11787	200	2108	38022	500	500	500	500	true	509.3
3008	13008	40.0	160	0.218656	0.416857	0.303809	0.002866	0.057812	8317	15856	11556	109	2199	38037	500	500	500	500	true	509.3
3008	13008	40.0	200	0.21258	0.419844	0.306719	0.004399	0.056458	8118	16033	11713	168	2156	38188	500	500	500	500	true	509.3
3008	13008	40.0	256	0.217908	0.414575	0.305991	0.002592	0.058934	8238	15673	11568	98	2228	37805	500	500	500	500	true	509.3
3008	13008	40.0	320	0.190075	0.428221	0.321383	0.005848	0.054473	7216	16257	12201	222	2068	37964	500	500	500	500	true	509.3
3008	13008	40.0	400	0.198213	0.423575	0.317009	0.004165	0.057039	7520	16070	12027	158	2164	37939	500	500	500	500	true	509.3
3008	13008	40.0	500	0.172106	0.439438	0.327604	0.001816	0.059036	6539	16696	12447	69	2243	37994	500	500	500	500	true	509.3
3008	13008	40.0	640	0.180789	0.434598	0.324044	0.000972	0.059598	6883	16546	12337	37	2269	38072	500	500	500	500	true	509.3
3008	13008	40.0	800	0.17113	0.440395	0.327259	0.001743	0.059473	6480	16676	12392	66	2252	37866	500	500	500	500	true	509.3
3008	13008	40.0	1000	0.177856	0.43604	0.324212	0.001607	0.060286	6753	16556	12310	61	2289	37969	500	500	500	500	true	509.3
3008	13008	40.0	1280	0.153796	0.44683	0.337415	0.002339	0.059621	5853	17005	12841	89	2269	38057	500	500	500	500	true	509.3
3008	13008	40.0	1600	0.150208	0.449122	0.338846	0.000607	0.061217	5695	17028	12847	23	2321	37914	500	500	500	500	true	509.3
3008	13008	40.0	2000	0.132139	0.459354	0.348141	0.001075	0.059291	5039	17517	13276	41	2261	38134	500	500	500	500	true	509.3
3008	13008	40.0	2560	0.131627	0.459	0.347938	0.001762	0.059673	5005	17453	13230	67	2269	38024	500	500	500	500	true	509.3
3008	13008	40.0	3200	0.123029	0.462374	0.353741	0.001213	0.059642	4666	17536	13416	46	2262	37926	500	500	500	500	true	509.3
3008	13008	40.0	4000	0.128129	0.463131	0.347716	0.000472	0.060552	4888	17668	13265	18	2310	38149	500	500	500	500	true	509.3
3008	13008	40.0	5000	0.110225	0.46773	0.360762	0.000689	0.060595	4162	17661	13622	26	2288	37759	500	500	500	500	true	509.3
3008	13008	40.0	6400	0.104123	0.469822	0.364722	0.00037	0.060963	3942	17787	13808	14	2308	37859	500	500	500	500	true	509.3
3008	13008	40.0	8000	0.113428	0.46516	0.359609	0.000344	0.061459	4291	17597	13604	13	2325	37830	500	500	500	500	true	509.3
3008	13008	40.0	10000	0.090317	0.477276	0.369682	0.000633	0.062093	3424	18094	14015	24	2354	37911	500	500	500	500	true	509.3
3009	13009	40.0	1	0.422491	0.294778	0.224069	0.027963	0.030698	16061	11206	8518	1063	1167	38015	500	500	500	500	true	515.9
3009	13009	40.0	2	0.412799	0.305898	0.223022	0.024985	0.033296	15894	11778	8587	962	1282	38503	500	500	500	500	true	515.9
3009	13009	40.0	3	0.394036	0.318741	0.22882	0.025081	0.033321	15302	12378	8886	974	1294	38834	500	500	500	500	true	515.9
3009	13009	40.0	4	0.386962	0.323834	0.230508	0.024839	0.033857	15018	12568	8946	964	1314	38810	500	500	500	500	true	515.9
3009	13009	40.0	5	0.384518	0.325827	0.23032	0.024911	0.034423	14957	12674	8959	969	1339	38898	500	500	500	500	true	515.9
3009	13009	40.0	6	0.37813	0.329794	0.232632	0.024245	0.035198	14707	12827	9048	943	1369	38894	500	500	500	500	true	515.9
3009	13009	40.0	8	0.372336	0.333993	0.233782	0.023114	0.036776	14498	13005	9103	900	1432	38938	500	500	500	500	true	515.9
3009	13009	40.0	10	0.363221	0.337846	0.239259	0.020604	0.039069	14085	13101	9278	799	1515	38778	500	500	500	500	true	515.9
3009	13009	40.0	13	0.363537	0.336088	0.241411	0.020124	0.038841	13946	12893	9261	772	1490	38362	500	500	500	500	true	515.9
3009	13009	40.0	16	0.348656	0.34627	0.245253	0.01956	0.040261	13440	13348	9454	754	1552	38548	500	500	500	500	true	515.9
3009	13009	40.0	20	0.339456	0.351163	0.249233	0.018055	0.042094	13048	13498	9580	694	1618	38438	500	500	500	500	true	515.9
3009	13009	40.0	25	0.332256	0.356396	0.252692	0.015616	0.043041	12745	13671	9693	599	1651	38359	500	500	500	500	true	515.9
3009	13009	40.0	32	0.310834	0.371238	0.258828	0.012884	0.046216	11918	14234	9924	494	1772	38342	500	500	500	500	true	515.9
3009	13009	40.0	40	0.290496	0.379782	0.270935	0.012068	0.04672	11049	14445	10305	459	1777	38035	500	500	500	500	true	515.9
3009	13009	40.0	50	0.276693	0.38547	0.277828	0.010793	0.049216	10485	14607	10528	409	1865	37894	500	500	500	500	true	515.9
3009	13009	40.0	64	0.260686	0.391029	0.287461	0.010752	0.050071	9892	14838	10908	408	1900	37946	500	500	500	500	true	515.9
3009	13009	40.0	80	0.258271	0.391672	0.288443	0.006834	0.05478	9750	14786	10889	258	2068	37751	500	500	500	500	true	515.9
3009	13009	40.0	100	0.243371	0.402478	0.294749	0.007182	0.05222	9251	15299	11204	273	1985	38012	500	500	500	500	true	515.9
3009	13009	40.0	128	0.252046	0.398865	0.289464	0.004938	0.054687	9545	15105	10962	187	2071	37870	500	500	500	500	true	515.9
3009	13009	40.0	160	0.233447	0.409152	0.296968	0.005225	0.055208	8846	15504	11253	198	2092	37893	500	500	500	500	true	515.9
3009	13009	40.0	200	0.221942	0.413694	0.303773	0.001418	0.059174	8454	15758	11571	54	2254	38091	500	500	500	500	true	515.9
3009	13009	40.0	256	0.212798	0.418398	0.30823	0.003809	0.056765	8101	15928	11734	145	2161	38069	500	500	500	500	true	515.9
3009	13009	40.0	320	0.201616	0.421357	0.315395	0.002517	0.059115	7609	15902	11903	95	2231	37740	500	500	500	500	true	515.9
3009	13009	40.0	400	0.195072	0.427777	0.316801	0.003848	0.056503	7402	16232	12021	146	2144	37945	500	500	500	500	true	515.9
3009	13009	40.0	500	0.177041	0.438041	0.324401	0.001521	0.058996	6752	16706	12372	58	2250	38138	500	500	500	500	true	515.9
3009	13009	40.0	640	0.175792	0.437768	0.325933	0.004053	0.056453	6723	16742	12465	155	2159	38244	500	500	500	500	true	515.9
3009	13009	40.0	800	0.167254	0.440666	0.331801	0.002917	0.057363	6365	16770	12627	111	2183	38056	500	500	500	500	true	515.9
3009	13009	40.0	1000	0.173802	0.43991	0.324962	0.001709	0.059617	6609	16728	12357	65	2267	38026	500	500	500	500	true	515.9
3009	13009	40.0	1280	0.152924	0.44802	0.338077	0.002187	0.058793	5803	17001	12829	83	2231	37947	500	500	500	500	true	515.9
3009	13009	40.0	1600	0.154402	0.447856	0.337553	0.002374	0.057815	5854	16980	12798	90	2192	37914	500	500	500	500	true	515.9
3009	13009	40.0	2000	0.139728	0.453674	0.344304	0.000606	0.061689	5307	17231	13077	23	2343	37981	500	500	500	500	true	515.9
3009	13009	40.0	2560	0.11885	0.467418	0.353837	0.000574	0.059321	4556	17918	13564	22	2274	38334	500	500	500	500	true	515.9
3009	13009	40.0	3200	0.120134	0.465479	0.354058	0.0	0.06033	4564	17684	13451	0	2292	37991	500	500	500	500	true	515.9
3009	13009	40.0	4000	0.111266	0.465103	0.361463	0.003129	0.059039	4231	17686	13745	119	2245	38026	500	500	500	500	true	515.9
3009	13009	40.0	5000	0.110342	0.470854	0.358623	0.000892	0.05929	4206	17948	13670	34	2260	38118	500	500	500	500	true	515.9
3009	13009	40.0	6400	0.105496	0.473096	0.360616	0.000549	0.060242	4033	18086	13786	21	2303	38229	500	500	500	500	true	515.9
3009	13009	40.0	8000	0.109433	0.470885	0.359532	7.9e-5	0.060071	4159	17896	13664	3	2283	38005	500	500	500	500	true	515.9
3009	13009	40.0	10000	0.102033	0.474071	0.363159	0.001471	0.059265	3884	18046	13824	56	2256	38066	500	500	500	500	true	515.9
3010	13010	40.0	1	0.416372	0.299166	0.225226	0.023309	0.035927	15773	11333	8532	883	1361	37882	500	500	500	500	true	496.0
3010	13010	40.0	2	0.405696	0.310468	0.225158	0.023378	0.035301	15584	11926	8649	898	1356	38413	500	500	500	500	true	496.0
3010	13010	40.0	3	0.390494	0.320328	0.230096	0.023077	0.036004	15043	12340	8864	889	1387	38523	500	500	500	500	true	496.0
3010	13010	40.0	4	0.385112	0.328393	0.22798	0.021872	0.036642	15019	12807	8891	853	1429	38999	500	500	500	500	true	496.0
3010	13010	40.0	5	0.379438	0.33092	0.231164	0.019843	0.038634	14781	12891	9005	773	1505	38955	500	500	500	500	true	496.0
3010	13010	40.0	6	0.371003	0.336824	0.233749	0.019739	0.038685	14491	13156	9130	771	1511	39059	500	500	500	500	true	496.0
3010	13010	40.0	8	0.363821	0.339913	0.238155	0.01907	0.039041	14137	13208	9254	741	1517	38857	500	500	500	500	true	496.0
3010	13010	40.0	10	0.357827	0.343405	0.239837	0.017917	0.041013	13820	13263	9263	692	1584	38622	500	500	500	500	true	496.0
3010	13010	40.0	13	0.340671	0.351742	0.248558	0.01759	0.041439	13170	13598	9609	680	1602	38659	500	500	500	500	true	496.0
3010	13010	40.0	16	0.333782	0.35713	0.249825	0.016471	0.042793	12909	13812	9662	637	1655	38675	500	500	500	500	true	496.0
3010	13010	40.0	20	0.335539	0.352438	0.251857	0.014937	0.045229	12827	13473	9628	571	1729	38228	500	500	500	500	true	496.0
3010	13010	40.0	25	0.326887	0.360116	0.252951	0.014047	0.045998	12543	13818	9706	539	1765	38371	500	500	500	500	true	496.0
3010	13010	40.0	32	0.305542	0.371489	0.263554	0.013639	0.045776	11694	14218	10087	522	1752	38273	500	500	500	500	true	496.0
3010	13010	40.0	40	0.307478	0.367664	0.265119	0.014356	0.045383	11694	13983	10083	546	1726	38032	500	500	500	500	true	496.0
3010	13010	40.0	50	0.299961	0.370832	0.269137	0.012167	0.047904	11415	14112	10242	463	1823	38055	500	500	500	500	true	496.0
3010	13010	40.0	64	0.282699	0.378815	0.277025	0.011613	0.049848	10662	14287	10448	438	1880	37715	500	500	500	500	true	496.0
3010	13010	40.0	80	0.267449	0.391329	0.282057	0.012671	0.046495	10216	14948	10774	484	1776	38198	500	500	500	500	true	496.0
3010	13010	40.0	100	0.248538	0.396864	0.295257	0.013755	0.045586	9432	15061	11205	522	1730	37950	500	500	500	500	true	496.0
3010	13010	40.0	128	0.23571	0.405424	0.298893	0.009864	0.050109	8961	15413	11363	375	1905	38017	500	500	500	500	true	496.0
3010	13010	40.0	160	0.227642	0.407695	0.302499	0.008029	0.054135	8591	15386	11416	303	2043	37739	500	500	500	500	true	496.0
3010	13010	40.0	200	0.214965	0.416244	0.309237	0.006447	0.053107	8136	15754	11704	244	2010	37848	500	500	500	500	true	496.0
3010	13010	40.0	256	0.214558	0.41726	0.307247	0.005257	0.055677	8162	15873	11688	200	2118	38041	500	500	500	500	true	496.0
3010	13010	40.0	320	0.21041	0.416853	0.312357	0.007988	0.052392	8008	15865	11888	304	1994	38059	500	500	500	500	true	496.0
3010	13010	40.0	400	0.190481	0.430655	0.318098	0.00467	0.056095	7260	16414	12124	178	2138	38114	500	500	500	500	true	496.0
3010	13010	40.0	500	0.182824	0.434216	0.322641	0.003231	0.057088	6959	16528	12281	123	2173	38064	500	500	500	500	true	496.0
3010	13010	40.0	640	0.171882	0.440645	0.325262	0.001494	0.060718	6559	16815	12412	57	2317	38160	500	500	500	500	true	496.0
3010	13010	40.0	800	0.172211	0.435982	0.330749	0.001566	0.059492	6487	16423	12459	59	2241	37669	500	500	500	500	true	496.0
3010	13010	40.0	1000	0.159466	0.442566	0.336519	0.002448	0.059	6057	16810	12782	93	2241	37983	500	500	500	500	true	496.0
3010	13010	40.0	1280	0.161295	0.446348	0.3324	0.001099	0.058857	6166	17063	12707	42	2250	38228	500	500	500	500	true	496.0
3010	13010	40.0	1600	0.15497	0.444235	0.339253	0.001034	0.060509	5847	16761	12800	39	2283	37730	500	500	500	500	true	496.0
3010	13010	40.0	2000	0.137404	0.454851	0.345953	0.000525	0.061267	5230	17313	13168	20	2332	38063	500	500	500	500	true	496.0
3010	13010	40.0	2560	0.132516	0.456646	0.350203	0.001061	0.059574	4996	17216	13203	40	2246	37701	500	500	500	500	true	496.0
3010	13010	40.0	3200	0.111337	0.467283	0.35954	0.000925	0.060914	4213	17682	13605	35	2305	37840	500	500	500	500	true	496.0
3010	13010	40.0	4000	0.115918	0.465655	0.356106	0.000529	0.061791	4386	17619	13474	20	2338	37837	500	500	500	500	true	496.0
3010	13010	40.0	5000	0.118363	0.465239	0.355539	0.001558	0.059301	4481	17613	13460	59	2245	37858	500	500	500	500	true	496.0
3010	13010	40.0	6400	0.099363	0.476174	0.36442	0.000812	0.05923	3793	18177	13911	31	2261	38173	500	500	500	500	true	496.0
3010	13010	40.0	8000	0.102472	0.473325	0.363839	0.000709	0.059655	3901	18019	13851	27	2271	38069	500	500	500	500	true	496.0
3010	13010	40.0	10000	0.097597	0.471419	0.370065	0.000423	0.060495	3688	17814	13984	16	2286	37788	500	500	500	500	true	496.0
3001	13001	80.0	1	0.430657	0.293422	0.217723	0.026536	0.031662	16635	11334	8410	1025	1223	38627	500	500	500	500	true	432.9
3001	13001	80.0	2	0.418111	0.304797	0.218626	0.025257	0.033209	16405	11959	8578	991	1303	39236	500	500	500	500	true	432.9
3001	13001	80.0	3	0.396801	0.321511	0.222867	0.024404	0.034416	15853	12845	8904	975	1375	39952	500	500	500	500	true	432.9
3001	13001	80.0	4	0.378392	0.332634	0.23061	0.024714	0.03365	15158	13325	9238	990	1348	40059	500	500	500	500	true	432.9
3001	13001	80.0	5	0.373949	0.334364	0.233319	0.023147	0.03522	14992	13405	9354	928	1412	40091	500	500	500	500	true	432.9
3001	13001	80.0	6	0.366129	0.336897	0.237554	0.023245	0.036175	14554	13392	9443	924	1438	39751	500	500	500	500	true	432.9
3001	13001	80.0	8	0.355322	0.345359	0.238483	0.020454	0.04038	14123	13727	9479	813	1605	39747	500	499	500	500	true	432.9
3001	13001	80.0	10	0.356361	0.344789	0.239105	0.01963	0.040114	14196	13735	9525	782	1598	39836	500	499	500	500	true	432.9
3001	13001	80.0	13	0.348006	0.347854	0.241585	0.017804	0.044751	13741	13735	9539	703	1767	39485	500	499	500	500	true	432.9
3001	13001	80.0	16	0.341518	0.351584	0.245742	0.015149	0.046007	13436	13832	9668	596	1810	39342	500	499	500	500	true	432.9
3001	13001	80.0	20	0.339432	0.357524	0.2418	0.01312	0.048124	13246	13952	9436	512	1878	39024	500	499	500	500	true	432.9
3001	13001	80.0	25	0.342801	0.355855	0.239234	0.014508	0.047602	13445	13957	9383	569	1867	39221	500	499	500	500	true	432.9
3001	13001	80.0	32	0.330649	0.360087	0.248369	0.010537	0.050357	12771	13908	9593	407	1945	38624	500	497	500	500	true	432.9
3001	13001	80.0	40	0.3289	0.360442	0.249915	0.014157	0.046584	12638	13850	9603	544	1790	38425	500	497	500	500	true	432.9
3001	13001	80.0	50	0.32664	0.365996	0.247617	0.013508	0.04624	12574	14089	9532	520	1780	38495	500	495	500	500	true	432.9
3001	13001	80.0	64	0.317219	0.372052	0.24912	0.008965	0.052644	12172	14276	9559	344	2020	38371	500	494	500	500	true	432.9
3001	13001	80.0	80	0.296181	0.382233	0.258048	0.008141	0.055396	11169	14414	9731	307	2089	37710	500	488	500	500	true	432.9
3001	13001	80.0	100	0.314337	0.37738	0.244125	0.006719	0.05744	11837	14211	9193	253	2163	37657	500	484	500	500	true	432.9
3001	13001	80.0	128	0.288462	0.388954	0.257607	0.007124	0.057853	10770	14522	9618	266	2160	37336	500	480	500	500	true	432.9
3001	13001	80.0	160	0.29042	0.386438	0.257643	0.010854	0.054645	10810	14384	9590	404	2034	37222	500	477	500	500	true	432.9
3001	13001	80.0	200	0.280932	0.397529	0.255066	0.00855	0.057923	10481	14831	9516	319	2161	37308	500	470	500	500	true	432.9
3001	13001	80.0	256	0.282069	0.404198	0.249431	0.007692	0.056609	10414	14923	9209	284	2090	36920	500	460	500	500	true	432.9
3001	13001	80.0	320	0.282418	0.413611	0.241024	0.005191	0.057756	10391	15218	8868	191	2125	36793	500	452	500	500	true	432.9
3001	13001	80.0	400	0.286486	0.411969	0.236019	0.010077	0.055449	10292	14800	8479	362	1992	35925	500	439	500	500	true	432.9
3001	13001	80.0	500	0.263782	0.437031	0.231849	0.005798	0.061541	9417	15602	8277	207	2197	35700	500	420	500	500	true	432.9
3001	13001	80.0	640	0.26539	0.441534	0.225276	0.01171	0.05609	9269	15421	7868	409	1959	34926	500	401	500	500	true	432.9
3001	13001	80.0	800	0.256471	0.458525	0.214702	0.010972	0.059331	8719	15588	7299	373	2017	33996	500	379	500	500	true	432.9
3001	13001	80.0	1000	0.259971	0.479013	0.193021	0.01189	0.056105	8702	16034	6461	398	1878	33473	500	350	500	500	true	432.9
3001	13001	80.0	1280	0.22204	0.511079	0.193764	0.00924	0.063877	7185	16538	6270	299	2067	32359	500	324	500	500	true	432.9
3001	13001	80.0	1600	0.189496	0.551539	0.188983	0.012295	0.057687	5903	17181	5887	383	1797	31151	500	287	500	500	true	432.9
3001	13001	80.0	2000	0.212595	0.573727	0.142282	0.01146	0.059935	6289	16972	4209	339	1773	29582	500	245	500	500	true	432.9
3001	13001	80.0	2560	0.20366	0.619287	0.102693	0.021718	0.052641	5664	17223	2856	604	1464	27811	500	191	500	500	true	432.9
3001	13001	80.0	3200	0.159314	0.698363	0.066173	0.026267	0.049883	4088	17920	1698	674	1280	25660	500	131	500	500	true	432.9
3001	13001	80.0	4000	0.117507	0.766506	0.039073	0.028021	0.048893	2860	18656	951	682	1190	24339	500	89	500	500	true	432.9
3001	13001	80.0	5000	0.082404	0.819951	0.01748	0.043053	0.037112	1914	19045	406	1000	862	23227	499	53	500	500	true	432.9
3001	13001	80.0	6400	0.03851	0.879155	0.00319	0.058758	0.020387	833	19017	69	1271	441	21631	498	21	500	500	true	432.9
3001	13001	80.0	8000	0.01467	0.908032	0.000604	0.068524	0.008171	316	19559	13	1476	176	21540	498	8	500	500	true	432.9
3001	13001	80.0	10000	0.00615	0.915379	0.0	0.075086	0.003385	129	19201	0	1575	71	20976	496	3	500	500	true	432.9
3002	13002	80.0	1	0.431764	0.29436	0.215817	0.025404	0.032655	16673	11367	8334	981	1261	38616	500	500	500	500	true	442.3
3002	13002	80.0	2	0.407785	0.315027	0.218713	0.023435	0.035039	16165	12488	8670	929	1389	39641	500	500	500	500	true	442.3
3002	13002	80.0	3	0.396119	0.322505	0.222983	0.024887	0.033506	15901	12946	8951	999	1345	40142	500	500	500	500	true	442.3
3002	13002	80.0	4	0.390746	0.327562	0.221045	0.023433	0.037214	15708	13168	8886	942	1496	40200	500	500	500	500	true	442.3
3002	13002	80.0	5	0.393306	0.32569	0.222705	0.021931	0.036368	15746	13039	8916	878	1456	40035	500	500	500	500	true	442.3
3002	13002	80.0	6	0.388418	0.329551	0.223265	0.021031	0.037735	15440	13100	8875	836	1500	39751	500	500	500	500	true	442.3
3002	13002	80.0	8	0.364752	0.337321	0.237626	0.022342	0.037959	14481	13392	9434	887	1507	39701	500	500	500	500	true	442.3
3002	13002	80.0	10	0.361718	0.343494	0.235037	0.019032	0.040719	14311	13590	9299	753	1611	39564	500	500	500	500	true	442.3
3002	13002	80.0	13	0.343906	0.349733	0.245256	0.02166	0.039445	13575	13805	9681	855	1557	39473	500	500	500	500	true	442.3
3002	13002	80.0	16	0.350895	0.346369	0.240975	0.017716	0.044045	13647	13471	9372	689	1713	38892	500	500	500	500	true	442.3
3002	13002	80.0	20	0.34027	0.353563	0.24499	0.018271	0.042906	13260	13778	9547	712	1672	38969	500	500	500	500	true	442.3
3002	13002	80.0	25	0.345271	0.348496	0.243743	0.019041	0.043449	13382	13507	9447	738	1684	38758	500	500	500	500	true	442.3
3002	13002	80.0	32	0.326288	0.360552	0.249748	0.014807	0.048606	12627	13953	9665	573	1881	38699	500	499	500	500	true	442.3
3002	13002	80.0	40	0.327063	0.360216	0.251326	0.014813	0.046581	12519	13788	9620	567	1783	38277	500	499	500	500	true	442.3
3002	13002	80.0	50	0.313934	0.364949	0.259708	0.014418	0.04699	11932	13871	9871	548	1786	38008	500	498	500	500	true	442.3
3002	13002	80.0	64	0.298285	0.380172	0.260109	0.010863	0.050572	11478	14629	10009	418	1946	38480	500	496	500	500	true	442.3
3002	13002	80.0	80	0.308451	0.375929	0.252517	0.008171	0.054932	11702	14262	9580	310	2084	37938	500	492	500	500	true	442.3
3002	13002	80.0	100	0.299811	0.384733	0.252297	0.008899	0.054261	11421	14656	9611	339	2067	38094	500	488	500	500	true	442.3
3002	13002	80.0	128	0.313106	0.377037	0.243823	0.005672	0.060363	11759	14160	9157	213	2267	37556	500	485	500	500	true	442.3
3002	13002	80.0	160	0.294721	0.387838	0.252779	0.006784	0.057878	10948	14407	9390	252	2150	37147	500	477	500	500	true	442.3
3002	13002	80.0	200	0.278707	0.39953	0.255315	0.007563	0.058885	10318	14791	9452	280	2180	37021	500	471	500	500	true	442.3
3002	13002	80.0	256	0.269969	0.41283	0.251044	0.007998	0.058158	9957	15226	9259	295	2145	36882	500	455	500	500	true	442.3
3002	13002	80.0	320	0.255256	0.426577	0.251807	0.007337	0.059023	9324	15582	9198	268	2156	36528	500	443	500	500	true	442.3
3002	13002	80.0	400	0.262308	0.431325	0.240486	0.00957	0.056312	9484	15595	8695	346	2036	36156	500	432	500	500	true	442.3
3002	13002	80.0	500	0.26573	0.437785	0.230862	0.003183	0.06244	9435	15544	8197	113	2217	35506	500	415	500	500	true	442.3
3002	13002	80.0	640	0.26673	0.448189	0.218362	0.009074	0.057644	9259	15558	7580	315	2001	34713	500	394	500	500	true	442.3
3002	13002	80.0	800	0.255541	0.464773	0.209932	0.008544	0.06121	8763	15938	7199	293	2099	34292	500	376	500	500	true	442.3
3002	13002	80.0	1000	0.241468	0.493537	0.19559	0.005889	0.063516	7995	16341	6476	195	2103	33110	500	345	500	500	true	442.3
3002	13002	80.0	1280	0.226375	0.52376	0.178412	0.00449	0.066964	7160	16566	5643	142	2118	31629	500	308	500	500	true	442.3
3002	13002	80.0	1600	0.224735	0.546203	0.158326	0.012462	0.058274	6907	16787	4866	383	1791	30734	500	277	500	500	true	442.3
3002	13002	80.0	2000	0.154657	0.612003	0.154828	0.006485	0.072027	4507	17835	4512	189	2099	29142	500	233	500	500	true	442.3
3002	13002	80.0	2560	0.154276	0.666287	0.103881	0.011992	0.063564	4194	18113	2824	326	1728	27185	499	171	500	500	true	442.3
3002	13002	80.0	3200	0.123395	0.724721	0.072318	0.018157	0.061409	3201	18800	1876	471	1593	25941	499	126	500	500	true	442.3
3002	13002	80.0	4000	0.107732	0.788819	0.025747	0.031711	0.045991	2565	18781	613	755	1095	23809	498	73	500	500	true	442.3
3002	13002	80.0	5000	0.063302	0.853264	0.005055	0.048181	0.030197	1415	19073	113	1077	675	22353	498	35	500	500	true	442.3
3002	13002	80.0	6400	0.025171	0.894264	0.003275	0.062132	0.015159	538	19114	70	1328	324	21374	498	15	500	500	true	442.3
3002	13002	80.0	8000	0.015769	0.905477	0.0	0.073155	0.005599	338	19408	0	1568	120	21434	498	7	500	500	true	442.3
3002	13002	80.0	10000	0.006496	0.917341	0.0	0.073338	0.002824	138	19488	0	1558	60	21244	498	3	500	500	true	442.3
3003	13003	80.0	1	0.422219	0.296613	0.223276	0.028117	0.029775	16293	11446	8616	1085	1149	38589	500	500	500	500	true	434.6
3003	13003	80.0	2	0.408221	0.312355	0.220576	0.028742	0.030105	16177	12378	8741	1139	1193	39628	500	500	500	500	true	434.6
3003	13003	80.0	3	0.406291	0.317576	0.217873	0.026102	0.032158	16235	12690	8706	1043	1285	39959	500	500	500	500	true	434.6
3003	13003	80.0	4	0.39855	0.3232	0.21965	0.0233	0.0353	15942	12928	8786	932	1412	40000	500	500	500	500	true	434.6
3003	13003	80.0	5	0.385892	0.33043	0.224471	0.023164	0.036043	15460	13238	8993	928	1444	40063	500	499	500	500	true	434.6
3003	13003	80.0	6	0.382214	0.334168	0.22393	0.019979	0.039709	15266	13347	8944	798	1586	39941	500	499	500	500	true	434.6
3003	13003	80.0	8	0.372201	0.337116	0.230465	0.016984	0.043234	14661	13279	9078	669	1703	39390	500	499	500	500	true	434.6
3003	13003	80.0	10	0.359895	0.344717	0.234171	0.016063	0.045154	14227	13627	9257	635	1785	39531	500	499	500	500	true	434.6
3003	13003	80.0	13	0.353952	0.347237	0.237742	0.016015	0.045055	13968	13703	9382	632	1778	39463	500	499	500	500	true	434.6
3003	13003	80.0	16	0.339377	0.357532	0.242625	0.015167	0.045299	13403	14120	9582	599	1789	39493	500	499	500	500	true	434.6
3003	13003	80.0	20	0.32283	0.358672	0.256454	0.015844	0.046199	12592	13990	10003	618	1802	39005	500	499	500	500	true	434.6
3003	13003	80.0	25	0.323326	0.366902	0.247701	0.016012	0.046059	12762	14482	9777	632	1818	39471	500	499	500	500	true	434.6
3003	13003	80.0	32	0.30841	0.367064	0.262384	0.013456	0.048685	11941	14212	10159	521	1885	38718	500	498	500	500	true	434.6
3003	13003	80.0	40	0.319195	0.364886	0.252451	0.012487	0.05098	12372	14143	9785	484	1976	38760	500	497	500	500	true	434.6
3003	13003	80.0	50	0.318353	0.372752	0.246253	0.010518	0.052124	12319	14424	9529	407	2017	38696	500	495	500	500	true	434.6
3003	13003	80.0	64	0.322272	0.364593	0.249442	0.011683	0.05201	12275	13887	9501	445	1981	38089	500	495	500	500	true	434.6
3003	13003	80.0	80	0.298107	0.376523	0.262669	0.012709	0.049992	11306	14280	9962	482	1896	37926	500	493	500	500	true	434.6
3003	13003	80.0	100	0.300333	0.381512	0.255374	0.012887	0.049894	11443	14536	9730	491	1901	38101	500	489	500	500	true	434.6
3003	13003	80.0	128	0.295873	0.387962	0.252309	0.011478	0.052377	11213	14703	9562	435	1985	37898	500	481	500	500	true	434.6
3003	13003	80.0	160	0.281223	0.395748	0.258874	0.008854	0.055301	10608	14928	9765	334	2086	37721	500	476	500	500	true	434.6
3003	13003	80.0	200	0.263063	0.410165	0.262229	0.007584	0.056958	9782	15252	9751	282	2118	37185	500	468	500	500	true	434.6
3003	13003	80.0	256	0.297745	0.396109	0.239876	0.010945	0.055325	10882	14477	8767	400	2022	36548	500	457	500	500	true	434.6
3003	13003	80.0	320	0.286276	0.408459	0.237661	0.006843	0.060762	10417	14863	8648	249	2211	36388	500	445	500	500	true	434.6
3003	13003	80.0	400	0.27268	0.424033	0.236442	0.010819	0.056026	9880	15364	8567	392	2030	36233	500	434	500	500	true	434.6
3003	13003	80.0	500	0.262553	0.437179	0.230808	0.007309	0.062151	9412	15672	8274	262	2228	35848	500	421	500	500	true	434.6
3003	13003	80.0	640	0.265098	0.443526	0.223671	0.008442	0.059264	9170	15342	7737	292	2050	34591	500	397	500	500	true	434.6
3003	13003	80.0	800	0.229491	0.477544	0.225862	0.005695	0.061408	7777	16183	7654	193	2081	33888	500	375	500	500	true	434.6
3003	13003	80.0	1000	0.250598	0.483157	0.200024	0.013438	0.052783	8280	15964	6609	444	1744	33041	500	350	500	500	true	434.6
3003	13003	80.0	1280	0.247405	0.51277	0.169938	0.011637	0.05825	7866	16303	5403	370	1852	31794	500	306	500	500	true	434.6
3003	13003	80.0	1600	0.228142	0.549497	0.154569	0.015503	0.052289	6946	16730	4706	472	1592	30446	500	265	500	500	true	434.6
3003	13003	80.0	2000	0.21364	0.584888	0.125596	0.01406	0.061816	6093	16681	3582	401	1763	28520	500	225	500	500	true	434.6
3003	13003	80.0	2560	0.192549	0.635793	0.098466	0.017458	0.055734	5272	17408	2696	478	1526	27380	500	183	500	500	true	434.6
3003	13003	80.0	3200	0.161415	0.697066	0.065727	0.022064	0.053728	4170	18008	1698	570	1388	25834	500	133	500	500	true	434.6
3003	13003	80.0	4000	0.125135	0.767162	0.03117	0.029426	0.047107	3015	18484	751	709	1135	24094	500	84	500	500	true	434.6
3003	13003	80.0	5000	0.068231	0.846796	0.010141	0.047338	0.027494	1561	19373	232	1083	629	22878	500	40	500	500	true	434.6
3003	13003	80.0	6400	0.02556	0.894865	0.001977	0.063623	0.013975	556	19466	43	1384	304	21753	500	14	500	500	true	434.6
3003	13003	80.0	8000	0.020062	0.900019	0.00194	0.069367	0.008612	424	19021	41	1466	182	21134	500	10	500	500	true	434.6
3003	13003	80.0	10000	0.005977	0.916048	0.0	0.07452	0.003455	128	19619	0	1596	74	21417	500	3	500	500	true	434.6
3004	13004	80.0	1	0.441478	0.285651	0.214076	0.029449	0.029345	17030	11019	8258	1136	1132	38575	500	500	500	500	true	434.2
3004	13004	80.0	2	0.42162	0.302401	0.217194	0.028402	0.030382	16611	11914	8557	1119	1197	39398	500	500	500	500	true	434.2
3004	13004	80.0	3	0.418673	0.304466	0.218219	0.029674	0.028968	16592	12066	8648	1176	1148	39630	500	500	500	500	true	434.2
3004	13004	80.0	4	0.412108	0.312128	0.217119	0.026675	0.03197	16500	12497	8693	1068	1280	40038	500	500	500	500	true	434.2
3004	13004	80.0	5	0.411947	0.315469	0.213225	0.025686	0.033674	16503	12638	8542	1029	1349	40061	500	500	500	500	true	434.2
3004	13004	80.0	6	0.414703	0.312372	0.213743	0.025439	0.033744	16579	12488	8545	1017	1349	39978	500	500	500	500	true	434.2
3004	13004	80.0	8	0.393086	0.324695	0.221054	0.023784	0.037382	15668	12942	8811	948	1490	39859	500	500	500	500	true	434.2
3004	13004	80.0	10	0.382547	0.326068	0.231488	0.021493	0.038404	15111	12880	9144	849	1517	39501	500	500	500	500	true	434.2
3004	13004	80.0	13	0.362541	0.337255	0.238094	0.019873	0.042236	14266	13271	9369	782	1662	39350	500	500	500	500	true	434.2
3004	13004	80.0	16	0.347701	0.350928	0.238506	0.019107	0.043759	13794	13922	9462	758	1736	39672	500	500	500	500	true	434.2
3004	13004	80.0	20	0.343573	0.348924	0.243197	0.017024	0.047283	13421	13630	9500	665	1847	39063	500	500	500	500	true	434.2
3004	13004	80.0	25	0.362016	0.340171	0.234276	0.01423	0.049306	14119	13267	9137	555	1923	39001	500	500	500	500	true	434.2
3004	13004	80.0	32	0.330595	0.361711	0.245565	0.011784	0.050345	12877	14089	9565	459	1961	38951	500	500	500	500	true	434.2
3004	13004	80.0	40	0.322368	0.363927	0.249768	0.011602	0.052336	12504	14116	9688	450	2030	38788	500	500	500	500	true	434.2
3004	13004	80.0	50	0.316122	0.366146	0.253214	0.010571	0.053947	12171	14097	9749	407	2077	38501	500	499	500	500	true	434.2
3004	13004	80.0	64	0.305487	0.374785	0.255777	0.00952	0.054431	11713	14370	9807	365	2087	38342	500	497	500	500	true	434.2
3004	13004	80.0	80	0.294428	0.377029	0.263669	0.010909	0.053966	11228	14378	10055	416	2058	38135	500	495	500	500	true	434.2
3004	13004	80.0	100	0.300642	0.37696	0.259734	0.011838	0.050826	11428	14329	9873	450	1932	38012	500	493	500	500	true	434.2
3004	13004	80.0	128	0.298059	0.378519	0.256314	0.011667	0.05544	11317	14372	9732	443	2105	37969	500	489	500	500	true	434.2
3004	13004	80.0	160	0.301835	0.383271	0.252181	0.009335	0.053378	11349	14411	9482	351	2007	37600	500	483	500	500	true	434.2
3004	13004	80.0	200	0.288855	0.390861	0.254977	0.008516	0.056792	10854	14687	9581	320	2134	37576	500	477	500	500	true	434.2
3004	13004	80.0	256	0.265973	0.406013	0.262024	0.005831	0.060159	9899	15111	9752	217	2239	37218	500	470	500	500	true	434.2
3004	13004	80.0	320	0.254379	0.415112	0.265029	0.008253	0.057228	9339	15240	9730	303	2101	36713	500	461	500	500	true	434.2
3004	13004	80.0	400	0.245491	0.428346	0.260376	0.004618	0.061169	9038	15770	9586	170	2252	36816	500	454	500	500	true	434.2
3004	13004	80.0	500	0.241539	0.435538	0.254175	0.005734	0.063015	8678	15648	9132	206	2264	35928	500	435	500	500	true	434.2
3004	13004	80.0	640	0.266541	0.43879	0.229504	0.009652	0.055513	9334	15366	8037	338	1944	35019	500	410	500	500	true	434.2
3004	13004	80.0	800	0.249956	0.464574	0.217384	0.004796	0.063291	8495	15789	7388	163	2151	33986	500	384	500	500	true	434.2
3004	13004	80.0	1000	0.240832	0.48236	0.207878	0.006253	0.062677	7973	15969	6882	207	2075	33106	499	355	500	500	true	434.2
3004	13004	80.0	1280	0.236958	0.511925	0.180133	0.00601	0.064974	7531	16270	5725	191	2065	31782	499	317	500	500	true	434.2
3004	13004	80.0	1600	0.216493	0.543209	0.168723	0.007292	0.064283	6739	16909	5252	227	2001	31128	498	285	500	500	true	434.2
3004	13004	80.0	2000	0.213123	0.576098	0.135479	0.010942	0.064358	6272	16954	3987	322	1894	29429	498	241	500	500	true	434.2
3004	13004	80.0	2560	0.192302	0.629389	0.100313	0.013048	0.064949	5291	17317	2760	359	1787	27514	498	189	500	500	true	434.2
3004	13004	80.0	3200	0.148105	0.69898	0.074557	0.012956	0.065402	3818	18019	1922	334	1686	25779	495	139	500	500	true	434.2
3004	13004	80.0	4000	0.124008	0.760375	0.038375	0.01855	0.058693	3015	18487	933	451	1427	24313	495	93	500	500	true	434.2
3004	13004	80.0	5000	0.063993	0.843583	0.014884	0.044029	0.033512	1436	18930	334	988	752	22440	495	43	500	500	true	434.2
3004	13004	80.0	6400	0.042429	0.877367	0.002994	0.054499	0.022712	921	19045	65	1183	493	21707	495	22	500	500	true	434.2
3004	13004	80.0	8000	0.011399	0.909942	0.000804	0.068442	0.009413	241	19238	17	1447	199	21142	495	7	500	500	true	434.2
3004	13004	80.0	10000	0.008137	0.914018	0.0	0.07323	0.004616	171	19209	0	1539	97	21016	495	4	500	500	true	434.2
3005	13005	80.0	1	0.415854	0.302743	0.222798	0.023727	0.034877	16037	11675	8592	915	1345	38564	500	500	500	500	true	459.5
3005	13005	80.0	2	0.399572	0.31553	0.225929	0.023261	0.035708	15666	12371	8858	912	1400	39207	500	500	500	500	true	459.5
3005	13005	80.0	3	0.388072	0.324595	0.227489	0.023775	0.036069	15278	12779	8956	936	1420	39369	500	500	500	500	true	459.5
3005	13005	80.0	4	0.383578	0.327104	0.229117	0.022924	0.037277	15126	12899	9035	904	1470	39434	500	500	500	500	true	459.5
3005	13005	80.0	5	0.377134	0.335216	0.228815	0.022615	0.03622	15025	13355	9116	901	1443	39840	500	500	500	500	true	459.5
3005	13005	80.0	6	0.370714	0.334706	0.234441	0.024182	0.035957	14671	13246	9278	957	1423	39575	500	500	500	500	true	459.5
3005	13005	80.0	8	0.365275	0.338853	0.236738	0.02376	0.035374	14405	13363	9336	937	1395	39436	500	500	500	500	true	459.5
3005	13005	80.0	10	0.35748	0.343497	0.238042	0.023095	0.037886	14163	13609	9431	915	1501	39619	500	500	500	500	true	459.5
3005	13005	80.0	13	0.360611	0.339706	0.238629	0.021543	0.039512	14128	13309	9349	844	1548	39178	500	500	500	500	true	459.5
3005	13005	80.0	16	0.350689	0.347954	0.240575	0.020193	0.04059	13720	13613	9412	790	1588	39123	500	500	500	500	true	459.5
3005	13005	80.0	20	0.348351	0.349196	0.241241	0.019747	0.041466	13601	13634	9419	771	1619	39044	500	500	500	500	true	459.5
3005	13005	80.0	25	0.336856	0.354075	0.244832	0.017477	0.04676	13068	13736	9498	678	1814	38794	500	498	500	500	true	459.5
3005	13005	80.0	32	0.338793	0.355873	0.242095	0.017002	0.046237	13072	13731	9341	656	1784	38584	500	497	500	500	true	459.5
3005	13005	80.0	40	0.334318	0.35783	0.245379	0.015579	0.046893	12897	13804	9466	601	1809	38577	500	497	500	500	true	459.5
3005	13005	80.0	50	0.330055	0.360973	0.245723	0.014125	0.049124	12618	13800	9394	540	1878	38230	500	495	500	500	true	459.5
3005	13005	80.0	64	0.314229	0.367069	0.255756	0.012131	0.050814	11941	13949	9719	461	1931	38001	500	493	500	500	true	459.5
3005	13005	80.0	80	0.305634	0.377394	0.254139	0.012927	0.049906	11538	14247	9594	488	1884	37751	500	490	500	500	true	459.5
3005	13005	80.0	100	0.307547	0.374455	0.250984	0.011355	0.055659	11565	14081	9438	427	2093	37604	500	486	500	500	true	459.5
3005	13005	80.0	128	0.300016	0.378525	0.254789	0.014606	0.052064	11277	14228	9577	549	1957	37588	500	484	500	500	true	459.5
3005	13005	80.0	160	0.294584	0.388546	0.252383	0.011076	0.053411	11064	14593	9479	416	2006	37558	500	476	500	500	true	459.5
3005	13005	80.0	200	0.271431	0.401088	0.262022	0.012062	0.053396	10126	14963	9775	450	1992	37306	500	473	500	500	true	459.5
3005	13005	80.0	256	0.273751	0.404617	0.257555	0.009902	0.054175	10091	14915	9494	365	1997	36862	500	465	500	500	true	459.5
3005	13005	80.0	320	0.256375	0.411785	0.264223	0.011378	0.056239	9441	15164	9730	419	2071	36825	500	459	500	500	true	459.5
3005	13005	80.0	400	0.273892	0.417466	0.244745	0.005547	0.05835	9876	15053	8825	200	2104	36058	500	443	500	500	true	459.5
3005	13005	80.0	500	0.278042	0.423074	0.234661	0.010852	0.053371	9992	15204	8433	390	1918	35937	500	429	500	500	true	459.5
3005	13005	80.0	640	0.263474	0.43792	0.23455	0.007816	0.056239	9337	15519	8312	277	1993	35438	499	414	500	500	true	459.5
3005	13005	80.0	800	0.243468	0.458437	0.228305	0.008224	0.061567	8526	16054	7995	288	2156	35019	499	397	500	500	true	459.5
3005	13005	80.0	1000	0.237664	0.481291	0.212259	0.007578	0.061208	8092	16387	7227	258	2084	34048	498	367	500	500	true	459.5
3005	13005	80.0	1280	0.241845	0.500553	0.18659	0.00602	0.064992	7874	16297	6075	196	2116	32558	497	330	500	500	true	459.5
3005	13005	80.0	1600	0.205089	0.542545	0.182872	0.008687	0.060807	6351	16801	5663	269	1883	30967	497	290	500	500	true	459.5
3005	13005	80.0	2000	0.217357	0.56965	0.13639	0.009609	0.066994	6424	16836	4031	284	1980	29555	497	244	500	500	true	459.5
3005	13005	80.0	2560	0.185626	0.643741	0.098362	0.01321	0.059061	5101	17690	2703	363	1623	27480	497	182	500	500	true	459.5
3005	13005	80.0	3200	0.168336	0.690815	0.066387	0.022906	0.051557	4336	17794	1710	590	1328	25758	497	136	500	500	true	459.5
3005	13005	80.0	4000	0.107089	0.778882	0.036839	0.032041	0.045149	2500	18183	860	748	1054	23345	497	79	500	500	true	459.5
3005	13005	80.0	5000	0.071559	0.841524	0.009322	0.047587	0.030008	1612	18957	210	1072	676	22527	497	41	500	500	true	459.5
3005	13005	80.0	6400	0.043057	0.87729	0.002307	0.05764	0.019706	933	19010	50	1249	427	21669	497	22	500	500	true	459.5
3005	13005	80.0	8000	0.013037	0.908834	0.001318	0.063491	0.01332	277	19310	28	1349	283	21247	497	9	500	500	true	459.5
3005	13005	80.0	10000	0.006148	0.915482	0.0	0.074757	0.003613	131	19508	0	1593	77	21309	497	3	500	500	true	459.5
3006	13006	80.0	1	0.423171	0.297334	0.221062	0.031621	0.026812	16367	11500	8550	1223	1037	38677	500	500	500	500	true	464.5
3006	13006	80.0	2	0.415168	0.305982	0.220462	0.029729	0.028659	16297	12011	8654	1167	1125	39254	500	500	500	500	true	464.5
3006	13006	80.0	3	0.402216	0.315471	0.221679	0.030698	0.029937	15867	12445	8745	1211	1181	39449	500	500	500	500	true	464.5
3006	13006	80.0	4	0.394237	0.32074	0.225026	0.028915	0.031082	15652	12734	8934	1148	1234	39702	500	500	500	500	true	464.5
3006	13006	80.0	5	0.37903	0.328321	0.233362	0.027247	0.03204	15024	13014	9250	1080	1270	39638	500	500	500	500	true	464.5
3006	13006	80.0	6	0.384619	0.323713	0.231368	0.025399	0.034901	15219	12809	9155	1005	1381	39569	500	500	500	500	true	464.5
3006	13006	80.0	8	0.364191	0.337072	0.238726	0.025599	0.034411	14383	13312	9428	1011	1359	39493	500	500	500	500	true	464.5
3006	13006	80.0	10	0.352774	0.345263	0.241374	0.02538	0.035209	13997	13699	9577	1007	1397	39677	500	500	500	500	true	464.5
3006	13006	80.0	13	0.344914	0.346902	0.247725	0.02452	0.035939	13532	13610	9719	962	1410	39233	500	500	500	500	true	464.5
3006	13006	80.0	16	0.332671	0.353224	0.253999	0.022769	0.037337	13062	13869	9973	894	1466	39264	500	500	500	500	true	464.5
3006	13006	80.0	20	0.335774	0.352557	0.251547	0.017634	0.042487	13024	13675	9757	684	1648	38788	500	500	500	500	true	464.5
3006	13006	80.0	25	0.331491	0.357699	0.250665	0.016841	0.043305	12952	13976	9794	658	1692	39072	500	500	500	500	true	464.5
3006	13006	80.0	32	0.316954	0.367872	0.255259	0.01552	0.044395	12294	14269	9901	602	1722	38788	500	499	500	500	true	464.5
3006	13006	80.0	40	0.31873	0.367211	0.253838	0.01561	0.044611	12353	14232	9838	605	1729	38757	500	499	500	500	true	464.5
3006	13006	80.0	50	0.295478	0.372871	0.268146	0.015655	0.047851	11362	14338	10311	602	1840	38453	500	499	500	500	true	464.5
3006	13006	80.0	64	0.308891	0.369723	0.258803	0.015058	0.047526	11816	14143	9900	576	1818	38253	500	497	500	500	true	464.5
3006	13006	80.0	80	0.301321	0.376102	0.260582	0.013209	0.048786	11383	14208	9844	499	1843	37777	500	493	500	500	true	464.5
3006	13006	80.0	100	0.294521	0.382191	0.26148	0.011981	0.049826	11160	14482	9908	454	1888	37892	500	489	500	500	true	464.5
3006	13006	80.0	128	0.298896	0.382721	0.255315	0.011676	0.051391	11289	14455	9643	441	1941	37769	500	485	500	500	true	464.5
3006	13006	80.0	160	0.276793	0.393704	0.266756	0.008906	0.053841	10287	14632	9914	331	2001	37165	500	481	500	500	true	464.5
3006	13006	80.0	200	0.280527	0.400457	0.255787	0.009715	0.053515	10568	15086	9636	366	2016	37672	500	473	500	500	true	464.5
3006	13006	80.0	256	0.266314	0.413874	0.256694	0.008284	0.054834	9966	15488	9606	310	2052	37422	500	465	500	500	true	464.5
3006	13006	80.0	320	0.272569	0.409835	0.251377	0.008727	0.057492	9994	15027	9217	320	2108	36666	500	454	500	500	true	464.5
3006	13006	80.0	400	0.273025	0.417166	0.243938	0.012784	0.053087	9931	15174	8873	465	1931	36374	500	440	500	500	true	464.5
3006	13006	80.0	500	0.271379	0.426457	0.235715	0.008271	0.058179	9679	15210	8407	295	2075	35666	500	430	500	500	true	464.5
3006	13006	80.0	640	0.253886	0.442477	0.235283	0.007071	0.061283	9048	15769	8385	252	2184	35638	500	417	500	500	true	464.5
3006	13006	80.0	800	0.265117	0.445042	0.219717	0.011017	0.059107	9361	15714	7758	389	2087	35309	500	402	500	500	true	464.5
3006	13006	80.0	1000	0.253726	0.466572	0.2132	0.00751	0.058992	8615	15842	7239	255	2003	33954	500	375	500	500	true	464.5
3006	13006	80.0	1280	0.24047	0.493728	0.19289	0.008011	0.064901	7955	16333	6381	265	2147	33081	500	343	500	500	true	464.5
3006	13006	80.0	1600	0.225007	0.524043	0.180785	0.012375	0.057791	7164	16685	5756	394	1840	31839	500	307	500	500	true	464.5
3006	13006	80.0	2000	0.213198	0.56288	0.148985	0.009507	0.06543	6481	17111	4529	289	1989	30399	500	262	500	500	true	464.5
3006	13006	80.0	2560	0.181581	0.625656	0.115315	0.011824	0.065624	5083	17514	3228	331	1837	27993	500	199	500	500	true	464.5
3006	13006	80.0	3200	0.15239	0.693917	0.074815	0.011345	0.067533	3976	18105	1952	296	1762	26091	500	145	500	500	true	464.5
3006	13006	80.0	4000	0.107481	0.772693	0.043017	0.029925	0.046883	2586	18591	1035	720	1128	24060	500	86	500	500	true	464.5
3006	13006	80.0	5000	0.088831	0.815247	0.017616	0.038448	0.039857	2017	18511	400	873	905	22706	499	55	500	500	true	464.5
3006	13006	80.0	6400	0.049702	0.87135	0.002221	0.056828	0.019899	1074	18829	48	1228	430	21609	499	24	500	500	true	464.5
3006	13006	80.0	8000	0.009688	0.912951	0.000141	0.07073	0.00649	206	19413	3	1504	138	21264	497	5	500	500	true	464.5
3006	13006	80.0	10000	0.006929	0.911789	0.0	0.078846	0.002435	148	19474	0	1684	52	21358	497	3	500	500	true	464.5
3007	13007	80.0	1	0.442839	0.289178	0.20931	0.024787	0.033886	17133	11188	8098	959	1311	38689	500	500	500	500	true	455.5
3007	13007	80.0	2	0.413023	0.311385	0.217154	0.0233	0.035139	16397	12362	8621	925	1395	39700	500	500	500	500	true	455.5
3007	13007	80.0	3	0.41153	0.313696	0.214929	0.022915	0.036931	16325	12444	8526	909	1465	39669	500	500	500	500	true	455.5
3007	13007	80.0	4	0.391784	0.329894	0.219347	0.02019	0.038785	15718	13235	8800	810	1556	40119	500	500	500	500	true	455.5
3007	13007	80.0	5	0.384942	0.331999	0.223404	0.020258	0.039397	15487	13357	8988	815	1585	40232	500	500	500	500	true	455.5
3007	13007	80.0	6	0.372941	0.33568	0.231187	0.020391	0.039801	14833	13351	9195	811	1583	39773	500	500	500	500	true	455.5
3007	13007	80.0	8	0.361639	0.343681	0.233097	0.019012	0.042571	14399	13684	9281	757	1695	39816	500	499	500	500	true	455.5
3007	13007	80.0	10	0.36491	0.339953	0.234525	0.021121	0.039491	14461	13472	9294	837	1565	39629	500	499	500	500	true	455.5
3007	13007	80.0	13	0.349886	0.348437	0.238907	0.017484	0.045286	13768	13711	9401	688	1782	39350	500	499	500	500	true	455.5
3007	13007	80.0	16	0.348288	0.346013	0.243219	0.017537	0.044942	13624	13535	9514	686	1758	39117	500	499	500	500	true	455.5
3007	13007	80.0	20	0.337586	0.353105	0.247335	0.017692	0.044282	13204	13811	9674	692	1732	39113	500	499	500	500	true	455.5
3007	13007	80.0	25	0.332505	0.355369	0.250455	0.016148	0.045523	12972	13864	9771	630	1776	39013	500	499	500	500	true	455.5
3007	13007	80.0	32	0.322809	0.361637	0.250652	0.01296	0.051943	12504	14008	9709	502	2012	38735	500	499	500	500	true	455.5
3007	13007	80.0	40	0.30413	0.371669	0.260068	0.01375	0.050383	11789	14407	10081	533	1953	38763	500	498	500	500	true	455.5
3007	13007	80.0	50	0.28932	0.38105	0.26629	0.012127	0.051213	11118	14643	10233	466	1968	38428	500	495	500	500	true	455.5
3007	13007	80.0	64	0.292421	0.383535	0.259382	0.009369	0.055293	11143	14615	9884	357	2107	38106	500	493	500	500	true	455.5
3007	13007	80.0	80	0.31231	0.372259	0.249451	0.012249	0.053732	11805	14071	9429	463	2031	37799	500	489	500	500	true	455.5
3007	13007	80.0	100	0.290367	0.389795	0.254497	0.007499	0.057843	11074	14866	9706	286	2206	38138	500	486	500	500	true	455.5
3007	13007	80.0	128	0.291225	0.388646	0.256727	0.010762	0.05264	10932	14589	9637	404	1976	37538	500	483	500	500	true	455.5
3007	13007	80.0	160	0.294596	0.389914	0.252484	0.006597	0.05641	10941	14481	9377	245	2095	37139	500	477	500	500	true	455.5
3007	13007	80.0	200	0.270817	0.408956	0.257199	0.006863	0.056166	10063	15196	9557	255	2087	37158	500	467	500	500	true	455.5
3007	13007	80.0	256	0.273456	0.411627	0.248017	0.006987	0.059914	10137	15259	9194	259	2221	37070	500	455	500	500	true	455.5
3007	13007	80.0	320	0.254013	0.427654	0.252762	0.007237	0.058334	9336	15718	9290	266	2144	36754	500	448	500	500	true	455.5
3007	13007	80.0	400	0.265949	0.426598	0.241728	0.00881	0.056915	9509	15253	8643	315	2035	35755	500	432	500	500	true	455.5
3007	13007	80.0	500	0.250958	0.447075	0.235747	0.006948	0.059273	8777	15636	8245	243	2073	34974	500	407	500	500	true	455.5
3007	13007	80.0	640	0.247227	0.467075	0.217757	0.010714	0.057227	8515	16087	7500	369	1971	34442	500	378	500	500	true	455.5
3007	13007	80.0	800	0.246851	0.484769	0.197868	0.005241	0.065271	8290	16280	6645	176	2192	33583	500	356	500	500	true	455.5
3007	13007	80.0	1000	0.248736	0.497717	0.181166	0.006834	0.065547	8117	16242	5912	223	2139	32633	500	325	500	500	true	455.5
3007	13007	80.0	1280	0.246237	0.52551	0.157476	0.012956	0.057821	7640	16305	4886	402	1794	31027	500	287	500	500	true	455.5
3007	13007	80.0	1600	0.212077	0.577173	0.139105	0.008845	0.0628	6234	16966	4089	260	1846	29395	500	244	500	500	true	455.5
3007	13007	80.0	2000	0.1944	0.62383	0.106197	0.012164	0.063409	5402	17335	2951	338	1762	27788	500	195	500	500	true	455.5
3007	13007	80.0	2560	0.173735	0.680204	0.0715	0.021549	0.053012	4539	17771	1868	563	1385	26126	500	146	500	500	true	455.5
3007	13007	80.0	3200	0.140013	0.737913	0.044043	0.023771	0.05426	3481	18346	1095	591	1349	24862	500	105	500	500	true	455.5
3007	13007	80.0	4000	0.093523	0.799568	0.02867	0.034456	0.043782	2166	18518	664	798	1014	23160	500	67	500	500	true	455.5
3007	13007	80.0	5000	0.069231	0.843886	0.008359	0.050556	0.027968	1557	18979	188	1137	629	22490	499	38	500	500	true	455.5
3007	13007	80.0	6400	0.023902	0.895133	0.003421	0.059116	0.018428	524	19624	75	1296	404	21923	499	16	500	500	true	455.5
3007	13007	80.0	8000	0.015315	0.90472	0.000789	0.071286	0.00789	330	19494	17	1536	170	21547	499	8	500	500	true	455.5
3007	13007	80.0	10000	0.007747	0.916782	0.0	0.074569	0.000903	163	19290	0	1569	19	21041	499	3	500	500	true	455.5
3008	13008	80.0	1	0.424656	0.294023	0.221835	0.025664	0.033821	16348	11319	8540	988	1302	38497	500	500	500	500	true	461.2
3008	13008	80.0	2	0.413062	0.309993	0.218649	0.023425	0.034871	16311	12241	8634	925	1377	39488	500	500	500	500	true	461.2
3008	13008	80.0	3	0.404603	0.317807	0.21809	0.022413	0.037087	16157	12691	8709	895	1481	39933	500	500	500	500	true	461.2
3008	13008	80.0	4	0.392578	0.324217	0.224302	0.023446	0.035457	15689	12957	8964	937	1417	39964	500	500	500	500	true	461.2
3008	13008	80.0	5	0.384177	0.330726	0.225424	0.024439	0.035234	15374	13235	9021	978	1410	40018	500	500	500	500	true	461.2
3008	13008	80.0	6	0.37787	0.33058	0.230367	0.023282	0.037902	15094	13205	9202	930	1514	39945	500	500	500	500	true	461.2
3008	13008	80.0	8	0.369976	0.339002	0.231637	0.021302	0.038083	14728	13495	9221	848	1516	39808	500	500	500	500	true	461.2
3008	13008	80.0	10	0.357146	0.341546	0.239713	0.021053	0.040541	14148	13530	9496	834	1606	39614	500	500	500	500	true	461.2
3008	13008	80.0	13	0.340541	0.35304	0.24392	0.017515	0.044984	13513	14009	9679	695	1785	39681	500	500	500	500	true	461.2
3008	13008	80.0	16	0.345461	0.353994	0.237831	0.015931	0.046783	13683	14021	9420	631	1853	39608	500	500	500	500	true	461.2
3008	13008	80.0	20	0.342188	0.355845	0.240571	0.015462	0.045934	13655	14200	9600	617	1833	39905	500	500	500	500	true	461.2
3008	13008	80.0	25	0.335746	0.354748	0.24716	0.016118	0.046229	13269	14020	9768	637	1827	39521	500	500	500	500	true	461.2
3008	13008	80.0	32	0.329313	0.361481	0.24717	0.016429	0.045607	12889	14148	9674	643	1785	39139	500	500	500	500	true	461.2
3008	13008	80.0	40	0.321883	0.361465	0.252538	0.013838	0.050276	12491	14027	9800	537	1951	38806	500	499	500	500	true	461.2
3008	13008	80.0	50	0.31624	0.367956	0.253048	0.012756	0.05	12346	14365	9879	498	1952	39040	500	498	500	500	true	461.2
3008	13008	80.0	64	0.317214	0.369706	0.248915	0.01079	0.053376	12201	14220	9574	415	2053	38463	500	497	500	500	true	461.2
3008	13008	80.0	80	0.294127	0.377593	0.264096	0.010828	0.053357	11273	14472	10122	415	2045	38327	500	497	500	500	true	461.2
3008	13008	80.0	100	0.303014	0.376846	0.25541	0.011986	0.052745	11553	14368	9738	457	2011	38127	500	493	500	500	true	461.2
3008	13008	80.0	128	0.289891	0.387531	0.260417	0.010167	0.051994	11006	14713	9887	386	1974	37966	500	489	500	500	true	461.2
3008	13008	80.0	160	0.302223	0.380003	0.254187	0.007243	0.056344	11350	14271	9546	272	2116	37555	500	484	500	500	true	461.2
3008	13008	80.0	200	0.27798	0.402438	0.255254	0.004625	0.059703	10397	15052	9547	173	2233	37402	500	475	500	500	true	461.2
3008	13008	80.0	256	0.284308	0.39987	0.252197	0.006807	0.056818	10483	14744	9299	251	2095	36872	500	465	500	500	true	461.2
3008	13008	80.0	320	0.29611	0.401073	0.237934	0.008651	0.056232	10816	14650	8691	316	2054	36527	500	455	500	500	true	461.2
3008	13008	80.0	400	0.270259	0.41651	0.246692	0.012982	0.053556	9805	15111	8950	471	1943	36280	500	441	500	500	true	461.2
3008	13008	80.0	500	0.270397	0.431493	0.235035	0.006346	0.056729	9757	15570	8481	229	2047	36084	500	429	500	500	true	461.2
3008	13008	80.0	640	0.242947	0.44884	0.239182	0.007787	0.061243	8517	15735	8385	273	2147	35057	500	407	500	500	true	461.2
3008	13008	80.0	800	0.235648	0.468174	0.230076	0.009102	0.057001	8078	16049	7887	312	1954	34280	500	383	500	500	true	461.2
3008	13008	80.0	1000	0.23076	0.491404	0.209427	0.009881	0.058528	7637	16263	6931	327	1937	33095	500	352	500	500	true	461.2
3008	13008	80.0	1280	0.215475	0.523017	0.189831	0.011271	0.060407	6806	16520	5996	356	1908	31586	500	310	500	500	true	461.2
3008	13008	80.0	1600	0.207204	0.561124	0.161463	0.010603	0.059607	6351	17199	4949	325	1827	30651	500	269	500	500	true	461.2
3008	13008	80.0	2000	0.188334	0.607967	0.129797	0.010359	0.063543	5418	17490	3734	298	1828	28768	500	220	500	500	true	461.2
3008	13008	80.0	2560	0.165506	0.660579	0.099237	0.016965	0.057712	4468	17833	2679	458	1558	26996	500	170	500	500	true	461.2
3008	13008	80.0	3200	0.143393	0.719448	0.062288	0.026154	0.048718	3635	18238	1579	663	1235	25350	499	120	500	500	true	461.2
3008	13008	80.0	4000	0.131218	0.754187	0.037238	0.032877	0.04448	3189	18329	905	799	1081	24303	499	91	500	500	true	461.2
3008	13008	80.0	5000	0.096655	0.809561	0.012267	0.038714	0.042803	2222	18611	282	890	984	22989	497	57	500	500	true	461.2
3008	13008	80.0	6400	0.044112	0.868722	0.007857	0.052658	0.026651	960	18906	171	1146	580	21763	497	28	500	500	true	461.2
3008	13008	80.0	8000	0.028087	0.89202	0.002206	0.06431	0.013377	611	19405	48	1399	291	21754	497	15	500	500	true	461.2
3008	13008	80.0	10000	0.005554	0.916129	0.0	0.074269	0.004048	118	19465	0	1578	86	21247	497	3	500	500	true	461.2
3009	13009	80.0	1	0.422547	0.299264	0.219348	0.02574	0.033102	16301	11545	8462	993	1277	38578	500	500	500	500	true	466.8
3009	13009	80.0	2	0.405289	0.315991	0.220405	0.025481	0.032834	15985	12463	8693	1005	1295	39441	500	500	500	500	true	466.8
3009	13009	80.0	3	0.390381	0.3259	0.22548	0.023884	0.034354	15511	12949	8959	949	1365	39733	500	500	500	500	true	466.8
3009	13009	80.0	4	0.389842	0.323953	0.227586	0.025979	0.032639	15336	12744	8953	1022	1284	39339	500	500	500	500	true	466.8
3009	13009	80.0	5	0.381762	0.333258	0.227084	0.024452	0.033443	15285	13343	9092	979	1339	40038	500	500	500	500	true	466.8
3009	13009	80.0	6	0.377319	0.329413	0.233297	0.024761	0.03521	14949	13051	9243	981	1395	39619	500	500	500	500	true	466.8
3009	13009	80.0	8	0.373437	0.33562	0.230598	0.023465	0.03688	14753	13259	9110	927	1457	39506	500	500	500	500	true	466.8
3009	13009	80.0	10	0.362431	0.339799	0.238353	0.021664	0.037753	14237	13348	9363	851	1483	39282	500	499	500	500	true	466.8
3009	13009	80.0	13	0.339027	0.351508	0.248674	0.021982	0.038809	13418	13912	9842	870	1536	39578	500	498	500	500	true	466.8
3009	13009	80.0	16	0.351105	0.350139	0.237638	0.020848	0.040272	13810	13772	9347	820	1584	39333	500	497	500	500	true	466.8
3009	13009	80.0	20	0.352302	0.352737	0.234323	0.016591	0.044047	13781	13798	9166	649	1723	39117	500	497	500	500	true	466.8
3009	13009	80.0	25	0.342196	0.355605	0.241033	0.015627	0.04554	13270	13790	9347	606	1766	38779	500	497	500	500	true	466.8
3009	13009	80.0	32	0.333558	0.357332	0.24416	0.015849	0.049101	12880	13798	9428	612	1896	38614	500	496	500	500	true	466.8
3009	13009	80.0	40	0.306937	0.373418	0.257946	0.013203	0.048497	11810	14368	9925	508	1866	38477	500	495	500	500	true	466.8
3009	13009	80.0	50	0.306875	0.37358	0.256486	0.010676	0.052383	11699	14242	9778	407	1997	38123	500	494	500	500	true	466.8
3009	13009	80.0	64	0.304086	0.371543	0.260748	0.010568	0.053055	11423	13957	9795	397	1993	37565	500	492	500	500	true	466.8
3009	13009	80.0	80	0.312877	0.374113	0.249788	0.01096	0.052261	11818	14131	9435	414	1974	37772	500	490	500	500	true	466.8
3009	13009	80.0	100	0.311573	0.376828	0.249359	0.010622	0.051617	11674	14119	9343	398	1934	37468	500	485	500	500	true	466.8
3009	13009	80.0	128	0.30033	0.380602	0.25299	0.014539	0.051539	11299	14319	9518	547	1939	37622	500	479	500	500	true	466.8
3009	13009	80.0	160	0.292503	0.396251	0.247339	0.01141	0.052496	11049	14968	9343	431	1983	37774	500	470	500	500	true	466.8
3009	13009	80.0	200	0.275838	0.40467	0.25726	0.010246	0.051986	10230	15008	9541	380	1928	37087	500	462	500	500	true	466.8
3009	13009	80.0	256	0.272764	0.413762	0.246794	0.007991	0.058689	10104	15327	9142	296	2174	37043	500	453	500	500	true	466.8
3009	13009	80.0	320	0.290491	0.408756	0.234103	0.01109	0.05556	10530	14817	8486	402	2014	36249	500	441	500	500	true	466.8
3009	13009	80.0	400	0.278811	0.423648	0.230961	0.00728	0.059301	9958	15131	8249	260	2118	35716	500	425	500	500	true	466.8
3009	13009	80.0	500	0.267568	0.433599	0.230301	0.007179	0.061354	9542	15463	8213	256	2188	35662	500	417	500	500	true	466.8
3009	13009	80.0	640	0.229825	0.458927	0.23884	0.008264	0.064145	7954	15883	8266	286	2220	34609	500	397	500	500	true	466.8
3009	13009	80.0	800	0.25128	0.466922	0.211634	0.008368	0.061796	8588	15958	7233	286	2112	34177	500	375	500	500	true	466.8
3009	13009	80.0	1000	0.240035	0.489922	0.202675	0.00937	0.057998	7967	16261	6727	311	1925	33191	500	346	500	500	true	466.8
3009	13009	80.0	1280	0.21634	0.52351	0.186552	0.005951	0.067647	6943	16801	5987	191	2171	32093	500	312	500	500	true	466.8
3009	13009	80.0	1600	0.223216	0.546985	0.159117	0.002457	0.068226	6815	16700	4858	75	2083	30531	499	278	500	500	true	466.8
3009	13009	80.0	2000	0.214401	0.566019	0.14364	0.012276	0.063664	6375	16830	4271	365	1893	29734	499	249	500	500	true	466.8
3009	13009	80.0	2560	0.186271	0.625956	0.111548	0.016303	0.059921	5210	17508	3120	456	1676	27970	499	196	500	500	true	466.8
3009	13009	80.0	3200	0.135995	0.708951	0.078897	0.01277	0.063387	3525	18376	2045	331	1643	25920	499	137	500	500	true	466.8
3009	13009	80.0	4000	0.149271	0.739513	0.034123	0.02425	0.052843	3644	18053	833	592	1290	24412	499	99	500	500	true	466.8
3009	13009	80.0	5000	0.088901	0.816986	0.015849	0.037295	0.040969	2081	19124	371	873	959	23408	499	56	500	500	true	466.8
3009	13009	80.0	6400	0.03653	0.884881	0.002303	0.055509	0.020776	793	19209	50	1205	451	21708	499	20	500	500	true	466.8
3009	13009	80.0	8000	0.019781	0.898941	0.0	0.069935	0.011343	422	19178	0	1492	242	21334	499	10	500	500	true	466.8
3009	13009	80.0	10000	0.004189	0.918484	0.0	0.075256	0.00207	87	19076	0	1563	43	20769	499	2	500	500	true	466.8
3010	13010	80.0	1	0.404522	0.312193	0.224743	0.021682	0.036859	15672	12095	8707	840	1428	38742	500	500	500	500	true	450.6
3010	13010	80.0	2	0.401836	0.320183	0.219812	0.020331	0.037838	15930	12693	8714	806	1500	39643	500	500	500	500	true	450.6
3010	13010	80.0	3	0.390751	0.327107	0.223104	0.021006	0.038031	15607	13065	8911	839	1519	39941	500	500	500	500	true	450.6
3010	13010	80.0	4	0.392371	0.330088	0.218228	0.018123	0.041189	15718	13223	8742	726	1650	40059	500	500	500	500	true	450.6
3010	13010	80.0	5	0.379012	0.335647	0.225531	0.01846	0.041349	15234	13491	9065	742	1662	40194	500	500	500	500	true	450.6
3010	13010	80.0	6	0.372562	0.339321	0.228292	0.017242	0.042583	14996	13658	9189	694	1714	40251	500	500	500	500	true	450.6
3010	13010	80.0	8	0.359264	0.343635	0.236394	0.017539	0.043168	14298	13676	9408	698	1718	39798	500	500	500	500	true	450.6
3010	13010	80.0	10	0.350992	0.348248	0.24021	0.016182	0.044368	13947	13838	9545	643	1763	39736	500	500	500	500	true	450.6
3010	13010	80.0	13	0.354331	0.349288	0.235557	0.01677	0.044055	14051	13851	9341	665	1747	39655	500	500	500	500	true	450.6
3010	13010	80.0	16	0.341729	0.353618	0.243949	0.017002	0.043702	13567	14039	9685	675	1735	39701	500	500	500	500	true	450.6
3010	13010	80.0	20	0.334344	0.351642	0.250427	0.020839	0.042748	13124	13803	9830	818	1678	39253	500	499	500	500	true	450.6
3010	13010	80.0	25	0.32056	0.361748	0.254066	0.016675	0.046951	12515	14123	9919	651	1833	39041	500	498	500	500	true	450.6
3010	13010	80.0	32	0.314152	0.366795	0.256841	0.014392	0.047819	12180	14221	9958	558	1854	38771	500	498	500	500	true	450.6
3010	13010	80.0	40	0.304197	0.375424	0.258836	0.014102	0.047442	11843	14616	10077	549	1847	38932	500	497	500	500	true	450.6
3010	13010	80.0	50	0.306159	0.37567	0.256815	0.010873	0.050483	11826	14511	9920	420	1950	38627	500	494	500	500	true	450.6
3010	13010	80.0	64	0.288872	0.384721	0.263735	0.011829	0.050843	11136	14831	10167	456	1960	38550	500	492	500	500	true	450.6
3010	13010	80.0	80	0.284428	0.382535	0.268277	0.008376	0.056383	10866	14614	10249	320	2154	38203	500	492	500	500	true	450.6
3010	13010	80.0	100	0.282185	0.390562	0.264074	0.005915	0.057264	10782	14923	10090	226	2188	38209	500	491	500	500	true	450.6
3010	13010	80.0	128	0.278693	0.394089	0.262796	0.008965	0.055457	10694	15122	10084	344	2128	38372	500	487	500	500	true	450.6
3010	13010	80.0	160	0.287283	0.386174	0.259398	0.010291	0.056853	10859	14597	9805	389	2149	37799	500	483	500	500	true	450.6
3010	13010	80.0	200	0.269113	0.405172	0.263761	0.009596	0.052357	10208	15369	10005	364	1986	37932	500	480	500	500	true	450.6
3010	13010	80.0	256	0.269204	0.406451	0.25983	0.00889	0.055624	10023	15133	9674	331	2071	37232	500	469	500	500	true	450.6
3010	13010	80.0	320	0.263246	0.413983	0.255034	0.007377	0.06036	9778	15377	9473	274	2242	37144	500	457	500	500	true	450.6
3010	13010	80.0	400	0.270351	0.415443	0.247762	0.012672	0.053773	9814	15081	8994	460	1952	36301	500	448	500	500	true	450.6
3010	13010	80.0	500	0.265997	0.424176	0.24182	0.006812	0.061195	9528	15194	8662	244	2192	35820	500	434	500	500	true	450.6
3010	13010	80.0	640	0.251864	0.445888	0.236218	0.007004	0.059026	8918	15788	8364	248	2090	35408	500	415	500	500	true	450.6
3010	13010	80.0	800	0.236295	0.466699	0.22824	0.006831	0.061934	8302	16397	8019	240	2176	35134	500	394	500	500	true	450.6
3010	13010	80.0	1000	0.231634	0.481112	0.217825	0.007803	0.061626	7867	16340	7398	265	2093	33963	500	367	500	500	true	450.6
3010	13010	80.0	1280	0.242997	0.498201	0.191587	0.008333	0.058881	7903	16203	6231	271	1915	32523	500	330	500	500	true	450.6
3010	13010	80.0	1600	0.249687	0.516465	0.165486	0.013307	0.055055	7787	16107	5161	415	1717	31187	499	297	500	500	true	450.6
3010	13010	80.0	2000	0.225128	0.554472	0.145611	0.011208	0.063581	6809	16770	4404	339	1923	30245	499	264	500	500	true	450.6
3010	13010	80.0	2560	0.201486	0.615102	0.106476	0.01318	0.063757	5641	17221	2981	369	1785	27997	499	201	500	500	true	450.6
3010	13010	80.0	3200	0.183877	0.666692	0.073905	0.017374	0.058152	4879	17690	1961	461	1543	26534	499	155	500	500	true	450.6
3010	13010	80.0	4000	0.152199	0.725359	0.047833	0.025148	0.049462	3831	18258	1204	633	1245	25171	499	112	500	500	true	450.6
3010	13010	80.0	5000	0.093943	0.794571	0.032951	0.025481	0.053054	2201	18616	772	597	1243	23429	498	73	500	500	true	450.6
3010	13010	80.0	6400	0.06229	0.85343	0.002317	0.052567	0.029396	1371	18784	51	1157	647	22010	496	32	500	500	true	450.6
3010	13010	80.0	8000	0.028571	0.891168	0.00261	0.061384	0.016267	613	19120	56	1317	349	21455	496	16	500	500	true	450.6
3010	13010	80.0	10000	0.012368	0.909108	0.0	0.075455	0.003068	258	18964	0	1574	64	20860	496	5	500	500	true	450.6
